season,matchup_id,matchup_guid,matchup_key,week,week_multi,week_start,week_end,team_id,member_id,member_name,points,points_ppr,projected_points,optimal_points,points_rank,optimal_points_rank,points_share,coach_score,coach_rank,luck,roto_points,opponent_team_id,opponent_member_id,opponent_member_name,opponent_points,opponent_projected_points,opponent_points_rank,opponent_points_share,opponent_luck,is_playoff,is_consolation,is_championship,is_game_of_week,is_rivalry,result,status,score
2013,4045144,1b8943333bf3e828fa2509569fae8b2e,,1,,2013-09-05,2013-09-09,186677,54774,Cambrias,150.52,146.52,130.87,173.92,7,3,8.95,84.25,10,-26.5,,186673,54850,LFTLR,157.68,127.94,3,9.37,15.9,0,0,0,0,0,loss,completed,1
2013,4045128,9fd95018c491f4a336cafbffb420404d,,1,,2013-09-05,2013-09-09,186676,54846,Team JoeBa,184.14,159.34,117.88,184.14,1,1,10.94,95.66,1,6.0666666666667,,186672,108592,Chris & Dom,155.68,135.38,4,9.25,-48.533333333333,0,0,0,0,0,win,completed,1
2013,4045159,349bb432e74e5da147c0f9b9734706be,,1,,2013-09-05,2013-09-09,186678,108584,Nolan & Vinny,122.66,96.26,125.86,128.16,9,10,7.29,91.81,3,-18.2,,186674,54762,Antdell & Ernie,150.62,134.18,6,8.95,36.4,0,0,0,0,0,loss,completed,0
2013,4045112,c7d9ce31281fcc48c76936c726ba1cfa,,1,,2013-09-05,2013-09-09,186675,108581,Richie,120.96,119.96,132.54,157.82,10,7,7.19,75.38,11,-9.1,,186671,54855,GaTTa,153.88,124.47,5,9.15,22.75,0,0,0,0,0,loss,completed,0
2013,4045036,fd37a3994c59ec12602717222534c3bc,,1,,2013-09-05,2013-09-09,186670,108590,Rob & GregBo,77.4,59.8,116.56,103.2,12,12,4.6,73.06,12,0,,186668,108588,Frank & Julian,123.92,129.34,8,7.36,42.4,0,0,0,0,0,loss,completed,0
2013,4045021,4287aa981f7ffc4404835e1c02ccb51e,,1,,2013-09-05,2013-09-09,186669,108587,Pung & Tralie,103.82,99.82,124.47,109.72,11,11,6.17,90.98,4,-1.5166666666667,,186667,54773,Ronnie,181.28,127.23,2,10.77,3.0333333333333,0,0,0,0,0,loss,completed,0
2013,4045006,fd37a3994c59ec12602717222534c3bc,,1,,2013-09-05,2013-09-09,186668,108588,Frank & Julian,123.92,118.92,129.34,131.42,8,9,7.36,90.49,6,42.4,,186670,108590,Rob & GregBo,77.4,116.56,12,4.6,0,0,0,0,0,0,win,completed,0
2013,4044990,4287aa981f7ffc4404835e1c02ccb51e,,1,,2013-09-05,2013-09-09,186667,54773,Ronnie,181.28,160.28,127.23,177.18,2,2,10.77,90.46,7,3.0333333333333,,186669,108587,Pung & Tralie,103.82,124.47,11,6.17,-1.5166666666667,0,0,0,0,0,win,completed,0
2013,4045081,1b8943333bf3e828fa2509569fae8b2e,,1,,2013-09-05,2013-09-09,186673,54850,LFTLR,157.68,152.68,127.94,168.28,3,4,9.37,90.73,5,15.9,,186677,54774,Cambrias,150.52,130.87,7,8.95,-26.5,0,0,0,0,0,win,completed,1
2013,4045051,c7d9ce31281fcc48c76936c726ba1cfa,,1,,2013-09-05,2013-09-09,186671,54855,GaTTa,153.88,109.78,124.47,164.38,5,5,9.15,86.31,9,22.75,,186675,108581,Richie,120.96,132.54,10,7.19,-9.1,0,0,0,0,0,win,completed,0
2013,4045097,349bb432e74e5da147c0f9b9734706be,,1,,2013-09-05,2013-09-09,186674,54762,Antdell & Ernie,150.62,139.62,134.18,161.3,6,6,8.95,86.56,8,36.4,,186678,108584,Nolan & Vinny,122.66,125.86,9,7.29,-18.2,0,0,0,0,0,win,completed,0
2013,4045066,9fd95018c491f4a336cafbffb420404d,,1,,2013-09-05,2013-09-09,186672,108592,Chris & Dom,155.68,144.68,135.38,157.38,4,8,9.25,91.93,2,-48.533333333333,,186676,54846,Team JoeBa,184.14,117.88,1,10.94,6.0666666666667,0,0,0,0,0,loss,completed,1
2013,4045082,5723df13fadeeb1978dca91422c28247,,2,,2013-09-10,2013-09-16,186673,54850,LFTLR,94.88,67.78,114.77,131.68,12,10,6.08,69.02,12,0,,186669,108587,Pung & Tralie,144.3,102.1,4,9.25,9.0666666666667,0,0,0,0,0,loss,completed,0
2013,4045052,d769864c1bbd1be3ec81aae1e1752211,,2,,2013-09-10,2013-09-16,186671,54855,GaTTa,97.08,97.08,105.62,127.24,11,11,6.22,76.3,11,-6.8166666666667,,186667,54773,Ronnie,126.18,125.3,9,8.09,61.35,0,0,0,0,0,loss,completed,0
2013,4045098,eae83bb8a3dc407399cb304aa5385df0,,2,,2013-09-10,2013-09-16,186674,54762,Antdell & Ernie,110.1,99.6,103.02,105.2,10,12,7.06,96.1,2,-12.133333333333,,186670,108590,Rob & GregBo,129.56,91.02,7,8.31,42.466666666667,0,0,0,0,0,loss,completed,0
2013,4045067,f322af0869239a5cd82d6976955cf806,,2,,2013-09-10,2013-09-16,186672,108592,Chris & Dom,154.82,142.12,121.45,179.62,1,1,9.93,79.51,9,6.8166666666667,,186668,108588,Frank & Julian,149.9,115.12,3,9.61,-61.35,0,0,0,0,0,win,completed,3
2013,4045129,978e4472f18875554341df1570817481,,2,,2013-09-10,2013-09-16,186676,54846,Team JoeBa,131.42,121.42,118.42,154.12,6,5,8.43,78.78,10,40.9,,186678,108584,Nolan & Vinny,126.36,113.47,8,8.1,-27.266666666667,0,0,0,0,0,win,completed,1
2013,4045160,978e4472f18875554341df1570817481,,2,,2013-09-10,2013-09-16,186678,108584,Nolan & Vinny,126.36,119.36,113.47,131.86,8,9,8.1,90.52,3,-27.266666666667,,186676,54846,Team JoeBa,131.42,118.42,6,8.43,40.9,0,0,0,0,0,loss,completed,1
2013,4045113,de11570eedd5ca984f31e608f7b08672,,2,,2013-09-10,2013-09-16,186675,108581,Richie,140.8,132.8,126.01,154.42,5,4,9.03,86,5,-42.466666666667,,186677,54774,Cambrias,154.14,120.38,2,9.88,12.133333333333,0,0,0,0,0,loss,completed,1
2013,4045145,de11570eedd5ca984f31e608f7b08672,,2,,2013-09-10,2013-09-16,186677,54774,Cambrias,154.14,148.14,120.38,153.94,2,6,9.88,96.23,1,12.133333333333,,186675,108581,Richie,140.8,126.01,5,9.03,-42.466666666667,0,0,0,0,0,win,completed,1
2013,4044991,d769864c1bbd1be3ec81aae1e1752211,,2,,2013-09-10,2013-09-16,186667,54773,Ronnie,126.18,122.18,125.3,150.08,9,7,8.09,81.41,6,61.35,,186671,54855,GaTTa,97.08,105.62,11,6.22,-6.8166666666667,0,0,0,0,0,win,completed,0
2013,4045037,eae83bb8a3dc407399cb304aa5385df0,,2,,2013-09-10,2013-09-16,186670,108590,Rob & GregBo,129.56,121.56,91.02,149.56,7,8,8.31,81.28,7,42.466666666667,,186674,54762,Antdell & Ernie,110.1,103.02,10,7.06,-12.133333333333,0,0,0,0,0,win,completed,0
2013,4045022,5723df13fadeeb1978dca91422c28247,,2,,2013-09-10,2013-09-16,186669,108587,Pung & Tralie,144.3,137.3,102.1,169.42,4,2,9.25,81.04,8,9.0666666666667,,186673,54850,LFTLR,94.88,114.77,12,6.08,0,0,0,0,0,0,win,completed,0
2013,4045007,f322af0869239a5cd82d6976955cf806,,2,,2013-09-10,2013-09-16,186668,108588,Frank & Julian,149.9,142.9,115.12,163.8,3,3,9.61,87.24,4,-61.35,,186672,108592,Chris & Dom,154.82,121.45,1,9.93,6.8166666666667,0,0,0,0,0,loss,completed,3
2013,4044992,3eea4f634009cc88ec503ff81fd3ff38,,3,,2013-09-17,2013-09-23,186667,54773,Ronnie,143.26,117.86,124.26,138.56,2,5,10.12,98.34,1,15.166666666667,,186673,54850,LFTLR,140.48,100.72,3,9.92,-68.25,0,0,0,0,0,win,completed,3
2013,4045038,28f03a8665edef92cb7f1e15181c4d9c,,3,,2013-09-17,2013-09-23,186670,108590,Rob & GregBo,104.92,94.92,94.95,118.92,9,10,7.41,79.82,10,61.35,,186676,54846,Team JoeBa,83.36,112.9,11,5.89,-6.8166666666667,0,0,0,0,0,win,completed,0
2013,4045023,162278bbc89f8fc77d9bc83c17a0009c,,3,,2013-09-17,2013-09-23,186669,108587,Pung & Tralie,127.72,123.72,105.4,160.82,5,2,9.02,76.93,11,30.333333333333,,186675,108581,Richie,112.84,106.94,8,7.97,-24.266666666667,0,0,0,0,0,win,completed,0
2013,4045008,1dbfcef04253bbc13a1dceea6f3cd982,,3,,2013-09-17,2013-09-23,186668,108588,Frank & Julian,102.3,92.8,125.08,114.7,10,11,7.22,84.83,4,68.166666666667,,186674,54762,Antdell & Ernie,81.76,104.03,12,5.77,0,0,0,0,0,0,win,completed,0
2013,4045053,385589a0c320d0da498ddae6ba33c2de,,3,,2013-09-17,2013-09-23,186671,54855,GaTTa,129.2,101.7,111.89,149.74,4,3,9.12,81.61,7,27.266666666667,,186677,54774,Cambrias,117.04,119.57,6,8.26,-40.9,0,0,0,0,0,win,completed,0
2013,4045099,1dbfcef04253bbc13a1dceea6f3cd982,,3,,2013-09-17,2013-09-23,186674,54762,Antdell & Ernie,81.76,78.76,104.03,98.36,12,12,5.77,80.07,8,0,,186668,108588,Frank & Julian,102.3,125.08,10,7.22,68.166666666667,0,0,0,0,0,loss,completed,0
2013,4045083,3eea4f634009cc88ec503ff81fd3ff38,,3,,2013-09-17,2013-09-23,186673,54850,LFTLR,140.48,132.48,100.72,138.58,3,4,9.92,95.6,2,-68.25,,186667,54773,Ronnie,143.26,124.26,2,10.12,15.166666666667,0,0,0,0,0,loss,completed,3
2013,4045068,09f805792c8db09cfb117ad908311ce4,,3,,2013-09-17,2013-09-23,186672,108592,Chris & Dom,160.24,143.54,107.17,163.7,1,1,11.32,94.22,3,3.7833333333333,,186678,108584,Nolan & Vinny,112.98,111.13,7,7.98,-18.916666666667,0,0,0,0,0,win,completed,0
2013,4045114,162278bbc89f8fc77d9bc83c17a0009c,,3,,2013-09-17,2013-09-23,186675,108581,Richie,112.84,104.84,106.94,131.04,8,7,7.97,80.01,9,-24.266666666667,,186669,108587,Pung & Tralie,127.72,105.4,5,9.02,30.333333333333,0,0,0,0,0,loss,completed,0
2013,4045130,28f03a8665edef92cb7f1e15181c4d9c,,3,,2013-09-17,2013-09-23,186676,54846,Team JoeBa,83.36,85.36,112.9,130.8,11,8,5.89,65.26,12,-6.8166666666667,,186670,108590,Rob & GregBo,104.92,94.95,9,7.41,61.35,0,0,0,0,0,loss,completed,0
2013,4045146,385589a0c320d0da498ddae6ba33c2de,,3,,2013-09-17,2013-09-23,186677,54774,Cambrias,117.04,107.64,119.57,134.86,6,6,8.26,83.82,6,-40.9,,186671,54855,GaTTa,129.2,111.89,4,9.12,27.266666666667,0,0,0,0,0,loss,completed,0
2013,4045161,09f805792c8db09cfb117ad908311ce4,,3,,2013-09-17,2013-09-23,186678,108584,Nolan & Vinny,112.98,104.98,111.13,124.48,7,9,7.98,84.33,5,-18.916666666667,,186672,108592,Chris & Dom,160.24,107.17,1,11.32,3.7833333333333,0,0,0,0,0,loss,completed,0
2013,4045115,5d367987a196a0d3d76fb84ec55465eb,,4,,2013-09-24,2013-09-30,186675,108581,Richie,145.52,127.62,119.68,160.98,5,3,8.87,89.78,6,-47.716666666667,,186674,54762,Antdell & Ernie,152.18,91.47,3,9.28,20.45,0,0,0,0,0,loss,completed,2
2013,4045131,08f56c06f9b2f5064b4e77f38f0c1145,,4,,2013-09-24,2013-09-30,186676,54846,Team JoeBa,125.54,67.54,118.99,132.94,10,10,7.65,86.16,9,-10.6,,186677,54774,Cambrias,140.88,125.25,6,8.59,31.8,0,0,0,0,0,loss,completed,0
2013,4045162,adb5ae44044ff4992b17155e3325823e,,4,,2013-09-24,2013-09-30,186678,108584,Nolan & Vinny,88.94,57.94,109.23,102.14,12,12,5.42,80.22,12,0,,186673,54850,LFTLR,156.92,96.18,2,9.57,1.5,0,0,0,0,0,loss,completed,0
2013,4045147,08f56c06f9b2f5064b4e77f38f0c1145,,4,,2013-09-24,2013-09-30,186677,54774,Cambrias,140.88,130.88,125.25,157.28,6,4,8.59,83.21,11,31.8,,186676,54846,Team JoeBa,125.54,118.99,10,7.65,-10.6,0,0,0,0,0,win,completed,0
2013,4045024,5d40550b880ebb6f4df245ee21e8d667,,4,,2013-09-24,2013-09-30,186669,108587,Pung & Tralie,127.64,123.64,114.56,146.22,9,6,7.78,84.56,10,-22.75,,186670,108590,Rob & GregBo,132.24,116.73,8,8.06,60.666666666667,0,0,0,0,0,loss,completed,2
2013,4044993,2fbb3210d176d9618ed1f6a6bbda4c72,,4,,2013-09-24,2013-09-30,186667,54773,Ronnie,166.38,155.38,122,161.58,1,2,10.14,96.16,4,0.75,,186668,108588,Frank & Julian,120.84,121.76,11,7.37,-0.75,0,0,0,0,0,win,completed,0
2013,4045009,2fbb3210d176d9618ed1f6a6bbda4c72,,4,,2013-09-24,2013-09-30,186668,108588,Frank & Julian,120.84,111.84,121.76,114.24,11,11,7.37,97.9,2,-0.75,,186667,54773,Ronnie,166.38,122,1,10.14,0.75,0,0,0,0,0,loss,completed,0
2013,4045039,5d40550b880ebb6f4df245ee21e8d667,,4,,2013-09-24,2013-09-30,186670,108590,Rob & GregBo,132.24,120.84,116.73,144.04,8,7,8.06,86.95,7,60.666666666667,,186669,108587,Pung & Tralie,127.64,114.56,9,7.78,-22.75,0,0,0,0,0,win,completed,2
2013,4045100,5d367987a196a0d3d76fb84ec55465eb,,4,,2013-09-24,2013-09-30,186674,54762,Antdell & Ernie,152.18,146.18,91.47,149.88,3,5,9.28,97.53,3,20.45,,186675,108581,Richie,145.52,119.68,5,8.87,-47.716666666667,0,0,0,0,0,win,completed,2
2013,4045084,adb5ae44044ff4992b17155e3325823e,,4,,2013-09-24,2013-09-30,186673,54850,LFTLR,156.92,141.92,96.18,142.02,2,8,9.57,99.93,1,1.5,,186678,108584,Nolan & Vinny,88.94,109.23,12,5.42,0,0,0,0,0,0,win,completed,0
2013,4045069,c7648a22eb17710841515b51d58246c0,,4,,2013-09-24,2013-09-30,186672,108592,Chris & Dom,148.78,141.78,110.76,164.48,4,1,9.07,86.2,8,24.266666666667,,186671,54855,GaTTa,134.18,114.67,7,8.18,-30.333333333333,0,0,0,0,0,win,completed,0
2013,4045054,c7648a22eb17710841515b51d58246c0,,4,,2013-09-24,2013-09-30,186671,54855,GaTTa,134.18,125.18,114.67,133.52,7,9,8.18,93.75,5,-30.333333333333,,186672,108592,Chris & Dom,148.78,110.76,4,9.07,24.266666666667,0,0,0,0,0,loss,completed,0
2013,4045101,4ada56b002c8b6da449b7f5f916a72d2,,5,,2013-10-01,2013-10-07,186674,54762,Antdell & Ernie,137.46,131.46,91.29,139.76,5,8,8.66,94.06,5,15.166666666667,,186671,54855,GaTTa,105.82,95.18,12,6.66,0,0,0,0,0,0,win,completed,0
2013,4045055,4ada56b002c8b6da449b7f5f916a72d2,,5,,2013-10-01,2013-10-07,186671,54855,GaTTa,105.82,72.12,95.18,101.02,12,12,6.66,98.81,4,0,,186674,54762,Antdell & Ernie,137.46,91.29,5,8.66,15.166666666667,0,0,0,0,0,loss,completed,0
2013,4045070,42fba3d3099553cf347669d78b555adf,,5,,2013-10-01,2013-10-07,186672,108592,Chris & Dom,113.58,108.58,125.44,162.68,10,1,7.15,66.74,12,-3.0333333333333,,186669,108587,Pung & Tralie,157.44,90.97,1,9.92,1.5166666666667,0,0,0,0,0,loss,completed,0
2013,4045085,8def3a9a4ffe366728cc7082e3145255,,5,,2013-10-01,2013-10-07,186673,54850,LFTLR,130.52,123.52,119.99,138.22,7,9,8.22,89.36,8,53.083333333333,,186668,108588,Frank & Julian,124.28,95.05,8,7.83,-30.333333333333,0,0,0,0,0,win,completed,1
2013,4045116,72b31dc48dd6c35153bc6dc4e4a72284,,5,,2013-10-01,2013-10-07,186675,108581,Richie,156.9,153.9,118.03,155.2,2,3,9.88,99.16,3,13.633333333333,,186676,54846,Team JoeBa,140.34,116.7,4,8.84,-54.533333333333,0,0,0,0,0,win,completed,1
2013,4045148,8fcfe53d145d7e1ff9cdae6d91250308,,5,,2013-10-01,2013-10-07,186677,54774,Cambrias,133.76,119.76,115.39,143.56,6,5,8.42,83.42,9,27.3,,186678,108584,Nolan & Vinny,110.26,89.76,11,6.9399999999999995,-4.55,0,0,0,0,0,win,completed,0
2013,4045132,72b31dc48dd6c35153bc6dc4e4a72284,,5,,2013-10-01,2013-10-07,186676,54846,Team JoeBa,140.34,96.94,116.7,139.84,4,7,8.84,89.63,7,-54.533333333333,,186675,108581,Richie,156.9,118.03,2,9.88,13.633333333333,0,0,0,0,0,loss,completed,1
2013,4045163,8fcfe53d145d7e1ff9cdae6d91250308,,5,,2013-10-01,2013-10-07,186678,108584,Nolan & Vinny,110.26,95.56,89.76,129.1,11,10,6.9399999999999995,79.98,10,-4.55,,186677,54774,Cambrias,133.76,115.39,6,8.42,27.3,0,0,0,0,0,loss,completed,0
2013,4045025,42fba3d3099553cf347669d78b555adf,,5,,2013-10-01,2013-10-07,186669,108587,Pung & Tralie,157.44,146.44,90.97,146.44,1,4,9.92,100,2,1.5166666666667,,186672,108592,Chris & Dom,113.58,125.44,10,7.15,-3.0333333333333,0,0,0,0,0,win,completed,0
2013,4044994,225b11fe7ef3d4a7ba97503fa8987a10,,5,,2013-10-01,2013-10-07,186667,54773,Ronnie,121.36,112.36,124.89,141.86,9,6,7.64,79.2,11,-11.35,,186670,108590,Rob & GregBo,156.14,108.07,3,9.83,11.35,0,0,0,0,0,loss,completed,0
2013,4045040,225b11fe7ef3d4a7ba97503fa8987a10,,5,,2013-10-01,2013-10-07,186670,108590,Rob & GregBo,156.14,148.14,108.07,161.34,3,2,9.83,91.82,6,11.35,,186667,54773,Ronnie,121.36,124.89,9,7.64,-11.35,0,0,0,0,0,win,completed,0
2013,4045010,8def3a9a4ffe366728cc7082e3145255,,5,,2013-10-01,2013-10-07,186668,108588,Frank & Julian,124.28,118.28,95.05,118.28,8,11,7.83,100,1,-30.333333333333,,186673,54850,LFTLR,130.52,119.99,7,8.22,53.083333333333,0,0,0,0,0,loss,completed,1
2013,4045026,ccdae35ba1dbcda69d8f5254802c4edb,,6,,2013-10-08,2013-10-14,186669,108587,Pung & Tralie,83.74,66.64,87.64,128.34,12,6,6.05,64.47,12,0,,186677,54774,Cambrias,127.98,128.93,4,9.24,9.0666666666667,0,0,0,0,0,loss,completed,0
2013,4045041,4dd8e5f5ebcc3f76c64276c748c29e52,,6,,2013-10-08,2013-10-14,186670,108590,Rob & GregBo,98.58,81.18,95.8,120.88,10,9,7.12,79.07,9,-9.1,,186678,108584,Nolan & Vinny,123.28,107.55,5,8.9,22.75,0,0,0,0,0,loss,completed,0
2013,4045011,57c86403df2463b2cd364c69934964f0,,6,,2013-10-08,2013-10-14,186668,108588,Frank & Julian,130.66,117.86,121.71,152.38,2,3,9.44,83.78,7,9.1,,186676,54846,Team JoeBa,116.4,127.55,7,8.41,-22.75,0,0,0,0,0,win,completed,0
2013,4044995,ded79f229845680c9a0575f55878c745,,6,,2013-10-08,2013-10-14,186667,54773,Ronnie,95.5,91.5,129.93,101.88,11,12,6.9,89.81,6,-6.8166666666667,,186675,108581,Richie,108.14,129.62,9,7.8100000000000005,61.35,0,0,0,0,0,loss,completed,0
2013,4045086,ad4f53b4a89c10462dc4950e4e2577c3,,6,,2013-10-08,2013-10-14,186673,54850,LFTLR,141.84,131.84,116.81,159.78,1,2,10.24,82.51,8,6.8166666666667,,186671,54855,GaTTa,129.18,93.54,3,9.33,-61.35,0,0,0,0,0,win,completed,1
2013,4045056,ad4f53b4a89c10462dc4950e4e2577c3,,6,,2013-10-08,2013-10-14,186671,54855,GaTTa,129.18,119.18,93.54,126.28,3,7,9.33,94.38,4,-61.35,,186673,54850,LFTLR,141.84,116.81,1,10.24,6.8166666666667,0,0,0,0,0,loss,completed,1
2013,4045071,ed1471c3da2409587f15894caa765bcb,,6,,2013-10-08,2013-10-14,186672,108592,Chris & Dom,117.62,109.62,125.25,167.22,6,1,8.5,65.55,11,40.9,,186674,54762,Antdell & Ernie,111.6,105.78,8,8.06,-27.266666666667,0,0,0,0,0,win,completed,1
2013,4045102,ed1471c3da2409587f15894caa765bcb,,6,,2013-10-08,2013-10-14,186674,54762,Antdell & Ernie,111.6,103.6,105.78,104.3,8,11,8.06,99.33,1,-27.266666666667,,186672,108592,Chris & Dom,117.62,125.25,6,8.5,40.9,0,0,0,0,0,loss,completed,1
2013,4045164,4dd8e5f5ebcc3f76c64276c748c29e52,,6,,2013-10-08,2013-10-14,186678,108584,Nolan & Vinny,123.28,116.28,107.55,121.78,5,8,8.9,95.48,2,22.75,,186670,108590,Rob & GregBo,98.58,95.8,10,7.12,-9.1,0,0,0,0,0,win,completed,0
2013,4045133,57c86403df2463b2cd364c69934964f0,,6,,2013-10-08,2013-10-14,186676,54846,Team JoeBa,116.4,111.4,127.55,117.3,7,10,8.41,94.97,3,-22.75,,186668,108588,Frank & Julian,130.66,121.71,2,9.44,9.1,0,0,0,0,0,loss,completed,0
2013,4045149,ccdae35ba1dbcda69d8f5254802c4edb,,6,,2013-10-08,2013-10-14,186677,54774,Cambrias,127.98,127.98,128.93,139.98,4,4,9.24,91.43,5,9.0666666666667,,186669,108587,Pung & Tralie,83.74,87.64,12,6.05,0,0,0,0,0,0,win,completed,0
2013,4045117,ded79f229845680c9a0575f55878c745,,6,,2013-10-08,2013-10-14,186675,108581,Richie,108.14,107.14,129.62,137.84,9,5,7.8100000000000005,77.73,10,61.35,,186667,54773,Ronnie,95.5,129.93,11,6.9,-6.8166666666667,0,0,0,0,0,win,completed,0
2013,4045134,4213afb3cab8a9005ba5fbbc142d6652,,7,,2013-10-15,2013-10-21,186676,54846,Team JoeBa,81.58,78.58,111.94,100.68,12,12,5.74,78.05,11,0,,186674,54762,Antdell & Ernie,163.6,106.32,1,11.5,0,0,0,0,0,0,loss,completed,0
2013,4045150,c811ff93a4cf35064ba941681a3a9bde,,7,,2013-10-15,2013-10-21,186677,54774,Cambrias,136.92,130.92,128.78,168.72,3,1,9.63,77.6,12,22.75,,186667,54773,Ronnie,134.24,134.07,4,9.44,-60.666666666667,0,0,0,0,0,win,completed,3
2013,4045118,60d6d895c652640aac0c8fa23b4dcdb1,,7,,2013-10-15,2013-10-21,186675,108581,Richie,105.82,97.82,132.41,112.12,8,11,7.44,87.25,6,-30.333333333333,,186673,54850,LFTLR,115.32,107.04,7,8.11,53.083333333333,0,0,0,0,0,loss,completed,1
2013,4045072,af42ab857c2ce6fc1f824c484d933992,,7,,2013-10-15,2013-10-21,186672,108592,Chris & Dom,146.88,133.88,115.8,154.98,2,3,10.33,86.39,7,10.6,,186670,108590,Rob & GregBo,116.26,103.56,6,8.17,-31.8,0,0,0,0,0,win,completed,0
2013,4045057,ecc7ab2a3be12af503ff640779ba115c,,7,,2013-10-15,2013-10-21,186671,54855,GaTTa,102.36,101.36,103.41,114.26,9,10,7.2,88.71,5,68.25,,186669,108587,Pung & Tralie,98.7,107.86,10,6.9399999999999995,-15.166666666667,0,0,0,0,0,win,completed,2
2013,4045087,60d6d895c652640aac0c8fa23b4dcdb1,,7,,2013-10-15,2013-10-21,186673,54850,LFTLR,115.32,114.32,107.04,115.2,7,8,8.11,99.24,1,53.083333333333,,186675,108581,Richie,105.82,132.41,8,7.44,-30.333333333333,0,0,0,0,0,win,completed,1
2013,4045103,4213afb3cab8a9005ba5fbbc142d6652,,7,,2013-10-15,2013-10-21,186674,54762,Antdell & Ernie,163.6,153.6,106.32,163.6,1,2,11.5,93.89,3,0,,186676,54846,Team JoeBa,81.58,111.94,12,5.74,0,0,0,0,0,0,win,completed,0
2013,4045012,d956a61e29e49173a3a9fbc6baa2c581,,7,,2013-10-15,2013-10-21,186668,108588,Frank & Julian,126.2,117.2,112.46,141.1,5,4,8.87,83.06,8,18.916666666667,,186678,108584,Nolan & Vinny,94.6,109.2,11,6.65,-3.7833333333333,0,0,0,0,0,win,completed,0
2013,4045042,af42ab857c2ce6fc1f824c484d933992,,7,,2013-10-15,2013-10-21,186670,108590,Rob & GregBo,116.26,110.26,103.56,118.9,6,6,8.17,92.73,4,-31.8,,186672,108592,Chris & Dom,146.88,115.8,2,10.33,10.6,0,0,0,0,0,loss,completed,0
2013,4045027,ecc7ab2a3be12af503ff640779ba115c,,7,,2013-10-15,2013-10-21,186669,108587,Pung & Tralie,98.7,94.7,107.86,114.3,10,9,6.9399999999999995,82.85,9,-15.166666666667,,186671,54855,GaTTa,102.36,103.41,9,7.2,68.25,0,0,0,0,0,loss,completed,2
2013,4044996,c811ff93a4cf35064ba941681a3a9bde,,7,,2013-10-15,2013-10-21,186667,54773,Ronnie,134.24,121.24,134.07,127.54,4,5,9.44,95.06,2,-60.666666666667,,186677,54774,Cambrias,136.92,128.78,3,9.63,22.75,0,0,0,0,0,loss,completed,3
2013,4045165,d956a61e29e49173a3a9fbc6baa2c581,,7,,2013-10-15,2013-10-21,186678,108584,Nolan & Vinny,94.6,94.6,109.2,117.22,11,7,6.65,80.7,10,-3.7833333333333,,186668,108588,Frank & Julian,126.2,112.46,5,8.87,18.916666666667,0,0,0,0,0,loss,completed,0
2013,4045166,4f410ba1db7e36f8ca20f2114a302ff9,,8,,2013-10-22,2013-10-28,186678,108584,Nolan & Vinny,119.6,111.6,92.61,120.5,6,9,7.96,92.61,7,22.7,,186674,54762,Antdell & Ernie,97.7,103.23,12,6.5,0,0,0,0,0,0,win,completed,0
2013,4045073,77875286fe56c7950b1b8c8b4ab31132,,8,,2013-10-22,2013-10-28,186672,108592,Chris & Dom,176.12,169.12,114.2,180.82,1,1,11.72,93.53,5,6.8166666666667,,186676,54846,Team JoeBa,148.94,108.82,3,9.91,-61.35,0,0,0,0,0,win,completed,1
2013,4045058,d42b43cb5019093a067fdef4d65d234c,,8,,2013-10-22,2013-10-28,186671,54855,GaTTa,136.96,103.66,102.98,139.66,4,4,9.11,95.92,4,24.266666666667,,186675,108581,Richie,114.58,126.11,7,7.63,-30.333333333333,0,0,0,0,0,win,completed,0
2013,4045088,8fce097586a43915f23a68eff351982b,,8,,2013-10-22,2013-10-28,186673,54850,LFTLR,151.78,132.78,83.94,132.78,2,5,10.1,100,2,12.133333333333,,186677,54774,Cambrias,131,104.97,5,8.72,-42.466666666667,0,0,0,0,0,win,completed,1
2013,4045104,4f410ba1db7e36f8ca20f2114a302ff9,,8,,2013-10-22,2013-10-28,186674,54762,Antdell & Ernie,97.7,81.2,103.23,102.5,12,11,6.5,86.54,9,0,,186678,108584,Nolan & Vinny,119.6,92.61,6,7.96,22.7,0,0,0,0,0,loss,completed,0
2013,4045151,8fce097586a43915f23a68eff351982b,,8,,2013-10-22,2013-10-28,186677,54774,Cambrias,131,114,104.97,130.1,5,7,8.72,87.62,8,-42.466666666667,,186673,54850,LFTLR,151.78,83.94,2,10.1,12.133333333333,0,0,0,0,0,loss,completed,1
2013,4045135,77875286fe56c7950b1b8c8b4ab31132,,8,,2013-10-22,2013-10-28,186676,54846,Team JoeBa,148.94,136.94,108.82,140.04,3,3,9.91,97.79,3,-61.35,,186672,108592,Chris & Dom,176.12,114.2,1,11.72,6.8166666666667,0,0,0,0,0,loss,completed,1
2013,4045119,d42b43cb5019093a067fdef4d65d234c,,8,,2013-10-22,2013-10-28,186675,108581,Richie,114.58,99.98,126.11,117.28,7,10,7.63,93.43,6,-30.333333333333,,186671,54855,GaTTa,136.96,102.98,4,9.11,24.266666666667,0,0,0,0,0,loss,completed,0
2013,4045013,a0b9d2bbb51cf22d4f4004501c0ffad9,,8,,2013-10-22,2013-10-28,186668,108588,Frank & Julian,103.26,96.26,114.35,96.26,10,12,6.87,100,1,-15.166666666667,,186670,108590,Rob & GregBo,107.24,100.67,9,7.14,68.25,0,0,0,0,0,loss,completed,2
2013,4045043,a0b9d2bbb51cf22d4f4004501c0ffad9,,8,,2013-10-22,2013-10-28,186670,108590,Rob & GregBo,107.24,100.24,100.67,140.54,9,2,7.14,71.32,12,68.25,,186668,108588,Frank & Julian,103.26,114.35,10,6.87,-15.166666666667,0,0,0,0,0,win,completed,2
2013,4045028,1047a366e20c548c70cd6654078e68a1,,8,,2013-10-22,2013-10-28,186669,108587,Pung & Tralie,102.84,99.84,114.03,130.12,11,6,6.84,76.73,11,-6.0666666666667,,186667,54773,Ronnie,112.56,116.35,8,7.49,48.533333333333,0,0,0,0,0,loss,completed,1
2013,4044997,1047a366e20c548c70cd6654078e68a1,,8,,2013-10-22,2013-10-28,186667,54773,Ronnie,112.56,60.2,116.35,124.76,8,8,7.49,80.6,10,48.533333333333,,186669,108587,Pung & Tralie,102.84,114.03,11,6.84,-6.0666666666667,0,0,0,0,0,win,completed,1
2013,4044998,d72fc6a77ee7be14468f78bcb86ba753,,9,,2013-10-29,2013-11-04,186667,54773,Ronnie,125.4,106.7,81.33,118.4,6,11,8.02,94.93,2,27.3,,186672,108592,Chris & Dom,101.7,69.11,11,6.5,-4.55,0,0,0,0,0,win,completed,0
2013,4045014,c6bbfb16321760360dfaf01522c5d27f,,9,,2013-10-29,2013-11-04,186668,108588,Frank & Julian,132.18,125.18,114.57,136.08,5,5,8.45,91.99,5,-42.466666666667,,186677,54774,Cambrias,166.24,131.7,2,10.63,12.133333333333,0,0,0,0,0,loss,completed,1
2013,4045044,c8985b09b3aeb89167a6a8225406a421,,9,,2013-10-29,2013-11-04,186670,108590,Rob & GregBo,89.16,87.16,115.46,124.24,12,9,5.7,70.15,12,0,,186673,54850,LFTLR,122.28,104.97,8,7.82,42.4,0,0,0,0,0,loss,completed,0
2013,4045029,dc2d338f092612eaa3b7c63d33162ba8,,9,,2013-10-29,2013-11-04,186669,108587,Pung & Tralie,121.16,94.36,112.89,134.72,9,6,7.75,89.19,7,-20.45,,186674,54762,Antdell & Ernie,124.38,112.54,7,7.96,47.716666666667,0,0,0,0,0,loss,completed,2
2013,4045105,dc2d338f092612eaa3b7c63d33162ba8,,9,,2013-10-29,2013-11-04,186674,54762,Antdell & Ernie,124.38,117.58,112.54,122.98,7,10,7.96,95.61,1,47.716666666667,,186669,108587,Pung & Tralie,121.16,112.89,9,7.75,-20.45,0,0,0,0,0,win,completed,2
2013,4045089,c8985b09b3aeb89167a6a8225406a421,,9,,2013-10-29,2013-11-04,186673,54850,LFTLR,122.28,112.28,104.97,132.48,8,7,7.82,84.75,10,42.4,,186670,108590,Rob & GregBo,89.16,115.46,12,5.7,0,0,0,0,0,0,win,completed,0
2013,4045074,d72fc6a77ee7be14468f78bcb86ba753,,9,,2013-10-29,2013-11-04,186672,108592,Chris & Dom,101.7,92.7,69.11,102.7,11,12,6.5,90.26,6,-4.55,,186667,54773,Ronnie,125.4,81.33,6,8.02,27.3,0,0,0,0,0,loss,completed,0
2013,4045059,04da7be84883d0cae588bbb618edf652,,9,,2013-10-29,2013-11-04,186671,54855,GaTTa,170.64,122.04,119.41,158.14,1,3,10.91,93.11,4,6.8166666666667,,186676,54846,Team JoeBa,155.28,112.08,3,9.93,-61.35,0,0,0,0,0,win,completed,1
2013,4045167,1a8611eab7891676d02fad77a08eb570,,9,,2013-10-29,2013-11-04,186678,108584,Nolan & Vinny,150.26,119.26,83.32,153.06,4,4,9.61,94.9,3,15.133333333333,,186675,108581,Richie,104.84,127.08,10,6.71,-7.5666666666667,0,0,0,0,0,win,completed,0
2013,4045136,04da7be84883d0cae588bbb618edf652,,9,,2013-10-29,2013-11-04,186676,54846,Team JoeBa,155.28,145.28,112.08,162.68,3,2,9.93,88.69,9,-61.35,,186671,54855,GaTTa,170.64,119.41,1,10.91,6.8166666666667,0,0,0,0,0,loss,completed,1
2013,4045152,c6bbfb16321760360dfaf01522c5d27f,,9,,2013-10-29,2013-11-04,186677,54774,Cambrias,166.24,155.24,131.7,175.02,2,1,10.63,88.7,8,12.133333333333,,186668,108588,Frank & Julian,132.18,114.57,5,8.45,-42.466666666667,0,0,0,0,0,win,completed,1
2013,4045120,1a8611eab7891676d02fad77a08eb570,,9,,2013-10-29,2013-11-04,186675,108581,Richie,104.84,106.84,127.08,126.74,10,8,6.71,84.3,11,-7.5666666666667,,186678,108584,Nolan & Vinny,150.26,83.32,4,9.61,15.133333333333,0,0,0,0,0,loss,completed,0
2013,4045106,86a8f52224a09954532ab9cd997038ab,,10,,2013-11-05,2013-11-11,186674,54762,Antdell & Ernie,127.26,117.26,103.95,125.36,4,6,8.9,93.54,6,-54.533333333333,,186667,54773,Ronnie,138.4,129.13,2,9.68,13.633333333333,0,0,0,0,0,loss,completed,1
2013,4045153,71948769b751dc9216d9d17142b67959,,10,,2013-11-05,2013-11-11,186677,54774,Cambrias,126.02,108.2,113.8,126.66,5,4,8.81,95.55,5,15.166666666667,,186670,108590,Rob & GregBo,78.36,108.47,12,5.48,0,0,0,0,0,0,win,completed,0
2013,4045121,6b20a3a7c4e4de50dd4a54d0445d9676,,10,,2013-11-05,2013-11-11,186675,108581,Richie,157.94,148.94,136.52,150.34,1,2,11.05,99.07,3,3.7833333333333,,186668,108588,Frank & Julian,123.38,124.7,7,8.63,-18.916666666667,0,0,0,0,0,win,completed,0
2013,4045137,8959a7018309df9d02e5227ec10ec341,,10,,2013-11-05,2013-11-11,186676,54846,Team JoeBa,102.32,99.32,105.1,99.32,10,12,7.16,100,1,75.833333333333,,186669,108587,Pung & Tralie,85.18,80.99,11,5.96,-7.5833333333333,0,0,0,0,0,win,completed,0
2013,4045075,c01fc966969c5e6be5e558d97cd41c40,,10,,2013-11-05,2013-11-11,186672,108592,Chris & Dom,125.26,119.26,119.17,138.26,6,3,8.76,86.26,8,36.4,,186673,54850,LFTLR,106.48,113.46,9,7.45,-18.2,0,0,0,0,0,win,completed,0
2013,4045060,6eece4739c1e41a88106309a974612d2,,10,,2013-11-05,2013-11-11,186671,54855,GaTTa,136.32,123.32,105.93,125.82,3,5,9.53,98.01,4,13.65,,186678,108584,Nolan & Vinny,123,98.53,8,8.6,-18.2,0,0,0,0,0,win,completed,0
2013,4045090,c01fc966969c5e6be5e558d97cd41c40,,10,,2013-11-05,2013-11-11,186673,54850,LFTLR,106.48,95.48,113.46,115.28,9,10,7.45,82.82,9,-18.2,,186672,108592,Chris & Dom,125.26,119.17,6,8.76,36.4,0,0,0,0,0,loss,completed,0
2013,4045030,8959a7018309df9d02e5227ec10ec341,,10,,2013-11-05,2013-11-11,186669,108587,Pung & Tralie,85.18,85.18,80.99,115.58,11,9,5.96,73.7,10,-7.5833333333333,,186676,54846,Team JoeBa,102.32,105.1,10,7.16,75.833333333333,0,0,0,0,0,loss,completed,0
2013,4045015,6b20a3a7c4e4de50dd4a54d0445d9676,,10,,2013-11-05,2013-11-11,186668,108588,Frank & Julian,123.38,114.38,124.7,122.58,7,7,8.63,93.31,7,-18.916666666667,,186675,108581,Richie,157.94,136.52,1,11.05,3.7833333333333,0,0,0,0,0,loss,completed,0
2013,4045045,71948769b751dc9216d9d17142b67959,,10,,2013-11-05,2013-11-11,186670,108590,Rob & GregBo,78.36,77.36,108.47,107.02,12,11,5.48,72.29,12,0,,186677,54774,Cambrias,126.02,113.8,5,8.81,15.166666666667,0,0,0,0,0,loss,completed,0
2013,4044999,86a8f52224a09954532ab9cd997038ab,,10,,2013-11-05,2013-11-11,186667,54773,Ronnie,138.4,115.7,129.13,176.1,2,1,9.68,73.48,11,13.633333333333,,186674,54762,Antdell & Ernie,127.26,103.95,4,8.9,-54.533333333333,0,0,0,0,0,win,completed,1
2013,4045168,6eece4739c1e41a88106309a974612d2,,10,,2013-11-05,2013-11-11,186678,108584,Nolan & Vinny,123,116,98.53,116,8,8,8.6,100,2,-18.2,,186671,54855,GaTTa,136.32,105.93,3,9.53,13.65,0,0,0,0,0,loss,completed,0
2013,4045169,f9cdc8df196763a98581db8836682673,,11,,2013-11-12,2013-11-18,186678,108584,Nolan & Vinny,121.84,116.84,95.2,141.46,8,6,8.03,82.6,11,48.533333333333,,186676,54846,Team JoeBa,95.72,115.72,11,6.31,-6.0666666666667,0,0,0,0,0,win,completed,0
2013,4045076,8fcf9a1dc0964401173f7d2cee4821a5,,11,,2013-11-12,2013-11-18,186672,108592,Chris & Dom,131.48,85.8,117.64,139.28,5,7,8.66,87.22,5,-37.1,,186668,108588,Frank & Julian,152.4,122.08,1,10.04,5.3,0,0,0,0,0,loss,completed,1
2013,4045061,8b1c1d562836855ca4d4aadb47068988,,11,,2013-11-12,2013-11-18,186671,54855,GaTTa,151.02,104.92,113.07,146.02,2,4,9.95,97.95,2,9.1,,186667,54773,Ronnie,123.62,120.78,7,8.15,-22.75,0,0,0,0,0,win,completed,0
2013,4045091,240a41f595fa433f06d6d09dc9098efa,,11,,2013-11-12,2013-11-18,186673,54850,LFTLR,121.1,118.1,124.97,138.2,9,8,7.98,85.46,7,-11.35,,186669,108587,Pung & Tralie,145.86,115.77,3,9.61,11.35,0,0,0,0,0,loss,completed,0
2013,4045107,b0f5fc3c34695c0eee8fce8e512be0ba,,11,,2013-11-12,2013-11-18,186674,54762,Antdell & Ernie,112.88,100.88,106.75,119.88,10,9,7.44,84.15,8,-10.6,,186670,108590,Rob & GregBo,130.16,102.84,6,8.58,31.8,0,0,0,0,0,loss,completed,0
2013,4045154,6082b76d599c086cf94da085e0fa00ec,,11,,2013-11-12,2013-11-18,186677,54774,Cambrias,87.58,86.58,123.88,90.08,12,12,5.77,96.11,3,0,,186675,108581,Richie,144.06,134.02,4,9.49,9.0666666666667,0,0,0,0,0,loss,completed,0
2013,4045138,f9cdc8df196763a98581db8836682673,,11,,2013-11-12,2013-11-18,186676,54846,Team JoeBa,95.72,92.72,115.72,111.12,11,11,6.31,83.44,9,-6.0666666666667,,186678,108584,Nolan & Vinny,121.84,95.2,8,8.03,48.533333333333,0,0,0,0,0,loss,completed,0
2013,4045122,6082b76d599c086cf94da085e0fa00ec,,11,,2013-11-12,2013-11-18,186675,108581,Richie,144.06,133.06,134.02,177.36,4,1,9.49,75.02,12,9.0666666666667,,186677,54774,Cambrias,87.58,123.88,12,5.77,0,0,0,0,0,0,win,completed,0
2013,4045016,8fcf9a1dc0964401173f7d2cee4821a5,,11,,2013-11-12,2013-11-18,186668,108588,Frank & Julian,152.4,143.4,122.08,162.1,1,2,10.04,88.46,4,5.3,,186672,108592,Chris & Dom,131.48,117.64,5,8.66,-37.1,0,0,0,0,0,win,completed,1
2013,4045031,240a41f595fa433f06d6d09dc9098efa,,11,,2013-11-12,2013-11-18,186669,108587,Pung & Tralie,145.86,134.86,115.77,156.76,3,3,9.61,86.03,6,11.35,,186673,54850,LFTLR,121.1,124.97,9,7.98,-11.35,0,0,0,0,0,win,completed,0
2013,4045046,b0f5fc3c34695c0eee8fce8e512be0ba,,11,,2013-11-12,2013-11-18,186670,108590,Rob & GregBo,130.16,121.16,102.84,145.96,6,5,8.58,83.01,10,31.8,,186674,54762,Antdell & Ernie,112.88,106.75,10,7.44,-10.6,0,0,0,0,0,win,completed,0
2013,4045000,8b1c1d562836855ca4d4aadb47068988,,11,,2013-11-12,2013-11-18,186667,54773,Ronnie,123.62,118.62,120.78,118.62,7,10,8.15,100,1,-22.75,,186671,54855,GaTTa,151.02,113.07,2,9.95,9.1,0,0,0,0,0,loss,completed,0
2013,4045047,036a75d450808cb8374af5bc1ad80d61,,12,,2013-11-19,2013-11-25,186670,108590,Rob & GregBo,130.96,92.66,106.32,146.38,4,4,9.35,88.1,6,21.2,,186676,54846,Team JoeBa,107.16,126.11,8,7.65,-21.2,0,0,0,0,0,win,completed,0
2013,4045032,a82416768a77d51f758e97c8e367a067,,12,,2013-11-19,2013-11-25,186669,108587,Pung & Tralie,148.48,145.48,118.77,164.38,2,2,10.6,88.5,5,1.5,,186675,108581,Richie,64.52,120.9,12,4.61,0,0,0,0,0,0,win,completed,0
2013,4045017,2b8f8993819d5d154382ab3d457c4dce,,12,,2013-11-19,2013-11-25,186668,108588,Frank & Julian,81.28,76.28,114.85,77.88,11,11,5.8,97.95,3,-7.5833333333333,,186674,54762,Antdell & Ernie,84.28,92.6,10,6.02,75.833333333333,0,0,0,0,0,loss,completed,2
2013,4045001,a51bbc7d1512a11e4b66fdf3285ed26f,,12,,2013-11-19,2013-11-25,186667,54773,Ronnie,117.1,113.1,117.29,142.6,7,5,8.36,79.31,11,-37.916666666667,,186673,54850,LFTLR,124.32,122.79,6,8.88,45.5,0,0,0,0,0,loss,completed,1
2013,4045092,a51bbc7d1512a11e4b66fdf3285ed26f,,12,,2013-11-19,2013-11-25,186673,54850,LFTLR,124.32,116.32,122.79,132.42,6,7,8.88,87.84,7,45.5,,186667,54773,Ronnie,117.1,117.29,7,8.36,-37.916666666667,0,0,0,0,0,win,completed,1
2013,4045077,bbbc121b116678722b10c21a8bb601a1,,12,,2013-11-19,2013-11-25,186672,108592,Chris & Dom,174.38,167.38,121.12,169.38,1,1,12.45,98.82,2,6.8166666666667,,186678,108584,Nolan & Vinny,133.66,99.4,3,9.55,-61.35,0,0,0,0,0,win,completed,1
2013,4045062,154b587d3640576d55c01c61c6ac93ee,,12,,2013-11-19,2013-11-25,186671,54855,GaTTa,129.9,119.4,122.96,141.4,5,6,9.28,84.79,10,26.5,,186677,54774,Cambrias,104.22,118.86,9,7.44,-15.9,0,0,0,0,0,win,completed,0
2013,4045170,bbbc121b116678722b10c21a8bb601a1,,12,,2013-11-19,2013-11-25,186678,108584,Nolan & Vinny,133.66,126.66,99.4,126.66,3,8,9.55,100,1,-61.35,,186672,108592,Chris & Dom,174.38,121.12,1,12.45,6.8166666666667,0,0,0,0,0,loss,completed,1
2013,4045123,a82416768a77d51f758e97c8e367a067,,12,,2013-11-19,2013-11-25,186675,108581,Richie,64.52,63.52,120.9,71.42,12,12,4.61,88.94,4,0,,186669,108587,Pung & Tralie,148.48,118.77,2,10.6,1.5,0,0,0,0,0,loss,completed,0
2013,4045108,2b8f8993819d5d154382ab3d457c4dce,,12,,2013-11-19,2013-11-25,186674,54762,Antdell & Ernie,84.28,75.28,92.6,88.38,10,10,6.02,85.18,9,75.833333333333,,186668,108588,Frank & Julian,81.28,114.85,11,5.8,-7.5833333333333,0,0,0,0,0,win,completed,2
2013,4045155,154b587d3640576d55c01c61c6ac93ee,,12,,2013-11-19,2013-11-25,186677,54774,Cambrias,104.22,104.22,118.86,120.52,9,9,7.44,86.48,8,-15.9,,186671,54855,GaTTa,129.9,122.96,5,9.28,26.5,0,0,0,0,0,loss,completed,0
2013,4045139,036a75d450808cb8374af5bc1ad80d61,,12,,2013-11-19,2013-11-25,186676,54846,Team JoeBa,107.16,102.16,126.11,152.9,8,3,7.65,66.81,12,-21.2,,186670,108590,Rob & GregBo,130.96,106.32,4,9.35,21.2,0,0,0,0,0,loss,completed,0
2013,4045140,303dd651f5b7ad63a29312eed99c6b6b,,13,,2013-11-26,2013-12-02,186676,54846,Team JoeBa,102.8,100.8,121.09,130.64,11,9,6.59,77.16,10,-6.0666666666667,,186668,108588,Frank & Julian,124,125.17,8,7.95,48.533333333333,0,0,0,0,0,loss,completed,0
2013,4045156,e025207f8bb7a14c938a081d1f1d8eed,,13,,2013-11-26,2013-12-02,186677,54774,Cambrias,151.2,135.7,129.57,145.2,2,5,9.69,100,1,-75.833333333333,,186669,108587,Pung & Tralie,161.36,121.56,1,10.34,7.5833333333333,0,0,0,0,0,loss,completed,2
2013,4045109,14417774ad5fbe310ff451324d5f49ba,,13,,2013-11-26,2013-12-02,186674,54762,Antdell & Ernie,135.28,130.28,104.97,138.48,6,7,8.67,94.08,2,-40.9,,186672,108592,Chris & Dom,142.8,118.8,4,9.15,27.266666666667,0,0,0,0,0,loss,completed,1
2013,4045124,dc29990e0134549af36e7e6c2939ef89,,13,,2013-11-26,2013-12-02,186675,108581,Richie,123.48,96.78,132.63,141.08,9,6,7.92,81.85,9,-20.45,,186667,54773,Ronnie,128.22,127.36,7,8.22,47.716666666667,0,0,0,0,0,loss,completed,2
2013,4045093,1201d45b04d9ce1c7b7de6b626ff12af,,13,,2013-11-26,2013-12-02,186673,54850,LFTLR,102.38,70.58,122.15,116.38,12,11,6.5600000000000005,85.39,7,0,,186671,54855,GaTTa,144.78,119.46,3,9.28,4.55,0,0,0,0,0,loss,completed,0
2013,4045078,14417774ad5fbe310ff451324d5f49ba,,13,,2013-11-26,2013-12-02,186672,108592,Chris & Dom,142.8,117.8,118.8,150.4,4,4,9.15,90.96,4,27.266666666667,,186674,54762,Antdell & Ernie,135.28,104.97,6,8.67,-40.9,0,0,0,0,0,win,completed,1
2013,4045048,fea262c03c3e41ee6f72030f7565e88c,,13,,2013-11-26,2013-12-02,186670,108590,Rob & GregBo,136.82,131.82,105.62,173.92,5,2,8.77,75.79,11,22.75,,186678,108584,Nolan & Vinny,106.74,97.91,10,6.84,-9.1,0,0,0,0,0,win,completed,0
2013,4045063,1201d45b04d9ce1c7b7de6b626ff12af,,13,,2013-11-26,2013-12-02,186671,54855,GaTTa,144.78,134.78,119.46,192.18,3,1,9.28,70.13,12,4.55,,186673,54850,LFTLR,102.38,122.15,12,6.5600000000000005,0,0,0,0,0,0,win,completed,0
2013,4045033,e025207f8bb7a14c938a081d1f1d8eed,,13,,2013-11-26,2013-12-02,186669,108587,Pung & Tralie,161.36,153.36,121.56,168.04,1,3,10.34,91.26,3,7.5833333333333,,186677,54774,Cambrias,151.2,129.57,2,9.69,-75.833333333333,0,0,0,0,0,win,completed,2
2013,4045018,303dd651f5b7ad63a29312eed99c6b6b,,13,,2013-11-26,2013-12-02,186668,108588,Frank & Julian,124,114,125.17,137.4,8,8,7.95,82.97,8,48.533333333333,,186676,54846,Team JoeBa,102.8,121.09,11,6.59,-6.0666666666667,0,0,0,0,0,win,completed,0
2013,4045002,dc29990e0134549af36e7e6c2939ef89,,13,,2013-11-26,2013-12-02,186667,54773,Ronnie,128.22,109.22,127.36,120.22,7,10,8.22,90.85,5,47.716666666667,,186675,108581,Richie,123.48,132.63,9,7.92,-20.45,0,0,0,0,0,win,completed,2
2013,4045171,fea262c03c3e41ee6f72030f7565e88c,,13,,2013-11-26,2013-12-02,186678,108584,Nolan & Vinny,106.74,64.34,97.91,114.72,10,12,6.84,88.69,6,-9.1,,186670,108590,Rob & GregBo,136.82,105.62,5,8.77,22.75,0,0,0,0,0,loss,completed,0
2013,4045172,e70c206e46237e6447093511e22a0524,,14,,2013-12-03,2013-12-09,186678,108584,Nolan & Vinny,90.52,85.52,98.03,109.82,7,6,9.48,77.87,7,-30.333333333333,,186675,108581,Richie,115.56,131.73,4,12.1,24.266666666667,0,1,0,0,0,loss,completed,0
2013,4045094,c774fc0a4d8a4ff3f89b333c5fd39efd,,14,,2013-12-03,2013-12-09,186673,54850,LFTLR,147.22,138.22,122.88,148.02,3,3,15.41,93.38,2,13.65,,186670,108590,Rob & GregBo,73.6,102.02,8,7.71,-18.2,1,0,0,0,0,win,completed,1
2013,4045049,c774fc0a4d8a4ff3f89b333c5fd39efd,,14,,2013-12-03,2013-12-09,186670,108590,Rob & GregBo,73.6,71.6,102.02,90.26,8,8,7.71,79.33,6,-18.2,,186673,54850,LFTLR,147.22,122.88,3,15.41,13.65,1,0,0,0,0,loss,completed,1
2013,4045125,e70c206e46237e6447093511e22a0524,,14,,2013-12-03,2013-12-09,186675,108581,Richie,115.56,102.1,131.73,142.56,4,4,12.1,79.66,5,24.266666666667,,186678,108584,Nolan & Vinny,90.52,98.03,7,9.48,-30.333333333333,0,1,0,0,0,win,completed,0
2013,4045157,4e13bc076c78f81fe1cfc73ed354c1c4,,14,,2013-12-03,2013-12-09,186677,54774,Cambrias,111.5,86.7,128.83,105.84,5,7,11.67,88.34,3,-37.1,,186667,54773,Ronnie,162.68,131.8,1,17.03,5.3,1,0,0,0,0,loss,completed,2
2013,4045110,67fe06ad17e9058be3df4b68c611ec11,,14,,2013-12-03,2013-12-09,186674,54762,Antdell & Ernie,102.46,90.06,104.7,115.76,6,5,10.73,77.8,8,-31.8,,186676,54846,Team JoeBa,151.66,118.48,2,15.88,10.6,0,1,0,0,0,loss,completed,0
2013,4045141,67fe06ad17e9058be3df4b68c611ec11,,14,,2013-12-03,2013-12-09,186676,54846,Team JoeBa,151.66,143.66,118.48,167.2,2,1,15.88,85.92,4,10.6,,186674,54762,Antdell & Ernie,102.46,104.7,6,10.73,-31.8,0,1,0,0,0,win,completed,0
2013,4045003,4e13bc076c78f81fe1cfc73ed354c1c4,,14,,2013-12-03,2013-12-09,186667,54773,Ronnie,162.68,154.68,131.8,154.68,1,2,17.03,100,1,5.3,,186677,54774,Cambrias,111.5,128.83,5,11.67,-37.1,1,0,0,0,0,win,completed,2
2013,4045034,649095244ffe3a6a149adf052bc07f1f,,15,,2013-12-10,2013-12-16,186669,108587,Pung & Tralie,103.3,98.3,126.21,129.8,11,9,6.75,75.73,12,-7.5833333333333,,186675,108581,Richie,106.1,123.38,10,6.93,75.833333333333,0,1,0,0,0,loss,completed,2
2013,4045019,10c9782fbd0e58c1d7686ae19b262623,,15,,2013-12-10,2013-12-16,186668,108588,Frank & Julian,128.34,103.54,120.16,154.34,7,5,8.39,81.21,9,-26.5,,186676,54846,Team JoeBa,150.02,125.18,3,9.8,15.9,0,1,0,0,0,loss,completed,0
2013,4045004,e09785cd3a3dfa8b31554f2146250300,,15,,2013-12-10,2013-12-16,186667,54773,Ronnie,153.26,148.26,138.14,166.76,2,3,10.01,88.91,4,10.6,,186671,54855,GaTTa,133.72,121.99,6,8.74,-31.8,1,0,0,0,0,win,completed,1
2013,4045095,2176b376f2998dcc31c652501936536b,,15,,2013-12-10,2013-12-16,186673,54850,LFTLR,147.92,141.92,122.51,150.72,4,7,9.66,94.16,1,9.0666666666667,,186672,108592,Chris & Dom,82.7,118.67,12,5.4,0,1,0,0,0,0,win,completed,1
2013,4045079,2176b376f2998dcc31c652501936536b,,15,,2013-12-10,2013-12-16,186672,108592,Chris & Dom,82.7,45.3,118.67,105.6,12,12,5.4,76.42,11,0,,186673,54850,LFTLR,147.92,122.51,4,9.66,9.0666666666667,1,0,0,0,0,loss,completed,1
2013,4045064,e09785cd3a3dfa8b31554f2146250300,,15,,2013-12-10,2013-12-16,186671,54855,GaTTa,133.72,123.72,121.99,151.42,6,6,8.74,81.71,7,-31.8,,186667,54773,Ronnie,153.26,138.14,2,10.01,10.6,1,0,0,0,0,loss,completed,1
2013,4045050,568d7c3520646621359102c719f37241,,15,,2013-12-10,2013-12-16,186670,108590,Rob & GregBo,136.32,117.02,106.67,165.72,5,4,8.91,78.64,10,26.5,,186677,54774,Cambrias,109.2,128.54,9,7.14,-15.9,1,0,0,0,0,win,completed,1
2013,4045173,fe3b31421b36e5ef0c160cfc7febe13f,,15,,2013-12-10,2013-12-16,186678,108584,Nolan & Vinny,165.76,160.76,99.68,171.38,1,2,10.83,93.8,2,3.0333333333333,,186674,54762,Antdell & Ernie,113.84,105.4,8,7.44,-12.133333333333,0,1,0,0,0,win,completed,0
2013,4045126,649095244ffe3a6a149adf052bc07f1f,,15,,2013-12-10,2013-12-16,186675,108581,Richie,106.1,100.1,123.38,117.3,10,10,6.93,85.34,5,75.833333333333,,186669,108587,Pung & Tralie,103.3,126.21,11,6.75,-7.5833333333333,0,1,0,0,0,win,completed,2
2013,4045142,10c9782fbd0e58c1d7686ae19b262623,,15,,2013-12-10,2013-12-16,186676,54846,Team JoeBa,150.02,140.02,125.18,172.28,3,1,9.8,81.27,8,15.9,,186668,108588,Frank & Julian,128.34,120.16,7,8.39,-26.5,0,1,0,0,0,win,completed,0
2013,4045158,568d7c3520646621359102c719f37241,,15,,2013-12-10,2013-12-16,186677,54774,Cambrias,109.2,104.2,128.54,112.8,9,11,7.14,92.38,3,-15.9,,186670,108590,Rob & GregBo,136.32,106.67,5,8.91,26.5,1,0,0,0,0,loss,completed,1
2013,4045111,fe3b31421b36e5ef0c160cfc7febe13f,,15,,2013-12-10,2013-12-16,186674,54762,Antdell & Ernie,113.84,86.74,105.4,136.04,8,8,7.44,82.21,6,-12.133333333333,,186678,108584,Nolan & Vinny,165.76,99.68,1,10.83,3.0333333333333,0,1,0,0,0,loss,completed,0
2013,4045143,552bbcc815dca60f068afcfe6f591aa7,,16,,2013-12-17,2013-12-23,186676,54846,Team JoeBa,113.44,73.74,124.86,115.24,5,6,12.84,93.23,2,-53.083333333333,,186675,108581,Richie,118.8,123.91,4,13.45,30.333333333333,0,1,0,0,0,loss,completed,2
2013,4045127,552bbcc815dca60f068afcfe6f591aa7,,16,,2013-12-17,2013-12-23,186675,108581,Richie,118.8,117.8,123.91,120,4,4,13.45,98.17,1,30.333333333333,,186676,54846,Team JoeBa,113.44,124.86,5,12.84,-53.083333333333,0,1,0,0,0,win,completed,2
2013,4045035,22144052d7c79b026d93368235748041,,16,,2013-12-17,2013-12-23,186669,108587,Pung & Tralie,148.22,145.22,123.22,168.82,1,1,16.78,86.02,5,3.0333333333333,,186668,108588,Frank & Julian,78.52,123,8,8.89,-12.133333333333,0,1,0,0,0,win,completed,0
2013,4045020,22144052d7c79b026d93368235748041,,16,,2013-12-17,2013-12-23,186668,108588,Frank & Julian,78.52,76.52,123,116.92,8,5,8.89,65.45,8,-12.133333333333,,186669,108587,Pung & Tralie,148.22,123.22,1,16.78,3.0333333333333,0,1,0,0,0,loss,completed,0
2013,4045005,487539b916bc173faf080e676dae196e,,16,,2013-12-17,2013-12-23,186667,54773,Ronnie,129.5,121.5,117.23,131.3,2,2,14.66,92.54,4,9.1,,186673,54850,LFTLR,80.24,119.64,7,9.09,-22.75,1,0,1,0,0,win,completed,2
2013,4045080,a6adde5d6a4e334cb08b86bfde8fc00a,,16,,2013-12-17,2013-12-23,186672,108592,Chris & Dom,89.98,73.68,120.02,109.78,6,7,10.19,82.87,7,-36.4,,186671,54855,GaTTa,124.5,121.02,3,14.1,18.2,1,0,0,0,0,loss,completed,1
2013,4045096,487539b916bc173faf080e676dae196e,,16,,2013-12-17,2013-12-23,186673,54850,LFTLR,80.24,76.24,119.64,90.24,7,8,9.09,84.49,6,-22.75,,186667,54773,Ronnie,129.5,117.23,2,14.66,9.1,1,0,1,0,0,loss,completed,2
2013,4045065,a6adde5d6a4e334cb08b86bfde8fc00a,,16,,2013-12-17,2013-12-23,186671,54855,GaTTa,124.5,120.5,121.02,129.78,3,3,14.1,92.85,3,18.2,,186672,108592,Chris & Dom,89.98,120.02,6,10.19,-36.4,1,0,0,0,0,win,completed,1
2014,4044959,ce9532bdf328dff555c3324403088c28,,1,,2014-09-04,2014-09-08,186665,54762,Antdell & Ernie,103.08,96.08,118.89,139.04,9,5,6.76,69.1,12,-15.9,,186661,54855,GaTTa,133.86,126.48,5,8.77,26.5,0,0,0,0,0,loss,completed,0
2014,4044975,01722223bdbe47724ab455887669d2db,,1,,2014-09-04,2014-09-08,186666,54850,LFTLR,102.26,89,125.33,128.2,10,10,6.7,76.65,10,-10.6,,186662,108581,Richie,120.7,125.73,6,7.91,31.8,0,0,0,0,0,loss,completed,0
2014,4044929,ee3d39a219d0fa991e3f423fdd146cfa,,1,,2014-09-04,2014-09-08,186663,108588,Frank & Julian,100.34,96.34,126.53,127.94,12,11,6.58,75.3,11,0,,186659,108592,Chris & Dom,101.84,133.35,11,6.67,83.416666666667,0,0,0,0,0,loss,completed,2
2014,4044944,6236dc0f43cef8f9fd72a027433de7cf,,1,,2014-09-04,2014-09-08,186664,108584,Nolan & Vinny,169.54,138.44,122.34,164.64,2,1,11.11,95.08,3,15.166666666667,,186660,54774,Cambrias,152.54,132,3,10,-68.25,0,0,0,0,0,win,completed,1
2014,4044852,a4b570a4bccda4c134ab93d5ea00bc2d,,1,,2014-09-04,2014-09-08,186658,108590,Rob & GregBo,111.26,109.26,123.55,137.8,8,6,7.29,79.29,9,-30.333333333333,,186656,108587,Pung & Tralie,120.32,122.81,7,7.89,53.083333333333,0,0,0,0,0,loss,completed,1
2014,4044836,eb5ce542bad5a2e2547d5d01ef4ce465,,1,,2014-09-04,2014-09-08,186657,54846,Team JoeBa,170.82,155.82,128.24,161.02,1,2,11.19,96.77,2,6.0666666666667,,186655,54773,Ronnie,139.36,129.66,4,9.13,-48.533333333333,0,0,0,0,0,win,completed,1
2014,4044821,a4b570a4bccda4c134ab93d5ea00bc2d,,1,,2014-09-04,2014-09-08,186656,108587,Pung & Tralie,120.32,115.32,122.81,135.76,7,7,7.89,84.94,7,53.083333333333,,186658,108590,Rob & GregBo,111.26,123.55,8,7.29,-30.333333333333,0,0,0,0,0,win,completed,1
2014,4044806,eb5ce542bad5a2e2547d5d01ef4ce465,,1,,2014-09-04,2014-09-08,186655,54773,Ronnie,139.36,89.26,129.66,131.56,4,8,9.13,99.85,1,-48.533333333333,,186657,54846,Team JoeBa,170.82,128.24,1,11.19,6.0666666666667,0,0,0,0,0,loss,completed,1
2014,4044914,01722223bdbe47724ab455887669d2db,,1,,2014-09-04,2014-09-08,186662,108581,Richie,120.7,111.7,125.73,128.2,6,9,7.91,87.13,6,31.8,,186666,54850,LFTLR,102.26,125.33,10,6.7,-10.6,0,0,0,0,0,win,completed,0
2014,4044867,ee3d39a219d0fa991e3f423fdd146cfa,,1,,2014-09-04,2014-09-08,186659,108592,Chris & Dom,101.84,89.34,133.35,115.34,11,12,6.67,84.83,8,83.416666666667,,186663,108588,Frank & Julian,100.34,126.53,12,6.58,0,0,0,0,0,0,win,completed,2
2014,4044882,6236dc0f43cef8f9fd72a027433de7cf,,1,,2014-09-04,2014-09-08,186660,54774,Cambrias,152.54,145.54,132,160.24,3,3,10,90.83,4,-68.25,,186664,108584,Nolan & Vinny,169.54,122.34,2,11.11,15.166666666667,0,0,0,0,0,loss,completed,1
2014,4044898,ce9532bdf328dff555c3324403088c28,,1,,2014-09-04,2014-09-08,186661,54855,GaTTa,133.86,125.86,126.48,139.96,5,4,8.77,89.93,5,26.5,,186665,54762,Antdell & Ernie,103.08,118.89,9,6.76,-15.9,0,0,0,0,0,win,completed,0
2014,4044915,16727b4bac36896abdc2f9e3aad70043,,2,,2014-09-09,2014-09-15,186662,108581,Richie,106.68,100.68,122.57,113.78,8,8,8,88.49,4,-30.333333333333,,186658,108590,Rob & GregBo,113.64,122.27,7,8.52,53.083333333333,0,0,0,0,0,loss,completed,1
2014,4044868,5e3db9f77ff8591ffa916c02b9cfbb25,,2,,2014-09-09,2014-09-15,186659,108592,Chris & Dom,120.32,118.32,127.22,153.92,4,4,9.02,76.87,9,-60.666666666667,,186655,54773,Ronnie,137.88,132.07,3,10.34,22.75,0,0,0,0,0,loss,completed,1
2014,4044883,ff8cfa4025efce4042baa6f2ccd4402c,,2,,2014-09-09,2014-09-15,186660,54774,Cambrias,150.98,111.18,132.05,180.64,1,1,11.32,80.81,6,2.2666666666667,,186656,108587,Pung & Tralie,96.98,123.19,9,7.27,-6.8,0,0,0,0,0,win,completed,0
2014,4044899,fa66d6985022aa4fbecff12b55e1ef22,,2,,2014-09-09,2014-09-15,186661,54855,GaTTa,143.54,132.64,108.25,167.74,2,2,10.76,79.07,8,3.0333333333333,,186657,54846,Team JoeBa,78.72,124.68,11,5.9,-1.5166666666667,0,0,0,0,0,win,completed,0
2014,4044960,70f90e4637eb7f8a69f33aae712560cb,,2,,2014-09-09,2014-09-15,186665,54762,Antdell & Ernie,114.54,107.54,121.88,112.54,6,10,8.59,95.56,1,31.8,,186663,108588,Frank & Julian,84.74,125.08,10,6.35,-10.6,0,0,0,0,0,win,completed,0
2014,4044976,4a8e5bee5cc1b8322493518441a78c23,,2,,2014-09-09,2014-09-15,186666,54850,LFTLR,65.66,56.66,106.13,78.76,12,12,4.92,71.94,10,0,,186664,108584,Nolan & Vinny,120.04,120.18,5,9,15.166666666667,0,0,0,0,0,loss,completed,0
2014,4044930,70f90e4637eb7f8a69f33aae712560cb,,2,,2014-09-09,2014-09-15,186663,108588,Frank & Julian,84.74,82.74,125.08,90.84,10,11,6.35,91.08,2,-10.6,,186665,54762,Antdell & Ernie,114.54,121.88,6,8.59,31.8,0,0,0,0,0,loss,completed,0
2014,4044945,4a8e5bee5cc1b8322493518441a78c23,,2,,2014-09-09,2014-09-15,186664,108584,Nolan & Vinny,120.04,114.04,120.18,128.26,5,6,9,88.91,3,15.166666666667,,186666,54850,LFTLR,65.66,106.13,12,4.92,0,0,0,0,0,0,win,completed,0
2014,4044807,5e3db9f77ff8591ffa916c02b9cfbb25,,2,,2014-09-09,2014-09-15,186655,54773,Ronnie,137.88,128.88,132.07,162.68,3,3,10.34,79.22,7,22.75,,186659,108592,Chris & Dom,120.32,127.22,4,9.02,-60.666666666667,0,0,0,0,0,win,completed,1
2014,4044853,16727b4bac36896abdc2f9e3aad70043,,2,,2014-09-09,2014-09-15,186658,108590,Rob & GregBo,113.64,103.64,122.27,119.64,7,7,8.52,86.63,5,53.083333333333,,186662,108581,Richie,106.68,122.57,8,8,-30.333333333333,0,0,0,0,0,win,completed,1
2014,4044837,fa66d6985022aa4fbecff12b55e1ef22,,2,,2014-09-09,2014-09-15,186657,54846,Team JoeBa,78.72,78.72,124.68,113.34,11,9,5.9,69.45,11,-1.5166666666667,,186661,54855,GaTTa,143.54,108.25,2,10.76,3.0333333333333,0,0,0,0,0,loss,completed,0
2014,4044822,ff8cfa4025efce4042baa6f2ccd4402c,,2,,2014-09-09,2014-09-15,186656,108587,Pung & Tralie,96.98,93.98,123.19,144.08,9,5,7.27,65.23,12,-6.8,,186660,54774,Cambrias,150.98,132.05,1,11.32,2.2666666666667,0,0,0,0,0,loss,completed,0
2014,4044838,86ae59b07f6c0dc05baad5b62d93bbf1,,3,,2014-09-16,2014-09-22,186657,54846,Team JoeBa,110.84,75.14,131.31,114.24,8,9,7.88,89.15,6,-15.133333333333,,186663,108588,Frank & Julian,156.68,122.22,2,11.13,7.5666666666667,0,0,0,0,0,loss,completed,0
2014,4044808,405b628b03e8f797e36d9e2191939619,,3,,2014-09-16,2014-09-22,186655,54773,Ronnie,130.72,123.72,128.46,138.82,4,5,9.29,89.12,7,15.133333333333,,186661,54855,GaTTa,82.1,128.44,10,5.83,-7.5666666666667,0,0,0,0,0,win,completed,0
2014,4044854,f92884bd6d3bb07b4f75b85ae9cc4f85,,3,,2014-09-16,2014-09-22,186658,108590,Rob & GregBo,56.58,46.18,115.26,85.98,12,12,4.02,63.48,11,0,,186664,108584,Nolan & Vinny,80.74,126.33,11,5.74,83.416666666667,0,0,0,0,0,loss,completed,0
2014,4044823,122f3bbd3646e2d9d41a7696ad76f79e,,3,,2014-09-16,2014-09-22,186656,108587,Pung & Tralie,95.12,91.12,130.35,107.82,9,10,6.76,84.51,9,-6.8,,186662,108581,Richie,166.4,117.7,1,11.83,2.2666666666667,0,0,0,0,0,loss,completed,0
2014,4044916,122f3bbd3646e2d9d41a7696ad76f79e,,3,,2014-09-16,2014-09-22,186662,108581,Richie,166.4,157.4,117.7,167.5,1,1,11.83,93.97,2,2.2666666666667,,186656,108587,Pung & Tralie,95.12,130.35,9,6.76,-6.8,0,0,0,0,0,win,completed,0
2014,4044884,598b02afd049fb3627ecab86ac151a9f,,3,,2014-09-16,2014-09-22,186660,54774,Cambrias,154.32,146.32,137.66,159.22,3,3,10.97,91.9,4,15.9,,186666,54850,LFTLR,123.36,121.85,7,8.77,-26.5,0,0,0,0,0,win,completed,0
2014,4044900,405b628b03e8f797e36d9e2191939619,,3,,2014-09-16,2014-09-22,186661,54855,GaTTa,82.1,76.1,128.44,127.08,10,7,5.83,59.88,12,-7.5666666666667,,186655,54773,Ronnie,130.72,128.46,4,9.29,15.133333333333,0,0,0,0,0,loss,completed,0
2014,4044869,912ccc616a4dd0a5858c817a83229e5c,,3,,2014-09-16,2014-09-22,186659,108592,Chris & Dom,123.4,118.4,122.08,127.6,6,6,8.77,92.79,3,-45.5,,186665,54762,Antdell & Ernie,126.9,103.61,5,9.02,37.916666666667,0,0,0,0,0,loss,completed,2
2014,4044977,598b02afd049fb3627ecab86ac151a9f,,3,,2014-09-16,2014-09-22,186666,54850,LFTLR,123.36,113.36,121.85,116.64,7,8,8.77,97.19,1,-26.5,,186660,54774,Cambrias,154.32,137.66,3,10.97,15.9,0,0,0,0,0,loss,completed,0
2014,4044961,912ccc616a4dd0a5858c817a83229e5c,,3,,2014-09-16,2014-09-22,186665,54762,Antdell & Ernie,126.9,119.9,103.61,139.4,5,4,9.02,86.01,8,37.916666666667,,186659,108592,Chris & Dom,123.4,122.08,6,8.77,-45.5,0,0,0,0,0,win,completed,2
2014,4044931,86ae59b07f6c0dc05baad5b62d93bbf1,,3,,2014-09-16,2014-09-22,186663,108588,Frank & Julian,156.68,147.68,122.22,164.08,2,2,11.13,90,5,7.5666666666667,,186657,54846,Team JoeBa,110.84,131.31,8,7.88,-15.133333333333,0,0,0,0,0,win,completed,0
2014,4044946,f92884bd6d3bb07b4f75b85ae9cc4f85,,3,,2014-09-16,2014-09-22,186664,108584,Nolan & Vinny,80.74,79.74,126.33,99.64,11,11,5.74,80.03,10,83.416666666667,,186658,108590,Rob & GregBo,56.58,115.26,12,4.02,0,0,0,0,0,0,win,completed,0
2014,4044932,86e4c56498e50c4c0adb4d6c6ef149f0,,4,,2014-09-23,2014-09-29,186663,108588,Frank & Julian,123.18,100.78,115.3,121.18,7,10,8.14,96.7,3,-26.5,,186662,108581,Richie,152.3,122.98,3,10.06,15.9,0,0,0,0,0,loss,completed,0
2014,4044962,43602b99e1a95e24f2b308de1d44944d,,4,,2014-09-23,2014-09-29,186665,54762,Antdell & Ernie,121.8,121.8,117.63,148.8,8,4,8.04,81.85,9,-15.133333333333,,186664,108584,Nolan & Vinny,161.72,118.8,2,10.68,7.5666666666667,0,0,0,0,0,loss,completed,0
2014,4044947,43602b99e1a95e24f2b308de1d44944d,,4,,2014-09-23,2014-09-29,186664,108584,Nolan & Vinny,161.72,154.72,118.8,170.22,2,2,10.68,90.89,5,7.5666666666667,,186665,54762,Antdell & Ernie,121.8,117.63,8,8.04,-15.133333333333,0,0,0,0,0,win,completed,0
2014,4044978,a6388211b8f97c1563db43c7ce1490f8,,4,,2014-09-23,2014-09-29,186666,54850,LFTLR,98.58,88.88,107.02,125.76,11,9,6.51,76.8,11,-3.7833333333333,,186661,54855,GaTTa,132.18,135.61,5,8.73,18.916666666667,0,0,0,0,0,loss,completed,0
2014,4044809,314a1c6ff0123d04c21f26f16abd02bb,,4,,2014-09-23,2014-09-29,186655,54773,Ronnie,136.2,128.2,115.39,141.7,4,5,9,90.47,6,27.266666666667,,186656,108587,Pung & Tralie,131.5,122.93,6,8.69,-40.9,0,0,0,0,0,win,completed,2
2014,4044855,a477e6596083c71a3a8c35e7e9f4ace6,,4,,2014-09-23,2014-09-29,186658,108590,Rob & GregBo,172.08,159.08,108.75,159.08,1,3,11.37,100,1,2.2666666666667,,186657,54846,Team JoeBa,101.02,126.98,9,6.67,-6.8,0,0,0,0,0,win,completed,0
2014,4044824,314a1c6ff0123d04c21f26f16abd02bb,,4,,2014-09-23,2014-09-29,186656,108587,Pung & Tralie,131.5,120.2,122.93,138.8,6,6,8.69,89.7,7,-40.9,,186655,54773,Ronnie,136.2,115.39,4,9,27.266666666667,0,0,0,0,0,loss,completed,2
2014,4044839,a477e6596083c71a3a8c35e7e9f4ace6,,4,,2014-09-23,2014-09-29,186657,54846,Team JoeBa,101.02,91.52,126.98,96.02,9,11,6.67,98.96,2,-6.8,,186658,108590,Rob & GregBo,172.08,108.75,1,11.37,2.2666666666667,0,0,0,0,0,loss,completed,0
2014,4044885,7efc911c95356c55e8d0d721c7c0e6fe,,4,,2014-09-23,2014-09-29,186660,54774,Cambrias,100.08,84.18,126.8,134.38,10,7,6.61,72.99,12,68.166666666667,,186659,108592,Chris & Dom,83.42,117.51,12,5.51,0,0,0,0,0,0,win,completed,0
2014,4044901,a6388211b8f97c1563db43c7ce1490f8,,4,,2014-09-23,2014-09-29,186661,54855,GaTTa,132.18,103.58,135.61,129.08,5,8,8.73,93.11,4,18.916666666667,,186666,54850,LFTLR,98.58,107.02,11,6.51,-3.7833333333333,0,0,0,0,0,win,completed,0
2014,4044870,7efc911c95356c55e8d0d721c7c0e6fe,,4,,2014-09-23,2014-09-29,186659,108592,Chris & Dom,83.42,77.42,117.51,87.82,12,12,5.51,88.16,8,0,,186660,54774,Cambrias,100.08,126.8,10,6.61,68.166666666667,0,0,0,0,0,loss,completed,0
2014,4044917,86e4c56498e50c4c0adb4d6c6ef149f0,,4,,2014-09-23,2014-09-29,186662,108581,Richie,152.3,144.3,122.98,176.5,3,1,10.06,81.76,10,15.9,,186663,108588,Frank & Julian,123.18,115.3,7,8.14,-26.5,0,0,0,0,0,win,completed,0
2014,4044886,9c9aa82c50abc3e3210fb02fb541b5aa,,5,,2014-09-30,2014-10-06,186660,54774,Cambrias,159.34,143.54,141.13,170.04,1,2,10.91,91.35,3,3.0333333333333,,186657,54846,Team JoeBa,115.64,109.85,8,7.92,-12.133333333333,0,0,0,0,0,win,completed,0
2014,4044918,27c3d0ac4f8eba186483fb92099ed6eb,,5,,2014-09-30,2014-10-06,186662,108581,Richie,72.18,70.28,125.42,92.78,12,11,4.9399999999999995,75.75,9,0,,186659,108592,Chris & Dom,141.34,116.85,4,9.68,9.0666666666667,0,0,0,0,0,loss,completed,0
2014,4044902,20073edb74628bdce409912570c7b061,,5,,2014-09-30,2014-10-06,186661,54855,GaTTa,128.92,113.52,130.87,172.82,6,1,8.83,69.39,10,36.4,,186656,108587,Pung & Tralie,110.44,127.64,9,7.5600000000000005,-18.2,0,0,0,0,0,win,completed,0
2014,4044871,27c3d0ac4f8eba186483fb92099ed6eb,,5,,2014-09-30,2014-10-06,186659,108592,Chris & Dom,141.34,139.34,116.85,157.98,4,4,9.68,88.2,4,9.0666666666667,,186662,108581,Richie,72.18,125.42,12,4.9399999999999995,0,0,0,0,0,0,win,completed,0
2014,4044933,0464859bea08e7d6da8de311173a5357,,5,,2014-09-30,2014-10-06,186663,108588,Frank & Julian,141.66,131.66,145.41,150.76,3,5,9.7,87.33,5,6.8,,186664,108584,Nolan & Vinny,85.44,108.93,11,5.85,-2.2666666666667,0,0,0,0,0,win,completed,0
2014,4044963,a7d5561316ff8b3e0a011facf3c52095,,5,,2014-09-30,2014-10-06,186665,54762,Antdell & Ernie,138.68,133.68,118.15,159.66,5,3,9.5,83.73,7,34.083333333333,,186666,54850,LFTLR,125.52,113.37,7,8.6,-34.083333333333,0,0,0,0,0,win,completed,0
2014,4044948,0464859bea08e7d6da8de311173a5357,,5,,2014-09-30,2014-10-06,186664,108584,Nolan & Vinny,85.44,79.44,108.93,84.14,11,12,5.85,94.41,2,-2.2666666666667,,186663,108588,Frank & Julian,141.66,145.41,3,9.7,6.8,0,0,0,0,0,loss,completed,0
2014,4044979,a7d5561316ff8b3e0a011facf3c52095,,5,,2014-09-30,2014-10-06,186666,54850,LFTLR,125.52,101.92,113.37,138.42,7,8,8.6,85.62,6,-34.083333333333,,186665,54762,Antdell & Ernie,138.68,118.15,5,9.5,34.083333333333,0,0,0,0,0,loss,completed,0
2014,4044810,832757da095df7ba0e0dcf9cd85a4e96,,5,,2014-09-30,2014-10-06,186655,54773,Ronnie,148.16,101,138.99,140.16,2,7,10.15,97.15,1,4.5333333333333,,186658,108590,Rob & GregBo,93.04,118.11,10,6.37,-4.5333333333333,0,0,0,0,0,win,completed,0
2014,4044856,832757da095df7ba0e0dcf9cd85a4e96,,5,,2014-09-30,2014-10-06,186658,108590,Rob & GregBo,93.04,84.04,118.11,123.64,10,10,6.37,67.97,12,-4.5333333333333,,186655,54773,Ronnie,148.16,138.99,2,10.15,4.5333333333333,0,0,0,0,0,loss,completed,0
2014,4044825,20073edb74628bdce409912570c7b061,,5,,2014-09-30,2014-10-06,186656,108587,Pung & Tralie,110.44,108.44,127.64,138.14,9,9,7.5600000000000005,78.5,8,-18.2,,186661,54855,GaTTa,128.92,130.87,6,8.83,36.4,0,0,0,0,0,loss,completed,0
2014,4044840,9c9aa82c50abc3e3210fb02fb541b5aa,,5,,2014-09-30,2014-10-06,186657,54846,Team JoeBa,115.64,98.64,109.85,142.44,8,6,7.92,69.25,11,-12.133333333333,,186660,54774,Cambrias,159.34,141.13,1,10.91,3.0333333333333,0,0,0,0,0,loss,completed,0
2014,4044826,b7b7a3fa3e168dc563a501c8ab4d451b,,6,,2014-10-07,2014-10-13,186656,108587,Pung & Tralie,122.34,108.34,122.19,118.54,8,10,8.28,91.4,3,48.533333333333,,186664,108584,Nolan & Vinny,104.3,115.83,11,7.06,-6.0666666666667,0,0,0,0,0,win,completed,0
2014,4044857,65cf4ff5dd68e9eb7f78c69cdd2509bd,,6,,2014-10-07,2014-10-13,186658,108590,Rob & GregBo,109.16,100.16,122.64,133.26,9,7,7.39,75.16,10,54.6,,186666,54850,LFTLR,72.06,109.92,12,4.88,0,0,0,0,0,0,win,completed,0
2014,4044841,7e26a6ef7ab71a38693421a2f430f725,,6,,2014-10-07,2014-10-13,186657,54846,Team JoeBa,104.94,82.74,113.84,113.34,10,11,7.11,87.29,5,-12.133333333333,,186665,54762,Antdell & Ernie,123.32,133.6,7,8.35,42.466666666667,0,0,0,0,0,loss,completed,0
2014,4044811,4d5a3ee3d1aa29c587bb86a50d2b1a7b,,6,,2014-10-07,2014-10-13,186655,54773,Ronnie,153.88,141.88,142.71,157.88,2,2,10.42,89.87,4,13.633333333333,,186663,108588,Frank & Julian,127.34,108.76,4,8.62,-54.533333333333,0,0,0,0,0,win,completed,1
2014,4044919,c19da636dc00f41d350b12f5cc3dc77c,,6,,2014-10-07,2014-10-13,186662,108581,Richie,126.6,119.6,122.28,129.4,6,8,8.57,91.65,2,-40.9,,186660,54774,Cambrias,127.34,133.47,4,8.62,27.266666666667,0,0,0,0,0,loss,completed,3
2014,4044903,c7d4a74b2e4f3c2a1f9d588f45f374a2,,6,,2014-10-07,2014-10-13,186661,54855,GaTTa,163.82,155.82,136.5,157.72,1,3,11.09,98.8,1,6.8166666666667,,186659,108592,Chris & Dom,141.64,122.86,3,9.59,-61.35,0,0,0,0,0,win,completed,1
2014,4044887,c19da636dc00f41d350b12f5cc3dc77c,,6,,2014-10-07,2014-10-13,186660,54774,Cambrias,127.34,125.34,133.47,171.46,4,1,8.62,73.1,11,27.266666666667,,186662,108581,Richie,126.6,122.28,6,8.57,-40.9,0,0,0,0,0,win,completed,3
2014,4044872,c7d4a74b2e4f3c2a1f9d588f45f374a2,,6,,2014-10-07,2014-10-13,186659,108592,Chris & Dom,141.64,107.74,122.86,150.54,3,4,9.59,84.79,6,-61.35,,186661,54855,GaTTa,163.82,136.5,1,11.09,6.8166666666667,0,0,0,0,0,loss,completed,1
2014,4044980,65cf4ff5dd68e9eb7f78c69cdd2509bd,,6,,2014-10-07,2014-10-13,186666,54850,LFTLR,72.06,62.06,109.92,108.16,12,12,4.88,57.38,12,0,,186658,108590,Rob & GregBo,109.16,122.64,9,7.39,54.6,0,0,0,0,0,loss,completed,0
2014,4044949,b7b7a3fa3e168dc563a501c8ab4d451b,,6,,2014-10-07,2014-10-13,186664,108584,Nolan & Vinny,104.3,101.3,115.83,127.4,11,9,7.06,79.51,9,-6.0666666666667,,186656,108587,Pung & Tralie,122.34,122.19,8,8.28,48.533333333333,0,0,0,0,0,loss,completed,0
2014,4044964,7e26a6ef7ab71a38693421a2f430f725,,6,,2014-10-07,2014-10-13,186665,54762,Antdell & Ernie,123.32,119.32,133.6,142.22,7,5,8.35,83.9,8,42.466666666667,,186657,54846,Team JoeBa,104.94,113.84,10,7.11,-12.133333333333,0,0,0,0,0,win,completed,0
2014,4044934,4d5a3ee3d1aa29c587bb86a50d2b1a7b,,6,,2014-10-07,2014-10-13,186663,108588,Frank & Julian,127.34,119.34,108.76,141.24,4,6,8.62,84.49,7,-54.533333333333,,186655,54773,Ronnie,153.88,142.71,2,10.42,13.633333333333,0,0,0,0,0,loss,completed,1
2014,4044950,72a3fd645d82eb33b49d970da6624509,,7,,2014-10-14,2014-10-20,186664,108584,Nolan & Vinny,122.96,76.1,117.24,121.36,6,10,8.82,92.25,3,45.5,,186662,108581,Richie,121.28,137.55,7,8.7,-37.916666666667,0,0,0,0,0,win,completed,2
2014,4044965,8adf0429e1619ef1dc6b1b7eeadd51f6,,7,,2014-10-14,2014-10-20,186665,54762,Antdell & Ernie,131.04,127.04,129.86,131.64,4,6,9.4,96.51,1,-60.666666666667,,186655,54773,Ronnie,135.32,140.32,3,9.71,22.75,0,0,0,0,0,loss,completed,3
2014,4044935,b0e1fb582a7e6d47fafbcf382e5bb123,,7,,2014-10-14,2014-10-20,186663,108588,Frank & Julian,112.06,101.06,129.15,122.66,9,8,8.04,82.39,7,-22.75,,186661,54855,GaTTa,120,135.57,8,8.61,60.666666666667,0,0,0,0,0,loss,completed,1
2014,4044904,b0e1fb582a7e6d47fafbcf382e5bb123,,7,,2014-10-14,2014-10-20,186661,54855,GaTTa,120,109.2,135.57,127.2,8,7,8.61,91.19,4,60.666666666667,,186663,108588,Frank & Julian,112.06,129.15,9,8.04,-22.75,0,0,0,0,0,win,completed,1
2014,4044888,3bb0904cff465fd6457c7676b6486d40,,7,,2014-10-14,2014-10-20,186660,54774,Cambrias,127.72,117.72,129.33,135.62,5,5,9.16,86.8,5,18.916666666667,,186658,108590,Rob & GregBo,81.2,111.3,11,5.83,-3.7833333333333,0,0,0,0,0,win,completed,0
2014,4044873,7acd726f1666b51ca8b30feeb4b2815e,,7,,2014-10-14,2014-10-20,186659,108592,Chris & Dom,138.54,128.54,126.92,151.04,2,2,9.94,85.1,6,4.5333333333333,,186657,54846,Team JoeBa,82.22,121.17,10,5.9,-4.5333333333333,0,0,0,0,0,win,completed,0
2014,4044920,72a3fd645d82eb33b49d970da6624509,,7,,2014-10-14,2014-10-20,186662,108581,Richie,121.28,114.28,137.55,144.18,7,3,8.7,79.26,10,-37.916666666667,,186664,108584,Nolan & Vinny,122.96,117.24,6,8.82,45.5,0,0,0,0,0,loss,completed,2
2014,4044827,4e8ffb8f93e88f266680ca859d5af32e,,7,,2014-10-14,2014-10-20,186656,108587,Pung & Tralie,142.38,131.38,123.18,137.38,1,4,10.22,95.63,2,0,,186666,54850,LFTLR,79.06,103.97,12,5.67,0,0,0,0,0,0,win,completed,0
2014,4044858,3bb0904cff465fd6457c7676b6486d40,,7,,2014-10-14,2014-10-20,186658,108590,Rob & GregBo,81.2,70.2,111.3,88.5,11,12,5.83,79.32,9,-3.7833333333333,,186660,54774,Cambrias,127.72,129.33,5,9.16,18.916666666667,0,0,0,0,0,loss,completed,0
2014,4044812,8adf0429e1619ef1dc6b1b7eeadd51f6,,7,,2014-10-14,2014-10-20,186655,54773,Ronnie,135.32,121.32,140.32,159.92,3,1,9.71,75.86,11,22.75,,186665,54762,Antdell & Ernie,131.04,129.86,4,9.4,-60.666666666667,0,0,0,0,0,win,completed,3
2014,4044842,7acd726f1666b51ca8b30feeb4b2815e,,7,,2014-10-14,2014-10-20,186657,54846,Team JoeBa,82.22,72.62,121.17,122.22,10,9,5.9,65.64,12,-4.5333333333333,,186659,108592,Chris & Dom,138.54,126.92,2,9.94,4.5333333333333,0,0,0,0,0,loss,completed,0
2014,4044981,4e8ffb8f93e88f266680ca859d5af32e,,7,,2014-10-14,2014-10-20,186666,54850,LFTLR,79.06,78.06,103.97,95,12,11,5.67,82.17,8,0,,186656,108587,Pung & Tralie,142.38,123.18,1,10.22,0,0,0,0,0,0,loss,completed,0
2014,4044982,eeb044b4d3a73d3236b012004c4ed6d4,,8,,2014-10-21,2014-10-27,186666,54850,LFTLR,166.38,147.38,100.07,149.98,3,7,9.92,98.27,1,-68.25,,186662,108581,Richie,189.3,146.6,2,11.29,15.166666666667,0,0,0,0,0,loss,completed,1
2014,4044921,eeb044b4d3a73d3236b012004c4ed6d4,,8,,2014-10-21,2014-10-27,186662,108581,Richie,189.3,136.6,146.6,193,2,2,11.29,91.87,2,15.166666666667,,186666,54850,LFTLR,166.38,100.07,3,9.92,-68.25,0,0,0,0,0,win,completed,1
2014,4044905,def132cacf4914b29fe9f6828ef50357,,8,,2014-10-21,2014-10-27,186661,54855,GaTTa,163.28,148.78,135.71,171.48,4,3,9.74,89.97,5,30.333333333333,,186665,54762,Antdell & Ernie,154.94,134.39,5,9.24,-53.083333333333,0,0,0,0,0,win,completed,2
2014,4044889,9155be66e5b647b9a91c3858d43594d9,,8,,2014-10-21,2014-10-27,186660,54774,Cambrias,103.46,88,134.23,116.76,10,11,6.17,86.04,7,-13.633333333333,,186664,108584,Nolan & Vinny,119.36,127.1,8,7.12,54.533333333333,0,0,0,0,0,loss,completed,0
2014,4044874,9886b952387717ba9e004500f249d46d,,8,,2014-10-21,2014-10-27,186659,108592,Chris & Dom,151.26,111.06,129.63,162.96,6,4,9.02,83.62,8,22.7,,186663,108588,Frank & Julian,77.86,101.54,12,4.64,0,0,0,0,0,0,win,completed,0
2014,4044966,def132cacf4914b29fe9f6828ef50357,,8,,2014-10-21,2014-10-27,186665,54762,Antdell & Ernie,154.94,142.94,134.39,157.54,5,5,9.24,90.73,4,-53.083333333333,,186661,54855,GaTTa,163.28,135.71,4,9.74,30.333333333333,0,0,0,0,0,loss,completed,2
2014,4044951,9155be66e5b647b9a91c3858d43594d9,,8,,2014-10-21,2014-10-27,186664,108584,Nolan & Vinny,119.36,105.36,127.1,127.06,8,8,7.12,82.92,9,54.533333333333,,186660,54774,Cambrias,103.46,134.23,10,6.17,-13.633333333333,0,0,0,0,0,win,completed,0
2014,4044936,9886b952387717ba9e004500f249d46d,,8,,2014-10-21,2014-10-27,186663,108588,Frank & Julian,77.86,75.86,101.54,82.66,12,12,4.64,91.77,3,0,,186659,108592,Chris & Dom,151.26,129.63,6,9.02,22.7,0,0,0,0,0,loss,completed,0
2014,4044828,07e1ce38c4c03c2066f8ea9ca7be63c8,,8,,2014-10-21,2014-10-27,186656,108587,Pung & Tralie,145.54,126.54,136.76,154.54,7,6,8.68,81.88,10,37.1,,186658,108590,Rob & GregBo,97.42,115.37,11,5.8100000000000005,-5.3,0,0,0,0,0,win,completed,0
2014,4044859,07e1ce38c4c03c2066f8ea9ca7be63c8,,8,,2014-10-21,2014-10-27,186658,108590,Rob & GregBo,97.42,69.12,115.37,121.92,11,9,5.8100000000000005,74.16,12,-5.3,,186656,108587,Pung & Tralie,145.54,136.76,7,8.68,37.1,0,0,0,0,0,loss,completed,0
2014,4044813,d6d7f72e6307519b67cba4fa2f1dd449,,8,,2014-10-21,2014-10-27,186655,54773,Ronnie,194.74,184.74,139.49,228.84,1,1,11.62,80.73,11,2.2666666666667,,186657,54846,Team JoeBa,113.02,101.21,9,6.74,-6.8,0,0,0,0,0,win,completed,0
2014,4044843,d6d7f72e6307519b67cba4fa2f1dd449,,8,,2014-10-21,2014-10-27,186657,54846,Team JoeBa,113.02,107.02,101.21,119.92,9,10,6.74,89.24,6,-6.8,,186655,54773,Ronnie,194.74,139.49,1,11.62,2.2666666666667,0,0,0,0,0,loss,completed,0
2014,4044829,b78e5a9bb08c8ae2426950089d34e83f,,9,,2014-10-28,2014-11-03,186656,108587,Pung & Tralie,138.48,81.88,128.02,140.88,2,4,9.53,96.88,2,15.166666666667,,186665,54762,Antdell & Ernie,134.36,129.94,3,9.25,-68.25,0,0,0,0,0,win,completed,3
2014,4044844,f78ab2fea67debb99c1d0dc85e65ccbb,,9,,2014-10-28,2014-11-03,186657,54846,Team JoeBa,121.74,98.34,111.25,132.74,5,5,8.38,88.7,6,-37.1,,186662,108581,Richie,163.66,131.43,1,11.27,5.3,0,0,0,0,0,loss,completed,1
2014,4044860,f288360927fd7ff12d2114d7b2a3daf0,,9,,2014-10-28,2014-11-03,186658,108590,Rob & GregBo,119.72,103.02,125.8,116.92,8,9,8.24,94.7,3,48.533333333333,,186661,54855,GaTTa,100.52,127.52,11,6.92,-6.0666666666667,0,0,0,0,0,win,completed,0
2014,4044814,878e82e5b79ebc1bbeebd083810c2fd2,,9,,2014-10-28,2014-11-03,186655,54773,Ronnie,131.72,101.62,125.11,145.26,4,3,9.07,86.55,7,15.133333333333,,186660,54774,Cambrias,101.96,126,10,7.02,-7.5666666666667,0,0,0,0,0,win,completed,0
2014,4044890,878e82e5b79ebc1bbeebd083810c2fd2,,9,,2014-10-28,2014-11-03,186660,54774,Cambrias,101.96,101.96,126,108.04,10,12,7.02,94.37,4,-7.5666666666667,,186655,54773,Ronnie,131.72,125.11,4,9.07,15.133333333333,0,0,0,0,0,loss,completed,0
2014,4044875,0a4250dd40541f3b66ef46ef62616dcc,,9,,2014-10-28,2014-11-03,186659,108592,Chris & Dom,88.12,74.12,129.69,117.92,12,7,6.07,67.1,12,0,,186664,108584,Nolan & Vinny,121.36,110.32,7,8.36,31.85,0,0,0,0,0,loss,completed,0
2014,4044906,f288360927fd7ff12d2114d7b2a3daf0,,9,,2014-10-28,2014-11-03,186661,54855,GaTTa,100.52,93.52,127.52,114,11,11,6.92,82.04,10,-6.0666666666667,,186658,108590,Rob & GregBo,119.72,125.8,8,8.24,48.533333333333,0,0,0,0,0,loss,completed,0
2014,4044983,69737650daddba4440b1adcc2abc2481,,9,,2014-10-28,2014-11-03,186666,54850,LFTLR,121.6,101.6,94.27,126.7,6,6,8.37,80.19,11,36.4,,186663,108588,Frank & Julian,109.2,114.63,9,7.52,-18.2,0,0,0,0,0,win,completed,0
2014,4044922,f78ab2fea67debb99c1d0dc85e65ccbb,,9,,2014-10-28,2014-11-03,186662,108581,Richie,163.66,145.66,131.43,169.76,1,1,11.27,85.8,8,5.3,,186657,54846,Team JoeBa,121.74,111.25,5,8.38,-37.1,0,0,0,0,0,win,completed,1
2014,4044967,b78e5a9bb08c8ae2426950089d34e83f,,9,,2014-10-28,2014-11-03,186665,54762,Antdell & Ernie,134.36,125.36,129.94,146.86,3,2,9.25,85.36,9,-68.25,,186656,108587,Pung & Tralie,138.48,128.02,2,9.53,15.166666666667,0,0,0,0,0,loss,completed,3
2014,4044937,69737650daddba4440b1adcc2abc2481,,9,,2014-10-28,2014-11-03,186663,108588,Frank & Julian,109.2,81.3,114.63,115.98,9,10,7.52,90.36,5,-18.2,,186666,54850,LFTLR,121.6,94.27,6,8.37,36.4,0,0,0,0,0,loss,completed,0
2014,4044952,0a4250dd40541f3b66ef46ef62616dcc,,9,,2014-10-28,2014-11-03,186664,108584,Nolan & Vinny,121.36,118.36,110.32,117.36,7,8,8.36,100,1,31.85,,186659,108592,Chris & Dom,88.12,129.69,12,6.07,0,0,0,0,0,0,win,completed,0
2014,4044923,d47d687b9cb6c0e837ed7edd965ca915,,10,,2014-11-04,2014-11-10,186662,108581,Richie,93.36,93.36,128.27,100.56,10,11,6.13,92.84,6,-13.633333333333,,186655,54773,Ronnie,127.3,125.54,8,8.35,54.533333333333,0,0,0,0,0,loss,completed,0
2014,4044968,6918bbae284686ecc4c1cb8337c7cedd,,10,,2014-11-04,2014-11-10,186665,54762,Antdell & Ernie,156.78,146.78,116.78,146.78,1,3,10.29,100,3,6.0666666666667,,186658,108590,Rob & GregBo,148.2,118.53,4,9.73,-48.533333333333,0,0,0,0,0,win,completed,2
2014,4044938,761ce7676947b8ebd585ba01c137211c,,10,,2014-11-04,2014-11-10,186663,108588,Frank & Julian,119.72,101.82,112.08,130.54,9,8,7.86,89.41,8,-20.45,,186656,108587,Pung & Tralie,127.98,127.2,7,8.4,47.716666666667,0,0,0,0,0,loss,completed,1
2014,4044953,150d9f2820d25c165cf1f74b0b4327b6,,10,,2014-11-04,2014-11-10,186664,108584,Nolan & Vinny,149.1,118.7,110.02,136.1,3,6,9.78,100,2,4.55,,186657,54846,Team JoeBa,77.96,107.86,12,5.12,0,0,0,0,0,0,win,completed,0
2014,4044907,ae1cdec88e4190bd4020e35fb408b3df,,10,,2014-11-04,2014-11-10,186661,54855,GaTTa,145.38,138.38,137.53,139.78,5,5,9.54,99,5,37.916666666667,,186660,54774,Cambrias,140.28,133.87,6,9.21,-45.5,0,0,0,0,0,win,completed,1
2014,4044891,ae1cdec88e4190bd4020e35fb408b3df,,10,,2014-11-04,2014-11-10,186660,54774,Cambrias,140.28,83.48,133.87,140.18,6,4,9.21,99.36,4,-45.5,,186661,54855,GaTTa,145.38,137.53,5,9.54,37.916666666667,0,0,0,0,0,loss,completed,1
2014,4044876,7cfb6a8cf91944da70926e3dca9962db,,10,,2014-11-04,2014-11-10,186659,108592,Chris & Dom,150.1,137.1,112.24,150.2,2,2,9.85,91.28,7,3.0333333333333,,186666,54850,LFTLR,87.72,104.65,11,5.76,-1.5166666666667,0,0,0,0,0,win,completed,0
2014,4044845,150d9f2820d25c165cf1f74b0b4327b6,,10,,2014-11-04,2014-11-10,186657,54846,Team JoeBa,77.96,72.96,107.86,87.86,12,12,5.12,83.04,10,0,,186664,108584,Nolan & Vinny,149.1,110.02,3,9.78,4.55,0,0,0,0,0,loss,completed,0
2014,4044815,d47d687b9cb6c0e837ed7edd965ca915,,10,,2014-11-04,2014-11-10,186655,54773,Ronnie,127.3,99.4,125.54,113.3,8,9,8.35,100,1,54.533333333333,,186662,108581,Richie,93.36,128.27,10,6.13,-13.633333333333,0,0,0,0,0,win,completed,0
2014,4044830,761ce7676947b8ebd585ba01c137211c,,10,,2014-11-04,2014-11-10,186656,108587,Pung & Tralie,127.98,117.98,127.2,133.48,7,7,8.4,88.39,9,47.716666666667,,186663,108588,Frank & Julian,119.72,112.08,9,7.86,-20.45,0,0,0,0,0,win,completed,1
2014,4044861,6918bbae284686ecc4c1cb8337c7cedd,,10,,2014-11-04,2014-11-10,186658,108590,Rob & GregBo,148.2,124.2,118.53,173.1,4,1,9.73,71.75,12,-48.533333333333,,186665,54762,Antdell & Ernie,156.78,116.78,1,10.29,6.0666666666667,0,0,0,0,0,loss,completed,2
2014,4044984,7cfb6a8cf91944da70926e3dca9962db,,10,,2014-11-04,2014-11-10,186666,54850,LFTLR,87.72,80.72,104.65,105.52,11,10,5.76,76.5,11,-1.5166666666667,,186659,108592,Chris & Dom,150.1,112.24,2,9.85,3.0333333333333,0,0,0,0,0,loss,completed,0
2014,4044985,e9d8a9bbe96c58606892640e3ec189fd,,11,,2014-11-11,2014-11-17,186666,54850,LFTLR,80.78,74.78,102.26,96.08,12,12,6.21,77.83,9,0,,186664,108584,Nolan & Vinny,84.42,118.46,11,6.49,83.416666666667,0,0,0,0,0,loss,completed,2
2014,4044892,d9c9bc75c5ce36df7a1c6696cde8a646,,11,,2014-11-11,2014-11-17,186660,54774,Cambrias,118.48,63.48,120.24,120.22,3,6,9.11,92.73,3,15.9,,186656,108587,Pung & Tralie,103.7,134.67,7,7.97,-26.5,0,0,0,0,0,win,completed,0
2014,4044908,9c4d6c4f9ada7597cc2b6549835b6a39,,11,,2014-11-11,2014-11-17,186661,54855,GaTTa,113.32,94.02,142.05,137.3,5,3,8.71,78.89,8,37.916666666667,,186657,54846,Team JoeBa,112.38,130.63,6,8.64,-45.5,0,0,0,0,0,win,completed,3
2014,4044877,4ed92bac54c4e6a2a3098f48d6f095ae,,11,,2014-11-11,2014-11-17,186659,108592,Chris & Dom,98.08,94.08,119.22,107.52,10,10,7.54,87.5,5,-7.5666666666667,,186655,54773,Ronnie,116.86,125.24,4,8.98,15.133333333333,0,0,0,0,0,loss,completed,0
2014,4044954,e9d8a9bbe96c58606892640e3ec189fd,,11,,2014-11-11,2014-11-17,186664,108584,Nolan & Vinny,84.42,84.42,118.46,106.12,11,11,6.49,79.55,7,83.416666666667,,186666,54850,LFTLR,80.78,102.26,12,6.21,0,0,0,0,0,0,win,completed,2
2014,4044924,49fd589378448cb615642975c1fec110,,11,,2014-11-11,2014-11-17,186662,108581,Richie,130.62,71.52,137.26,192.82,2,1,10.04,64.11,12,-75.833333333333,,186658,108590,Rob & GregBo,138.34,119.33,1,10.63,7.5833333333333,0,0,0,0,0,loss,completed,3
2014,4044969,c2aa2a627d3046cf9817a8dcbc24c03a,,11,,2014-11-11,2014-11-17,186665,54762,Antdell & Ernie,100.64,97.64,98.09,126.8,9,5,7.74,77,11,-22.75,,186663,108588,Frank & Julian,103.4,122.58,8,7.95,60.666666666667,0,0,0,0,0,loss,completed,2
2014,4044939,c2aa2a627d3046cf9817a8dcbc24c03a,,11,,2014-11-11,2014-11-17,186663,108588,Frank & Julian,103.4,102.1,122.58,131.7,8,4,7.95,77.52,10,60.666666666667,,186665,54762,Antdell & Ernie,100.64,98.09,9,7.74,-22.75,0,0,0,0,0,win,completed,2
2014,4044831,d9c9bc75c5ce36df7a1c6696cde8a646,,11,,2014-11-11,2014-11-17,186656,108587,Pung & Tralie,103.7,101.7,134.67,119.1,7,7,7.97,85.39,6,-26.5,,186660,54774,Cambrias,118.48,120.24,3,9.11,15.9,0,0,0,0,0,loss,completed,0
2014,4044846,9c4d6c4f9ada7597cc2b6549835b6a39,,11,,2014-11-11,2014-11-17,186657,54846,Team JoeBa,112.38,112.38,130.63,115.12,6,8,8.64,97.62,1,-45.5,,186661,54855,GaTTa,113.32,142.05,5,8.71,37.916666666667,0,0,0,0,0,loss,completed,3
2014,4044862,49fd589378448cb615642975c1fec110,,11,,2014-11-11,2014-11-17,186658,108590,Rob & GregBo,138.34,129.34,119.33,140.84,1,2,10.63,91.83,4,7.5833333333333,,186662,108581,Richie,130.62,137.26,2,10.04,-75.833333333333,0,0,0,0,0,win,completed,3
2014,4044816,4ed92bac54c4e6a2a3098f48d6f095ae,,11,,2014-11-11,2014-11-17,186655,54773,Ronnie,116.86,108.86,125.24,114.66,4,9,8.98,94.94,2,15.133333333333,,186659,108592,Chris & Dom,98.08,119.22,10,7.54,-7.5666666666667,0,0,0,0,0,win,completed,0
2014,4044863,5f888b9543a913850ee5045cacb36f0a,,12,,2014-11-18,2014-11-24,186658,108590,Rob & GregBo,128.16,120.46,118.62,140.26,7,6,8.4,89.23,7,53.083333333333,,186664,108584,Nolan & Vinny,123.66,124.7,8,8.1,-30.333333333333,0,0,0,0,0,win,completed,2
2014,4044847,478afed4087a76adc35cdd6705586e9e,,12,,2014-11-18,2014-11-24,186657,54846,Team JoeBa,110.42,106.42,116.76,122.52,10,10,7.23,86.86,9,-7.5666666666667,,186663,108588,Frank & Julian,143.5,136.31,4,9.4,15.133333333333,0,0,0,0,0,loss,completed,0
2014,4044832,dd1fccfe252361dcfffbbc6722e61266,,12,,2014-11-18,2014-11-24,186656,108587,Pung & Tralie,148.7,123.8,130.87,165.1,2,1,9.74,86.43,10,6.0666666666667,,186662,108581,Richie,115.42,135.67,9,7.5600000000000005,-9.1,0,0,0,0,0,win,completed,0
2014,4044817,7228e66c508340fe9d8ce0640bbd8474,,12,,2014-11-18,2014-11-24,186655,54773,Ronnie,133.28,119.68,113.13,156.88,6,3,8.73,77.94,12,-27.3,,186661,54855,GaTTa,149.4,142.33,1,9.79,4.55,0,0,0,0,0,loss,completed,0
2014,4044909,7228e66c508340fe9d8ce0640bbd8474,,12,,2014-11-18,2014-11-24,186661,54855,GaTTa,149.4,144.4,142.33,163.04,1,2,9.79,88.57,8,4.55,,186655,54773,Ronnie,133.28,113.13,6,8.73,-27.3,0,0,0,0,0,win,completed,0
2014,4044893,da98f0a66ad5ca8bd0ef9df4227a254a,,12,,2014-11-18,2014-11-24,186660,54774,Cambrias,141.44,134.44,136.13,135.04,5,8,9.27,99.56,2,15.166666666667,,186666,54850,LFTLR,80.4,83.15,12,5.27,0,0,0,0,0,0,win,completed,0
2014,4044878,30f0466b6e50c5e69f383d1b32a69781,,12,,2014-11-18,2014-11-24,186659,108592,Chris & Dom,143.86,112.16,128.61,148.06,3,4,9.42,94.46,3,6.8,,186665,54762,Antdell & Ernie,108.18,118.33,11,7.09,-2.2666666666667,0,0,0,0,0,win,completed,0
2014,4044986,da98f0a66ad5ca8bd0ef9df4227a254a,,12,,2014-11-18,2014-11-24,186666,54850,LFTLR,80.4,79.4,83.15,79.4,12,12,5.27,100,1,0,,186660,54774,Cambrias,141.44,136.13,5,9.27,15.166666666667,0,0,0,0,0,loss,completed,0
2014,4044955,5f888b9543a913850ee5045cacb36f0a,,12,,2014-11-18,2014-11-24,186664,108584,Nolan & Vinny,123.66,121.66,124.7,131.46,8,9,8.1,92.55,5,-30.333333333333,,186658,108590,Rob & GregBo,128.16,118.62,7,8.4,53.083333333333,0,0,0,0,0,loss,completed,2
2014,4044925,dd1fccfe252361dcfffbbc6722e61266,,12,,2014-11-18,2014-11-24,186662,108581,Richie,115.42,110.42,135.67,135.12,9,7,7.5600000000000005,81.72,11,-9.1,,186656,108587,Pung & Tralie,148.7,130.87,2,9.74,6.0666666666667,0,0,0,0,0,loss,completed,0
2014,4044970,30f0466b6e50c5e69f383d1b32a69781,,12,,2014-11-18,2014-11-24,186665,54762,Antdell & Ernie,108.18,99.18,118.33,110.18,11,11,7.09,90.02,6,-2.2666666666667,,186659,108592,Chris & Dom,143.86,128.61,3,9.42,6.8,0,0,0,0,0,loss,completed,0
2014,4044940,478afed4087a76adc35cdd6705586e9e,,12,,2014-11-18,2014-11-24,186663,108588,Frank & Julian,143.5,131.5,136.31,141.5,4,5,9.4,92.93,4,15.133333333333,,186657,54846,Team JoeBa,110.42,116.76,10,7.23,-7.5666666666667,0,0,0,0,0,win,completed,0
2014,4044941,ae9761817f2ef3ebe3e17dead3ced612,,13,,2014-11-25,2014-12-01,186663,108588,Frank & Julian,89.16,88.16,115.61,113.76,12,12,5.92,77.5,10,0,,186655,54773,Ronnie,141.76,143.87,2,9.4,1.5,0,0,0,0,0,loss,completed,0
2014,4044971,a033003950564a66c078c8178cb176db,,13,,2014-11-25,2014-12-01,186665,54762,Antdell & Ernie,112.24,99.5,113.78,146.78,11,4,7.45,75.11,12,-3.0333333333333,,186657,54846,Team JoeBa,133.44,120.74,4,8.85,12.133333333333,0,0,0,0,0,loss,completed,0
2014,4044926,3649f7ddcb7986637fc90ee7d9c1046d,,13,,2014-11-25,2014-12-01,186662,108581,Richie,173.1,153.1,147.1,183.5,1,1,11.48,83.43,6,5.3,,186660,54774,Cambrias,129.9,131.11,5,8.62,-37.1,0,0,0,0,0,win,completed,1
2014,4044956,3d424dab7361c0687697771511f10e7f,,13,,2014-11-25,2014-12-01,186664,108584,Nolan & Vinny,133.8,106.2,126.22,159,3,2,8.88,79.75,7,11.35,,186656,108587,Pung & Tralie,114.18,129.94,9,7.58,-11.35,0,0,0,0,0,win,completed,0
2014,4044910,83f8d15537d48915afab2cd50c5afff2,,13,,2014-11-25,2014-12-01,186661,54855,GaTTa,121.12,114.12,140.91,120.32,7,10,8.04,94.85,3,-37.916666666667,,186659,108592,Chris & Dom,127.9,129.97,6,8.49,45.5,0,0,0,0,0,loss,completed,1
2014,4044894,3649f7ddcb7986637fc90ee7d9c1046d,,13,,2014-11-25,2014-12-01,186660,54774,Cambrias,129.9,129.9,131.11,138.14,5,7,8.62,94.04,4,-37.1,,186662,108581,Richie,173.1,147.1,1,11.48,5.3,0,0,0,0,0,loss,completed,1
2014,4044864,9d3138271d3c3b2ca6dccf5572a57e47,,13,,2014-11-25,2014-12-01,186658,108590,Rob & GregBo,118.12,110.12,115.52,140.62,8,5,7.84,78.31,9,54.533333333333,,186666,54850,LFTLR,112.6,104.92,10,7.47,-13.633333333333,0,0,0,0,0,win,completed,1
2014,4044879,83f8d15537d48915afab2cd50c5afff2,,13,,2014-11-25,2014-12-01,186659,108592,Chris & Dom,127.9,120.9,129.97,158,6,3,8.49,76.52,11,45.5,,186661,54855,GaTTa,121.12,140.91,7,8.04,-37.916666666667,0,0,0,0,0,win,completed,1
2014,4044848,a033003950564a66c078c8178cb176db,,13,,2014-11-25,2014-12-01,186657,54846,Team JoeBa,133.44,129.44,120.74,133.94,4,8,8.85,96.64,2,12.133333333333,,186665,54762,Antdell & Ernie,112.24,113.78,11,7.45,-3.0333333333333,0,0,0,0,0,win,completed,0
2014,4044833,3d424dab7361c0687697771511f10e7f,,13,,2014-11-25,2014-12-01,186656,108587,Pung & Tralie,114.18,100.18,129.94,125.78,9,9,7.58,79.65,8,-11.35,,186664,108584,Nolan & Vinny,133.8,126.22,3,8.88,11.35,0,0,0,0,0,loss,completed,0
2014,4044818,ae9761817f2ef3ebe3e17dead3ced612,,13,,2014-11-25,2014-12-01,186655,54773,Ronnie,141.76,123.56,143.87,139.16,2,6,9.4,98.28,1,1.5,,186663,108588,Frank & Julian,89.16,115.61,12,5.92,0,0,0,0,0,0,win,completed,0
2014,4044987,9d3138271d3c3b2ca6dccf5572a57e47,,13,,2014-11-25,2014-12-01,186666,54850,LFTLR,112.6,101.4,104.92,119.7,10,11,7.47,87.39,5,-13.633333333333,,186658,108590,Rob & GregBo,118.12,115.52,8,7.84,54.533333333333,0,0,0,0,0,loss,completed,1
2014,4044988,f12a117539dce180c9fa46a7f39aca82,,14,,2014-12-02,2014-12-08,186666,54850,LFTLR,91.6,82.6,85.84,93.5,8,8,8.92,88.34,3,-12.133333333333,,186665,54762,Antdell & Ernie,154.88,121.25,1,15.09,3.0333333333333,0,1,0,0,0,loss,completed,0
2014,4044895,a869f8d764886dfb7832d5806b996da5,,14,,2014-12-02,2014-12-08,186660,54774,Cambrias,153.52,148.52,136.94,192.94,3,1,14.96,76.98,7,18.2,,186659,108592,Chris & Dom,113.78,132.82,6,11.08,-36.4,1,0,0,0,0,win,completed,1
2014,4044911,83972e894a2d1de3e1c6b439739066b7,,14,,2014-12-02,2014-12-08,186661,54855,GaTTa,143.76,139.76,144.78,175.14,4,2,14,79.8,6,24.266666666667,,186656,108587,Pung & Tralie,100.5,138.86,7,9.79,-30.333333333333,1,0,0,0,0,win,completed,1
2014,4044880,a869f8d764886dfb7832d5806b996da5,,14,,2014-12-02,2014-12-08,186659,108592,Chris & Dom,113.78,104.78,132.82,125.68,6,6,11.08,83.37,5,-36.4,,186660,54774,Cambrias,153.52,136.94,3,14.96,18.2,1,0,0,0,0,loss,completed,1
2014,4044942,4e14beff7b2b3c04d4bfb2ce8692044f,,14,,2014-12-02,2014-12-08,186663,108588,Frank & Julian,114.5,104.4,109.68,141.2,5,5,11.15,75.42,8,-42.466666666667,,186657,54846,Team JoeBa,154,111.03,2,15,12.133333333333,0,1,0,0,0,loss,completed,1
2014,4044972,f12a117539dce180c9fa46a7f39aca82,,14,,2014-12-02,2014-12-08,186665,54762,Antdell & Ernie,154.88,104.7,121.25,152.78,1,4,15.09,91.56,2,3.0333333333333,,186666,54850,LFTLR,91.6,85.84,8,8.92,-12.133333333333,0,1,0,0,0,win,completed,0
2014,4044849,4e14beff7b2b3c04d4bfb2ce8692044f,,14,,2014-12-02,2014-12-08,186657,54846,Team JoeBa,154,140,111.03,167.6,2,3,15,83.53,4,12.133333333333,,186663,108588,Frank & Julian,114.5,109.68,5,11.15,-42.466666666667,0,1,0,0,0,win,completed,1
2014,4044834,83972e894a2d1de3e1c6b439739066b7,,14,,2014-12-02,2014-12-08,186656,108587,Pung & Tralie,100.5,94.5,138.86,102.6,7,7,9.79,92.11,1,-30.333333333333,,186661,54855,GaTTa,143.76,144.78,4,14,24.266666666667,1,0,0,0,0,loss,completed,1
2014,4044850,7716337ea471f396a15f51ad7ebcc335,,15,,2014-12-09,2014-12-15,186657,54846,Team JoeBa,72.1,68.1,119.61,82.5,11,12,5.82,82.55,7,-6.0666666666667,,186658,108590,Rob & GregBo,80.9,110.62,8,6.53,48.533333333333,0,1,0,0,0,loss,completed,1
2014,4044835,ce38e7b376ae264e8917516a71bd3ce9,,15,,2014-12-09,2014-12-15,186656,108587,Pung & Tralie,130.9,124.9,141.14,134.2,3,4,10.56,93.07,2,-68.25,,186659,108592,Chris & Dom,137.28,124.24,2,11.08,15.166666666667,1,0,0,0,0,loss,completed,3
2014,4044819,4fd7bbca7d5f35b0f58dd073fbd68a1f,,15,,2014-12-09,2014-12-15,186655,54773,Ronnie,95.42,89.62,148.44,123.2,6,6,7.7,75.02,10,-45.5,,186660,54774,Cambrias,118.72,137.93,5,9.58,37.916666666667,1,0,0,0,0,loss,completed,1
2014,4044896,4fd7bbca7d5f35b0f58dd073fbd68a1f,,15,,2014-12-09,2014-12-15,186660,54774,Cambrias,118.72,114.72,137.93,124.32,5,5,9.58,92.28,3,37.916666666667,,186655,54773,Ronnie,95.42,148.44,6,7.7,-45.5,1,0,0,0,0,win,completed,1
2014,4044912,9b495f8f618ac18e3ed43ca007bd55bd,,15,,2014-12-09,2014-12-15,186661,54855,GaTTa,163.56,115.26,152.55,159.56,1,1,13.2,100,1,0,,186664,108584,Nolan & Vinny,67.72,117.46,12,5.46,0,1,0,0,0,0,win,completed,1
2014,4044881,ce38e7b376ae264e8917516a71bd3ce9,,15,,2014-12-09,2014-12-15,186659,108592,Chris & Dom,137.28,132.28,124.24,153.88,2,2,11.08,85.96,5,15.166666666667,,186656,108587,Pung & Tralie,130.9,141.14,3,10.56,-68.25,1,0,0,0,0,win,completed,3
2014,4044865,7716337ea471f396a15f51ad7ebcc335,,15,,2014-12-09,2014-12-15,186658,108590,Rob & GregBo,80.9,80.9,110.62,96,8,11,6.53,84.27,6,48.533333333333,,186657,54846,Team JoeBa,72.1,119.61,11,5.82,-6.0666666666667,0,1,0,0,0,win,completed,1
2014,4044989,138790ec880f1f701dadb1dbb63833a1,,15,,2014-12-09,2014-12-15,186666,54850,LFTLR,85.4,77.4,98.66,101.9,7,9,6.89,75.96,9,42.466666666667,,186663,108588,Frank & Julian,80.2,92.79,10,6.47,-12.133333333333,0,1,0,0,0,win,completed,1
2014,4044943,138790ec880f1f701dadb1dbb63833a1,,15,,2014-12-09,2014-12-15,186663,108588,Frank & Julian,80.2,65.9,92.79,108.6,10,8,6.47,68.32,11,-12.133333333333,,186666,54850,LFTLR,85.4,98.66,7,6.89,42.466666666667,0,1,0,0,0,loss,completed,1
2014,4044973,8c6e9065d0363a55951a671dd6e2b1fe,,15,,2014-12-09,2014-12-15,186665,54762,Antdell & Ernie,80.58,80.58,118.53,100.58,9,10,6.5,80.12,8,-13.65,,186662,108581,Richie,126.38,149.34,4,10.2,18.2,0,1,0,0,0,loss,completed,0
2014,4044927,8c6e9065d0363a55951a671dd6e2b1fe,,15,,2014-12-09,2014-12-15,186662,108581,Richie,126.38,122.38,149.34,141.78,4,3,10.2,86.32,4,18.2,,186665,54762,Antdell & Ernie,80.58,118.53,9,6.5,-13.65,0,1,0,0,0,win,completed,0
2014,4044957,9b495f8f618ac18e3ed43ca007bd55bd,,15,,2014-12-09,2014-12-15,186664,108584,Nolan & Vinny,67.72,65.72,117.46,114.62,12,7,5.46,57.34,12,0,,186661,54855,GaTTa,163.56,152.55,1,13.2,0,1,0,0,0,0,loss,completed,1
2014,4044928,a431c6752c3785a11d01b0cd2468e166,,16,,2014-12-16,2014-12-22,186662,108581,Richie,92.36,86.8,147.66,119.66,6,6,9.89,78.86,4,-45.5,,186658,108590,Rob & GregBo,110.02,102.21,5,11.79,37.916666666667,0,1,0,0,0,loss,completed,0
2014,4044974,4a3a61c67a42718e4cb1e45ebda25482,,16,,2014-12-16,2014-12-22,186665,54762,Antdell & Ernie,131.04,123.04,120.56,167.46,4,1,14.04,73.47,6,21.2,,186657,54846,Team JoeBa,71.54,124.94,8,7.66,-21.2,0,1,0,0,0,win,completed,0
2014,4044958,96201237e11768f513d2e34a59fa643b,,16,,2014-12-16,2014-12-22,186664,108584,Nolan & Vinny,85.52,84.52,120.19,115.12,7,7,9.16,73.42,7,-26.5,,186655,54773,Ronnie,131.84,130,3,14.12,15.9,1,0,0,0,0,loss,completed,1
2014,4044851,4a3a61c67a42718e4cb1e45ebda25482,,16,,2014-12-16,2014-12-22,186657,54846,Team JoeBa,71.54,69.54,124.94,107.58,8,8,7.66,64.64,8,-21.2,,186665,54762,Antdell & Ernie,131.04,120.56,4,14.04,21.2,0,1,0,0,0,loss,completed,0
2014,4044820,96201237e11768f513d2e34a59fa643b,,16,,2014-12-16,2014-12-22,186655,54773,Ronnie,131.84,124.84,130,139.74,3,4,14.12,89.34,3,15.9,,186664,108584,Nolan & Vinny,85.52,120.19,7,9.16,-26.5,1,0,0,0,0,win,completed,1
2014,4044897,271a9b49e3f07f590cd622d6dace524e,,16,,2014-12-16,2014-12-22,186660,54774,Cambrias,153.06,137.76,132.4,155.26,2,2,16.4,91.5,2,-75.833333333333,,186661,54855,GaTTa,158.14,129.29,1,16.94,7.5833333333333,1,0,1,0,0,loss,completed,5
2014,4044913,271a9b49e3f07f590cd622d6dace524e,,16,,2014-12-16,2014-12-22,186661,54855,GaTTa,158.14,149.14,129.29,149.14,1,3,16.94,100,1,7.5833333333333,,186660,54774,Cambrias,153.06,132.4,2,16.4,-75.833333333333,1,0,1,0,0,win,completed,5
2014,4044866,a431c6752c3785a11d01b0cd2468e166,,16,,2014-12-16,2014-12-22,186658,108590,Rob & GregBo,110.02,102.02,102.21,131.52,5,5,11.79,77.57,5,37.916666666667,,186662,108581,Richie,92.36,147.66,6,9.89,-45.5,0,1,0,0,0,win,completed,0
2015,4044759,b8df6fae6b8bddf1c19a4dea569e2546,,1,,2015-09-10,2015-09-14,186652,54855,GaTTa,101.24,92.64,103.57,107.64,12,12,6.54,92.2,5,0,,186648,108592,Chris & Dom,135.52,132.62,4,8.76,9.0666666666667,0,0,0,0,0,loss,completed,0
2015,4044744,58736a419667348dce602638073fedb4,,1,,2015-09-10,2015-09-14,186651,108588,Frank & Julian,117.44,113.44,112.76,119.34,10,10,7.59,95.06,2,-15.166666666667,,186647,54846,Team JoeBa,124.2,126.69,9,8.03,68.25,0,0,0,0,0,loss,completed,1
2015,4044775,c1af4fab49f5f887748e5ea1cc0e6317,,1,,2015-09-10,2015-09-14,186653,108584,Nolan & Vinny,132.64,126.64,123.83,149.94,6,2,8.57,84.46,11,40.9,,186649,54774,Cambrias,127.56,123.83,8,8.24,-27.266666666667,0,0,0,0,0,win,completed,1
2015,4044790,6208b0065ded747c290c1dfdda399e33,,1,,2015-09-10,2015-09-14,186654,54762,Antdell & Ernie,134.52,123.52,131.03,138.82,5,6,8.69,88.98,8,-47.716666666667,,186650,108590,Rob & GregBo,135.74,120.18,3,8.77,20.45,0,0,0,0,0,loss,completed,3
2015,4044622,0f12714df73a544e33affc539e1fc27d,,1,,2015-09-10,2015-09-14,186643,54773,Ronnie,142.56,136.56,118.08,143.96,2,5,9.21,94.86,3,9.1,,186645,54850,LFTLR,129.14,119.99,7,8.35,-22.75,0,0,0,0,0,win,completed,0
2015,4044667,fa860ee557cde75ab092851a898feefa,,1,,2015-09-10,2015-09-14,186646,108581,Richie,162.1,151.1,129.31,166.88,1,1,10.48,90.54,7,0.75,,186644,108587,Pung & Tralie,104.62,115.64,11,6.76,-0.75,0,0,0,0,0,win,completed,0
2015,4044652,0f12714df73a544e33affc539e1fc27d,,1,,2015-09-10,2015-09-14,186645,54850,LFTLR,129.14,127.14,119.99,134.44,7,8,8.35,94.57,4,-22.75,,186643,54773,Ronnie,142.56,118.08,2,9.21,9.1,0,0,0,0,0,loss,completed,0
2015,4044637,fa860ee557cde75ab092851a898feefa,,1,,2015-09-10,2015-09-14,186644,108587,Pung & Tralie,104.62,77.2,115.64,118.82,11,11,6.76,84.68,10,-0.75,,186646,108581,Richie,162.1,129.31,1,10.48,0.75,0,0,0,0,0,loss,completed,0
2015,4044683,58736a419667348dce602638073fedb4,,1,,2015-09-10,2015-09-14,186647,54846,Team JoeBa,124.2,120.2,126.69,135.2,9,7,8.03,88.91,9,68.25,,186651,108588,Frank & Julian,117.44,112.76,10,7.59,-15.166666666667,0,0,0,0,0,win,completed,1
2015,4044729,6208b0065ded747c290c1dfdda399e33,,1,,2015-09-10,2015-09-14,186650,108590,Rob & GregBo,135.74,133.74,120.18,145.94,3,4,8.77,91.64,6,20.45,,186654,54762,Antdell & Ernie,134.52,131.03,5,8.69,-47.716666666667,0,0,0,0,0,win,completed,3
2015,4044714,c1af4fab49f5f887748e5ea1cc0e6317,,1,,2015-09-10,2015-09-14,186649,54774,Cambrias,127.56,111.32,123.83,130.22,8,9,8.24,96.39,1,-27.266666666667,,186653,108584,Nolan & Vinny,132.64,123.83,6,8.57,40.9,0,0,0,0,0,loss,completed,1
2015,4044699,b8df6fae6b8bddf1c19a4dea569e2546,,1,,2015-09-10,2015-09-14,186648,108592,Chris & Dom,135.52,124.52,132.62,148.72,4,3,8.76,83.73,12,9.0666666666667,,186652,54855,GaTTa,101.24,103.57,12,6.54,0,0,0,0,0,0,win,completed,0
2015,4044730,94af52b6ff8e7fa2e73671a3a6d2651a,,2,,2015-09-15,2015-09-21,186650,108590,Rob & GregBo,142.36,113.66,124.64,167.6,2,1,10.14,78.38,11,10.6,,186646,108581,Richie,121.4,135.27,6,8.65,-31.8,0,0,0,0,0,win,completed,0
2015,4044715,a62a162cf07fa8a9d60aa561d65806af,,2,,2015-09-15,2015-09-21,186649,54774,Cambrias,124.64,113.64,116.28,124.84,5,6,8.88,91.03,5,30.333333333333,,186645,54850,LFTLR,109.26,123.18,8,7.78,-24.266666666667,0,0,0,0,0,win,completed,0
2015,4044700,1f48133d6b60384884baadd553e83734,,2,,2015-09-15,2015-09-21,186648,108592,Chris & Dom,143.24,109,119.96,167.04,1,2,10.2,81.56,10,6.0666666666667,,186644,108587,Pung & Tralie,124.9,117.98,4,8.89,-48.533333333333,0,0,0,0,0,win,completed,1
2015,4044684,4c3f522a04149757e4375b93ddf57904,,2,,2015-09-15,2015-09-21,186647,54846,Team JoeBa,132.24,129.24,119.56,136.36,3,5,9.42,94.78,3,11.35,,186643,54773,Ronnie,108.06,118.29,9,7.7,-11.35,0,0,0,0,0,win,completed,0
2015,4044745,f7ee3f3ecb4a3cf986f283bbfba7caa4,,2,,2015-09-15,2015-09-21,186651,108588,Frank & Julian,94.84,84.84,107.01,94.7,11,11,6.75,89.59,6,-5.3,,186653,108584,Nolan & Vinny,115.56,120.35,7,8.23,37.1,0,0,0,0,0,loss,completed,0
2015,4044760,d6e012dd0e5c4e5b0beffd8e1cc910fd,,2,,2015-09-15,2015-09-21,186652,54855,GaTTa,82.64,78.64,108.32,81.64,12,12,5.89,96.33,1,0,,186654,54762,Antdell & Ernie,105.02,122.29,10,7.48,68.166666666667,0,0,0,0,0,loss,completed,0
2015,4044776,f7ee3f3ecb4a3cf986f283bbfba7caa4,,2,,2015-09-15,2015-09-21,186653,108584,Nolan & Vinny,115.56,104.56,120.35,121.86,7,7,8.23,85.8,9,37.1,,186651,108588,Frank & Julian,94.84,107.01,11,6.75,-5.3,0,0,0,0,0,win,completed,0
2015,4044791,d6e012dd0e5c4e5b0beffd8e1cc910fd,,2,,2015-09-15,2015-09-21,186654,54762,Antdell & Ernie,105.02,102.02,122.29,118.22,10,8,7.48,86.3,8,68.166666666667,,186652,54855,GaTTa,82.64,108.32,12,5.89,0,0,0,0,0,0,win,completed,0
2015,4044623,4c3f522a04149757e4375b93ddf57904,,2,,2015-09-15,2015-09-21,186643,54773,Ronnie,108.06,84.86,118.29,105.14,9,10,7.7,96.12,2,-11.35,,186647,54846,Team JoeBa,132.24,119.56,3,9.42,11.35,0,0,0,0,0,loss,completed,0
2015,4044668,94af52b6ff8e7fa2e73671a3a6d2651a,,2,,2015-09-15,2015-09-21,186646,108581,Richie,121.4,119.4,135.27,136.8,6,4,8.65,87.28,7,-31.8,,186650,108590,Rob & GregBo,142.36,124.64,2,10.14,10.6,0,0,0,0,0,loss,completed,0
2015,4044653,a62a162cf07fa8a9d60aa561d65806af,,2,,2015-09-15,2015-09-21,186645,54850,LFTLR,109.26,102.26,123.18,108.66,8,9,7.78,94.11,4,-24.266666666667,,186649,54774,Cambrias,124.64,116.28,5,8.88,30.333333333333,0,0,0,0,0,loss,completed,0
2015,4044638,1f48133d6b60384884baadd553e83734,,2,,2015-09-15,2015-09-21,186644,108587,Pung & Tralie,124.9,122.9,117.98,164.9,4,3,8.89,74.53,12,-48.533333333333,,186648,108592,Chris & Dom,143.24,119.96,1,10.2,6.0666666666667,0,0,0,0,0,loss,completed,1
2015,4044654,74a49f36b452a8b66b36ed8709a8d72a,,3,,2015-09-22,2015-09-28,186645,54850,LFTLR,179.38,171.38,117.26,181.28,1,1,10.77,94.54,4,5.3,,186651,108588,Frank & Julian,138.5,121.44,5,8.32,-37.1,0,0,0,0,0,win,completed,1
2015,4044669,1ed96ddb1c4bcd6cb9a67813c1e22854,,3,,2015-09-22,2015-09-28,186646,108581,Richie,164.34,153.34,127.75,155.04,3,5,9.87,98.9,1,15.9,,186652,54855,GaTTa,130.9,116.43,7,7.86,-26.5,0,0,0,0,0,win,completed,0
2015,4044639,77b1d81c724a9f908868fd1c729f69a5,,3,,2015-09-22,2015-09-28,186644,108587,Pung & Tralie,102.2,80.8,123.57,131.4,11,10,6.14,73.97,12,-6.0666666666667,,186650,108590,Rob & GregBo,130.68,122.5,8,7.85,48.533333333333,0,0,0,0,0,loss,completed,0
2015,4044624,b79262d699db7a397a0da6d9e72accb7,,3,,2015-09-22,2015-09-28,186643,54773,Ronnie,127.92,104.72,126.41,135.32,9,8,7.68,85.66,9,-18.2,,186649,54774,Cambrias,138.34,122.82,6,8.31,36.4,0,0,0,0,0,loss,completed,0
2015,4044685,181f5f6d1ff2311709281fa7a89429cf,,3,,2015-09-22,2015-09-28,186647,54846,Team JoeBa,172.96,162.96,122.03,175.18,2,2,10.39,93.02,7,4.5333333333333,,186653,108584,Nolan & Vinny,126.38,128.41,10,7.59,-4.5333333333333,0,0,0,0,0,win,completed,0
2015,4044716,b79262d699db7a397a0da6d9e72accb7,,3,,2015-09-22,2015-09-28,186649,54774,Cambrias,138.34,137.34,122.82,141.64,6,7,8.31,96.96,2,36.4,,186643,54773,Ronnie,127.92,126.41,9,7.68,-18.2,0,0,0,0,0,win,completed,0
2015,4044731,77b1d81c724a9f908868fd1c729f69a5,,3,,2015-09-22,2015-09-28,186650,108590,Rob & GregBo,130.68,124.68,122.5,130.98,8,11,7.85,95.19,3,48.533333333333,,186644,108587,Pung & Tralie,102.2,123.57,11,6.14,-6.0666666666667,0,0,0,0,0,win,completed,0
2015,4044701,0cdfc5213fcc91435382118c2a82b549,,3,,2015-09-22,2015-09-28,186648,108592,Chris & Dom,154.52,139.52,127.59,170.62,4,3,9.28,81.77,10,9.0666666666667,,186654,54762,Antdell & Ernie,99,119.25,12,5.95,0,0,0,0,0,0,win,completed,0
2015,4044746,74a49f36b452a8b66b36ed8709a8d72a,,3,,2015-09-22,2015-09-28,186651,108588,Frank & Julian,138.5,131.5,121.44,143.2,5,6,8.32,91.83,8,-37.1,,186645,54850,LFTLR,179.38,117.26,1,10.77,5.3,0,0,0,0,0,loss,completed,1
2015,4044777,181f5f6d1ff2311709281fa7a89429cf,,3,,2015-09-22,2015-09-28,186653,108584,Nolan & Vinny,126.38,125.38,128.41,133.58,10,9,7.59,93.86,5,-4.5333333333333,,186647,54846,Team JoeBa,172.96,122.03,2,10.39,4.5333333333333,0,0,0,0,0,loss,completed,0
2015,4044761,1ed96ddb1c4bcd6cb9a67813c1e22854,,3,,2015-09-22,2015-09-28,186652,54855,GaTTa,130.9,127.9,116.43,168.46,7,4,7.86,75.92,11,-26.5,,186646,108581,Richie,164.34,127.75,3,9.87,15.9,0,0,0,0,0,loss,completed,0
2015,4044792,0cdfc5213fcc91435382118c2a82b549,,3,,2015-09-22,2015-09-28,186654,54762,Antdell & Ernie,99,86,119.25,91.8,12,12,5.95,93.68,6,0,,186648,108592,Chris & Dom,154.52,127.59,4,9.28,9.0666666666667,0,0,0,0,0,loss,completed,0
2015,4044778,7f11cb28d0c33a432467513a3ea27e5a,,4,,2015-09-29,2015-10-05,186653,108584,Nolan & Vinny,80.62,77.62,121.29,108.52,12,10,6.6,71.53,10,0,,186652,54855,GaTTa,92.88,104.14,8,7.6,42.4,0,0,0,0,0,loss,completed,0
2015,4044793,ac10b7ae4d1c48b03db1dc98432ba9c2,,4,,2015-09-29,2015-10-05,186654,54762,Antdell & Ernie,88.24,74.84,115.7,138.24,9,3,7.22,58.77,12,-6.8,,186649,54774,Cambrias,163.12,132.63,1,13.35,2.2666666666667,0,0,0,0,0,loss,completed,0
2015,4044762,7f11cb28d0c33a432467513a3ea27e5a,,4,,2015-09-29,2015-10-05,186652,54855,GaTTa,92.88,49.6,104.14,109.78,8,9,7.6,80.96,5,42.4,,186653,108584,Nolan & Vinny,80.62,121.29,12,6.6,0,0,0,0,0,0,win,completed,0
2015,4044747,5f4c66e9e389005493f12e956a6e80c2,,4,,2015-09-29,2015-10-05,186651,108588,Frank & Julian,108.66,104.66,118.23,144.26,4,2,8.9,72.55,9,27.266666666667,,186650,108590,Rob & GregBo,99.02,120.33,6,8.11,-40.9,0,0,0,0,0,win,completed,1
2015,4044655,360578d288569c3f587929ad518af0bb,,4,,2015-09-29,2015-10-05,186645,54850,LFTLR,82.36,80.36,113.91,114.3,11,7,6.74,70.31,11,-1.5166666666667,,186646,108581,Richie,113.78,128.82,2,9.31,3.0333333333333,0,0,0,0,0,loss,completed,0
2015,4044670,360578d288569c3f587929ad518af0bb,,4,,2015-09-29,2015-10-05,186646,108581,Richie,113.78,88.08,128.82,129.56,2,4,9.31,86.28,4,3.0333333333333,,186645,54850,LFTLR,82.36,113.91,11,6.74,-1.5166666666667,0,0,0,0,0,win,completed,0
2015,4044640,8da8db4781858d7b85f052f4a0cd89b6,,4,,2015-09-29,2015-10-05,186644,108587,Pung & Tralie,101.04,74.74,122.99,126.44,5,5,8.27,78.33,6,22.75,,186643,54773,Ronnie,85.56,124.08,10,7,-9.1,0,0,0,0,0,win,completed,0
2015,4044625,8da8db4781858d7b85f052f4a0cd89b6,,4,,2015-09-29,2015-10-05,186643,54773,Ronnie,85.56,83.56,124.08,112.16,10,8,7,74.5,8,-9.1,,186644,108587,Pung & Tralie,101.04,122.99,5,8.27,22.75,0,0,0,0,0,loss,completed,0
2015,4044686,69520d96267a4af405567e56ce9bc2c4,,4,,2015-09-29,2015-10-05,186647,54846,Team JoeBa,97.22,91.22,114.76,105.64,7,11,7.96,86.35,3,-26.5,,186648,108592,Chris & Dom,109.02,114.52,3,8.92,15.9,0,0,0,0,0,loss,completed,0
2015,4044732,5f4c66e9e389005493f12e956a6e80c2,,4,,2015-09-29,2015-10-05,186650,108590,Rob & GregBo,99.02,93.02,120.33,119.32,6,6,8.11,77.96,7,-40.9,,186651,108588,Frank & Julian,108.66,118.23,4,8.9,27.266666666667,0,0,0,0,0,loss,completed,1
2015,4044702,69520d96267a4af405567e56ce9bc2c4,,4,,2015-09-29,2015-10-05,186648,108592,Chris & Dom,109.02,105.02,114.52,105.02,3,12,8.92,100,1,15.9,,186647,54846,Team JoeBa,97.22,114.76,7,7.96,-26.5,0,0,0,0,0,win,completed,0
2015,4044717,ac10b7ae4d1c48b03db1dc98432ba9c2,,4,,2015-09-29,2015-10-05,186649,54774,Cambrias,163.12,153.12,132.63,155.22,1,1,13.35,98.65,2,2.2666666666667,,186654,54762,Antdell & Ernie,88.24,115.7,9,7.22,-6.8,0,0,0,0,0,win,completed,0
2015,4044733,fe50796b5cca324466d5714945170ecc,,5,,2015-10-06,2015-10-12,186650,108590,Rob & GregBo,131.48,105.78,104.11,138.08,5,5,9.51,91.6,3,15.166666666667,,186647,54846,Team JoeBa,80.84,86.6,12,5.85,0,0,0,0,0,0,win,completed,0
2015,4044703,524fe96c81c8207a5c747ecf11f10538,,5,,2015-10-06,2015-10-12,186648,108592,Chris & Dom,133.7,118.3,79.46,151.32,3,3,9.67,83.73,8,11.35,,186645,54850,LFTLR,93.66,83.93,9,6.78,-11.35,0,0,0,0,0,win,completed,0
2015,4044687,fe50796b5cca324466d5714945170ecc,,5,,2015-10-06,2015-10-12,186647,54846,Team JoeBa,80.84,78.84,86.6,99.34,12,10,5.85,79.36,10,0,,186650,108590,Rob & GregBo,131.48,104.11,5,9.51,15.166666666667,0,0,0,0,0,loss,completed,0
2015,4044718,48d1c7e341a584b0aa0d497c61e30ff9,,5,,2015-10-06,2015-10-12,186649,54774,Cambrias,159.2,154.2,99.26,165.7,1,2,11.52,93.06,2,3.7833333333333,,186644,108587,Pung & Tralie,104.4,102.44,7,7.55,-18.916666666667,0,0,0,0,0,win,completed,0
2015,4044763,8187cd252e563e2c904ecd2c4649e08d,,5,,2015-10-06,2015-10-12,186652,54855,GaTTa,133.14,123.14,89.57,141.64,4,4,9.63,86.94,6,21.2,,186651,108588,Frank & Julian,101.42,108.1,8,7.34,-21.2,0,0,0,0,0,win,completed,0
2015,4044779,e30b71b2f66c8aeca9502f74901b1807,,5,,2015-10-06,2015-10-12,186653,108584,Nolan & Vinny,81.58,76.58,112.91,94.58,11,11,5.9,80.97,9,-7.5833333333333,,186654,54762,Antdell & Ernie,87.26,111.12,10,6.31,75.833333333333,0,0,0,0,0,loss,completed,1
2015,4044794,e30b71b2f66c8aeca9502f74901b1807,,5,,2015-10-06,2015-10-12,186654,54762,Antdell & Ernie,87.26,87.26,111.12,91.96,10,12,6.31,94.89,1,75.833333333333,,186653,108584,Nolan & Vinny,81.58,112.91,11,5.9,-7.5833333333333,0,0,0,0,0,win,completed,1
2015,4044748,8187cd252e563e2c904ecd2c4649e08d,,5,,2015-10-06,2015-10-12,186651,108588,Frank & Julian,101.42,92.7,108.1,109.32,8,9,7.34,89.11,5,-21.2,,186652,54855,GaTTa,133.14,89.57,4,9.63,21.2,0,0,0,0,0,loss,completed,0
2015,4044656,524fe96c81c8207a5c747ecf11f10538,,5,,2015-10-06,2015-10-12,186645,54850,LFTLR,93.66,90.76,83.93,122.56,9,7,6.78,74.05,12,-11.35,,186648,108592,Chris & Dom,133.7,79.46,3,9.67,11.35,0,0,0,0,0,loss,completed,0
2015,4044641,48d1c7e341a584b0aa0d497c61e30ff9,,5,,2015-10-06,2015-10-12,186644,108587,Pung & Tralie,104.4,99.4,102.44,110.6,7,8,7.55,89.87,4,-18.916666666667,,186649,54774,Cambrias,159.2,99.26,1,11.52,3.7833333333333,0,0,0,0,0,loss,completed,0
2015,4044626,2c23d90803de5f43a0ab4f7707211ac8,,5,,2015-10-06,2015-10-12,186643,54773,Ronnie,123.44,115.94,117.04,137.84,6,6,8.93,84.47,7,-31.8,,186646,108581,Richie,151.94,113.58,2,10.99,10.6,0,0,0,0,0,loss,completed,0
2015,4044671,2c23d90803de5f43a0ab4f7707211ac8,,5,,2015-10-06,2015-10-12,186646,108581,Richie,151.94,137.94,113.58,183.24,2,1,10.99,75.28,11,10.6,,186643,54773,Ronnie,123.44,117.04,6,8.93,-31.8,0,0,0,0,0,win,completed,0
2015,4044672,91df60781c8286253b402aeab372c8f1,,6,,2015-10-13,2015-10-19,186646,108581,Richie,138.34,133.34,126.64,164.04,5,3,9.21,81.29,9,34.083333333333,,186654,54762,Antdell & Ernie,117.5,121.72,7,7.83,-34.083333333333,0,0,0,0,0,win,completed,0
2015,4044627,23d64e14355e4b13583afa501a03afd0,,6,,2015-10-13,2015-10-19,186643,54773,Ronnie,95.5,90.5,125.82,105.3,11,11,6.36,85.94,8,-6.8166666666667,,186651,108588,Frank & Julian,110.2,116.08,9,7.34,61.35,0,0,0,0,0,loss,completed,0
2015,4044642,87a12bc1687a432f721651a458afe203,,6,,2015-10-13,2015-10-19,186644,108587,Pung & Tralie,139.48,114.28,118.57,165.18,4,2,9.29,77.78,10,15.133333333333,,186652,54855,GaTTa,101.36,105.29,10,6.75,-7.5666666666667,0,0,0,0,0,win,completed,0
2015,4044657,aae1a07ba24e3c85c9c1413029f8a569,,6,,2015-10-13,2015-10-19,186645,54850,LFTLR,72.4,57.2,103.01,76.9,12,12,4.82,87.65,7,0,,186653,108584,Nolan & Vinny,122.02,111.05,6,8.13,22.7,0,0,0,0,0,loss,completed,0
2015,4044688,1a217e5c86b740f1aa1a050ace962253,,6,,2015-10-13,2015-10-19,186647,54846,Team JoeBa,149.32,124.02,129.81,140.32,2,7,9.95,100,1,-75.833333333333,,186649,54774,Cambrias,195.12,129.24,1,13,7.5833333333333,0,0,0,0,0,loss,completed,2
2015,4044719,1a217e5c86b740f1aa1a050ace962253,,6,,2015-10-13,2015-10-19,186649,54774,Cambrias,195.12,189.12,129.24,197.22,1,1,13,95.89,3,7.5833333333333,,186647,54846,Team JoeBa,149.32,129.81,2,9.95,-75.833333333333,0,0,0,0,0,win,completed,2
2015,4044704,e78bd54524cd1991fcfeda42381369f0,,6,,2015-10-13,2015-10-19,186648,108592,Chris & Dom,146.18,142.18,141.39,152.08,3,5,9.74,93.49,5,13.65,,186650,108590,Rob & GregBo,113.96,118.61,8,7.59,-18.2,0,0,0,0,0,win,completed,0
2015,4044734,e78bd54524cd1991fcfeda42381369f0,,6,,2015-10-13,2015-10-19,186650,108590,Rob & GregBo,113.96,93.36,118.61,148.54,8,6,7.59,76.72,11,-18.2,,186648,108592,Chris & Dom,146.18,141.39,3,9.74,13.65,0,0,0,0,0,loss,completed,0
2015,4044795,91df60781c8286253b402aeab372c8f1,,6,,2015-10-13,2015-10-19,186654,54762,Antdell & Ernie,117.5,112.5,121.72,112.5,7,8,7.83,100,2,-34.083333333333,,186646,108581,Richie,138.34,126.64,5,9.21,34.083333333333,0,0,0,0,0,loss,completed,0
2015,4044764,87a12bc1687a432f721651a458afe203,,6,,2015-10-13,2015-10-19,186652,54855,GaTTa,101.36,101.36,105.29,111.54,10,9,6.75,90.87,6,-7.5666666666667,,186644,108587,Pung & Tralie,139.48,118.57,4,9.29,15.133333333333,0,0,0,0,0,loss,completed,0
2015,4044749,23d64e14355e4b13583afa501a03afd0,,6,,2015-10-13,2015-10-19,186651,108588,Frank & Julian,110.2,99.2,116.08,105.4,9,10,7.34,94.12,4,61.35,,186643,54773,Ronnie,95.5,125.82,11,6.36,-6.8166666666667,0,0,0,0,0,win,completed,0
2015,4044780,aae1a07ba24e3c85c9c1413029f8a569,,6,,2015-10-13,2015-10-19,186653,108584,Nolan & Vinny,122.02,116.02,111.05,159.52,6,4,8.13,72.73,12,22.7,,186645,54850,LFTLR,72.4,103.01,12,4.82,0,0,0,0,0,0,win,completed,0
2015,4044765,181ae495b76d6f5a53b3b4fe46c6887d,,7,,2015-10-20,2015-10-26,186652,54855,GaTTa,98.4,78.3,95.09,102.3,11,11,6.24,91.3,8,-1.5166666666667,,186650,108590,Rob & GregBo,174.08,112.53,2,11.04,3.0333333333333,0,0,0,0,0,loss,completed,0
2015,4044750,58f0d01b9ab58cf3735e81d02a8bc66b,,7,,2015-10-20,2015-10-26,186651,108588,Frank & Julian,122.08,113.08,118.47,134.44,7,7,7.74,84.11,11,-37.916666666667,,186649,54774,Cambrias,131.44,149.45,6,8.33,45.5,0,0,0,0,0,loss,completed,1
2015,4044796,a49d3928ae988a0b071a302ea4df5029,,7,,2015-10-20,2015-10-26,186654,54762,Antdell & Ernie,121.84,97.04,111.81,126.08,8,8,7.73,90.29,9,-24.266666666667,,186644,108587,Pung & Tralie,136.32,119.66,5,8.64,30.333333333333,0,0,0,0,0,loss,completed,0
2015,4044781,b57666114e3ea3504aa13da04167f82d,,7,,2015-10-20,2015-10-26,186653,108584,Nolan & Vinny,140.4,136.4,113.95,136.4,4,5,8.9,100,4,-48.533333333333,,186643,54773,Ronnie,185.06,120.05,1,11.74,6.0666666666667,0,0,0,0,0,loss,completed,1
2015,4044643,a49d3928ae988a0b071a302ea4df5029,,7,,2015-10-20,2015-10-26,186644,108587,Pung & Tralie,136.32,122.32,119.66,122.32,5,9,8.64,100,2,30.333333333333,,186654,54762,Antdell & Ernie,121.84,111.81,8,7.73,-24.266666666667,0,0,0,0,0,win,completed,0
2015,4044628,b57666114e3ea3504aa13da04167f82d,,7,,2015-10-20,2015-10-26,186643,54773,Ronnie,185.06,168.06,120.05,168.06,1,1,11.74,100,1,6.0666666666667,,186653,108584,Nolan & Vinny,140.4,113.95,4,8.9,-48.533333333333,0,0,0,0,0,win,completed,1
2015,4044673,90b969471541feb6334c3f44df30f3ed,,7,,2015-10-20,2015-10-26,186646,108581,Richie,116.1,112.1,133.6,112.1,9,10,7.36,100,3,-11.35,,186648,108592,Chris & Dom,146.1,128.44,3,9.26,11.35,0,0,0,0,0,loss,completed,0
2015,4044658,ff687c7efaf8f259fb441c3cc45431e9,,7,,2015-10-20,2015-10-26,186645,54850,LFTLR,90.5,85.5,110.13,97,12,12,5.74,88.14,10,0,,186647,54846,Team JoeBa,114.66,129.2,10,7.27,68.166666666667,0,0,0,0,0,loss,completed,0
2015,4044705,90b969471541feb6334c3f44df30f3ed,,7,,2015-10-20,2015-10-26,186648,108592,Chris & Dom,146.1,141.1,128.44,143.5,3,3,9.26,98.33,5,11.35,,186646,108581,Richie,116.1,133.6,9,7.36,-11.35,0,0,0,0,0,win,completed,0
2015,4044720,58f0d01b9ab58cf3735e81d02a8bc66b,,7,,2015-10-20,2015-10-26,186649,54774,Cambrias,131.44,115.94,149.45,134.54,6,6,8.33,92.49,7,45.5,,186651,108588,Frank & Julian,122.08,118.47,7,7.74,-37.916666666667,0,0,0,0,0,win,completed,1
2015,4044689,ff687c7efaf8f259fb441c3cc45431e9,,7,,2015-10-20,2015-10-26,186647,54846,Team JoeBa,114.66,113.66,129.2,139.56,10,4,7.27,81.44,12,68.166666666667,,186645,54850,LFTLR,90.5,110.13,12,5.74,0,0,0,0,0,0,win,completed,0
2015,4044735,181ae495b76d6f5a53b3b4fe46c6887d,,7,,2015-10-20,2015-10-26,186650,108590,Rob & GregBo,174.08,153.08,112.53,159.08,2,2,11.04,96.23,6,3.0333333333333,,186652,54855,GaTTa,98.4,95.09,11,6.24,-1.5166666666667,0,0,0,0,0,win,completed,0
2015,4044721,86701f14430aa6657c5213cc949e85ff,,8,,2015-10-27,2015-11-02,186649,54774,Cambrias,194.14,155.04,158.02,180.14,2,2,12.53,96.11,6,6.0666666666667,,186653,108584,Nolan & Vinny,113.18,118.21,9,7.3,-9.1,0,0,0,0,0,win,completed,0
2015,4044690,5abce56201c2335be6fef76214c5a95d,,8,,2015-10-27,2015-11-02,186647,54846,Team JoeBa,130.74,128.74,134.09,130.7,6,6,8.44,98.5,5,22.7,,186651,108588,Frank & Julian,68.58,116.59,12,4.42,0,0,0,0,0,0,win,completed,0
2015,4044736,0eb06f1c286d4bba047ca899433b2267,,8,,2015-10-27,2015-11-02,186650,108590,Rob & GregBo,139.8,106.4,122.1,139.9,3,5,9.02,99.21,4,20.45,,186654,54762,Antdell & Ernie,136.28,122.89,5,8.79,-47.716666666667,0,0,0,0,0,win,completed,3
2015,4044706,48eb171103ae980eb0813793468722e0,,8,,2015-10-27,2015-11-02,186648,108592,Chris & Dom,195.34,180.34,134.37,180.34,1,1,12.6,100,2,3.0333333333333,,186652,54855,GaTTa,127.6,109.69,8,8.23,-12.133333333333,0,0,0,0,0,win,completed,0
2015,4044782,86701f14430aa6657c5213cc949e85ff,,8,,2015-10-27,2015-11-02,186653,108584,Nolan & Vinny,113.18,108.18,118.21,125.58,9,10,7.3,86.14,8,-9.1,,186649,54774,Cambrias,194.14,158.02,2,12.53,6.0666666666667,0,0,0,0,0,loss,completed,0
2015,4044797,0eb06f1c286d4bba047ca899433b2267,,8,,2015-10-27,2015-11-02,186654,54762,Antdell & Ernie,136.28,129.28,122.89,129.28,5,7,8.79,100,3,-47.716666666667,,186650,108590,Rob & GregBo,139.8,122.1,3,9.02,20.45,0,0,0,0,0,loss,completed,3
2015,4044766,48eb171103ae980eb0813793468722e0,,8,,2015-10-27,2015-11-02,186652,54855,GaTTa,127.6,111.6,109.69,143,8,4,8.23,78.04,9,-12.133333333333,,186648,108592,Chris & Dom,195.34,134.37,1,12.6,3.0333333333333,0,0,0,0,0,loss,completed,0
2015,4044751,5abce56201c2335be6fef76214c5a95d,,8,,2015-10-27,2015-11-02,186651,108588,Frank & Julian,68.58,66.58,116.59,75.42,12,12,4.42,88.28,7,0,,186647,54846,Team JoeBa,130.74,134.09,6,8.44,22.7,0,0,0,0,0,loss,completed,0
2015,4044644,7f9a6b4f586561fc3a5b3f238e6b0010,,8,,2015-10-27,2015-11-02,186644,108587,Pung & Tralie,81.64,77.64,119.56,103.96,11,11,5.27,74.68,10,-3.0333333333333,,186646,108581,Richie,139.76,138.01,4,9.02,12.133333333333,0,0,0,0,0,loss,completed,0
2015,4044629,56ce11e642b0c05186232e81e7fba807,,8,,2015-10-27,2015-11-02,186643,54773,Ronnie,94.68,94.68,114.21,128.72,10,8,6.11,73.56,11,-12.133333333333,,186645,54850,LFTLR,128.14,113.19,7,8.27,42.466666666667,0,0,0,0,0,loss,completed,0
2015,4044674,7f9a6b4f586561fc3a5b3f238e6b0010,,8,,2015-10-27,2015-11-02,186646,108581,Richie,139.76,98.2,138.01,172.5,4,3,9.02,73.48,12,12.133333333333,,186644,108587,Pung & Tralie,81.64,119.56,11,5.27,-3.0333333333333,0,0,0,0,0,win,completed,0
2015,4044659,56ce11e642b0c05186232e81e7fba807,,8,,2015-10-27,2015-11-02,186645,54850,LFTLR,128.14,113.94,113.19,126.14,7,9,8.27,100,1,42.466666666667,,186643,54773,Ronnie,94.68,114.21,10,6.11,-12.133333333333,0,0,0,0,0,win,completed,0
2015,4044645,c8992cc06cf9ade5f2dfdf2fa0a208e9,,9,,2015-11-03,2015-11-09,186644,108587,Pung & Tralie,115.38,108.38,115.79,112.18,8,10,7.48,96.61,3,54.533333333333,,186653,108584,Nolan & Vinny,100.96,119.79,10,6.55,-13.633333333333,0,0,0,0,0,win,completed,0
2015,4044660,3313835f77bdf3d33d076fc28ab68a76,,9,,2015-11-03,2015-11-09,186645,54850,LFTLR,124.7,121.7,118.03,133.5,6,6,8.09,91.16,7,45.5,,186650,108590,Rob & GregBo,122.06,122.33,7,7.92,-37.916666666667,0,0,0,0,0,win,completed,2
2015,4044675,095d5fe72cd1bb489033e9fbbdbd164c,,9,,2015-11-03,2015-11-09,186646,108581,Richie,97.98,89.98,122.23,110.38,11,11,6.35,81.52,9,-0.75,,186649,54774,Cambrias,187.8,160.58,1,12.18,0.75,0,0,0,0,0,loss,completed,0
2015,4044630,a7f2d415eb246afdde3d4d7a7ab841b8,,9,,2015-11-03,2015-11-09,186643,54773,Ronnie,171.1,159.1,104.34,165.72,2,2,11.1,96.01,5,12.133333333333,,186648,108592,Chris & Dom,133.46,141.06,5,8.65,-42.466666666667,0,0,0,0,0,win,completed,1
2015,4044707,a7f2d415eb246afdde3d4d7a7ab841b8,,9,,2015-11-03,2015-11-09,186648,108592,Chris & Dom,133.46,127.46,141.06,162.96,5,3,8.65,78.22,12,-42.466666666667,,186643,54773,Ronnie,171.1,104.34,2,11.1,12.133333333333,0,0,0,0,0,loss,completed,1
2015,4044737,3313835f77bdf3d33d076fc28ab68a76,,9,,2015-11-03,2015-11-09,186650,108590,Rob & GregBo,122.06,113.98,122.33,142.74,7,5,7.92,79.85,10,-37.916666666667,,186645,54850,LFTLR,124.7,118.03,6,8.09,45.5,0,0,0,0,0,loss,completed,2
2015,4044722,095d5fe72cd1bb489033e9fbbdbd164c,,9,,2015-11-03,2015-11-09,186649,54774,Cambrias,187.8,182.8,160.58,182.8,1,1,12.18,100,1,0.75,,186646,108581,Richie,97.98,122.23,11,6.35,-0.75,0,0,0,0,0,win,completed,0
2015,4044691,2c358f20d44bcf5f1b1ee3b5d3708b5e,,9,,2015-11-03,2015-11-09,186647,54846,Team JoeBa,137.16,127.16,131.31,132.16,4,7,8.89,96.22,4,18.2,,186652,54855,GaTTa,109.42,103.41,9,7.1,-13.65,0,0,0,0,0,win,completed,0
2015,4044783,c8992cc06cf9ade5f2dfdf2fa0a208e9,,9,,2015-11-03,2015-11-09,186653,108584,Nolan & Vinny,100.96,90.96,119.79,116.16,10,9,6.55,78.31,11,-13.633333333333,,186644,108587,Pung & Tralie,115.38,115.79,8,7.48,54.533333333333,0,0,0,0,0,loss,completed,0
2015,4044798,5e1f5596ecd4a1fee30b051c5794564f,,9,,2015-11-03,2015-11-09,186654,54762,Antdell & Ernie,152.02,145.02,113.02,152.04,3,4,9.86,95.38,6,4.55,,186651,108588,Frank & Julian,89.98,79.26,12,5.84,0,0,0,0,0,0,win,completed,0
2015,4044767,2c358f20d44bcf5f1b1ee3b5d3708b5e,,9,,2015-11-03,2015-11-09,186652,54855,GaTTa,109.42,105.42,103.41,127.12,9,8,7.1,82.93,8,-13.65,,186647,54846,Team JoeBa,137.16,131.31,4,8.89,18.2,0,0,0,0,0,loss,completed,0
2015,4044752,5e1f5596ecd4a1fee30b051c5794564f,,9,,2015-11-03,2015-11-09,186651,108588,Frank & Julian,89.98,81.98,79.26,81.98,12,12,5.84,100,2,0,,186654,54762,Antdell & Ernie,152.02,113.02,3,9.86,4.55,0,0,0,0,0,loss,completed,0
2015,4044784,bc844d5f1738fe3b3ab3a96f4dd52829,,10,,2015-11-10,2015-11-16,186653,108584,Nolan & Vinny,86.4,72.2,121.93,113.76,11,9,6.01,74.19,12,-7.5833333333333,,186646,108581,Richie,94.76,127.34,10,6.59,75.833333333333,0,0,0,0,0,loss,completed,1
2015,4044768,240a5713c2bbe8be4fd8770f60fd41d0,,10,,2015-11-10,2015-11-16,186652,54855,GaTTa,113.94,107.94,110.02,116.54,7,7,7.93,92.62,6,-26.5,,186645,54850,LFTLR,137.42,120.24,3,9.56,15.9,0,0,0,0,0,loss,completed,0
2015,4044799,132ae9fcf18993bf724cc639a61d11e5,,10,,2015-11-10,2015-11-16,186654,54762,Antdell & Ernie,106.92,95.92,113.49,106.72,8,10,7.44,96.44,4,-24.266666666667,,186647,54846,Team JoeBa,129.48,138.3,5,9.01,30.333333333333,0,0,0,0,0,loss,completed,0
2015,4044753,6862311add41ce8e3db63924f4aa92f8,,10,,2015-11-10,2015-11-16,186651,108588,Frank & Julian,72.48,68.48,108.11,68.48,12,12,5.04,100,2,0,,186644,108587,Pung & Tralie,135.54,107.54,4,9.43,9.0666666666667,0,0,0,0,0,loss,completed,0
2015,4044661,240a5713c2bbe8be4fd8770f60fd41d0,,10,,2015-11-10,2015-11-16,186645,54850,LFTLR,137.42,125.42,120.24,131.72,3,4,9.56,95.22,5,15.9,,186652,54855,GaTTa,113.94,110.02,7,7.93,-26.5,0,0,0,0,0,win,completed,0
2015,4044631,172767356c388517d18b65295c60f11e,,10,,2015-11-10,2015-11-16,186643,54773,Ronnie,139.12,100.92,126.84,151.02,2,3,9.68,87.49,7,6.0666666666667,,186650,108590,Rob & GregBo,99.6,112.09,9,6.93,-9.1,0,0,0,0,0,win,completed,0
2015,4044676,bc844d5f1738fe3b3ab3a96f4dd52829,,10,,2015-11-10,2015-11-16,186646,108581,Richie,94.76,88.76,127.34,105.22,10,11,6.59,84.36,9,75.833333333333,,186653,108584,Nolan & Vinny,86.4,121.93,11,6.01,-7.5833333333333,0,0,0,0,0,win,completed,1
2015,4044646,6862311add41ce8e3db63924f4aa92f8,,10,,2015-11-10,2015-11-16,186644,108587,Pung & Tralie,135.54,120.54,107.54,123.46,4,6,9.43,97.63,3,9.0666666666667,,186651,108588,Frank & Julian,72.48,108.11,12,5.04,0,0,0,0,0,0,win,completed,0
2015,4044708,6db556ea41ae61719882f493311e4a0c,,10,,2015-11-10,2015-11-16,186648,108592,Chris & Dom,121.96,109.96,157.92,130.86,6,5,8.49,84.03,10,-27.3,,186649,54774,Cambrias,199.36,147.45,1,13.87,4.55,0,0,0,0,0,loss,completed,0
2015,4044738,172767356c388517d18b65295c60f11e,,10,,2015-11-10,2015-11-16,186650,108590,Rob & GregBo,99.6,96.6,112.09,113.98,9,8,6.93,84.75,8,-9.1,,186643,54773,Ronnie,139.12,126.84,2,9.68,6.0666666666667,0,0,0,0,0,loss,completed,0
2015,4044692,132ae9fcf18993bf724cc639a61d11e5,,10,,2015-11-10,2015-11-16,186647,54846,Team JoeBa,129.48,126.48,138.3,158.48,5,2,9.01,79.81,11,30.333333333333,,186654,54762,Antdell & Ernie,106.92,113.49,8,7.44,-24.266666666667,0,0,0,0,0,win,completed,0
2015,4044723,6db556ea41ae61719882f493311e4a0c,,10,,2015-11-10,2015-11-16,186649,54774,Cambrias,199.36,181.36,147.45,181.36,1,1,13.87,100,1,4.55,,186648,108592,Chris & Dom,121.96,157.92,6,8.49,-27.3,0,0,0,0,0,win,completed,0
2015,4044709,70e4e5b8f375e11ca31459232715f18e,,11,,2015-11-17,2015-11-23,186648,108592,Chris & Dom,95.58,84.88,134.69,90.08,4,10,8.42,99.44,3,24.266666666667,,186644,108587,Pung & Tralie,90.58,113.15,7,7.97,-30.333333333333,0,0,0,0,0,win,completed,2
2015,4044739,af2106925ac782da031cc3a80f0f1382,,11,,2015-11-17,2015-11-23,186650,108590,Rob & GregBo,92.04,92.04,113.63,106.64,6,5,8.1,86.31,5,-27.3,,186646,108581,Richie,146.88,137.99,1,12.93,4.55,0,0,0,0,0,loss,completed,0
2015,4044693,c06b8e73f15cde6323252bb8f9ec727d,,11,,2015-11-17,2015-11-23,186647,54846,Team JoeBa,121,60.6,135.82,129.4,2,2,10.65,88.87,4,4.5333333333333,,186643,54773,Ronnie,80.86,124.38,10,7.12,-4.5333333333333,0,0,0,0,0,win,completed,0
2015,4044724,1facf5e7283eae8978543a8f3d4c98cb,,11,,2015-11-17,2015-11-23,186649,54774,Cambrias,85.42,87.42,151.55,112.92,9,3,7.52,77.42,9,-22.75,,186645,54850,LFTLR,89.8,118.17,8,7.91,60.666666666667,0,0,0,0,0,loss,completed,2
2015,4044769,54bb774fd99c2c1fe71762d9d000834c,,11,,2015-11-17,2015-11-23,186652,54855,GaTTa,69.2,69,68.42,105.6,11,8,6.09,64.58,12,83.416666666667,,186654,54762,Antdell & Ernie,61.78,116.1,12,5.44,0,0,0,0,0,0,win,completed,1
2015,4044785,ca1a68edd06722ab91dc926f6f2f2f81,,11,,2015-11-17,2015-11-23,186653,108584,Nolan & Vinny,94.94,89.94,110.42,105.94,5,6,8.36,84.9,7,-47.716666666667,,186651,108588,Frank & Julian,107.74,98.78,3,9.49,20.45,0,0,0,0,0,loss,completed,1
2015,4044800,54bb774fd99c2c1fe71762d9d000834c,,11,,2015-11-17,2015-11-23,186654,54762,Antdell & Ernie,61.78,61.78,116.1,93.6,12,9,5.44,66,11,0,,186652,54855,GaTTa,69.2,68.42,11,6.09,83.416666666667,0,0,0,0,0,loss,completed,1
2015,4044754,ca1a68edd06722ab91dc926f6f2f2f81,,11,,2015-11-17,2015-11-23,186651,108588,Frank & Julian,107.74,94.74,98.78,111.14,3,4,9.49,85.24,6,20.45,,186653,108584,Nolan & Vinny,94.94,110.42,5,8.36,-47.716666666667,0,0,0,0,0,win,completed,1
2015,4044662,1facf5e7283eae8978543a8f3d4c98cb,,11,,2015-11-17,2015-11-23,186645,54850,LFTLR,89.8,85.8,118.17,85.8,8,12,7.91,100,1,60.666666666667,,186649,54774,Cambrias,85.42,151.55,9,7.52,-22.75,0,0,0,0,0,win,completed,2
2015,4044677,af2106925ac782da031cc3a80f0f1382,,11,,2015-11-17,2015-11-23,186646,108581,Richie,146.88,131.88,137.99,164.48,1,1,12.93,80.18,8,4.55,,186650,108590,Rob & GregBo,92.04,113.63,6,8.1,-27.3,0,0,0,0,0,win,completed,0
2015,4044632,c06b8e73f15cde6323252bb8f9ec727d,,11,,2015-11-17,2015-11-23,186643,54773,Ronnie,80.86,76.86,124.38,105.88,10,7,7.12,72.59,10,-4.5333333333333,,186647,54846,Team JoeBa,121,135.82,2,10.65,4.5333333333333,0,0,0,0,0,loss,completed,0
2015,4044647,70e4e5b8f375e11ca31459232715f18e,,11,,2015-11-17,2015-11-23,186644,108587,Pung & Tralie,90.58,86.58,113.15,86.72,7,11,7.97,99.84,2,-30.333333333333,,186648,108592,Chris & Dom,95.58,134.69,4,8.42,24.266666666667,0,0,0,0,0,loss,completed,2
2015,4044648,65cbc7b27147c9cb1c8afeedebc4a025,,12,,2015-11-24,2015-11-30,186644,108587,Pung & Tralie,98.24,83.24,123.51,147.7,9,4,6.93,68.54,9,61.35,,186650,108590,Rob & GregBo,91.22,112.35,11,6.43,-6.8166666666667,0,0,0,0,0,win,completed,1
2015,4044633,30dce3a71794bb9acddc7e3950e0da16,,12,,2015-11-24,2015-11-30,186643,54773,Ronnie,138.48,126.68,122.48,146,3,6,9.76,92.25,2,-68.25,,186649,54774,Cambrias,144.3,145.02,2,10.18,15.166666666667,0,0,0,0,0,loss,completed,2
2015,4044663,e6c277a4c5cfb102f78601500d16b23a,,12,,2015-11-24,2015-11-30,186645,54850,LFTLR,109.1,103.7,115.07,127.94,8,9,7.6899999999999995,82.93,8,-21.2,,186651,108588,Frank & Julian,132.12,115.19,4,9.32,21.2,0,0,0,0,0,loss,completed,0
2015,4044678,b235dde4f49438edcc991da7090058c3,,12,,2015-11-24,2015-11-30,186646,108581,Richie,97.04,92.04,137,140.84,10,7,6.84,65.35,10,68.166666666667,,186652,54855,GaTTa,71.24,88.13,12,5.02,0,0,0,0,0,0,win,completed,0
2015,4044710,28200bdaa5611f3a3debaf88948648f3,,12,,2015-11-24,2015-11-30,186648,108592,Chris & Dom,127.2,118.2,142.02,181.2,6,2,8.97,65.23,11,45.5,,186654,54762,Antdell & Ernie,118.26,121.56,7,8.34,-37.916666666667,0,0,0,0,0,win,completed,1
2015,4044725,30dce3a71794bb9acddc7e3950e0da16,,12,,2015-11-24,2015-11-30,186649,54774,Cambrias,144.3,135.7,145.02,160.9,2,3,10.18,84.34,6,15.166666666667,,186643,54773,Ronnie,138.48,122.48,3,9.76,-68.25,0,0,0,0,0,win,completed,2
2015,4044740,65cbc7b27147c9cb1c8afeedebc4a025,,12,,2015-11-24,2015-11-30,186650,108590,Rob & GregBo,91.22,85.22,112.35,101.44,11,12,6.43,84.01,7,-6.8166666666667,,186644,108587,Pung & Tralie,98.24,123.51,9,6.93,61.35,0,0,0,0,0,loss,completed,1
2015,4044694,a1642879fb06fafb106a849dc71f0684,,12,,2015-11-24,2015-11-30,186647,54846,Team JoeBa,163.52,156.52,142.79,183.42,1,1,11.53,85.33,5,5.3,,186653,108584,Nolan & Vinny,127.44,110.75,5,8.99,-37.1,0,0,0,0,0,win,completed,1
2015,4044770,b235dde4f49438edcc991da7090058c3,,12,,2015-11-24,2015-11-30,186652,54855,GaTTa,71.24,57.24,88.13,125.3,12,10,5.02,45.68,12,0,,186646,108581,Richie,97.04,137,10,6.84,68.166666666667,0,0,0,0,0,loss,completed,0
2015,4044786,a1642879fb06fafb106a849dc71f0684,,12,,2015-11-24,2015-11-30,186653,108584,Nolan & Vinny,127.44,119.44,110.75,139.34,5,8,8.99,85.72,4,-37.1,,186647,54846,Team JoeBa,163.52,142.79,1,11.53,5.3,0,0,0,0,0,loss,completed,1
2015,4044801,28200bdaa5611f3a3debaf88948648f3,,12,,2015-11-24,2015-11-30,186654,54762,Antdell & Ernie,118.26,113.26,121.56,117.56,7,11,8.34,96.34,1,-37.916666666667,,186648,108592,Chris & Dom,127.2,142.02,6,8.97,45.5,0,0,0,0,0,loss,completed,1
2015,4044755,e6c277a4c5cfb102f78601500d16b23a,,12,,2015-11-24,2015-11-30,186651,108588,Frank & Julian,132.12,129.12,115.19,146.08,4,5,9.32,88.39,3,21.2,,186645,54850,LFTLR,109.1,115.07,8,7.6899999999999995,-21.2,0,0,0,0,0,win,completed,0
2015,4044771,f1333b11c654d7b7ab22223caf4ad6a0,,13,,2015-12-01,2015-12-07,186652,54855,GaTTa,86.68,80.68,117.75,118.56,11,9,5.38,68.05,12,-5.3,,186644,108587,Pung & Tralie,110.28,116.52,7,6.84,37.1,0,0,0,0,0,loss,completed,0
2015,4044787,f0abe5516b957e95c4b8cd2f92c4609b,,13,,2015-12-01,2015-12-07,186653,108584,Nolan & Vinny,122.76,103.76,121.55,123.36,6,8,7.61,84.11,8,22.7,,186645,54850,LFTLR,82.38,116.82,12,5.11,0,0,0,0,0,0,win,completed,0
2015,4044756,984cdee9026bad9f51a8cd321052376d,,13,,2015-12-01,2015-12-07,186651,108588,Frank & Julian,175.04,86.3,123.71,168.24,4,4,10.85,95.72,3,21.2,,186643,54773,Ronnie,109.72,130.74,8,6.8,-21.2,0,0,0,0,0,win,completed,0
2015,4044802,d6df19a0b012e0dbf3692c704c76ee4e,,13,,2015-12-01,2015-12-07,186654,54762,Antdell & Ernie,149.18,136.18,111.31,137.08,5,5,9.25,99.34,1,22.75,,186646,108581,Richie,95.44,131.12,10,5.92,-9.1,0,0,0,0,0,win,completed,0
2015,4044649,f1333b11c654d7b7ab22223caf4ad6a0,,13,,2015-12-01,2015-12-07,186644,108587,Pung & Tralie,110.28,97.28,116.52,112.78,7,10,6.84,86.26,6,37.1,,186652,54855,GaTTa,86.68,117.75,11,5.38,-5.3,0,0,0,0,0,win,completed,0
2015,4044664,f0abe5516b957e95c4b8cd2f92c4609b,,13,,2015-12-01,2015-12-07,186645,54850,LFTLR,82.38,84.38,116.82,112.54,12,11,5.11,74.98,10,0,,186653,108584,Nolan & Vinny,122.76,121.55,6,7.61,22.7,0,0,0,0,0,loss,completed,0
2015,4044634,984cdee9026bad9f51a8cd321052376d,,13,,2015-12-01,2015-12-07,186643,54773,Ronnie,109.72,102.72,130.74,131.16,8,6,6.8,78.32,9,-21.2,,186651,108588,Frank & Julian,175.04,123.71,4,10.85,21.2,0,0,0,0,0,loss,completed,0
2015,4044679,d6df19a0b012e0dbf3692c704c76ee4e,,13,,2015-12-01,2015-12-07,186646,108581,Richie,95.44,90.44,131.12,107.38,10,12,5.92,84.22,7,-9.1,,186654,54762,Antdell & Ernie,149.18,111.31,5,9.25,22.75,0,0,0,0,0,loss,completed,0
2015,4044741,d0fa2d78b91992dfbf248ee83ae071da,,13,,2015-12-01,2015-12-07,186650,108590,Rob & GregBo,182.82,166.42,114.03,185.72,3,3,11.34,89.61,5,-68.25,,186648,108592,Chris & Dom,197.68,147.26,2,12.26,15.166666666667,0,0,0,0,0,loss,completed,1
2015,4044726,94afe04fe871aeac4cbe2993fc3f5058,,13,,2015-12-01,2015-12-07,186649,54774,Cambrias,203.9,189.9,155.71,207.1,1,1,12.64,91.69,4,2.2666666666667,,186647,54846,Team JoeBa,96.7,148.02,9,6,-6.8,0,0,0,0,0,win,completed,0
2015,4044711,d0fa2d78b91992dfbf248ee83ae071da,,13,,2015-12-01,2015-12-07,186648,108592,Chris & Dom,197.68,191.68,147.26,193.48,2,2,12.26,99.07,2,15.166666666667,,186650,108590,Rob & GregBo,182.82,114.03,3,11.34,-68.25,0,0,0,0,0,win,completed,1
2015,4044695,94afe04fe871aeac4cbe2993fc3f5058,,13,,2015-12-01,2015-12-07,186647,54846,Team JoeBa,96.7,91.7,148.02,129.2,9,7,6,70.98,11,-6.8,,186649,54774,Cambrias,203.9,155.71,1,12.64,2.2666666666667,0,0,0,0,0,loss,completed,0
2015,4044696,289f0948dffbcaddfb47fed2b6938f73,,14,,2015-12-08,2015-12-14,186647,54846,Team JoeBa,148.86,122.5,145.81,159.96,1,1,16.99,92.44,1,4.55,,186650,108590,Rob & GregBo,100.16,121.08,6,11.43,-27.3,1,0,0,0,0,win,completed,1
2015,4044772,0209df569894b48b2edb318e470e598b,,14,,2015-12-08,2015-12-14,186652,54855,GaTTa,111.08,69.08,104.82,117.58,4,6,12.67,84.27,4,24.266666666667,,186643,54773,Ronnie,93.32,123.46,7,10.65,-30.333333333333,0,1,0,0,0,win,completed,0
2015,4044788,397833749e07843f6c9b816d81592a89,,14,,2015-12-08,2015-12-14,186653,108584,Nolan & Vinny,100.98,97.98,109.83,127.4,5,3,11.52,76.91,6,-42.466666666667,,186654,54762,Antdell & Ernie,142.3,129.16,2,16.24,12.133333333333,0,1,0,0,0,loss,completed,1
2015,4044742,289f0948dffbcaddfb47fed2b6938f73,,14,,2015-12-08,2015-12-14,186650,108590,Rob & GregBo,100.16,92.16,121.08,121.66,6,5,11.43,75.75,7,-27.3,,186647,54846,Team JoeBa,148.86,145.81,1,16.99,4.55,1,0,0,0,0,loss,completed,1
2015,4044803,397833749e07843f6c9b816d81592a89,,14,,2015-12-08,2015-12-14,186654,54762,Antdell & Ernie,142.3,133.3,129.16,146.8,2,2,16.24,90.8,2,12.133333333333,,186653,108584,Nolan & Vinny,100.98,109.83,5,11.52,-42.466666666667,0,1,0,0,0,win,completed,1
2015,4044650,7e8d1ccf8f9a8f12e6bf4bafa002a206,,14,,2015-12-08,2015-12-14,186644,108587,Pung & Tralie,66.98,66.98,117.61,83.38,8,8,7.64,80.33,5,-18.2,,186646,108581,Richie,112.7,134.56,3,12.86,13.65,1,0,0,0,0,loss,completed,1
2015,4044635,0209df569894b48b2edb318e470e598b,,14,,2015-12-08,2015-12-14,186643,54773,Ronnie,93.32,89.32,123.46,122.92,7,4,10.65,72.67,8,-30.333333333333,,186652,54855,GaTTa,111.08,104.82,4,12.67,24.266666666667,0,1,0,0,0,loss,completed,0
2015,4044680,7e8d1ccf8f9a8f12e6bf4bafa002a206,,14,,2015-12-08,2015-12-14,186646,108581,Richie,112.7,100.7,134.56,116.3,3,7,12.86,86.59,3,13.65,,186644,108587,Pung & Tralie,66.98,117.61,8,7.64,-18.2,1,0,0,0,0,win,completed,1
2015,4044665,014f3e84213d916715eba56f086529e1,,15,,2015-12-15,2015-12-21,186645,54850,LFTLR,79.24,55.2,105.01,92.9,12,12,4.79,83.14,8,0,,186652,54855,GaTTa,125.5,97.13,8,7.59,42.4,0,1,0,0,0,loss,completed,0
2015,4044636,760601d7cfd70ccda0f1a921dbff858f,,15,,2015-12-15,2015-12-21,186643,54773,Ronnie,118.06,112.06,122.09,132.54,10,11,7.14,84.55,7,-12.133333333333,,186653,108584,Nolan & Vinny,130.9,119.97,7,7.92,42.466666666667,0,1,0,0,0,loss,completed,0
2015,4044651,1998c50eade72bff535de962b77d9c9d,,15,,2015-12-15,2015-12-21,186644,108587,Pung & Tralie,137.62,94.12,115.35,138.22,4,10,8.32,93.78,3,18.2,,186650,108590,Rob & GregBo,125.34,113.04,9,7.58,-13.65,1,0,0,0,0,win,completed,1
2015,4044681,f04f9bf232fdb7ff2466fd17be51a283,,15,,2015-12-15,2015-12-21,186646,108581,Richie,117.76,58.16,132.78,151.24,11,6,7.12,77.4,11,-1.5166666666667,,186649,54774,Cambrias,187.06,145.3,2,11.31,3.0333333333333,1,0,0,0,0,loss,completed,1
2015,4044789,760601d7cfd70ccda0f1a921dbff858f,,15,,2015-12-15,2015-12-21,186653,108584,Nolan & Vinny,130.9,121.9,119.97,157.54,7,4,7.92,77.38,12,42.466666666667,,186643,54773,Ronnie,118.06,122.09,10,7.14,-12.133333333333,0,1,0,0,0,win,completed,0
2015,4044773,014f3e84213d916715eba56f086529e1,,15,,2015-12-15,2015-12-21,186652,54855,GaTTa,125.5,115.5,97.13,143.66,8,7,7.59,80.4,10,42.4,,186645,54850,LFTLR,79.24,105.01,12,4.79,0,0,1,0,0,0,win,completed,0
2015,4044757,9066a2e8035fc454ffdfe9aa7d0fc0f6,,15,,2015-12-15,2015-12-21,186651,108588,Frank & Julian,166.1,151.1,123.79,164.1,3,3,10.05,92.08,5,20.45,,186654,54762,Antdell & Ernie,136.38,119.75,5,8.25,-47.716666666667,0,1,0,0,0,win,completed,1
2015,4044743,1998c50eade72bff535de962b77d9c9d,,15,,2015-12-15,2015-12-21,186650,108590,Rob & GregBo,125.34,125.34,113.04,152.64,9,5,7.58,82.11,9,-13.65,,186644,108587,Pung & Tralie,137.62,115.35,4,8.32,18.2,1,0,0,0,0,loss,completed,1
2015,4044727,f04f9bf232fdb7ff2466fd17be51a283,,15,,2015-12-15,2015-12-21,186649,54774,Cambrias,187.06,183.06,145.3,188.24,2,2,11.31,97.25,1,3.0333333333333,,186646,108581,Richie,117.76,132.78,11,7.12,-1.5166666666667,1,0,0,0,0,win,completed,1
2015,4044712,03ac397ada9d224cae9dcd72ec683775,,15,,2015-12-15,2015-12-21,186648,108592,Chris & Dom,198.48,187.48,141.3,199.28,1,1,12,94.08,2,4.55,,186647,54846,Team JoeBa,131.06,141.16,6,7.93,-27.3,1,0,0,0,0,win,completed,1
2015,4044697,03ac397ada9d224cae9dcd72ec683775,,15,,2015-12-15,2015-12-21,186647,54846,Team JoeBa,131.06,120.06,141.16,139.26,6,9,7.93,86.21,6,-27.3,,186648,108592,Chris & Dom,198.48,141.3,1,12,4.55,1,0,0,0,0,loss,completed,1
2015,4044804,9066a2e8035fc454ffdfe9aa7d0fc0f6,,15,,2015-12-15,2015-12-21,186654,54762,Antdell & Ernie,136.38,131.38,119.75,140.88,5,8,8.25,93.26,4,-47.716666666667,,186651,108588,Frank & Julian,166.1,123.79,3,10.05,20.45,0,1,0,0,0,loss,completed,1
2015,4044805,67fc91df4bcd58221e9ccfe580cec680,,16,,2015-12-22,2015-12-28,186654,54762,Antdell & Ernie,141.62,126.62,126.48,133.62,4,5,14.27,94.76,2,24.266666666667,,186645,54850,LFTLR,82.14,99.49,7,8.27,-30.333333333333,0,1,0,0,0,win,completed,0
2015,4044666,67fc91df4bcd58221e9ccfe580cec680,,16,,2015-12-22,2015-12-28,186645,54850,LFTLR,82.14,80.14,99.49,114.04,7,8,8.27,70.27,7,-30.333333333333,,186654,54762,Antdell & Ernie,141.62,126.48,4,14.27,24.266666666667,0,1,0,0,0,loss,completed,0
2015,4044728,258490cb92f54d9ade24d959b10e2c7e,,16,,2015-12-22,2015-12-28,186649,54774,Cambrias,146.64,127.54,145.17,150.24,3,2,14.77,92.74,4,-68.25,,186648,108592,Chris & Dom,147.14,143.32,2,14.82,15.166666666667,1,0,1,0,0,loss,completed,6
2015,4044713,258490cb92f54d9ade24d959b10e2c7e,,16,,2015-12-22,2015-12-28,186648,108592,Chris & Dom,147.14,143.14,143.32,148.14,2,3,14.82,96.62,1,15.166666666667,,186649,54774,Cambrias,146.64,145.17,3,14.77,-68.25,1,0,1,0,0,win,completed,6
2015,4044698,c8683143fa472500df29c8f671afb021,,16,,2015-12-22,2015-12-28,186647,54846,Team JoeBa,159.7,151.7,108.66,179.6,1,1,16.09,84.47,5,4.55,,186646,108581,Richie,119.4,129.61,6,12.03,-27.3,1,0,0,0,0,win,completed,1
2015,4044682,c8683143fa472500df29c8f671afb021,,16,,2015-12-22,2015-12-28,186646,108581,Richie,119.4,109.4,129.61,136.98,6,4,12.03,79.87,6,-27.3,,186647,54846,Team JoeBa,159.7,108.66,1,16.09,4.55,1,0,0,0,0,loss,completed,1
2015,4044774,b39dd8e351c4f1229312d1aecc2ba00e,,16,,2015-12-22,2015-12-28,186652,54855,GaTTa,74.26,67.46,102.42,130.36,8,6,7.48,53.9,8,-24.266666666667,,186651,108588,Frank & Julian,121.78,121.3,5,12.27,30.333333333333,0,1,0,0,0,loss,completed,0
2015,4044758,b39dd8e351c4f1229312d1aecc2ba00e,,16,,2015-12-22,2015-12-28,186651,108588,Frank & Julian,121.78,121.78,121.3,128.64,5,7,12.27,94.67,3,30.333333333333,,186652,54855,GaTTa,74.26,102.42,8,7.48,-24.266666666667,0,1,0,0,0,win,completed,0
2016,4044577,aa283f343254468fae4088886b34bd0d,,1,,2016-09-08,2016-09-12,186640,108592,Chris & Dom,158.18,145.18,127,179.64,3,2,10.15,80.82,10,15.9,,186634,54855,GaTTa,121.66,117.69,7,7.8100000000000005,-26.5,0,0,0,0,0,win,completed,0
2016,4044562,2343e3fd13345e627254a73b6c716a06,,1,,2016-09-08,2016-09-12,186639,54846,Team JoeBa,117.7,115.7,130.17,120,9,10,7.55,96.42,2,-15.9,,186635,54774,Cambrias,135.24,121.51,5,8.68,26.5,0,0,0,0,0,loss,completed,0
2016,4044607,019f2b833fbe06af36c8b3e31a81a9b0,,1,,2016-09-08,2016-09-12,186642,54850,LFTLR,182.12,166.12,128.01,190.02,1,1,11.69,87.42,6,7.5833333333333,,186637,108587,Pung & Tralie,162.86,124.85,2,10.45,-75.833333333333,0,0,0,0,0,win,completed,2
2016,4044592,1b9d407736d77bc5f368cf3ff90094f2,,1,,2016-09-08,2016-09-12,186641,54762,Antdell & Ernie,128.52,126.52,136.11,157.72,6,4,8.25,80.22,11,-40.9,,186633,108588,Frank & Julian,145.3,127.33,4,9.33,27.266666666667,0,0,0,0,0,loss,completed,0
2016,4044485,aa283f343254468fae4088886b34bd0d,,1,,2016-09-08,2016-09-12,186634,54855,GaTTa,121.66,117.66,117.69,135,7,7,7.8100000000000005,87.16,7,-26.5,,186640,108592,Chris & Dom,158.18,127,3,10.15,15.9,0,0,0,0,0,loss,completed,0
2016,4044469,1b9d407736d77bc5f368cf3ff90094f2,,1,,2016-09-08,2016-09-12,186633,108588,Frank & Julian,145.3,134.3,127.33,134.4,4,8,9.33,99.93,1,27.266666666667,,186641,54762,Antdell & Ernie,128.52,136.11,6,8.25,-40.9,0,0,0,0,0,win,completed,0
2016,4044454,7a0bbd65c2b2be45325e10b881d7cad3,,1,,2016-09-08,2016-09-12,186632,108584,Nolan & Vinny,121.2,114.2,131.65,140.1,8,6,7.78,81.51,9,54.533333333333,,186631,54773,Ronnie,100.56,133.03,10,6.45,-13.633333333333,0,0,0,0,0,win,completed,0
2016,4044438,7a0bbd65c2b2be45325e10b881d7cad3,,1,,2016-09-08,2016-09-12,186631,54773,Ronnie,100.56,97.56,133.03,110.16,10,12,6.45,88.56,5,-13.633333333333,,186632,108584,Nolan & Vinny,121.2,131.65,8,7.78,54.533333333333,0,0,0,0,0,loss,completed,0
2016,4044547,26031dc8a0eef6483bbadf0344611889,,1,,2016-09-08,2016-09-12,186638,108590,Rob & GregBo,99.94,98.94,125.51,120.04,11,9,6.41,82.42,8,83.416666666667,,186636,108581,Richie,84.66,116.55,12,5.43,0,0,0,0,0,0,win,completed,0
2016,4044501,2343e3fd13345e627254a73b6c716a06,,1,,2016-09-08,2016-09-12,186635,54774,Cambrias,135.24,117.54,121.51,141.94,5,5,8.68,90.35,4,26.5,,186639,54846,Team JoeBa,117.7,130.17,9,7.55,-15.9,0,0,0,0,0,win,completed,0
2016,4044516,26031dc8a0eef6483bbadf0344611889,,1,,2016-09-08,2016-09-12,186636,108581,Richie,84.66,84.66,116.55,117.34,12,11,5.43,72.15,12,0,,186638,108590,Rob & GregBo,99.94,125.51,11,6.41,83.416666666667,0,0,0,0,0,loss,completed,0
2016,4044531,019f2b833fbe06af36c8b3e31a81a9b0,,1,,2016-09-08,2016-09-12,186637,108587,Pung & Tralie,162.86,159.86,124.85,166.16,2,3,10.45,96.21,3,-75.833333333333,,186642,54850,LFTLR,182.12,128.01,1,11.69,7.5833333333333,0,0,0,0,0,loss,completed,2
2016,4044548,bf9a8f83ef8aa84d7ca7d8ec84d0d19e,,2,,2016-09-13,2016-09-19,186638,108590,Rob & GregBo,138.48,125.48,124.09,138.98,3,4,9.61,90.29,7,-68.25,,186637,108587,Pung & Tralie,141.76,121.81,2,9.84,15.166666666667,0,0,0,0,0,loss,completed,3
2016,4044502,3e6619b1c7f8e06681c22bf70082446b,,2,,2016-09-13,2016-09-19,186635,54774,Cambrias,120.98,116.98,127.9,135.14,8,6,8.4,86.56,8,-27.266666666667,,186640,108592,Chris & Dom,123.72,133.17,6,8.59,40.9,0,0,0,0,0,loss,completed,2
2016,4044517,44e926d7920bdda4e4be9dbe45ffd74b,,2,,2016-09-13,2016-09-19,186636,108581,Richie,84.56,81.56,109.66,104.46,12,12,5.87,78.08,9,0,,186639,54846,Team JoeBa,136.46,134.42,4,9.47,9.0666666666667,0,0,0,0,0,loss,completed,0
2016,4044532,bf9a8f83ef8aa84d7ca7d8ec84d0d19e,,2,,2016-09-13,2016-09-19,186637,108587,Pung & Tralie,141.76,135.76,121.81,149.36,2,2,9.84,90.89,6,15.166666666667,,186638,108590,Rob & GregBo,138.48,124.09,3,9.61,-68.25,0,0,0,0,0,win,completed,3
2016,4044578,3e6619b1c7f8e06681c22bf70082446b,,2,,2016-09-13,2016-09-19,186640,108592,Chris & Dom,123.72,79.02,133.17,166.96,6,1,8.59,73.5,10,40.9,,186635,54774,Cambrias,120.98,127.9,8,8.4,-27.266666666667,0,0,0,0,0,win,completed,2
2016,4044563,44e926d7920bdda4e4be9dbe45ffd74b,,2,,2016-09-13,2016-09-19,186639,54846,Team JoeBa,136.46,105.46,134.42,130.86,4,7,9.47,98.17,2,9.0666666666667,,186636,108581,Richie,84.56,109.66,12,5.87,0,0,0,0,0,0,win,completed,0
2016,4044608,470b1f7b5864988716860da42305ba71,,2,,2016-09-13,2016-09-19,186642,54850,LFTLR,108.22,95.52,130.72,111.12,9,11,7.51,94.69,3,-6.8,,186632,108584,Nolan & Vinny,146.16,128.72,1,10.15,2.2666666666667,0,0,0,0,0,loss,completed,0
2016,4044593,8235a5ad5d555e1e7b47f85302d8550f,,2,,2016-09-13,2016-09-19,186641,54762,Antdell & Ernie,95.06,86.16,132.41,135.7,11,5,6.6,68.58,12,-5.3,,186634,54855,GaTTa,123.62,113.38,7,8.58,37.1,0,0,0,0,0,loss,completed,0
2016,4044439,2928830528202b980320fcb089051971,,2,,2016-09-13,2016-09-19,186631,54773,Ronnie,126.42,113.42,134.62,124.42,5,9,8.78,91.16,5,22.75,,186633,108588,Frank & Julian,95.08,119.41,10,6.6,-9.1,0,0,0,0,0,win,completed,0
2016,4044486,8235a5ad5d555e1e7b47f85302d8550f,,2,,2016-09-13,2016-09-19,186634,54855,GaTTa,123.62,120.62,113.38,120.62,7,10,8.58,100,1,37.1,,186641,54762,Antdell & Ernie,95.06,132.41,11,6.6,-5.3,0,0,0,0,0,win,completed,0
2016,4044470,2928830528202b980320fcb089051971,,2,,2016-09-13,2016-09-19,186633,108588,Frank & Julian,95.08,94.08,119.41,128.18,10,8,6.6,73.4,11,-9.1,,186631,54773,Ronnie,126.42,134.62,5,8.78,22.75,0,0,0,0,0,loss,completed,0
2016,4044455,470b1f7b5864988716860da42305ba71,,2,,2016-09-13,2016-09-19,186632,108584,Nolan & Vinny,146.16,135.16,128.72,147.96,1,3,10.15,91.35,4,2.2666666666667,,186642,54850,LFTLR,108.22,130.72,9,7.51,-6.8,0,0,0,0,0,win,completed,0
2016,4044440,266ef1d5b455780ff9885f6ff81e6dae,,3,,2016-09-20,2016-09-26,186631,54773,Ronnie,116.68,111.68,128.52,137.9,7,6,7.9399999999999995,80.99,10,-34.083333333333,,186634,54855,GaTTa,130.5,119.43,5,8.88,34.083333333333,0,0,0,0,0,loss,completed,0
2016,4044487,266ef1d5b455780ff9885f6ff81e6dae,,3,,2016-09-20,2016-09-26,186634,54855,GaTTa,130.5,107,119.43,135.9,5,7,8.88,89.4,4,34.083333333333,,186631,54773,Ronnie,116.68,128.52,7,7.9399999999999995,-34.083333333333,0,0,0,0,0,win,completed,0
2016,4044471,29eaa68e42fbea20937cedf58d5a6850,,3,,2016-09-20,2016-09-26,186633,108588,Frank & Julian,105.04,100.04,127.01,145.92,10,5,7.15,68.56,12,75.833333333333,,186632,108584,Nolan & Vinny,91.88,129.57,11,6.25,-7.5833333333333,0,0,0,0,0,win,completed,0
2016,4044456,29eaa68e42fbea20937cedf58d5a6850,,3,,2016-09-20,2016-09-26,186632,108584,Nolan & Vinny,91.88,90.88,129.57,94.28,11,12,6.25,96.39,1,-7.5833333333333,,186633,108588,Frank & Julian,105.04,127.01,10,7.15,75.833333333333,0,0,0,0,0,loss,completed,0
2016,4044503,66b3ff2eae656415bdde5ecb51ea2374,,3,,2016-09-20,2016-09-26,186635,54774,Cambrias,116.86,111.86,112.59,128.86,6,9,7.95,86.81,7,-27.3,,186641,54762,Antdell & Ernie,180.62,141.14,1,12.29,4.55,0,0,0,0,0,loss,completed,0
2016,4044518,4fc64d85f4975845164336cfb4461e3a,,3,,2016-09-20,2016-09-26,186636,108581,Richie,142.14,104.14,124.98,134.8,2,8,9.67,91.35,3,15.166666666667,,186640,108592,Chris & Dom,141,135.03,3,9.59,-68.25,0,0,0,0,0,win,completed,3
2016,4044549,cc894a36ad7d122952e22dbf1356458c,,3,,2016-09-20,2016-09-26,186638,108590,Rob & GregBo,115.66,112.66,123.32,150.56,8,4,7.87,74.83,11,-21.2,,186642,54850,LFTLR,134.74,116.13,4,9.17,21.2,0,0,0,0,0,loss,completed,0
2016,4044533,aabbdb1dc2667dd70ad9e4f0a3d86c56,,3,,2016-09-20,2016-09-26,186637,108587,Pung & Tralie,88.96,86.96,133.13,99.96,12,11,6.05,86.99,6,0,,186639,54846,Team JoeBa,105.46,131.44,9,7.18,54.6,0,0,0,0,0,loss,completed,0
2016,4044594,66b3ff2eae656415bdde5ecb51ea2374,,3,,2016-09-20,2016-09-26,186641,54762,Antdell & Ernie,180.62,172.62,141.14,185.54,1,1,12.29,93.04,2,4.55,,186635,54774,Cambrias,116.86,112.59,6,7.95,-27.3,0,0,0,0,0,win,completed,0
2016,4044579,4fc64d85f4975845164336cfb4461e3a,,3,,2016-09-20,2016-09-26,186640,108592,Chris & Dom,141,136,135.03,166.3,3,2,9.59,81.78,9,-68.25,,186636,108581,Richie,142.14,124.98,2,9.67,15.166666666667,0,0,0,0,0,loss,completed,3
2016,4044609,cc894a36ad7d122952e22dbf1356458c,,3,,2016-09-20,2016-09-26,186642,54850,LFTLR,134.74,129.74,116.13,154.44,4,3,9.17,84.01,8,21.2,,186638,108590,Rob & GregBo,115.66,123.32,8,7.87,-21.2,0,0,0,0,0,win,completed,0
2016,4044564,aabbdb1dc2667dd70ad9e4f0a3d86c56,,3,,2016-09-20,2016-09-26,186639,54846,Team JoeBa,105.46,99.46,131.44,113.96,9,10,7.18,87.28,5,54.6,,186637,108587,Pung & Tralie,88.96,133.13,12,6.05,0,0,0,0,0,0,win,completed,0
2016,4044580,8646455532e8a20c33cda6e903547879,,4,,2016-09-27,2016-10-03,186640,108592,Chris & Dom,89.04,75.64,139.86,134.32,11,7,6.18,65.54,12,-6.8166666666667,,186637,108587,Pung & Tralie,109.84,119.6,9,7.63,61.35,0,0,0,0,0,loss,completed,0
2016,4044565,599ef5f573b0d9c938d9e395619a73a9,,4,,2016-09-27,2016-10-03,186639,54846,Team JoeBa,144.78,137.78,131.17,170.68,1,1,10.05,80.72,8,0,,186638,108590,Rob & GregBo,80.14,118.54,12,5.57,0,0,0,0,0,0,win,completed,0
2016,4044610,59e7f34ff51258dac0a29c96b6322db9,,4,,2016-09-27,2016-10-03,186642,54850,LFTLR,133.78,121.78,135.11,130.48,5,8,9.29,93.33,6,-42.466666666667,,186633,108588,Frank & Julian,143.86,126.71,2,9.99,12.133333333333,0,0,0,0,0,loss,completed,1
2016,4044595,6f71c1409cf44a32007177223356555e,,4,,2016-09-27,2016-10-03,186641,54762,Antdell & Ernie,115.16,103.66,143.84,135.06,8,6,8,78.6,10,-27.266666666667,,186636,108581,Richie,123.72,125.4,6,8.59,40.9,0,0,0,0,0,loss,completed,1
2016,4044441,a2c2df7cf23827c3dccbfd18454c60bd,,4,,2016-09-27,2016-10-03,186631,54773,Ronnie,138.3,128.3,127.29,166.42,3,2,9.6,77.09,11,15.9,,186635,54774,Cambrias,121.92,120.25,7,8.47,-26.5,0,0,0,0,0,win,completed,0
2016,4044472,59e7f34ff51258dac0a29c96b6322db9,,4,,2016-09-27,2016-10-03,186633,108588,Frank & Julian,143.86,136.86,126.71,137.3,2,4,9.99,99.68,3,12.133333333333,,186642,54850,LFTLR,133.78,135.11,5,9.29,-42.466666666667,0,0,0,0,0,win,completed,1
2016,4044457,c8cbee32692bf34ba8b359218f171c6f,,4,,2016-09-27,2016-10-03,186632,108584,Nolan & Vinny,137.8,127.4,137.69,135.4,4,5,9.57,93.65,5,15.133333333333,,186634,54855,GaTTa,101.72,121.92,10,7.06,-7.5666666666667,0,0,0,0,0,win,completed,0
2016,4044488,c8cbee32692bf34ba8b359218f171c6f,,4,,2016-09-27,2016-10-03,186634,54855,GaTTa,101.72,100.72,121.92,104.12,10,11,7.06,96.73,4,-7.5666666666667,,186632,108584,Nolan & Vinny,137.8,137.69,4,9.57,15.133333333333,0,0,0,0,0,loss,completed,0
2016,4044534,8646455532e8a20c33cda6e903547879,,4,,2016-09-27,2016-10-03,186637,108587,Pung & Tralie,109.84,101.84,119.6,111.96,9,10,7.63,90.96,7,61.35,,186640,108592,Chris & Dom,89.04,139.86,11,6.18,-6.8166666666667,0,0,0,0,0,win,completed,0
2016,4044519,6f71c1409cf44a32007177223356555e,,4,,2016-09-27,2016-10-03,186636,108581,Richie,123.72,116.72,125.4,116.72,6,9,8.59,100,1,40.9,,186641,54762,Antdell & Ernie,115.16,143.84,8,8,-27.266666666667,0,0,0,0,0,win,completed,1
2016,4044550,599ef5f573b0d9c938d9e395619a73a9,,4,,2016-09-27,2016-10-03,186638,108590,Rob & GregBo,80.14,78.14,118.54,78.14,12,12,5.57,100,2,0,,186639,54846,Team JoeBa,144.78,131.17,1,10.05,0,0,0,0,0,0,loss,completed,0
2016,4044504,a2c2df7cf23827c3dccbfd18454c60bd,,4,,2016-09-27,2016-10-03,186635,54774,Cambrias,121.92,113.92,120.25,141.72,7,3,8.47,80.38,9,-26.5,,186631,54773,Ronnie,138.3,127.29,3,9.6,15.9,0,0,0,0,0,loss,completed,0
2016,4044535,c083b6a8966e5a66d915fc1576be0912,,5,,2016-10-04,2016-10-10,186637,108587,Pung & Tralie,136.78,128.78,123.83,150.88,6,3,8.96,85.35,10,-40.9,,186641,54762,Antdell & Ernie,151.12,131.42,4,9.9,27.266666666667,0,0,0,0,0,loss,completed,0
2016,4044505,36cec8320228d7cd74b215d1e3bf9d76,,5,,2016-10-04,2016-10-10,186635,54774,Cambrias,142.36,100.06,126.37,152.96,5,2,9.32,81.3,12,-37.1,,186632,108584,Nolan & Vinny,159.4,120.98,1,10.44,5.3,0,0,0,0,0,loss,completed,1
2016,4044520,62c078d558da5aa72b18cb2550fcf38e,,5,,2016-10-04,2016-10-10,186636,108581,Richie,151.2,149.2,131.16,164.96,3,1,9.9,90.45,8,4.55,,186631,54773,Ronnie,85.28,121.78,12,5.58,0,0,0,0,0,0,win,completed,0
2016,4044551,2c2dfb0c6d18d95a1ab6fe6ef61cffe7,,5,,2016-10-04,2016-10-10,186638,108590,Rob & GregBo,109.36,105.36,129.17,126.86,10,7,7.16,83.05,11,-15.166666666667,,186640,108592,Chris & Dom,110.36,133.33,9,7.23,68.25,0,0,0,0,0,loss,completed,3
2016,4044566,6998f47195850fe06e9f36dde19312b3,,5,,2016-10-04,2016-10-10,186639,54846,Team JoeBa,153.42,124.72,122.22,149.32,2,4,10.05,95.38,4,3.0333333333333,,186642,54850,LFTLR,103.34,138.49,11,6.77,-1.5166666666667,0,0,0,0,0,win,completed,0
2016,4044611,6998f47195850fe06e9f36dde19312b3,,5,,2016-10-04,2016-10-10,186642,54850,LFTLR,103.34,95.34,138.49,107.54,11,11,6.77,88.66,9,-1.5166666666667,,186639,54846,Team JoeBa,153.42,122.22,2,10.05,3.0333333333333,0,0,0,0,0,loss,completed,0
2016,4044596,c083b6a8966e5a66d915fc1576be0912,,5,,2016-10-04,2016-10-10,186641,54762,Antdell & Ernie,151.12,146.12,131.42,146.12,4,5,9.9,100,2,27.266666666667,,186637,108587,Pung & Tralie,136.78,123.83,6,8.96,-40.9,0,0,0,0,0,win,completed,0
2016,4044581,2c2dfb0c6d18d95a1ab6fe6ef61cffe7,,5,,2016-10-04,2016-10-10,186640,108592,Chris & Dom,110.36,107.36,133.33,116.96,9,8,7.23,91.79,7,68.25,,186638,108590,Rob & GregBo,109.36,129.17,10,7.16,-15.166666666667,0,0,0,0,0,win,completed,3
2016,4044489,01a9617342c94e447a7288804ba70a83,,5,,2016-10-04,2016-10-10,186634,54855,GaTTa,113.16,109.16,112.81,113.4,7,10,7.41,96.26,3,53.083333333333,,186633,108588,Frank & Julian,111.18,115.24,8,7.28,-30.333333333333,0,0,0,0,0,win,completed,2
2016,4044458,36cec8320228d7cd74b215d1e3bf9d76,,5,,2016-10-04,2016-10-10,186632,108584,Nolan & Vinny,159.4,145.4,120.98,145.4,1,6,10.44,100,1,5.3,,186635,54774,Cambrias,142.36,126.37,5,9.32,-37.1,0,0,0,0,0,win,completed,1
2016,4044473,01a9617342c94e447a7288804ba70a83,,5,,2016-10-04,2016-10-10,186633,108588,Frank & Julian,111.18,107.18,115.24,114.48,8,9,7.28,93.62,6,-30.333333333333,,186634,54855,GaTTa,113.16,112.81,7,7.41,53.083333333333,0,0,0,0,0,loss,completed,2
2016,4044442,62c078d558da5aa72b18cb2550fcf38e,,5,,2016-10-04,2016-10-10,186631,54773,Ronnie,85.28,81.28,121.78,86.28,12,12,5.58,94.2,5,0,,186636,108581,Richie,151.2,131.16,3,9.9,4.55,0,0,0,0,0,loss,completed,0
2016,4044490,81005b754b8b9841deceb153ea6575c0,,6,,2016-10-11,2016-10-17,186634,54855,GaTTa,111.16,106.16,123.77,150,8,3,7.76,70.77,12,-24.266666666667,,186642,54850,LFTLR,125.34,148.07,5,8.75,30.333333333333,0,0,0,0,0,loss,completed,0
2016,4044443,8a2a6888e29f31e265bcc21274221226,,6,,2016-10-11,2016-10-17,186631,54773,Ronnie,133.98,125.98,129.38,144.38,3,4,9.36,87.26,8,4.55,,186637,108587,Pung & Tralie,73.9,122.05,12,5.16,0,0,0,0,0,0,win,completed,0
2016,4044459,fa80db95a29b2a5b3941a2d30ec5159a,,6,,2016-10-11,2016-10-17,186632,108584,Nolan & Vinny,123.46,106.36,139.95,133.76,7,6,8.62,90.8,6,-30.333333333333,,186636,108581,Richie,129.72,120.21,4,9.06,24.266666666667,0,0,0,0,0,loss,completed,1
2016,4044474,1118b2d0d5fce6c3ce7cfb00010fdf10,,6,,2016-10-11,2016-10-17,186633,108588,Frank & Julian,103.98,98.98,120.5,137.42,9,5,7.26,72.03,11,61.35,,186635,54774,Cambrias,75.66,113.53,11,5.28,-6.8166666666667,0,0,0,0,0,win,completed,0
2016,4044536,8a2a6888e29f31e265bcc21274221226,,6,,2016-10-11,2016-10-17,186637,108587,Pung & Tralie,73.9,70.9,122.05,91.2,12,11,5.16,77.74,10,0,,186631,54773,Ronnie,133.98,129.38,3,9.36,4.55,0,0,0,0,0,loss,completed,0
2016,4044506,1118b2d0d5fce6c3ce7cfb00010fdf10,,6,,2016-10-11,2016-10-17,186635,54774,Cambrias,75.66,75.66,113.53,82.12,11,12,5.28,92.13,5,-6.8166666666667,,186633,108588,Frank & Julian,103.98,120.5,9,7.26,61.35,0,0,0,0,0,loss,completed,0
2016,4044521,fa80db95a29b2a5b3941a2d30ec5159a,,6,,2016-10-11,2016-10-17,186636,108581,Richie,129.72,126.72,120.21,126.72,4,7,9.06,100,1,24.266666666667,,186632,108584,Nolan & Vinny,123.46,139.95,7,8.62,-30.333333333333,0,0,0,0,0,win,completed,1
2016,4044552,dfb944a89383e18444eee62594e27cb5,,6,,2016-10-11,2016-10-17,186638,108590,Rob & GregBo,124.8,96.6,127.97,120.9,6,8,8.72,85.86,9,31.8,,186641,54762,Antdell & Ernie,94.9,136.09,10,6.63,-10.6,0,0,0,0,0,win,completed,0
2016,4044582,8ad4d4f35055d38b9d73f082524b2cf1,,6,,2016-10-11,2016-10-17,186640,108592,Chris & Dom,179.52,167.52,127.84,179.22,1,1,12.54,93.47,4,7.5833333333333,,186639,54846,Team JoeBa,155.54,121.96,2,10.86,-75.833333333333,0,0,0,0,0,win,completed,2
2016,4044612,81005b754b8b9841deceb153ea6575c0,,6,,2016-10-11,2016-10-17,186642,54850,LFTLR,125.34,119.34,148.07,119.44,5,9,8.75,99.92,2,30.333333333333,,186634,54855,GaTTa,111.16,123.77,8,7.76,-24.266666666667,0,0,0,0,0,win,completed,0
2016,4044567,8ad4d4f35055d38b9d73f082524b2cf1,,6,,2016-10-11,2016-10-17,186639,54846,Team JoeBa,155.54,146.54,121.96,163.36,2,2,10.86,89.7,7,-75.833333333333,,186640,108592,Chris & Dom,179.52,127.84,1,12.54,7.5833333333333,0,0,0,0,0,loss,completed,2
2016,4044597,dfb944a89383e18444eee62594e27cb5,,6,,2016-10-11,2016-10-17,186641,54762,Antdell & Ernie,94.9,93.9,136.09,97.4,10,10,6.63,96.41,3,-10.6,,186638,108590,Rob & GregBo,124.8,127.97,6,8.72,31.8,0,0,0,0,0,loss,completed,0
2016,4044598,0572deafdf45ca0264a4c90e11844e48,,7,,2016-10-18,2016-10-24,186641,54762,Antdell & Ernie,150.1,141.1,129.19,151.3,3,3,10.16,93.26,4,13.65,,186639,54846,Team JoeBa,107.14,114.96,8,7.25,-18.2,0,0,0,0,0,win,completed,0
2016,4044583,82cd936ba009f49f69f4f324ddbd355c,,7,,2016-10-18,2016-10-24,186640,108592,Chris & Dom,121.54,119.54,127.56,130.34,7,7,8.23,91.71,6,-22.75,,186642,54850,LFTLR,155.58,131.58,2,10.53,9.1,0,0,0,0,0,loss,completed,0
2016,4044613,82cd936ba009f49f69f4f324ddbd355c,,7,,2016-10-18,2016-10-24,186642,54850,LFTLR,155.58,147.58,131.58,152.38,2,2,10.53,96.85,1,9.1,,186640,108592,Chris & Dom,121.54,127.56,7,8.23,-22.75,0,0,0,0,0,win,completed,0
2016,4044568,0572deafdf45ca0264a4c90e11844e48,,7,,2016-10-18,2016-10-24,186639,54846,Team JoeBa,107.14,105.14,114.96,117.08,8,9,7.25,89.8,9,-18.2,,186641,54762,Antdell & Ernie,150.1,129.19,3,10.16,13.65,0,0,0,0,0,loss,completed,0
2016,4044491,8e646da6560262e7fe1b25744c83a98f,,7,,2016-10-18,2016-10-24,186634,54855,GaTTa,82.14,66.64,112.03,83.44,12,12,5.5600000000000005,91.25,7,0,,186635,54774,Cambrias,129.64,119.48,6,8.77,22.7,0,0,0,0,0,loss,completed,0
2016,4044460,33d27a95d9f73bae51059a84c8302854,,7,,2016-10-18,2016-10-24,186632,108584,Nolan & Vinny,103.22,84.62,123.85,98.22,10,11,6.99,93.89,3,75.833333333333,,186637,108587,Pung & Tralie,85.8,122.77,11,5.8100000000000005,-7.5833333333333,0,0,0,0,0,win,completed,0
2016,4044444,72e7ff5716570e69a340c92f7e47f613,,7,,2016-10-18,2016-10-24,186631,54773,Ronnie,131.92,102.52,130.09,142.42,5,6,8.93,89.82,8,26.5,,186638,108590,Rob & GregBo,106.48,121.05,9,7.21,-15.9,0,0,0,0,0,win,completed,0
2016,4044475,339a32fc97f533a0356084089a05e45b,,7,,2016-10-18,2016-10-24,186633,108588,Frank & Julian,146.72,138.72,125.5,149.32,4,4,9.93,92.9,5,-48.533333333333,,186636,108581,Richie,157.14,123.72,1,10.64,6.0666666666667,0,0,0,0,0,loss,completed,1
2016,4044522,339a32fc97f533a0356084089a05e45b,,7,,2016-10-18,2016-10-24,186636,108581,Richie,157.14,153.14,123.72,160.24,1,1,10.64,95.57,2,6.0666666666667,,186633,108588,Frank & Julian,146.72,125.5,4,9.93,-48.533333333333,0,0,0,0,0,win,completed,1
2016,4044537,33d27a95d9f73bae51059a84c8302854,,7,,2016-10-18,2016-10-24,186637,108587,Pung & Tralie,85.8,81.8,122.77,119,11,8,5.8100000000000005,68.74,12,-7.5833333333333,,186632,108584,Nolan & Vinny,103.22,123.85,10,6.99,75.833333333333,0,0,0,0,0,loss,completed,0
2016,4044507,8e646da6560262e7fe1b25744c83a98f,,7,,2016-10-18,2016-10-24,186635,54774,Cambrias,129.64,126.64,119.48,143.46,6,5,8.77,88.28,11,22.7,,186634,54855,GaTTa,82.14,112.03,12,5.5600000000000005,0,0,0,0,0,0,win,completed,0
2016,4044553,72e7ff5716570e69a340c92f7e47f613,,7,,2016-10-18,2016-10-24,186638,108590,Rob & GregBo,106.48,98.48,121.05,110.18,9,10,7.21,89.38,10,-15.9,,186631,54773,Ronnie,131.92,130.09,5,8.93,26.5,0,0,0,0,0,loss,completed,0
2016,4044523,109cedf0938c391bf950363991849bf1,,8,,2016-10-25,2016-10-31,186636,108581,Richie,118.4,109.4,138.32,144.72,6,4,8.31,75.59,11,36.4,,186634,54855,GaTTa,107.44,95.47,9,7.54,-18.2,0,0,0,0,0,win,completed,0
2016,4044554,1f6b0098847e978dd19be8b188c5ae03,,8,,2016-10-25,2016-10-31,186638,108590,Rob & GregBo,104,86.7,103.17,111.8,10,10,7.3,90.34,3,75.833333333333,,186632,108584,Nolan & Vinny,95.96,127.59,11,6.74,-7.5833333333333,0,0,0,0,0,win,completed,1
2016,4044538,3781db165318e30b9bc84b24a2958b5e,,8,,2016-10-25,2016-10-31,186637,108587,Pung & Tralie,134.42,107.42,96.38,133.42,3,7,9.44,90.26,4,22.75,,186633,108588,Frank & Julian,133.7,114.08,4,9.39,-60.666666666667,0,0,0,0,0,win,completed,4
2016,4044508,062e9f94ffde288c2e1f73fc88ded14d,,8,,2016-10-25,2016-10-31,186635,54774,Cambrias,89.38,86.38,125.99,125.08,12,9,6.28,69.06,12,0,,186642,54850,LFTLR,151.3,136.3,1,10.62,0,0,0,0,0,0,loss,completed,0
2016,4044584,8b7eb4e08f1ae449cdf9a8774816c384,,8,,2016-10-25,2016-10-31,186640,108592,Chris & Dom,139.12,125.32,121.03,147.92,2,1,9.77,89.32,6,7.5666666666667,,186641,54762,Antdell & Ernie,112.22,125.6,8,7.88,-15.133333333333,0,0,0,0,0,win,completed,0
2016,4044599,8b7eb4e08f1ae449cdf9a8774816c384,,8,,2016-10-25,2016-10-31,186641,54762,Antdell & Ernie,112.22,111.22,125.6,134.38,8,6,7.88,82.77,9,-15.133333333333,,186640,108592,Chris & Dom,139.12,121.03,2,9.77,7.5666666666667,0,0,0,0,0,loss,completed,0
2016,4044614,062e9f94ffde288c2e1f73fc88ded14d,,8,,2016-10-25,2016-10-31,186642,54850,LFTLR,151.3,136.3,136.3,146.6,1,3,10.62,92.97,2,0,,186635,54774,Cambrias,89.38,125.99,12,6.28,0,0,0,0,0,0,win,completed,0
2016,4044569,c4c86abe033157c27d33976bf5e325c9,,8,,2016-10-25,2016-10-31,186639,54846,Team JoeBa,120.1,97.3,111.39,147.28,5,2,8.43,78.15,10,34.083333333333,,186631,54773,Ronnie,118.12,127.86,7,8.29,-34.083333333333,0,0,0,0,0,win,completed,2
2016,4044461,1f6b0098847e978dd19be8b188c5ae03,,8,,2016-10-25,2016-10-31,186632,108584,Nolan & Vinny,95.96,92.96,127.59,104.16,11,11,6.74,89.25,7,-7.5833333333333,,186638,108590,Rob & GregBo,104,103.17,10,7.3,75.833333333333,0,0,0,0,0,loss,completed,1
2016,4044492,109cedf0938c391bf950363991849bf1,,8,,2016-10-25,2016-10-31,186634,54855,GaTTa,107.44,98.44,95.47,102.64,9,12,7.54,95.91,1,-18.2,,186636,108581,Richie,118.4,138.32,6,8.31,36.4,0,0,0,0,0,loss,completed,0
2016,4044476,3781db165318e30b9bc84b24a2958b5e,,8,,2016-10-25,2016-10-31,186633,108588,Frank & Julian,133.7,127.7,114.08,141.88,4,5,9.39,90.01,5,-60.666666666667,,186637,108587,Pung & Tralie,134.42,96.38,3,9.44,22.75,0,0,0,0,0,loss,completed,4
2016,4044445,c4c86abe033157c27d33976bf5e325c9,,8,,2016-10-25,2016-10-31,186631,54773,Ronnie,118.12,109.12,127.86,126.02,7,8,8.29,86.59,8,-34.083333333333,,186639,54846,Team JoeBa,120.1,111.39,5,8.43,34.083333333333,0,0,0,0,0,loss,completed,2
2016,4044493,b3f1e28eba047fb77585b039d1c0dd38,,9,,2016-11-01,2016-11-07,186634,54855,GaTTa,139.08,108.48,118.59,142.58,4,4,9.15,89.83,9,9.0666666666667,,186637,108587,Pung & Tralie,77.96,130.92,12,5.13,0,0,0,0,0,0,win,completed,0
2016,4044477,7bb0f928e69208e83ec746a507d01674,,9,,2016-11-01,2016-11-07,186633,108588,Frank & Julian,108.88,98.88,103.5,98.88,10,11,7.16,100,3,-13.633333333333,,186638,108590,Rob & GregBo,122.62,129.64,8,8.06,54.533333333333,0,0,0,0,0,loss,completed,0
2016,4044462,10726f860da5e9f04af157e7a665a06c,,9,,2016-11-01,2016-11-07,186632,108584,Nolan & Vinny,130.96,125.96,122.8,125.96,7,8,8.61,100,2,-34.083333333333,,186639,54846,Team JoeBa,138.82,132.78,5,9.13,34.083333333333,0,0,0,0,0,loss,completed,1
2016,4044446,d56715c62f948084e466cb8094bdb353,,9,,2016-11-01,2016-11-07,186631,54773,Ronnie,161.46,154.46,129.57,154.46,1,1,10.62,100,1,7.5833333333333,,186640,108592,Chris & Dom,149.48,130.54,2,9.83,-75.833333333333,0,0,0,0,0,win,completed,2
2016,4044524,37b721bbdc35aed3d7d8bedd2a19c1fb,,9,,2016-11-01,2016-11-07,186636,108581,Richie,120.44,114.44,129.44,121.64,9,9,7.92,94.08,5,-11.35,,186635,54774,Cambrias,141.9,129.17,3,9.33,11.35,0,0,0,0,0,loss,completed,0
2016,4044555,7bb0f928e69208e83ec746a507d01674,,9,,2016-11-01,2016-11-07,186638,108590,Rob & GregBo,122.62,116.62,129.64,132.32,8,7,8.06,88.13,10,54.533333333333,,186633,108588,Frank & Julian,108.88,103.5,10,7.16,-13.633333333333,0,0,0,0,0,win,completed,0
2016,4044539,b3f1e28eba047fb77585b039d1c0dd38,,9,,2016-11-01,2016-11-07,186637,108587,Pung & Tralie,77.96,77.96,130.92,89.16,12,12,5.13,87.44,11,0,,186634,54855,GaTTa,139.08,118.59,4,9.15,9.0666666666667,0,0,0,0,0,loss,completed,0
2016,4044509,37b721bbdc35aed3d7d8bedd2a19c1fb,,9,,2016-11-01,2016-11-07,186635,54774,Cambrias,141.9,136.9,129.17,136.9,3,5,9.33,100,4,11.35,,186636,108581,Richie,120.44,129.44,9,7.92,-11.35,0,0,0,0,0,win,completed,0
2016,4044585,d56715c62f948084e466cb8094bdb353,,9,,2016-11-01,2016-11-07,186640,108592,Chris & Dom,149.48,140.48,130.54,152.68,2,2,9.83,92.01,7,-75.833333333333,,186631,54773,Ronnie,161.46,129.57,1,10.62,7.5833333333333,0,0,0,0,0,loss,completed,2
2016,4044600,1b0efba025dc6f25f2255365035f868b,,9,,2016-11-01,2016-11-07,186641,54762,Antdell & Ernie,96.96,88.96,132.32,117.58,11,10,6.38,75.66,12,-4.55,,186642,54850,LFTLR,132.06,114.88,6,8.68,27.3,0,0,0,0,0,loss,completed,0
2016,4044570,10726f860da5e9f04af157e7a665a06c,,9,,2016-11-01,2016-11-07,186639,54846,Team JoeBa,138.82,133.82,132.78,147.02,5,3,9.13,91.02,8,34.083333333333,,186632,108584,Nolan & Vinny,130.96,122.8,7,8.61,-34.083333333333,0,0,0,0,0,win,completed,1
2016,4044615,1b0efba025dc6f25f2255365035f868b,,9,,2016-11-01,2016-11-07,186642,54850,LFTLR,132.06,127.06,114.88,136.66,6,6,8.68,92.98,6,27.3,,186641,54762,Antdell & Ernie,96.96,132.32,11,6.38,-4.55,0,0,0,0,0,win,completed,0
2016,4044586,32e1fe4b17ce8c3da36dd327243d27e6,,10,,2016-11-08,2016-11-14,186640,108592,Chris & Dom,124.04,71.24,143.41,141.7,6,5,8.15,86.13,7,45.5,,186632,108584,Nolan & Vinny,119.42,113.79,7,7.85,-37.916666666667,0,0,0,0,0,win,completed,2
2016,4044571,091669c8cf30903aecc29176cd33acff,,10,,2016-11-08,2016-11-14,186639,54846,Team JoeBa,175.7,163.7,115.7,163.7,1,1,11.55,100,2,1.5166666666667,,186633,108588,Frank & Julian,108.26,102.49,10,7.12,-3.0333333333333,0,0,0,0,0,win,completed,0
2016,4044616,d2d6486e34d34e4a246748f535e39848,,10,,2016-11-08,2016-11-14,186642,54850,LFTLR,130.64,125.64,125.92,137.54,5,7,8.59,91.35,6,18.916666666667,,186636,108581,Richie,107.08,121.75,11,7.04,-3.7833333333333,0,0,0,0,0,win,completed,0
2016,4044601,aebaee410ad8e92e86c72646ad964891,,10,,2016-11-08,2016-11-14,186641,54762,Antdell & Ernie,113.64,112.64,120.95,141.92,8,4,7.47,79.37,11,42.4,,186631,54773,Ronnie,93.18,105.02,12,6.13,0,0,0,0,0,0,win,completed,0
2016,4044478,091669c8cf30903aecc29176cd33acff,,10,,2016-11-08,2016-11-14,186633,108588,Frank & Julian,108.26,96.26,102.49,128.76,10,8,7.12,74.76,12,-3.0333333333333,,186639,54846,Team JoeBa,175.7,115.7,1,11.55,1.5166666666667,0,0,0,0,0,loss,completed,0
2016,4044447,aebaee410ad8e92e86c72646ad964891,,10,,2016-11-08,2016-11-14,186631,54773,Ronnie,93.18,88.18,105.02,105.04,12,11,6.13,83.95,9,0,,186641,54762,Antdell & Ernie,113.64,120.95,8,7.47,42.4,0,0,0,0,0,loss,completed,0
2016,4044463,32e1fe4b17ce8c3da36dd327243d27e6,,10,,2016-11-08,2016-11-14,186632,108584,Nolan & Vinny,119.42,111.42,113.79,116.52,7,10,7.85,95.62,4,-37.916666666667,,186640,108592,Chris & Dom,124.04,143.41,6,8.15,45.5,0,0,0,0,0,loss,completed,2
2016,4044494,fca7323e64d184b9579c839e154ec305,,10,,2016-11-08,2016-11-14,186634,54855,GaTTa,110.14,103.24,108.75,124.84,9,9,7.24,84.22,8,-13.65,,186638,108590,Rob & GregBo,134.92,121.11,4,8.87,18.2,0,0,0,0,0,loss,completed,0
2016,4044525,d2d6486e34d34e4a246748f535e39848,,10,,2016-11-08,2016-11-14,186636,108581,Richie,107.08,98.08,121.75,102.68,11,12,7.04,95.52,5,-3.7833333333333,,186642,54850,LFTLR,130.64,125.92,5,8.59,18.916666666667,0,0,0,0,0,loss,completed,0
2016,4044556,fca7323e64d184b9579c839e154ec305,,10,,2016-11-08,2016-11-14,186638,108590,Rob & GregBo,134.92,128.92,121.11,161.62,4,2,8.87,79.77,10,18.2,,186634,54855,GaTTa,110.14,108.75,9,7.24,-13.65,0,0,0,0,0,win,completed,0
2016,4044540,e09b040e59ed12dd916d81ed6e1fa246,,10,,2016-11-08,2016-11-14,186637,108587,Pung & Tralie,154.64,143.64,124.77,147.24,2,3,10.17,97.56,3,15.166666666667,,186635,54774,Cambrias,149.54,111.78,3,9.83,-68.25,0,0,0,0,0,win,completed,2
2016,4044510,e09b040e59ed12dd916d81ed6e1fa246,,10,,2016-11-08,2016-11-14,186635,54774,Cambrias,149.54,141.54,111.78,141.54,3,6,9.83,100,1,-68.25,,186637,108587,Pung & Tralie,154.64,124.77,2,10.17,15.166666666667,0,0,0,0,0,loss,completed,2
2016,4044511,7af4d565cc4cef00fffe022a7a34f22a,,11,,2016-11-15,2016-11-21,186635,54774,Cambrias,120.04,113.04,118.23,135.84,7,3,8.48,83.22,10,31.85,,186638,108590,Rob & GregBo,100.4,121.37,12,7.09,0,0,0,0,0,0,win,completed,0
2016,4044541,6e1a9f68be5712e45b11fdb5f622f3b8,,11,,2016-11-15,2016-11-21,186637,108587,Pung & Tralie,144.2,132.2,123.61,135.9,1,2,10.18,97.28,4,6.8166666666667,,186636,108581,Richie,124.2,116.16,3,8.77,-61.35,0,0,0,0,0,win,completed,1
2016,4044526,6e1a9f68be5712e45b11fdb5f622f3b8,,11,,2016-11-15,2016-11-21,186636,108581,Richie,124.2,72.5,116.16,109.2,3,9,8.77,100,2,-61.35,,186637,108587,Pung & Tralie,144.2,123.61,1,10.18,6.8166666666667,0,0,0,0,0,loss,completed,1
2016,4044557,7af4d565cc4cef00fffe022a7a34f22a,,11,,2016-11-15,2016-11-21,186638,108590,Rob & GregBo,100.4,95.4,121.37,108.4,12,11,7.09,88.01,8,0,,186635,54774,Cambrias,120.04,118.23,7,8.48,31.85,0,0,0,0,0,loss,completed,0
2016,4044602,a8a5c7026ddda8ab64691b692f9bc691,,11,,2016-11-15,2016-11-21,186641,54762,Antdell & Ernie,120.48,116.48,129.35,122.28,6,5,8.51,95.26,5,36.4,,186632,108584,Nolan & Vinny,106.28,126.4,9,7.51,-18.2,0,0,0,0,0,win,completed,0
2016,4044587,28ec42bd12d50b1af49eb13f607fb4c2,,11,,2016-11-15,2016-11-21,186640,108592,Chris & Dom,137.08,121.98,137.41,149.18,2,1,9.68,88.54,7,3.0333333333333,,186633,108588,Frank & Julian,105.58,117.52,11,7.46,-1.5166666666667,0,0,0,0,0,win,completed,0
2016,4044572,142791fcf1b83541b95b71ccc47a7124,,11,,2016-11-15,2016-11-21,186639,54846,Team JoeBa,121.8,112.8,127.59,112.8,5,8,8.6,100,3,30.333333333333,,186634,54855,GaTTa,107.54,108.34,8,7.6,-24.266666666667,0,0,0,0,0,win,completed,0
2016,4044617,05218d323310e1553e486c3bde21538b,,11,,2016-11-15,2016-11-21,186642,54850,LFTLR,122.3,107.3,127.52,122,4,6,8.64,87.95,9,15.133333333333,,186631,54773,Ronnie,105.98,118.48,10,7.49,-7.5666666666667,0,0,0,0,0,win,completed,0
2016,4044464,a8a5c7026ddda8ab64691b692f9bc691,,11,,2016-11-15,2016-11-21,186632,108584,Nolan & Vinny,106.28,106.28,126.4,133.78,9,4,7.51,79.44,12,-18.2,,186641,54762,Antdell & Ernie,120.48,129.35,6,8.51,36.4,0,0,0,0,0,loss,completed,0
2016,4044479,28ec42bd12d50b1af49eb13f607fb4c2,,11,,2016-11-15,2016-11-21,186633,108588,Frank & Julian,105.58,98.18,117.52,108.54,11,10,7.46,90.46,6,-1.5166666666667,,186640,108592,Chris & Dom,137.08,137.41,2,9.68,3.0333333333333,0,0,0,0,0,loss,completed,0
2016,4044495,142791fcf1b83541b95b71ccc47a7124,,11,,2016-11-15,2016-11-21,186634,54855,GaTTa,107.54,99.54,108.34,121.54,8,7,7.6,81.9,11,-24.266666666667,,186639,54846,Team JoeBa,121.8,127.59,5,8.6,30.333333333333,0,0,0,0,0,loss,completed,0
2016,4044448,05218d323310e1553e486c3bde21538b,,11,,2016-11-15,2016-11-21,186631,54773,Ronnie,105.98,99.98,118.48,99.98,10,12,7.49,100,1,-7.5666666666667,,186642,54850,LFTLR,122.3,127.52,4,8.64,15.133333333333,0,0,0,0,0,loss,completed,0
2016,4044465,a8a817233b69ecd73e5b94725044b6b0,,12,,2016-11-22,2016-11-28,186632,108584,Nolan & Vinny,92.64,85.64,135.29,117.14,12,10,6.31,73.11,12,0,,186631,54773,Ronnie,119.76,110.02,5,8.15,15.166666666667,0,0,0,0,0,loss,completed,0
2016,4044480,5b008916166fc12b3e4a79cfb225f995,,12,,2016-11-22,2016-11-28,186633,108588,Frank & Julian,101,99,113.93,135.4,11,5,6.88,73.12,11,-6.0666666666667,,186641,54762,Antdell & Ernie,114.04,133.08,8,7.77,48.533333333333,0,0,0,0,0,loss,completed,0
2016,4044496,537a58d0d767750a18752838c0faccd8,,12,,2016-11-22,2016-11-28,186634,54855,GaTTa,118.82,112.82,112.21,127.12,6,6,8.09,88.75,6,-27.3,,186640,108592,Chris & Dom,174.96,137.98,1,11.91,4.55,0,0,0,0,0,loss,completed,0
2016,4044449,a8a817233b69ecd73e5b94725044b6b0,,12,,2016-11-22,2016-11-28,186631,54773,Ronnie,119.76,114.76,110.02,125.64,5,7,8.15,91.34,4,15.166666666667,,186632,108584,Nolan & Vinny,92.64,135.29,12,6.31,0,0,0,0,0,0,win,completed,0
2016,4044512,adf1dddde46bc2ab3b26259cc76b31ec,,12,,2016-11-22,2016-11-28,186635,54774,Cambrias,105.68,93.68,104.21,113.94,9,11,7.2,82.22,10,-11.35,,186639,54846,Team JoeBa,146.64,128.05,3,9.98,11.35,0,0,0,0,0,loss,completed,0
2016,4044542,5d2101cb093724082f72b856abb8b635,,12,,2016-11-22,2016-11-28,186637,108587,Pung & Tralie,150.6,144.6,140.5,157.1,2,2,10.25,92.04,3,4.5333333333333,,186642,54850,LFTLR,101.14,128.82,10,6.89,-4.5333333333333,0,0,0,0,0,win,completed,0
2016,4044527,59504fb6e89059dcf144c97ff8d84544,,12,,2016-11-22,2016-11-28,186636,108581,Richie,117.46,89.76,134.35,125.56,7,8,8,85.58,7,-30.333333333333,,186638,108590,Rob & GregBo,125.9,119.91,4,8.57,24.266666666667,0,0,0,0,0,loss,completed,1
2016,4044618,5d2101cb093724082f72b856abb8b635,,12,,2016-11-22,2016-11-28,186642,54850,LFTLR,101.14,96.14,128.82,106.74,10,12,6.89,90.07,5,-4.5333333333333,,186637,108587,Pung & Tralie,150.6,140.5,2,10.25,4.5333333333333,0,0,0,0,0,loss,completed,0
2016,4044588,537a58d0d767750a18752838c0faccd8,,12,,2016-11-22,2016-11-28,186640,108592,Chris & Dom,174.96,166.96,137.98,195.46,1,1,11.91,85.42,8,4.55,,186634,54855,GaTTa,118.82,112.21,6,8.09,-27.3,0,0,0,0,0,win,completed,0
2016,4044603,5b008916166fc12b3e4a79cfb225f995,,12,,2016-11-22,2016-11-28,186641,54762,Antdell & Ernie,114.04,114.04,133.08,138.26,8,4,7.77,82.48,9,48.533333333333,,186633,108588,Frank & Julian,101,113.93,11,6.88,-6.0666666666667,0,0,0,0,0,win,completed,0
2016,4044558,59504fb6e89059dcf144c97ff8d84544,,12,,2016-11-22,2016-11-28,186638,108590,Rob & GregBo,125.9,116.9,119.91,123,4,9,8.57,95.04,1,24.266666666667,,186636,108581,Richie,117.46,134.35,7,8,-30.333333333333,0,0,0,0,0,win,completed,1
2016,4044573,adf1dddde46bc2ab3b26259cc76b31ec,,12,,2016-11-22,2016-11-28,186639,54846,Team JoeBa,146.64,133.64,128.05,144.24,3,3,9.98,92.65,2,11.35,,186635,54774,Cambrias,105.68,104.21,9,7.2,-11.35,0,0,0,0,0,win,completed,0
2016,4044604,c220ec4aa5424db869d6f86fa03d1d55,,13,,2016-11-29,2016-12-05,186641,54762,Antdell & Ernie,126.58,122.58,136.44,130.18,5,6,8.89,94.16,6,26.5,,186634,54855,GaTTa,104.06,106.95,9,7.31,-15.9,0,0,0,0,0,win,completed,0
2016,4044589,f6cb0d1a91ccb86dc070a19950734005,,13,,2016-11-29,2016-12-05,186640,108592,Chris & Dom,133.2,102.8,139.78,152.2,3,2,9.36,84.89,9,4.55,,186635,54774,Cambrias,82.2,103.65,12,5.77,0,0,0,0,0,0,win,completed,0
2016,4044574,797b940f3042673cb7c7eb6a54ea2016,,13,,2016-11-29,2016-12-05,186639,54846,Team JoeBa,125.84,114.64,119.76,134.04,6,4,8.84,94.63,5,40.9,,186636,108581,Richie,121.24,116.57,8,8.52,-27.266666666667,0,0,0,0,0,win,completed,2
2016,4044559,e532d410819373bd37c914bde6181966,,13,,2016-11-29,2016-12-05,186638,108590,Rob & GregBo,86.54,86.54,123.7,106.64,11,10,6.08,81.15,11,-3.0333333333333,,186637,108587,Pung & Tralie,131.1,126.69,4,9.21,12.133333333333,0,0,0,0,0,loss,completed,0
2016,4044528,797b940f3042673cb7c7eb6a54ea2016,,13,,2016-11-29,2016-12-05,186636,108581,Richie,121.24,118.24,116.57,124.64,8,7,8.52,94.87,4,-27.266666666667,,186639,54846,Team JoeBa,125.84,119.76,6,8.84,40.9,0,0,0,0,0,loss,completed,2
2016,4044543,e532d410819373bd37c914bde6181966,,13,,2016-11-29,2016-12-05,186637,108587,Pung & Tralie,131.1,126.1,126.69,130.8,4,5,9.21,96.41,2,12.133333333333,,186638,108590,Rob & GregBo,86.54,123.7,11,6.08,-3.0333333333333,0,0,0,0,0,win,completed,0
2016,4044513,f6cb0d1a91ccb86dc070a19950734005,,13,,2016-11-29,2016-12-05,186635,54774,Cambrias,82.2,77.2,103.65,99.8,12,11,5.77,77.35,12,0,,186640,108592,Chris & Dom,133.2,139.78,3,9.36,4.55,0,0,0,0,0,loss,completed,0
2016,4044497,c220ec4aa5424db869d6f86fa03d1d55,,13,,2016-11-29,2016-12-05,186634,54855,GaTTa,104.06,100.06,106.95,122.34,9,8,7.31,81.79,10,-15.9,,186641,54762,Antdell & Ernie,126.58,136.44,5,8.89,26.5,0,0,0,0,0,loss,completed,0
2016,4044481,d418a090f13a17e4bfd59fae0f3276cf,,13,,2016-11-29,2016-12-05,186633,108588,Frank & Julian,121.92,104.12,118.67,119.62,7,9,8.56,96.15,3,-18.916666666667,,186631,54773,Ronnie,166.08,126.56,1,11.67,3.7833333333333,0,0,0,0,0,loss,completed,0
2016,4044466,d7c4b0dfd395ab14106e5e17591afca8,,13,,2016-11-29,2016-12-05,186632,108584,Nolan & Vinny,136.26,126.26,122.71,137.28,2,3,9.57,91.97,8,4.5333333333333,,186642,54850,LFTLR,88.46,125.43,10,6.21,-4.5333333333333,0,0,0,0,0,win,completed,0
2016,4044450,d418a090f13a17e4bfd59fae0f3276cf,,13,,2016-11-29,2016-12-05,186631,54773,Ronnie,166.08,159.08,126.56,162.08,1,1,11.67,98.15,1,3.7833333333333,,186633,108588,Frank & Julian,121.92,118.67,7,8.56,-18.916666666667,0,0,0,0,0,win,completed,0
2016,4044619,d7c4b0dfd395ab14106e5e17591afca8,,13,,2016-11-29,2016-12-05,186642,54850,LFTLR,88.46,86.46,125.43,93.16,10,12,6.21,92.81,7,-4.5333333333333,,186632,108584,Nolan & Vinny,136.26,122.71,2,9.57,4.5333333333333,0,0,0,0,0,loss,completed,0
2016,4044620,6c659d404869ddc8d81bfc6353fb086c,,14,,2016-12-06,2016-12-12,186642,54850,LFTLR,121.44,111.44,128.2,161.84,4,2,13.72,68.86,8,-48.533333333333,,186637,108587,Pung & Tralie,150.48,129.59,1,17,6.0666666666667,1,0,0,0,0,loss,completed,2
2016,4044544,6c659d404869ddc8d81bfc6353fb086c,,14,,2016-12-06,2016-12-12,186637,108587,Pung & Tralie,150.48,148.48,129.59,166.68,1,1,17,88.48,1,6.0666666666667,,186642,54850,LFTLR,121.44,128.2,4,13.72,-48.533333333333,1,0,0,0,0,win,completed,2
2016,4044498,47551b7768a7ab5e9a53dc22aba2288b,,14,,2016-12-06,2016-12-12,186634,54855,GaTTa,131.84,120.84,106.8,145.44,2,4,14.89,83.09,3,10.6,,186638,108590,Rob & GregBo,90.78,108.46,6,10.26,-31.8,0,1,0,0,0,win,completed,0
2016,4044514,b354a195b095ed57362de965176cbab8,,14,,2016-12-06,2016-12-12,186635,54774,Cambrias,73.24,65.14,113.61,84.52,8,8,8.27,78.37,4,-18.2,,186633,108588,Frank & Julian,126.84,111.65,3,14.33,13.65,0,1,0,0,0,loss,completed,0
2016,4044605,0686431b4d343bf474239e5793ce4160,,14,,2016-12-06,2016-12-12,186641,54762,Antdell & Ernie,88.8,74,140.7,111.06,7,7,10.03,77.26,6,-34.083333333333,,186631,54773,Ronnie,101.78,101.71,5,11.5,34.083333333333,1,0,0,0,0,loss,completed,1
2016,4044560,47551b7768a7ab5e9a53dc22aba2288b,,14,,2016-12-06,2016-12-12,186638,108590,Rob & GregBo,90.78,85.18,108.46,116.08,6,6,10.26,78.2,5,-31.8,,186634,54855,GaTTa,131.84,106.8,2,14.89,10.6,0,1,0,0,0,loss,completed,0
2016,4044482,b354a195b095ed57362de965176cbab8,,14,,2016-12-06,2016-12-12,186633,108588,Frank & Julian,126.84,122.84,111.65,146.04,3,3,14.33,84.11,2,13.65,,186635,54774,Cambrias,73.24,113.61,8,8.27,-18.2,0,1,0,0,0,win,completed,0
2016,4044451,0686431b4d343bf474239e5793ce4160,,14,,2016-12-06,2016-12-12,186631,54773,Ronnie,101.78,89.78,101.71,121.18,5,5,11.5,74.09,7,34.083333333333,,186641,54762,Antdell & Ernie,88.8,140.7,7,10.03,-34.083333333333,1,0,0,0,0,win,completed,1
2016,4044483,693a7c55876efc2496a0c386ff9a1a0c,,15,,2016-12-13,2016-12-19,186633,108588,Frank & Julian,107.5,96.5,117.88,103.66,5,10,8.28,93.09,2,18.916666666667,,186636,108581,Richie,72,114.51,11,5.55,-3.7833333333333,0,1,0,0,0,win,completed,0
2016,4044467,2558784b0d552783074ac1c1b65ac03f,,15,,2016-12-13,2016-12-19,186632,108584,Nolan & Vinny,101.54,91.14,118.07,114.94,7,6,7.82,83.99,4,42.466666666667,,186634,54855,GaTTa,88.98,107.94,10,6.86,-12.133333333333,0,1,0,0,0,win,completed,0
2016,4044452,9727fd0b56ac10c4ff31360f953321b6,,15,,2016-12-13,2016-12-19,186631,54773,Ronnie,158.64,152.64,125.04,166.4,2,2,12.22,91.73,3,-75.833333333333,,186639,54846,Team JoeBa,177.42,135.05,1,13.67,7.5833333333333,1,0,0,0,0,loss,completed,3
2016,4044545,52f2ece98417315abdba27a9decec620,,15,,2016-12-13,2016-12-19,186637,108587,Pung & Tralie,96.32,73.72,129.64,114.02,8,7,7.42,82.72,5,-18.2,,186640,108592,Chris & Dom,119.62,142.1,3,9.22,13.65,1,0,0,0,0,loss,completed,1
2016,4044529,693a7c55876efc2496a0c386ff9a1a0c,,15,,2016-12-13,2016-12-19,186636,108581,Richie,72,72,114.51,93.02,11,11,5.55,77.4,9,-3.7833333333333,,186633,108588,Frank & Julian,107.5,117.88,5,8.28,18.916666666667,0,1,0,0,0,loss,completed,0
2016,4044515,ac7de3dce61ecaf5584b1111a5b0f21d,,15,,2016-12-13,2016-12-19,186635,54774,Cambrias,67.74,58.44,102.5,83.46,12,12,5.22,72.78,10,0,,186638,108590,Rob & GregBo,104.96,91.26,6,8.09,22.7,0,1,0,0,0,loss,completed,0
2016,4044499,2558784b0d552783074ac1c1b65ac03f,,15,,2016-12-13,2016-12-19,186634,54855,GaTTa,88.98,86.98,107.94,108.18,10,9,6.86,80.4,7,-12.133333333333,,186632,108584,Nolan & Vinny,101.54,118.07,7,7.82,42.466666666667,0,1,0,0,0,loss,completed,0
2016,4044621,09773b44de1323bc280039e54b8e6f59,,15,,2016-12-13,2016-12-19,186642,54850,LFTLR,89.12,89.12,117.87,111.12,9,8,6.87,80.2,8,-13.65,,186641,54762,Antdell & Ernie,113.86,127.82,4,8.77,18.2,1,0,0,0,0,loss,completed,1
2016,4044606,09773b44de1323bc280039e54b8e6f59,,15,,2016-12-13,2016-12-19,186641,54762,Antdell & Ernie,113.86,104.86,127.82,128.36,4,5,8.77,81.69,6,18.2,,186642,54850,LFTLR,89.12,117.87,9,6.87,-13.65,1,0,0,0,0,win,completed,1
2016,4044590,52f2ece98417315abdba27a9decec620,,15,,2016-12-13,2016-12-19,186640,108592,Chris & Dom,119.62,115.62,142.1,164.72,3,3,9.22,70.19,11,13.65,,186637,108587,Pung & Tralie,96.32,129.64,8,7.42,-18.2,1,0,0,0,0,win,completed,1
2016,4044575,9727fd0b56ac10c4ff31360f953321b6,,15,,2016-12-13,2016-12-19,186639,54846,Team JoeBa,177.42,165.42,135.05,175.82,1,1,13.67,94.08,1,7.5833333333333,,186631,54773,Ronnie,158.64,125.04,2,12.22,-75.833333333333,1,0,0,0,0,win,completed,3
2016,4044561,ac7de3dce61ecaf5584b1111a5b0f21d,,15,,2016-12-13,2016-12-19,186638,108590,Rob & GregBo,104.96,89.96,91.26,139.06,6,4,8.09,64.69,12,22.7,,186635,54774,Cambrias,67.74,102.5,12,5.22,0,0,1,0,0,0,win,completed,0
2016,4044591,8386726dc4b220e5ba726c44b5ec4d31,,16,,2016-12-20,2016-12-26,186640,108592,Chris & Dom,120.24,120.24,134.88,133.96,3,4,12.78,89.76,3,20.45,,186639,54846,Team JoeBa,117.36,128.25,5,12.48,-47.716666666667,1,0,1,0,0,win,completed,5
2016,4044576,8386726dc4b220e5ba726c44b5ec4d31,,16,,2016-12-20,2016-12-26,186639,54846,Team JoeBa,117.36,111.36,128.25,175.94,5,1,12.48,63.29,8,-47.716666666667,,186640,108592,Chris & Dom,120.24,134.88,3,12.78,20.45,1,0,1,0,0,loss,completed,5
2016,4044484,ad3c149dc785f75a11059c4f6a0ad4f2,,16,,2016-12-20,2016-12-26,186633,108588,Frank & Julian,109.12,101.12,103.93,117.62,7,7,11.6,85.97,5,53.083333333333,,186632,108584,Nolan & Vinny,90.96,122.05,8,9.67,-30.333333333333,0,1,0,0,0,win,completed,0
2016,4044468,ad3c149dc785f75a11059c4f6a0ad4f2,,16,,2016-12-20,2016-12-26,186632,108584,Nolan & Vinny,90.96,84.96,122.05,125.66,8,6,9.67,67.61,7,-30.333333333333,,186633,108588,Frank & Julian,109.12,103.93,7,11.6,53.083333333333,0,1,0,0,0,loss,completed,0
2016,4044453,7f2552c467ca8f793513fcf4bd897abf,,16,,2016-12-20,2016-12-26,186631,54773,Ronnie,119.08,114.08,117.73,125.98,4,5,12.66,90.55,2,-48.533333333333,,186637,108587,Pung & Tralie,136.38,110.06,1,14.5,6.0666666666667,1,0,0,0,0,loss,completed,2
2016,4044546,7f2552c467ca8f793513fcf4bd897abf,,16,,2016-12-20,2016-12-26,186637,108587,Pung & Tralie,136.38,87.88,110.06,145.88,1,3,14.5,88,4,6.0666666666667,,186631,54773,Ronnie,119.08,117.73,4,12.66,-48.533333333333,1,0,0,0,0,win,completed,2
2016,4044530,14a248adf2e7e0c44615ef6948cf52ca,,16,,2016-12-20,2016-12-26,186636,108581,Richie,112.4,107.4,125.34,112,6,8,11.95,95.89,1,-31.8,,186634,54855,GaTTa,134.98,108.19,2,14.35,10.6,0,1,0,0,0,loss,completed,0
2016,4044500,14a248adf2e7e0c44615ef6948cf52ca,,16,,2016-12-20,2016-12-26,186634,54855,GaTTa,134.98,125.98,108.19,150.58,2,2,14.35,83.66,6,10.6,,186636,108581,Richie,112.4,125.34,6,11.95,-31.8,0,1,0,0,0,win,completed,0
2017,4044423,7ef55fd9d4d555de1e0dbccf5a8c34c5,,1,,2017-09-07,2017-09-11,186630,54850,LFTLR,106.28,93.28,131.99,109.98,5,7,8.07,95.73,6,37.916666666667,,186625,108587,Pung & Tralie,101.54,128.04,6,7.71,-45.5,0,0,0,0,0,win,completed,2
2017,4044377,1f02d32229c0bf56e85ed514b93b949f,,1,,2017-09-07,2017-09-11,186627,54846,Team JoeBa,97.94,91.94,117.54,97.28,9,10,7.43,94.51,7,68.25,,186623,108589,Phil Baldino,92,120.13,10,6.98,-15.166666666667,0,0,0,0,0,win,completed,1
2017,4044392,96d932a5c575d3e91b0b1f4cf5ab5630,,1,,2017-09-07,2017-09-11,186628,108592,Chris & Dom,116,101.1,128.73,114.6,4,5,8.8,98.6,2,-60.666666666667,,186622,108588,Frank & Julian,129.32,133.05,3,9.82,22.75,0,0,0,0,0,loss,completed,1
2017,4044408,1c84df138a0a114562bccb6a67dbcfda,,1,,2017-09-07,2017-09-11,186629,54762,Antdell & Ernie,83.62,82.62,127.49,90.42,12,12,6.35,91.37,8,0,,186621,108584,Nolan & Vinny,101.24,130.81,7,7.68,31.85,0,0,0,0,0,loss,completed,0
2017,4044254,9a9ddc46d0ae5926a8989e70219c3794,,1,,2017-09-07,2017-09-11,186619,108581,Richie,171.98,162.98,120.22,164.08,1,2,13.05,99.33,1,7.5833333333333,,186620,54773,Ronnie,129.76,122.17,2,9.85,-75.833333333333,0,0,0,0,0,win,completed,2
2017,4044285,1c84df138a0a114562bccb6a67dbcfda,,1,,2017-09-07,2017-09-11,186621,108584,Nolan & Vinny,101.24,101.24,130.81,113.24,7,6,7.68,89.4,9,31.85,,186629,54762,Antdell & Ernie,83.62,127.49,12,6.35,0,0,0,0,0,0,win,completed,0
2017,4044270,9a9ddc46d0ae5926a8989e70219c3794,,1,,2017-09-07,2017-09-11,186620,54773,Ronnie,129.76,123.76,122.17,127.96,2,4,9.85,96.72,5,-75.833333333333,,186619,108581,Richie,171.98,120.22,1,13.05,7.5833333333333,0,0,0,0,0,loss,completed,2
2017,4044300,96d932a5c575d3e91b0b1f4cf5ab5630,,1,,2017-09-07,2017-09-11,186622,108588,Frank & Julian,129.32,120.32,133.05,171.72,3,1,9.82,70.07,11,22.75,,186628,108592,Chris & Dom,116,128.73,4,8.8,-60.666666666667,0,0,0,0,0,win,completed,1
2017,4044315,1f02d32229c0bf56e85ed514b93b949f,,1,,2017-09-07,2017-09-11,186623,108589,Phil Baldino,92,78,120.13,93,10,11,6.98,97.85,3,-15.166666666667,,186627,54846,Team JoeBa,97.94,117.54,9,7.43,68.25,0,0,0,0,0,loss,completed,1
2017,4044361,fee0cace6843fba1685801fe0cdaf956,,1,,2017-09-07,2017-09-11,186626,108590,Rob & GregBo,86.94,85.94,120.01,105.34,11,8,6.6,81.58,10,-6.0666666666667,,186624,54774,Cambrias,100.88,121.43,8,7.66,48.533333333333,0,0,0,0,0,loss,completed,0
2017,4044345,7ef55fd9d4d555de1e0dbccf5a8c34c5,,1,,2017-09-07,2017-09-11,186625,108587,Pung & Tralie,101.54,98.54,128.04,146.02,6,3,7.71,67.48,12,-45.5,,186630,54850,LFTLR,106.28,131.99,5,8.07,37.916666666667,0,0,0,0,0,loss,completed,2
2017,4044330,fee0cace6843fba1685801fe0cdaf956,,1,,2017-09-07,2017-09-11,186624,54774,Cambrias,100.88,96.88,121.43,99.28,8,9,7.66,97.58,4,48.533333333333,,186626,108590,Rob & GregBo,86.94,120.01,11,6.6,-6.0666666666667,0,0,0,0,0,win,completed,0
2017,4044362,4e2383681f1eb04cf5f875e9234f8686,,2,,2017-09-12,2017-09-18,186626,108590,Rob & GregBo,129.24,106.94,128.06,134.84,3,4,9.4,91.4,3,11.35,,186625,108587,Pung & Tralie,106.62,130.08,9,7.76,-11.35,0,0,0,0,0,win,completed,0
2017,4044346,4e2383681f1eb04cf5f875e9234f8686,,2,,2017-09-12,2017-09-18,186625,108587,Pung & Tralie,106.62,102.62,130.08,130.92,9,7,7.76,78.38,11,-11.35,,186626,108590,Rob & GregBo,129.24,128.06,3,9.4,11.35,0,0,0,0,0,loss,completed,0
2017,4044331,09df34e91dfc7beff9f6c2c24a9d1ca7,,2,,2017-09-12,2017-09-18,186624,54774,Cambrias,109.5,100.5,130.98,103.2,8,11,7.96,97.38,2,-12.133333333333,,186627,54846,Team JoeBa,147.08,126.52,1,10.7,3.0333333333333,0,0,0,0,0,loss,completed,0
2017,4044316,dbb2038c0580cda36bd485f6c74cb0b4,,2,,2017-09-12,2017-09-18,186623,108589,Phil Baldino,110.36,108.36,126.07,111.26,7,9,8.03,97.39,1,42.466666666667,,186628,108592,Chris & Dom,104.16,128.24,10,7.58,-12.133333333333,0,0,0,0,0,win,completed,1
2017,4044424,5a7dd25016e9f5b2f7d536d2a796fd9e,,2,,2017-09-12,2017-09-18,186630,54850,LFTLR,128.68,118.68,124.76,132.58,5,6,9.36,89.52,5,18.916666666667,,186620,54773,Ronnie,81.76,133.41,11,5.95,-3.7833333333333,0,0,0,0,0,win,completed,0
2017,4044378,09df34e91dfc7beff9f6c2c24a9d1ca7,,2,,2017-09-12,2017-09-18,186627,54846,Team JoeBa,147.08,142.28,126.52,160.92,1,1,10.7,90.16,4,3.0333333333333,,186624,54774,Cambrias,109.5,130.98,8,7.96,-12.133333333333,0,0,0,0,0,win,completed,0
2017,4044393,dbb2038c0580cda36bd485f6c74cb0b4,,2,,2017-09-12,2017-09-18,186628,108592,Chris & Dom,104.16,101.16,128.24,115.16,10,8,7.58,87.84,7,-12.133333333333,,186623,108589,Phil Baldino,110.36,126.07,7,8.03,42.466666666667,0,0,0,0,0,loss,completed,1
2017,4044409,1eb88af17c95fa2da96f5193cf87e4d0,,2,,2017-09-12,2017-09-18,186629,54762,Antdell & Ernie,122.02,119.02,124.27,134.82,6,5,8.88,88.28,6,-40.9,,186622,108588,Frank & Julian,129.22,134.53,4,9.4,27.266666666667,0,0,0,0,0,loss,completed,1
2017,4044255,181f06903a5ae1017cf00c74bff6a477,,2,,2017-09-12,2017-09-18,186619,108581,Richie,76.58,72.58,121.81,83.18,12,12,5.57,87.26,8,0,,186621,108584,Nolan & Vinny,129.6,133.31,2,9.43,1.5,0,0,0,0,0,loss,completed,0
2017,4044286,181f06903a5ae1017cf00c74bff6a477,,2,,2017-09-12,2017-09-18,186621,108584,Nolan & Vinny,129.6,126.6,133.31,159.3,2,2,9.43,79.47,10,1.5,,186619,108581,Richie,76.58,121.81,12,5.57,0,0,0,0,0,0,win,completed,0
2017,4044301,1eb88af17c95fa2da96f5193cf87e4d0,,2,,2017-09-12,2017-09-18,186622,108588,Frank & Julian,129.22,121.22,134.53,140.92,4,3,9.4,86.02,9,27.266666666667,,186629,54762,Antdell & Ernie,122.02,124.27,6,8.88,-40.9,0,0,0,0,0,win,completed,1
2017,4044271,5a7dd25016e9f5b2f7d536d2a796fd9e,,2,,2017-09-12,2017-09-18,186620,54773,Ronnie,81.76,79.76,133.41,110.46,11,10,5.95,72.21,12,-3.7833333333333,,186630,54850,LFTLR,128.68,124.76,5,9.36,18.916666666667,0,0,0,0,0,loss,completed,0
2017,4044287,ec059c2f30b36f1b36efd6e550ef3b4f,,3,,2017-09-19,2017-09-25,186621,108584,Nolan & Vinny,103.5,98,128.08,126.1,9,9,7.04,78.91,9,-22.75,,186620,54773,Ronnie,116.62,120.99,8,7.93,60.666666666667,0,0,0,0,0,loss,completed,0
2017,4044302,d0a88b5bd3cb4e3100bcbc3d459b8512,,3,,2017-09-19,2017-09-25,186622,108588,Frank & Julian,134.98,130.68,133.8,144.5,4,5,9.18,91.34,6,24.266666666667,,186619,108581,Richie,130.96,126.26,7,8.91,-30.333333333333,0,0,0,0,0,win,completed,2
2017,4044272,ec059c2f30b36f1b36efd6e550ef3b4f,,3,,2017-09-19,2017-09-25,186620,54773,Ronnie,116.62,108.62,120.99,116.92,8,11,7.93,92.9,3,60.666666666667,,186621,108584,Nolan & Vinny,103.5,128.08,9,7.04,-22.75,0,0,0,0,0,win,completed,0
2017,4044256,d0a88b5bd3cb4e3100bcbc3d459b8512,,3,,2017-09-19,2017-09-25,186619,108581,Richie,130.96,124.96,126.26,157.16,7,2,8.91,79.51,8,-30.333333333333,,186622,108588,Frank & Julian,134.98,133.8,4,9.18,24.266666666667,0,0,0,0,0,loss,completed,2
2017,4044347,d010a70399849f9b11482a8021f91de3,,3,,2017-09-19,2017-09-25,186625,108587,Pung & Tralie,133.62,123.62,121.34,131.12,5,7,9.09,94.28,2,18.916666666667,,186627,54846,Team JoeBa,91.86,115.26,11,6.25,-3.7833333333333,0,0,0,0,0,win,completed,0
2017,4044363,90e26f8adc219e066e9eeb7d10345efb,,3,,2017-09-19,2017-09-25,186626,108590,Rob & GregBo,132.7,123.7,130.58,133.8,6,6,9.03,92.45,4,-36.4,,186630,54850,LFTLR,144.92,130.34,3,9.86,18.2,0,0,0,0,0,loss,completed,0
2017,4044317,2866e6dab32320eca02cd974aa185f43,,3,,2017-09-19,2017-09-25,186623,108589,Phil Baldino,157.24,148.24,123.5,153.54,1,3,10.7,96.55,1,0,,186629,54762,Antdell & Ernie,76.5,129.83,12,5.21,0,0,0,0,0,0,win,completed,0
2017,4044332,812074dcf4758979f76fda19d313a8af,,3,,2017-09-19,2017-09-25,186624,54774,Cambrias,147.82,119.92,129.12,153.42,2,4,10.06,92.44,5,4.5333333333333,,186628,108592,Chris & Dom,99,131.31,10,6.74,-4.5333333333333,0,0,0,0,0,win,completed,0
2017,4044410,2866e6dab32320eca02cd974aa185f43,,3,,2017-09-19,2017-09-25,186629,54762,Antdell & Ernie,76.5,73.5,129.83,130.22,12,8,5.21,56.44,12,0,,186623,108589,Phil Baldino,157.24,123.5,1,10.7,0,0,0,0,0,0,loss,completed,0
2017,4044394,812074dcf4758979f76fda19d313a8af,,3,,2017-09-19,2017-09-25,186628,108592,Chris & Dom,99,89,131.31,108.5,10,12,6.74,82.03,7,-4.5333333333333,,186624,54774,Cambrias,147.82,129.12,2,10.06,4.5333333333333,0,0,0,0,0,loss,completed,0
2017,4044425,90e26f8adc219e066e9eeb7d10345efb,,3,,2017-09-19,2017-09-25,186630,54850,LFTLR,144.92,127.92,130.34,163.82,3,1,9.86,78.09,10,18.2,,186626,108590,Rob & GregBo,132.7,130.58,6,9.03,-36.4,0,0,0,0,0,win,completed,0
2017,4044379,d010a70399849f9b11482a8021f91de3,,3,,2017-09-19,2017-09-25,186627,54846,Team JoeBa,91.86,83.86,115.26,122.86,11,10,6.25,68.26,11,-3.7833333333333,,186625,108587,Pung & Tralie,133.62,121.34,5,9.09,18.916666666667,0,0,0,0,0,loss,completed,0
2017,4044411,a97ae671d4486fcfeb6ef735c4b3a79f,,4,,2017-09-26,2017-10-02,186629,54762,Antdell & Ernie,139.8,103.8,135.01,138.2,2,2,9.97,95.37,3,13.633333333333,,186624,54774,Cambrias,133.08,131.23,4,9.49,-54.533333333333,0,0,0,0,0,win,completed,2
2017,4044426,22c53ea3079962e66b6f26da4f93b1fc,,4,,2017-09-26,2017-10-02,186630,54850,LFTLR,100.28,69.58,129.58,134.88,9,6,7.15,70.64,10,61.35,,186621,108584,Nolan & Vinny,94.14,131.59,11,6.71,-6.8166666666667,0,0,0,0,0,win,completed,1
2017,4044380,dc1c8243ea7f0049710a631739306c92,,4,,2017-09-26,2017-10-02,186627,54846,Team JoeBa,108.58,98.68,127.22,117.08,8,11,7.74,90.18,6,-27.266666666667,,186626,108590,Rob & GregBo,121.02,134.81,6,8.63,40.9,0,0,0,0,0,loss,completed,0
2017,4044395,6675d925bc400c2265125c78adbb9cd4,,4,,2017-09-26,2017-10-02,186628,108592,Chris & Dom,144.2,133.2,127.83,138.8,1,1,10.28,95.97,2,6.8166666666667,,186625,108587,Pung & Tralie,134.16,131.53,3,9.57,-61.35,0,0,0,0,0,win,completed,1
2017,4044303,c37ceac60edef55c7d57cfc01b6bf219,,4,,2017-09-26,2017-10-02,186622,108588,Frank & Julian,99.94,97.94,135.12,125.54,10,9,7.13,78.01,9,-12.133333333333,,186620,54773,Ronnie,111.48,127.07,7,7.95,42.466666666667,0,0,0,0,0,loss,completed,0
2017,4044257,b36df6138879186e2967c5441e62c2be,,4,,2017-09-26,2017-10-02,186619,108581,Richie,82.96,83.96,131.8,133.46,12,8,5.92,62.91,12,0,,186623,108589,Phil Baldino,132.42,134.73,5,9.44,15.166666666667,0,0,0,0,0,loss,completed,0
2017,4044288,22c53ea3079962e66b6f26da4f93b1fc,,4,,2017-09-26,2017-10-02,186621,108584,Nolan & Vinny,94.14,93.14,131.59,134.12,11,7,6.71,69.45,11,-6.8166666666667,,186630,54850,LFTLR,100.28,129.58,9,7.15,61.35,0,0,0,0,0,loss,completed,1
2017,4044273,c37ceac60edef55c7d57cfc01b6bf219,,4,,2017-09-26,2017-10-02,186620,54773,Ronnie,111.48,100.48,127.07,113.98,7,12,7.95,88.16,7,42.466666666667,,186622,108588,Frank & Julian,99.94,135.12,10,7.13,-12.133333333333,0,0,0,0,0,win,completed,0
2017,4044364,dc1c8243ea7f0049710a631739306c92,,4,,2017-09-26,2017-10-02,186626,108590,Rob & GregBo,121.02,117.02,134.81,135.62,6,5,8.63,86.29,8,40.9,,186627,54846,Team JoeBa,108.58,127.22,8,7.74,-27.266666666667,0,0,0,0,0,win,completed,0
2017,4044318,b36df6138879186e2967c5441e62c2be,,4,,2017-09-26,2017-10-02,186623,108589,Phil Baldino,132.42,123.42,134.73,135.72,5,4,9.44,90.94,4,15.166666666667,,186619,108581,Richie,82.96,131.8,12,5.92,0,0,0,0,0,0,win,completed,0
2017,4044348,6675d925bc400c2265125c78adbb9cd4,,4,,2017-09-26,2017-10-02,186625,108587,Pung & Tralie,134.16,125.16,131.53,137.66,3,3,9.57,90.92,5,-61.35,,186628,108592,Chris & Dom,144.2,127.83,1,10.28,6.8166666666667,0,0,0,0,0,loss,completed,1
2017,4044333,a97ae671d4486fcfeb6ef735c4b3a79f,,4,,2017-09-26,2017-10-02,186624,54774,Cambrias,133.08,123.08,131.23,123.08,4,10,9.49,100,1,-54.533333333333,,186629,54762,Antdell & Ernie,139.8,135.01,2,9.97,13.633333333333,0,0,0,0,0,loss,completed,2
2017,4044334,a0627a7a71ff82ec4690931059ff0d96,,5,,2017-10-03,2017-10-09,186624,54774,Cambrias,143.42,135.42,116.53,139.62,3,4,10.1,96.99,3,11.35,,186619,108581,Richie,96.06,122.61,9,6.76,-11.35,0,0,0,0,0,win,completed,0
2017,4044349,d4d8a345b945ba8f13e4c283bf6a8061,,5,,2017-10-03,2017-10-09,186625,108587,Pung & Tralie,152.64,122.24,131.76,163.54,2,1,10.75,87.22,10,4.5333333333333,,186629,54762,Antdell & Ernie,96.02,107.09,10,6.76,-4.5333333333333,0,0,0,0,0,win,completed,0
2017,4044319,614875a47b0453bb6eae3c1f819b5836,,5,,2017-10-03,2017-10-09,186623,108589,Phil Baldino,100.6,92.6,126.18,98.3,8,12,7.08,94.2,5,-30.333333333333,,186620,54773,Ronnie,107.06,123.64,7,7.54,53.083333333333,0,0,0,0,0,loss,completed,1
2017,4044365,5ebd0a2149eedbf124c8e2a882da6231,,5,,2017-10-03,2017-10-09,186626,108590,Rob & GregBo,91.98,89.98,104.97,104.08,11,9,6.48,86.45,11,-0.75,,186628,108592,Chris & Dom,160.14,122.13,1,11.28,0.75,0,0,0,0,0,loss,completed,0
2017,4044412,d4d8a345b945ba8f13e4c283bf6a8061,,5,,2017-10-03,2017-10-09,186629,54762,Antdell & Ernie,96.02,94.02,107.09,100.82,10,10,6.76,93.26,6,-4.5333333333333,,186625,108587,Pung & Tralie,152.64,131.76,2,10.75,4.5333333333333,0,0,0,0,0,loss,completed,0
2017,4044381,c32819967bb74e532d5f246ba2114d17,,5,,2017-10-03,2017-10-09,186627,54846,Team JoeBa,141.26,119.26,108.75,128.76,4,6,9.95,92.62,7,30.333333333333,,186630,54850,LFTLR,130.52,130.09,5,9.19,-53.083333333333,0,0,0,0,0,win,completed,1
2017,4044396,5ebd0a2149eedbf124c8e2a882da6231,,5,,2017-10-03,2017-10-09,186628,108592,Chris & Dom,160.14,140.14,122.13,140.14,1,3,11.28,100,1,0.75,,186626,108590,Rob & GregBo,91.98,104.97,11,6.48,-0.75,0,0,0,0,0,win,completed,0
2017,4044427,c32819967bb74e532d5f246ba2114d17,,5,,2017-10-03,2017-10-09,186630,54850,LFTLR,130.52,127.52,130.09,129.12,5,5,9.19,98.76,2,-53.083333333333,,186627,54846,Team JoeBa,141.26,108.75,4,9.95,30.333333333333,0,0,0,0,0,loss,completed,1
2017,4044289,01871c6bc8c23ddf29e3c1d771c7a09f,,5,,2017-10-03,2017-10-09,186621,108584,Nolan & Vinny,116.96,87.56,115,107.56,6,8,8.24,94.79,4,22.7,,186622,108588,Frank & Julian,83.58,129.96,12,5.88,0,0,0,0,0,0,win,completed,0
2017,4044274,614875a47b0453bb6eae3c1f819b5836,,5,,2017-10-03,2017-10-09,186620,54773,Ronnie,107.06,104.06,123.64,117.26,7,7,7.54,88.74,9,53.083333333333,,186623,108589,Phil Baldino,100.6,126.18,8,7.08,-30.333333333333,0,0,0,0,0,win,completed,1
2017,4044258,a0627a7a71ff82ec4690931059ff0d96,,5,,2017-10-03,2017-10-09,186619,108581,Richie,96.06,89.06,122.61,99.26,9,11,6.76,89.72,8,-11.35,,186624,54774,Cambrias,143.42,116.53,3,10.1,11.35,0,0,0,0,0,loss,completed,0
2017,4044304,01871c6bc8c23ddf29e3c1d771c7a09f,,5,,2017-10-03,2017-10-09,186622,108588,Frank & Julian,83.58,86.58,129.96,141.9,12,2,5.88,61.01,12,0,,186621,108584,Nolan & Vinny,116.96,115,6,8.24,22.7,0,0,0,0,0,loss,completed,0
2017,4044290,852be98f31a0cdbbf4b798abbb0b727c,,6,,2017-10-10,2017-10-16,186621,108584,Nolan & Vinny,97.54,82.64,121.74,91.54,11,12,7.25,100,1,-6.0666666666667,,186623,108589,Phil Baldino,104.76,101.55,8,7.79,48.533333333333,0,0,0,0,0,loss,completed,1
2017,4044275,fcb0bb6a3c2c21fdd2ff5bdf01756919,,6,,2017-10-10,2017-10-16,186620,54773,Ronnie,91.64,68.74,114.83,97.64,12,11,6.8100000000000005,92.83,4,0,,186624,54774,Cambrias,132.02,139.76,2,9.81,1.5,0,0,0,0,0,loss,completed,0
2017,4044305,015ff25489ab0364c8d6a0bd710303b6,,6,,2017-10-10,2017-10-16,186622,108588,Frank & Julian,101.16,99.16,127.51,116.16,10,6,7.52,85.37,10,-15.166666666667,,186630,54850,LFTLR,101.28,128.34,9,7.53,68.25,0,0,0,0,0,loss,completed,3
2017,4044259,288ff7ec6e4b1eef483ccf7e021c5e1d,,6,,2017-10-10,2017-10-16,186619,108581,Richie,128.78,86.2,124.21,131.48,3,4,9.57,91.1,5,18.2,,186625,108587,Pung & Tralie,106.72,132.77,6,7.93,-36.4,0,0,0,0,0,win,completed,0
2017,4044320,852be98f31a0cdbbf4b798abbb0b727c,,6,,2017-10-10,2017-10-16,186623,108589,Phil Baldino,104.76,99.76,101.55,105.16,8,10,7.79,94.86,2,48.533333333333,,186621,108584,Nolan & Vinny,97.54,121.74,11,7.25,-6.0666666666667,0,0,0,0,0,win,completed,1
2017,4044335,fcb0bb6a3c2c21fdd2ff5bdf01756919,,6,,2017-10-10,2017-10-16,186624,54774,Cambrias,132.02,132.02,139.76,149.72,2,2,9.81,88.18,8,1.5,,186620,54773,Ronnie,91.64,114.83,12,6.8100000000000005,0,0,0,0,0,0,win,completed,0
2017,4044350,288ff7ec6e4b1eef483ccf7e021c5e1d,,6,,2017-10-10,2017-10-16,186625,108587,Pung & Tralie,106.72,100.72,132.77,112.22,6,8,7.93,89.75,6,-36.4,,186619,108581,Richie,128.78,124.21,3,9.57,18.2,0,0,0,0,0,loss,completed,0
2017,4044366,f9cae8c7e1ebd814fed0da3650aa9e5a,,6,,2017-10-10,2017-10-16,186626,108590,Rob & GregBo,121.44,104.34,126.3,115.24,4,7,9.03,93.23,3,-48.533333333333,,186629,54762,Antdell & Ernie,145.82,134.09,1,10.84,6.0666666666667,0,0,0,0,0,loss,completed,1
2017,4044413,f9cae8c7e1ebd814fed0da3650aa9e5a,,6,,2017-10-10,2017-10-16,186629,54762,Antdell & Ernie,145.82,136.82,134.09,160.72,1,1,10.84,85.13,11,6.0666666666667,,186626,108590,Rob & GregBo,121.44,126.3,4,9.03,-48.533333333333,0,0,0,0,0,win,completed,1
2017,4044382,e7942d41def5a2035602ffdbfa62674b,,6,,2017-10-10,2017-10-16,186627,54846,Team JoeBa,106.02,80.52,121.49,141.68,7,3,7.88,69.18,12,-34.083333333333,,186628,108592,Chris & Dom,108.3,115.01,5,8.05,34.083333333333,0,0,0,0,0,loss,completed,2
2017,4044397,e7942d41def5a2035602ffdbfa62674b,,6,,2017-10-10,2017-10-16,186628,108592,Chris & Dom,108.3,104.3,115.01,120.4,5,5,8.05,86.63,9,34.083333333333,,186627,54846,Team JoeBa,106.02,121.49,7,7.88,-34.083333333333,0,0,0,0,0,win,completed,2
2017,4044428,015ff25489ab0364c8d6a0bd710303b6,,6,,2017-10-10,2017-10-16,186630,54850,LFTLR,101.28,96.28,128.34,108.58,9,9,7.53,88.67,7,68.25,,186622,108588,Frank & Julian,101.16,127.51,10,7.52,-15.166666666667,0,0,0,0,0,win,completed,3
2017,4044398,cc7bcab62f5bdaada28dc0f4fe6cff8e,,7,,2017-10-17,2017-10-23,186628,108592,Chris & Dom,128.02,119.02,125.35,149.62,5,4,9.35,79.55,9,30.333333333333,,186630,54850,LFTLR,109.56,119.62,8,8,-24.266666666667,0,0,0,0,0,win,completed,0
2017,4044414,2ac202b21d78ef986ba058fa27c3fb6d,,7,,2017-10-17,2017-10-23,186629,54762,Antdell & Ernie,144.26,116.96,122.33,149.86,1,3,10.53,92.26,7,0,,186627,54846,Team JoeBa,80.22,121.5,12,5.86,0,0,0,0,0,0,win,completed,0
2017,4044429,cc7bcab62f5bdaada28dc0f4fe6cff8e,,7,,2017-10-17,2017-10-23,186630,54850,LFTLR,109.56,88.16,119.62,104.56,8,10,8,100,2,-24.266666666667,,186628,108592,Chris & Dom,128.02,125.35,5,9.35,30.333333333333,0,0,0,0,0,loss,completed,0
2017,4044383,2ac202b21d78ef986ba058fa27c3fb6d,,7,,2017-10-17,2017-10-23,186627,54846,Team JoeBa,80.22,78.22,121.5,115.32,12,8,5.86,67.83,11,0,,186629,54762,Antdell & Ernie,144.26,122.33,1,10.53,0,0,0,0,0,0,loss,completed,0
2017,4044306,259d1b9c1bdf2de9d368ecd4483dd400,,7,,2017-10-17,2017-10-23,186622,108588,Frank & Julian,138.74,104.24,129.37,156.26,3,2,10.13,88.15,8,6.8,,186623,108589,Phil Baldino,85.98,115.31,11,6.28,-2.2666666666667,0,0,0,0,0,win,completed,0
2017,4044291,b69335d598db21c2b02e352329d433d8,,7,,2017-10-17,2017-10-23,186621,108584,Nolan & Vinny,118.28,105.28,113.57,164.88,6,1,8.64,63.85,12,-31.8,,186624,54774,Cambrias,140.58,134.49,2,10.26,10.6,0,0,0,0,0,loss,completed,0
2017,4044260,0e4c3509079e0650fc1580ac341bb7bf,,7,,2017-10-17,2017-10-23,186619,108581,Richie,88.82,85.82,106.3,85.82,10,12,6.49,100,1,-15.166666666667,,186626,108590,Rob & GregBo,91.04,116.69,9,6.65,68.25,0,0,0,0,0,loss,completed,2
2017,4044276,6e90fb0d8ad4c48d21044826f3ddbce6,,7,,2017-10-17,2017-10-23,186620,54773,Ronnie,129.3,126.3,126.79,135.16,4,6,9.44,93.44,6,24.266666666667,,186625,108587,Pung & Tralie,114.76,125.17,7,8.38,-30.333333333333,0,0,0,0,0,win,completed,0
2017,4044336,b69335d598db21c2b02e352329d433d8,,7,,2017-10-17,2017-10-23,186624,54774,Cambrias,140.58,130.58,134.49,135.88,2,5,10.26,96.1,4,10.6,,186621,108584,Nolan & Vinny,118.28,113.57,6,8.64,-31.8,0,0,0,0,0,win,completed,0
2017,4044351,6e90fb0d8ad4c48d21044826f3ddbce6,,7,,2017-10-17,2017-10-23,186625,108587,Pung & Tralie,114.76,105.76,125.17,107.76,7,9,8.38,98.14,3,-30.333333333333,,186620,54773,Ronnie,129.3,126.79,4,9.44,24.266666666667,0,0,0,0,0,loss,completed,0
2017,4044321,259d1b9c1bdf2de9d368ecd4483dd400,,7,,2017-10-17,2017-10-23,186623,108589,Phil Baldino,85.98,84.98,115.31,124.06,11,7,6.28,68.5,10,-2.2666666666667,,186622,108588,Frank & Julian,138.74,129.37,3,10.13,6.8,0,0,0,0,0,loss,completed,0
2017,4044367,0e4c3509079e0650fc1580ac341bb7bf,,7,,2017-10-17,2017-10-23,186626,108590,Rob & GregBo,91.04,77.44,116.69,91.74,9,11,6.65,94.88,5,68.25,,186619,108581,Richie,88.82,106.3,10,6.49,-15.166666666667,0,0,0,0,0,win,completed,2
2017,4044337,2afe7baa0e1b9e129dc637d8b7251d75,,8,,2017-10-24,2017-10-30,186624,54774,Cambrias,106.38,103.38,133.1,113.92,8,9,7.11,90.75,8,42.4,,186622,108588,Frank & Julian,70.86,123.54,12,4.73,0,0,0,0,0,0,win,completed,0
2017,4044352,a9a1157c50e8ab282c716148dcb4d741,,8,,2017-10-24,2017-10-30,186625,108587,Pung & Tralie,104.62,64.72,115.73,102.62,9,11,6.99,100,2,-13.65,,186621,108584,Nolan & Vinny,144.08,118.47,4,9.63,18.2,0,0,0,0,0,loss,completed,0
2017,4044368,baed4f23e9d9d6f54b201df44fef73da,,8,,2017-10-24,2017-10-30,186626,108590,Rob & GregBo,146.56,102.3,115.29,140.56,3,5,9.79,100,3,-68.25,,186620,54773,Ronnie,153.38,123.83,2,10.25,15.166666666667,0,0,0,0,0,loss,completed,2
2017,4044322,cba1456eab6f4133cc89d363fdf5f849,,8,,2017-10-24,2017-10-30,186623,108589,Phil Baldino,103.92,98.92,104.7,110.42,10,10,6.9399999999999995,89.59,10,75.833333333333,,186630,54850,LFTLR,103.72,126.27,11,6.93,-7.5833333333333,0,0,0,0,0,win,completed,3
2017,4044399,cfdb5b2e726c97db67314deb8f198f4b,,8,,2017-10-24,2017-10-30,186628,108592,Chris & Dom,126.92,115.72,128.68,145.52,7,3,8.48,85.84,12,-34.083333333333,,186629,54762,Antdell & Ernie,143.18,121.16,5,9.57,34.083333333333,0,0,0,0,0,loss,completed,0
2017,4044430,cba1456eab6f4133cc89d363fdf5f849,,8,,2017-10-24,2017-10-30,186630,54850,LFTLR,103.72,103.72,126.27,114.72,11,8,6.93,90.41,9,-7.5833333333333,,186623,108589,Phil Baldino,103.92,104.7,10,6.9399999999999995,75.833333333333,0,0,0,0,0,loss,completed,3
2017,4044415,cfdb5b2e726c97db67314deb8f198f4b,,8,,2017-10-24,2017-10-30,186629,54762,Antdell & Ernie,143.18,127.18,121.16,143.38,5,4,9.57,88.7,11,34.083333333333,,186628,108592,Chris & Dom,126.92,128.68,7,8.48,-34.083333333333,0,0,0,0,0,win,completed,0
2017,4044384,697253de37c548167f3f276ffef6a56f,,8,,2017-10-24,2017-10-30,186627,54846,Team JoeBa,134.24,112.94,118.27,134.54,6,7,8.97,93.09,6,-27.3,,186619,108581,Richie,158.72,116.13,1,10.61,4.55,0,0,0,0,0,loss,completed,0
2017,4044307,2afe7baa0e1b9e129dc637d8b7251d75,,8,,2017-10-24,2017-10-30,186622,108588,Frank & Julian,70.86,68.86,123.54,72.78,12,12,4.73,94.61,5,0,,186624,54774,Cambrias,106.38,133.1,8,7.11,42.4,0,0,0,0,0,loss,completed,0
2017,4044292,a9a1157c50e8ab282c716148dcb4d741,,8,,2017-10-24,2017-10-30,186621,108584,Nolan & Vinny,144.08,137.08,118.47,137.08,4,6,9.63,100,1,18.2,,186625,108587,Pung & Tralie,104.62,115.73,9,6.99,-13.65,0,0,0,0,0,win,completed,0
2017,4044261,697253de37c548167f3f276ffef6a56f,,8,,2017-10-24,2017-10-30,186619,108581,Richie,158.72,152.72,116.13,159.72,1,1,10.61,95.62,4,4.55,,186627,54846,Team JoeBa,134.24,118.27,6,8.97,-27.3,0,0,0,0,0,win,completed,0
2017,4044277,baed4f23e9d9d6f54b201df44fef73da,,8,,2017-10-24,2017-10-30,186620,54773,Ronnie,153.38,138.38,123.83,150.28,2,2,10.25,92.08,7,15.166666666667,,186626,108590,Rob & GregBo,146.56,115.29,3,9.79,-68.25,0,0,0,0,0,win,completed,2
2017,4044262,e03b351cdf46ba7f66839bcdbd31d6b7,,9,,2017-10-31,2017-11-06,186619,108581,Richie,134.74,129.74,113.18,140.4,1,2,9.87,92.41,4,0.75,,186628,108592,Chris & Dom,89.18,118.41,11,6.53,-0.75,0,0,0,0,0,win,completed,0
2017,4044308,f671f1f423e28b99d320903d1339f4c2,,9,,2017-10-31,2017-11-06,186622,108588,Frank & Julian,96.88,68.08,123.13,100.58,10,11,7.1,90.36,6,-15.166666666667,,186625,108587,Pung & Tralie,107.26,108.61,9,7.86,68.25,0,0,0,0,0,loss,completed,0
2017,4044293,4a9ffd24a75bffe01f8461301c0b92f7,,9,,2017-10-31,2017-11-06,186621,108584,Nolan & Vinny,124.84,108.84,114.22,111.84,5,8,9.14,97.32,2,34.083333333333,,186626,108590,Rob & GregBo,116.62,110.9,7,8.54,-34.083333333333,0,0,0,0,0,win,completed,1
2017,4044278,f7f081ce075660a6399147aa8ed0b2ea,,9,,2017-10-31,2017-11-06,186620,54773,Ronnie,81.88,81.88,101.14,95.3,12,12,6,85.92,8,0,,186627,54846,Team JoeBa,125.86,114.73,4,9.22,9.0666666666667,0,0,0,0,0,loss,completed,0
2017,4044369,4a9ffd24a75bffe01f8461301c0b92f7,,9,,2017-10-31,2017-11-06,186626,108590,Rob & GregBo,116.62,110.62,110.9,110.62,7,9,8.54,100,1,-34.083333333333,,186621,108584,Nolan & Vinny,124.84,114.22,5,9.14,34.083333333333,0,0,0,0,0,loss,completed,1
2017,4044353,f671f1f423e28b99d320903d1339f4c2,,9,,2017-10-31,2017-11-06,186625,108587,Pung & Tralie,107.26,101.26,108.61,106.96,9,10,7.86,94.67,3,68.25,,186622,108588,Frank & Julian,96.88,123.13,10,7.1,-15.166666666667,0,0,0,0,0,win,completed,0
2017,4044338,5d5cc06d1f517739089b35cf0382e79f,,9,,2017-10-31,2017-11-06,186624,54774,Cambrias,127.7,116.7,116.24,130.5,3,4,9.35,89.43,7,18.2,,186623,108589,Phil Baldino,120.54,105.56,6,8.83,-36.4,0,0,0,0,0,win,completed,1
2017,4044323,5d5cc06d1f517739089b35cf0382e79f,,9,,2017-10-31,2017-11-06,186623,108589,Phil Baldino,120.54,118.54,105.56,139.96,6,3,8.83,84.7,9,-36.4,,186624,54774,Cambrias,127.7,116.24,3,9.35,18.2,0,0,0,0,0,loss,completed,1
2017,4044400,e03b351cdf46ba7f66839bcdbd31d6b7,,9,,2017-10-31,2017-11-06,186628,108592,Chris & Dom,89.18,88.18,118.41,114.78,11,7,6.53,76.83,12,-0.75,,186619,108581,Richie,134.74,113.18,1,9.87,0.75,0,0,0,0,0,loss,completed,0
2017,4044416,b8e57382ee6d4542aecb07980d9253b7,,9,,2017-10-31,2017-11-06,186629,54762,Antdell & Ernie,111.28,104.28,111.75,126.68,8,6,8.15,82.32,11,-15.133333333333,,186630,54850,LFTLR,128.52,111.03,2,9.41,7.5666666666667,0,0,0,0,0,loss,completed,0
2017,4044431,b8e57382ee6d4542aecb07980d9253b7,,9,,2017-10-31,2017-11-06,186630,54850,LFTLR,128.52,106.42,111.03,129.52,2,5,9.41,90.74,5,7.5666666666667,,186629,54762,Antdell & Ernie,111.28,111.75,8,8.15,-15.133333333333,0,0,0,0,0,win,completed,0
2017,4044385,f7f081ce075660a6399147aa8ed0b2ea,,9,,2017-10-31,2017-11-06,186627,54846,Team JoeBa,125.86,117.86,114.73,141.46,4,1,9.22,83.32,10,9.0666666666667,,186620,54773,Ronnie,81.88,101.14,12,6,0,0,0,0,0,0,win,completed,0
2017,4044401,c64ff6fed579c900f559b143524b9653,,10,,2017-11-07,2017-11-13,186628,108592,Chris & Dom,133.98,122.18,115.46,132.88,4,4,9.01,97.07,6,-48.533333333333,,186620,54773,Ronnie,153.04,124.57,1,10.29,6.0666666666667,0,0,0,0,0,loss,completed,1
2017,4044432,bb856cc2fb477a97536eff1e4a19d018,,10,,2017-11-07,2017-11-13,186630,54850,LFTLR,110.24,105.24,102.55,105.24,9,9,7.42,100,4,68.25,,186624,54774,Cambrias,108.7,129.29,10,7.31,-15.166666666667,0,0,0,0,0,win,completed,2
2017,4044417,75590a2e9da9f288315542aab02fb024,,10,,2017-11-07,2017-11-13,186629,54762,Antdell & Ernie,145.12,136.12,121.38,160.32,2,1,9.76,84.91,12,15.166666666667,,186619,108581,Richie,143.86,123.62,3,9.68,-68.25,0,0,0,0,0,win,completed,3
2017,4044386,e421b8bad65c47118136bf11ea38ad37,,10,,2017-11-07,2017-11-13,186627,54846,Team JoeBa,119.9,114.9,111.53,127.5,7,6,8.07,90.12,10,53.083333333333,,186621,108584,Nolan & Vinny,113.6,101.42,8,7.64,-30.333333333333,0,0,0,0,0,win,completed,1
2017,4044263,75590a2e9da9f288315542aab02fb024,,10,,2017-11-07,2017-11-13,186619,108581,Richie,143.86,129.86,123.62,131.36,3,5,9.68,98.86,5,-68.25,,186629,54762,Antdell & Ernie,145.12,121.38,2,9.76,15.166666666667,0,0,0,0,0,loss,completed,3
2017,4044279,c64ff6fed579c900f559b143524b9653,,10,,2017-11-07,2017-11-13,186620,54773,Ronnie,153.04,136.04,124.57,136.04,1,2,10.29,100,1,6.0666666666667,,186628,108592,Chris & Dom,133.98,115.46,4,9.01,-48.533333333333,0,0,0,0,0,win,completed,1
2017,4044309,0b728cb9ebcf49a2ade1945a555377d9,,10,,2017-11-07,2017-11-13,186622,108588,Frank & Julian,131.66,121.66,111.93,135.86,5,3,8.86,89.55,11,18.916666666667,,186626,108590,Rob & GregBo,106.66,117.63,11,7.17,-3.7833333333333,0,0,0,0,0,win,completed,0
2017,4044294,e421b8bad65c47118136bf11ea38ad37,,10,,2017-11-07,2017-11-13,186621,108584,Nolan & Vinny,113.6,102.6,101.42,102.6,8,12,7.64,100,2,-30.333333333333,,186627,54846,Team JoeBa,119.9,111.53,7,8.07,53.083333333333,0,0,0,0,0,loss,completed,1
2017,4044339,bb856cc2fb477a97536eff1e4a19d018,,10,,2017-11-07,2017-11-13,186624,54774,Cambrias,108.7,104.7,129.29,104.7,10,10,7.31,100,3,-15.166666666667,,186630,54850,LFTLR,110.24,102.55,9,7.42,68.25,0,0,0,0,0,loss,completed,2
2017,4044370,0b728cb9ebcf49a2ade1945a555377d9,,10,,2017-11-07,2017-11-13,186626,108590,Rob & GregBo,106.66,106.66,117.63,111.16,11,8,7.17,95.95,7,-3.7833333333333,,186622,108588,Frank & Julian,131.66,111.93,5,8.86,18.916666666667,0,0,0,0,0,loss,completed,0
2017,4044354,9f0e8636579481dca87769548d740bff,,10,,2017-11-07,2017-11-13,186625,108587,Pung & Tralie,96.74,96.74,124.15,103.64,12,11,6.51,93.34,9,0,,186623,108589,Phil Baldino,123.16,107.36,6,8.28,22.7,0,0,0,0,0,loss,completed,0
2017,4044324,9f0e8636579481dca87769548d740bff,,10,,2017-11-07,2017-11-13,186623,108589,Phil Baldino,123.16,92.1,107.36,120.16,6,7,8.28,93.34,8,22.7,,186625,108587,Pung & Tralie,96.74,124.15,12,6.51,0,0,0,0,0,0,win,completed,0
2017,4044340,3fcda0ea6ebbdde740cd83c9e5d10a17,,11,,2017-11-14,2017-11-20,186624,54774,Cambrias,116.08,99.78,131.27,117.64,8,10,7.89,96.12,4,-30.333333333333,,186625,108587,Pung & Tralie,121.9,115.55,7,8.28,53.083333333333,0,0,0,0,0,loss,completed,1
2017,4044371,6b8b56a37ee0a98032ff6a58ae86dd48,,11,,2017-11-14,2017-11-20,186626,108590,Rob & GregBo,131.9,127.9,111.02,128.6,5,6,8.96,99.46,2,26.5,,186623,108589,Phil Baldino,111,105.63,9,7.54,-15.9,0,0,0,0,0,win,completed,0
2017,4044355,3fcda0ea6ebbdde740cd83c9e5d10a17,,11,,2017-11-14,2017-11-20,186625,108587,Pung & Tralie,121.9,117.9,115.55,119.9,7,9,8.28,98.33,3,53.083333333333,,186624,54774,Cambrias,116.08,131.27,8,7.89,-30.333333333333,0,0,0,0,0,win,completed,1
2017,4044325,6b8b56a37ee0a98032ff6a58ae86dd48,,11,,2017-11-14,2017-11-20,186623,108589,Phil Baldino,111,106,105.63,156,9,3,7.54,67.95,12,-15.9,,186626,108590,Rob & GregBo,131.9,111.02,5,8.96,26.5,0,0,0,0,0,loss,completed,0
2017,4044387,0e4c6f99ef2c509843d70adc99457b8e,,11,,2017-11-14,2017-11-20,186627,54846,Team JoeBa,103.82,95.22,118.11,109.22,10,11,7.05,91.39,7,-6.0666666666667,,186622,108588,Frank & Julian,135.06,116.8,3,9.18,9.1,0,0,0,0,0,loss,completed,0
2017,4044418,d90646e6d29d531304b007e2f8b963df,,11,,2017-11-14,2017-11-20,186629,54762,Antdell & Ernie,168.92,118.5,128.94,170.42,1,1,11.48,95.6,5,7.5833333333333,,186620,54773,Ronnie,156.3,134.83,2,10.62,-75.833333333333,0,0,0,0,0,win,completed,2
2017,4044402,b2a584c3092748e8d243a6f4424bfee6,,11,,2017-11-14,2017-11-20,186628,108592,Chris & Dom,127.38,112.08,108.34,143.28,6,4,8.66,82.62,9,22.7,,186621,108584,Nolan & Vinny,72.9,122.02,12,4.95,0,0,0,0,0,0,win,completed,0
2017,4044433,b6354afee03b5b243ed3a6841010d535,,11,,2017-11-14,2017-11-20,186630,54850,LFTLR,93.2,71.1,110.98,121.06,11,8,6.33,76.16,11,-3.0333333333333,,186619,108581,Richie,133.16,127.02,4,9.05,12.133333333333,0,0,0,0,0,loss,completed,0
2017,4044295,b2a584c3092748e8d243a6f4424bfee6,,11,,2017-11-14,2017-11-20,186621,108584,Nolan & Vinny,72.9,72.9,122.02,94.34,12,12,4.95,77.27,10,0,,186628,108592,Chris & Dom,127.38,108.34,6,8.66,22.7,0,0,0,0,0,loss,completed,0
2017,4044264,b6354afee03b5b243ed3a6841010d535,,11,,2017-11-14,2017-11-20,186619,108581,Richie,133.16,127.16,127.02,127.66,4,7,9.05,99.61,1,12.133333333333,,186630,54850,LFTLR,93.2,110.98,11,6.33,-3.0333333333333,0,0,0,0,0,win,completed,0
2017,4044310,0e4c6f99ef2c509843d70adc99457b8e,,11,,2017-11-14,2017-11-20,186622,108588,Frank & Julian,135.06,133.06,116.8,139.26,3,5,9.18,95.55,6,9.1,,186627,54846,Team JoeBa,103.82,118.11,10,7.05,-6.0666666666667,0,0,0,0,0,win,completed,0
2017,4044280,d90646e6d29d531304b007e2f8b963df,,11,,2017-11-14,2017-11-20,186620,54773,Ronnie,156.3,139.3,134.83,159.1,2,2,10.62,87.55,8,-75.833333333333,,186629,54762,Antdell & Ernie,168.92,128.94,1,11.48,7.5833333333333,0,0,0,0,0,loss,completed,2
2017,4044281,a7211b056b0534432feb5b081aacae63,,12,,2017-11-21,2017-11-27,186620,54773,Ronnie,148.78,140.78,140.78,176.58,3,1,10.03,79.73,10,-68.25,,186619,108581,Richie,154.3,131.41,2,10.4,15.166666666667,0,0,0,0,0,loss,completed,2
2017,4044265,a7211b056b0534432feb5b081aacae63,,12,,2017-11-21,2017-11-27,186619,108581,Richie,154.3,143.3,131.41,147.32,2,5,10.4,97.27,1,15.166666666667,,186620,54773,Ronnie,148.78,140.78,3,10.03,-68.25,0,0,0,0,0,win,completed,2
2017,4044296,0308404346c44de453f91e2b1fed4788,,12,,2017-11-21,2017-11-27,186621,108584,Nolan & Vinny,169.96,154.06,124.2,175.96,1,2,11.46,91.48,3,3.0333333333333,,186629,54762,Antdell & Ernie,102.52,134.09,8,6.91,-12.133333333333,0,0,0,0,0,win,completed,0
2017,4044311,5513d44411c5eec66d6c2b98b5b58c06,,12,,2017-11-21,2017-11-27,186622,108588,Frank & Julian,126.42,122.42,123.62,152.5,7,4,8.52,80.28,9,42.466666666667,,186628,108592,Chris & Dom,94.98,125.19,10,6.4,-12.133333333333,0,0,0,0,0,win,completed,0
2017,4044341,fe8660d2678be3a6b0026680392e8feb,,12,,2017-11-21,2017-11-27,186624,54774,Cambrias,147.16,137.16,135.34,155.46,4,3,9.92,88.23,6,18.2,,186626,108590,Rob & GregBo,96.34,126.5,9,6.49,-13.65,0,0,0,0,0,win,completed,0
2017,4044356,84524514fbcb5dc1feea9e9e31a14f9e,,12,,2017-11-21,2017-11-27,186625,108587,Pung & Tralie,87.16,86.16,120.06,96.76,12,12,5.88,89.05,5,0,,186630,54850,LFTLR,134.74,110.89,5,9.08,15.166666666667,0,0,0,0,0,loss,completed,0
2017,4044372,fe8660d2678be3a6b0026680392e8feb,,12,,2017-11-21,2017-11-27,186626,108590,Rob & GregBo,96.34,94.34,126.5,104.04,9,11,6.49,90.68,4,-13.65,,186624,54774,Cambrias,147.16,135.34,4,9.92,18.2,0,0,0,0,0,loss,completed,0
2017,4044326,2c206072aea5d248eb753baa24fbf04b,,12,,2017-11-21,2017-11-27,186623,108589,Phil Baldino,92.56,82.56,103.34,117.48,11,9,6.24,70.28,11,-4.55,,186627,54846,Team JoeBa,128.48,129.82,6,8.66,27.3,0,0,0,0,0,loss,completed,0
2017,4044434,84524514fbcb5dc1feea9e9e31a14f9e,,12,,2017-11-21,2017-11-27,186630,54850,LFTLR,134.74,126.74,110.89,137.04,5,7,9.08,92.48,2,15.166666666667,,186625,108587,Pung & Tralie,87.16,120.06,12,5.88,0,0,0,0,0,0,win,completed,0
2017,4044388,2c206072aea5d248eb753baa24fbf04b,,12,,2017-11-21,2017-11-27,186627,54846,Team JoeBa,128.48,119.48,129.82,140.38,6,6,8.66,85.11,7,27.3,,186623,108589,Phil Baldino,92.56,103.34,11,6.24,-4.55,0,0,0,0,0,win,completed,0
2017,4044403,5513d44411c5eec66d6c2b98b5b58c06,,12,,2017-11-21,2017-11-27,186628,108592,Chris & Dom,94.98,85.98,125.19,123.92,10,8,6.4,69.38,12,-12.133333333333,,186622,108588,Frank & Julian,126.42,123.62,7,8.52,42.466666666667,0,0,0,0,0,loss,completed,0
2017,4044419,0308404346c44de453f91e2b1fed4788,,12,,2017-11-21,2017-11-27,186629,54762,Antdell & Ernie,102.52,95.52,134.09,113.12,8,10,6.91,84.44,8,-12.133333333333,,186621,108584,Nolan & Vinny,169.96,124.2,1,11.46,3.0333333333333,0,0,0,0,0,loss,completed,0
2017,4044404,b1c507c57fbbe51036866a1de8cd5679,,13,,2017-11-28,2017-12-04,186628,108592,Chris & Dom,125.64,120.64,124.22,145.34,5,4,8.93,83.01,9,15.166666666667,,186623,108589,Phil Baldino,85.18,119.46,12,6.05,0,0,0,0,0,0,win,completed,0
2017,4044420,66a09012ef3c2dbe5d00e0a1f93d4f9d,,13,,2017-11-28,2017-12-04,186629,54762,Antdell & Ernie,126.88,117.88,128.86,125.68,4,7,9.02,93.79,4,-60.666666666667,,186622,108588,Frank & Julian,133.32,118.33,3,9.47,22.75,0,0,0,0,0,loss,completed,2
2017,4044389,e604b467a14865d5c683f1d9b862d393,,13,,2017-11-28,2017-12-04,186627,54846,Team JoeBa,97.82,93.82,120.32,103.42,10,12,6.95,90.72,7,-3.0333333333333,,186624,54774,Cambrias,164.36,136.68,1,11.68,1.5166666666667,0,0,0,0,0,loss,completed,0
2017,4044373,4572ed7f3c01bb2be3243ac3f8ddd611,,13,,2017-11-28,2017-12-04,186626,108590,Rob & GregBo,107.66,104.66,117.76,113.16,8,9,7.65,92.49,6,-30.333333333333,,186625,108587,Pung & Tralie,112.08,112.99,7,7.96,53.083333333333,0,0,0,0,0,loss,completed,2
2017,4044357,4572ed7f3c01bb2be3243ac3f8ddd611,,13,,2017-11-28,2017-12-04,186625,108587,Pung & Tralie,112.08,108.08,112.99,116.78,7,8,7.96,92.55,5,53.083333333333,,186626,108590,Rob & GregBo,107.66,117.76,8,7.65,-30.333333333333,0,0,0,0,0,win,completed,2
2017,4044342,e604b467a14865d5c683f1d9b862d393,,13,,2017-11-28,2017-12-04,186624,54774,Cambrias,164.36,162.36,136.68,169.66,1,1,11.68,95.7,1,1.5166666666667,,186627,54846,Team JoeBa,97.82,120.32,10,6.95,-3.0333333333333,0,0,0,0,0,win,completed,0
2017,4044327,b1c507c57fbbe51036866a1de8cd5679,,13,,2017-11-28,2017-12-04,186623,108589,Phil Baldino,85.18,78.18,119.46,108.16,12,10,6.05,72.28,11,0,,186628,108592,Chris & Dom,125.64,124.22,5,8.93,15.166666666667,0,0,0,0,0,loss,completed,0
2017,4044297,c4aa1694b404208919e4f2e384e050d1,,13,,2017-11-28,2017-12-04,186621,108584,Nolan & Vinny,106.3,102.3,124.74,107,9,11,7.55,95.61,2,-9.1,,186619,108581,Richie,136.4,128.64,2,9.69,6.0666666666667,0,0,0,0,0,loss,completed,0
2017,4044266,c4aa1694b404208919e4f2e384e050d1,,13,,2017-11-28,2017-12-04,186619,108581,Richie,136.4,130.4,128.64,138.48,2,5,9.69,94.17,3,6.0666666666667,,186621,108584,Nolan & Vinny,106.3,124.74,9,7.55,-9.1,0,0,0,0,0,win,completed,0
2017,4044312,66a09012ef3c2dbe5d00e0a1f93d4f9d,,13,,2017-11-28,2017-12-04,186622,108588,Frank & Julian,133.32,128.32,118.33,151.06,3,3,9.47,84.95,8,22.75,,186629,54762,Antdell & Ernie,126.88,128.86,4,9.02,-60.666666666667,0,0,0,0,0,win,completed,2
2017,4044282,10cbbaaad85fe7f7f54c05452253cf30,,13,,2017-11-28,2017-12-04,186620,54773,Ronnie,96.32,98.32,132.66,153.34,11,2,6.84,64.12,12,-4.55,,186630,54850,LFTLR,115.3,108.72,6,8.19,27.3,0,0,0,0,0,loss,completed,0
2017,4044435,10cbbaaad85fe7f7f54c05452253cf30,,13,,2017-11-28,2017-12-04,186630,54850,LFTLR,115.3,104.3,108.72,128.74,6,6,8.19,81.02,10,27.3,,186620,54773,Ronnie,96.32,132.66,11,6.84,-4.55,0,0,0,0,0,win,completed,0
2017,4044358,460c561db3b14f7c05c68e15031912c3,,14,,2017-12-05,2017-12-11,186625,108587,Pung & Tralie,154.38,139.38,113.34,162.58,2,2,15.48,85.73,5,10.6,,186623,108589,Phil Baldino,108.6,111.98,6,10.89,-31.8,0,1,0,0,0,win,completed,0
2017,4044328,460c561db3b14f7c05c68e15031912c3,,14,,2017-12-05,2017-12-11,186623,108589,Phil Baldino,108.6,102.6,111.98,104.8,6,7,10.89,96.95,3,-31.8,,186625,108587,Pung & Tralie,154.38,113.34,2,15.48,10.6,0,1,0,0,0,loss,completed,0
2017,4044421,5409af214c00dc3665458e013ce4fe3f,,14,,2017-12-05,2017-12-11,186629,54762,Antdell & Ernie,133.24,117.64,123.66,177.24,3,1,13.36,67.84,8,-61.35,,186619,108581,Richie,156.44,132.75,1,15.69,6.8166666666667,1,0,0,0,0,loss,completed,2
2017,4044405,61ba88ac2ce7066032757673945dee22,,14,,2017-12-05,2017-12-11,186628,108592,Chris & Dom,125.54,115.14,117.77,136.34,4,4,12.59,90.61,4,21.2,,186622,108588,Frank & Julian,102.68,113.83,8,10.3,-21.2,1,0,0,0,0,win,completed,1
2017,4044374,abc8d7e78f2462e363b646c05e7b6bc7,,14,,2017-12-05,2017-12-11,186626,108590,Rob & GregBo,108.64,104.64,116.74,125.74,5,6,10.9,83.22,6,34.083333333333,,186627,54846,Team JoeBa,107.54,111.96,7,10.79,-34.083333333333,0,1,0,0,0,win,completed,2
2017,4044390,abc8d7e78f2462e363b646c05e7b6bc7,,14,,2017-12-05,2017-12-11,186627,54846,Team JoeBa,107.54,98.54,111.96,99.84,7,8,10.79,98.7,1,-34.083333333333,,186626,108590,Rob & GregBo,108.64,116.74,5,10.9,34.083333333333,0,1,0,0,0,loss,completed,2
2017,4044313,61ba88ac2ce7066032757673945dee22,,14,,2017-12-05,2017-12-11,186622,108588,Frank & Julian,102.68,98.68,113.83,127.12,8,5,10.3,77.63,7,-21.2,,186628,108592,Chris & Dom,125.54,117.77,4,12.59,21.2,1,0,0,0,0,loss,completed,1
2017,4044267,5409af214c00dc3665458e013ce4fe3f,,14,,2017-12-05,2017-12-11,186619,108581,Richie,156.44,157.44,132.75,160.74,1,3,15.69,97.95,2,6.8166666666667,,186629,54762,Antdell & Ernie,133.24,123.66,3,13.36,-61.35,1,0,0,0,0,win,completed,2
2017,4044298,79c484897c948fc55c2db64035bd043a,,15,,2017-12-12,2017-12-18,186621,108584,Nolan & Vinny,84.1,70.6,123.29,108.94,11,10,5.95,73.53,11,-3.7833333333333,,186626,108590,Rob & GregBo,131.44,120.03,5,9.31,18.916666666667,0,1,0,0,0,loss,completed,0
2017,4044283,c8215e2bbf4e6b4c2619f5e1e52d700e,,15,,2017-12-12,2017-12-18,186620,54773,Ronnie,128.52,124.52,131.38,154.82,6,1,9.1,80.43,10,22.7,,186625,108587,Pung & Tralie,61.98,103.12,12,4.39,0,0,1,0,0,0,win,completed,0
2017,4044268,17d28bc0e4ee2bc5be1ff127b3fb2656,,15,,2017-12-12,2017-12-18,186619,108581,Richie,155.18,143.18,131.53,149.78,1,3,10.99,95.59,1,6.0666666666667,,186624,54774,Cambrias,136.68,137.01,4,9.68,-48.533333333333,1,0,0,0,0,win,completed,2
2017,4044359,c8215e2bbf4e6b4c2619f5e1e52d700e,,15,,2017-12-12,2017-12-18,186625,108587,Pung & Tralie,61.98,60.98,103.12,100.48,12,12,4.39,60.69,12,0,,186620,54773,Ronnie,128.52,131.38,6,9.1,22.7,0,1,0,0,0,loss,completed,0
2017,4044343,17d28bc0e4ee2bc5be1ff127b3fb2656,,15,,2017-12-12,2017-12-18,186624,54774,Cambrias,136.68,132.68,137.01,151,4,2,9.68,87.87,5,-48.533333333333,,186619,108581,Richie,155.18,131.53,1,10.99,6.0666666666667,1,0,0,0,0,loss,completed,2
2017,4044329,62a4261adb45f77747133d386ff4dd94,,15,,2017-12-12,2017-12-18,186623,108589,Phil Baldino,96.24,86.44,116.25,110.24,10,9,6.8100000000000005,82.76,8,-13.633333333333,,186627,54846,Team JoeBa,112.1,87.28,8,7.9399999999999995,54.533333333333,0,1,0,0,0,loss,completed,0
2017,4044314,0583970047191ba92111ebbc0ddfe475,,15,,2017-12-12,2017-12-18,186622,108588,Frank & Julian,140.08,132.08,131.57,138.28,2,7,9.92,95.52,2,15.166666666667,,186629,54762,Antdell & Ernie,138.08,126.1,3,9.78,-68.25,1,0,0,0,0,win,completed,4
2017,4044436,62105062626c9cc6393662eeb9a9d4b5,,15,,2017-12-12,2017-12-18,186630,54850,LFTLR,105.04,97.04,117.48,102.94,9,11,7.44,94.27,3,-20.45,,186628,108592,Chris & Dom,122.94,119.05,7,8.7,47.716666666667,1,0,0,0,0,loss,completed,1
2017,4044422,0583970047191ba92111ebbc0ddfe475,,15,,2017-12-12,2017-12-18,186629,54762,Antdell & Ernie,138.08,132.08,126.1,143.28,3,6,9.78,92.18,4,-68.25,,186622,108588,Frank & Julian,140.08,131.57,2,9.92,15.166666666667,1,0,0,0,0,loss,completed,4
2017,4044406,62105062626c9cc6393662eeb9a9d4b5,,15,,2017-12-12,2017-12-18,186628,108592,Chris & Dom,122.94,118.94,119.05,145.74,7,5,8.7,81.61,9,47.716666666667,,186630,54850,LFTLR,105.04,117.48,9,7.44,-20.45,1,0,0,0,0,win,completed,1
2017,4044391,62a4261adb45f77747133d386ff4dd94,,15,,2017-12-12,2017-12-18,186627,54846,Team JoeBa,112.1,104.1,87.28,119.48,8,8,7.9399999999999995,87.13,6,54.533333333333,,186623,108589,Phil Baldino,96.24,116.25,10,6.8100000000000005,-13.633333333333,0,1,0,0,0,win,completed,0
2017,4044375,79c484897c948fc55c2db64035bd043a,,15,,2017-12-12,2017-12-18,186626,108590,Rob & GregBo,131.44,125.44,120.03,147.14,5,4,9.31,85.25,7,18.916666666667,,186621,108584,Nolan & Vinny,84.1,123.29,11,5.95,-3.7833333333333,0,1,0,0,0,win,completed,0
2017,4044407,78b52f8f904b57491d7cc876cdec6c42,,16,,2017-12-19,2017-12-25,186628,108592,Chris & Dom,125.08,113.78,116.86,135.86,4,3,13.9,89.12,4,-48.533333333333,,186619,108581,Richie,139.22,141.58,1,15.47,6.0666666666667,1,0,1,0,0,loss,completed,3
2017,4044376,671eb7cdb336ea0988303ecc5622bea0,,16,,2017-12-19,2017-12-25,186626,108590,Rob & GregBo,125.86,119.86,122.39,126.96,3,5,13.98,94.41,2,15.9,,186620,54773,Ronnie,99.46,123.36,7,11.05,-26.5,0,1,0,0,0,win,completed,0
2017,4044299,41df944f9471153b01a3db76ed15208f,,16,,2017-12-19,2017-12-25,186621,108584,Nolan & Vinny,128.64,116.64,95.55,144.64,2,2,14.29,80.64,8,7.5666666666667,,186625,108587,Pung & Tralie,49.24,76.44,8,5.47,-15.133333333333,0,1,0,0,0,win,completed,0
2017,4044284,671eb7cdb336ea0988303ecc5622bea0,,16,,2017-12-19,2017-12-25,186620,54773,Ronnie,99.46,97.46,123.36,103.86,7,7,11.05,93.84,3,-26.5,,186626,108590,Rob & GregBo,125.86,122.39,3,13.98,15.9,0,1,0,0,0,loss,completed,0
2017,4044269,78b52f8f904b57491d7cc876cdec6c42,,16,,2017-12-19,2017-12-25,186619,108581,Richie,139.22,134.22,141.58,166.34,1,1,15.47,80.69,7,6.0666666666667,,186628,108592,Chris & Dom,125.08,116.86,4,13.9,-48.533333333333,1,0,1,0,0,win,completed,3
2017,4044437,e1060ab3ba0b3d7ed14c6c33ae570ac2,,16,,2017-12-19,2017-12-25,186630,54850,LFTLR,121.74,115.74,107.6,119.86,5,6,13.53,96.56,1,37.916666666667,,186624,54774,Cambrias,110.84,130.93,6,12.31,-45.5,1,0,0,0,0,win,completed,1
2017,4044360,41df944f9471153b01a3db76ed15208f,,16,,2017-12-19,2017-12-25,186625,108587,Pung & Tralie,49.24,51.24,76.44,63.14,8,8,5.47,81.15,6,-15.133333333333,,186621,108584,Nolan & Vinny,128.64,95.55,2,14.29,7.5666666666667,0,1,0,0,0,loss,completed,0
2017,4044344,e1060ab3ba0b3d7ed14c6c33ae570ac2,,16,,2017-12-19,2017-12-25,186624,54774,Cambrias,110.84,108.84,130.93,130.44,6,4,12.31,83.44,5,-45.5,,186630,54850,LFTLR,121.74,107.6,5,13.53,37.916666666667,1,0,0,0,0,loss,completed,1
2018,4044209,52bc2a0e2970ff52655f868e24f7c7c1,,1,,2018-09-06,2018-09-10,186616,108592,Chris & Dom,159.82,137.3,134.09,165.12,4,3,9.94,92.55,5,27.266666666667,,186610,108588,Frank & Julian,130.84,141.84,6,8.14,-40.9,0,0,0,0,0,win,completed,0
2018,4044193,016e64ea0567340a5b37ee92844d84cc,,1,,2018-09-06,2018-09-10,186615,54846,Team JoeBa,126.66,116.66,120.19,132.36,7,7,7.88,88.14,9,-34.083333333333,,186611,108589,Phil Baldino,154.82,135.34,5,9.63,34.083333333333,0,0,0,0,0,loss,completed,0
2018,4044239,e7f28aba97aa4d9cc89165a7c4231062,,1,,2018-09-06,2018-09-10,186618,54850,LFTLR,111.9,96.9,137.98,126.8,9,9,6.96,82.73,12,-11.35,,186613,108587,Pung & Tralie,161.78,131.46,3,10.06,11.35,0,0,0,0,0,loss,completed,0
2018,4044224,74b41b7925236f09d84a77c9011f18e8,,1,,2018-09-06,2018-09-10,186617,54762,Antdell & Ernie,119.64,113.74,135.92,141.64,8,6,7.44,84.47,11,54.533333333333,,186609,108584,Nolan & Vinny,111.64,135.85,10,6.9399999999999995,-13.633333333333,0,0,0,0,0,win,completed,1
2018,4044117,52bc2a0e2970ff52655f868e24f7c7c1,,1,,2018-09-06,2018-09-10,186610,108588,Frank & Julian,130.84,120.84,141.84,130.94,6,8,8.14,92.29,6,-40.9,,186616,108592,Chris & Dom,159.82,134.09,4,9.94,27.266666666667,0,0,0,0,0,loss,completed,0
2018,4044101,74b41b7925236f09d84a77c9011f18e8,,1,,2018-09-06,2018-09-10,186609,108584,Nolan & Vinny,111.64,111.64,135.85,112.84,10,11,6.9399999999999995,98.94,1,-13.633333333333,,186617,54762,Antdell & Ernie,119.64,135.92,8,7.44,54.533333333333,0,0,0,0,0,loss,completed,1
2018,4044086,625b4dca8ce5e8d093409b6a4221514d,,1,,2018-09-06,2018-09-10,186608,54773,Ronnie,84.54,68.14,122.69,87.74,12,12,5.26,94.07,3,0,,186607,108581,Richie,108.36,136.73,11,6.74,83.416666666667,0,0,0,0,0,loss,completed,0
2018,4044070,625b4dca8ce5e8d093409b6a4221514d,,1,,2018-09-06,2018-09-10,186607,108581,Richie,108.36,95.96,136.73,118.86,11,10,6.74,87.8,10,83.416666666667,,186608,54773,Ronnie,84.54,122.69,12,5.26,0,0,0,0,0,0,win,completed,0
2018,4044132,016e64ea0567340a5b37ee92844d84cc,,1,,2018-09-06,2018-09-10,186611,108589,Phil Baldino,154.82,148.82,135.34,162.82,5,4,9.63,91.4,8,34.083333333333,,186615,54846,Team JoeBa,126.66,120.19,7,7.88,-34.083333333333,0,0,0,0,0,win,completed,0
2018,4044163,e7f28aba97aa4d9cc89165a7c4231062,,1,,2018-09-06,2018-09-10,186613,108587,Pung & Tralie,161.78,152.78,131.46,159.84,3,5,10.06,95.58,2,11.35,,186618,54850,LFTLR,111.9,137.98,9,6.96,-11.35,0,0,0,0,0,win,completed,0
2018,4044178,c4096fb59a3fb207393dc6d089e1d3e2,,1,,2018-09-06,2018-09-10,186614,108590,Rob & GregBo,169.16,143.96,140.33,176.96,1,1,10.52,92.2,7,7.5833333333333,,186612,54774,Cambrias,168.36,138.32,2,10.47,-75.833333333333,0,0,0,0,0,win,completed,5
2018,4044147,c4096fb59a3fb207393dc6d089e1d3e2,,1,,2018-09-06,2018-09-10,186612,54774,Cambrias,168.36,159.36,138.32,169.76,2,2,10.47,93.87,4,-75.833333333333,,186614,108590,Rob & GregBo,169.16,140.33,1,10.52,7.5833333333333,0,0,0,0,0,loss,completed,5
2018,4044133,22f80f3c0bdc7b83ac4a523fb47a9b04,,2,,2018-09-11,2018-09-17,186611,108589,Phil Baldino,167.36,163.36,126.23,175.68,1,1,10.42,92.99,5,1.5166666666667,,186616,108592,Chris & Dom,116.14,132.85,10,7.23,-3.0333333333333,0,0,0,0,0,win,completed,0
2018,4044164,2b0045406f781b0cca3beacacf38e1ea,,2,,2018-09-11,2018-09-17,186613,108587,Pung & Tralie,142.76,133.76,130.84,159.04,5,4,8.88,84.1,9,-47.716666666667,,186614,108590,Rob & GregBo,149.64,137.07,3,9.31,20.45,0,0,0,0,0,loss,completed,2
2018,4044148,51796b0d1ace759807381092c87602d5,,2,,2018-09-11,2018-09-17,186612,54774,Cambrias,158.42,150.42,140.47,157.22,2,5,9.86,95.67,1,1.5,,186615,54846,Team JoeBa,102.56,121.73,12,6.38,0,0,0,0,0,0,win,completed,0
2018,4044179,2b0045406f781b0cca3beacacf38e1ea,,2,,2018-09-11,2018-09-17,186614,108590,Rob & GregBo,149.64,142.64,137.07,159.44,3,3,9.31,89.46,8,20.45,,186613,108587,Pung & Tralie,142.76,130.84,5,8.88,-47.716666666667,0,0,0,0,0,win,completed,2
2018,4044210,22f80f3c0bdc7b83ac4a523fb47a9b04,,2,,2018-09-11,2018-09-17,186616,108592,Chris & Dom,116.14,92.84,132.85,124.14,10,10,7.23,91.94,6,-3.0333333333333,,186611,108589,Phil Baldino,167.36,126.23,1,10.42,1.5166666666667,0,0,0,0,0,loss,completed,0
2018,4044194,51796b0d1ace759807381092c87602d5,,2,,2018-09-11,2018-09-17,186615,54846,Team JoeBa,102.56,56.96,121.73,118.64,12,11,6.38,83.07,10,0,,186612,54774,Cambrias,158.42,140.47,2,9.86,1.5,0,0,0,0,0,loss,completed,0
2018,4044240,2acaeba46083edf542eeb539a9a189a6,,2,,2018-09-11,2018-09-17,186618,54850,LFTLR,139.28,139.28,119.05,175.38,6,2,8.67,79.42,12,45.5,,186608,54773,Ronnie,137,123.85,7,8.53,-37.916666666667,0,0,0,0,0,win,completed,2
2018,4044225,b68090bbd43df2e4ffc42f2d9cc83563,,2,,2018-09-11,2018-09-17,186617,54762,Antdell & Ernie,118.9,96.5,131.73,117.7,8,12,7.4,93.37,4,60.666666666667,,186610,108588,Frank & Julian,116.44,128.35,9,7.25,-22.75,0,0,0,0,0,win,completed,2
2018,4044071,044094be3b17728c340d66838c83d6a2,,2,,2018-09-11,2018-09-17,186607,108581,Richie,112.5,101.5,120.94,126.6,11,8,7,80.17,11,-3.0333333333333,,186609,108584,Nolan & Vinny,145.78,135.64,4,9.07,12.133333333333,0,0,0,0,0,loss,completed,0
2018,4044118,b68090bbd43df2e4ffc42f2d9cc83563,,2,,2018-09-11,2018-09-17,186610,108588,Frank & Julian,116.44,114.44,128.35,125.54,9,9,7.25,91.16,7,-22.75,,186617,54762,Antdell & Ernie,118.9,131.73,8,7.4,60.666666666667,0,0,0,0,0,loss,completed,2
2018,4044102,044094be3b17728c340d66838c83d6a2,,2,,2018-09-11,2018-09-17,186609,108584,Nolan & Vinny,145.78,137.78,135.64,147.08,4,6,9.07,93.68,3,12.133333333333,,186607,108581,Richie,112.5,120.94,11,7,-3.0333333333333,0,0,0,0,0,win,completed,0
2018,4044087,2acaeba46083edf542eeb539a9a189a6,,2,,2018-09-11,2018-09-17,186608,54773,Ronnie,137,133,123.85,139.9,7,7,8.53,95.07,2,-37.916666666667,,186618,54850,LFTLR,139.28,119.05,6,8.67,45.5,0,0,0,0,0,loss,completed,2
2018,4044072,2a70d3a3c63fec6a27df5cfd1d1362f7,,3,,2018-09-18,2018-09-24,186607,108581,Richie,71.04,69.04,124.79,119.84,12,9,4.6,57.61,12,0,,186610,108588,Frank & Julian,121.4,145.02,8,7.86,42.4,0,0,0,0,0,loss,completed,0
2018,4044119,2a70d3a3c63fec6a27df5cfd1d1362f7,,3,,2018-09-18,2018-09-24,186610,108588,Frank & Julian,121.4,114.4,145.02,139.2,8,6,7.86,82.18,8,42.4,,186607,108581,Richie,71.04,124.79,12,4.6,0,0,0,0,0,0,win,completed,0
2018,4044103,d502b9b43d337e9dbfff7e3cbc5caed2,,3,,2018-09-18,2018-09-24,186609,108584,Nolan & Vinny,143.78,123.18,138.26,139.78,5,5,9.31,100,2,34.083333333333,,186608,54773,Ronnie,122.4,122.49,7,7.93,-34.083333333333,0,0,0,0,0,win,completed,0
2018,4044088,d502b9b43d337e9dbfff7e3cbc5caed2,,3,,2018-09-18,2018-09-24,186608,54773,Ronnie,122.4,115.4,122.49,115.4,7,10,7.93,100,1,-34.083333333333,,186609,108584,Nolan & Vinny,143.78,138.26,5,9.31,34.083333333333,0,0,0,0,0,loss,completed,0
2018,4044134,66863e69d085453a7c022e33caf5dfce,,3,,2018-09-18,2018-09-24,186611,108589,Phil Baldino,151.36,136.36,134.58,146.96,2,4,9.8,92.79,6,10.6,,186617,54762,Antdell & Ernie,142,122.65,6,9.2,-31.8,0,0,0,0,0,win,completed,1
2018,4044165,be88a709a314b4b4718a4953ee6d4448,,3,,2018-09-18,2018-09-24,186613,108587,Pung & Tralie,116.86,95.06,135.7,108.86,10,11,7.57,100,3,-15.166666666667,,186615,54846,Team JoeBa,119.84,124.13,9,7.76,68.25,0,0,0,0,0,loss,completed,2
2018,4044149,c5dce5d8391798b111ebc79388ef5e35,,3,,2018-09-18,2018-09-24,186612,54774,Cambrias,146.94,140.94,140.57,172.84,4,1,9.52,81.54,10,12.133333333333,,186616,108592,Chris & Dom,86.04,127.41,11,5.57,-3.0333333333333,0,0,0,0,0,win,completed,0
2018,4044180,6b897e94c5ff110b1fad3a149cd61e59,,3,,2018-09-18,2018-09-24,186614,108590,Rob & GregBo,147.04,138.04,127.87,169.54,3,2,9.53,81.42,11,-61.35,,186618,54850,LFTLR,175.02,128.34,1,11.34,6.8166666666667,0,0,0,0,0,loss,completed,1
2018,4044226,66863e69d085453a7c022e33caf5dfce,,3,,2018-09-18,2018-09-24,186617,54762,Antdell & Ernie,142,137,122.65,138.9,6,7,9.2,98.63,5,-31.8,,186611,108589,Phil Baldino,151.36,134.58,2,9.8,10.6,0,0,0,0,0,loss,completed,1
2018,4044211,c5dce5d8391798b111ebc79388ef5e35,,3,,2018-09-18,2018-09-24,186616,108592,Chris & Dom,86.04,81.04,127.41,99.04,11,12,5.57,81.83,9,-3.0333333333333,,186612,54774,Cambrias,146.94,140.57,4,9.52,12.133333333333,0,0,0,0,0,loss,completed,0
2018,4044241,6b897e94c5ff110b1fad3a149cd61e59,,3,,2018-09-18,2018-09-24,186618,54850,LFTLR,175.02,164.02,128.34,164.02,1,3,11.34,100,4,6.8166666666667,,186614,108590,Rob & GregBo,147.04,127.87,3,9.53,-61.35,0,0,0,0,0,win,completed,1
2018,4044195,be88a709a314b4b4718a4953ee6d4448,,3,,2018-09-18,2018-09-24,186615,54846,Team JoeBa,119.84,114.84,124.13,126.64,9,8,7.76,90.68,7,68.25,,186613,108587,Pung & Tralie,116.86,135.7,10,7.57,-15.166666666667,0,0,0,0,0,win,completed,2
2018,4044227,2fb88ef51be95f8e56ecdf1fc414df79,,4,,2018-09-25,2018-10-01,186617,54762,Antdell & Ernie,152.78,145.78,132.95,149.88,4,8,9.17,97.26,1,21.2,,186612,54774,Cambrias,138.38,145.59,8,8.31,-21.2,0,0,0,0,0,win,completed,0
2018,4044212,37a4ecda6208bcc101a2a3645b4160b8,,4,,2018-09-25,2018-10-01,186616,108592,Chris & Dom,100.54,66.64,116.43,119.48,11,11,6.03,82.47,8,-5.3,,186613,108587,Pung & Tralie,140.96,132.12,7,8.46,37.1,0,0,0,0,0,loss,completed,0
2018,4044196,113ec726d17b54f97c3751c2f59f8a6b,,4,,2018-09-25,2018-10-01,186615,54846,Team JoeBa,131.96,117.96,126.1,131.36,9,10,7.92,89.8,7,-6.8,,186614,108590,Rob & GregBo,173.3,126.28,1,10.4,2.2666666666667,0,0,0,0,0,loss,completed,0
2018,4044242,e12ca58ceb5032a80d2d334f929688af,,4,,2018-09-25,2018-10-01,186618,54850,LFTLR,85.36,80.36,117.8,111.36,12,12,5.12,72.16,12,0,,186609,108584,Nolan & Vinny,130.38,139.17,10,7.83,68.166666666667,0,0,0,0,0,loss,completed,0
2018,4044073,6d952bbe177d1dae57073d35b6be1282,,4,,2018-09-25,2018-10-01,186607,108581,Richie,165.28,152.28,112.85,159.28,2,6,9.92,95.61,2,15.166666666667,,186611,108589,Phil Baldino,161.16,140.2,3,9.67,-68.25,0,0,0,0,0,win,completed,3
2018,4044104,e12ca58ceb5032a80d2d334f929688af,,4,,2018-09-25,2018-10-01,186609,108584,Nolan & Vinny,130.38,123.38,139.17,166.12,10,5,7.83,74.27,11,68.166666666667,,186618,54850,LFTLR,85.36,117.8,12,5.12,0,0,0,0,0,0,win,completed,0
2018,4044089,f3f3376c1e34ca6b53eda9c8ea5e4f4e,,4,,2018-09-25,2018-10-01,186608,54773,Ronnie,141.4,136.4,124.58,174.9,6,2,8.49,76.56,10,-45.5,,186610,108588,Frank & Julian,144.62,127.78,5,8.68,37.916666666667,0,0,0,0,0,loss,completed,2
2018,4044120,f3f3376c1e34ca6b53eda9c8ea5e4f4e,,4,,2018-09-25,2018-10-01,186610,108588,Frank & Julian,144.62,140.62,127.78,155.22,5,7,8.68,90.59,6,37.916666666667,,186608,54773,Ronnie,141.4,124.58,6,8.49,-45.5,0,0,0,0,0,win,completed,2
2018,4044181,113ec726d17b54f97c3751c2f59f8a6b,,4,,2018-09-25,2018-10-01,186614,108590,Rob & GregBo,173.3,166.3,126.28,178,1,1,10.4,93.43,3,2.2666666666667,,186615,54846,Team JoeBa,131.96,126.1,9,7.92,-6.8,0,0,0,0,0,win,completed,0
2018,4044166,37a4ecda6208bcc101a2a3645b4160b8,,4,,2018-09-25,2018-10-01,186613,108587,Pung & Tralie,140.96,134.96,132.12,171.16,7,3,8.46,78.85,9,37.1,,186616,108592,Chris & Dom,100.54,116.43,11,6.03,-5.3,0,0,0,0,0,win,completed,0
2018,4044150,2fb88ef51be95f8e56ecdf1fc414df79,,4,,2018-09-25,2018-10-01,186612,54774,Cambrias,138.38,137.38,145.59,149.52,8,9,8.31,91.88,4,-21.2,,186617,54762,Antdell & Ernie,152.78,132.95,4,9.17,21.2,0,0,0,0,0,loss,completed,0
2018,4044135,6d952bbe177d1dae57073d35b6be1282,,4,,2018-09-25,2018-10-01,186611,108589,Phil Baldino,161.16,128.66,140.2,166.4,3,4,9.67,91.44,5,-68.25,,186607,108581,Richie,165.28,112.85,2,9.92,15.166666666667,0,0,0,0,0,loss,completed,3
2018,4044167,1405b85243cd1657fc2d2f302678095e,,5,,2018-10-02,2018-10-08,186613,108587,Pung & Tralie,125.34,104.94,130.4,119.34,8,9,7.91,100,2,60.666666666667,,186617,54762,Antdell & Ernie,118.76,125.32,9,7.5,-22.75,0,0,0,0,0,win,completed,1
2018,4044182,7cbea5994f17256e5cee0ea62f308ffc,,5,,2018-10-02,2018-10-08,186614,108590,Rob & GregBo,91.36,64.26,134.5,116.26,12,10,5.77,70.84,12,0,,186616,108592,Chris & Dom,128.42,123.04,7,8.11,31.85,0,0,0,0,0,loss,completed,0
2018,4044151,c88c0a385f5eab12c955070c112fbd9d,,5,,2018-10-02,2018-10-08,186612,54774,Cambrias,150.12,137.12,139.09,143.92,4,5,9.48,95.28,6,12.133333333333,,186607,108581,Richie,96.14,126.82,11,6.07,-3.0333333333333,0,0,0,0,0,win,completed,0
2018,4044136,c7fce926d704eeb508e8191b5f9794db,,5,,2018-10-02,2018-10-08,186611,108589,Phil Baldino,141.1,136.1,130.27,150.8,5,2,8.91,90.25,9,22.75,,186608,54773,Ronnie,109.1,120.21,10,6.89,-9.1,0,0,0,0,0,win,completed,0
2018,4044197,1085c2f62fc72274b836faf1141538ff,,5,,2018-10-02,2018-10-08,186615,54846,Team JoeBa,138.7,124.7,107.8,124.7,6,8,8.76,100,3,-36.4,,186618,54850,LFTLR,153.1,134,3,9.67,18.2,0,0,0,0,0,loss,completed,0
2018,4044243,1085c2f62fc72274b836faf1141538ff,,5,,2018-10-02,2018-10-08,186618,54850,LFTLR,153.1,142.1,134,149.9,3,3,9.67,94.8,7,18.2,,186615,54846,Team JoeBa,138.7,107.8,6,8.76,-36.4,0,0,0,0,0,win,completed,0
2018,4044228,1405b85243cd1657fc2d2f302678095e,,5,,2018-10-02,2018-10-08,186617,54762,Antdell & Ernie,118.76,111.76,125.32,113.86,9,11,7.5,98.16,4,-22.75,,186613,108587,Pung & Tralie,125.34,130.4,8,7.91,60.666666666667,0,0,0,0,0,loss,completed,1
2018,4044213,7cbea5994f17256e5cee0ea62f308ffc,,5,,2018-10-02,2018-10-08,186616,108592,Chris & Dom,128.42,124.42,123.04,137.82,7,6,8.11,90.28,8,31.85,,186614,108590,Rob & GregBo,91.36,134.5,12,5.77,0,0,0,0,0,0,win,completed,0
2018,4044121,2e16b6604fbc3c3bb11422ae41bfafc9,,5,,2018-10-02,2018-10-08,186610,108588,Frank & Julian,174.88,110.78,139.13,173.38,1,1,11.04,96.83,5,7.5833333333333,,186609,108584,Nolan & Vinny,156.62,131.65,2,9.89,-75.833333333333,0,0,0,0,0,win,completed,2
2018,4044090,c7fce926d704eeb508e8191b5f9794db,,5,,2018-10-02,2018-10-08,186608,54773,Ronnie,109.1,106.1,120.21,131.8,10,7,6.89,80.5,11,-9.1,,186611,108589,Phil Baldino,141.1,130.27,5,8.91,22.75,0,0,0,0,0,loss,completed,0
2018,4044105,2e16b6604fbc3c3bb11422ae41bfafc9,,5,,2018-10-02,2018-10-08,186609,108584,Nolan & Vinny,156.62,148.62,131.65,148.62,2,4,9.89,100,1,-75.833333333333,,186610,108588,Frank & Julian,174.88,139.13,1,11.04,7.5833333333333,0,0,0,0,0,loss,completed,2
2018,4044074,c88c0a385f5eab12c955070c112fbd9d,,5,,2018-10-02,2018-10-08,186607,108581,Richie,96.14,92.14,126.82,107.54,11,12,6.07,85.68,10,-3.0333333333333,,186612,54774,Cambrias,150.12,139.09,4,9.48,12.133333333333,0,0,0,0,0,loss,completed,0
2018,4044122,81e165756a3a4c15c3b9cd381617d0f9,,6,,2018-10-09,2018-10-15,186610,108588,Frank & Julian,162.3,150.1,145.04,170.1,3,3,10.11,91.89,4,18.2,,186618,54850,LFTLR,133.26,129.98,6,8.3,-36.4,0,0,0,0,0,win,completed,0
2018,4044075,e74ae449cdda7618affaa92b3a1cecac,,6,,2018-10-09,2018-10-15,186607,108581,Richie,128.4,112.1,107.39,120,7,8,8,98.67,2,-18.916666666667,,186613,108587,Pung & Tralie,169.5,128.45,1,10.56,3.7833333333333,0,0,0,0,0,loss,completed,0
2018,4044091,0ea3615d2c620aa9531e4eb0577739e5,,6,,2018-10-09,2018-10-15,186608,54773,Ronnie,112.38,106.38,124.97,119.18,9,9,7,89.26,9,-13.65,,186612,54774,Cambrias,157.82,126.6,4,9.83,18.2,0,0,0,0,0,loss,completed,0
2018,4044106,0c0dee7ea86bd5981853bb9a7d67504f,,6,,2018-10-09,2018-10-15,186609,108584,Nolan & Vinny,151.46,144.46,138.11,144.46,5,5,9.43,100,1,-42.466666666667,,186611,108589,Phil Baldino,165,142.73,2,10.28,12.133333333333,0,0,0,0,0,loss,completed,1
2018,4044137,0c0dee7ea86bd5981853bb9a7d67504f,,6,,2018-10-09,2018-10-15,186611,108589,Phil Baldino,165,159,142.73,176.6,2,2,10.28,90.03,7,12.133333333333,,186609,108584,Nolan & Vinny,151.46,138.11,5,9.43,-42.466666666667,0,0,0,0,0,win,completed,1
2018,4044168,e74ae449cdda7618affaa92b3a1cecac,,6,,2018-10-09,2018-10-15,186613,108587,Pung & Tralie,169.5,161.5,128.45,187.58,1,1,10.56,86.1,10,3.7833333333333,,186607,108581,Richie,128.4,107.39,7,8,-18.916666666667,0,0,0,0,0,win,completed,0
2018,4044152,0ea3615d2c620aa9531e4eb0577739e5,,6,,2018-10-09,2018-10-15,186612,54774,Cambrias,157.82,144.82,126.6,158.32,4,4,9.83,91.47,5,18.2,,186608,54773,Ronnie,112.38,124.97,9,7,-13.65,0,0,0,0,0,win,completed,0
2018,4044183,a1f1568bf8bee47714de05e552dc4406,,6,,2018-10-09,2018-10-15,186614,108590,Rob & GregBo,108.28,99.28,126.98,118.88,11,10,6.74,83.51,11,83.416666666667,,186617,54762,Antdell & Ernie,87.6,130.85,12,5.46,0,0,0,0,0,0,win,completed,0
2018,4044214,4b1638619d9d903d76506b5fe1666cb3,,6,,2018-10-09,2018-10-15,186616,108592,Chris & Dom,119.28,112.28,129.38,125.78,8,7,7.43,89.27,8,54.533333333333,,186615,54846,Team JoeBa,110.14,118.14,10,6.86,-13.633333333333,0,0,0,0,0,win,completed,1
2018,4044244,81e165756a3a4c15c3b9cd381617d0f9,,6,,2018-10-09,2018-10-15,186618,54850,LFTLR,133.26,129.26,129.98,131.86,6,6,8.3,98.03,3,-36.4,,186610,108588,Frank & Julian,162.3,145.04,3,10.11,18.2,0,0,0,0,0,loss,completed,0
2018,4044198,4b1638619d9d903d76506b5fe1666cb3,,6,,2018-10-09,2018-10-15,186615,54846,Team JoeBa,110.14,92.74,118.14,114.44,10,11,6.86,91,6,-13.633333333333,,186616,108592,Chris & Dom,119.28,129.38,8,7.43,54.533333333333,0,0,0,0,0,loss,completed,1
2018,4044229,a1f1568bf8bee47714de05e552dc4406,,6,,2018-10-09,2018-10-15,186617,54762,Antdell & Ernie,87.6,83.6,130.85,106.4,12,12,5.46,78.57,12,0,,186614,108590,Rob & GregBo,108.28,126.98,11,6.74,83.416666666667,0,0,0,0,0,loss,completed,0
2018,4044230,0d08436c97b486be42e1137d9fea840c,,7,,2018-10-16,2018-10-22,186617,54762,Antdell & Ernie,148.16,144.16,121.48,147.96,2,3,9.62,97.43,2,7.5666666666667,,186615,54846,Team JoeBa,124.94,124.02,8,8.11,-15.133333333333,0,0,0,0,0,win,completed,0
2018,4044215,cfeec4605c7cb7fde23566c839c9194c,,7,,2018-10-16,2018-10-22,186616,108592,Chris & Dom,129.4,106.7,125.5,134.86,5,6,8.4,92.24,5,26.5,,186618,54850,LFTLR,120.04,125.38,9,7.8,-15.9,0,0,0,0,0,win,completed,1
2018,4044245,cfeec4605c7cb7fde23566c839c9194c,,7,,2018-10-16,2018-10-22,186618,54850,LFTLR,120.04,113.04,125.38,121.44,9,9,7.8,93.08,4,-15.9,,186616,108592,Chris & Dom,129.4,125.5,5,8.4,26.5,0,0,0,0,0,loss,completed,1
2018,4044199,0d08436c97b486be42e1137d9fea840c,,7,,2018-10-16,2018-10-22,186615,54846,Team JoeBa,124.94,101.14,124.02,133.74,8,7,8.11,87.44,10,-15.133333333333,,186617,54762,Antdell & Ernie,148.16,121.48,2,9.62,7.5666666666667,0,0,0,0,0,loss,completed,0
2018,4044123,8f9fde46e6576db999850a9e3ac3fe21,,7,,2018-10-16,2018-10-22,186610,108588,Frank & Julian,149.46,144.46,133.6,159.66,1,1,9.71,90.48,8,4.55,,186611,108589,Phil Baldino,129.36,94.14,6,8.4,-27.3,0,0,0,0,0,win,completed,0
2018,4044092,caf4c8e8d4e1746f56602237de1d4cc1,,7,,2018-10-16,2018-10-22,186608,54773,Ronnie,128.68,123.18,118.33,139.68,7,5,8.36,89.26,9,-30.333333333333,,186613,108587,Pung & Tralie,140.92,140.83,4,9.15,24.266666666667,0,0,0,0,0,loss,completed,0
2018,4044076,234e482711424fd2c9a063f0b3332474,,7,,2018-10-16,2018-10-22,186607,108581,Richie,97.44,92.44,118.99,118.1,12,11,6.33,78.27,12,0,,186614,108590,Rob & GregBo,118.84,130.7,10,7.72,68.166666666667,0,0,0,0,0,loss,completed,0
2018,4044107,99098a097cb7d98f1fd82d078fede15f,,7,,2018-10-16,2018-10-22,186609,108584,Nolan & Vinny,111.02,111.02,136.84,120.68,11,10,7.21,92,6,-2.2666666666667,,186612,54774,Cambrias,141.58,133.51,3,9.19,6.8,0,0,0,0,0,loss,completed,0
2018,4044184,234e482711424fd2c9a063f0b3332474,,7,,2018-10-16,2018-10-22,186614,108590,Rob & GregBo,118.84,107.84,130.7,109.2,10,12,7.72,98.75,1,68.166666666667,,186607,108581,Richie,97.44,118.99,12,6.33,0,0,0,0,0,0,win,completed,0
2018,4044169,caf4c8e8d4e1746f56602237de1d4cc1,,7,,2018-10-16,2018-10-22,186613,108587,Pung & Tralie,140.92,123.92,140.83,155.62,4,2,9.15,79.63,11,24.266666666667,,186608,54773,Ronnie,128.68,118.33,7,8.36,-30.333333333333,0,0,0,0,0,win,completed,0
2018,4044153,99098a097cb7d98f1fd82d078fede15f,,7,,2018-10-16,2018-10-22,186612,54774,Cambrias,141.58,136.58,133.51,142.68,3,4,9.19,95.72,3,6.8,,186609,108584,Nolan & Vinny,111.02,136.84,11,7.21,-2.2666666666667,0,0,0,0,0,win,completed,0
2018,4044138,8f9fde46e6576db999850a9e3ac3fe21,,7,,2018-10-16,2018-10-22,186611,108589,Phil Baldino,129.36,120.36,94.14,132.52,6,8,8.4,90.82,7,-27.3,,186610,108588,Frank & Julian,149.46,133.6,1,9.71,4.55,0,0,0,0,0,loss,completed,0
2018,4044154,9cfd6e7118a3e7c5cd7b143f23d12ad3,,8,,2018-10-23,2018-10-29,186612,54774,Cambrias,129.9,110.8,145.88,130.9,7,10,8.24,93.89,3,-18.916666666667,,186610,108588,Frank & Julian,153.74,147.77,1,9.76,3.7833333333333,0,0,0,0,0,loss,completed,0
2018,4044170,ca02e868b64437991e557e68ec66621c,,8,,2018-10-23,2018-10-29,186613,108587,Pung & Tralie,147.02,136.02,135.09,153.82,4,2,9.33,88.43,7,30.333333333333,,186609,108584,Nolan & Vinny,144.72,144.58,5,9.18,-53.083333333333,0,0,0,0,0,win,completed,3
2018,4044139,0cf6024c60d767da30fad7c49ed65e47,,8,,2018-10-23,2018-10-29,186611,108589,Phil Baldino,152.8,137.5,129.26,145.2,2,4,9.7,99.04,2,15.166666666667,,186618,54850,LFTLR,150.18,137.86,3,9.53,-68.25,0,0,0,0,0,win,completed,3
2018,4044185,d23a7b7423b5b511af621e5ba76e1e75,,8,,2018-10-23,2018-10-29,186614,108590,Rob & GregBo,135.7,104.8,135.2,144.4,6,5,8.61,89.13,5,27.3,,186608,54773,Ronnie,107.2,120.82,11,6.8,-4.55,0,0,0,0,0,win,completed,0
2018,4044216,400b8d982b56b35c028024bc741e681e,,8,,2018-10-23,2018-10-29,186616,108592,Chris & Dom,122.24,113.24,127.5,129.84,9,11,7.76,87.22,8,54.6,,186617,54762,Antdell & Ernie,90.96,124.13,12,5.77,0,0,0,0,0,0,win,completed,0
2018,4044231,400b8d982b56b35c028024bc741e681e,,8,,2018-10-23,2018-10-29,186617,54762,Antdell & Ernie,90.96,86.96,124.13,113.66,12,12,5.77,76.51,11,0,,186616,108592,Chris & Dom,122.24,127.5,9,7.76,54.6,0,0,0,0,0,loss,completed,0
2018,4044246,0cf6024c60d767da30fad7c49ed65e47,,8,,2018-10-23,2018-10-29,186618,54850,LFTLR,150.18,142.18,137.86,151.68,3,3,9.53,93.74,4,-68.25,,186611,108589,Phil Baldino,152.8,129.26,2,9.7,15.166666666667,0,0,0,0,0,loss,completed,3
2018,4044200,d0bad001cdd6bf5aa88c4afac01541d2,,8,,2018-10-23,2018-10-29,186615,54846,Team JoeBa,119.16,110.16,126.74,143.96,10,6,7.5600000000000005,76.52,10,-13.633333333333,,186607,108581,Richie,122.26,123.78,8,7.76,54.533333333333,0,0,0,0,0,loss,completed,2
2018,4044093,d23a7b7423b5b511af621e5ba76e1e75,,8,,2018-10-23,2018-10-29,186608,54773,Ronnie,107.2,98.2,120.82,132.76,11,8,6.8,73.97,12,-4.55,,186614,108590,Rob & GregBo,135.7,135.2,6,8.61,27.3,0,0,0,0,0,loss,completed,0
2018,4044124,9cfd6e7118a3e7c5cd7b143f23d12ad3,,8,,2018-10-23,2018-10-29,186610,108588,Frank & Julian,153.74,146.74,147.77,169.14,1,1,9.76,86.76,9,3.7833333333333,,186612,54774,Cambrias,129.9,145.88,7,8.24,-18.916666666667,0,0,0,0,0,win,completed,0
2018,4044108,ca02e868b64437991e557e68ec66621c,,8,,2018-10-23,2018-10-29,186609,108584,Nolan & Vinny,144.72,131.72,144.58,131.72,5,9,9.18,100,1,-53.083333333333,,186613,108587,Pung & Tralie,147.02,135.09,4,9.33,30.333333333333,0,0,0,0,0,loss,completed,3
2018,4044077,d0bad001cdd6bf5aa88c4afac01541d2,,8,,2018-10-23,2018-10-29,186607,108581,Richie,122.26,120.26,123.78,135.66,8,7,7.76,88.65,6,54.533333333333,,186615,54846,Team JoeBa,119.16,126.74,10,7.5600000000000005,-13.633333333333,0,0,0,0,0,win,completed,2
2018,4044125,a7824a6104518bd909b151d8b9cd4937,,9,,2018-10-30,2018-11-05,186610,108588,Frank & Julian,137.46,132.46,142.75,134.26,7,7,8.51,98.66,5,47.716666666667,,186613,108587,Pung & Tralie,121.5,127.28,9,7.53,-20.45,0,0,0,0,0,win,completed,0
2018,4044109,14a78188935f60c35cb18e4df56d2dfa,,9,,2018-10-30,2018-11-05,186609,108584,Nolan & Vinny,143.56,113.46,132.89,137.56,5,6,8.89,100,1,30.333333333333,,186614,108590,Rob & GregBo,132.62,123.24,8,8.21,-24.266666666667,0,0,0,0,0,win,completed,0
2018,4044094,ca0188b469dc414b8913ca3a23586d7b,,9,,2018-10-30,2018-11-05,186608,54773,Ronnie,139.74,123.74,119.24,126.44,6,8,8.65,97.86,7,22.7,,186615,54846,Team JoeBa,91.72,117.9,12,5.68,0,0,0,0,0,0,win,completed,0
2018,4044078,a54f392b18196e51443de7c286f3ebe8,,9,,2018-10-30,2018-11-05,186607,108581,Richie,107.96,92.46,117.35,109.96,11,10,6.6899999999999995,94.54,8,-0.75,,186616,108592,Chris & Dom,169.28,126.24,1,10.48,0.75,0,0,0,0,0,loss,completed,0
2018,4044171,a7824a6104518bd909b151d8b9cd4937,,9,,2018-10-30,2018-11-05,186613,108587,Pung & Tralie,121.5,110.5,127.28,112.1,9,9,7.53,98.57,6,-20.45,,186610,108588,Frank & Julian,137.46,142.75,7,8.51,47.716666666667,0,0,0,0,0,loss,completed,0
2018,4044186,14a78188935f60c35cb18e4df56d2dfa,,9,,2018-10-30,2018-11-05,186614,108590,Rob & GregBo,132.62,124.62,123.24,139.08,8,5,8.21,89.6,12,-24.266666666667,,186609,108584,Nolan & Vinny,143.56,132.89,5,8.89,30.333333333333,0,0,0,0,0,loss,completed,0
2018,4044155,bf59dec91d781153ce5d77b5cc2ab183,,9,,2018-10-30,2018-11-05,186612,54774,Cambrias,160.34,143.34,119.17,152.84,2,2,9.93,93.78,9,15.166666666667,,186611,108589,Phil Baldino,148.7,141.46,3,9.21,-68.25,0,0,0,0,0,win,completed,1
2018,4044140,bf59dec91d781153ce5d77b5cc2ab183,,9,,2018-10-30,2018-11-05,186611,108589,Phil Baldino,148.7,137.7,141.46,147.1,3,3,9.21,93.61,10,-68.25,,186612,54774,Cambrias,160.34,119.17,2,9.93,15.166666666667,0,0,0,0,0,loss,completed,1
2018,4044217,a54f392b18196e51443de7c286f3ebe8,,9,,2018-10-30,2018-11-05,186616,108592,Chris & Dom,169.28,165.28,126.24,165.28,1,1,10.48,100,2,0.75,,186607,108581,Richie,107.96,117.35,11,6.6899999999999995,-0.75,0,0,0,0,0,win,completed,0
2018,4044247,8d377909e6e1464a78713ffd8b002764,,9,,2018-10-30,2018-11-05,186618,54850,LFTLR,113.1,104.3,138.95,108.1,10,11,7.01,100,4,-7.5666666666667,,186617,54762,Antdell & Ernie,148.58,119.46,4,9.2,15.133333333333,0,0,0,0,0,loss,completed,0
2018,4044232,8d377909e6e1464a78713ffd8b002764,,9,,2018-10-30,2018-11-05,186617,54762,Antdell & Ernie,148.58,143.58,119.46,143.58,4,4,9.2,100,3,15.133333333333,,186618,54850,LFTLR,113.1,138.95,10,7.01,-7.5666666666667,0,0,0,0,0,win,completed,0
2018,4044201,ca0188b469dc414b8913ca3a23586d7b,,9,,2018-10-30,2018-11-05,186615,54846,Team JoeBa,91.72,82.72,117.9,90.42,12,12,5.68,91.48,11,0,,186608,54773,Ronnie,139.74,119.24,6,8.65,22.7,0,0,0,0,0,loss,completed,0
2018,4044218,d612951ca07129c874499bbecdb5769b,,10,,2018-11-06,2018-11-12,186616,108592,Chris & Dom,124.14,102.44,134.51,134.28,7,7,7.52,88.73,7,37.1,,186608,54773,Ronnie,103.42,126.29,11,6.26,-5.3,0,0,0,0,0,win,completed,0
2018,4044202,727706afefbb59c7260e4582a95a7a74,,10,,2018-11-06,2018-11-12,186615,54846,Team JoeBa,139.5,130.5,115.76,133.7,5,8,8.45,97.61,4,-37.1,,186609,108584,Nolan & Vinny,210.96,148.08,1,12.78,5.3,0,0,0,0,0,loss,completed,1
2018,4044248,2cc6ce6628df502e4fa2383c52e321ae,,10,,2018-11-06,2018-11-12,186618,54850,LFTLR,202.52,183.52,123.11,183.52,2,2,12.27,100,3,15.166666666667,,186612,54774,Cambrias,160.9,145.65,3,9.75,-68.25,0,0,0,0,0,win,completed,1
2018,4044233,3eec9715d8db7d11fa7e3ded41b00fdc,,10,,2018-11-06,2018-11-12,186617,54762,Antdell & Ernie,110.52,72.22,126.32,130.12,9,9,6.6899999999999995,83.4,10,-22.75,,186607,108581,Richie,123.8,116.58,8,7.5,60.666666666667,0,0,0,0,0,loss,completed,0
2018,4044110,727706afefbb59c7260e4582a95a7a74,,10,,2018-11-06,2018-11-12,186609,108584,Nolan & Vinny,210.96,202.96,148.08,202.96,1,1,12.78,100,2,5.3,,186615,54846,Team JoeBa,139.5,115.76,5,8.45,-37.1,0,0,0,0,0,win,completed,1
2018,4044079,3eec9715d8db7d11fa7e3ded41b00fdc,,10,,2018-11-06,2018-11-12,186607,108581,Richie,123.8,121.8,116.58,140.1,8,6,7.5,86.94,9,60.666666666667,,186617,54762,Antdell & Ernie,110.52,126.32,9,6.6899999999999995,-22.75,0,0,0,0,0,win,completed,0
2018,4044095,d612951ca07129c874499bbecdb5769b,,10,,2018-11-06,2018-11-12,186608,54773,Ronnie,103.42,99.42,126.29,99.42,11,12,6.26,100,1,-5.3,,186616,108592,Chris & Dom,124.14,134.51,7,7.52,37.1,0,0,0,0,0,loss,completed,0
2018,4044126,4dfbde231cfd68cd943c130e2a6a408b,,10,,2018-11-06,2018-11-12,186610,108588,Frank & Julian,96.56,91.56,137.65,120.46,12,10,5.85,76.01,12,0,,186614,108590,Rob & GregBo,109.52,128.55,10,6.63,68.166666666667,0,0,0,0,0,loss,completed,0
2018,4044156,2cc6ce6628df502e4fa2383c52e321ae,,10,,2018-11-06,2018-11-12,186612,54774,Cambrias,160.9,152.9,145.65,163.6,3,3,9.75,93.46,5,-68.25,,186618,54850,LFTLR,202.52,123.11,2,12.27,15.166666666667,0,0,0,0,0,loss,completed,1
2018,4044172,1d418c0e20aa601a98fd8d6148a16036,,10,,2018-11-06,2018-11-12,186613,108587,Pung & Tralie,128.16,124.16,143.74,149.56,6,5,7.76,83.02,11,-40.9,,186611,108589,Phil Baldino,140.8,148.71,4,8.53,27.266666666667,0,0,0,0,0,loss,completed,0
2018,4044187,4dfbde231cfd68cd943c130e2a6a408b,,10,,2018-11-06,2018-11-12,186614,108590,Rob & GregBo,109.52,102.52,128.55,113.74,10,11,6.63,90.14,6,68.166666666667,,186610,108588,Frank & Julian,96.56,137.65,12,5.85,0,0,0,0,0,0,win,completed,0
2018,4044141,1d418c0e20aa601a98fd8d6148a16036,,10,,2018-11-06,2018-11-12,186611,108589,Phil Baldino,140.8,130.8,148.71,150.1,4,4,8.53,87.14,8,27.266666666667,,186613,108587,Pung & Tralie,128.16,143.74,6,7.76,-40.9,0,0,0,0,0,win,completed,0
2018,4044157,8616eba7475309140e8128bfe7640d21,,11,,2018-11-13,2018-11-19,186612,54774,Cambrias,145.32,137.32,147.59,157.02,4,2,9.31,87.45,9,-48.533333333333,,186613,108587,Pung & Tralie,188.32,139.68,1,12.07,6.0666666666667,0,0,0,0,0,loss,completed,1
2018,4044173,8616eba7475309140e8128bfe7640d21,,11,,2018-11-13,2018-11-19,186613,108587,Pung & Tralie,188.32,161.52,139.68,174.12,1,1,12.07,98.97,2,6.0666666666667,,186612,54774,Cambrias,145.32,147.59,4,9.31,-48.533333333333,0,0,0,0,0,win,completed,1
2018,4044188,243c0fdd11bae053d6db38a30a867f51,,11,,2018-11-13,2018-11-19,186614,108590,Rob & GregBo,99.84,95.84,127.38,121.84,10,9,6.4,78.66,11,-15.166666666667,,186611,108589,Phil Baldino,109.14,143.47,9,6.99,68.25,0,0,0,0,0,loss,completed,1
2018,4044142,243c0fdd11bae053d6db38a30a867f51,,11,,2018-11-13,2018-11-19,186611,108589,Phil Baldino,109.14,77.84,143.47,112.3,9,12,6.99,93.62,6,68.25,,186614,108590,Rob & GregBo,99.84,127.38,10,6.4,-15.166666666667,0,0,0,0,0,win,completed,1
2018,4044234,cddef7f743ba03a80612e461ec5c3077,,11,,2018-11-13,2018-11-19,186617,54762,Antdell & Ernie,119.88,111.88,123.7,118.28,8,10,7.68,94.59,5,-18.2,,186608,54773,Ronnie,151.12,117.78,3,9.68,13.65,0,0,0,0,0,loss,completed,0
2018,4044219,bae1175c2fc3551833384dc248e23084,,11,,2018-11-13,2018-11-19,186616,108592,Chris & Dom,94.84,93.94,135.58,140,12,5,6.08,67.74,12,0,,186609,108584,Nolan & Vinny,122.9,151.92,7,7.88,31.85,0,0,0,0,0,loss,completed,0
2018,4044203,be8ab3b6f094154c235c5f18600502d5,,11,,2018-11-13,2018-11-19,186615,54846,Team JoeBa,142.18,114.38,107.62,123.28,5,8,9.11,98.3,3,-42.466666666667,,186610,108588,Frank & Julian,155.08,134.71,2,9.94,12.133333333333,0,0,0,0,0,loss,completed,1
2018,4044249,9b29d1af41a8d06e3b2aafcb55d02524,,11,,2018-11-13,2018-11-19,186618,54850,LFTLR,132.86,125.86,143.22,129.16,6,7,8.51,97.45,4,27.3,,186607,108581,Richie,99.02,124.73,11,6.35,-4.55,0,0,0,0,0,win,completed,0
2018,4044096,cddef7f743ba03a80612e461ec5c3077,,11,,2018-11-13,2018-11-19,186608,54773,Ronnie,151.12,138.12,117.78,149.02,3,3,9.68,92.69,7,13.65,,186617,54762,Antdell & Ernie,119.88,123.7,8,7.68,-18.2,0,0,0,0,0,win,completed,0
2018,4044111,bae1175c2fc3551833384dc248e23084,,11,,2018-11-13,2018-11-19,186609,108584,Nolan & Vinny,122.9,118.9,151.92,135.14,7,6,7.88,87.98,8,31.85,,186616,108592,Chris & Dom,94.84,135.58,12,6.08,0,0,0,0,0,0,win,completed,0
2018,4044127,be8ab3b6f094154c235c5f18600502d5,,11,,2018-11-13,2018-11-19,186610,108588,Frank & Julian,155.08,143.08,134.71,143.08,2,4,9.94,100,1,12.133333333333,,186615,54846,Team JoeBa,142.18,107.62,5,9.11,-42.466666666667,0,0,0,0,0,win,completed,1
2018,4044080,9b29d1af41a8d06e3b2aafcb55d02524,,11,,2018-11-13,2018-11-19,186607,108581,Richie,99.02,99.02,124.73,116.18,11,11,6.35,85.23,10,-4.55,,186618,54850,LFTLR,132.86,143.22,6,8.51,27.3,0,0,0,0,0,loss,completed,0
2018,4044097,080ba462f2054cd2c42c030bb5f4808f,,12,,2018-11-20,2018-11-26,186608,54773,Ronnie,106.4,101.4,108.05,115.32,10,9,6.8100000000000005,87.93,9,75.833333333333,,186607,108581,Richie,87.46,94.4,11,5.59,-7.5833333333333,0,0,0,0,0,win,completed,0
2018,4044112,4247392fb9ff389477e934ffd6283735,,12,,2018-11-20,2018-11-26,186609,108584,Nolan & Vinny,164.42,138.62,158.56,165.82,2,3,10.52,96.74,3,1.5,,186617,54762,Antdell & Ernie,87.34,123.54,12,5.59,0,0,0,0,0,0,win,completed,0
2018,4044128,7855850e5c2fd1349bbbb7b520bdbed6,,12,,2018-11-20,2018-11-26,186610,108588,Frank & Julian,106.82,104.82,135.74,108.82,9,10,6.83,96.32,4,-22.75,,186616,108592,Chris & Dom,110.04,135.98,8,7.04,60.666666666667,0,0,0,0,0,loss,completed,2
2018,4044081,080ba462f2054cd2c42c030bb5f4808f,,12,,2018-11-20,2018-11-26,186607,108581,Richie,87.46,75.38,94.4,79.46,11,12,5.59,100,1,-7.5833333333333,,186608,54773,Ronnie,106.4,108.05,10,6.8100000000000005,75.833333333333,0,0,0,0,0,loss,completed,0
2018,4044158,bf2e8135733848eb0367667ccf050916,,12,,2018-11-20,2018-11-26,186612,54774,Cambrias,143.44,132.44,158.15,149.34,5,5,9.18,88.68,8,37.916666666667,,186614,108590,Rob & GregBo,141.82,113.49,6,9.07,-45.5,0,0,0,0,0,win,completed,2
2018,4044174,56cb099ae83a4ee05896bf568f0156cc,,12,,2018-11-20,2018-11-26,186613,108587,Pung & Tralie,147.58,142.58,138.17,157.28,3,4,9.44,90.65,7,-61.35,,186618,54850,LFTLR,189.98,143.53,1,12.15,6.8166666666667,0,0,0,0,0,loss,completed,1
2018,4044143,a3642a6eff036a8d1208b9d8edbd22c0,,12,,2018-11-20,2018-11-26,186611,108589,Phil Baldino,146.98,128.48,146.01,175.48,4,2,9.4,79.2,12,24.266666666667,,186615,54846,Team JoeBa,131.02,129.38,7,8.38,-30.333333333333,0,0,0,0,0,win,completed,0
2018,4044189,bf2e8135733848eb0367667ccf050916,,12,,2018-11-20,2018-11-26,186614,108590,Rob & GregBo,141.82,132.82,113.49,138.12,6,6,9.07,96.16,5,-45.5,,186612,54774,Cambrias,143.44,158.15,5,9.18,37.916666666667,0,0,0,0,0,loss,completed,2
2018,4044250,56cb099ae83a4ee05896bf568f0156cc,,12,,2018-11-20,2018-11-26,186618,54850,LFTLR,189.98,183.98,143.53,188.68,1,1,12.15,97.51,2,6.8166666666667,,186613,108587,Pung & Tralie,147.58,138.17,3,9.44,-61.35,0,0,0,0,0,win,completed,1
2018,4044220,7855850e5c2fd1349bbbb7b520bdbed6,,12,,2018-11-20,2018-11-26,186616,108592,Chris & Dom,110.04,102.04,135.98,121.86,8,8,7.04,83.74,10,60.666666666667,,186610,108588,Frank & Julian,106.82,135.74,9,6.83,-22.75,0,0,0,0,0,win,completed,2
2018,4044235,4247392fb9ff389477e934ffd6283735,,12,,2018-11-20,2018-11-26,186617,54762,Antdell & Ernie,87.34,83.34,123.54,99.84,12,11,5.59,83.47,11,0,,186609,108584,Nolan & Vinny,164.42,158.56,2,10.52,1.5,0,0,0,0,0,loss,completed,0
2018,4044204,a3642a6eff036a8d1208b9d8edbd22c0,,12,,2018-11-20,2018-11-26,186615,54846,Team JoeBa,131.02,121.02,129.38,129.92,7,7,8.38,93.15,6,-30.333333333333,,186611,108589,Phil Baldino,146.98,146.01,4,9.4,24.266666666667,0,0,0,0,0,loss,completed,0
2018,4044236,94141a1e1a3a1315df209b425d0fb6a1,,13,,2018-11-27,2018-12-03,186617,54762,Antdell & Ernie,88,84,119.14,93.5,10,11,6.51,89.84,4,-4.5333333333333,,186610,108588,Frank & Julian,147.42,146.91,2,10.91,4.5333333333333,0,0,0,0,0,loss,completed,0
2018,4044221,553fc6c9396d184d88107d34d66ad3d6,,13,,2018-11-27,2018-12-03,186616,108592,Chris & Dom,138.3,107.1,139.85,147.7,3,4,10.23,85.51,7,18.2,,186611,108589,Phil Baldino,106.84,129.12,6,7.91,-36.4,0,0,0,0,0,win,completed,0
2018,4044190,b72fb171867abbb10e7d0f065b4aa9b9,,13,,2018-11-27,2018-12-03,186614,108590,Rob & GregBo,131.76,124.76,128.47,142.16,4,5,9.75,87.76,6,30.333333333333,,186613,108587,Pung & Tralie,131,147.89,5,9.69,-53.083333333333,0,0,0,0,0,win,completed,4
2018,4044205,fd35933183edc79d3ae5a0fe7249e562,,13,,2018-11-27,2018-12-03,186615,54846,Team JoeBa,94.42,94.42,127.08,98.72,8,10,6.99,95.64,1,48.533333333333,,186612,54774,Cambrias,85.78,132.68,11,6.35,-6.0666666666667,0,0,0,0,0,win,completed,1
2018,4044159,fd35933183edc79d3ae5a0fe7249e562,,13,,2018-11-27,2018-12-03,186612,54774,Cambrias,85.78,83.78,132.68,110.28,11,7,6.35,75.97,11,-6.0666666666667,,186615,54846,Team JoeBa,94.42,127.08,8,6.99,48.533333333333,0,0,0,0,0,loss,completed,1
2018,4044175,b72fb171867abbb10e7d0f065b4aa9b9,,13,,2018-11-27,2018-12-03,186613,108587,Pung & Tralie,131,123,147.89,151.3,5,2,9.69,81.3,10,-53.083333333333,,186614,108590,Rob & GregBo,131.76,128.47,4,9.75,30.333333333333,0,0,0,0,0,loss,completed,4
2018,4044144,553fc6c9396d184d88107d34d66ad3d6,,13,,2018-11-27,2018-12-03,186611,108589,Phil Baldino,106.84,104.84,129.12,128.64,6,6,7.91,81.5,9,-36.4,,186616,108592,Chris & Dom,138.3,139.85,3,10.23,18.2,0,0,0,0,0,loss,completed,0
2018,4044129,94141a1e1a3a1315df209b425d0fb6a1,,13,,2018-11-27,2018-12-03,186610,108588,Frank & Julian,147.42,141.42,146.91,148.32,2,3,10.91,95.35,2,4.5333333333333,,186617,54762,Antdell & Ernie,88,119.14,10,6.51,-4.5333333333333,0,0,0,0,0,win,completed,0
2018,4044113,31ad791080fe6c8155b1bc3c43105d00,,13,,2018-11-27,2018-12-03,186609,108584,Nolan & Vinny,169.12,140.66,157.18,188.96,1,1,12.51,83.68,8,2.2666666666667,,186607,108581,Richie,93.44,122.69,9,6.91,-6.8,0,0,0,0,0,win,completed,0
2018,4044098,30d5f4b010600a1935c071345fc11e30,,13,,2018-11-27,2018-12-03,186608,54773,Ronnie,62.08,60.08,105.71,83.26,12,12,4.59,72.16,12,0,,186618,54850,LFTLR,103.24,144.15,7,7.64,31.85,0,0,0,0,0,loss,completed,0
2018,4044082,31ad791080fe6c8155b1bc3c43105d00,,13,,2018-11-27,2018-12-03,186607,108581,Richie,93.44,91.44,122.69,99.9,9,9,6.91,91.53,3,-6.8,,186609,108584,Nolan & Vinny,169.12,157.18,1,12.51,2.2666666666667,0,0,0,0,0,loss,completed,0
2018,4044251,30d5f4b010600a1935c071345fc11e30,,13,,2018-11-27,2018-12-03,186618,54850,LFTLR,103.24,58.94,144.15,101.44,7,8,7.64,87.78,5,31.85,,186608,54773,Ronnie,62.08,105.71,12,4.59,0,0,0,0,0,0,win,completed,0
2018,4044160,de60b64107f84274445efbb99d0aef87,,14,,2018-12-04,2018-12-10,186612,54774,Cambrias,153.64,147.64,142.7,159.54,1,2,17.22,92.54,1,6.0666666666667,,186616,108592,Chris & Dom,122.48,128.57,4,13.73,-48.533333333333,1,0,0,0,0,win,completed,2
2018,4044237,c8401ddfe86573ea043499a32458c92e,,14,,2018-12-04,2018-12-10,186617,54762,Antdell & Ernie,98.5,93.5,101.14,113,5,5,11.04,82.74,5,-42.466666666667,,186615,54846,Team JoeBa,139.06,120.71,2,15.58,12.133333333333,0,1,0,0,0,loss,completed,1
2018,4044222,de60b64107f84274445efbb99d0aef87,,14,,2018-12-04,2018-12-10,186616,108592,Chris & Dom,122.48,118.48,128.57,132.22,4,4,13.73,89.61,2,-48.533333333333,,186612,54774,Cambrias,153.64,142.7,1,17.22,6.0666666666667,1,0,0,0,0,loss,completed,2
2018,4044206,c8401ddfe86573ea043499a32458c92e,,14,,2018-12-04,2018-12-10,186615,54846,Team JoeBa,139.06,129.06,120.71,144.26,2,3,15.58,89.46,3,12.133333333333,,186617,54762,Antdell & Ernie,98.5,101.14,5,11.04,-42.466666666667,0,1,0,0,0,win,completed,1
2018,4044191,08bc016d6a365375c0ded927943f7422,,14,,2018-12-04,2018-12-10,186614,108590,Rob & GregBo,94.7,92.7,137.53,108.42,6,6,10.61,85.5,4,-36.4,,186609,108584,Nolan & Vinny,130.92,156.6,3,14.67,18.2,1,0,0,0,0,loss,completed,1
2018,4044114,08bc016d6a365375c0ded927943f7422,,14,,2018-12-04,2018-12-10,186609,108584,Nolan & Vinny,130.92,126.92,156.6,174.82,3,1,14.67,72.6,8,18.2,,186614,108590,Rob & GregBo,94.7,137.53,6,10.61,-36.4,1,0,0,0,0,win,completed,1
2018,4044099,af1ccbf7156077c6f4d36bfe19ffab50,,14,,2018-12-04,2018-12-10,186608,54773,Ronnie,64.18,60.18,102.55,81.28,8,8,7.19,74.04,7,-30.333333333333,,186607,108581,Richie,88.82,114.59,7,9.95,53.083333333333,0,1,0,0,0,loss,completed,0
2018,4044083,af1ccbf7156077c6f4d36bfe19ffab50,,14,,2018-12-04,2018-12-10,186607,108581,Richie,88.82,85.82,114.59,105.6,7,7,9.95,81.27,6,53.083333333333,,186608,54773,Ronnie,64.18,102.55,8,7.19,-30.333333333333,0,1,0,0,0,win,completed,0
2018,4044115,fa03ea00564fefab211dc86d7774285b,,15,,2018-12-11,2018-12-17,186609,108584,Nolan & Vinny,116.46,96.56,144.09,130.7,4,4,8.93,84.51,7,-48.533333333333,,186611,108589,Phil Baldino,149.34,133.06,1,11.46,6.0666666666667,1,0,0,0,0,loss,completed,2
2018,4044100,3fbdfde7b3376e15651c82d743c3307c,,15,,2018-12-11,2018-12-17,186608,54773,Ronnie,95.76,86.76,98.68,102.26,10,9,7.35,84.84,6,-15.166666666667,,186617,54762,Antdell & Ernie,97.34,111.88,9,7.47,68.25,0,1,0,0,0,loss,completed,2
2018,4044084,f068e3f09efe063886364c965cae1e2c,,15,,2018-12-11,2018-12-17,186607,108581,Richie,95.3,61.8,114.56,100.74,11,10,7.31,89.64,5,-6.0666666666667,,186613,108587,Pung & Tralie,101.42,132.55,8,7.78,48.533333333333,0,1,0,0,0,loss,completed,1
2018,4044176,f068e3f09efe063886364c965cae1e2c,,15,,2018-12-11,2018-12-17,186613,108587,Pung & Tralie,101.42,97.42,132.55,120.22,8,7,7.78,81.03,9,48.533333333333,,186607,108581,Richie,95.3,114.56,11,7.31,-6.0666666666667,0,1,0,0,0,win,completed,1
2018,4044161,ef6e2a95af00ec5d312908ff4bc84096,,15,,2018-12-11,2018-12-17,186612,54774,Cambrias,104.72,103.72,149.78,129.22,7,5,8.03,80.27,10,-37.916666666667,,186610,108588,Frank & Julian,106.16,137.06,6,8.14,45.5,1,0,0,0,0,loss,completed,3
2018,4044130,ef6e2a95af00ec5d312908ff4bc84096,,15,,2018-12-11,2018-12-17,186610,108588,Frank & Julian,106.16,107.16,137.06,126.36,6,6,8.14,84.01,8,45.5,,186612,54774,Cambrias,104.72,149.78,7,8.03,-37.916666666667,1,0,0,0,0,win,completed,3
2018,4044145,fa03ea00564fefab211dc86d7774285b,,15,,2018-12-11,2018-12-17,186611,108589,Phil Baldino,149.34,139.34,133.06,139.34,1,1,11.46,100,1,6.0666666666667,,186609,108584,Nolan & Vinny,116.46,144.09,4,8.93,-48.533333333333,1,0,0,0,0,win,completed,2
2018,4044252,4b19ec5443b2a920cca42428bde42a6a,,15,,2018-12-11,2018-12-17,186618,54850,LFTLR,126.7,117.7,122.96,102.3,3,8,9.72,79.37,11,4.55,,186615,54846,Team JoeBa,73.28,102.27,12,5.62,0,0,1,0,0,0,win,completed,0
2018,4044238,3fbdfde7b3376e15651c82d743c3307c,,15,,2018-12-11,2018-12-17,186617,54762,Antdell & Ernie,97.34,96.34,111.88,96.34,9,11,7.47,100,2,68.25,,186608,54773,Ronnie,95.76,98.68,10,7.35,-15.166666666667,0,1,0,0,0,win,completed,2
2018,4044223,71ddcafa36731694607672892cee04cb,,15,,2018-12-11,2018-12-17,186616,108592,Chris & Dom,106.48,99.48,119.54,131.88,5,3,8.17,75.43,12,-42.466666666667,,186614,108590,Rob & GregBo,130.72,130.55,2,10.03,12.133333333333,1,0,0,0,0,loss,completed,2
2018,4044207,4b19ec5443b2a920cca42428bde42a6a,,15,,2018-12-11,2018-12-17,186615,54846,Team JoeBa,73.28,57.18,102.27,79.38,12,12,5.62,91.06,4,0,,186618,54850,LFTLR,126.7,122.96,3,9.72,4.55,0,1,0,0,0,loss,completed,0
2018,4044192,71ddcafa36731694607672892cee04cb,,15,,2018-12-11,2018-12-17,186614,108590,Rob & GregBo,130.72,124.22,130.55,135.12,2,2,10.03,93.78,3,12.133333333333,,186616,108592,Chris & Dom,106.48,119.54,5,8.17,-42.466666666667,1,0,0,0,0,win,completed,2
2018,4044208,d4ea44a0b0b51ac2767a3489453e0c5e,,16,,2018-12-18,2018-12-24,186615,54846,Team JoeBa,102.68,95.68,93.37,117.68,8,7,10.5,81.31,6,-30.333333333333,,186607,108581,Richie,105.9,97.67,7,10.83,53.083333333333,0,1,0,0,0,loss,completed,2
2018,4044116,08597caceb4f45ee2c256cb15eb90935,,16,,2018-12-18,2018-12-24,186609,108584,Nolan & Vinny,159.34,157.34,132.43,180.44,1,1,16.29,87.2,2,6.0666666666667,,186612,54774,Cambrias,112.44,142.38,4,11.5,-48.533333333333,1,0,0,0,0,win,completed,2
2018,4044085,d4ea44a0b0b51ac2767a3489453e0c5e,,16,,2018-12-18,2018-12-24,186607,108581,Richie,105.9,93.9,97.67,107.9,7,8,10.83,87.03,3,53.083333333333,,186615,54846,Team JoeBa,102.68,93.37,8,10.5,-30.333333333333,0,1,0,0,0,win,completed,2
2018,4044253,75f472be8a2af372b0c339aa9c7ae4c1,,16,,2018-12-18,2018-12-24,186618,54850,LFTLR,107.9,97.8,116.93,151.3,6,3,11.03,64.64,8,-45.5,,186613,108587,Pung & Tralie,111.32,114.43,5,11.38,37.916666666667,0,1,0,0,0,loss,completed,2
2018,4044177,75f472be8a2af372b0c339aa9c7ae4c1,,16,,2018-12-18,2018-12-24,186613,108587,Pung & Tralie,111.32,103.32,114.43,139.32,5,5,11.38,74.16,7,37.916666666667,,186618,54850,LFTLR,107.9,116.93,6,11.03,-45.5,0,1,0,0,0,win,completed,2
2018,4044162,08597caceb4f45ee2c256cb15eb90935,,16,,2018-12-18,2018-12-24,186612,54774,Cambrias,112.44,107.44,142.38,131.24,4,6,11.5,81.87,5,-48.533333333333,,186609,108584,Nolan & Vinny,159.34,132.43,1,16.29,6.0666666666667,1,0,0,0,0,loss,completed,2
2018,4044146,c5df44f017797d544644e9d4da026984,,16,,2018-12-18,2018-12-24,186611,108589,Phil Baldino,140.26,121.26,137.51,147.06,2,4,14.34,87.22,1,15.166666666667,,186610,108588,Frank & Julian,138.08,122.17,3,14.12,-68.25,1,0,1,0,0,win,completed,5
2018,4044131,c5df44f017797d544644e9d4da026984,,16,,2018-12-18,2018-12-24,186610,108588,Frank & Julian,138.08,130.08,122.17,154.68,3,2,14.12,84.1,4,-68.25,,186611,108589,Phil Baldino,140.26,137.51,2,14.34,15.166666666667,1,0,1,0,0,loss,completed,5
2019,4044054,8f3a7234af15f00c32315a54756024fb,,1,,2019-09-05,2019-09-09,186606,108588,Frank & Julian,170.52,152.22,135.52,175.02,1,1,10.76,89.43,5,5.3,,186601,108587,Pung & Tralie,140.5,133.84,5,8.87,-37.1,0,0,0,0,0,win,completed,1
2019,4044024,25e5335b5084d1216c551b0eb808d3d8,,1,,2019-09-05,2019-09-09,186604,54774,Cambrias,119.2,110.2,125.78,137.36,10,10,7.52,80.23,10,-6.0666666666667,,186598,108589,Phil Baldino,147.42,136.66,3,9.31,9.1,0,0,0,0,0,loss,completed,0
2019,4044039,3a42bfb9eee6d069fad18198cdb49b7b,,1,,2019-09-05,2019-09-09,186605,54846,Team JoeBa,129.12,93.02,131.87,129.26,6,11,8.15,95.25,1,45.5,,186597,108592,Chris & Dom,123.68,134.37,7,7.8100000000000005,-37.916666666667,0,0,0,0,0,win,completed,1
2019,4044008,007497ee91af29c4e9f266068cc333cc,,1,,2019-09-05,2019-09-09,186603,54773,Ronnie,120.46,115.46,134.58,139.56,8,7,7.6,79.22,11,42.4,,186599,54850,LFTLR,104.96,134.65,12,6.63,0,0,0,0,0,0,win,completed,0
2019,4043886,303527e2e63a68d5f39e791ebf3cd140,,1,,2019-09-05,2019-09-09,186595,108581,Richie,159.8,149.8,136.09,162.6,2,2,10.09,92.13,4,3.0333333333333,,186596,54762,Antdell & Ernie,107.96,134.6,11,6.82,-1.5166666666667,0,0,0,0,0,win,completed,0
2019,4043932,25e5335b5084d1216c551b0eb808d3d8,,1,,2019-09-05,2019-09-09,186598,108589,Phil Baldino,147.42,133.42,136.66,142.92,3,6,9.31,93.35,2,9.1,,186604,54774,Cambrias,119.2,125.78,10,7.52,-6.0666666666667,0,0,0,0,0,win,completed,0
2019,4043916,3a42bfb9eee6d069fad18198cdb49b7b,,1,,2019-09-05,2019-09-09,186597,108592,Chris & Dom,123.68,117.68,134.37,144.8,7,5,7.8100000000000005,81.27,9,-37.916666666667,,186605,54846,Team JoeBa,129.12,131.87,6,8.15,45.5,0,0,0,0,0,loss,completed,1
2019,4043901,303527e2e63a68d5f39e791ebf3cd140,,1,,2019-09-05,2019-09-09,186596,54762,Antdell & Ernie,107.96,106.96,134.6,115.96,11,12,6.82,92.24,3,-1.5166666666667,,186595,108581,Richie,159.8,136.09,2,10.09,3.0333333333333,0,0,0,0,0,loss,completed,0
2019,4043947,007497ee91af29c4e9f266068cc333cc,,1,,2019-09-05,2019-09-09,186599,54850,LFTLR,104.96,81.8,134.65,139.32,12,8,6.63,75.34,12,0,,186603,54773,Ronnie,120.46,134.58,8,7.6,42.4,0,0,0,0,0,loss,completed,0
2019,4043977,8f3a7234af15f00c32315a54756024fb,,1,,2019-09-05,2019-09-09,186601,108587,Pung & Tralie,140.5,132.5,133.84,159.52,5,3,8.87,83.06,7,-37.1,,186606,108588,Frank & Julian,170.52,135.52,1,10.76,5.3,0,0,0,0,0,loss,completed,1
2019,4043962,09d92e59de66dd68800c0b1d23dcb38a,,1,,2019-09-05,2019-09-09,186600,108584,Nolan & Vinny,119.24,116.24,129.88,138.84,9,9,7.53,83.72,6,-13.65,,186602,108590,Rob & GregBo,141.22,135.74,4,8.91,18.2,0,0,0,0,0,loss,completed,0
2019,4043992,09d92e59de66dd68800c0b1d23dcb38a,,1,,2019-09-05,2019-09-09,186602,108590,Rob & GregBo,141.22,114.12,135.74,156.04,4,4,8.91,82.17,8,18.2,,186600,108584,Nolan & Vinny,119.24,129.88,9,7.53,-13.65,0,0,0,0,0,win,completed,0
2019,4043978,720448627b6a8306ac6babb8e16ef16d,,2,,2019-09-10,2019-09-16,186601,108587,Pung & Tralie,145.1,140.1,136.14,146.16,3,3,9.86,95.85,3,22.75,,186602,108590,Rob & GregBo,133.04,135.77,4,9.04,-60.666666666667,0,0,0,0,0,win,completed,1
2019,4043993,720448627b6a8306ac6babb8e16ef16d,,2,,2019-09-10,2019-09-16,186602,108590,Rob & GregBo,133.04,124.04,135.77,139.46,4,5,9.04,88.94,9,-60.666666666667,,186601,108587,Pung & Tralie,145.1,136.14,3,9.86,22.75,0,0,0,0,0,loss,completed,1
2019,4043948,11ad92acbfaf7d703e2e2d0171b4151f,,2,,2019-09-10,2019-09-16,186599,54850,LFTLR,94.02,92.02,133.02,100.12,12,11,6.39,91.91,7,0,,186604,54774,Cambrias,124.58,131.65,6,8.47,22.7,0,0,0,0,0,loss,completed,0
2019,4043963,1dd31caa732437e4d7a046374f393ade,,2,,2019-09-10,2019-09-16,186600,108584,Nolan & Vinny,118.52,110.52,129.82,127.82,7,8,8.06,86.47,10,-22.75,,186603,54773,Ronnie,145.9,139.11,2,9.92,9.1,0,0,0,0,0,loss,completed,0
2019,4044009,1dd31caa732437e4d7a046374f393ade,,2,,2019-09-10,2019-09-16,186603,54773,Ronnie,145.9,135.9,139.11,145.9,2,4,9.92,93.15,6,9.1,,186600,108584,Nolan & Vinny,118.52,129.82,7,8.06,-22.75,0,0,0,0,0,win,completed,0
2019,4044055,d4dee92607b32b1056a966ac96de0ea6,,2,,2019-09-10,2019-09-16,186606,108588,Frank & Julian,102.56,89.26,144.24,106.56,10,10,6.97,96.25,2,-13.633333333333,,186596,54762,Antdell & Ernie,113.92,134.41,8,7.74,54.533333333333,0,0,0,0,0,loss,completed,0
2019,4044025,11ad92acbfaf7d703e2e2d0171b4151f,,2,,2019-09-10,2019-09-16,186604,54774,Cambrias,124.58,118.58,131.65,156.68,6,1,8.47,75.68,12,22.7,,186599,54850,LFTLR,94.02,133.02,12,6.39,0,0,0,0,0,0,win,completed,0
2019,4044040,2540a89a375d5b12f9bc15236fac4e7c,,2,,2019-09-10,2019-09-16,186605,54846,Team JoeBa,99.86,91.36,127.42,94.86,11,12,6.79,100,1,-0.75,,186598,108589,Phil Baldino,158.62,136.31,1,10.78,0.75,0,0,0,0,0,loss,completed,0
2019,4043887,6604c3644ab42c1c6201fddb19e08b1a,,2,,2019-09-10,2019-09-16,186595,108581,Richie,130.86,112.46,138.63,133.16,5,6,8.89,90.01,8,26.5,,186597,108592,Chris & Dom,104.22,132.57,9,7.08,-15.9,0,0,0,0,0,win,completed,0
2019,4043933,2540a89a375d5b12f9bc15236fac4e7c,,2,,2019-09-10,2019-09-16,186598,108589,Phil Baldino,158.62,143.62,136.31,150.32,1,2,10.78,95.54,4,0.75,,186605,54846,Team JoeBa,99.86,127.42,11,6.79,-0.75,0,0,0,0,0,win,completed,0
2019,4043917,6604c3644ab42c1c6201fddb19e08b1a,,2,,2019-09-10,2019-09-16,186597,108592,Chris & Dom,104.22,103.22,132.57,128.92,9,7,7.08,80.07,11,-15.9,,186595,108581,Richie,130.86,138.63,5,8.89,26.5,0,0,0,0,0,loss,completed,0
2019,4043902,d4dee92607b32b1056a966ac96de0ea6,,2,,2019-09-10,2019-09-16,186596,54762,Antdell & Ernie,113.92,105.92,134.41,112.12,8,9,7.74,94.47,5,54.533333333333,,186606,108588,Frank & Julian,102.56,144.24,10,6.97,-13.633333333333,0,0,0,0,0,win,completed,0
2019,4043918,5b51df7a21cc34143ae5f49807d03829,,3,,2019-09-17,2019-09-23,186597,108592,Chris & Dom,117.92,110.92,130.1,128.32,9,9,7.3,86.44,8,-13.65,,186596,54762,Antdell & Ernie,158.3,138.86,4,9.81,18.2,0,0,0,0,0,loss,completed,0
2019,4043934,7b6a343ad39e2ec25dcd242f27d99d75,,3,,2019-09-17,2019-09-23,186598,108589,Phil Baldino,124.56,107.56,135.68,133.56,6,8,7.72,85.03,10,-36.4,,186595,108581,Richie,168.64,140.96,3,10.45,18.2,0,0,0,0,0,loss,completed,0
2019,4043903,5b51df7a21cc34143ae5f49807d03829,,3,,2019-09-17,2019-09-23,186596,54762,Antdell & Ernie,158.3,143.3,138.86,157.7,4,5,9.81,90.87,4,18.2,,186597,108592,Chris & Dom,117.92,130.1,9,7.3,-13.65,0,0,0,0,0,win,completed,0
2019,4043888,7b6a343ad39e2ec25dcd242f27d99d75,,3,,2019-09-17,2019-09-23,186595,108581,Richie,168.64,151.94,140.96,163.14,3,3,10.45,99.08,2,18.2,,186598,108589,Phil Baldino,124.56,135.68,6,7.72,-36.4,0,0,0,0,0,win,completed,0
2019,4043979,3b1d269fd2a8a284fecbfa204a74a2e1,,3,,2019-09-17,2019-09-23,186601,108587,Pung & Tralie,113.42,106.12,138.84,125.42,10,10,7.03,87.24,7,-4.5333333333333,,186603,54773,Ronnie,175.66,128.93,2,10.88,4.5333333333333,0,0,0,0,0,loss,completed,0
2019,4043994,e53bc170639c12413dfa4a895362c4b0,,3,,2019-09-17,2019-09-23,186602,108590,Rob & GregBo,147.16,122.5,136.82,159.86,5,4,9.12,88.93,5,30.333333333333,,186606,108588,Frank & Julian,119.74,143.43,8,7.42,-24.266666666667,0,0,0,0,0,win,completed,0
2019,4043949,59f20beef880dfa204d2cea7b646c3e1,,3,,2019-09-17,2019-09-23,186599,54850,LFTLR,88.68,86.68,126.36,87.48,11,12,5.49,99.09,1,-5.3,,186605,54846,Team JoeBa,123,120.96,7,7.62,37.1,0,0,0,0,0,loss,completed,0
2019,4043964,92d4594b632c26f90c261b8bd93e7978,,3,,2019-09-17,2019-09-23,186600,108584,Nolan & Vinny,87.12,83.12,128.71,96.62,12,11,5.4,86.03,9,0,,186604,54774,Cambrias,190.18,134.69,1,11.78,0,0,0,0,0,0,loss,completed,0
2019,4044010,3b1d269fd2a8a284fecbfa204a74a2e1,,3,,2019-09-17,2019-09-23,186603,54773,Ronnie,175.66,169.66,128.93,177.26,2,2,10.88,95.71,3,4.5333333333333,,186601,108587,Pung & Tralie,113.42,138.84,10,7.03,-4.5333333333333,0,0,0,0,0,win,completed,0
2019,4044056,e53bc170639c12413dfa4a895362c4b0,,3,,2019-09-17,2019-09-23,186606,108588,Frank & Julian,119.74,110.74,143.43,145.14,8,6,7.42,76.3,12,-24.266666666667,,186602,108590,Rob & GregBo,147.16,136.82,5,9.12,30.333333333333,0,0,0,0,0,loss,completed,0
2019,4044026,92d4594b632c26f90c261b8bd93e7978,,3,,2019-09-17,2019-09-23,186604,54774,Cambrias,190.18,190.18,134.69,216.74,1,1,11.78,87.75,6,0,,186600,108584,Nolan & Vinny,87.12,128.71,12,5.4,0,0,0,0,0,0,win,completed,0
2019,4044041,59f20beef880dfa204d2cea7b646c3e1,,3,,2019-09-17,2019-09-23,186605,54846,Team JoeBa,123,116,120.96,136.68,7,7,7.62,84.87,11,37.1,,186599,54850,LFTLR,88.68,126.36,11,5.49,-5.3,0,0,0,0,0,win,completed,0
2019,4044011,781363deb911fe6018c0277b99c29596,,4,,2019-09-24,2019-09-30,186603,54773,Ronnie,100.78,84.88,127.03,122.88,9,9,7.04,82.01,8,-22.75,,186602,108590,Rob & GregBo,113.5,135.16,8,7.93,60.666666666667,0,0,0,0,0,loss,completed,0
2019,4044057,92a268708d7fc975bad49e75140fbd17,,4,,2019-09-24,2019-09-30,186606,108588,Frank & Julian,98,98,117.88,102.3,10,11,6.85,95.8,4,-4.5333333333333,,186597,108592,Chris & Dom,141.8,124.22,2,9.91,4.5333333333333,0,0,0,0,0,loss,completed,0
2019,4044027,9b67dc7a931edab319bdb586f55e1985,,4,,2019-09-24,2019-09-30,186604,54774,Cambrias,128.78,85.88,136.04,124.48,4,8,9,96.22,3,24.266666666667,,186601,108587,Pung & Tralie,115.1,137.9,7,8.05,-30.333333333333,0,0,0,0,0,win,completed,0
2019,4044042,504b7ac6921223019b3d59631fdcf24b,,4,,2019-09-24,2019-09-30,186605,54846,Team JoeBa,133.18,124.18,133.48,149.58,3,5,9.31,83.02,7,18.2,,186600,108584,Nolan & Vinny,120.6,136.62,6,8.43,-36.4,0,0,0,0,0,win,completed,0
2019,4043919,92a268708d7fc975bad49e75140fbd17,,4,,2019-09-24,2019-09-30,186597,108592,Chris & Dom,141.8,137.8,124.22,141.9,2,6,9.91,97.11,2,4.5333333333333,,186606,108588,Frank & Julian,98,117.88,10,6.85,-4.5333333333333,0,0,0,0,0,win,completed,0
2019,4043935,c446d9bb74120979a71195887717b5d3,,4,,2019-09-24,2019-09-30,186598,108589,Phil Baldino,126.2,81.5,137.32,166.4,5,2,8.82,75.24,11,-37.1,,186596,54762,Antdell & Ernie,164.1,126.75,1,11.47,5.3,0,0,0,0,0,loss,completed,1
2019,4043904,c446d9bb74120979a71195887717b5d3,,4,,2019-09-24,2019-09-30,186596,54762,Antdell & Ernie,164.1,154.1,126.75,181.7,1,1,11.47,84.81,6,5.3,,186598,108589,Phil Baldino,126.2,137.32,5,8.82,-37.1,0,0,0,0,0,win,completed,1
2019,4043889,0d8865ed4fcc73bee9386dadea08620a,,4,,2019-09-24,2019-09-30,186595,108581,Richie,92.02,92.02,126.81,92.92,12,12,6.43,99.03,1,0,,186599,54850,LFTLR,96.54,112.7,11,6.75,83.416666666667,0,0,0,0,0,loss,completed,2
2019,4043950,0d8865ed4fcc73bee9386dadea08620a,,4,,2019-09-24,2019-09-30,186599,54850,LFTLR,96.54,67.64,112.7,129.9,11,7,6.75,74.32,12,83.416666666667,,186595,108581,Richie,92.02,126.81,12,6.43,0,0,0,0,0,0,win,completed,2
2019,4043980,9b67dc7a931edab319bdb586f55e1985,,4,,2019-09-24,2019-09-30,186601,108587,Pung & Tralie,115.1,113.1,137.9,150.14,7,3,8.05,75.33,10,-30.333333333333,,186604,54774,Cambrias,128.78,136.04,4,9,24.266666666667,0,0,0,0,0,loss,completed,0
2019,4043995,781363deb911fe6018c0277b99c29596,,4,,2019-09-24,2019-09-30,186602,108590,Rob & GregBo,113.5,107.5,135.16,119.9,8,10,7.93,89.66,5,60.666666666667,,186603,54773,Ronnie,100.78,127.03,9,7.04,-22.75,0,0,0,0,0,win,completed,0
2019,4043965,504b7ac6921223019b3d59631fdcf24b,,4,,2019-09-24,2019-09-30,186600,108584,Nolan & Vinny,120.6,116.6,136.62,149.82,6,4,8.43,77.83,9,-36.4,,186605,54846,Team JoeBa,133.18,133.48,3,9.31,18.2,0,0,0,0,0,loss,completed,0
2019,4043951,c707dde0d78e65908fad931913585fbe,,5,,2019-10-01,2019-10-07,186599,54850,LFTLR,116.34,115.34,113.46,134.78,10,9,7.03,85.58,10,-6.0666666666667,,186596,54762,Antdell & Ernie,147.36,130.82,3,8.9,9.1,0,0,0,0,0,loss,completed,0
2019,4043966,4e1adcf159952ecd764c82b54949b16e,,5,,2019-10-01,2019-10-07,186600,108584,Nolan & Vinny,127.62,116.62,119.81,145.92,7,5,7.71,79.92,11,-18.916666666667,,186595,108581,Richie,242.12,137.61,1,14.63,3.7833333333333,0,0,0,0,0,loss,completed,0
2019,4043981,fb0b137a3ff6f14df4431dae3c23df37,,5,,2019-10-01,2019-10-07,186601,108587,Pung & Tralie,120.62,102.42,131.21,139.92,9,8,7.29,89.07,6,54.6,,186605,54846,Team JoeBa,84.92,127.8,12,5.13,0,0,0,0,0,0,win,completed,0
2019,4043996,a51cff9abcbb951a2121a1e1e251919b,,5,,2019-10-01,2019-10-07,186602,108590,Rob & GregBo,145.36,138.36,123.93,159.42,5,3,8.78,86.79,8,-42.466666666667,,186604,54774,Cambrias,152.04,134.77,2,9.19,12.133333333333,0,0,0,0,0,loss,completed,2
2019,4044058,30ae6000333a0a9a735bb302362842e0,,5,,2019-10-01,2019-10-07,186606,108588,Frank & Julian,126.14,112.14,116.26,119.14,8,10,7.62,94.12,4,-27.266666666667,,186603,54773,Ronnie,145.02,127.23,6,8.76,40.9,0,0,0,0,0,loss,completed,0
2019,4044028,a51cff9abcbb951a2121a1e1e251919b,,5,,2019-10-01,2019-10-07,186604,54774,Cambrias,152.04,150.04,134.77,150.04,2,4,9.19,100,1,12.133333333333,,186602,108590,Rob & GregBo,145.36,123.93,5,8.78,-42.466666666667,0,0,0,0,0,win,completed,2
2019,4044043,fb0b137a3ff6f14df4431dae3c23df37,,5,,2019-10-01,2019-10-07,186605,54846,Team JoeBa,84.92,84.92,127.8,99.02,12,12,5.13,85.76,9,0,,186601,108587,Pung & Tralie,120.62,131.21,9,7.29,54.6,0,0,0,0,0,loss,completed,0
2019,4044012,30ae6000333a0a9a735bb302362842e0,,5,,2019-10-01,2019-10-07,186603,54773,Ronnie,145.02,109.02,127.23,141.82,6,7,8.76,98.73,2,40.9,,186606,108588,Frank & Julian,126.14,116.26,8,7.62,-27.266666666667,0,0,0,0,0,win,completed,0
2019,4043920,45300713cceb62be3d2f51580364ac37,,5,,2019-10-01,2019-10-07,186597,108592,Chris & Dom,102.14,101.14,123.78,115.34,11,11,6.17,87.69,7,-3.0333333333333,,186598,108589,Phil Baldino,145.54,132.95,4,8.79,12.133333333333,0,0,0,0,0,loss,completed,0
2019,4043905,c707dde0d78e65908fad931913585fbe,,5,,2019-10-01,2019-10-07,186596,54762,Antdell & Ernie,147.36,143.36,130.82,194.36,3,2,8.9,73.76,12,9.1,,186599,54850,LFTLR,116.34,113.46,10,7.03,-6.0666666666667,0,0,0,0,0,win,completed,0
2019,4043890,4e1adcf159952ecd764c82b54949b16e,,5,,2019-10-01,2019-10-07,186595,108581,Richie,242.12,222.12,137.61,240.62,1,1,14.63,92.31,5,3.7833333333333,,186600,108584,Nolan & Vinny,127.62,119.81,7,7.71,-18.916666666667,0,0,0,0,0,win,completed,0
2019,4043936,45300713cceb62be3d2f51580364ac37,,5,,2019-10-01,2019-10-07,186598,108589,Phil Baldino,145.54,99.34,132.95,144.54,4,6,8.79,96.54,3,12.133333333333,,186597,108592,Chris & Dom,102.14,123.78,11,6.17,-3.0333333333333,0,0,0,0,0,win,completed,0
2019,4043937,395f7f3760a4703dec496fc2bc3a6a04,,6,,2019-10-08,2019-10-14,186598,108589,Phil Baldino,141.92,129.92,135.36,152.02,4,3,9.46,85.46,8,24.266666666667,,186606,108588,Frank & Julian,114.3,113.14,7,7.62,-30.333333333333,0,0,0,0,0,win,completed,0
2019,4043891,1d5af602c52eaec2e7059ebbe6ab86fe,,6,,2019-10-08,2019-10-14,186595,108581,Richie,103.32,102.32,134.99,109.22,10,11,6.89,93.68,6,-9.1,,186601,108587,Pung & Tralie,141.4,130.29,5,9.43,22.75,0,0,0,0,0,loss,completed,0
2019,4043906,8e6671a1eb98295519865a4c1d2d35cd,,6,,2019-10-08,2019-10-14,186596,54762,Antdell & Ernie,157.1,99.3,123.34,148.1,2,5,10.48,100,1,1.5,,186600,108584,Nolan & Vinny,90.5,114.15,12,6.03,0,0,0,0,0,0,win,completed,0
2019,4043921,c8ba417775919b8ef15cc4a6a1897cd7,,6,,2019-10-08,2019-10-14,186597,108592,Chris & Dom,165.3,158.3,131.65,158.3,1,2,11.02,100,2,0.75,,186599,54850,LFTLR,103.1,118.39,11,6.88,-0.75,0,0,0,0,0,win,completed,0
2019,4043982,1d5af602c52eaec2e7059ebbe6ab86fe,,6,,2019-10-08,2019-10-14,186601,108587,Pung & Tralie,141.4,133.4,130.29,142.3,5,8,9.43,93.75,5,22.75,,186595,108581,Richie,103.32,134.99,10,6.89,-9.1,0,0,0,0,0,win,completed,0
2019,4043967,8e6671a1eb98295519865a4c1d2d35cd,,6,,2019-10-08,2019-10-14,186600,108584,Nolan & Vinny,90.5,86.5,114.15,90.9,12,12,6.03,95.16,3,0,,186596,54762,Antdell & Ernie,157.1,123.34,2,10.48,1.5,0,0,0,0,0,loss,completed,0
2019,4043997,36cd27f1d4edcbef1b912243f251b8ef,,6,,2019-10-08,2019-10-14,186602,108590,Rob & GregBo,106.76,106.76,138.73,112.96,9,10,7.12,94.51,4,-18.2,,186605,54846,Team JoeBa,118.62,126.53,6,7.91,36.4,0,0,0,0,0,loss,completed,0
2019,4043952,c8ba417775919b8ef15cc4a6a1897cd7,,6,,2019-10-08,2019-10-14,186599,54850,LFTLR,103.1,105.1,118.39,123.4,11,9,6.88,83.55,9,-0.75,,186597,108592,Chris & Dom,165.3,131.65,1,11.02,0.75,0,0,0,0,0,loss,completed,0
2019,4044044,36cd27f1d4edcbef1b912243f251b8ef,,6,,2019-10-08,2019-10-14,186605,54846,Team JoeBa,118.62,113.62,126.53,145.52,6,6,7.91,78.08,11,36.4,,186602,108590,Rob & GregBo,106.76,138.73,9,7.12,-18.2,0,0,0,0,0,win,completed,0
2019,4044013,857af327c901b55cb576d2fc1edfcb39,,6,,2019-10-08,2019-10-14,186603,54773,Ronnie,143.84,135.84,131.53,148.64,3,4,9.59,91.39,7,13.65,,186604,54774,Cambrias,113.44,134.58,8,7.5600000000000005,-18.2,0,0,0,0,0,win,completed,0
2019,4044029,857af327c901b55cb576d2fc1edfcb39,,6,,2019-10-08,2019-10-14,186604,54774,Cambrias,113.44,113.44,134.58,168.84,8,1,7.5600000000000005,67.19,12,-18.2,,186603,54773,Ronnie,143.84,131.53,3,9.59,13.65,0,0,0,0,0,loss,completed,0
2019,4044059,395f7f3760a4703dec496fc2bc3a6a04,,6,,2019-10-08,2019-10-14,186606,108588,Frank & Julian,114.3,112.3,113.14,142.4,7,7,7.62,78.86,10,-30.333333333333,,186598,108589,Phil Baldino,141.92,135.36,4,9.46,24.266666666667,0,0,0,0,0,loss,completed,0
2019,4044030,5c5e2ffe4e0b3f89c5664a8260a45597,,7,,2019-10-15,2019-10-21,186604,54774,Cambrias,134.42,132.42,135.99,159.42,5,2,9.69,83.06,10,37.916666666667,,186606,108588,Frank & Julian,107.12,123.74,6,7.72,-45.5,0,0,0,0,0,win,completed,0
2019,4044045,27ac73bb96ccb16d9a37c3ccfa6d6079,,7,,2019-10-15,2019-10-21,186605,54846,Team JoeBa,173.16,155.16,121.53,156.36,1,3,12.48,99.23,1,0.75,,186603,54773,Ronnie,85.66,109.3,11,6.18,-0.75,0,0,0,0,0,win,completed,0
2019,4044060,5c5e2ffe4e0b3f89c5664a8260a45597,,7,,2019-10-15,2019-10-21,186606,108588,Frank & Julian,107.12,103.12,123.74,121.72,6,6,7.72,84.72,8,-45.5,,186604,54774,Cambrias,134.42,135.99,5,9.69,37.916666666667,0,0,0,0,0,loss,completed,0
2019,4044014,27ac73bb96ccb16d9a37c3ccfa6d6079,,7,,2019-10-15,2019-10-21,186603,54773,Ronnie,85.66,85.66,109.3,79.56,11,12,6.18,96.73,3,-0.75,,186605,54846,Team JoeBa,173.16,121.53,1,12.48,0.75,0,0,0,0,0,loss,completed,0
2019,4043907,a805de5b0c5a1b59b611230d27a200f4,,7,,2019-10-15,2019-10-21,186596,54762,Antdell & Ernie,101.58,94.58,121.58,107.98,7,9,7.32,87.59,7,-26.5,,186601,108587,Pung & Tralie,135.66,119.39,3,9.78,15.9,0,0,0,0,0,loss,completed,0
2019,4043892,4511c1b51be2b025ed36549504d87765,,7,,2019-10-15,2019-10-21,186595,108581,Richie,100.76,97.76,121.38,104.86,8,10,7.26,93.23,4,54.533333333333,,186602,108590,Rob & GregBo,96.44,132.38,10,6.95,-13.633333333333,0,0,0,0,0,win,completed,2
2019,4043938,108a93d6bc347ead81058efe5460719c,,7,,2019-10-15,2019-10-21,186598,108589,Phil Baldino,80.44,77.44,146.88,84.04,12,11,5.8,92.15,5,0,,186599,54850,LFTLR,139.34,116.59,2,10.05,1.5,0,0,0,0,0,loss,completed,0
2019,4043922,241ff8d84d0d900b4f68d9e82676c7b6,,7,,2019-10-15,2019-10-21,186597,108592,Chris & Dom,135.66,109.96,134.16,138.82,3,4,9.78,88.36,6,11.35,,186600,108584,Nolan & Vinny,96.84,118,9,6.98,-11.35,0,0,0,0,0,win,completed,0
2019,4043983,a805de5b0c5a1b59b611230d27a200f4,,7,,2019-10-15,2019-10-21,186601,108587,Pung & Tralie,135.66,132.66,119.39,165.06,3,1,9.78,80.37,11,15.9,,186596,54762,Antdell & Ernie,101.58,121.58,7,7.32,-26.5,0,0,0,0,0,win,completed,0
2019,4043998,4511c1b51be2b025ed36549504d87765,,7,,2019-10-15,2019-10-21,186602,108590,Rob & GregBo,96.44,93.44,132.38,119.06,10,7,6.95,78.48,12,-13.633333333333,,186595,108581,Richie,100.76,121.38,8,7.26,54.533333333333,0,0,0,0,0,loss,completed,2
2019,4043953,108a93d6bc347ead81058efe5460719c,,7,,2019-10-15,2019-10-21,186599,54850,LFTLR,139.34,131.34,116.59,134.64,2,5,10.05,97.55,2,1.5,,186598,108589,Phil Baldino,80.44,146.88,12,5.8,0,0,0,0,0,0,win,completed,0
2019,4043968,241ff8d84d0d900b4f68d9e82676c7b6,,7,,2019-10-15,2019-10-21,186600,108584,Nolan & Vinny,96.84,94.84,118,114.12,9,8,6.98,83.11,9,-11.35,,186597,108592,Chris & Dom,135.66,134.16,3,9.78,11.35,0,0,0,0,0,loss,completed,0
2019,4043999,ecd417d1ecd2aef3fc8167cc92c0bb80,,8,,2019-10-22,2019-10-28,186602,108590,Rob & GregBo,123.06,118.06,123.73,125.76,6,9,7.98,93.88,3,36.4,,186596,54762,Antdell & Ernie,113.36,127.16,9,7.35,-18.2,0,0,0,0,0,win,completed,1
2019,4043984,74fedc2b1a7d7540d73002a5d1f54d4d,,8,,2019-10-22,2019-10-28,186601,108587,Pung & Tralie,100.4,98.4,124.67,112.1,10,10,6.51,87.78,7,-6.0666666666667,,186597,108592,Chris & Dom,146.3,131.95,3,9.48,9.1,0,0,0,0,0,loss,completed,0
2019,4043954,bfe202cf79094738d073f0879187793d,,8,,2019-10-22,2019-10-28,186599,54850,LFTLR,92.98,84.5,124.5,135.26,11,7,6.03,68.74,12,-3.0333333333333,,186606,108588,Frank & Julian,145.66,123.09,4,9.44,12.133333333333,0,0,0,0,0,loss,completed,0
2019,4043969,b19ac17b830728505ffb30eb46bead17,,8,,2019-10-22,2019-10-28,186600,108584,Nolan & Vinny,77.68,74.18,131.24,107.08,12,11,5.04,68.81,11,0,,186598,108589,Phil Baldino,142.52,121.88,5,9.24,15.166666666667,0,0,0,0,0,loss,completed,0
2019,4044031,9972f3c3900400b881ac4f94d0aa23c3,,8,,2019-10-22,2019-10-28,186604,54774,Cambrias,192.26,172.26,117.19,172.26,1,1,12.46,100,1,7.5833333333333,,186605,54846,Team JoeBa,173.8,128.22,2,11.27,-75.833333333333,0,0,0,0,0,win,completed,2
2019,4044015,feb6da1644e5fe4683ef09fc6554f886,,8,,2019-10-22,2019-10-28,186603,54773,Ronnie,116.28,88.18,106.72,104.88,8,12,7.54,89.04,6,-30.333333333333,,186595,108581,Richie,118.42,126.09,7,7.68,53.083333333333,0,0,0,0,0,loss,completed,2
2019,4044061,bfe202cf79094738d073f0879187793d,,8,,2019-10-22,2019-10-28,186606,108588,Frank & Julian,145.66,138.66,123.09,160.76,4,3,9.44,86.25,8,12.133333333333,,186599,54850,LFTLR,92.98,124.5,11,6.03,-3.0333333333333,0,0,0,0,0,win,completed,0
2019,4044046,9972f3c3900400b881ac4f94d0aa23c3,,8,,2019-10-22,2019-10-28,186605,54846,Team JoeBa,173.8,161.8,128.22,162.8,2,2,11.27,99.39,2,-75.833333333333,,186604,54774,Cambrias,192.26,117.19,1,12.46,7.5833333333333,0,0,0,0,0,loss,completed,2
2019,4043908,ecd417d1ecd2aef3fc8167cc92c0bb80,,8,,2019-10-22,2019-10-28,186596,54762,Antdell & Ernie,113.36,108.36,127.16,129.14,9,8,7.35,83.91,9,-18.2,,186602,108590,Rob & GregBo,123.06,123.73,6,7.98,36.4,0,0,0,0,0,loss,completed,1
2019,4043893,feb6da1644e5fe4683ef09fc6554f886,,8,,2019-10-22,2019-10-28,186595,108581,Richie,118.42,111.42,126.09,145.32,7,5,7.68,76.67,10,53.083333333333,,186603,54773,Ronnie,116.28,106.72,8,7.54,-30.333333333333,0,0,0,0,0,win,completed,2
2019,4043939,b19ac17b830728505ffb30eb46bead17,,8,,2019-10-22,2019-10-28,186598,108589,Phil Baldino,142.52,132.52,121.88,141.62,5,6,9.24,93.57,4,15.166666666667,,186600,108584,Nolan & Vinny,77.68,131.24,12,5.04,0,0,0,0,0,0,win,completed,0
2019,4043923,74fedc2b1a7d7540d73002a5d1f54d4d,,8,,2019-10-22,2019-10-28,186597,108592,Chris & Dom,146.3,146.3,131.95,159.62,3,4,9.48,91.66,5,9.1,,186601,108587,Pung & Tralie,100.4,124.67,10,6.51,-6.0666666666667,0,0,0,0,0,win,completed,0
2019,4043909,893be0e6fd9409863e2a1374a80b7862,,9,,2019-10-29,2019-11-04,186596,54762,Antdell & Ernie,97.9,93.9,139.39,102.5,10,11,6.59,91.61,5,-10.6,,186603,54773,Ronnie,133.94,107.52,6,9.02,31.8,0,0,0,0,0,loss,completed,0
2019,4043924,7f11792c8dbb619fde8ce5bf951c0db1,,9,,2019-10-29,2019-11-04,186597,108592,Chris & Dom,133.96,127.96,116.8,128.16,5,5,9.02,99.84,2,26.5,,186602,108590,Rob & GregBo,104.36,116.93,9,7.02,-15.9,0,0,0,0,0,win,completed,0
2019,4043940,f823266b334e8cae51a877e0aa8a9a60,,9,,2019-10-29,2019-11-04,186598,108589,Phil Baldino,106.4,100.4,126.44,122.8,8,7,7.16,81.76,11,-21.2,,186601,108587,Pung & Tralie,147.38,121.93,4,9.92,21.2,0,0,0,0,0,loss,completed,0
2019,4043894,5bce87067a2ab4fe4d25aa7aff3654d0,,9,,2019-10-29,2019-11-04,186595,108581,Richie,178.38,142.08,129.76,163.38,1,3,12.01,100,1,0.75,,186604,54774,Cambrias,77.06,135.29,11,5.19,-0.75,0,0,0,0,0,win,completed,0
2019,4043955,be0d2d066048c559d83b6a709b114993,,9,,2019-10-29,2019-11-04,186599,54850,LFTLR,68.66,68.66,107.74,78.66,12,12,4.62,87.29,7,0,,186600,108584,Nolan & Vinny,165.42,115.55,2,11.13,1.5,0,0,0,0,0,loss,completed,0
2019,4044000,7f11792c8dbb619fde8ce5bf951c0db1,,9,,2019-10-29,2019-11-04,186602,108590,Rob & GregBo,104.36,98.36,116.93,102.56,9,10,7.02,95.9,3,-15.9,,186597,108592,Chris & Dom,133.96,116.8,5,9.02,26.5,0,0,0,0,0,loss,completed,0
2019,4043985,f823266b334e8cae51a877e0aa8a9a60,,9,,2019-10-29,2019-11-04,186601,108587,Pung & Tralie,147.38,139.38,121.93,153.48,4,4,9.92,90.81,6,21.2,,186598,108589,Phil Baldino,106.4,126.44,8,7.16,-21.2,0,0,0,0,0,win,completed,0
2019,4043970,be0d2d066048c559d83b6a709b114993,,9,,2019-10-29,2019-11-04,186600,108584,Nolan & Vinny,165.42,152.42,115.55,166.02,2,2,11.13,91.81,4,1.5,,186599,54850,LFTLR,68.66,107.74,12,4.62,0,0,0,0,0,0,win,completed,0
2019,4044032,5bce87067a2ab4fe4d25aa7aff3654d0,,9,,2019-10-29,2019-11-04,186604,54774,Cambrias,77.06,76.06,135.29,111.92,11,9,5.19,67.96,12,-0.75,,186595,108581,Richie,178.38,129.76,1,12.01,0.75,0,0,0,0,0,loss,completed,0
2019,4044062,d675f621528ecc022c2af9ef9f8d4319,,9,,2019-10-29,2019-11-04,186606,108588,Frank & Julian,113.94,108.94,129.53,126.14,7,6,7.67,86.36,8,-26.5,,186605,54846,Team JoeBa,158.34,129.53,3,10.66,15.9,0,0,0,0,0,loss,completed,0
2019,4044016,893be0e6fd9409863e2a1374a80b7862,,9,,2019-10-29,2019-11-04,186603,54773,Ronnie,133.94,117.94,107.52,120.74,6,8,9.02,85.84,9,31.8,,186596,54762,Antdell & Ernie,97.9,139.39,10,6.59,-10.6,0,0,0,0,0,win,completed,0
2019,4044047,d675f621528ecc022c2af9ef9f8d4319,,9,,2019-10-29,2019-11-04,186605,54846,Team JoeBa,158.34,152.34,129.53,183.86,3,1,10.66,82.86,10,15.9,,186606,108588,Frank & Julian,113.94,129.53,7,7.67,-26.5,0,0,0,0,0,win,completed,0
2019,4044033,5e543667132553c51681d5bd1c662519,,10,,2019-11-05,2019-11-11,186604,54774,Cambrias,152.22,142.22,145.49,143.22,2,3,9.94,99.3,5,10.6,,186596,54762,Antdell & Ernie,120.42,127.79,6,7.86,-31.8,0,0,0,0,0,win,completed,0
2019,4044063,7fa46d663900ac04fa605632bdb0eb75,,10,,2019-11-05,2019-11-11,186606,108588,Frank & Julian,120.4,91.9,128.85,117.4,7,7,7.86,100,4,31.85,,186600,108584,Nolan & Vinny,96.28,117.75,12,6.29,0,0,0,0,0,0,win,completed,0
2019,4044048,2b4acf379e9917aab0babd0d1024ba6e,,10,,2019-11-05,2019-11-11,186605,54846,Team JoeBa,118.02,114.02,119.57,117.12,10,8,7.71,97.35,7,-6.0666666666667,,186595,108581,Richie,143.98,119.79,3,9.4,9.1,0,0,0,0,0,loss,completed,0
2019,4044017,c4e15473345b1b16ddd94da44f3454f0,,10,,2019-11-05,2019-11-11,186603,54773,Ronnie,126.58,120.58,123.48,132.48,5,6,8.27,85.36,11,30.333333333333,,186597,108592,Chris & Dom,119.98,134.95,8,7.84,-24.266666666667,0,0,0,0,0,win,completed,1
2019,4043925,c4e15473345b1b16ddd94da44f3454f0,,10,,2019-11-05,2019-11-11,186597,108592,Chris & Dom,119.98,119.98,134.95,142.18,8,4,7.84,84.39,12,-24.266666666667,,186603,54773,Ronnie,126.58,123.48,5,8.27,30.333333333333,0,0,0,0,0,loss,completed,1
2019,4043895,2b4acf379e9917aab0babd0d1024ba6e,,10,,2019-11-05,2019-11-11,186595,108581,Richie,143.98,137.98,119.79,156.68,3,1,9.4,88.06,10,9.1,,186605,54846,Team JoeBa,118.02,119.57,10,7.71,-6.0666666666667,0,0,0,0,0,win,completed,0
2019,4043941,f8cdc1d7cf326d98b519819fbadb8972,,10,,2019-11-05,2019-11-11,186598,108589,Phil Baldino,118.94,101.54,121.85,110.02,9,10,7.77,97.2,8,-13.65,,186602,108590,Rob & GregBo,143.64,121.71,4,9.38,18.2,0,0,0,0,0,loss,completed,0
2019,4043910,5e543667132553c51681d5bd1c662519,,10,,2019-11-05,2019-11-11,186596,54762,Antdell & Ernie,120.42,102.02,127.79,113.42,6,9,7.86,100,1,-31.8,,186604,54774,Cambrias,152.22,145.49,2,9.94,10.6,0,0,0,0,0,loss,completed,0
2019,4043956,bf46d9608f72d69113a270fd95ee8f4b,,10,,2019-11-05,2019-11-11,186599,54850,LFTLR,153.24,125.14,109.76,154.24,1,2,10.01,97.41,6,0.75,,186601,108587,Pung & Tralie,117.56,125.99,11,7.68,-0.75,0,0,0,0,0,win,completed,0
2019,4043971,7fa46d663900ac04fa605632bdb0eb75,,10,,2019-11-05,2019-11-11,186600,108584,Nolan & Vinny,96.28,94.28,117.75,103.08,12,12,6.29,91.46,9,0,,186606,108588,Frank & Julian,120.4,128.85,7,7.86,31.85,0,0,0,0,0,loss,completed,0
2019,4044001,f8cdc1d7cf326d98b519819fbadb8972,,10,,2019-11-05,2019-11-11,186602,108590,Rob & GregBo,143.64,137.64,121.71,137.64,4,5,9.38,100,3,18.2,,186598,108589,Phil Baldino,118.94,121.85,9,7.77,-13.65,0,0,0,0,0,win,completed,0
2019,4043986,bf46d9608f72d69113a270fd95ee8f4b,,10,,2019-11-05,2019-11-11,186601,108587,Pung & Tralie,117.56,107.56,125.99,107.56,11,11,7.68,100,2,-0.75,,186599,54850,LFTLR,153.24,109.76,1,10.01,0.75,0,0,0,0,0,loss,completed,0
2019,4043987,408d39c526bd9d0e1d0b99a605267e11,,11,,2019-11-12,2019-11-18,186601,108587,Pung & Tralie,161.66,148.66,116.44,148.66,1,2,11.32,100,2,5.3,,186600,108584,Nolan & Vinny,124.42,118.99,5,8.71,-37.1,0,0,0,0,0,win,completed,1
2019,4043957,33b0b37969236bbb2c8097949ded7ee2,,11,,2019-11-12,2019-11-18,186599,54850,LFTLR,118.74,108.74,115.36,128.34,7,6,8.32,84.73,7,37.1,,186602,108590,Rob & GregBo,92.04,131.63,11,6.45,-5.3,0,0,0,0,0,win,completed,0
2019,4044002,33b0b37969236bbb2c8097949ded7ee2,,11,,2019-11-12,2019-11-18,186602,108590,Rob & GregBo,92.04,87.04,131.63,92.64,11,12,6.45,93.96,5,-5.3,,186599,54850,LFTLR,118.74,115.36,7,8.32,37.1,0,0,0,0,0,loss,completed,0
2019,4043972,408d39c526bd9d0e1d0b99a605267e11,,11,,2019-11-12,2019-11-18,186600,108584,Nolan & Vinny,124.42,109.02,118.99,121.42,5,7,8.71,100,1,-37.1,,186601,108587,Pung & Tralie,161.66,116.44,1,11.32,5.3,0,0,0,0,0,loss,completed,1
2019,4044034,ce4c4753bbfb2a9b6db6a15e3b02ee7c,,11,,2019-11-12,2019-11-18,186604,54774,Cambrias,139.08,121.78,133.84,157.48,3,1,9.74,81.97,10,9.1,,186597,108592,Chris & Dom,97.02,132.54,10,6.79,-6.0666666666667,0,0,0,0,0,win,completed,0
2019,4044049,f2f17df1190064f9ad9cc38307573385,,11,,2019-11-12,2019-11-18,186605,54846,Team JoeBa,105.68,93.78,118.89,103.68,9,10,7.4,100,3,-18.2,,186596,54762,Antdell & Ernie,120.12,126.61,6,8.41,36.4,0,0,0,0,0,loss,completed,0
2019,4044018,e4e689914f57d8354997ad0fbb2201c9,,11,,2019-11-12,2019-11-18,186603,54773,Ronnie,125.84,112.24,120.9,147.64,4,3,8.81,76.02,12,21.2,,186598,108589,Phil Baldino,109.1,139.93,8,7.64,-21.2,0,0,0,0,0,win,completed,0
2019,4044064,e235a2e84a406dbefec3c4e91287adde,,11,,2019-11-12,2019-11-18,186606,108588,Frank & Julian,83.96,81.16,117.72,98.16,12,11,5.88,84.52,8,0,,186595,108581,Richie,150.16,126.6,2,10.52,1.5,0,0,0,0,0,loss,completed,0
2019,4043926,ce4c4753bbfb2a9b6db6a15e3b02ee7c,,11,,2019-11-12,2019-11-18,186597,108592,Chris & Dom,97.02,87.02,132.54,111.12,10,9,6.79,78.31,11,-6.0666666666667,,186604,54774,Cambrias,139.08,133.84,3,9.74,9.1,0,0,0,0,0,loss,completed,0
2019,4043942,e4e689914f57d8354997ad0fbb2201c9,,11,,2019-11-12,2019-11-18,186598,108589,Phil Baldino,109.1,105.1,139.93,120.9,8,8,7.64,86.93,6,-21.2,,186603,54773,Ronnie,125.84,120.9,4,8.81,21.2,0,0,0,0,0,loss,completed,0
2019,4043896,e235a2e84a406dbefec3c4e91287adde,,11,,2019-11-12,2019-11-18,186595,108581,Richie,150.16,142.16,126.6,142.36,2,4,10.52,99.16,4,1.5,,186606,108588,Frank & Julian,83.96,117.72,12,5.88,0,0,0,0,0,0,win,completed,0
2019,4043911,f2f17df1190064f9ad9cc38307573385,,11,,2019-11-12,2019-11-18,186596,54762,Antdell & Ernie,120.12,113.12,126.61,134.12,6,5,8.41,84.34,9,36.4,,186605,54846,Team JoeBa,105.68,118.89,9,7.4,-18.2,0,0,0,0,0,win,completed,0
2019,4043912,b749884f14393af97a7de1df95d3234f,,12,,2019-11-19,2019-11-25,186596,54762,Antdell & Ernie,150.02,137.02,121.53,150.32,1,1,10.45,91.15,7,2.2666666666667,,186595,108581,Richie,113.28,131.28,9,7.89,-6.8,0,0,0,0,0,win,completed,0
2019,4043897,b749884f14393af97a7de1df95d3234f,,12,,2019-11-19,2019-11-25,186595,108581,Richie,113.28,109.28,131.28,133.28,9,6,7.89,81.99,12,-6.8,,186596,54762,Antdell & Ernie,150.02,121.53,1,10.45,2.2666666666667,0,0,0,0,0,loss,completed,0
2019,4043927,34566505fb262e5142d44612345ba729,,12,,2019-11-19,2019-11-25,186597,108592,Chris & Dom,123.04,113.04,126.4,122.94,6,7,8.57,91.95,6,40.9,,186605,54846,Team JoeBa,116.48,124.96,8,8.11,-27.266666666667,0,0,0,0,0,win,completed,1
2019,4043943,da7602482b41bc72b758ced0560e87e8,,12,,2019-11-19,2019-11-25,186598,108589,Phil Baldino,125.42,115.42,121.17,116.52,5,8,8.74,99.06,3,-42.466666666667,,186604,54774,Cambrias,144.36,137.18,2,10.05,12.133333333333,0,0,0,0,0,loss,completed,1
2019,4043973,b8301d47c532d7ac79ed82e46df44d8b,,12,,2019-11-19,2019-11-25,186600,108584,Nolan & Vinny,95.1,84.6,121.4,97.1,11,11,6.62,95.88,4,83.416666666667,,186602,108590,Rob & GregBo,70.84,115.22,12,4.93,0,0,0,0,0,0,win,completed,0
2019,4043958,fe4fd226fae4363c2609debf6c4f82de,,12,,2019-11-19,2019-11-25,186599,54850,LFTLR,134.4,130.4,120.59,143.1,3,4,9.36,91.13,8,22.75,,186603,54773,Ronnie,131.24,132.94,4,9.14,-60.666666666667,0,0,0,0,0,win,completed,3
2019,4043988,f352d6dda2dd8efb875cee3da3fd598e,,12,,2019-11-19,2019-11-25,186601,108587,Pung & Tralie,110.96,96.76,118.96,103.96,10,10,7.73,100,1,-12.133333333333,,186606,108588,Frank & Julian,120.62,116.54,7,8.4,42.466666666667,0,0,0,0,0,loss,completed,1
2019,4044003,b8301d47c532d7ac79ed82e46df44d8b,,12,,2019-11-19,2019-11-25,186602,108590,Rob & GregBo,70.84,69.84,115.22,83.1,12,12,4.93,82.84,11,0,,186600,108584,Nolan & Vinny,95.1,121.4,11,6.62,83.416666666667,0,0,0,0,0,loss,completed,0
2019,4044019,fe4fd226fae4363c2609debf6c4f82de,,12,,2019-11-19,2019-11-25,186603,54773,Ronnie,131.24,130.24,132.94,144.64,4,2,9.14,90.04,9,-60.666666666667,,186599,54850,LFTLR,134.4,120.59,3,9.36,22.75,0,0,0,0,0,loss,completed,3
2019,4044050,34566505fb262e5142d44612345ba729,,12,,2019-11-19,2019-11-25,186605,54846,Team JoeBa,116.48,115.48,124.96,135.56,8,5,8.11,85.19,10,-27.266666666667,,186597,108592,Chris & Dom,123.04,126.4,6,8.57,40.9,0,0,0,0,0,loss,completed,1
2019,4044035,da7602482b41bc72b758ced0560e87e8,,12,,2019-11-19,2019-11-25,186604,54774,Cambrias,144.36,134.36,137.18,144.56,2,3,10.05,92.94,5,12.133333333333,,186598,108589,Phil Baldino,125.42,121.17,5,8.74,-42.466666666667,0,0,0,0,0,win,completed,1
2019,4044065,f352d6dda2dd8efb875cee3da3fd598e,,12,,2019-11-19,2019-11-25,186606,108588,Frank & Julian,120.62,112.62,116.54,112.62,7,9,8.4,100,2,42.466666666667,,186601,108587,Pung & Tralie,110.96,118.96,10,7.73,-12.133333333333,0,0,0,0,0,win,completed,1
2019,4044036,cb51c9148eb7cb9e46904f064f5f5a53,,13,,2019-11-26,2019-12-02,186604,54774,Cambrias,134.2,132.2,142.5,169.7,2,2,9.63,77.9,9,13.633333333333,,186599,54850,LFTLR,132.94,120.34,4,9.54,-54.533333333333,0,0,0,0,0,win,completed,3
2019,4044051,3f256919ebbe8159eaa105ac154b5c45,,13,,2019-11-26,2019-12-02,186605,54846,Team JoeBa,132.16,120.16,130.35,130.16,5,8,9.49,92.32,2,-37.1,,186598,108589,Phil Baldino,163.8,137.45,1,11.76,5.3,0,0,0,0,0,loss,completed,1
2019,4044020,0a6dfdac849faa9858cbce6588210acb,,13,,2019-11-26,2019-12-02,186603,54773,Ronnie,100.18,96.18,123.22,121.38,10,9,7.19,79.24,8,-10.6,,186600,108584,Nolan & Vinny,118.9,126.84,6,8.53,31.8,0,0,0,0,0,loss,completed,0
2019,4043913,42111a994d695380773c90548ca72fc8,,13,,2019-11-26,2019-12-02,186596,54762,Antdell & Ernie,75.32,75.32,130.71,83.82,12,12,5.41,89.86,3,0,,186606,108588,Frank & Julian,133.66,117.78,3,9.59,4.55,0,0,0,0,0,loss,completed,0
2019,4043928,1ef7da6ffaa5ecda1d69a5ca8aa88152,,13,,2019-11-26,2019-12-02,186597,108592,Chris & Dom,106.66,93.26,138.72,114.6,7,11,7.66,89.58,4,53.083333333333,,186595,108581,Richie,105,136.09,8,7.54,-30.333333333333,0,0,0,0,0,win,completed,2
2019,4043898,1ef7da6ffaa5ecda1d69a5ca8aa88152,,13,,2019-11-26,2019-12-02,186595,108581,Richie,105,101,136.09,118.9,8,10,7.54,84.95,6,-30.333333333333,,186597,108592,Chris & Dom,106.66,138.72,7,7.66,53.083333333333,0,0,0,0,0,loss,completed,2
2019,4043944,3f256919ebbe8159eaa105ac154b5c45,,13,,2019-11-26,2019-12-02,186598,108589,Phil Baldino,163.8,156.8,137.45,178,1,1,11.76,88.09,5,5.3,,186605,54846,Team JoeBa,132.16,130.35,5,9.49,-37.1,0,0,0,0,0,win,completed,1
2019,4044066,42111a994d695380773c90548ca72fc8,,13,,2019-11-26,2019-12-02,186606,108588,Frank & Julian,133.66,127.66,117.78,154.66,3,4,9.59,82.54,7,4.55,,186596,54762,Antdell & Ernie,75.32,130.71,12,5.41,0,0,0,0,0,0,win,completed,0
2019,4043989,98d38574750d914eb86dc3dd73e3ff28,,13,,2019-11-26,2019-12-02,186601,108587,Pung & Tralie,89.34,89.34,118.68,130.76,11,7,6.41,68.32,11,-6.8166666666667,,186602,108590,Rob & GregBo,101,105.88,9,7.25,61.35,0,0,0,0,0,loss,completed,0
2019,4043959,cb51c9148eb7cb9e46904f064f5f5a53,,13,,2019-11-26,2019-12-02,186599,54850,LFTLR,132.94,129.94,120.34,134.94,4,5,9.54,96.29,1,-54.533333333333,,186604,54774,Cambrias,134.2,142.5,2,9.63,13.633333333333,0,0,0,0,0,loss,completed,3
2019,4044004,98d38574750d914eb86dc3dd73e3ff28,,13,,2019-11-26,2019-12-02,186602,108590,Rob & GregBo,101,95,105.88,134.4,9,6,7.25,70.68,10,61.35,,186601,108587,Pung & Tralie,89.34,118.68,11,6.41,-6.8166666666667,0,0,0,0,0,win,completed,0
2019,4043974,0a6dfdac849faa9858cbce6588210acb,,13,,2019-11-26,2019-12-02,186600,108584,Nolan & Vinny,118.9,113.9,126.84,168.46,6,3,8.53,67.61,12,31.8,,186603,54773,Ronnie,100.18,123.22,10,7.19,-10.6,0,0,0,0,0,win,completed,0
2019,4044005,091ab238cb738c6a6b29b60def04a652,,14,,2019-12-03,2019-12-09,186602,108590,Rob & GregBo,119.1,97.4,130.04,139.4,5,2,12.31,82.57,5,30.333333333333,,186600,108584,Nolan & Vinny,97.7,118.86,8,10.09,-24.266666666667,0,1,0,0,0,win,completed,0
2019,4043975,091ab238cb738c6a6b29b60def04a652,,14,,2019-12-03,2019-12-09,186600,108584,Nolan & Vinny,97.7,97.7,118.86,123.52,8,7,10.09,79.1,7,-24.266666666667,,186602,108590,Rob & GregBo,119.1,130.04,5,12.31,30.333333333333,0,1,0,0,0,loss,completed,0
2019,4043960,e1f6c68480068090e2dff3042c2ab07f,,14,,2019-12-03,2019-12-09,186599,54850,LFTLR,102.94,99.94,96.64,131.04,7,5,10.64,76.27,8,-26.5,,186606,108588,Frank & Julian,127.18,129.04,3,13.14,15.9,0,1,0,0,0,loss,completed,0
2019,4043914,60242be51182230b2cfc4eef64b40178,,14,,2019-12-03,2019-12-09,186596,54762,Antdell & Ernie,142.54,117.44,130.71,135.94,2,3,14.73,96.76,2,-75.833333333333,,186597,108592,Chris & Dom,147.06,137.43,1,15.19,7.5833333333333,1,0,0,0,0,loss,completed,5
2019,4043929,60242be51182230b2cfc4eef64b40178,,14,,2019-12-03,2019-12-09,186597,108592,Chris & Dom,147.06,126.26,137.43,158.06,1,1,15.19,86.08,4,7.5833333333333,,186596,54762,Antdell & Ernie,142.54,130.71,2,14.73,-75.833333333333,1,0,0,0,0,win,completed,5
2019,4043945,f22802f5aadff27834e76b3c3c3a746a,,14,,2019-12-03,2019-12-09,186598,108589,Phil Baldino,105.62,100.62,129.55,127.16,6,6,10.91,79.13,6,-40.9,,186603,54773,Ronnie,125.72,124.81,4,12.99,27.266666666667,1,0,0,0,0,loss,completed,1
2019,4044021,f22802f5aadff27834e76b3c3c3a746a,,14,,2019-12-03,2019-12-09,186603,54773,Ronnie,125.72,117.72,124.81,120.72,4,8,12.99,97.51,1,27.266666666667,,186598,108589,Phil Baldino,105.62,129.55,6,10.91,-40.9,1,0,0,0,0,win,completed,1
2019,4044067,e1f6c68480068090e2dff3042c2ab07f,,14,,2019-12-03,2019-12-09,186606,108588,Frank & Julian,127.18,121.18,129.04,134.18,3,4,13.14,90.31,3,15.9,,186599,54850,LFTLR,102.94,96.64,7,10.64,-26.5,0,1,0,0,0,win,completed,0
2019,4044068,30f2faddd9a834ec56b45bf72f5d0121,,15,,2019-12-10,2019-12-16,186606,108588,Frank & Julian,131.72,124.72,129.84,129.72,7,10,8.01,96.15,4,-30.333333333333,,186605,54846,Team JoeBa,142.12,121.57,4,8.64,24.266666666667,0,1,0,0,0,loss,completed,0
2019,4043930,c594586f2958ac996c314d246d85b5c8,,15,,2019-12-10,2019-12-16,186597,108592,Chris & Dom,126.88,73.78,133.37,140.28,8,6,7.71,82.61,11,-12.133333333333,,186604,54774,Cambrias,191.38,138.28,1,11.63,3.0333333333333,1,0,0,0,0,loss,completed,1
2019,4043899,2f3d4d8b70e021e361985149289d0d20,,15,,2019-12-10,2019-12-16,186595,108581,Richie,144.28,137.28,132.48,158.56,3,3,8.77,86.58,9,6.8,,186603,54773,Ronnie,117.08,121.94,11,7.12,-2.2666666666667,1,0,0,0,0,win,completed,1
2019,4043915,c8c2c19eec065e222a7cec503d4250c2,,15,,2019-12-10,2019-12-16,186596,54762,Antdell & Ernie,122.22,111.22,130.51,112.42,9,12,7.43,98.93,1,-9.1,,186598,108589,Phil Baldino,162.3,136.85,2,9.87,6.0666666666667,1,0,0,0,0,loss,completed,1
2019,4043990,daa7a2f42a069f7d816763295d563ee9,,15,,2019-12-10,2019-12-16,186601,108587,Pung & Tralie,137.26,130.26,120.24,141.46,5,5,8.34,92.08,7,22.75,,186602,108590,Rob & GregBo,121.54,120.64,10,7.39,-9.1,0,1,0,0,0,win,completed,0
2019,4043976,2e3dcf78a875f4522e01987ac486c632,,15,,2019-12-10,2019-12-16,186600,108584,Nolan & Vinny,133.24,127.24,116.24,137.84,6,8,8.1,92.31,6,22.7,,186599,54850,LFTLR,115.06,113.72,12,6.99,0,0,1,0,0,0,win,completed,0
2019,4043961,2e3dcf78a875f4522e01987ac486c632,,15,,2019-12-10,2019-12-16,186599,54850,LFTLR,115.06,112.06,113.72,138.76,12,7,6.99,80.76,12,0,,186600,108584,Nolan & Vinny,133.24,116.24,6,8.1,22.7,0,1,0,0,0,loss,completed,0
2019,4043946,c8c2c19eec065e222a7cec503d4250c2,,15,,2019-12-10,2019-12-16,186598,108589,Phil Baldino,162.3,137.3,136.85,160.2,2,2,9.87,96.32,3,6.0666666666667,,186596,54762,Antdell & Ernie,122.22,130.51,9,7.43,-9.1,1,0,0,0,0,win,completed,1
2019,4044052,30f2faddd9a834ec56b45bf72f5d0121,,15,,2019-12-10,2019-12-16,186605,54846,Team JoeBa,142.12,136.12,121.57,141.58,4,4,8.64,96.14,5,24.266666666667,,186606,108588,Frank & Julian,131.72,129.84,7,8.01,-30.333333333333,0,1,0,0,0,win,completed,0
2019,4044037,c594586f2958ac996c314d246d85b5c8,,15,,2019-12-10,2019-12-16,186604,54774,Cambrias,191.38,182.38,138.28,188.58,1,1,11.63,96.71,2,3.0333333333333,,186597,108592,Chris & Dom,126.88,133.37,8,7.71,-12.133333333333,1,0,0,0,0,win,completed,1
2019,4044006,daa7a2f42a069f7d816763295d563ee9,,15,,2019-12-10,2019-12-16,186602,108590,Rob & GregBo,121.54,115.54,120.64,136.74,10,9,7.39,84.5,10,-9.1,,186601,108587,Pung & Tralie,137.26,120.24,5,8.34,22.75,0,1,0,0,0,loss,completed,0
2019,4044022,2f3d4d8b70e021e361985149289d0d20,,15,,2019-12-10,2019-12-16,186603,54773,Ronnie,117.08,114.08,121.94,129.3,11,11,7.12,88.23,8,-2.2666666666667,,186595,108581,Richie,144.28,132.48,3,8.77,6.8,1,0,0,0,0,loss,completed,1
2019,4044053,df2da510d0cab8738b5ce4a8f8d95a4e,,16,,2019-12-17,2019-12-23,186605,54846,Team JoeBa,102.64,95.64,107.39,123.14,7,7,9.82,77.67,6,-34.083333333333,,186601,108587,Pung & Tralie,111.28,119.1,5,10.65,34.083333333333,0,1,0,0,0,loss,completed,1
2019,4044038,caa10a2e17fa2461a2fadf08fbe198d1,,16,,2019-12-17,2019-12-23,186604,54774,Cambrias,156.72,91.9,144.12,155.32,3,4,15,95.11,2,22.75,,186595,108581,Richie,139.7,141.41,4,13.37,-60.666666666667,1,0,1,0,0,win,completed,3
2019,4044023,ed148c618d152b053081577ae56173ee,,16,,2019-12-17,2019-12-23,186603,54773,Ronnie,111.26,103.26,124.18,128.46,6,6,10.65,80.38,5,-31.8,,186597,108592,Chris & Dom,160.26,131.95,2,15.34,10.6,1,0,0,0,0,loss,completed,1
2019,4044007,3ca20e0e949ade297780b7a89349ca58,,16,,2019-12-17,2019-12-23,186602,108590,Rob & GregBo,99.76,97.76,116.28,113.36,8,8,9.55,86.24,4,-12.133333333333,,186606,108588,Frank & Julian,163.36,135.92,1,15.63,3.0333333333333,0,1,0,0,0,loss,completed,0
2019,4044069,3ca20e0e949ade297780b7a89349ca58,,16,,2019-12-17,2019-12-23,186606,108588,Frank & Julian,163.36,151.3,135.92,160.36,1,3,15.63,99.38,1,3.0333333333333,,186602,108590,Rob & GregBo,99.76,116.28,8,9.55,-12.133333333333,0,1,0,0,0,win,completed,0
2019,4043991,df2da510d0cab8738b5ce4a8f8d95a4e,,16,,2019-12-17,2019-12-23,186601,108587,Pung & Tralie,111.28,99.28,119.1,129.78,5,5,10.65,76.5,7,34.083333333333,,186605,54846,Team JoeBa,102.64,107.39,7,9.82,-34.083333333333,0,1,0,0,0,win,completed,1
2019,4043931,ed148c618d152b053081577ae56173ee,,16,,2019-12-17,2019-12-23,186597,108592,Chris & Dom,160.26,150.26,131.95,162.66,2,2,15.34,92.38,3,10.6,,186603,54773,Ronnie,111.26,124.18,6,10.65,-31.8,1,0,0,0,0,win,completed,1
2019,4043900,caa10a2e17fa2461a2fadf08fbe198d1,,16,,2019-12-17,2019-12-23,186595,108581,Richie,139.7,137.7,141.41,182.66,4,1,13.37,75.39,8,-60.666666666667,,186604,54774,Cambrias,156.72,144.12,3,15,22.75,1,0,1,0,0,loss,completed,3
2020,4043855,2712e11213640a0afea22584fb8eb304,,1,,2020-09-10,2020-09-14,186593,54846,Team JoeBa,120.9,100,139.19,148.76,8,5,7.78,75.89,11,54.533333333333,,186585,108592,Chris & Dom,104.74,137.27,10,6.74,-13.633333333333,0,0,0,0,0,win,completed,0
2020,4043840,54bf7d3a1580e1ca745415f051cb56db,,1,,2020-09-10,2020-09-14,186592,54774,Cambrias,139.86,129.56,131.82,154.36,5,3,9,89.31,9,-47.716666666667,,186586,108589,Phil Baldino,159.6,136.11,3,10.27,20.45,0,0,0,0,0,loss,completed,1
2020,4043825,cc8acb64f9996245637e4ec1f2e1f495,,1,,2020-09-10,2020-09-14,186591,54773,Ronnie,160.2,152.2,140.04,152.2,2,4,10.31,100,1,1.5,,186587,54850,LFTLR,82.12,139.43,12,5.29,0,0,0,0,0,0,win,completed,0
2020,4043870,bce5e4f747da96e1ecf7b9ebfc2452fe,,1,,2020-09-10,2020-09-14,186594,108588,Frank & Julian,140.78,135.78,130.21,143.38,4,6,9.06,94.7,3,27.266666666667,,186589,108587,Pung & Tralie,135.84,135.75,6,8.74,-40.9,0,0,0,0,0,win,completed,2
2020,4043749,54bf7d3a1580e1ca745415f051cb56db,,1,,2020-09-10,2020-09-14,186586,108589,Phil Baldino,159.6,157.6,136.11,163.9,3,2,10.27,96.16,2,20.45,,186592,54774,Cambrias,139.86,131.82,5,9,-47.716666666667,0,0,0,0,0,win,completed,1
2020,4043734,2712e11213640a0afea22584fb8eb304,,1,,2020-09-10,2020-09-14,186585,108592,Chris & Dom,104.74,102.74,137.27,136.34,10,8,6.74,75.36,12,-13.633333333333,,186593,54846,Team JoeBa,120.9,139.19,8,7.78,54.533333333333,0,0,0,0,0,loss,completed,0
2020,4043718,7d0cbf4d372719cbea197017393bbe0c,,1,,2020-09-10,2020-09-14,186584,54762,Antdell & Ernie,115.58,113.58,135.09,125.68,9,10,7.44,90.37,7,-20.45,,186583,108581,Richie,129.76,133.93,7,8.35,47.716666666667,0,0,0,0,0,loss,completed,0
2020,4043702,7d0cbf4d372719cbea197017393bbe0c,,1,,2020-09-10,2020-09-14,186583,108581,Richie,129.76,122.76,133.93,131.56,7,9,8.35,93.31,5,47.716666666667,,186584,54762,Antdell & Ernie,115.58,135.09,9,7.44,-20.45,0,0,0,0,0,win,completed,0
2020,4043780,95b6e6cc4c1934fd6dd086f971873cd3,,1,,2020-09-10,2020-09-14,186588,108584,Nolan & Vinny,167.78,131.68,137.11,173.18,1,1,10.8,92.26,6,0.75,,186590,108590,Rob & GregBo,96.4,126.34,11,6.21,-0.75,0,0,0,0,0,win,completed,0
2020,4043764,cc8acb64f9996245637e4ec1f2e1f495,,1,,2020-09-10,2020-09-14,186587,54850,LFTLR,82.12,75.02,139.43,103,12,11,5.29,77.79,10,0,,186591,54773,Ronnie,160.2,140.04,2,10.31,1.5,0,0,0,0,0,loss,completed,0
2020,4043810,95b6e6cc4c1934fd6dd086f971873cd3,,1,,2020-09-10,2020-09-14,186590,108590,Rob & GregBo,96.4,93.4,126.34,99.2,11,12,6.21,94.15,4,-0.75,,186588,108584,Nolan & Vinny,167.78,137.11,1,10.8,0.75,0,0,0,0,0,loss,completed,0
2020,4043795,bce5e4f747da96e1ecf7b9ebfc2452fe,,1,,2020-09-10,2020-09-14,186589,108587,Pung & Tralie,135.84,128.84,135.75,143.16,6,7,8.74,90,8,-40.9,,186594,108588,Frank & Julian,140.78,130.21,4,9.06,27.266666666667,0,0,0,0,0,loss,completed,2
2020,4043781,74c180dbe8473df227308073ef1f31e3,,2,,2020-09-15,2020-09-21,186588,108584,Nolan & Vinny,173.52,135.22,146.11,175.92,2,2,10.32,91.81,5,-75.833333333333,,186591,54773,Ronnie,184.66,138.3,1,10.98,7.5833333333333,0,0,0,0,0,loss,completed,2
2020,4043765,1c757851bf1b47f319cbe7f13e6202d4,,2,,2020-09-15,2020-09-21,186587,54850,LFTLR,101.1,101.1,126.37,125.28,12,9,6.01,80.7,12,0,,186592,54774,Cambrias,115.18,138.42,9,6.85,54.6,0,0,0,0,0,loss,completed,0
2020,4043811,f5a52cfb8e2522a4d4559b27b38dd433,,2,,2020-09-15,2020-09-21,186590,108590,Rob & GregBo,160.82,147.82,136,166.72,3,4,9.56,88.66,8,13.65,,186589,108587,Pung & Tralie,125.58,134.77,8,7.47,-18.2,0,0,0,0,0,win,completed,0
2020,4043796,f5a52cfb8e2522a4d4559b27b38dd433,,2,,2020-09-15,2020-09-21,186589,108587,Pung & Tralie,125.58,102.98,134.77,139.08,8,7,7.47,85.26,10,-18.2,,186590,108590,Rob & GregBo,160.82,136,3,9.56,13.65,0,0,0,0,0,loss,completed,0
2020,4043841,1c757851bf1b47f319cbe7f13e6202d4,,2,,2020-09-15,2020-09-21,186592,54774,Cambrias,115.18,93.08,138.42,123.38,9,11,6.85,90.92,6,54.6,,186587,54850,LFTLR,101.1,126.37,12,6.01,0,0,0,0,0,0,win,completed,0
2020,4043826,74c180dbe8473df227308073ef1f31e3,,2,,2020-09-15,2020-09-21,186591,54773,Ronnie,184.66,175.66,138.3,198.78,1,1,10.98,88.37,9,7.5833333333333,,186588,108584,Nolan & Vinny,173.52,146.11,2,10.32,-75.833333333333,0,0,0,0,0,win,completed,2
2020,4043871,6b9ec8846483a6fb2972fcfe7cbad9e0,,2,,2020-09-15,2020-09-21,186594,108588,Frank & Julian,128,101.4,119.53,123.5,7,10,7.61,89.07,7,42.466666666667,,186584,54762,Antdell & Ernie,114.26,138.9,10,6.79,-12.133333333333,0,0,0,0,0,win,completed,0
2020,4043856,4e8a5d5169aa46c96d2e1a7f10076398,,2,,2020-09-15,2020-09-21,186593,54846,Team JoeBa,150.04,112.74,120.81,143.14,6,6,8.92,95.04,2,-45.5,,186586,108589,Phil Baldino,158.24,140.66,5,9.41,37.916666666667,0,0,0,0,0,loss,completed,1
2020,4043703,89586c2d99cc092b5610c986a7fd4d94,,2,,2020-09-15,2020-09-21,186583,108581,Richie,110.24,103.24,132.23,112.44,11,12,6.55,91.82,4,-3.0333333333333,,186585,108592,Chris & Dom,160.5,134.11,4,9.54,12.133333333333,0,0,0,0,0,loss,completed,0
2020,4043750,4e8a5d5169aa46c96d2e1a7f10076398,,2,,2020-09-15,2020-09-21,186586,108589,Phil Baldino,158.24,154.24,140.66,166.74,5,3,9.41,92.5,3,37.916666666667,,186593,54846,Team JoeBa,150.04,120.81,6,8.92,-45.5,0,0,0,0,0,win,completed,1
2020,4043735,89586c2d99cc092b5610c986a7fd4d94,,2,,2020-09-15,2020-09-21,186585,108592,Chris & Dom,160.5,157.5,134.11,160.6,4,5,9.54,98.07,1,12.133333333333,,186583,108581,Richie,110.24,132.23,11,6.55,-3.0333333333333,0,0,0,0,0,win,completed,0
2020,4043719,6b9ec8846483a6fb2972fcfe7cbad9e0,,2,,2020-09-15,2020-09-21,186584,54762,Antdell & Ernie,114.26,110.26,138.9,131.56,10,8,6.79,83.81,11,-12.133333333333,,186594,108588,Frank & Julian,128,119.53,7,7.61,42.466666666667,0,0,0,0,0,loss,completed,0
2020,4043704,0705c8e152fbb922515f277890c08d72,,3,,2020-09-22,2020-09-28,186583,108581,Richie,105.58,99.48,133.31,120.68,10,9,6.43,84.17,9,-7.5666666666667,,186586,108589,Phil Baldino,150.2,152.29,4,9.15,15.133333333333,0,0,0,0,0,loss,completed,0
2020,4043736,bafc979e56de3c739a88e931fe713f4a,,3,,2020-09-22,2020-09-28,186585,108592,Chris & Dom,130.38,114.38,131.15,121.78,6,8,7.9399999999999995,93.92,5,-36.4,,186584,54762,Antdell & Ernie,162.2,131.91,3,9.88,18.2,0,0,0,0,0,loss,completed,0
2020,4043751,0705c8e152fbb922515f277890c08d72,,3,,2020-09-22,2020-09-28,186586,108589,Phil Baldino,150.2,145.2,152.29,145.2,4,5,9.15,100,1,15.133333333333,,186583,108581,Richie,105.58,133.31,10,6.43,-7.5666666666667,0,0,0,0,0,win,completed,0
2020,4043720,bafc979e56de3c739a88e931fe713f4a,,3,,2020-09-22,2020-09-28,186584,54762,Antdell & Ernie,162.2,127.9,131.91,170.7,3,3,9.88,92.68,6,18.2,,186585,108592,Chris & Dom,130.38,131.15,6,7.9399999999999995,-36.4,0,0,0,0,0,win,completed,0
2020,4043797,2374823ff8ee9fb585cbc3aab0945e44,,3,,2020-09-22,2020-09-28,186589,108587,Pung & Tralie,189.4,178.4,131.81,178.4,2,2,11.54,100,2,12.133333333333,,186591,54773,Ronnie,136.48,146.39,5,8.32,-42.466666666667,0,0,0,0,0,win,completed,1
2020,4043812,82f30c668adf0a4c7652cd3515ebac4e,,3,,2020-09-22,2020-09-28,186590,108590,Rob & GregBo,95.42,83.42,133.73,124.94,12,7,5.8100000000000005,73.97,12,0,,186594,108588,Frank & Julian,130.04,128.42,7,7.92,31.85,0,0,0,0,0,loss,completed,0
2020,4043782,dfee3a43f9656d4e974ac9dc1a0ed859,,3,,2020-09-22,2020-09-28,186588,108584,Nolan & Vinny,215.5,183.9,150.18,212.1,1,1,13.13,91.7,7,3.0333333333333,,186592,54774,Cambrias,120.78,133.91,8,7.36,-12.133333333333,0,0,0,0,0,win,completed,0
2020,4043766,19e4d35b102f61a2bfa47842185c9a00,,3,,2020-09-22,2020-09-28,186587,54850,LFTLR,96.78,94.78,130.4,118.16,11,11,5.9,80.21,11,-6.8166666666667,,186593,54846,Team JoeBa,108.5,117.26,9,6.61,61.35,0,0,0,0,0,loss,completed,0
2020,4043872,82f30c668adf0a4c7652cd3515ebac4e,,3,,2020-09-22,2020-09-28,186594,108588,Frank & Julian,130.04,122.04,128.42,140.14,7,6,7.92,87.08,8,31.85,,186590,108590,Rob & GregBo,95.42,133.73,12,5.8100000000000005,0,0,0,0,0,0,win,completed,0
2020,4043842,dfee3a43f9656d4e974ac9dc1a0ed859,,3,,2020-09-22,2020-09-28,186592,54774,Cambrias,120.78,113.78,133.91,119.58,8,10,7.36,95.15,4,-12.133333333333,,186588,108584,Nolan & Vinny,215.5,150.18,1,13.13,3.0333333333333,0,0,0,0,0,loss,completed,0
2020,4043857,19e4d35b102f61a2bfa47842185c9a00,,3,,2020-09-22,2020-09-28,186593,54846,Team JoeBa,108.5,106.5,117.26,106.5,9,12,6.61,100,3,61.35,,186587,54850,LFTLR,96.78,130.4,11,5.9,-6.8166666666667,0,0,0,0,0,win,completed,0
2020,4043827,2374823ff8ee9fb585cbc3aab0945e44,,3,,2020-09-22,2020-09-28,186591,54773,Ronnie,136.48,135.48,146.39,164.24,5,4,8.32,82.49,10,-42.466666666667,,186589,108587,Pung & Tralie,189.4,131.81,2,11.54,12.133333333333,0,0,0,0,0,loss,completed,1
2020,4043828,a4e0996ae6aafab3f99ccc67461b4571,,4,,2020-09-29,2020-10-05,186591,54773,Ronnie,149.02,141.02,149.51,148.92,3,4,9.4,94.7,3,6.8,,186590,108590,Rob & GregBo,118.2,121.96,11,7.46,-2.2666666666667,0,0,0,0,0,win,completed,0
2020,4043873,a7a6a1bd4c3643d021987c1928d7ccd2,,4,,2020-09-29,2020-10-05,186594,108588,Frank & Julian,126.62,121.62,139.81,140.82,6,5,7.99,86.37,10,36.4,,186585,108592,Chris & Dom,122.28,134.39,9,7.71,-18.2,0,0,0,0,0,win,completed,2
2020,4043858,c404d676c9abbbbbca4248fd2703db0f,,4,,2020-09-29,2020-10-05,186593,54846,Team JoeBa,125.92,103.12,115.85,127.12,7,8,7.9399999999999995,92.76,5,53.083333333333,,186588,108584,Nolan & Vinny,122.7,151.99,8,7.74,-30.333333333333,0,0,0,0,0,win,completed,2
2020,4043843,3da94e4043525aab23742278f81f17a6,,4,,2020-09-29,2020-10-05,186592,54774,Cambrias,122.26,112.26,128.63,118.36,10,11,7.71,94.85,1,-7.5666666666667,,186589,108587,Pung & Tralie,148.84,138.58,4,9.39,15.133333333333,0,0,0,0,0,loss,completed,0
2020,4043737,a7a6a1bd4c3643d021987c1928d7ccd2,,4,,2020-09-29,2020-10-05,186585,108592,Chris & Dom,122.28,111.28,134.39,126.28,9,9,7.71,88.12,8,-18.2,,186594,108588,Frank & Julian,126.62,139.81,6,7.99,36.4,0,0,0,0,0,loss,completed,2
2020,4043705,ee52b264e893333918e58bbbb620c162,,4,,2020-09-29,2020-10-05,186583,108581,Richie,95.4,95.4,135.18,115.8,12,12,6.02,82.38,12,0,,186587,54850,LFTLR,170.7,133.16,1,10.77,0,0,0,0,0,0,loss,completed,0
2020,4043752,c6891415f76950afcd6675fae7f725f0,,4,,2020-09-29,2020-10-05,186586,108589,Phil Baldino,130.6,120.6,148.03,136.1,5,7,8.24,88.61,6,-42.466666666667,,186584,54762,Antdell & Ernie,152.64,137.94,2,9.63,12.133333333333,0,0,0,0,0,loss,completed,1
2020,4043721,c6891415f76950afcd6675fae7f725f0,,4,,2020-09-29,2020-10-05,186584,54762,Antdell & Ernie,152.64,144.64,137.94,163.94,2,2,9.63,88.23,7,12.133333333333,,186586,108589,Phil Baldino,130.6,148.03,5,8.24,-42.466666666667,0,0,0,0,0,win,completed,1
2020,4043798,3da94e4043525aab23742278f81f17a6,,4,,2020-09-29,2020-10-05,186589,108587,Pung & Tralie,148.84,140.84,138.58,150.68,4,3,9.39,93.47,4,15.133333333333,,186592,54774,Cambrias,122.26,128.63,10,7.71,-7.5666666666667,0,0,0,0,0,win,completed,0
2020,4043783,c404d676c9abbbbbca4248fd2703db0f,,4,,2020-09-29,2020-10-05,186588,108584,Nolan & Vinny,122.7,117.7,151.99,140.6,8,6,7.74,83.71,11,-30.333333333333,,186593,54846,Team JoeBa,125.92,115.85,7,7.9399999999999995,53.083333333333,0,0,0,0,0,loss,completed,2
2020,4043813,a4e0996ae6aafab3f99ccc67461b4571,,4,,2020-09-29,2020-10-05,186590,108590,Rob & GregBo,118.2,105.3,121.96,123.7,11,10,7.46,94.75,2,-2.2666666666667,,186591,54773,Ronnie,149.02,149.51,3,9.4,6.8,0,0,0,0,0,loss,completed,0
2020,4043767,ee52b264e893333918e58bbbb620c162,,4,,2020-09-29,2020-10-05,186587,54850,LFTLR,170.7,162.7,133.16,185,1,1,10.77,87.95,9,0,,186583,108581,Richie,95.4,135.18,12,6.02,0,0,0,0,0,0,win,completed,0
2020,4043768,b85155061b5413a145329f83c855cc03,,5,,2020-10-06,2020-10-13,186587,54850,LFTLR,115.56,64.7,132.43,118.56,9,11,7.71,89.04,6,68.25,,186584,54762,Antdell & Ernie,103.44,130.11,10,6.9,-15.166666666667,0,0,0,0,0,win,completed,0
2020,4043814,3c97d7bf150a91163996829940110f3c,,5,,2020-10-06,2020-10-13,186590,108590,Rob & GregBo,76.94,62.64,131.77,101.48,12,12,5.13,75.82,12,0,,186592,54774,Cambrias,116.62,127.23,8,7.78,42.4,0,0,0,0,0,loss,completed,0
2020,4043799,d5a9aec3437b5073759c446a582a593c,,5,,2020-10-06,2020-10-13,186589,108587,Pung & Tralie,141,108.3,131.84,150.2,4,5,9.41,91.21,5,12.133333333333,,186593,54846,Team JoeBa,100.9,116.72,11,6.73,-3.0333333333333,0,0,0,0,0,win,completed,0
2020,4043784,3a11aba83b7d10de77348dd97d644cb4,,5,,2020-10-06,2020-10-13,186588,108584,Nolan & Vinny,156.58,149.58,155.16,152.48,1,4,10.45,98.1,1,4.55,,186583,108581,Richie,126.36,125.86,6,8.43,-27.3,0,0,0,0,0,win,completed,0
2020,4043859,d5a9aec3437b5073759c446a582a593c,,5,,2020-10-06,2020-10-13,186593,54846,Team JoeBa,100.9,99.9,116.72,118.84,11,10,6.73,84.06,9,-3.0333333333333,,186589,108587,Pung & Tralie,141,131.84,4,9.41,12.133333333333,0,0,0,0,0,loss,completed,0
2020,4043829,618102f0502270e4938b989ccbc94649,,5,,2020-10-06,2020-10-13,186591,54773,Ronnie,153.3,149.3,128.2,160.16,3,2,10.23,93.22,4,20.45,,186594,108588,Frank & Julian,135.52,125.22,5,9.04,-47.716666666667,0,0,0,0,0,win,completed,1
2020,4043844,3c97d7bf150a91163996829940110f3c,,5,,2020-10-06,2020-10-13,186592,54774,Cambrias,116.62,111.62,127.23,118.92,8,9,7.78,93.86,3,42.4,,186590,108590,Rob & GregBo,76.94,131.77,12,5.13,0,0,0,0,0,0,win,completed,0
2020,4043874,618102f0502270e4938b989ccbc94649,,5,,2020-10-06,2020-10-13,186594,108588,Frank & Julian,135.52,88.7,125.22,148.42,5,6,9.04,88.61,7,-47.716666666667,,186591,54773,Ronnie,153.3,128.2,3,10.23,20.45,0,0,0,0,0,loss,completed,1
2020,4043753,198f969cddcff31e3a6a93c593915b33,,5,,2020-10-06,2020-10-13,186586,108589,Phil Baldino,154.2,151.2,142.79,177,2,1,10.29,85.42,8,9.1,,186585,108592,Chris & Dom,118.04,122.52,7,7.88,-22.75,0,0,0,0,0,win,completed,0
2020,4043738,198f969cddcff31e3a6a93c593915b33,,5,,2020-10-06,2020-10-13,186585,108592,Chris & Dom,118.04,120.04,122.52,153.6,7,3,7.88,78.15,10,-22.75,,186586,108589,Phil Baldino,154.2,142.79,2,10.29,9.1,0,0,0,0,0,loss,completed,0
2020,4043706,3a11aba83b7d10de77348dd97d644cb4,,5,,2020-10-06,2020-10-13,186583,108581,Richie,126.36,114.36,125.86,120.26,6,8,8.43,95.09,2,-27.3,,186588,108584,Nolan & Vinny,156.58,155.16,1,10.45,4.55,0,0,0,0,0,loss,completed,0
2020,4043722,b85155061b5413a145329f83c855cc03,,5,,2020-10-06,2020-10-13,186584,54762,Antdell & Ernie,103.44,97.44,130.11,126.84,10,7,6.9,76.82,11,-15.166666666667,,186587,54850,LFTLR,115.56,132.43,9,7.71,68.25,0,0,0,0,0,loss,completed,0
2020,4043754,e070e23dac2095f38691380add1dc98f,,6,,2020-10-14,2020-10-19,186586,108589,Phil Baldino,170.32,148.82,147.42,159.32,1,1,11.82,100,1,1.5166666666667,,186594,108588,Frank & Julian,86.68,135.29,10,6.02,-3.0333333333333,0,0,0,0,0,win,completed,0
2020,4043723,9ddbdce1f741e0117bfc11c1b53cbe4e,,6,,2020-10-14,2020-10-19,186584,54762,Antdell & Ernie,152.62,122.72,131.99,144.72,3,4,10.59,98.55,5,15.9,,186588,108584,Nolan & Vinny,104.36,119.14,7,7.24,-26.5,0,0,0,0,0,win,completed,0
2020,4043707,03a85fce928c2c2e186d0aec684da5ec,,6,,2020-10-14,2020-10-19,186583,108581,Richie,85.78,82.78,129.1,111.98,11,6,5.95,73.92,11,-3.7833333333333,,186589,108587,Pung & Tralie,138.3,126.1,5,9.6,18.916666666667,0,0,0,0,0,loss,completed,0
2020,4043739,6a7855479dbd4e84a879855675a3f358,,6,,2020-10-14,2020-10-19,186585,108592,Chris & Dom,157.04,135.2,131.21,157.24,2,2,10.9,95.55,7,10.6,,186587,54850,LFTLR,123.9,125.02,6,8.6,-31.8,0,0,0,0,0,win,completed,0
2020,4043785,9ddbdce1f741e0117bfc11c1b53cbe4e,,6,,2020-10-14,2020-10-19,186588,108584,Nolan & Vinny,104.36,93.44,119.14,97.34,7,11,7.24,95.99,6,-26.5,,186584,54762,Antdell & Ernie,152.62,131.99,3,10.59,15.9,0,0,0,0,0,loss,completed,0
2020,4043815,46f7107a8bded09b161b731d2cc84411,,6,,2020-10-14,2020-10-19,186590,108590,Rob & GregBo,148.54,121.14,130.1,153.64,4,3,10.31,87.57,9,18.2,,186593,54846,Team JoeBa,95.32,116.09,9,6.62,-13.65,0,0,0,0,0,win,completed,0
2020,4043769,6a7855479dbd4e84a879855675a3f358,,6,,2020-10-14,2020-10-19,186587,54850,LFTLR,123.9,109.9,125.02,109.9,6,7,8.6,100,2,-31.8,,186585,108592,Chris & Dom,157.04,131.21,2,10.9,10.6,0,0,0,0,0,loss,completed,0
2020,4043800,03a85fce928c2c2e186d0aec684da5ec,,6,,2020-10-14,2020-10-19,186589,108587,Pung & Tralie,138.3,133.3,126.1,143.9,5,5,9.6,92.63,8,18.916666666667,,186583,108581,Richie,85.78,129.1,11,5.95,-3.7833333333333,0,0,0,0,0,win,completed,0
2020,4043860,46f7107a8bded09b161b731d2cc84411,,6,,2020-10-14,2020-10-19,186593,54846,Team JoeBa,95.32,89.32,116.09,90.32,9,12,6.62,98.89,4,-13.65,,186590,108590,Rob & GregBo,148.54,130.1,4,10.31,18.2,0,0,0,0,0,loss,completed,0
2020,4043845,04c88b759fd5a6a83ee86f10ec01962d,,6,,2020-10-14,2020-10-19,186592,54774,Cambrias,76.64,71.64,135.12,98.64,12,10,5.32,72.63,12,0,,186591,54773,Ronnie,101.24,123.96,8,7.03,42.4,0,0,0,0,0,loss,completed,0
2020,4043875,e070e23dac2095f38691380add1dc98f,,6,,2020-10-14,2020-10-19,186594,108588,Frank & Julian,86.68,82.68,135.29,104.98,10,8,6.02,78.76,10,-3.0333333333333,,186586,108589,Phil Baldino,170.32,147.42,1,11.82,1.5166666666667,0,0,0,0,0,loss,completed,0
2020,4043830,04c88b759fd5a6a83ee86f10ec01962d,,6,,2020-10-14,2020-10-19,186591,54773,Ronnie,101.24,98.84,123.96,98.84,8,9,7.03,100,3,42.4,,186592,54774,Cambrias,76.64,135.12,12,5.32,0,0,0,0,0,0,win,completed,0
2020,4043876,ee3aeacb68d7f567e791e98c64d8f9aa,,7,,2020-10-20,2020-10-26,186594,108588,Frank & Julian,117.88,117.88,122.12,118.28,7,9,7.85,99.66,4,-37.916666666667,,186592,54774,Cambrias,122.18,127.63,6,8.13,45.5,0,0,0,0,0,loss,completed,2
2020,4043861,103b6073a50628e5ef3ac43edaa3ae37,,7,,2020-10-20,2020-10-26,186593,54846,Team JoeBa,98.56,92.56,91.54,92.56,11,12,6.5600000000000005,100,3,-7.5833333333333,,186591,54773,Ronnie,106.8,119.27,10,7.11,75.833333333333,0,0,0,0,0,loss,completed,1
2020,4043846,ee3aeacb68d7f567e791e98c64d8f9aa,,7,,2020-10-20,2020-10-26,186592,54774,Cambrias,122.18,114.18,127.63,143.88,6,3,8.13,79.36,11,45.5,,186594,108588,Frank & Julian,117.88,122.12,7,7.85,-37.916666666667,0,0,0,0,0,win,completed,2
2020,4043831,103b6073a50628e5ef3ac43edaa3ae37,,7,,2020-10-20,2020-10-26,186591,54773,Ronnie,106.8,100.5,119.27,102.8,10,11,7.11,100,2,75.833333333333,,186593,54846,Team JoeBa,98.56,91.54,11,6.5600000000000005,-7.5833333333333,0,0,0,0,0,win,completed,1
2020,4043724,5720b78ed5f3d75a79e7553658f0c8b5,,7,,2020-10-20,2020-10-26,186584,54762,Antdell & Ernie,114.4,112.5,131.64,138.32,9,5,7.62,80.54,10,-9.1,,186589,108587,Pung & Tralie,173,134.76,2,11.52,6.0666666666667,0,0,0,0,0,loss,completed,0
2020,4043708,57717991acb51f3028680f92287d0729,,7,,2020-10-20,2020-10-26,186583,108581,Richie,122.42,115.42,124.7,134.62,5,6,8.15,85.74,7,30.333333333333,,186590,108590,Rob & GregBo,116.82,128.81,8,7.78,-24.266666666667,0,0,0,0,0,win,completed,1
2020,4043740,72408d01ada146a08e99609b8b5735c5,,7,,2020-10-20,2020-10-26,186585,108592,Chris & Dom,123.48,116.48,121.33,132.78,4,7,8.22,87.72,5,-48.533333333333,,186588,108584,Nolan & Vinny,177.42,149.74,1,11.81,6.0666666666667,0,0,0,0,0,loss,completed,1
2020,4043755,179d6c59b99b3d9d4422593f531d89d1,,7,,2020-10-20,2020-10-26,186586,108589,Phil Baldino,135.5,123.4,148.06,128.5,3,8,9.02,100,1,4.55,,186587,54850,LFTLR,93.66,111.21,12,6.24,0,0,0,0,0,0,win,completed,0
2020,4043801,5720b78ed5f3d75a79e7553658f0c8b5,,7,,2020-10-20,2020-10-26,186589,108587,Pung & Tralie,173,168,134.76,196.26,2,1,11.52,85.6,9,6.0666666666667,,186584,54762,Antdell & Ernie,114.4,131.64,9,7.62,-9.1,0,0,0,0,0,win,completed,0
2020,4043786,72408d01ada146a08e99609b8b5735c5,,7,,2020-10-20,2020-10-26,186588,108584,Nolan & Vinny,177.42,165.42,149.74,190.82,1,2,11.81,86.69,6,6.0666666666667,,186585,108592,Chris & Dom,123.48,121.33,4,8.22,-48.533333333333,0,0,0,0,0,win,completed,1
2020,4043816,57717991acb51f3028680f92287d0729,,7,,2020-10-20,2020-10-26,186590,108590,Rob & GregBo,116.82,110.82,128.81,141.36,8,4,7.78,78.4,12,-24.266666666667,,186583,108581,Richie,122.42,124.7,5,8.15,30.333333333333,0,0,0,0,0,loss,completed,1
2020,4043770,179d6c59b99b3d9d4422593f531d89d1,,7,,2020-10-20,2020-10-26,186587,54850,LFTLR,93.66,89.66,111.21,104.66,12,10,6.24,85.67,8,0,,186586,108589,Phil Baldino,135.5,148.06,3,9.02,4.55,0,0,0,0,0,loss,completed,0
2020,4043787,d9049f20b93a7b1d4926c86b4cae482b,,8,,2020-10-27,2020-11-02,186588,108584,Nolan & Vinny,135.04,123.04,135.17,131.54,3,4,9.97,93.54,5,22.75,,186586,108589,Phil Baldino,133.76,134.02,4,9.88,-60.666666666667,0,0,0,0,0,win,completed,3
2020,4043802,20d024362300bb29dc0d5a079ccf9e2c,,8,,2020-10-27,2020-11-02,186589,108587,Pung & Tralie,160.34,147.34,145.27,148.84,2,2,11.84,98.99,2,12.133333333333,,186585,108592,Chris & Dom,113.2,130.77,5,8.36,-42.466666666667,0,0,0,0,0,win,completed,1
2020,4043771,406ad2c384b65525ff14df4bde6b00f9,,8,,2020-10-27,2020-11-02,186587,54850,LFTLR,86.16,65.16,109.45,102.56,11,10,6.36,84.01,8,-5.3,,186594,108588,Frank & Julian,99.76,126.69,7,7.37,37.1,0,0,0,0,0,loss,completed,0
2020,4043817,95a67375e21b782eecd61a1c6c3295de,,8,,2020-10-27,2020-11-02,186590,108590,Rob & GregBo,97.74,94.74,125.15,115.04,8,8,7.22,82.35,9,-27.266666666667,,186584,54762,Antdell & Ernie,111.44,123.57,6,8.23,40.9,0,0,0,0,0,loss,completed,0
2020,4043877,406ad2c384b65525ff14df4bde6b00f9,,8,,2020-10-27,2020-11-02,186594,108588,Frank & Julian,99.76,95.76,126.69,101.36,7,11,7.37,94.48,4,37.1,,186587,54850,LFTLR,86.16,109.45,11,6.36,-5.3,0,0,0,0,0,win,completed,0
2020,4043847,bb70e1acc34b32d9602cd00bde0a3ab0,,8,,2020-10-27,2020-11-02,186592,54774,Cambrias,93.46,89.46,128.42,110.42,10,9,6.9,81.02,11,68.166666666667,,186593,54846,Team JoeBa,62.22,98.35,12,4.6,0,0,0,0,0,0,win,completed,0
2020,4043862,bb70e1acc34b32d9602cd00bde0a3ab0,,8,,2020-10-27,2020-11-02,186593,54846,Team JoeBa,62.22,58.22,98.35,58.22,12,12,4.6,100,1,0,,186592,54774,Cambrias,93.46,128.42,10,6.9,68.166666666667,0,0,0,0,0,loss,completed,0
2020,4043832,e70e5fa84e662e6c055933fe28595a4d,,8,,2020-10-27,2020-11-02,186591,54773,Ronnie,165.52,156.52,138.3,165.32,1,1,12.22,94.68,3,2.2666666666667,,186583,108581,Richie,95.38,115.16,9,7.04,-6.8,0,0,0,0,0,win,completed,0
2020,4043725,95a67375e21b782eecd61a1c6c3295de,,8,,2020-10-27,2020-11-02,186584,54762,Antdell & Ernie,111.44,104.44,123.57,128.14,6,5,8.23,81.5,10,40.9,,186590,108590,Rob & GregBo,97.74,125.15,8,7.22,-27.266666666667,0,0,0,0,0,win,completed,0
2020,4043756,d9049f20b93a7b1d4926c86b4cae482b,,8,,2020-10-27,2020-11-02,186586,108589,Phil Baldino,133.76,129.76,134.02,142.66,4,3,9.88,90.96,7,-60.666666666667,,186588,108584,Nolan & Vinny,135.04,135.17,3,9.97,22.75,0,0,0,0,0,loss,completed,3
2020,4043741,20d024362300bb29dc0d5a079ccf9e2c,,8,,2020-10-27,2020-11-02,186585,108592,Chris & Dom,113.2,108.2,130.77,118.1,5,7,8.36,91.62,6,-42.466666666667,,186589,108587,Pung & Tralie,160.34,145.27,2,11.84,12.133333333333,0,0,0,0,0,loss,completed,1
2020,4043709,e70e5fa84e662e6c055933fe28595a4d,,8,,2020-10-27,2020-11-02,186583,108581,Richie,95.38,90.38,115.16,119.38,9,6,7.04,75.71,12,-6.8,,186591,54773,Ronnie,165.52,138.3,1,12.22,2.2666666666667,0,0,0,0,0,loss,completed,0
2020,4043710,d68f91a856f72bcb5ba86025a3f8dc33,,9,,2020-11-03,2020-11-09,186583,108581,Richie,92.74,83.74,112.82,97.74,9,10,6.52,87.72,7,61.35,,186592,54774,Cambrias,78.86,114.55,11,5.54,-6.8166666666667,0,0,0,0,0,win,completed,0
2020,4043726,2bee173ccab1fcc3f6e9e44179f83439,,9,,2020-11-03,2020-11-09,186584,54762,Antdell & Ernie,133.6,118.6,141.35,145.1,5,4,9.39,81.74,9,-53.083333333333,,186591,54773,Ronnie,139.6,138.88,4,9.81,30.333333333333,0,0,0,0,0,loss,completed,2
2020,4043757,982de78128067deeb86bcddd49b93520,,9,,2020-11-03,2020-11-09,186586,108589,Phil Baldino,159.12,146.12,131.9,149.52,2,3,11.19,97.73,2,-75.833333333333,,186589,108587,Pung & Tralie,172.78,141.38,1,12.15,7.5833333333333,0,0,0,0,0,loss,completed,2
2020,4043742,a58660579120a30db1ae63ad00261397,,9,,2020-11-03,2020-11-09,186585,108592,Chris & Dom,116.08,104.08,129.72,104.08,6,8,8.16,100,1,45.5,,186590,108590,Rob & GregBo,110.16,123.75,7,7.74,-37.916666666667,0,0,0,0,0,win,completed,1
2020,4043788,5ce96ec8092191e57e94c0311b109b17,,9,,2020-11-03,2020-11-09,186588,108584,Nolan & Vinny,89.7,59.6,146.21,116.5,10,7,6.31,69.27,11,68.166666666667,,186587,54850,LFTLR,72.24,91.71,12,5.08,0,0,0,0,0,0,win,completed,0
2020,4043803,982de78128067deeb86bcddd49b93520,,9,,2020-11-03,2020-11-09,186589,108587,Pung & Tralie,172.78,163.38,141.38,180.18,1,1,12.15,90.68,5,7.5833333333333,,186586,108589,Phil Baldino,159.12,131.9,2,11.19,-75.833333333333,0,0,0,0,0,win,completed,2
2020,4043772,5ce96ec8092191e57e94c0311b109b17,,9,,2020-11-03,2020-11-09,186587,54850,LFTLR,72.24,62.24,91.71,76.36,12,12,5.08,81.51,10,0,,186588,108584,Nolan & Vinny,89.7,146.21,10,6.31,68.166666666667,0,0,0,0,0,loss,completed,0
2020,4043818,a58660579120a30db1ae63ad00261397,,9,,2020-11-03,2020-11-09,186590,108590,Rob & GregBo,110.16,97.16,123.75,118.7,7,6,7.74,81.85,8,-37.916666666667,,186585,108592,Chris & Dom,116.08,129.72,6,8.16,45.5,0,0,0,0,0,loss,completed,1
2020,4043878,bcf63b614956a0bbf047eb29163dc865,,9,,2020-11-03,2020-11-09,186594,108588,Frank & Julian,157.4,147.7,123.82,167,3,2,11.07,90.06,6,13.65,,186593,54846,Team JoeBa,100.14,127.26,8,7.04,-18.2,0,0,0,0,0,win,completed,0
2020,4043863,bcf63b614956a0bbf047eb29163dc865,,9,,2020-11-03,2020-11-09,186593,54846,Team JoeBa,100.14,98.14,127.26,101.64,8,9,7.04,96.56,4,-18.2,,186594,108588,Frank & Julian,157.4,123.82,3,11.07,13.65,0,0,0,0,0,loss,completed,0
2020,4043848,d68f91a856f72bcb5ba86025a3f8dc33,,9,,2020-11-03,2020-11-09,186592,54774,Cambrias,78.86,78.86,114.55,95.54,11,11,5.54,68.83,12,-6.8166666666667,,186583,108581,Richie,92.74,112.82,9,6.52,61.35,0,0,0,0,0,loss,completed,0
2020,4043833,2bee173ccab1fcc3f6e9e44179f83439,,9,,2020-11-03,2020-11-09,186591,54773,Ronnie,139.6,135.6,138.88,139.6,4,5,9.81,97.13,3,30.333333333333,,186584,54762,Antdell & Ernie,133.6,141.35,5,9.39,-53.083333333333,0,0,0,0,0,win,completed,2
2020,4043834,6cfafdc03910b66d838a02a7b159fa93,,10,,2020-11-10,2020-11-16,186591,54773,Ronnie,125.36,121.36,146.52,127.66,3,4,9.55,95.07,5,6.8,,186585,108592,Chris & Dom,87.74,139.25,11,6.68,-2.2666666666667,0,0,0,0,0,win,completed,0
2020,4043849,1d3ae6ed3f0a8bdb3239c64c04634be9,,10,,2020-11-10,2020-11-16,186592,54774,Cambrias,142.08,112.8,125.28,155.34,2,1,10.82,85.16,7,9.1,,186584,54762,Antdell & Ernie,103.4,130.42,7,7.88,-22.75,0,0,0,0,0,win,completed,0
2020,4043819,5cea5b3487fbd6959af274a35c63b24a,,10,,2020-11-10,2020-11-16,186590,108590,Rob & GregBo,88.46,84.46,117.32,124.44,10,7,6.74,67.87,12,-10.6,,186586,108589,Phil Baldino,104.9,110.27,6,7.99,31.8,0,0,0,0,0,loss,completed,0
2020,4043864,91426dd26b25405dc1ad6f11054e6dc2,,10,,2020-11-10,2020-11-16,186593,54846,Team JoeBa,92.52,91.52,113.42,98.12,9,12,7.05,93.27,6,-6.8,,186583,108581,Richie,151.42,115.34,1,11.54,2.2666666666667,0,0,0,0,0,loss,completed,0
2020,4043789,70eacb42ce20cebfb2ec05916e213bad,,10,,2020-11-10,2020-11-16,186588,108584,Nolan & Vinny,124.52,121.52,140.28,150.48,4,2,9.49,80.75,8,21.2,,186594,108588,Frank & Julian,92.66,119.86,8,7.06,-21.2,0,0,0,0,0,win,completed,0
2020,4043804,fcea5ea28a6b7e49ccdb764f29aec8f4,,10,,2020-11-10,2020-11-16,186589,108587,Pung & Tralie,119.28,119.28,135.7,125.04,5,6,9.09,95.39,4,15.166666666667,,186587,54850,LFTLR,80.22,108.14,12,6.11,0,0,0,0,0,0,win,completed,0
2020,4043773,fcea5ea28a6b7e49ccdb764f29aec8f4,,10,,2020-11-10,2020-11-16,186587,54850,LFTLR,80.22,78.22,108.14,100.02,12,10,6.11,78.2,9,0,,186589,108587,Pung & Tralie,119.28,135.7,5,9.09,15.166666666667,0,0,0,0,0,loss,completed,0
2020,4043727,1d3ae6ed3f0a8bdb3239c64c04634be9,,10,,2020-11-10,2020-11-16,186584,54762,Antdell & Ernie,103.4,96.4,130.42,101,7,9,7.88,95.45,3,-22.75,,186592,54774,Cambrias,142.08,125.28,2,10.82,9.1,0,0,0,0,0,loss,completed,0
2020,4043743,6cfafdc03910b66d838a02a7b159fa93,,10,,2020-11-10,2020-11-16,186585,108592,Chris & Dom,87.74,84.74,139.25,122.04,11,8,6.68,69.44,11,-2.2666666666667,,186591,54773,Ronnie,125.36,146.52,3,9.55,6.8,0,0,0,0,0,loss,completed,0
2020,4043758,5cea5b3487fbd6959af274a35c63b24a,,10,,2020-11-10,2020-11-16,186586,108589,Phil Baldino,104.9,99.9,110.27,99.9,6,11,7.99,100,1,31.8,,186590,108590,Rob & GregBo,88.46,117.32,10,6.74,-10.6,0,0,0,0,0,win,completed,0
2020,4043711,91426dd26b25405dc1ad6f11054e6dc2,,10,,2020-11-10,2020-11-16,186583,108581,Richie,151.42,142.42,115.34,145.92,1,3,11.54,97.6,2,2.2666666666667,,186593,54846,Team JoeBa,92.52,113.42,9,7.05,-6.8,0,0,0,0,0,win,completed,0
2020,4043879,70eacb42ce20cebfb2ec05916e213bad,,10,,2020-11-10,2020-11-16,186594,108588,Frank & Julian,92.66,88.66,119.86,126.36,8,5,7.06,70.16,10,-21.2,,186588,108584,Nolan & Vinny,124.52,140.28,4,9.49,21.2,0,0,0,0,0,loss,completed,0
2020,4043880,600cd8bf811203e04e4526afacf79887,,11,,2020-11-17,2020-11-23,186594,108588,Frank & Julian,126.76,88.4,118.95,120.86,5,6,8.49,99.09,2,-42.466666666667,,186583,108581,Richie,153.08,119,2,10.26,12.133333333333,0,0,0,0,0,loss,completed,1
2020,4043805,1593a66919f9c7435e6c168a900e349c,,11,,2020-11-17,2020-11-23,186589,108587,Pung & Tralie,153.02,138.62,149.76,155.72,3,4,10.25,95.7,4,11.35,,186588,108584,Nolan & Vinny,111.48,149.3,9,7.47,-11.35,0,0,0,0,0,win,completed,0
2020,4043790,1593a66919f9c7435e6c168a900e349c,,11,,2020-11-17,2020-11-23,186588,108584,Nolan & Vinny,111.48,107.48,149.3,116.86,9,9,7.47,91.97,7,-11.35,,186589,108587,Pung & Tralie,153.02,149.76,3,10.25,11.35,0,0,0,0,0,loss,completed,0
2020,4043774,30bfe5185239f65046a1417f3e36f1c7,,11,,2020-11-17,2020-11-23,186587,54850,LFTLR,123.56,117.56,113,117.56,6,7,8.28,100,1,22.7,,186590,108590,Rob & GregBo,82.28,124.85,12,5.51,0,0,0,0,0,0,win,completed,0
2020,4043865,3352bf9aa6d6ddfadbc0e0e671b57a50,,11,,2020-11-17,2020-11-23,186593,54846,Team JoeBa,82.9,63.6,109.31,94.6,11,12,5.55,85.52,9,-5.3,,186584,54762,Antdell & Ernie,122.84,124.58,7,8.23,37.1,0,0,0,0,0,loss,completed,0
2020,4043820,30bfe5185239f65046a1417f3e36f1c7,,11,,2020-11-17,2020-11-23,186590,108590,Rob & GregBo,82.28,67.88,124.85,116.88,12,8,5.51,68.69,12,0,,186587,54850,LFTLR,123.56,113,6,8.28,22.7,0,0,0,0,0,loss,completed,0
2020,4043835,d61c138cced2e829164948c4de94566b,,11,,2020-11-17,2020-11-23,186591,54773,Ronnie,118.34,113.34,137.28,136.54,8,5,7.93,83.01,10,-21.2,,186586,108589,Phil Baldino,145.82,147.12,4,9.77,21.2,0,0,0,0,0,loss,completed,0
2020,4043850,7f799b295d5b6ce23fd7429dff5108a6,,11,,2020-11-17,2020-11-23,186592,54774,Cambrias,110.44,86.24,127.43,107.74,10,11,7.4,80.04,11,-3.0333333333333,,186585,108592,Chris & Dom,162.2,132.5,1,10.87,1.5166666666667,0,0,0,0,0,loss,completed,0
2020,4043728,3352bf9aa6d6ddfadbc0e0e671b57a50,,11,,2020-11-17,2020-11-23,186584,54762,Antdell & Ernie,122.84,114.84,124.58,116.34,7,10,8.23,98.71,3,37.1,,186593,54846,Team JoeBa,82.9,109.31,11,5.55,-5.3,0,0,0,0,0,win,completed,0
2020,4043744,7f799b295d5b6ce23fd7429dff5108a6,,11,,2020-11-17,2020-11-23,186585,108592,Chris & Dom,162.2,154.2,132.5,164.6,1,1,10.87,93.68,6,1.5166666666667,,186592,54774,Cambrias,110.44,127.43,10,7.4,-3.0333333333333,0,0,0,0,0,win,completed,0
2020,4043759,d61c138cced2e829164948c4de94566b,,11,,2020-11-17,2020-11-23,186586,108589,Phil Baldino,145.82,140.82,147.12,161.32,4,2,9.77,87.29,8,21.2,,186591,54773,Ronnie,118.34,137.28,8,7.93,-21.2,0,0,0,0,0,win,completed,0
2020,4043712,600cd8bf811203e04e4526afacf79887,,11,,2020-11-17,2020-11-23,186583,108581,Richie,153.08,148.08,119,155.78,2,3,10.26,95.06,5,12.133333333333,,186594,108588,Frank & Julian,126.76,118.95,5,8.49,-42.466666666667,0,0,0,0,0,win,completed,1
2020,4043760,57bb551591c2c7859c117b6aa8dd177e,,12,,2020-11-24,2020-12-02,186586,108589,Phil Baldino,81.5,81.5,142.75,113.4,11,10,5.27,71.87,12,-7.5833333333333,,186592,54774,Cambrias,84.94,128.29,10,5.49,75.833333333333,0,0,0,0,0,loss,completed,2
2020,4043745,5875ded46ce3a25f2c2ffc7339c61a33,,12,,2020-11-24,2020-12-02,186585,108592,Chris & Dom,107.2,96.3,132.76,122.7,9,7,6.93,86.55,7,-20.45,,186593,54846,Team JoeBa,126.2,112.29,7,8.16,47.716666666667,0,0,0,0,0,loss,completed,0
2020,4043729,bc6dc4a000407bbabd0a18f2628fe825,,12,,2020-11-24,2020-12-02,186584,54762,Antdell & Ernie,197.74,182.74,128.55,192.14,1,1,12.79,95.11,4,5.3,,186583,108581,Richie,132.84,126.37,5,8.59,-37.1,0,0,0,0,0,win,completed,1
2020,4043713,bc6dc4a000407bbabd0a18f2628fe825,,12,,2020-11-24,2020-12-02,186583,108581,Richie,132.84,130.84,126.37,156.98,5,4,8.59,83.35,10,-37.1,,186584,54762,Antdell & Ernie,197.74,128.55,1,12.79,5.3,0,0,0,0,0,loss,completed,1
2020,4043791,c24737fa8bbbcc95b97c5a09acd9cc11,,12,,2020-11-24,2020-12-02,186588,108584,Nolan & Vinny,71.7,66.7,139.93,78.64,12,12,4.64,84.82,8,0,,186590,108590,Rob & GregBo,127.6,123.52,6,8.25,22.7,0,0,0,0,0,loss,completed,0
2020,4043806,40efe1e29460918643723669693b0f9c,,12,,2020-11-24,2020-12-02,186589,108587,Pung & Tralie,182.68,170.68,142.27,174.68,3,2,11.81,97.71,3,-68.25,,186594,108588,Frank & Julian,186.18,126.97,2,12.04,15.166666666667,0,0,0,0,0,loss,completed,3
2020,4043775,750acf3e5cd68fa0715dad3b9a5283db,,12,,2020-11-24,2020-12-02,186587,54850,LFTLR,133.02,122.02,111.31,139.32,4,6,8.6,87.58,6,21.2,,186591,54773,Ronnie,114.9,144.59,8,7.43,-21.2,0,0,0,0,0,win,completed,0
2020,4043881,40efe1e29460918643723669693b0f9c,,12,,2020-11-24,2020-12-02,186594,108588,Frank & Julian,186.18,174.18,126.97,174.18,2,3,12.04,100,2,15.166666666667,,186589,108587,Pung & Tralie,182.68,142.27,3,11.81,-68.25,0,0,0,0,0,win,completed,3
2020,4043836,750acf3e5cd68fa0715dad3b9a5283db,,12,,2020-11-24,2020-12-02,186591,54773,Ronnie,114.9,108.9,144.59,122.6,8,8,7.43,88.83,5,-21.2,,186587,54850,LFTLR,133.02,111.31,4,8.6,21.2,0,0,0,0,0,loss,completed,0
2020,4043821,c24737fa8bbbcc95b97c5a09acd9cc11,,12,,2020-11-24,2020-12-02,186590,108590,Rob & GregBo,127.6,89,123.52,143,6,5,8.25,84.34,9,22.7,,186588,108584,Nolan & Vinny,71.7,139.93,12,4.64,0,0,0,0,0,0,win,completed,0
2020,4043866,5875ded46ce3a25f2c2ffc7339c61a33,,12,,2020-11-24,2020-12-02,186593,54846,Team JoeBa,126.2,120.2,112.29,120.2,7,9,8.16,100,1,47.716666666667,,186585,108592,Chris & Dom,107.2,132.76,9,6.93,-20.45,0,0,0,0,0,win,completed,0
2020,4043851,57bb551591c2c7859c117b6aa8dd177e,,12,,2020-11-24,2020-12-02,186592,54774,Cambrias,84.94,81.94,128.29,112.1,10,11,5.49,73.1,11,75.833333333333,,186586,108589,Phil Baldino,81.5,142.75,11,5.27,-7.5833333333333,0,0,0,0,0,win,completed,2
2020,4043837,014e7eb6e569937b8f2482491dc3a61e,,13,,2020-12-03,2020-12-08,186591,54773,Ronnie,151.5,144.5,140.85,159.68,3,2,10.27,90.49,7,13.65,,186588,108584,Nolan & Vinny,113.72,130.98,8,7.71,-18.2,0,0,0,0,0,win,completed,0
2020,4043822,785cd8cae1aa6de0f5b46ea2e5626307,,13,,2020-12-03,2020-12-08,186590,108590,Rob & GregBo,119.12,116.12,119.17,116.82,7,9,8.08,99.4,2,-37.916666666667,,186589,108587,Pung & Tralie,133.22,149.98,6,9.03,45.5,0,0,0,0,0,loss,completed,0
2020,4043867,df8e62b420dfa7c6a33077af15aec603,,13,,2020-12-03,2020-12-08,186593,54846,Team JoeBa,94.36,92.36,110.26,92.36,10,11,6.4,100,1,-4.5333333333333,,186586,108589,Phil Baldino,153.22,144.86,2,10.39,4.5333333333333,0,0,0,0,0,loss,completed,0
2020,4043852,169c97799b8da02a6a628436d2c4003c,,13,,2020-12-03,2020-12-08,186592,54774,Cambrias,77.86,70.16,121.65,82.26,12,12,5.28,94.65,4,0,,186587,54850,LFTLR,145.24,109.5,4,9.85,9.0666666666667,0,0,0,0,0,loss,completed,0
2020,4043792,014e7eb6e569937b8f2482491dc3a61e,,13,,2020-12-03,2020-12-08,186588,108584,Nolan & Vinny,113.72,111.72,130.98,128.26,8,7,7.71,87.1,10,-18.2,,186591,54773,Ronnie,151.5,140.85,3,10.27,13.65,0,0,0,0,0,loss,completed,0
2020,4043807,785cd8cae1aa6de0f5b46ea2e5626307,,13,,2020-12-03,2020-12-08,186589,108587,Pung & Tralie,133.22,130.22,149.98,140.92,6,6,9.03,92.41,5,45.5,,186590,108590,Rob & GregBo,119.12,119.17,7,8.08,-37.916666666667,0,0,0,0,0,win,completed,0
2020,4043776,169c97799b8da02a6a628436d2c4003c,,13,,2020-12-03,2020-12-08,186587,54850,LFTLR,145.24,143.24,109.5,159.66,4,3,9.85,89.72,9,9.0666666666667,,186592,54774,Cambrias,77.86,121.65,12,5.28,0,0,0,0,0,0,win,completed,0
2020,4043761,df8e62b420dfa7c6a33077af15aec603,,13,,2020-12-03,2020-12-08,186586,108589,Phil Baldino,153.22,146.22,144.86,147.82,2,4,10.39,98.92,3,4.5333333333333,,186593,54846,Team JoeBa,94.36,110.26,10,6.4,-4.5333333333333,0,0,0,0,0,win,completed,0
2020,4043746,8aad5d47067e80e380f4701ece56651a,,13,,2020-12-03,2020-12-08,186585,108592,Chris & Dom,164.94,154.94,137.68,172.54,1,1,11.18,89.8,8,0.75,,186583,108581,Richie,82.1,105.79,11,5.57,-0.75,0,0,0,0,0,win,completed,0
2020,4043730,ee278c959eb179fda8dc87cc4ea604f8,,13,,2020-12-03,2020-12-08,186584,54762,Antdell & Ernie,100.3,93.3,125.48,118.8,9,8,6.8,78.54,11,-15.9,,186594,108588,Frank & Julian,139.24,117.02,5,9.44,26.5,0,0,0,0,0,loss,completed,0
2020,4043714,8aad5d47067e80e380f4701ece56651a,,13,,2020-12-03,2020-12-08,186583,108581,Richie,82.1,75.1,105.79,99.3,11,10,5.57,75.63,12,-0.75,,186585,108592,Chris & Dom,164.94,137.68,1,11.18,0.75,0,0,0,0,0,loss,completed,0
2020,4043882,ee278c959eb179fda8dc87cc4ea604f8,,13,,2020-12-03,2020-12-08,186594,108588,Frank & Julian,139.24,130.24,117.02,142.84,5,5,9.44,91.18,6,26.5,,186584,54762,Antdell & Ernie,100.3,125.48,9,6.8,-15.9,0,0,0,0,0,win,completed,0
2020,4043883,fdcfc99d2c180ad73a7968ea4a325840,,14,,2020-12-09,2020-12-14,186594,108588,Frank & Julian,134.42,127.42,127.2,128.8,3,3,15.21,98.93,1,22.75,,186588,108584,Nolan & Vinny,119.64,132.82,4,13.54,-60.666666666667,1,0,0,0,0,win,completed,2
2020,4043762,30fb702127bfecb46b34d611463aa9cd,,14,,2020-12-09,2020-12-14,186586,108589,Phil Baldino,152.96,149.96,143.05,151.96,2,2,17.31,98.68,2,-75.833333333333,,186584,54762,Antdell & Ernie,171.8,134.74,1,19.44,7.5833333333333,1,0,0,0,0,loss,completed,3
2020,4043777,63bf2c69d4774c268b6d02ca6d95d7b1,,14,,2020-12-09,2020-12-14,186587,54850,LFTLR,83.46,80.46,105.13,97.56,7,7,9.44,82.47,6,53.083333333333,,186593,54846,Team JoeBa,31.1,70.82,8,3.52,-30.333333333333,0,1,0,0,0,win,completed,0
2020,4043793,fdcfc99d2c180ad73a7968ea4a325840,,14,,2020-12-09,2020-12-14,186588,108584,Nolan & Vinny,119.64,89.24,132.82,127.14,4,4,13.54,87.02,5,-60.666666666667,,186594,108588,Frank & Julian,134.42,127.2,3,15.21,22.75,1,0,0,0,0,loss,completed,2
2020,4043868,63bf2c69d4774c268b6d02ca6d95d7b1,,14,,2020-12-09,2020-12-14,186593,54846,Team JoeBa,31.1,31.1,70.82,47.7,8,8,3.52,65.2,8,-30.333333333333,,186587,54850,LFTLR,83.46,105.13,7,9.44,53.083333333333,0,1,0,0,0,loss,completed,0
2020,4043823,3a33d1b76c59b1a54d07d88d3228ddf9,,14,,2020-12-09,2020-12-14,186590,108590,Rob & GregBo,86.26,81.26,124.48,114.32,6,5,9.76,71.08,7,-45.5,,186583,108581,Richie,104.18,105.62,5,11.79,37.916666666667,0,1,0,0,0,loss,completed,0
2020,4043731,30fb702127bfecb46b34d611463aa9cd,,14,,2020-12-09,2020-12-14,186584,54762,Antdell & Ernie,171.8,161.8,134.74,170.8,1,1,19.44,94.73,3,7.5833333333333,,186586,108589,Phil Baldino,152.96,143.05,2,17.31,-75.833333333333,1,0,0,0,0,win,completed,3
2020,4043715,3a33d1b76c59b1a54d07d88d3228ddf9,,14,,2020-12-09,2020-12-14,186583,108581,Richie,104.18,102.18,105.62,107.88,5,6,11.79,94.72,4,37.916666666667,,186590,108590,Rob & GregBo,86.26,124.48,6,9.76,-45.5,0,1,0,0,0,win,completed,0
2020,4043747,924a039e8e9dd92bf50c8d853f5a72fb,,15,,2020-12-15,2020-12-21,186585,108592,Chris & Dom,95.92,95.92,106.99,120.52,10,8,7.12,79.59,6,75.833333333333,,186583,108581,Richie,66,107.92,11,4.9,-7.5833333333333,0,1,0,0,0,win,completed,0
2020,4043732,04ed6e3a18d38a6437a4d04eea0461e6,,15,,2020-12-15,2020-12-21,186584,54762,Antdell & Ernie,112.62,110.62,137,126.02,7,7,8.36,87.78,4,-18.916666666667,,186591,54773,Ronnie,161.42,138.67,1,11.99,3.7833333333333,1,0,0,0,0,loss,completed,1
2020,4043716,924a039e8e9dd92bf50c8d853f5a72fb,,15,,2020-12-15,2020-12-21,186583,108581,Richie,66,63,107.92,87.1,11,11,4.9,72.33,9,-7.5833333333333,,186585,108592,Chris & Dom,95.92,106.99,10,7.12,75.833333333333,0,1,0,0,0,loss,completed,0
2020,4043778,49994a65e18532eb6ed19f31e51966a9,,15,,2020-12-15,2020-12-21,186587,54850,LFTLR,110.22,105.22,109.28,118.62,8,10,8.18,88.7,2,60.666666666667,,186592,54774,Cambrias,109.3,119.84,9,8.12,-22.75,0,1,0,0,0,win,completed,3
2020,4043808,c51e06f8aaf7d167c02ba84b1a7bd214,,15,,2020-12-15,2020-12-21,186589,108587,Pung & Tralie,132.66,126.66,152.5,142.86,3,6,9.85,88.66,3,20.45,,186594,108588,Frank & Julian,116.76,123.77,5,8.67,-47.716666666667,1,0,0,0,0,win,completed,2
2020,4043763,b3c1db7f49a66f8dc4c144cc598ea39f,,15,,2020-12-15,2020-12-21,186586,108589,Phil Baldino,138.74,129.74,126.36,167.94,2,4,10.3,77.25,7,10.6,,186588,108584,Nolan & Vinny,112.94,134.49,6,8.39,-31.8,1,0,0,0,0,win,completed,1
2020,4043794,b3c1db7f49a66f8dc4c144cc598ea39f,,15,,2020-12-15,2020-12-21,186588,108584,Nolan & Vinny,112.94,108.94,134.49,164.62,6,5,8.39,66.18,11,-31.8,,186586,108589,Phil Baldino,138.74,126.36,2,10.3,10.6,1,0,0,0,0,loss,completed,1
2020,4043884,c51e06f8aaf7d167c02ba84b1a7bd214,,15,,2020-12-15,2020-12-21,186594,108588,Frank & Julian,116.76,111.76,123.77,171.06,5,3,8.67,65.33,12,-47.716666666667,,186589,108587,Pung & Tralie,132.66,152.5,3,9.85,20.45,1,0,0,0,0,loss,completed,2
2020,4043869,a0016987373da808ca531b8d0db8350a,,15,,2020-12-15,2020-12-21,186593,54846,Team JoeBa,61.4,58.4,54.28,77.9,12,12,4.5600000000000005,74.97,8,0,,186590,108590,Rob & GregBo,128.82,108.41,4,9.56,9.0666666666667,0,1,0,0,0,loss,completed,0
2020,4043824,a0016987373da808ca531b8d0db8350a,,15,,2020-12-15,2020-12-21,186590,108590,Rob & GregBo,128.82,127.82,108.41,184.04,4,1,9.56,69.45,10,9.0666666666667,,186593,54846,Team JoeBa,61.4,54.28,12,4.5600000000000005,0,0,1,0,0,0,win,completed,0
2020,4043838,04ed6e3a18d38a6437a4d04eea0461e6,,15,,2020-12-15,2020-12-21,186591,54773,Ronnie,161.42,154.42,138.67,173.52,1,2,11.99,88.99,1,3.7833333333333,,186584,54762,Antdell & Ernie,112.62,137,7,8.36,-18.916666666667,1,0,0,0,0,win,completed,1
2020,4043853,49994a65e18532eb6ed19f31e51966a9,,15,,2020-12-15,2020-12-21,186592,54774,Cambrias,109.3,102.3,119.84,120.06,9,9,8.12,85.21,5,-22.75,,186587,54850,LFTLR,110.22,109.28,8,8.18,60.666666666667,0,1,0,0,0,loss,completed,3
2020,4043839,8a0ccac3525825abdbe347a5d64c3f0b,,16,,2020-12-22,2020-12-28,186591,54773,Ronnie,149.02,141.02,144.6,155.62,2,2,14.58,90.62,3,15.166666666667,,186589,108587,Pung & Tralie,128.02,148.5,3,12.53,-68.25,1,0,1,0,0,win,completed,3
2020,4043854,da0899653aabb220d7c6f4c50a9cd55e,,16,,2020-12-22,2020-12-28,186592,54774,Cambrias,118.92,92.52,123.58,129.32,6,5,11.64,85,6,45.5,,186583,108581,Richie,101.54,86.94,7,9.94,-37.916666666667,0,1,0,0,0,win,completed,0
2020,4043748,e7bda3a5156fb6f727cb547c56f962da,,16,,2020-12-22,2020-12-28,186585,108592,Chris & Dom,123.14,118.14,84.88,137.54,5,3,12.05,85.9,4,30.333333333333,,186587,54850,LFTLR,92.16,112.83,8,9.02,-24.266666666667,0,1,0,0,0,win,completed,0
2020,4043733,d2bbf5da8bc6287a5d419c25143666d2,,16,,2020-12-22,2020-12-28,186584,54762,Antdell & Ernie,127.44,118.44,139.48,118.44,4,6,12.47,100,1,-48.533333333333,,186594,108588,Frank & Julian,181.5,115.89,1,17.76,6.0666666666667,1,0,0,0,0,loss,completed,2
2020,4043717,da0899653aabb220d7c6f4c50a9cd55e,,16,,2020-12-22,2020-12-28,186583,108581,Richie,101.54,95.54,86.94,115.44,7,8,9.94,82.76,7,-37.916666666667,,186592,54774,Cambrias,118.92,123.58,6,11.64,45.5,0,1,0,0,0,loss,completed,0
2020,4043885,d2bbf5da8bc6287a5d419c25143666d2,,16,,2020-12-22,2020-12-28,186594,108588,Frank & Julian,181.5,164,115.89,199.7,1,1,17.76,85.38,5,6.0666666666667,,186584,54762,Antdell & Ernie,127.44,139.48,4,12.47,-48.533333333333,1,0,0,0,0,win,completed,2
2020,4043779,e7bda3a5156fb6f727cb547c56f962da,,16,,2020-12-22,2020-12-28,186587,54850,LFTLR,92.16,72.66,112.83,117.46,8,7,9.02,72.5,8,-24.266666666667,,186585,108592,Chris & Dom,123.14,84.88,5,12.05,30.333333333333,0,1,0,0,0,loss,completed,0
2020,4043809,8a0ccac3525825abdbe347a5d64c3f0b,,16,,2020-12-22,2020-12-28,186589,108587,Pung & Tralie,128.02,124.02,148.5,129.32,3,4,12.53,95.9,2,-68.25,,186591,54773,Ronnie,149.02,144.6,2,14.58,15.166666666667,1,0,1,0,0,loss,completed,3
2021,4043685,48f1933d4219b07feaefeed7687bb932,,1,,2021-09-09,2021-09-13,186582,108588,Frank & Julian,124.12,118.12,139.54,143.02,7,7,8.01,82.59,8,-34.083333333333,,186577,108587,Pung & Tralie,141.58,145.19,5,9.14,34.083333333333,0,0,0,0,0,loss,completed,0
2021,4043669,af65fd66560d4f93486fe32af0f54adc,,1,,2021-09-09,2021-09-13,186581,54846,Team JoeBa,158.7,132.7,141.78,159.4,2,3,10.24,93.91,3,13.633333333333,,186573,108592,Chris & Dom,142.66,144.73,4,9.21,-54.533333333333,0,0,0,0,0,win,completed,1
2021,4043653,8ea0958529e878033b9b3f036ee11638,,1,,2021-09-09,2021-09-13,186580,54774,Cambrias,112.48,107.48,145.66,155.64,10,4,7.26,69.06,11,-3.0333333333333,,186574,108589,Phil Baldino,175.16,141.36,1,11.31,1.5166666666667,0,0,0,0,0,loss,completed,0
2021,4043637,13c39c4fc5978659e80c957dcca07a06,,1,,2021-09-09,2021-09-13,186579,54773,Ronnie,58.42,55.02,140.94,109.54,12,12,3.77,54.25,12,0,,186575,108582,John Juliano,103.72,134.79,11,6.6899999999999995,83.416666666667,0,0,0,0,0,loss,completed,0
2021,4043539,af65fd66560d4f93486fe32af0f54adc,,1,,2021-09-09,2021-09-13,186573,108592,Chris & Dom,142.66,132.66,144.73,149.26,4,5,9.21,88.88,5,-54.533333333333,,186581,54846,Team JoeBa,158.7,141.78,2,10.24,13.633333333333,0,0,0,0,0,loss,completed,1
2021,4043555,8ea0958529e878033b9b3f036ee11638,,1,,2021-09-09,2021-09-13,186574,108589,Phil Baldino,175.16,163.16,141.36,187.76,1,1,11.31,86.9,6,1.5166666666667,,186580,54774,Cambrias,112.48,145.66,10,7.26,-3.0333333333333,0,0,0,0,0,win,completed,0
2021,4043522,bc52e4d95582a348e87e406de475ab14,,1,,2021-09-09,2021-09-13,186572,54762,Antdell & Ernie,154.96,126.06,144.15,138.96,3,8,10,100,1,11.35,,186571,108581,Richie,115.66,139.97,9,7.47,-11.35,0,0,0,0,0,win,completed,0
2021,4043506,bc52e4d95582a348e87e406de475ab14,,1,,2021-09-09,2021-09-13,186571,108581,Richie,115.66,112.66,139.97,146.16,9,6,7.47,77.08,9,-11.35,,186572,54762,Antdell & Ernie,154.96,144.15,3,10,11.35,0,0,0,0,0,loss,completed,0
2021,4043588,a7ca5a6365d51b0ee0a7071ebc7b6b28,,1,,2021-09-09,2021-09-13,186576,108584,Nolan & Vinny,141.36,135.36,147.35,135.76,6,9,9.12,99.71,2,40.9,,186578,108590,Rob & GregBo,120.5,133.96,8,7.78,-27.266666666667,0,0,0,0,0,win,completed,0
2021,4043621,a7ca5a6365d51b0ee0a7071ebc7b6b28,,1,,2021-09-09,2021-09-13,186578,108590,Rob & GregBo,120.5,115.5,133.96,125.18,8,10,7.78,92.27,4,-27.266666666667,,186576,108584,Nolan & Vinny,141.36,147.35,6,9.12,40.9,0,0,0,0,0,loss,completed,0
2021,4043604,48f1933d4219b07feaefeed7687bb932,,1,,2021-09-09,2021-09-13,186577,108587,Pung & Tralie,141.58,133.58,145.19,174.48,5,2,9.14,75.99,10,34.083333333333,,186582,108588,Frank & Julian,124.12,139.54,7,8.01,-34.083333333333,0,0,0,0,0,win,completed,0
2021,4043572,13c39c4fc5978659e80c957dcca07a06,,1,,2021-09-09,2021-09-13,186575,108582,John Juliano,103.72,103.72,134.79,120.32,11,11,6.6899999999999995,86.2,7,83.416666666667,,186579,54773,Ronnie,58.42,140.94,12,3.77,0,0,0,0,0,0,win,completed,0
2021,4043573,d2f3f06849dc4b54e678c6c6878dfc2c,,2,,2021-09-14,2021-09-20,186575,108582,John Juliano,117.02,86.62,135.63,119.12,10,11,7.27,95.72,4,-15.166666666667,,186580,54774,Cambrias,121.92,138.28,9,7.58,68.25,0,0,0,0,0,loss,completed,2
2021,4043589,4ae96d0cec4e37b662e253e3ee7bb031,,2,,2021-09-14,2021-09-20,186576,108584,Nolan & Vinny,107.7,81.2,144.64,131.1,11,9,6.6899999999999995,79.86,11,-3.0333333333333,,186579,54773,Ronnie,147.7,137.58,4,9.18,12.133333333333,0,0,0,0,0,loss,completed,0
2021,4043605,955da8ecbc6ac35f0378636e5e764a7d,,2,,2021-09-14,2021-09-20,186577,108587,Pung & Tralie,145.02,119.02,146.63,153.72,5,4,9.01,86.53,9,34.083333333333,,186578,108590,Rob & GregBo,130.46,136.01,7,8.11,-34.083333333333,0,0,0,0,0,win,completed,0
2021,4043622,955da8ecbc6ac35f0378636e5e764a7d,,2,,2021-09-14,2021-09-20,186578,108590,Rob & GregBo,130.46,122.46,136.01,139.06,7,7,8.11,88.06,8,-34.083333333333,,186577,108587,Pung & Tralie,145.02,146.63,5,9.01,34.083333333333,0,0,0,0,0,loss,completed,0
2021,4043670,7e21069999ab142f3c76ebbe52c40651,,2,,2021-09-14,2021-09-20,186581,54846,Team JoeBa,122.66,118.66,146.85,144.96,8,5,7.62,81.86,10,-18.2,,186574,108589,Phil Baldino,151.04,145.69,3,9.39,13.65,0,0,0,0,0,loss,completed,0
2021,4043654,d2f3f06849dc4b54e678c6c6878dfc2c,,2,,2021-09-14,2021-09-20,186580,54774,Cambrias,121.92,111.92,138.28,123.02,9,10,7.58,90.98,5,68.25,,186575,108582,John Juliano,117.02,135.63,10,7.27,-15.166666666667,0,0,0,0,0,win,completed,2
2021,4043638,4ae96d0cec4e37b662e253e3ee7bb031,,2,,2021-09-14,2021-09-20,186579,54773,Ronnie,147.7,140.7,137.58,155.5,4,3,9.18,90.48,6,12.133333333333,,186576,108584,Nolan & Vinny,107.7,144.64,11,6.6899999999999995,-3.0333333333333,0,0,0,0,0,win,completed,0
2021,4043686,79f5babb10f72e6d01d370f48d326bcd,,2,,2021-09-14,2021-09-20,186582,108588,Frank & Julian,132.78,103.2,143.26,137.88,6,8,8.25,79.55,12,-31.8,,186572,54762,Antdell & Ernie,166.22,146.06,2,10.33,10.6,0,0,0,0,0,loss,completed,0
2021,4043523,79f5babb10f72e6d01d370f48d326bcd,,2,,2021-09-14,2021-09-20,186572,54762,Antdell & Ernie,166.22,148.22,146.06,165.32,2,1,10.33,89.66,7,10.6,,186582,108588,Frank & Julian,132.78,143.26,6,8.25,-31.8,0,0,0,0,0,win,completed,0
2021,4043540,11f9cd22b3665707e7fd2f0163867bca,,2,,2021-09-14,2021-09-20,186573,108592,Chris & Dom,166.5,156.5,138,156.7,1,2,10.35,99.87,3,0,,186571,108581,Richie,100.34,140.44,12,6.23,0,0,0,0,0,0,win,completed,0
2021,4043556,7e21069999ab142f3c76ebbe52c40651,,2,,2021-09-14,2021-09-20,186574,108589,Phil Baldino,151.04,140.04,145.69,140.04,3,6,9.39,100,2,13.65,,186581,54846,Team JoeBa,122.66,146.85,8,7.62,-18.2,0,0,0,0,0,win,completed,0
2021,4043507,11f9cd22b3665707e7fd2f0163867bca,,2,,2021-09-14,2021-09-20,186571,108581,Richie,100.34,83.4,140.44,98.34,12,12,6.23,100,1,0,,186573,108592,Chris & Dom,166.5,138,1,10.35,0,0,0,0,0,0,loss,completed,0
2021,4043508,158b3e0f5440f08322f92540b7555c4d,,3,,2021-09-21,2021-09-27,186571,108581,Richie,100.94,94.24,129.39,115.14,12,11,6.54,87.67,8,0,,186574,108589,Phil Baldino,119.68,141.9,8,7.76,42.4,0,0,0,0,0,loss,completed,0
2021,4043541,7654b67b11d8bb0fa8765b59ceae8423,,3,,2021-09-21,2021-09-27,186573,108592,Chris & Dom,145.64,145.64,145.51,157.34,3,3,9.44,92.56,6,6.8,,186572,54762,Antdell & Ernie,103.52,139.56,11,6.71,-2.2666666666667,0,0,0,0,0,win,completed,0
2021,4043557,158b3e0f5440f08322f92540b7555c4d,,3,,2021-09-21,2021-09-27,186574,108589,Phil Baldino,119.68,117.68,141.9,117.68,8,10,7.76,100,1,42.4,,186571,108581,Richie,100.94,129.39,12,6.54,0,0,0,0,0,0,win,completed,0
2021,4043524,7654b67b11d8bb0fa8765b59ceae8423,,3,,2021-09-21,2021-09-27,186572,54762,Antdell & Ernie,103.52,101.52,139.56,127.42,11,9,6.71,79.67,11,-2.2666666666667,,186573,108592,Chris & Dom,145.64,145.51,3,9.44,6.8,0,0,0,0,0,loss,completed,0
2021,4043671,39a6eb83439fbc4c224e72b80f555d11,,3,,2021-09-21,2021-09-27,186581,54846,Team JoeBa,132.58,129.58,144.97,131.28,6,8,8.59,98.71,2,-40.9,,186575,108582,John Juliano,135.14,132.74,4,8.76,27.266666666667,0,0,0,0,0,loss,completed,2
2021,4043655,74d45f0717553fd2ab8e7c03c2c5d837,,3,,2021-09-21,2021-09-27,186580,54774,Cambrias,163.02,151.02,143.81,160.62,1,2,10.57,94.02,4,1.5166666666667,,186576,108584,Nolan & Vinny,104.64,138.93,10,6.78,-3.0333333333333,0,0,0,0,0,win,completed,0
2021,4043623,0fde88be9b898b2f4264c80a1bf4829b,,3,,2021-09-21,2021-09-27,186578,108590,Rob & GregBo,134.82,125.82,129.97,140.92,5,4,8.74,89.28,7,34.083333333333,,186582,108588,Frank & Julian,131.02,148.92,7,8.49,-34.083333333333,0,0,0,0,0,win,completed,2
2021,4043639,11bf351a738c41a37b65ffe6392568bd,,3,,2021-09-21,2021-09-27,186579,54773,Ronnie,117.32,111.32,131.06,135.02,9,6,7.6,82.45,10,-9.1,,186577,108587,Pung & Tralie,154.4,146.35,2,10.01,6.0666666666667,0,0,0,0,0,loss,completed,0
2021,4043606,11bf351a738c41a37b65ffe6392568bd,,3,,2021-09-21,2021-09-27,186577,108587,Pung & Tralie,154.4,138.1,146.35,173.7,2,1,10.01,83.71,9,6.0666666666667,,186579,54773,Ronnie,117.32,131.06,9,7.6,-9.1,0,0,0,0,0,win,completed,0
2021,4043574,39a6eb83439fbc4c224e72b80f555d11,,3,,2021-09-21,2021-09-27,186575,108582,John Juliano,135.14,116.94,132.74,133.74,4,7,8.76,94.32,3,27.266666666667,,186581,54846,Team JoeBa,132.58,144.97,6,8.59,-40.9,0,0,0,0,0,win,completed,2
2021,4043590,74d45f0717553fd2ab8e7c03c2c5d837,,3,,2021-09-21,2021-09-27,186576,108584,Nolan & Vinny,104.64,100.64,138.93,137.74,10,5,6.78,73.07,12,-3.0333333333333,,186580,54774,Cambrias,163.02,143.81,1,10.57,1.5166666666667,0,0,0,0,0,loss,completed,0
2021,4043687,0fde88be9b898b2f4264c80a1bf4829b,,3,,2021-09-21,2021-09-27,186582,108588,Frank & Julian,131.02,122.02,148.92,95.82,7,12,8.49,92.69,5,-34.083333333333,,186578,108590,Rob & GregBo,134.82,129.97,5,8.74,34.083333333333,0,0,0,0,0,loss,completed,2
2021,4043688,b657daecdd4b76af7658353cd5184da7,,4,,2021-09-28,2021-10-04,186582,108588,Frank & Julian,97.22,87.12,145.41,101.62,11,10,6.43,85.73,8,-6.8166666666667,,186573,108592,Chris & Dom,118.52,143,9,7.84,61.35,0,0,0,0,0,loss,completed,0
2021,4043624,b71d6cad41b2d95ea04e4d1a5364a0ba,,4,,2021-09-28,2021-10-04,186578,108590,Rob & GregBo,122.62,118.62,139.28,118.62,8,9,8.11,100,1,-18.2,,186579,54773,Ronnie,143.22,135.24,3,9.48,13.65,0,0,0,0,0,loss,completed,0
2021,4043672,59d2b8f403bcf792dc0f7241be413250,,4,,2021-09-28,2021-10-04,186581,54846,Team JoeBa,88.54,83.54,144.88,99.44,12,11,5.86,84.01,10,0,,186576,108584,Nolan & Vinny,137.78,136.43,5,9.12,15.166666666667,0,0,0,0,0,loss,completed,0
2021,4043656,9586b6ed2af32bc6422c955de17fef98,,4,,2021-09-28,2021-10-04,186580,54774,Cambrias,140.8,129.8,140.27,145,4,6,9.32,89.52,5,-48.533333333333,,186577,108587,Pung & Tralie,160.52,142.57,1,10.62,6.0666666666667,0,0,0,0,0,loss,completed,1
2021,4043640,b71d6cad41b2d95ea04e4d1a5364a0ba,,4,,2021-09-28,2021-10-04,186579,54773,Ronnie,143.22,139.22,135.24,153.62,3,4,9.48,90.63,4,13.65,,186578,108590,Rob & GregBo,122.62,139.28,8,8.11,-18.2,0,0,0,0,0,win,completed,0
2021,4043542,b657daecdd4b76af7658353cd5184da7,,4,,2021-09-28,2021-10-04,186573,108592,Chris & Dom,118.52,111.52,143,128.22,9,8,7.84,86.98,7,61.35,,186582,108588,Frank & Julian,97.22,145.41,11,6.43,-6.8166666666667,0,0,0,0,0,win,completed,0
2021,4043558,dc071a0f496961ffa343a2bbd88daf07,,4,,2021-09-28,2021-10-04,186574,108589,Phil Baldino,126.36,112.36,152.17,151.02,7,5,8.36,83.67,11,42.466666666667,,186572,54762,Antdell & Ernie,97.96,135.71,10,6.48,-12.133333333333,0,0,0,0,0,win,completed,0
2021,4043509,fdf4263cfed2fa83de4544b6197da19c,,4,,2021-09-28,2021-10-04,186571,108581,Richie,134.14,126.14,131.38,142.04,6,7,8.87,88.81,6,-31.8,,186575,108582,John Juliano,143.78,136.93,2,9.51,10.6,0,0,0,0,0,loss,completed,1
2021,4043525,dc071a0f496961ffa343a2bbd88daf07,,4,,2021-09-28,2021-10-04,186572,54762,Antdell & Ernie,97.96,92.96,135.71,93.26,10,12,6.48,99.68,2,-12.133333333333,,186574,108589,Phil Baldino,126.36,152.17,7,8.36,42.466666666667,0,0,0,0,0,loss,completed,0
2021,4043607,9586b6ed2af32bc6422c955de17fef98,,4,,2021-09-28,2021-10-04,186577,108587,Pung & Tralie,160.52,144.52,142.57,158.42,1,3,10.62,91.23,3,6.0666666666667,,186580,54774,Cambrias,140.8,140.27,4,9.32,-48.533333333333,0,0,0,0,0,win,completed,1
2021,4043575,fdf4263cfed2fa83de4544b6197da19c,,4,,2021-09-28,2021-10-04,186575,108582,John Juliano,143.78,136.78,136.93,162.58,2,1,9.51,84.13,9,10.6,,186571,108581,Richie,134.14,131.38,6,8.87,-31.8,0,0,0,0,0,win,completed,1
2021,4043591,59d2b8f403bcf792dc0f7241be413250,,4,,2021-09-28,2021-10-04,186576,108584,Nolan & Vinny,137.78,130.78,136.43,159.88,5,2,9.12,81.8,12,15.166666666667,,186581,54846,Team JoeBa,88.54,144.88,12,5.86,0,0,0,0,0,0,win,completed,0
2021,4043576,2c68e4557f55a043071319ac6d66f74b,,5,,2021-10-05,2021-10-11,186575,108582,John Juliano,173.12,133.92,143.49,172.42,4,4,9.99,91.71,6,9.0666666666667,,186572,54762,Antdell & Ernie,80.18,135.27,12,4.63,0,0,0,0,0,0,win,completed,0
2021,4043608,b349363a5d3b4870f3e35de37e95f121,,5,,2021-10-05,2021-10-11,186577,108587,Pung & Tralie,155.98,115.98,144.69,172.28,6,5,9,87.64,8,-27.3,,186581,54846,Team JoeBa,207.38,139.36,1,11.97,4.55,0,0,0,0,0,loss,completed,0
2021,4043592,f82d15bd71f1afe1422431bfad958d63,,5,,2021-10-05,2021-10-11,186576,108584,Nolan & Vinny,149.82,145.82,133.14,166.92,7,6,8.65,87.36,9,37.1,,186571,108581,Richie,86.18,122.13,11,4.97,-5.3,0,0,0,0,0,win,completed,0
2021,4043657,36010bd488f13b7d2218f7a26c03ac87,,5,,2021-10-05,2021-10-11,186580,54774,Cambrias,102.4,91.9,136.26,141.2,10,7,5.91,68.27,11,-13.633333333333,,186578,108590,Rob & GregBo,136.4,133.5,8,7.87,54.533333333333,0,0,0,0,0,loss,completed,0
2021,4043625,36010bd488f13b7d2218f7a26c03ac87,,5,,2021-10-05,2021-10-11,186578,108590,Rob & GregBo,136.4,120.4,133.5,122.1,8,10,7.87,98.61,2,54.533333333333,,186580,54774,Cambrias,102.4,136.26,10,5.91,-13.633333333333,0,0,0,0,0,win,completed,0
2021,4043641,248e5659d6d10cf775026746bab5654b,,5,,2021-10-05,2021-10-11,186579,54773,Ronnie,185.96,177.96,132.03,177.96,2,3,10.73,100,1,12.133333333333,,186582,108588,Frank & Julian,156.98,138.13,5,9.06,-42.466666666667,0,0,0,0,0,win,completed,1
2021,4043673,b349363a5d3b4870f3e35de37e95f121,,5,,2021-10-05,2021-10-11,186581,54846,Team JoeBa,207.38,192.38,139.36,197.68,1,1,11.97,97.32,3,4.55,,186577,108587,Pung & Tralie,155.98,144.69,6,9,-27.3,0,0,0,0,0,win,completed,0
2021,4043689,248e5659d6d10cf775026746bab5654b,,5,,2021-10-05,2021-10-11,186582,108588,Frank & Julian,156.98,100.48,138.13,104.48,5,11,9.06,96.17,4,-42.466666666667,,186579,54773,Ronnie,185.96,132.03,2,10.73,12.133333333333,0,0,0,0,0,loss,completed,1
2021,4043526,2c68e4557f55a043071319ac6d66f74b,,5,,2021-10-05,2021-10-11,186572,54762,Antdell & Ernie,80.18,78.18,135.27,126.08,12,9,4.63,62.01,12,0,,186575,108582,John Juliano,173.12,143.49,4,9.99,9.0666666666667,0,0,0,0,0,loss,completed,0
2021,4043543,da167d19b74441654293f7d054387cac,,5,,2021-10-05,2021-10-11,186573,108592,Chris & Dom,118.66,116.66,143.77,138.96,9,8,6.85,83.95,10,-11.35,,186574,108589,Phil Baldino,179.54,145.57,3,10.36,11.35,0,0,0,0,0,loss,completed,0
2021,4043510,f82d15bd71f1afe1422431bfad958d63,,5,,2021-10-05,2021-10-11,186571,108581,Richie,86.18,84.18,122.13,94.88,11,12,4.97,88.72,7,-5.3,,186576,108584,Nolan & Vinny,149.82,133.14,7,8.65,37.1,0,0,0,0,0,loss,completed,0
2021,4043559,da167d19b74441654293f7d054387cac,,5,,2021-10-05,2021-10-11,186574,108589,Phil Baldino,179.54,166.54,145.57,181.34,3,2,10.36,91.84,5,11.35,,186573,108592,Chris & Dom,118.66,143.77,9,6.85,-11.35,0,0,0,0,0,win,completed,0
2021,4043527,bd7dd526eb2211e3311615f5a9619638,,6,,2021-10-12,2021-10-18,186572,54762,Antdell & Ernie,99.24,97.24,132.29,110.44,12,12,6.39,88.05,9,0,,186576,108584,Nolan & Vinny,112.3,129.18,9,7.23,54.6,0,0,0,0,0,loss,completed,0
2021,4043511,aff8fdca8465bb3601d6d2e188a18d65,,6,,2021-10-12,2021-10-18,186571,108581,Richie,115.18,109.18,125.34,119.18,8,10,7.41,91.61,5,54.533333333333,,186577,108587,Pung & Tralie,101.68,139.31,10,6.54,-13.633333333333,0,0,0,0,0,win,completed,0
2021,4043544,2a54dfabe1df5a1c729382001565ea5a,,6,,2021-10-12,2021-10-18,186573,108592,Chris & Dom,163.66,152.66,132.18,162.96,2,3,10.53,93.68,3,3.0333333333333,,186575,108582,John Juliano,101.2,129.15,11,6.51,-1.5166666666667,0,0,0,0,0,win,completed,0
2021,4043560,214bcc00cfe18daebc7d3fb2fac74e77,,6,,2021-10-12,2021-10-18,186574,108589,Phil Baldino,140.08,136.08,143.32,140.94,4,7,9.02,96.55,1,-48.533333333333,,186582,108588,Frank & Julian,167.6,135.51,1,10.79,6.0666666666667,0,0,0,0,0,loss,completed,1
2021,4043626,e1d3c0fe7c929724bef200b8b7d93347,,6,,2021-10-12,2021-10-18,186578,108590,Rob & GregBo,137.22,89.42,126.35,148.22,6,4,8.83,88.53,7,45.5,,186581,54846,Team JoeBa,127.48,145.97,7,8.21,-37.916666666667,0,0,0,0,0,win,completed,1
2021,4043642,0549d2d8ceb6268c47f1b9d38fa89d97,,6,,2021-10-12,2021-10-18,186579,54773,Ronnie,148.4,142.4,134.7,180.22,3,1,9.55,79.01,11,20.45,,186580,54774,Cambrias,139.54,128.27,5,8.98,-47.716666666667,0,0,0,0,0,win,completed,2
2021,4043658,0549d2d8ceb6268c47f1b9d38fa89d97,,6,,2021-10-12,2021-10-18,186580,54774,Cambrias,139.54,73.34,128.27,148.04,5,5,8.98,88.18,8,-47.716666666667,,186579,54773,Ronnie,148.4,134.7,3,9.55,20.45,0,0,0,0,0,loss,completed,2
2021,4043674,e1d3c0fe7c929724bef200b8b7d93347,,6,,2021-10-12,2021-10-18,186581,54846,Team JoeBa,127.48,124.48,145.97,140.46,7,8,8.21,88.62,6,-37.916666666667,,186578,108590,Rob & GregBo,137.22,126.35,6,8.83,45.5,0,0,0,0,0,loss,completed,1
2021,4043593,bd7dd526eb2211e3311615f5a9619638,,6,,2021-10-12,2021-10-18,186576,108584,Nolan & Vinny,112.3,110.3,129.18,117.3,9,11,7.23,94.03,2,54.6,,186572,54762,Antdell & Ernie,99.24,132.29,12,6.39,0,0,0,0,0,0,win,completed,0
2021,4043609,aff8fdca8465bb3601d6d2e188a18d65,,6,,2021-10-12,2021-10-18,186577,108587,Pung & Tralie,101.68,96.68,139.31,145.48,10,6,6.54,66.46,12,-13.633333333333,,186571,108581,Richie,115.18,125.34,8,7.41,54.533333333333,0,0,0,0,0,loss,completed,0
2021,4043577,2a54dfabe1df5a1c729382001565ea5a,,6,,2021-10-12,2021-10-18,186575,108582,John Juliano,101.2,99.2,129.15,121,11,9,6.51,81.98,10,-1.5166666666667,,186573,108592,Chris & Dom,163.66,132.18,2,10.53,3.0333333333333,0,0,0,0,0,loss,completed,0
2021,4043690,214bcc00cfe18daebc7d3fb2fac74e77,,6,,2021-10-12,2021-10-18,186582,108588,Frank & Julian,167.6,161.6,135.51,169.8,1,2,10.79,92.4,4,6.0666666666667,,186574,108589,Phil Baldino,140.08,143.32,4,9.02,-48.533333333333,0,0,0,0,0,win,completed,1
2021,4043691,8d91c5dff44d5b45505e9e547dada167,,7,,2021-10-19,2021-10-25,186582,108588,Frank & Julian,113.58,108.58,112.47,108.58,11,10,7.24,100,4,-3.0333333333333,,186580,54774,Cambrias,141.46,130.88,4,9.02,12.133333333333,0,0,0,0,0,loss,completed,0
2021,4043627,50dfcd66effd8dc59ffd47e2275b841a,,7,,2021-10-19,2021-10-25,186578,108590,Rob & GregBo,154.74,143.74,107.91,128.14,1,6,9.87,99.38,5,5.3,,186571,108581,Richie,141.24,120.98,5,9.01,-37.1,0,0,0,0,0,win,completed,1
2021,4043659,8d91c5dff44d5b45505e9e547dada167,,7,,2021-10-19,2021-10-25,186580,54774,Cambrias,141.46,131.46,130.88,137.26,4,3,9.02,95.77,10,12.133333333333,,186582,108588,Frank & Julian,113.58,112.47,11,7.24,-3.0333333333333,0,0,0,0,0,win,completed,0
2021,4043675,27e6ae52d9a0ac7a3d9d5dd136e73c9e,,7,,2021-10-19,2021-10-25,186581,54846,Team JoeBa,126.08,113.18,131.73,135.78,8,4,8.04,86.96,12,-15.133333333333,,186579,54773,Ronnie,152.86,136.99,2,9.75,7.5666666666667,0,0,0,0,0,loss,completed,0
2021,4043643,27e6ae52d9a0ac7a3d9d5dd136e73c9e,,7,,2021-10-19,2021-10-25,186579,54773,Ronnie,152.86,145.86,136.99,151.36,2,1,9.75,96.37,9,7.5666666666667,,186581,54846,Team JoeBa,126.08,131.73,8,8.04,-15.133333333333,0,0,0,0,0,win,completed,0
2021,4043528,2eeff8b42b6833aca02888113b6069f4,,7,,2021-10-19,2021-10-25,186572,54762,Antdell & Ernie,121.4,108.4,134.85,128,9,7,7.74,91.72,11,-11.35,,186577,108587,Pung & Tralie,145.74,141.08,3,9.29,11.35,0,0,0,0,0,loss,completed,0
2021,4043545,ddbfc9cd07e98467d421aa31a897171c,,7,,2021-10-19,2021-10-25,186573,108592,Chris & Dom,139.54,104.84,144.05,127.54,6,8,8.9,100,2,22.7,,186576,108584,Nolan & Vinny,86.44,122.63,12,5.51,0,0,0,0,0,0,win,completed,0
2021,4043561,4b1d4fc4ca4b968a9a77ddb59f5aea3c,,7,,2021-10-19,2021-10-25,186574,108589,Phil Baldino,114.84,105.84,118.3,108.24,10,11,7.32,97.78,6,-12.133333333333,,186575,108582,John Juliano,130.22,117.44,7,8.3,42.466666666667,0,0,0,0,0,loss,completed,0
2021,4043512,50dfcd66effd8dc59ffd47e2275b841a,,7,,2021-10-19,2021-10-25,186571,108581,Richie,141.24,132.24,120.98,132.24,5,5,9.01,100,1,-37.1,,186578,108590,Rob & GregBo,154.74,107.91,1,9.87,5.3,0,0,0,0,0,loss,completed,1
2021,4043610,2eeff8b42b6833aca02888113b6069f4,,7,,2021-10-19,2021-10-25,186577,108587,Pung & Tralie,145.74,145.74,141.08,150.24,3,2,9.29,97,8,11.35,,186572,54762,Antdell & Ernie,121.4,134.85,9,7.74,-11.35,0,0,0,0,0,win,completed,0
2021,4043594,ddbfc9cd07e98467d421aa31a897171c,,7,,2021-10-19,2021-10-25,186576,108584,Nolan & Vinny,86.44,82.44,122.63,82.44,12,12,5.51,100,3,0,,186573,108592,Chris & Dom,139.54,144.05,6,8.9,22.7,0,0,0,0,0,loss,completed,0
2021,4043578,4b1d4fc4ca4b968a9a77ddb59f5aea3c,,7,,2021-10-19,2021-10-25,186575,108582,John Juliano,130.22,122.22,117.44,125.22,7,9,8.3,97.6,7,42.466666666667,,186574,108589,Phil Baldino,114.84,118.3,10,7.32,-12.133333333333,0,0,0,0,0,win,completed,0
2021,4043611,a3316af00e18a57c2c93856e8bb57261,,8,,2021-10-26,2021-11-01,186577,108587,Pung & Tralie,110,107,140.72,113.1,9,9,7.84,94.61,5,-22.75,,186573,108592,Chris & Dom,113.16,142.04,8,8.06,60.666666666667,0,0,0,0,0,loss,completed,2
2021,4043579,3f26201c55c4a9352027f81a3e9d1101,,8,,2021-10-26,2021-11-01,186575,108582,John Juliano,87.22,81.92,138.62,84.22,12,12,6.22,100,1,0,,186582,108588,Frank & Julian,93.68,137.7,11,6.68,83.416666666667,0,0,0,0,0,loss,completed,1
2021,4043595,c1cdeb92bd2c142135e973d07150a09e,,8,,2021-10-26,2021-11-01,186576,108584,Nolan & Vinny,95.42,93.42,127.99,94.12,10,11,6.8,99.26,2,-10.6,,186574,108589,Phil Baldino,116.1,134.74,6,8.27,31.8,0,0,0,0,0,loss,completed,0
2021,4043676,479f2a769ec5b37e6ee86c4af11951a0,,8,,2021-10-26,2021-11-01,186581,54846,Team JoeBa,114.4,101,124.36,114.4,7,8,8.15,98.25,3,-30.333333333333,,186580,54774,Cambrias,129.9,135.65,4,9.26,24.266666666667,0,0,0,0,0,loss,completed,0
2021,4043660,479f2a769ec5b37e6ee86c4af11951a0,,8,,2021-10-26,2021-11-01,186580,54774,Cambrias,129.9,121.9,135.65,138,4,3,9.26,88.33,8,24.266666666667,,186581,54846,Team JoeBa,114.4,124.36,7,8.15,-30.333333333333,0,0,0,0,0,win,completed,0
2021,4043644,8e4e3db6acd57869311876bd20fd75a2,,8,,2021-10-26,2021-11-01,186579,54773,Ronnie,133.86,118.16,143.05,157.66,2,2,9.54,81.73,11,12.133333333333,,186571,108581,Richie,121.52,134.96,5,8.66,-42.466666666667,0,0,0,0,0,win,completed,1
2021,4043628,10e72b24825ab957a01629d760987f1e,,8,,2021-10-26,2021-11-01,186578,108590,Rob & GregBo,130.06,125.06,141.68,136.6,3,4,9.27,91.55,6,-61.35,,186572,54762,Antdell & Ernie,157.8,133.46,1,11.25,6.8166666666667,0,0,0,0,0,loss,completed,1
2021,4043692,3f26201c55c4a9352027f81a3e9d1101,,8,,2021-10-26,2021-11-01,186582,108588,Frank & Julian,93.68,87.68,137.7,94.78,11,10,6.68,88.39,7,83.416666666667,,186575,108582,John Juliano,87.22,138.62,12,6.22,0,0,0,0,0,0,win,completed,1
2021,4043513,8e4e3db6acd57869311876bd20fd75a2,,8,,2021-10-26,2021-11-01,186571,108581,Richie,121.52,115.52,134.96,132.32,5,6,8.66,87.3,10,-42.466666666667,,186579,54773,Ronnie,133.86,143.05,2,9.54,12.133333333333,0,0,0,0,0,loss,completed,1
2021,4043529,10e72b24825ab957a01629d760987f1e,,8,,2021-10-26,2021-11-01,186572,54762,Antdell & Ernie,157.8,142.8,133.46,162.6,1,1,11.25,87.82,9,6.8166666666667,,186578,108590,Rob & GregBo,130.06,141.68,3,9.27,-61.35,0,0,0,0,0,win,completed,1
2021,4043546,a3316af00e18a57c2c93856e8bb57261,,8,,2021-10-26,2021-11-01,186573,108592,Chris & Dom,113.16,109.16,142.04,114.96,8,7,8.06,94.95,4,60.666666666667,,186577,108587,Pung & Tralie,110,140.72,9,7.84,-22.75,0,0,0,0,0,win,completed,2
2021,4043562,c1cdeb92bd2c142135e973d07150a09e,,8,,2021-10-26,2021-11-01,186574,108589,Phil Baldino,116.1,103.1,134.74,135.8,6,5,8.27,75.92,12,31.8,,186576,108584,Nolan & Vinny,95.42,127.99,10,6.8,-10.6,0,0,0,0,0,win,completed,0
2021,4043563,762fad211c7f595ec89aea280a91805e,,9,,2021-11-02,2021-11-08,186574,108589,Phil Baldino,79.68,81.68,141.61,91.98,11,11,6.2,88.8,8,-6.0666666666667,,186577,108587,Pung & Tralie,98.04,141.61,8,7.63,48.533333333333,0,0,0,0,0,loss,completed,0
2021,4043547,f9220a2bca0512ef24a136fa97120a67,,9,,2021-11-02,2021-11-08,186573,108592,Chris & Dom,79.2,77.2,107.24,77.2,12,12,6.16,100,1,0,,186578,108590,Rob & GregBo,111.46,139.4,6,8.67,22.7,0,0,0,0,0,loss,completed,0
2021,4043514,ef36f658d8afd53cd6f14d500284ea0c,,9,,2021-11-02,2021-11-08,186571,108581,Richie,116.24,115.24,130.24,118.54,4,5,9.04,97.22,5,30.333333333333,,186580,54774,Cambrias,112.76,131.19,5,8.77,-53.083333333333,0,0,0,0,0,win,completed,3
2021,4043530,0f29f6c3b43ac44533ddd35573bb27ec,,9,,2021-11-02,2021-11-08,186572,54762,Antdell & Ernie,85.62,75.42,124.99,107.82,10,8,6.66,77.56,9,-3.0333333333333,,186579,54773,Ronnie,157.98,138.89,1,12.29,1.5166666666667,0,0,0,0,0,loss,completed,0
2021,4043677,50dd2b966bf8920eb4f55acfb2e88305,,9,,2021-11-02,2021-11-08,186581,54846,Team JoeBa,120.24,93.14,115.74,114.24,3,7,9.35,100,3,11.35,,186582,108588,Frank & Julian,87.28,129.13,9,6.79,-11.35,0,0,0,0,0,win,completed,0
2021,4043645,0f29f6c3b43ac44533ddd35573bb27ec,,9,,2021-11-02,2021-11-08,186579,54773,Ronnie,157.98,138.48,138.89,147.98,1,2,12.29,100,2,1.5166666666667,,186572,54762,Antdell & Ernie,85.62,124.99,10,6.66,-3.0333333333333,0,0,0,0,0,win,completed,0
2021,4043629,f9220a2bca0512ef24a136fa97120a67,,9,,2021-11-02,2021-11-08,186578,108590,Rob & GregBo,111.46,108.46,139.4,128.92,6,3,8.67,76.68,10,22.7,,186573,108592,Chris & Dom,79.2,107.24,12,6.16,0,0,0,0,0,0,win,completed,0
2021,4043661,ef36f658d8afd53cd6f14d500284ea0c,,9,,2021-11-02,2021-11-08,186580,54774,Cambrias,112.76,112.76,131.19,116.26,5,6,8.77,96.99,6,-53.083333333333,,186571,108581,Richie,116.24,130.24,4,9.04,30.333333333333,0,0,0,0,0,loss,completed,3
2021,4043580,d49be0df13824268629033e74c71045c,,9,,2021-11-02,2021-11-08,186575,108582,John Juliano,129.84,120.84,130.96,123.74,2,4,10.1,97.66,4,9.1,,186576,108584,Nolan & Vinny,107.18,135.42,7,8.34,-22.75,0,0,0,0,0,win,completed,0
2021,4043596,d49be0df13824268629033e74c71045c,,9,,2021-11-02,2021-11-08,186576,108584,Nolan & Vinny,107.18,105.18,135.42,159.5,7,1,8.34,65.94,12,-22.75,,186575,108582,John Juliano,129.84,130.96,2,10.1,9.1,0,0,0,0,0,loss,completed,0
2021,4043612,762fad211c7f595ec89aea280a91805e,,9,,2021-11-02,2021-11-08,186577,108587,Pung & Tralie,98.04,96.04,141.61,101.54,8,9,7.63,94.58,7,48.533333333333,,186574,108589,Phil Baldino,79.68,141.61,11,6.2,-6.0666666666667,0,0,0,0,0,win,completed,0
2021,4043693,50dd2b966bf8920eb4f55acfb2e88305,,9,,2021-11-02,2021-11-08,186582,108588,Frank & Julian,87.28,82.28,129.13,100.18,9,10,6.79,74.35,11,-11.35,,186581,54846,Team JoeBa,120.24,115.74,3,9.35,11.35,0,0,0,0,0,loss,completed,0
2021,4043694,a597e60eb23088402a6519a5a093fb37,,10,,2021-11-09,2021-11-15,186582,108588,Frank & Julian,116.74,105.44,141.02,119.14,6,8,8.65,88.5,6,-40.9,,186576,108584,Nolan & Vinny,123.4,129.63,4,9.15,27.266666666667,0,0,0,0,0,loss,completed,1
2021,4043662,a0f563a9ac2b7fcf27f776fde85b8f94,,10,,2021-11-09,2021-11-15,186580,54774,Cambrias,121.22,96.12,140.2,133.52,5,5,8.99,90.79,5,22.75,,186572,54762,Antdell & Ernie,86.64,136.16,10,6.42,-9.1,0,0,0,0,0,win,completed,0
2021,4043630,efc796fa5089f446893f9ed10b7dd3d7,,10,,2021-11-09,2021-11-15,186578,108590,Rob & GregBo,152.84,143.84,132.58,147.64,1,2,11.33,85.1,8,0.75,,186574,108589,Phil Baldino,82.5,147.19,11,6.12,-0.75,0,0,0,0,0,win,completed,0
2021,4043646,7479d423a117e65fc9edf8b0c0854a39,,10,,2021-11-09,2021-11-15,186579,54773,Ronnie,146.96,123.86,146.88,141.86,2,3,10.89,98.66,3,6.0666666666667,,186573,108592,Chris & Dom,91.14,116.61,9,6.76,-9.1,0,0,0,0,0,win,completed,0
2021,4043678,b3f0f52f8a26789b2a73886347eacad8,,10,,2021-11-09,2021-11-15,186581,54846,Team JoeBa,77.72,75.72,137.67,75.72,12,12,5.76,100,2,0,,186571,108581,Richie,140.44,134.02,3,10.41,4.55,0,0,0,0,0,loss,completed,0
2021,4043515,b3f0f52f8a26789b2a73886347eacad8,,10,,2021-11-09,2021-11-15,186571,108581,Richie,140.44,137.44,134.02,137.44,3,4,10.41,100,1,4.55,,186581,54846,Team JoeBa,77.72,137.67,12,5.76,0,0,0,0,0,0,win,completed,0
2021,4043531,a0f563a9ac2b7fcf27f776fde85b8f94,,10,,2021-11-09,2021-11-15,186572,54762,Antdell & Ernie,86.64,86.64,136.16,108.12,10,9,6.42,80.13,9,-9.1,,186580,54774,Cambrias,121.22,140.2,5,8.99,22.75,0,0,0,0,0,loss,completed,0
2021,4043548,7479d423a117e65fc9edf8b0c0854a39,,10,,2021-11-09,2021-11-15,186573,108592,Chris & Dom,91.14,90.14,116.61,93.34,9,11,6.76,96.57,4,-9.1,,186579,54773,Ronnie,146.96,146.88,2,10.89,6.0666666666667,0,0,0,0,0,loss,completed,0
2021,4043581,fdf44e11511368f3fd1beb902411ffed,,10,,2021-11-09,2021-11-15,186575,108582,John Juliano,97.06,75.16,135.05,119.86,8,6,7.19,79.31,10,-30.333333333333,,186577,108587,Pung & Tralie,112.34,131.58,7,8.33,53.083333333333,0,0,0,0,0,loss,completed,0
2021,4043564,efc796fa5089f446893f9ed10b7dd3d7,,10,,2021-11-09,2021-11-15,186574,108589,Phil Baldino,82.5,75.5,147.19,107.9,11,10,6.12,69.97,12,-0.75,,186578,108590,Rob & GregBo,152.84,132.58,1,11.33,0.75,0,0,0,0,0,loss,completed,0
2021,4043597,a597e60eb23088402a6519a5a093fb37,,10,,2021-11-09,2021-11-15,186576,108584,Nolan & Vinny,123.4,120.4,129.63,158.62,4,1,9.15,75.9,11,27.266666666667,,186582,108588,Frank & Julian,116.74,141.02,6,8.65,-40.9,0,0,0,0,0,win,completed,1
2021,4043613,fdf44e11511368f3fd1beb902411ffed,,10,,2021-11-09,2021-11-15,186577,108587,Pung & Tralie,112.34,102.34,131.58,119.44,7,7,8.33,85.68,7,53.083333333333,,186575,108582,John Juliano,97.06,135.05,8,7.19,-30.333333333333,0,0,0,0,0,win,completed,0
2021,4043582,523e0ba5c78be3b69e90102b127f430d,,11,,2021-11-16,2021-11-22,186575,108582,John Juliano,161.48,150.48,121.32,157.28,2,3,10.83,95.68,4,12.133333333333,,186578,108590,Rob & GregBo,140.66,130.41,5,9.43,-42.466666666667,0,0,0,0,0,win,completed,1
2021,4043565,658f08ea455d51fa8b1084c0e4ebafdd,,11,,2021-11-16,2021-11-22,186574,108589,Phil Baldino,142.88,138.88,130.69,162.88,4,2,9.58,85.27,11,-48.533333333333,,186579,54773,Ronnie,162.34,142.11,1,10.88,6.0666666666667,0,0,0,0,0,loss,completed,1
2021,4043598,dae6a9bfc38578c90f2981d836554690,,11,,2021-11-16,2021-11-22,186576,108584,Nolan & Vinny,133.18,118.88,137.04,146.18,6,5,8.93,91.11,8,22.7,,186577,108587,Pung & Tralie,85.3,127.09,12,5.72,0,0,0,0,0,0,win,completed,0
2021,4043614,dae6a9bfc38578c90f2981d836554690,,11,,2021-11-16,2021-11-22,186577,108587,Pung & Tralie,85.3,85.3,127.09,112.74,12,8,5.72,75.66,12,0,,186576,108584,Nolan & Vinny,133.18,137.04,6,8.93,22.7,0,0,0,0,0,loss,completed,0
2021,4043663,746619473d5be9d842cadd32c2f29aa6,,11,,2021-11-16,2021-11-22,186580,54774,Cambrias,155.82,148.82,142.61,148.82,3,4,10.45,100,3,9.1,,186573,108592,Chris & Dom,92.28,112.47,10,6.19,-6.0666666666667,0,0,0,0,0,win,completed,0
2021,4043679,cc9420a7203ab6878928ca709435f8a3,,11,,2021-11-16,2021-11-22,186581,54846,Team JoeBa,117.8,111.8,104.49,117.36,7,7,7.9,95.26,5,47.716666666667,,186572,54762,Antdell & Ernie,102.28,127.97,9,6.86,-20.45,0,0,0,0,0,win,completed,0
2021,4043631,523e0ba5c78be3b69e90102b127f430d,,11,,2021-11-16,2021-11-22,186578,108590,Rob & GregBo,140.66,129.16,130.41,137.16,5,6,9.43,94.17,7,-42.466666666667,,186575,108582,John Juliano,161.48,121.32,2,10.83,12.133333333333,0,0,0,0,0,loss,completed,1
2021,4043647,658f08ea455d51fa8b1084c0e4ebafdd,,11,,2021-11-16,2021-11-22,186579,54773,Ronnie,162.34,127.24,142.11,169.6,1,1,10.88,90.41,9,6.0666666666667,,186574,108589,Phil Baldino,142.88,130.69,4,9.58,-48.533333333333,0,0,0,0,0,win,completed,1
2021,4043695,bdec82118406be05440d7e1a4b2a546b,,11,,2021-11-16,2021-11-22,186582,108588,Frank & Julian,89.44,65.74,127.13,69.34,11,12,6,94.81,6,-6.0666666666667,,186571,108581,Richie,108.1,131.87,8,7.25,48.533333333333,0,0,0,0,0,loss,completed,0
2021,4043516,bdec82118406be05440d7e1a4b2a546b,,11,,2021-11-16,2021-11-22,186571,108581,Richie,108.1,106.1,131.87,106.1,8,10,7.25,100,1,48.533333333333,,186582,108588,Frank & Julian,89.44,127.13,11,6,-6.0666666666667,0,0,0,0,0,win,completed,0
2021,4043532,cc9420a7203ab6878928ca709435f8a3,,11,,2021-11-16,2021-11-22,186572,54762,Antdell & Ernie,102.28,100.28,127.97,112.32,9,9,6.86,89.28,10,-20.45,,186581,54846,Team JoeBa,117.8,104.49,7,7.9,47.716666666667,0,0,0,0,0,loss,completed,0
2021,4043549,746619473d5be9d842cadd32c2f29aa6,,11,,2021-11-16,2021-11-22,186573,108592,Chris & Dom,92.28,90.28,112.47,90.28,10,11,6.19,100,2,-6.0666666666667,,186580,54774,Cambrias,155.82,142.61,3,10.45,9.1,0,0,0,0,0,loss,completed,0
2021,4043533,4bd563a9eb1ea37615f4a2cb029fc319,,12,,2021-11-23,2021-11-29,186572,54762,Antdell & Ernie,140.18,131.18,122.34,133.38,3,4,9.81,98.35,2,22.75,,186571,108581,Richie,129.02,129.2,4,9.03,-60.666666666667,0,0,0,0,0,win,completed,1
2021,4043550,55ff82db796216e13213efcc18e4c8a4,,12,,2021-11-23,2021-11-29,186573,108592,Chris & Dom,84.28,81.28,109.35,87.48,12,12,5.9,92.91,4,0,,186581,54846,Team JoeBa,96.4,148.69,11,6.74,83.416666666667,0,0,0,0,0,loss,completed,0
2021,4043517,4bd563a9eb1ea37615f4a2cb029fc319,,12,,2021-11-23,2021-11-29,186571,108581,Richie,129.02,122.82,129.2,154.62,4,3,9.03,79.56,12,-60.666666666667,,186572,54762,Antdell & Ernie,140.18,122.34,3,9.81,22.75,0,0,0,0,0,loss,completed,1
2021,4043664,c6c1aa7c59b4c48830e354806012a6fe,,12,,2021-11-23,2021-11-29,186580,54774,Cambrias,108.58,97.58,145.46,112.38,8,9,7.6,86.83,8,-30.333333333333,,186574,108589,Phil Baldino,108.84,133.34,7,7.61,53.083333333333,0,0,0,0,0,loss,completed,3
2021,4043648,e2bd809b874522d762437925800e6968,,12,,2021-11-23,2021-11-29,186579,54773,Ronnie,159.58,148.08,145.39,158.88,1,1,11.16,96.03,3,4.55,,186575,108582,John Juliano,114.68,138.51,6,8.02,-27.3,0,0,0,0,0,win,completed,0
2021,4043632,058029a1ff6525fa3db47ae82d76214c,,12,,2021-11-23,2021-11-29,186578,108590,Rob & GregBo,126.9,98.5,134.79,131.6,5,5,8.88,89.59,7,26.5,,186576,108584,Nolan & Vinny,104.16,131.66,9,7.29,-15.9,0,0,0,0,0,win,completed,0
2021,4043680,55ff82db796216e13213efcc18e4c8a4,,12,,2021-11-23,2021-11-29,186581,54846,Team JoeBa,96.4,89.4,148.69,96.5,11,11,6.74,92.64,5,83.416666666667,,186573,108592,Chris & Dom,84.28,109.35,12,5.9,0,0,0,0,0,0,win,completed,0
2021,4043583,e2bd809b874522d762437925800e6968,,12,,2021-11-23,2021-11-29,186575,108582,John Juliano,114.68,109.08,138.51,130.78,6,6,8.02,86.16,10,-27.3,,186579,54773,Ronnie,159.58,145.39,1,11.16,4.55,0,0,0,0,0,loss,completed,0
2021,4043615,973700867541e026d2266ab3ed786202,,12,,2021-11-23,2021-11-29,186577,108587,Pung & Tralie,157.9,141.6,122.41,156.9,2,2,11.05,98.73,1,4.5333333333333,,186582,108588,Frank & Julian,98.9,124.25,10,6.92,-4.5333333333333,0,0,0,0,0,win,completed,0
2021,4043599,058029a1ff6525fa3db47ae82d76214c,,12,,2021-11-23,2021-11-29,186576,108584,Nolan & Vinny,104.16,90.16,131.66,114.46,9,8,7.29,90.13,6,-15.9,,186578,108590,Rob & GregBo,126.9,134.79,5,8.88,26.5,0,0,0,0,0,loss,completed,0
2021,4043566,c6c1aa7c59b4c48830e354806012a6fe,,12,,2021-11-23,2021-11-29,186574,108589,Phil Baldino,108.84,106.84,133.34,123.2,7,7,7.61,86.72,9,53.083333333333,,186580,54774,Cambrias,108.58,145.46,8,7.6,-30.333333333333,0,0,0,0,0,win,completed,3
2021,4043696,973700867541e026d2266ab3ed786202,,12,,2021-11-23,2021-11-29,186582,108588,Frank & Julian,98.9,92.9,124.25,104.1,10,10,6.92,81.65,11,-4.5333333333333,,186577,108587,Pung & Tralie,157.9,122.41,2,11.05,4.5333333333333,0,0,0,0,0,loss,completed,0
2021,4043697,ad2be5473117afe104baef40e0012cf6,,13,,2021-11-30,2021-12-06,186582,108588,Frank & Julian,84.22,79.22,123.17,74.02,12,12,5.46,85.41,11,0,,186572,54762,Antdell & Ernie,87.94,124.42,11,5.7,83.416666666667,0,0,0,0,0,loss,completed,2
2021,4043681,f0500a6c15739c75ae8c596adf26ede5,,13,,2021-11-30,2021-12-06,186581,54846,Team JoeBa,107.52,91.62,130.85,112.52,10,10,6.97,93.78,7,-10.6,,186574,108589,Phil Baldino,130.22,122.31,6,8.45,31.8,0,0,0,0,0,loss,completed,0
2021,4043665,96d1cd4cdc578c615e382ecf2b40dd18,,13,,2021-11-30,2021-12-06,186580,54774,Cambrias,149.2,135,134.44,149.6,3,3,9.68,92.38,9,22.75,,186575,108582,John Juliano,142.78,130.47,4,9.26,-60.666666666667,0,0,0,0,0,win,completed,2
2021,4043649,eb8f60949df5a027333ce4f9bba4c928,,13,,2021-11-30,2021-12-06,186579,54773,Ronnie,141.9,124.3,142.84,138.2,5,4,9.21,99.06,2,34.083333333333,,186576,108584,Nolan & Vinny,127.42,131.57,7,8.27,-34.083333333333,0,0,0,0,0,win,completed,0
2021,4043633,72a8b87a5fff84ad035a0958f4f889c0,,13,,2021-11-30,2021-12-06,186578,108590,Rob & GregBo,151.9,148.9,141.64,160.78,2,2,9.85,92.61,8,7.5666666666667,,186577,108587,Pung & Tralie,125.16,139.21,8,8.12,-15.133333333333,0,0,0,0,0,win,completed,0
2021,4043534,ad2be5473117afe104baef40e0012cf6,,13,,2021-11-30,2021-12-06,186572,54762,Antdell & Ernie,87.94,83.94,124.42,100.44,11,11,5.7,83.57,12,83.416666666667,,186582,108588,Frank & Julian,84.22,123.17,12,5.46,0,0,0,0,0,0,win,completed,2
2021,4043551,dd8de2f7d2df5ce49121ffa08b026d79,,13,,2021-11-30,2021-12-06,186573,108592,Chris & Dom,170.32,166.32,131.36,175.02,1,1,11.05,95.03,6,2.2666666666667,,186571,108581,Richie,122.96,128.45,9,7.98,-6.8,0,0,0,0,0,win,completed,0
2021,4043518,dd8de2f7d2df5ce49121ffa08b026d79,,13,,2021-11-30,2021-12-06,186571,108581,Richie,122.96,122.96,128.45,126.56,9,8,7.98,97.16,3,-6.8,,186573,108592,Chris & Dom,170.32,131.36,1,11.05,2.2666666666667,0,0,0,0,0,loss,completed,0
2021,4043616,72a8b87a5fff84ad035a0958f4f889c0,,13,,2021-11-30,2021-12-06,186577,108587,Pung & Tralie,125.16,125.16,139.21,135.76,8,5,8.12,92.19,10,-15.133333333333,,186578,108590,Rob & GregBo,151.9,141.64,2,9.85,7.5666666666667,0,0,0,0,0,loss,completed,0
2021,4043584,96d1cd4cdc578c615e382ecf2b40dd18,,13,,2021-11-30,2021-12-06,186575,108582,John Juliano,142.78,127.78,130.47,132.48,4,6,9.26,96.45,4,-60.666666666667,,186580,54774,Cambrias,149.2,134.44,3,9.68,22.75,0,0,0,0,0,loss,completed,2
2021,4043567,f0500a6c15739c75ae8c596adf26ede5,,13,,2021-11-30,2021-12-06,186574,108589,Phil Baldino,130.22,123.22,122.31,128.42,6,7,8.45,95.95,5,31.8,,186581,54846,Team JoeBa,107.52,130.85,10,6.97,-10.6,0,0,0,0,0,win,completed,0
2021,4043600,eb8f60949df5a027333ce4f9bba4c928,,13,,2021-11-30,2021-12-06,186576,108584,Nolan & Vinny,127.42,122.42,131.57,122.42,7,9,8.27,100,1,-34.083333333333,,186579,54773,Ronnie,141.9,142.84,5,9.21,34.083333333333,0,0,0,0,0,loss,completed,0
2021,4043568,ae873582d6022ca42745767a53299c76,,14,,2021-12-07,2021-12-13,186574,108589,Phil Baldino,112.82,102.52,129.33,116.52,10,9,7.07,90.82,9,-15.166666666667,,186571,108581,Richie,114.52,117.31,9,7.18,68.25,0,0,0,0,0,loss,completed,2
2021,4043601,5932b132ab8cefa9f0955c8929330b10,,14,,2021-12-07,2021-12-13,186576,108584,Nolan & Vinny,192.3,187.3,129.28,194.7,1,1,12.05,96.2,6,7.5833333333333,,186580,54774,Cambrias,168.28,134.47,2,10.55,-75.833333333333,0,0,0,0,0,win,completed,2
2021,4043617,23762614fbb6fe5539803d0c3dd7283f,,14,,2021-12-07,2021-12-13,186577,108587,Pung & Tralie,121.62,116.62,146,116.62,7,8,7.62,100,1,-30.333333333333,,186579,54773,Ronnie,146.64,129.63,4,9.19,24.266666666667,0,0,0,0,0,loss,completed,0
2021,4043585,e7457b93c465fb5c0cb7500c2e9f0430,,14,,2021-12-07,2021-12-13,186575,108582,John Juliano,126.8,117.8,139.84,144.6,6,5,7.95,81.47,11,22.7,,186581,54846,Team JoeBa,94.48,115.17,12,5.92,0,0,0,0,0,0,win,completed,0
2021,4043666,5932b132ab8cefa9f0955c8929330b10,,14,,2021-12-07,2021-12-13,186580,54774,Cambrias,168.28,154.28,134.47,168.88,2,2,10.55,91.35,8,-75.833333333333,,186576,108584,Nolan & Vinny,192.3,129.28,1,12.05,7.5833333333333,0,0,0,0,0,loss,completed,2
2021,4043650,23762614fbb6fe5539803d0c3dd7283f,,14,,2021-12-07,2021-12-13,186579,54773,Ronnie,146.64,131.64,129.63,136.74,4,6,9.19,99.2,3,24.266666666667,,186577,108587,Pung & Tralie,121.62,146,7,7.62,-30.333333333333,0,0,0,0,0,win,completed,0
2021,4043634,4d0ef45ea20232e2619af3eb2caba6e4,,14,,2021-12-07,2021-12-13,186578,108590,Rob & GregBo,159.22,134.92,136.89,151.22,3,3,9.98,100,2,13.65,,186582,108588,Frank & Julian,115.24,136.19,8,7.22,-18.2,0,0,0,0,0,win,completed,0
2021,4043698,4d0ef45ea20232e2619af3eb2caba6e4,,14,,2021-12-07,2021-12-13,186582,108588,Frank & Julian,115.24,115.34,136.19,132.14,8,7,7.22,78.05,12,-18.2,,186578,108590,Rob & GregBo,159.22,136.89,3,9.98,13.65,0,0,0,0,0,loss,completed,0
2021,4043682,e7457b93c465fb5c0cb7500c2e9f0430,,14,,2021-12-07,2021-12-13,186581,54846,Team JoeBa,94.48,94.48,115.17,104.58,12,11,5.92,90.34,10,0,,186575,108582,John Juliano,126.8,139.84,6,7.95,22.7,0,0,0,0,0,loss,completed,0
2021,4043552,8dfef7100c31ebc0de963d92f410bd37,,14,,2021-12-07,2021-12-13,186573,108592,Chris & Dom,146.42,103.72,125.32,149.42,5,4,9.18,96.65,5,18.916666666667,,186572,54762,Antdell & Ernie,97.2,106.58,11,6.09,-3.7833333333333,0,0,0,0,0,win,completed,0
2021,4043519,ae873582d6022ca42745767a53299c76,,14,,2021-12-07,2021-12-13,186571,108581,Richie,114.52,112.52,117.31,116.42,9,10,7.18,96.65,4,68.25,,186574,108589,Phil Baldino,112.82,129.33,10,7.07,-15.166666666667,0,0,0,0,0,win,completed,2
2021,4043535,8dfef7100c31ebc0de963d92f410bd37,,14,,2021-12-07,2021-12-13,186572,54762,Antdell & Ernie,97.2,87.2,106.58,92.7,11,12,6.09,94.07,7,-3.7833333333333,,186573,108592,Chris & Dom,146.42,125.32,5,9.18,18.916666666667,0,0,0,0,0,loss,completed,0
2021,4043520,1636311c0cbc4074f0420d9ff38d2b8a,,15,,2021-12-14,2021-12-21,186571,108581,Richie,68.34,66.34,121.55,81.94,8,8,8.9,80.96,6,-12.133333333333,,186572,54762,Antdell & Ernie,128.24,111.4,1,16.69,3.0333333333333,0,1,0,0,0,loss,completed,0
2021,4043553,b04e53cf50b51f36a2edc9f586d32318,,15,,2021-12-14,2021-12-21,186573,108592,Chris & Dom,79.08,71.88,109.82,104.08,6,5,10.29,74.06,8,-40.9,,186574,108589,Phil Baldino,98.56,124.46,4,12.83,27.266666666667,1,0,0,0,0,loss,completed,1
2021,4043536,1636311c0cbc4074f0420d9ff38d2b8a,,15,,2021-12-14,2021-12-21,186572,54762,Antdell & Ernie,128.24,124.24,111.4,131.52,1,2,16.69,94.46,2,3.0333333333333,,186571,108581,Richie,68.34,121.55,8,8.9,-12.133333333333,0,1,0,0,0,win,completed,0
2021,4043569,b04e53cf50b51f36a2edc9f586d32318,,15,,2021-12-14,2021-12-21,186574,108589,Phil Baldino,98.56,98.56,124.46,129.28,4,3,12.83,76.24,7,27.266666666667,,186573,108592,Chris & Dom,79.08,109.82,6,10.29,-40.9,1,0,0,0,0,win,completed,1
2021,4043618,d8322656fe32ad1a298af9f3fc4ca715,,15,,2021-12-14,2021-12-21,186577,108587,Pung & Tralie,127.1,74.7,145.39,132.7,2,1,16.54,89.75,3,15.166666666667,,186575,108582,John Juliano,101.04,139.16,3,13.15,-68.25,1,0,0,0,0,win,completed,2
2021,4043586,d8322656fe32ad1a298af9f3fc4ca715,,15,,2021-12-14,2021-12-21,186575,108582,John Juliano,101.04,95.04,139.16,117.14,3,4,13.15,81.13,5,-68.25,,186577,108587,Pung & Tralie,127.1,145.39,2,16.54,15.166666666667,1,0,0,0,0,loss,completed,2
2021,4043699,6aa42182d004a2aa0a36697bda8e146e,,15,,2021-12-14,2021-12-21,186582,108588,Frank & Julian,92.58,82.68,133.65,86.18,5,7,12.05,95.94,1,34.083333333333,,186581,54846,Team JoeBa,73.3,87.24,7,9.54,-34.083333333333,0,1,0,0,0,win,completed,0
2021,4043683,6aa42182d004a2aa0a36697bda8e146e,,15,,2021-12-14,2021-12-21,186581,54846,Team JoeBa,73.3,73.3,87.24,87.8,7,6,9.54,83.49,4,-34.083333333333,,186582,108588,Frank & Julian,92.58,133.65,5,12.05,34.083333333333,0,1,0,0,0,loss,completed,0
2021,4043684,5caa4a4cf5e5e7b8a8aa0f846170b2ca,,16,,2021-12-22,2021-12-27,186581,54846,Team JoeBa,127.5,124.5,90.58,132.2,4,6,9.46,94.18,1,-54.533333333333,,186571,108581,Richie,139.64,107.31,2,10.36,13.633333333333,0,1,0,0,0,loss,completed,1
2021,4043700,6d738cf87e70445a1916b0150a1873bf,,16,,2021-12-22,2021-12-27,186582,108588,Frank & Julian,88.4,79.4,118.39,99.1,10,11,6.5600000000000005,80.12,7,-6.0666666666667,,186576,108584,Nolan & Vinny,136.66,123.25,3,10.14,9.1,0,1,0,0,0,loss,completed,0
2021,4043521,5caa4a4cf5e5e7b8a8aa0f846170b2ca,,16,,2021-12-22,2021-12-27,186571,108581,Richie,139.64,134.64,107.31,149.34,2,4,10.36,90.16,4,13.633333333333,,186581,54846,Team JoeBa,127.5,90.58,4,9.46,-54.533333333333,0,1,0,0,0,win,completed,1
2021,4043554,b2ddadf58ffc308178ee0322adf953f2,,16,,2021-12-22,2021-12-27,186573,108592,Chris & Dom,88.4,84.7,83.68,127.2,10,8,6.5600000000000005,66.59,12,-12.133333333333,,186575,108582,John Juliano,106.54,137.92,7,7.91,42.466666666667,1,0,0,0,0,loss,completed,1
2021,4043537,57899b93060f2366992fd6f2e88a4870,,16,,2021-12-22,2021-12-27,186572,54762,Antdell & Ernie,106.24,88.34,106.21,104.54,8,10,7.88,93.97,2,42.4,,186580,54774,Cambrias,73.18,142.84,12,5.43,0,0,1,0,0,0,win,completed,0
2021,4043667,57899b93060f2366992fd6f2e88a4870,,16,,2021-12-22,2021-12-27,186580,54774,Cambrias,73.18,70.58,142.84,96.38,12,12,5.43,73.85,9,0,,186572,54762,Antdell & Ernie,106.24,106.21,8,7.88,42.4,0,1,0,0,0,loss,completed,0
2021,4043651,2526f40b8672b451b48ffc80f13d142a,,16,,2021-12-22,2021-12-27,186579,54773,Ronnie,127.48,120.48,135.27,129.98,5,7,9.46,92.69,3,37.916666666667,,186574,108589,Phil Baldino,115.68,121.41,6,8.59,-45.5,1,0,0,0,0,win,completed,1
2021,4043635,090f81a52faab75572b11a3908027f42,,16,,2021-12-22,2021-12-27,186578,108590,Rob & GregBo,145.36,138.36,133.27,161.86,1,1,10.79,85.48,5,2.2666666666667,,186577,108587,Pung & Tralie,92.32,146.79,9,6.85,-6.8,1,0,0,0,0,win,completed,1
2021,4043570,2526f40b8672b451b48ffc80f13d142a,,16,,2021-12-22,2021-12-27,186574,108589,Phil Baldino,115.68,112.68,121.41,144.1,6,5,8.59,78.2,8,-45.5,,186579,54773,Ronnie,127.48,135.27,5,9.46,37.916666666667,1,0,0,0,0,loss,completed,1
2021,4043602,6d738cf87e70445a1916b0150a1873bf,,16,,2021-12-22,2021-12-27,186576,108584,Nolan & Vinny,136.66,130.66,123.25,155.86,3,3,10.14,83.83,6,9.1,,186582,108588,Frank & Julian,88.4,118.39,10,6.5600000000000005,-6.0666666666667,0,1,0,0,0,win,completed,0
2021,4043587,b2ddadf58ffc308178ee0322adf953f2,,16,,2021-12-22,2021-12-27,186575,108582,John Juliano,106.54,106.54,137.92,156.04,7,2,7.91,68.28,11,42.466666666667,,186573,108592,Chris & Dom,88.4,83.68,10,6.5600000000000005,-12.133333333333,1,0,0,0,0,win,completed,1
2021,4043619,090f81a52faab75572b11a3908027f42,,16,,2021-12-22,2021-12-27,186577,108587,Pung & Tralie,92.32,85.32,146.79,117.72,9,9,6.85,72.48,10,-6.8,,186578,108590,Rob & GregBo,145.36,133.27,1,10.79,2.2666666666667,1,0,0,0,0,loss,completed,1
2021,4043571,2406515c43b64213273123b1b4a56b2f,,17,,2021-12-28,2022-01-03,186574,108589,Phil Baldino,135.9,129.9,111.46,169.14,2,2,13.68,76.8,7,9.1,,186577,108587,Pung & Tralie,100.76,127.2,7,10.14,-22.75,1,0,0,0,0,win,completed,1
2021,4043603,e8c0ce7154dc76a9d5de4ab805c7f5dd,,17,,2021-12-28,2022-01-03,186576,108584,Nolan & Vinny,178.86,169.86,137.61,191.18,1,1,18.01,88.85,2,5.3,,186572,54762,Antdell & Ernie,125.24,129.18,5,12.61,-37.1,0,1,0,0,0,win,completed,1
2021,4043620,2406515c43b64213273123b1b4a56b2f,,17,,2021-12-28,2022-01-03,186577,108587,Pung & Tralie,100.76,95.76,127.2,107.36,7,7,10.14,89.2,1,-22.75,,186574,108589,Phil Baldino,135.9,111.46,2,13.68,9.1,1,0,0,0,0,loss,completed,1
2021,4043701,cdb2d5cf4f0896504a4554bf6808c887,,17,,2021-12-28,2022-01-03,186582,108588,Frank & Julian,125.64,115.64,121.23,132.44,4,6,12.65,75.76,8,21.2,,186580,54774,Cambrias,81.26,136.77,8,8.18,-21.2,0,1,0,0,0,win,completed,0
2021,4043668,cdb2d5cf4f0896504a4554bf6808c887,,17,,2021-12-28,2022-01-03,186580,54774,Cambrias,81.26,79.26,136.77,100.46,8,8,8.18,78.9,5,-21.2,,186582,108588,Frank & Julian,125.64,121.23,4,12.65,21.2,0,1,0,0,0,loss,completed,0
2021,4043652,f8e0bd42c89654f4f49b8dbddeebd449,,17,,2021-12-28,2022-01-03,186579,54773,Ronnie,113.12,108.12,149.85,133.62,6,5,11.39,80.92,4,-36.4,,186578,108590,Rob & GregBo,132.5,150.17,3,13.34,18.2,1,0,1,0,0,loss,completed,2
2021,4043636,f8e0bd42c89654f4f49b8dbddeebd449,,17,,2021-12-28,2022-01-03,186578,108590,Rob & GregBo,132.5,132.5,150.17,157.6,3,3,13.34,84.07,3,18.2,,186579,54773,Ronnie,113.12,149.85,6,11.39,-36.4,1,0,1,0,0,win,completed,2
2021,4043538,e8c0ce7154dc76a9d5de4ab805c7f5dd,,17,,2021-12-28,2022-01-03,186572,54762,Antdell & Ernie,125.24,116.24,129.18,148.94,5,4,12.61,78.04,6,-37.1,,186576,108584,Nolan & Vinny,178.86,137.61,1,18.01,5.3,0,1,0,0,0,loss,completed,1
2022,4039692,ed6ab76998f9521a0764f760dc0077a9,,1,,2022-09-08,2022-09-12,186324,108588,Frank & Julian,113,57.1,130.51,129.9,9,7,7.58,80.83,11,54.6,,186313,108581,Richie,79.3,130.98,12,5.32,0,0,0,0,0,0,win,completed,0
2022,4039659,7440b5dec6a17a7c356e3f0b0f1ce9ae,,1,,2022-09-08,2022-09-12,186322,54774,Cambrias,134.42,129.42,136.33,138.82,5,5,9.01,93.23,3,18.916666666667,,186319,108587,Pung & Tralie,86.38,132.71,11,5.79,-3.7833333333333,0,0,0,0,0,win,completed,0
2022,4039675,c7095eaec47d02c6c7266447b8907550,,1,,2022-09-08,2022-09-12,186323,54776,Mike Long,137.22,119.32,124.23,142.52,4,4,9.2,89.26,8,-54.533333333333,,186316,108589,Phil Baldino,156.26,134.23,2,10.48,13.633333333333,0,0,0,0,0,loss,completed,1
2022,4039642,f2a5eb30c40f6864c6bbcc55658ac821,,1,,2022-09-08,2022-09-12,186321,54773,Ronnie,115.4,107.4,128.77,115.26,8,9,7.74,93.18,4,-27.266666666667,,186318,108584,Nolan & Vinny,123.02,136.03,6,8.25,40.9,0,0,0,0,0,loss,completed,1
2022,4039545,33696085f42e6200dbb0401bc07f372a,,1,,2022-09-08,2022-09-12,186315,108592,Chris & Dom,155.88,141.88,125.25,154.18,3,3,10.45,92.02,6,-61.35,,186320,108590,Rob & GregBo,174.3,136.05,1,11.69,6.8166666666667,0,0,0,0,0,loss,completed,1
2022,4039561,c7095eaec47d02c6c7266447b8907550,,1,,2022-09-08,2022-09-12,186316,108589,Phil Baldino,156.26,147.26,134.23,157.46,2,2,10.48,91.62,7,13.633333333333,,186323,54776,Mike Long,137.22,124.23,4,9.2,-54.533333333333,0,0,0,0,0,win,completed,1
2022,4039529,24c40036693b10cb71d394f2e670f0a8,,1,,2022-09-08,2022-09-12,186314,54762,Antdell & Ernie,120.46,109.5,131.89,136.96,7,6,8.08,86.49,9,42.466666666667,,186317,108582,John Juliano,95.72,129.94,10,6.42,-12.133333333333,0,0,0,0,0,win,completed,0
2022,4039512,ed6ab76998f9521a0764f760dc0077a9,,1,,2022-09-08,2022-09-12,186313,108581,Richie,79.3,76.3,130.98,110.5,12,10,5.32,69.05,12,0,,186324,108588,Frank & Julian,113,130.51,9,7.58,54.6,0,0,0,0,0,loss,completed,0
2022,4039594,f2a5eb30c40f6864c6bbcc55658ac821,,1,,2022-09-08,2022-09-12,186318,108584,Nolan & Vinny,123.02,118.02,136.03,126.72,6,8,8.25,93.13,5,40.9,,186321,54773,Ronnie,115.4,128.77,8,7.74,-27.266666666667,0,0,0,0,0,win,completed,1
2022,4039626,33696085f42e6200dbb0401bc07f372a,,1,,2022-09-08,2022-09-12,186320,108590,Rob & GregBo,174.3,160.3,136.05,160.8,1,1,11.69,99.69,1,6.8166666666667,,186315,108592,Chris & Dom,155.88,125.25,3,10.45,-61.35,0,0,0,0,0,win,completed,1
2022,4039577,24c40036693b10cb71d394f2e670f0a8,,1,,2022-09-08,2022-09-12,186317,108582,John Juliano,95.72,93.72,129.94,98.92,10,12,6.42,94.74,2,-12.133333333333,,186314,54762,Antdell & Ernie,120.46,131.89,7,8.08,42.466666666667,0,0,0,0,0,loss,completed,0
2022,4039610,7440b5dec6a17a7c356e3f0b0f1ce9ae,,1,,2022-09-08,2022-09-12,186319,108587,Pung & Tralie,86.38,83.38,132.71,101.58,11,11,5.79,82.08,10,-3.7833333333333,,186322,54774,Cambrias,134.42,136.33,5,9.01,18.916666666667,0,0,0,0,0,loss,completed,0
2022,4039627,bfa5c9fb75cee3378a900b7613b3abd2,,2,,2022-09-13,2022-09-19,186320,108590,Rob & GregBo,110.4,103.4,138,140.3,9,6,7.1,73.7,10,-11.35,,186318,108584,Nolan & Vinny,164.56,134.49,3,10.58,11.35,0,0,0,0,0,loss,completed,0
2022,4039595,bfa5c9fb75cee3378a900b7613b3abd2,,2,,2022-09-13,2022-09-19,186318,108584,Nolan & Vinny,164.56,156.56,134.49,178.88,3,1,10.58,87.52,9,11.35,,186320,108590,Rob & GregBo,110.4,138,9,7.1,-11.35,0,0,0,0,0,win,completed,0
2022,4039578,38ec1b43494276df4bae990c741485d4,,2,,2022-09-13,2022-09-19,186317,108582,John Juliano,167.62,160.62,124.38,163.62,2,2,10.78,98.17,2,-75.833333333333,,186315,108592,Chris & Dom,169.68,127.84,1,10.91,7.5833333333333,0,0,0,0,0,loss,completed,4
2022,4039611,096e70b657198d617cc7a87aedaee271,,2,,2022-09-13,2022-09-19,186319,108587,Pung & Tralie,104.78,80.08,124.7,105.98,10,11,6.74,93.21,5,75.833333333333,,186313,108581,Richie,100.9,126.65,11,6.49,-7.5833333333333,0,0,0,0,0,win,completed,2
2022,4039660,c94b14377a48d323541050bf06f728a4,,2,,2022-09-13,2022-09-19,186322,54774,Cambrias,113.18,110.18,129.74,123.38,8,9,7.28,89.3,7,-24.266666666667,,186316,108589,Phil Baldino,135.26,139.15,5,8.7,30.333333333333,0,0,0,0,0,loss,completed,0
2022,4039676,bd7b61d8491c931ef8587488d69e1f5f,,2,,2022-09-13,2022-09-19,186323,54776,Mike Long,161.12,149.12,122.51,162.72,4,3,10.36,91.64,6,27.266666666667,,186321,54773,Ronnie,131.08,131.3,6,8.43,-40.9,0,0,0,0,0,win,completed,0
2022,4039643,bd7b61d8491c931ef8587488d69e1f5f,,2,,2022-09-13,2022-09-19,186321,54773,Ronnie,131.08,123.08,131.3,124.28,6,8,8.43,99.03,1,-40.9,,186323,54776,Mike Long,161.12,122.51,4,10.36,27.266666666667,0,0,0,0,0,loss,completed,0
2022,4039693,d014e6d323de4d733d37a17447279799,,2,,2022-09-13,2022-09-19,186324,108588,Frank & Julian,128.76,43.16,132.38,133.46,7,7,8.28,93.48,4,31.85,,186314,54762,Antdell & Ernie,67.7,127.69,12,4.35,0,0,0,0,0,0,win,completed,0
2022,4039513,096e70b657198d617cc7a87aedaee271,,2,,2022-09-13,2022-09-19,186313,108581,Richie,100.9,96.9,126.65,110.2,11,10,6.49,87.93,8,-7.5833333333333,,186319,108587,Pung & Tralie,104.78,124.7,10,6.74,75.833333333333,0,0,0,0,0,loss,completed,2
2022,4039546,38ec1b43494276df4bae990c741485d4,,2,,2022-09-13,2022-09-19,186315,108592,Chris & Dom,169.68,154.68,127.84,158.78,1,4,10.91,97.42,3,7.5833333333333,,186317,108582,John Juliano,167.62,124.38,2,10.78,-75.833333333333,0,0,0,0,0,win,completed,4
2022,4039562,c94b14377a48d323541050bf06f728a4,,2,,2022-09-13,2022-09-19,186316,108589,Phil Baldino,135.26,130.26,139.15,150.66,5,5,8.7,69.67,12,30.333333333333,,186322,54774,Cambrias,113.18,129.74,8,7.28,-24.266666666667,0,0,0,0,0,win,completed,0
2022,4039530,d014e6d323de4d733d37a17447279799,,2,,2022-09-13,2022-09-19,186314,54762,Antdell & Ernie,67.7,67.7,127.69,93.1,12,12,4.35,72.72,11,0,,186324,108588,Frank & Julian,128.76,132.38,7,8.28,31.85,0,0,0,0,0,loss,completed,0
2022,4039531,8e9d86d72358f6d8a5400034d8988204,,3,,2022-09-20,2022-09-26,186314,54762,Antdell & Ernie,91.26,71.36,121.22,114.76,10,9,6.77,76.91,7,-9.1,,186319,108587,Pung & Tralie,120.36,124.52,5,8.93,22.75,0,0,0,0,0,loss,completed,0
2022,4039547,518817c1f34980b06c791c87f26dc1e4,,3,,2022-09-20,2022-09-26,186315,108592,Chris & Dom,91.3,87.3,130.35,124.7,9,7,6.77,70.01,10,-13.65,,186318,108584,Nolan & Vinny,125.8,139.76,4,9.33,18.2,0,0,0,0,0,loss,completed,0
2022,4039563,9347dd033ba85e9db300124f96db40a4,,3,,2022-09-20,2022-09-26,186316,108589,Phil Baldino,88.54,77.04,126.74,109.08,11,12,6.57,70.63,9,-2.2666666666667,,186313,108581,Richie,127.28,121.9,3,9.44,6.8,0,0,0,0,0,loss,completed,0
2022,4039514,9347dd033ba85e9db300124f96db40a4,,3,,2022-09-20,2022-09-26,186313,108581,Richie,127.28,124.28,121.9,138.88,3,4,9.44,89.49,5,6.8,,186316,108589,Phil Baldino,88.54,126.74,11,6.57,-2.2666666666667,0,0,0,0,0,win,completed,0
2022,4039677,8a0ac8d4b4251a15f7c0cb1591a600d5,,3,,2022-09-20,2022-09-26,186323,54776,Mike Long,135.42,127.42,131.41,136.02,2,5,10.04,93.68,4,-75.833333333333,,186320,108590,Rob & GregBo,151.08,131.01,1,11.2,7.5833333333333,0,0,0,0,0,loss,completed,2
2022,4039644,0a878a25430174fd867c309062a23cf5,,3,,2022-09-20,2022-09-26,186321,54773,Ronnie,102.82,96.82,128.87,111.02,8,11,7.62,87.21,6,42.4,,186322,54774,Cambrias,79.56,129.9,12,5.9,0,0,0,0,0,0,win,completed,0
2022,4039661,0a878a25430174fd867c309062a23cf5,,3,,2022-09-20,2022-09-26,186322,54774,Cambrias,79.56,79.56,129.9,122.76,12,8,5.9,64.81,12,0,,186321,54773,Ronnie,102.82,128.87,8,7.62,42.4,0,0,0,0,0,loss,completed,0
2022,4039628,8a0ac8d4b4251a15f7c0cb1591a600d5,,3,,2022-09-20,2022-09-26,186320,108590,Rob & GregBo,151.08,144.08,131.01,148.48,1,3,11.2,97.04,1,7.5833333333333,,186323,54776,Mike Long,135.42,131.41,2,10.04,-75.833333333333,0,0,0,0,0,win,completed,2
2022,4039579,bb1b15f8893a50891714cff24a3bb9a8,,3,,2022-09-20,2022-09-26,186317,108582,John Juliano,116.8,88.8,122.34,113.7,7,10,8.66,94.81,2,-37.916666666667,,186324,108588,Frank & Julian,118.26,129.27,6,8.77,45.5,0,0,0,0,0,loss,completed,2
2022,4039596,518817c1f34980b06c791c87f26dc1e4,,3,,2022-09-20,2022-09-26,186318,108584,Nolan & Vinny,125.8,114.8,139.76,173,4,1,9.33,66.36,11,18.2,,186315,108592,Chris & Dom,91.3,130.35,9,6.77,-13.65,0,0,0,0,0,win,completed,0
2022,4039612,8e9d86d72358f6d8a5400034d8988204,,3,,2022-09-20,2022-09-26,186319,108587,Pung & Tralie,120.36,120.36,124.52,127.44,5,6,8.93,94.44,3,22.75,,186314,54762,Antdell & Ernie,91.26,121.22,10,6.77,-9.1,0,0,0,0,0,win,completed,0
2022,4039694,bb1b15f8893a50891714cff24a3bb9a8,,3,,2022-09-20,2022-09-26,186324,108588,Frank & Julian,118.26,116.26,129.27,152.76,6,2,8.77,76.11,8,45.5,,186317,108582,John Juliano,116.8,122.34,7,8.66,-37.916666666667,0,0,0,0,0,win,completed,2
2022,4039695,c992d1a9982109de1c93b59ad3ca4e6e,,4,,2022-09-27,2022-10-03,186324,108588,Frank & Julian,151.48,146.48,137.02,159.28,4,3,9.68,91.96,4,24.266666666667,,186315,108592,Chris & Dom,117.52,130.02,7,7.51,-30.333333333333,0,0,0,0,0,win,completed,0
2022,4039678,a67ee1baa69430daacc83a6bde7823f5,,4,,2022-09-27,2022-10-03,186323,54776,Mike Long,102.96,88.9,115.34,125.86,10,10,6.58,80.22,11,-3.0333333333333,,186318,108584,Nolan & Vinny,186.28,129.67,1,11.91,1.5166666666667,0,0,0,0,0,loss,completed,0
2022,4039645,f3fc3f17d1f2ee62238f5a7b9b4c9c9f,,4,,2022-09-27,2022-10-03,186321,54773,Ronnie,117.52,113.52,124.85,129.72,7,7,7.51,87.51,7,-26.5,,186313,108581,Richie,163.72,123.61,3,10.46,15.9,0,0,0,0,0,loss,completed,0
2022,4039662,3c97ac01ce9aa86205dfa46136ff5cbe,,4,,2022-09-27,2022-10-03,186322,54774,Cambrias,113.48,111.48,132.02,131.28,9,6,7.25,84.92,8,61.35,,186320,108590,Rob & GregBo,102.76,132.39,11,6.57,-6.8166666666667,0,0,0,0,0,win,completed,0
2022,4039564,44d6cb402bffe5bc6dabfb078139ce57,,4,,2022-09-27,2022-10-03,186316,108589,Phil Baldino,123.8,84.3,135.5,129.7,6,8,7.91,76.18,12,-45.5,,186314,54762,Antdell & Ernie,124.86,118.99,5,7.98,37.916666666667,0,0,0,0,0,loss,completed,2
2022,4039548,c992d1a9982109de1c93b59ad3ca4e6e,,4,,2022-09-27,2022-10-03,186315,108592,Chris & Dom,117.52,112.52,130.02,126.32,7,9,7.51,89.08,6,-30.333333333333,,186324,108588,Frank & Julian,151.48,137.02,4,9.68,24.266666666667,0,0,0,0,0,loss,completed,0
2022,4039515,f3fc3f17d1f2ee62238f5a7b9b4c9c9f,,4,,2022-09-27,2022-10-03,186313,108581,Richie,163.72,153.72,123.61,153.72,3,4,10.46,100,1,15.9,,186321,54773,Ronnie,117.52,124.85,7,7.51,-26.5,0,0,0,0,0,win,completed,0
2022,4039532,44d6cb402bffe5bc6dabfb078139ce57,,4,,2022-09-27,2022-10-03,186314,54762,Antdell & Ernie,124.86,120.86,118.99,145.66,5,5,7.98,82.97,9,37.916666666667,,186316,108589,Phil Baldino,123.8,135.5,6,7.91,-45.5,0,0,0,0,0,win,completed,2
2022,4039629,3c97ac01ce9aa86205dfa46136ff5cbe,,4,,2022-09-27,2022-10-03,186320,108590,Rob & GregBo,102.76,96.76,132.39,116.96,11,11,6.57,82.73,10,-6.8166666666667,,186322,54774,Cambrias,113.48,132.02,9,7.25,61.35,0,0,0,0,0,loss,completed,0
2022,4039597,a67ee1baa69430daacc83a6bde7823f5,,4,,2022-09-27,2022-10-03,186318,108584,Nolan & Vinny,186.28,176.28,129.67,179.2,1,1,11.91,98.37,2,1.5166666666667,,186323,54776,Mike Long,102.96,115.34,10,6.58,-3.0333333333333,0,0,0,0,0,win,completed,0
2022,4039613,6a26b2904d051a99accfc4a9d2540cd2,,4,,2022-09-27,2022-10-03,186319,108587,Pung & Tralie,170.1,161.1,125.07,177.7,2,2,10.87,90.66,5,1.5,,186317,108582,John Juliano,90.16,120.83,12,5.76,0,0,0,0,0,0,win,completed,0
2022,4039580,6a26b2904d051a99accfc4a9d2540cd2,,4,,2022-09-27,2022-10-03,186317,108582,John Juliano,90.16,85.76,120.83,99.16,12,12,5.76,92.94,3,0,,186319,108587,Pung & Tralie,170.1,125.07,2,10.87,1.5,0,0,0,0,0,loss,completed,0
2022,4039614,3629a0825c30af9c38a1bd33fc4df628,,5,,2022-10-04,2022-10-10,186319,108587,Pung & Tralie,109.64,105.64,126.74,123.08,10,8,7.25,85.83,6,75.833333333333,,186324,108588,Frank & Julian,103.16,131.46,11,6.82,-7.5833333333333,0,0,0,0,0,win,completed,1
2022,4039598,e9817f6519f9a3293efb140762f671eb,,5,,2022-10-04,2022-10-10,186318,108584,Nolan & Vinny,150.78,144.78,129.85,151.48,1,6,9.97,95.58,2,6.8166666666667,,186322,54774,Cambrias,140.2,133.94,3,9.27,-61.35,0,0,0,0,0,win,completed,1
2022,4039581,08e2216810eaca9bb300962595be72b6,,5,,2022-10-04,2022-10-10,186317,108582,John Juliano,87.76,87.76,128.42,104.96,12,10,5.8100000000000005,83.61,8,0,,186316,108589,Phil Baldino,118.52,132.89,8,7.84,42.4,0,0,0,0,0,loss,completed,0
2022,4039663,e9817f6519f9a3293efb140762f671eb,,5,,2022-10-04,2022-10-10,186322,54774,Cambrias,140.2,132.2,133.94,156.5,3,5,9.27,84.47,7,-61.35,,186318,108584,Nolan & Vinny,150.78,129.85,1,9.97,6.8166666666667,0,0,0,0,0,loss,completed,1
2022,4039646,b3bf531fe9b59d80686f2086f7fad300,,5,,2022-10-04,2022-10-10,186321,54773,Ronnie,138.64,106.14,115.76,149.14,4,7,9.17,83.57,9,24.266666666667,,186314,54762,Antdell & Ernie,131.26,131.33,7,8.68,-30.333333333333,0,0,0,0,0,win,completed,1
2022,4039679,0d0d58d4462f1888a07a0fe864a33caa,,5,,2022-10-04,2022-10-10,186323,54776,Mike Long,137.86,128.86,131.82,161.74,5,1,9.12,79.67,12,26.5,,186315,108592,Chris & Dom,116.46,124.43,9,7.7,-15.9,0,0,0,0,0,win,completed,0
2022,4039630,1a9007f3f073e9911d453c5a20b02dd0,,5,,2022-10-04,2022-10-10,186320,108590,Rob & GregBo,135.38,126.38,128.18,157.98,6,3,8.96,80,11,-31.8,,186313,108581,Richie,142.06,121.56,2,9.4,10.6,0,0,0,0,0,loss,completed,1
2022,4039696,3629a0825c30af9c38a1bd33fc4df628,,5,,2022-10-04,2022-10-10,186324,108588,Frank & Julian,103.16,98.16,131.46,109.96,11,9,6.82,89.27,4,-7.5833333333333,,186319,108587,Pung & Tralie,109.64,126.74,10,7.25,75.833333333333,0,0,0,0,0,loss,completed,1
2022,4039549,0d0d58d4462f1888a07a0fe864a33caa,,5,,2022-10-04,2022-10-10,186315,108592,Chris & Dom,116.46,100.46,124.43,100.46,9,12,7.7,100,1,-15.9,,186323,54776,Mike Long,137.86,131.82,5,9.12,26.5,0,0,0,0,0,loss,completed,0
2022,4039565,08e2216810eaca9bb300962595be72b6,,5,,2022-10-04,2022-10-10,186316,108589,Phil Baldino,118.52,114.52,132.89,104.82,8,11,7.84,86.93,5,42.4,,186317,108582,John Juliano,87.76,128.42,12,5.8100000000000005,0,0,0,0,0,0,win,completed,0
2022,4039516,1a9007f3f073e9911d453c5a20b02dd0,,5,,2022-10-04,2022-10-10,186313,108581,Richie,142.06,130.66,121.56,156.76,2,4,9.4,90.62,3,10.6,,186320,108590,Rob & GregBo,135.38,128.18,6,8.96,-31.8,0,0,0,0,0,win,completed,1
2022,4039533,b3bf531fe9b59d80686f2086f7fad300,,5,,2022-10-04,2022-10-10,186314,54762,Antdell & Ernie,131.26,130.26,131.33,159.76,7,2,8.68,81.53,10,-30.333333333333,,186321,54773,Ronnie,138.64,115.76,4,9.17,24.266666666667,0,0,0,0,0,loss,completed,1
2022,4039566,92f86f6dfe527b6e682769b0fbb795b4,,6,,2022-10-11,2022-10-17,186316,108589,Phil Baldino,91.82,72.02,127.4,100.62,12,9,6.79,87.58,10,0,,186324,108588,Frank & Julian,99.62,128.74,8,7.36,42.4,0,0,0,0,0,loss,completed,1
2022,4039534,df822205b0350a8250c7deeef8a85718,,6,,2022-10-11,2022-10-17,186314,54762,Antdell & Ernie,110.26,100.46,119.05,139.8,5,4,8.15,79.59,12,-42.466666666667,,186320,108590,Rob & GregBo,147.12,129.43,2,10.87,12.133333333333,0,0,0,0,0,loss,completed,1
2022,4039550,35d12772e217be946cd18c74e89d2bfe,,6,,2022-10-11,2022-10-17,186315,108592,Chris & Dom,103.26,97.26,120.26,97.26,6,10,7.63,100,1,31.8,,186319,108587,Pung & Tralie,97.82,125.27,10,7.23,-10.6,0,0,0,0,0,win,completed,1
2022,4039517,8a095f5c0301a9a7b70773a35da59f2c,,6,,2022-10-11,2022-10-17,186313,108581,Richie,116.94,102.14,115.79,120.84,4,5,8.64,93.46,6,-48.533333333333,,186318,108584,Nolan & Vinny,147.8,128.18,1,10.92,6.0666666666667,0,0,0,0,0,loss,completed,1
2022,4039631,df822205b0350a8250c7deeef8a85718,,6,,2022-10-11,2022-10-17,186320,108590,Rob & GregBo,147.12,135.12,129.43,146.22,2,1,10.87,92.41,7,12.133333333333,,186314,54762,Antdell & Ernie,110.26,119.05,5,8.15,-42.466666666667,0,0,0,0,0,win,completed,1
2022,4039664,026e10065f613fa0dbd3aa58a22c04e2,,6,,2022-10-11,2022-10-17,186322,54774,Cambrias,143.68,141.68,128.54,145.68,3,2,10.62,97.25,4,6.8,,186323,54776,Mike Long,93.8,115.33,11,6.93,-2.2666666666667,0,0,0,0,0,win,completed,0
2022,4039680,026e10065f613fa0dbd3aa58a22c04e2,,6,,2022-10-11,2022-10-17,186323,54776,Mike Long,93.8,79.5,115.33,93.2,11,11,6.93,98.5,3,-2.2666666666667,,186322,54774,Cambrias,143.68,128.54,3,10.62,6.8,0,0,0,0,0,loss,completed,0
2022,4039647,b694f127726f57b193bc1f1e2053df56,,6,,2022-10-11,2022-10-17,186321,54773,Ronnie,99.28,92.28,115.04,115.18,9,6,7.34,80.12,11,-20.45,,186317,108582,John Juliano,101.8,119.89,7,7.52,47.716666666667,0,0,0,0,0,loss,completed,2
2022,4039615,35d12772e217be946cd18c74e89d2bfe,,6,,2022-10-11,2022-10-17,186319,108587,Pung & Tralie,97.82,92.82,125.27,92.82,10,12,7.23,100,2,-10.6,,186315,108592,Chris & Dom,103.26,120.26,6,7.63,31.8,0,0,0,0,0,loss,completed,1
2022,4039582,b694f127726f57b193bc1f1e2053df56,,6,,2022-10-11,2022-10-17,186317,108582,John Juliano,101.8,97.8,119.89,107.9,7,8,7.52,90.64,8,47.716666666667,,186321,54773,Ronnie,99.28,115.04,9,7.34,-20.45,0,0,0,0,0,win,completed,2
2022,4039599,8a095f5c0301a9a7b70773a35da59f2c,,6,,2022-10-11,2022-10-17,186318,108584,Nolan & Vinny,147.8,138.8,128.18,143.2,1,3,10.92,96.93,5,6.0666666666667,,186313,108581,Richie,116.94,115.79,4,8.64,-48.533333333333,0,0,0,0,0,win,completed,1
2022,4039697,92f86f6dfe527b6e682769b0fbb795b4,,6,,2022-10-11,2022-10-17,186324,108588,Frank & Julian,99.62,95.62,128.74,109.02,8,7,7.36,87.71,9,42.4,,186316,108589,Phil Baldino,91.82,127.4,12,6.79,0,0,0,0,0,0,win,completed,1
2022,4039698,08cd7abc7bbc64f0c8a650f5bb460db4,,7,,2022-10-18,2022-10-24,186324,108588,Frank & Julian,123.92,122.92,117.28,132.02,4,2,8.7,93.11,6,15.133333333333,,186321,54773,Ronnie,100.1,106.43,10,7.03,-7.5666666666667,0,0,0,0,0,win,completed,0
2022,4039665,750f5771a6a9ee185635614aa958dc81,,7,,2022-10-18,2022-10-24,186322,54774,Cambrias,123.96,102.06,119.16,131.46,3,4,8.7,90.49,7,4.55,,186315,108592,Chris & Dom,76.26,105.53,12,5.35,0,0,0,0,0,0,win,completed,0
2022,4039681,319c73ac01b119f164be1685b8fa05e8,,7,,2022-10-18,2022-10-24,186323,54776,Mike Long,107.2,107.2,126.93,121.9,8,6,7.53,87.94,10,60.666666666667,,186313,108581,Richie,107.02,120.92,9,7.51,-22.75,0,0,0,0,0,win,completed,3
2022,4039632,7bda42c0871d5fc4198305afe9e1bd05,,7,,2022-10-18,2022-10-24,186320,108590,Rob & GregBo,141.72,124.72,127.77,131.72,2,3,9.95,94.69,3,3.0333333333333,,186317,108582,John Juliano,81.42,115.47,11,5.72,-1.5166666666667,0,0,0,0,0,win,completed,0
2022,4039648,08cd7abc7bbc64f0c8a650f5bb460db4,,7,,2022-10-18,2022-10-24,186321,54773,Ronnie,100.1,59.1,106.43,101.54,10,11,7.03,93.66,4,-7.5666666666667,,186324,108588,Frank & Julian,123.92,117.28,4,8.7,15.133333333333,0,0,0,0,0,loss,completed,0
2022,4039567,7cd340b148bd65a55a55f10f5a2ee5e7,,7,,2022-10-18,2022-10-24,186316,108589,Phil Baldino,119.82,76.1,132.95,103.82,6,8,8.41,89.79,8,45.5,,186319,108587,Pung & Tralie,116.96,112.93,7,8.21,-37.916666666667,0,0,0,0,0,win,completed,2
2022,4039551,750f5771a6a9ee185635614aa958dc81,,7,,2022-10-18,2022-10-24,186315,108592,Chris & Dom,76.26,72.26,105.53,101.66,12,10,5.35,71.08,12,0,,186322,54774,Cambrias,123.96,119.16,3,8.7,4.55,0,0,0,0,0,loss,completed,0
2022,4039518,319c73ac01b119f164be1685b8fa05e8,,7,,2022-10-18,2022-10-24,186313,108581,Richie,107.02,102.02,120.92,114.52,9,7,7.51,89.08,9,-22.75,,186323,54776,Mike Long,107.2,126.93,8,7.53,60.666666666667,0,0,0,0,0,loss,completed,3
2022,4039535,5d153df75c81ae25dc42b04616c83bd4,,7,,2022-10-18,2022-10-24,186314,54762,Antdell & Ernie,121.76,116.76,116.89,125,5,5,8.55,93.41,5,-37.1,,186318,108584,Nolan & Vinny,204.44,134.59,1,14.35,5.3,0,0,0,0,0,loss,completed,1
2022,4039616,7cd340b148bd65a55a55f10f5a2ee5e7,,7,,2022-10-18,2022-10-24,186319,108587,Pung & Tralie,116.96,110.96,112.93,103.14,7,9,8.21,107.58,1,-37.916666666667,,186316,108589,Phil Baldino,119.82,132.95,6,8.41,45.5,0,0,0,0,0,loss,completed,2
2022,4039600,5d153df75c81ae25dc42b04616c83bd4,,7,,2022-10-18,2022-10-24,186318,108584,Nolan & Vinny,204.44,189.44,134.59,193.24,1,1,14.35,98.03,2,5.3,,186314,54762,Antdell & Ernie,121.76,116.89,5,8.55,-37.1,0,0,0,0,0,win,completed,1
2022,4039583,7bda42c0871d5fc4198305afe9e1bd05,,7,,2022-10-18,2022-10-24,186317,108582,John Juliano,81.42,80.9,115.47,92.92,11,12,5.72,87.62,11,-1.5166666666667,,186320,108590,Rob & GregBo,141.72,127.77,2,9.95,3.0333333333333,0,0,0,0,0,loss,completed,0
2022,4039601,eb70757d1f812b109a7d822838f63a80,,8,,2022-10-25,2022-10-31,186318,108584,Nolan & Vinny,145.38,136.38,123.96,147.38,2,5,8.98,92.54,7,3.0333333333333,,186317,108582,John Juliano,122.56,123.77,11,7.57,-1.5166666666667,0,0,0,0,0,win,completed,0
2022,4039617,75cbdc2b36047ecf8d0c10f0217fbd2a,,8,,2022-10-25,2022-10-31,186319,108587,Pung & Tralie,131.12,120.82,120.61,128.92,9,9,8.1,94.73,5,-18.2,,186321,54773,Ronnie,133.98,113.1,6,8.28,36.4,0,0,0,0,0,loss,completed,2
2022,4039584,eb70757d1f812b109a7d822838f63a80,,8,,2022-10-25,2022-10-31,186317,108582,John Juliano,122.56,112.56,123.77,122.36,11,11,7.57,83.74,12,-1.5166666666667,,186318,108584,Nolan & Vinny,145.38,123.96,2,8.98,3.0333333333333,0,0,0,0,0,loss,completed,0
2022,4039666,96f333af4cf38d46b71e3e20c101e852,,8,,2022-10-25,2022-10-31,186322,54774,Cambrias,136.2,123.7,119.41,132.6,4,7,8.42,96.68,1,-60.666666666667,,186313,108581,Richie,139.9,123.99,3,8.65,22.75,0,0,0,0,0,loss,completed,3
2022,4039649,75cbdc2b36047ecf8d0c10f0217fbd2a,,8,,2022-10-25,2022-10-31,186321,54773,Ronnie,133.98,128.98,113.1,152.38,6,3,8.28,84.64,10,36.4,,186319,108587,Pung & Tralie,131.12,120.61,9,8.1,-18.2,0,0,0,0,0,win,completed,2
2022,4039682,d7502ee71e459f0fad512c3acfe6e556,,8,,2022-10-25,2022-10-31,186323,54776,Mike Long,134.32,130.32,122.1,154.08,5,2,8.3,84.58,11,34.083333333333,,186314,54762,Antdell & Ernie,132.24,126.01,7,8.17,-34.083333333333,0,0,0,0,0,win,completed,2
2022,4039633,a3c18b37f384543a3a7d7f2f33a8d652,,8,,2022-10-25,2022-10-31,186320,108590,Rob & GregBo,132.04,110.04,120.19,152.04,8,4,8.16,85.53,9,54.533333333333,,186324,108588,Frank & Julian,123.98,119.58,10,7.66,-13.633333333333,0,0,0,0,0,win,completed,1
2022,4039699,a3c18b37f384543a3a7d7f2f33a8d652,,8,,2022-10-25,2022-10-31,186324,108588,Frank & Julian,123.98,119.98,119.58,126.38,10,10,7.66,94.94,4,-13.633333333333,,186320,108590,Rob & GregBo,132.04,120.19,8,8.16,54.533333333333,0,0,0,0,0,loss,completed,1
2022,4039552,90922653f2e171ba4140489130a3149b,,8,,2022-10-25,2022-10-31,186315,108592,Chris & Dom,177.32,133.42,138.87,175.62,1,1,10.96,95.27,3,0,,186316,108589,Phil Baldino,109.2,118.89,12,6.75,0,0,0,0,0,0,win,completed,0
2022,4039536,d7502ee71e459f0fad512c3acfe6e556,,8,,2022-10-25,2022-10-31,186314,54762,Antdell & Ernie,132.24,124.24,126.01,129.24,7,8,8.17,96.13,2,-34.083333333333,,186323,54776,Mike Long,134.32,122.1,5,8.3,34.083333333333,0,0,0,0,0,loss,completed,2
2022,4039519,96f333af4cf38d46b71e3e20c101e852,,8,,2022-10-25,2022-10-31,186313,108581,Richie,139.9,130.9,123.99,144.9,3,6,8.65,90.34,8,22.75,,186322,54774,Cambrias,136.2,119.41,4,8.42,-60.666666666667,0,0,0,0,0,win,completed,3
2022,4039568,90922653f2e171ba4140489130a3149b,,8,,2022-10-25,2022-10-31,186316,108589,Phil Baldino,109.2,104.2,118.89,111.7,12,12,6.75,93.29,6,0,,186315,108592,Chris & Dom,177.32,138.87,1,10.96,0,0,0,0,0,0,loss,completed,0
2022,4039537,e44632862f98cee715e7b8df3e8a4400,,9,,2022-11-01,2022-11-07,186314,54762,Antdell & Ernie,153.6,150.6,125.73,152.5,1,1,11.01,98.75,3,6.8166666666667,,186322,54774,Cambrias,124.1,128.32,3,8.89,-61.35,0,0,0,0,0,win,completed,1
2022,4039553,61465e427cd495f08a7f4dc85a56bc09,,9,,2022-11-01,2022-11-07,186315,108592,Chris & Dom,93.2,91.2,131.17,115.6,12,9,6.68,78.89,12,0,,186313,108581,Richie,133.82,122.95,2,9.59,1.5,0,0,0,0,0,loss,completed,0
2022,4039520,61465e427cd495f08a7f4dc85a56bc09,,9,,2022-11-01,2022-11-07,186313,108581,Richie,133.82,123.82,122.95,128.42,2,4,9.59,96.42,5,1.5,,186315,108592,Chris & Dom,93.2,131.17,12,6.68,0,0,0,0,0,0,win,completed,0
2022,4039569,f0c5370e1bda27880d3ce0463060cf95,,9,,2022-11-01,2022-11-07,186316,108589,Phil Baldino,102.5,98.8,99.44,100.5,11,10,7.35,100,1,-5.3,,186321,54773,Ronnie,112,117.81,7,8.03,37.1,0,0,0,0,0,loss,completed,1
2022,4039650,f0c5370e1bda27880d3ce0463060cf95,,9,,2022-11-01,2022-11-07,186321,54773,Ronnie,112,109,117.81,121.1,7,6,8.03,90.01,8,37.1,,186316,108589,Phil Baldino,102.5,99.44,11,7.35,-5.3,0,0,0,0,0,win,completed,1
2022,4039667,e44632862f98cee715e7b8df3e8a4400,,9,,2022-11-01,2022-11-07,186322,54774,Cambrias,124.1,119.1,128.32,136.1,3,2,8.89,87.51,10,-61.35,,186314,54762,Antdell & Ernie,153.6,125.73,1,11.01,6.8166666666667,0,0,0,0,0,loss,completed,1
2022,4039634,0d898ae1405cf763477c20cb3ed97793,,9,,2022-11-01,2022-11-07,186320,108590,Rob & GregBo,119.64,117.64,117.01,119.24,5,7,8.57,98.66,4,26.5,,186319,108587,Pung & Tralie,105.78,102.89,9,7.58,-15.9,0,0,0,0,0,win,completed,0
2022,4039683,0bc4e6e81549f63f536faec777ad8e16,,9,,2022-11-01,2022-11-07,186323,54776,Mike Long,104.22,102.22,126.56,117.02,10,8,7.47,87.35,11,-13.633333333333,,186317,108582,John Juliano,108.82,124.87,8,7.8,54.533333333333,0,0,0,0,0,loss,completed,2
2022,4039618,0d898ae1405cf763477c20cb3ed97793,,9,,2022-11-01,2022-11-07,186319,108587,Pung & Tralie,105.78,99.78,102.89,99.78,9,11,7.58,100,2,-15.9,,186320,108590,Rob & GregBo,119.64,117.01,5,8.57,26.5,0,0,0,0,0,loss,completed,0
2022,4039602,d83b20c1ff62936053a82912389e153a,,9,,2022-11-01,2022-11-07,186318,108584,Nolan & Vinny,119.84,117.84,127.05,128.84,4,3,8.59,91.46,6,27.266666666667,,186324,108588,Frank & Julian,117.9,119.21,6,8.45,-40.9,0,0,0,0,0,win,completed,2
2022,4039585,0bc4e6e81549f63f536faec777ad8e16,,9,,2022-11-01,2022-11-07,186317,108582,John Juliano,108.82,89.22,124.87,97.92,8,12,7.8,91.12,7,54.533333333333,,186323,54776,Mike Long,104.22,126.56,10,7.47,-13.633333333333,0,0,0,0,0,win,completed,2
2022,4039700,d83b20c1ff62936053a82912389e153a,,9,,2022-11-01,2022-11-07,186324,108588,Frank & Julian,117.9,108.9,119.21,123.5,6,5,8.45,88.18,9,-40.9,,186318,108584,Nolan & Vinny,119.84,127.05,4,8.59,27.266666666667,0,0,0,0,0,loss,completed,2
2022,4039701,6b4d029b1bae674a41e3612942a797ca,,10,,2022-11-08,2022-11-14,186324,108588,Frank & Julian,92.94,84.94,108.28,99.44,12,11,6.36,87.43,9,0,,186323,54776,Mike Long,96.48,121.05,11,6.61,83.416666666667,0,0,0,0,0,loss,completed,2
2022,4039635,7036d195ac0a2b7ff0b10ebd4933a61e,,10,,2022-11-08,2022-11-14,186320,108590,Rob & GregBo,129.54,114.54,123.9,138.64,6,4,8.87,82.62,11,36.4,,186316,108589,Phil Baldino,101.6,119.96,9,6.96,-18.2,0,0,0,0,0,win,completed,0
2022,4039684,6b4d029b1bae674a41e3612942a797ca,,10,,2022-11-08,2022-11-14,186323,54776,Mike Long,96.48,90.48,121.05,113.78,11,7,6.61,79.52,12,83.416666666667,,186324,108588,Frank & Julian,92.94,108.28,12,6.36,0,0,0,0,0,0,win,completed,2
2022,4039651,85642898becc4273fd75f9fb63a6cfa7,,10,,2022-11-08,2022-11-14,186321,54773,Ronnie,111.8,82.2,112.43,113.5,7,8,7.66,92.33,6,-30.333333333333,,186315,108592,Chris & Dom,132.4,123.46,4,9.07,24.266666666667,0,0,0,0,0,loss,completed,0
2022,4039668,3e8d418291a398b67e55d392f085e8d5,,10,,2022-11-08,2022-11-14,186322,54774,Cambrias,163.06,158.06,139.51,174.56,1,1,11.17,90.55,8,6.8166666666667,,186317,108582,John Juliano,141.8,117.29,3,9.71,-61.35,0,0,0,0,0,win,completed,1
2022,4039554,85642898becc4273fd75f9fb63a6cfa7,,10,,2022-11-08,2022-11-14,186315,108592,Chris & Dom,132.4,112.8,123.46,131.7,4,5,9.07,99.01,3,24.266666666667,,186321,54773,Ronnie,111.8,112.43,7,7.66,-30.333333333333,0,0,0,0,0,win,completed,0
2022,4039570,7036d195ac0a2b7ff0b10ebd4933a61e,,10,,2022-11-08,2022-11-14,186316,108589,Phil Baldino,101.6,95.6,119.96,110.2,9,9,6.96,86.75,10,-18.2,,186320,108590,Rob & GregBo,129.54,123.9,6,8.87,36.4,0,0,0,0,0,loss,completed,0
2022,4039521,5fc075b7e6e9d22aafab3c6093b9089a,,10,,2022-11-08,2022-11-14,186313,108581,Richie,98.08,90.08,117.74,97.68,10,12,6.72,92.22,7,-4.5333333333333,,186314,54762,Antdell & Ernie,154.82,124.25,2,10.6,4.5333333333333,0,0,0,0,0,loss,completed,0
2022,4039538,5fc075b7e6e9d22aafab3c6093b9089a,,10,,2022-11-08,2022-11-14,186314,54762,Antdell & Ernie,154.82,149.82,124.25,150.62,2,2,10.6,99.47,2,4.5333333333333,,186313,108581,Richie,98.08,117.74,10,6.72,-4.5333333333333,0,0,0,0,0,win,completed,0
2022,4039619,9d2ab07216f0fd5f4b68890b9f461ee3,,10,,2022-11-08,2022-11-14,186319,108587,Pung & Tralie,107.5,100.5,118.82,105.8,8,10,7.36,94.99,5,-24.266666666667,,186318,108584,Nolan & Vinny,130.28,135.68,5,8.92,30.333333333333,0,0,0,0,0,loss,completed,0
2022,4039603,9d2ab07216f0fd5f4b68890b9f461ee3,,10,,2022-11-08,2022-11-14,186318,108584,Nolan & Vinny,130.28,90.18,135.68,122.28,5,6,8.92,100,1,30.333333333333,,186319,108587,Pung & Tralie,107.5,118.82,8,7.36,-24.266666666667,0,0,0,0,0,win,completed,0
2022,4039586,3e8d418291a398b67e55d392f085e8d5,,10,,2022-11-08,2022-11-14,186317,108582,John Juliano,141.8,136.8,117.29,142.2,3,3,9.71,96.2,4,-61.35,,186322,54774,Cambrias,163.06,139.51,1,11.17,6.8166666666667,0,0,0,0,0,loss,completed,1
2022,4039620,6fd20ff32d210c789cf69a7015ea247b,,11,,2022-11-15,2022-11-21,186319,108587,Pung & Tralie,95.04,93.04,112.81,101.34,11,11,6.42,91.81,8,-3.0333333333333,,186323,54776,Mike Long,135.66,129.35,4,9.17,12.133333333333,0,0,0,0,0,loss,completed,0
2022,4039571,a7480432fd6be7e2adccc29665ac4acc,,11,,2022-11-15,2022-11-21,186316,108589,Phil Baldino,134.5,126.5,127.99,142.5,5,3,9.09,87.02,10,37.916666666667,,186318,108584,Nolan & Vinny,126.3,120.78,6,8.54,-45.5,0,0,0,0,0,win,completed,1
2022,4039604,a7480432fd6be7e2adccc29665ac4acc,,11,,2022-11-15,2022-11-21,186318,108584,Nolan & Vinny,126.3,118.3,120.78,118.3,6,8,8.54,100,1,-45.5,,186316,108589,Phil Baldino,134.5,127.99,5,9.09,37.916666666667,0,0,0,0,0,loss,completed,1
2022,4039587,a89c635b27c721c9d11d7c35685dfa9d,,11,,2022-11-15,2022-11-21,186317,108582,John Juliano,121.2,118.2,112.78,128,7,6,8.19,92.34,7,-22.75,,186313,108581,Richie,138.28,116,2,9.35,9.1,0,0,0,0,0,loss,completed,0
2022,4039636,2a0cc8950bba3f11cf7f0fb918d99a2b,,11,,2022-11-15,2022-11-21,186320,108590,Rob & GregBo,111.86,104.86,114.53,105.56,9,10,7.5600000000000005,99.34,2,-22.75,,186321,54773,Ronnie,112.78,114.65,8,7.62,60.666666666667,0,0,0,0,0,loss,completed,3
2022,4039685,6fd20ff32d210c789cf69a7015ea247b,,11,,2022-11-15,2022-11-21,186323,54776,Mike Long,135.66,135.66,129.35,142.46,4,4,9.17,95.23,5,12.133333333333,,186319,108587,Pung & Tralie,95.04,112.81,11,6.42,-3.0333333333333,0,0,0,0,0,win,completed,0
2022,4039669,9399f7716f6a9546964c6bd45849c850,,11,,2022-11-15,2022-11-21,186322,54774,Cambrias,177.44,158.04,137.61,178.04,1,1,11.99,95.73,4,0,,186324,108588,Frank & Julian,87.58,101.02,12,5.92,0,0,0,0,0,0,win,completed,0
2022,4039652,2a0cc8950bba3f11cf7f0fb918d99a2b,,11,,2022-11-15,2022-11-21,186321,54773,Ronnie,112.78,107.78,114.65,111.18,8,9,7.62,96.94,3,60.666666666667,,186320,108590,Rob & GregBo,111.86,114.53,9,7.5600000000000005,-22.75,0,0,0,0,0,win,completed,3
2022,4039702,9399f7716f6a9546964c6bd45849c850,,11,,2022-11-15,2022-11-21,186324,108588,Frank & Julian,87.58,87.58,101.02,99.08,12,12,5.92,88.39,9,0,,186322,54774,Cambrias,177.44,137.61,1,11.99,0,0,0,0,0,0,loss,completed,0
2022,4039555,d89fe4bb815fb6349181344b5623d008,,11,,2022-11-15,2022-11-21,186315,108592,Chris & Dom,102.88,100.88,137.74,125.48,10,7,6.95,80.4,12,-6.0666666666667,,186314,54762,Antdell & Ernie,135.84,120.41,3,9.18,9.1,0,0,0,0,0,loss,completed,0
2022,4039522,a89c635b27c721c9d11d7c35685dfa9d,,11,,2022-11-15,2022-11-21,186313,108581,Richie,138.28,130.28,116,137.58,2,5,9.35,94.69,6,9.1,,186317,108582,John Juliano,121.2,112.78,7,8.19,-22.75,0,0,0,0,0,win,completed,0
2022,4039539,d89fe4bb815fb6349181344b5623d008,,11,,2022-11-15,2022-11-21,186314,54762,Antdell & Ernie,135.84,129.84,120.41,155.14,3,2,9.18,83.69,11,9.1,,186315,108592,Chris & Dom,102.88,137.74,10,6.95,-6.0666666666667,0,0,0,0,0,win,completed,0
2022,4039540,260d5f7740e15bb6bcec16b8322c32a6,,12,,2022-11-22,2022-11-28,186314,54762,Antdell & Ernie,169.5,116.7,124,173.1,1,1,11.45,94.45,2,6.8166666666667,,186317,108582,John Juliano,143.12,126.87,3,9.67,-61.35,0,0,0,0,0,win,completed,1
2022,4039556,47b6f3ad1127d3613e8bc9296a5b9396,,12,,2022-11-22,2022-11-28,186315,108592,Chris & Dom,151.62,128.92,129.87,146.62,2,3,10.24,100,1,1.5,,186320,108590,Rob & GregBo,102.6,137.13,12,6.93,0,0,0,0,0,0,win,completed,0
2022,4039523,f68fcf3a7e0e8474471af5c344d09981,,12,,2022-11-22,2022-11-28,186313,108581,Richie,102.98,98.98,112.61,117.28,11,8,6.96,84.4,11,-6.8166666666667,,186324,108588,Frank & Julian,104.08,118.36,9,7.03,61.35,0,0,0,0,0,loss,completed,2
2022,4039670,15f940d95d777d4c81ffb77fccf22d5e,,12,,2022-11-22,2022-11-28,186322,54774,Cambrias,115.44,111.44,145.34,134.24,7,6,7.8,83.02,12,42.466666666667,,186319,108587,Pung & Tralie,103.46,114.79,10,6.99,-12.133333333333,0,0,0,0,0,win,completed,0
2022,4039686,939fc2f26e1c16aec4383b42b0dae58d,,12,,2022-11-22,2022-11-28,186323,54776,Mike Long,109.76,105.76,134.28,113.36,8,10,7.42,93.3,4,-21.2,,186316,108589,Phil Baldino,132.06,126.91,4,8.92,21.2,0,0,0,0,0,loss,completed,0
2022,4039637,47b6f3ad1127d3613e8bc9296a5b9396,,12,,2022-11-22,2022-11-28,186320,108590,Rob & GregBo,102.6,99.6,137.13,105.6,12,12,6.93,94.32,3,0,,186315,108592,Chris & Dom,151.62,129.87,2,10.24,1.5,0,0,0,0,0,loss,completed,0
2022,4039653,62c79065bc84dabab0900fb48442a876,,12,,2022-11-22,2022-11-28,186321,54773,Ronnie,116.62,111.62,122.32,122.4,6,7,7.88,91.19,7,-45.5,,186318,108584,Nolan & Vinny,128.9,133.28,5,8.71,37.916666666667,0,0,0,0,0,loss,completed,0
2022,4039572,939fc2f26e1c16aec4383b42b0dae58d,,12,,2022-11-22,2022-11-28,186316,108589,Phil Baldino,132.06,125.06,126.91,136.76,4,5,8.92,91.44,6,21.2,,186323,54776,Mike Long,109.76,134.28,8,7.42,-21.2,0,0,0,0,0,win,completed,0
2022,4039621,15f940d95d777d4c81ffb77fccf22d5e,,12,,2022-11-22,2022-11-28,186319,108587,Pung & Tralie,103.46,79.76,114.79,109.26,10,11,6.99,92.86,5,-12.133333333333,,186322,54774,Cambrias,115.44,145.34,7,7.8,42.466666666667,0,0,0,0,0,loss,completed,0
2022,4039588,260d5f7740e15bb6bcec16b8322c32a6,,12,,2022-11-22,2022-11-28,186317,108582,John Juliano,143.12,141.12,126.87,155.72,3,2,9.67,90.62,9,-61.35,,186314,54762,Antdell & Ernie,169.5,124,1,11.45,6.8166666666667,0,0,0,0,0,loss,completed,1
2022,4039605,62c79065bc84dabab0900fb48442a876,,12,,2022-11-22,2022-11-28,186318,108584,Nolan & Vinny,128.9,126.9,133.28,139.8,5,4,8.71,90.77,8,37.916666666667,,186321,54773,Ronnie,116.62,122.32,6,7.88,-45.5,0,0,0,0,0,win,completed,0
2022,4039703,f68fcf3a7e0e8474471af5c344d09981,,12,,2022-11-22,2022-11-28,186324,108588,Frank & Julian,104.08,102.08,118.36,115.78,9,9,7.03,88.17,10,61.35,,186313,108581,Richie,102.98,112.61,11,6.96,-6.8166666666667,0,0,0,0,0,win,completed,2
2022,4039704,10031eccdc0e5b1b14f9a375ffe9dbd9,,13,,2022-11-29,2022-12-05,186324,108588,Frank & Julian,76.36,75.36,100.76,98.06,12,11,5.34,76.85,11,0,,186314,54762,Antdell & Ernie,131.24,130.2,3,9.18,4.55,0,0,0,0,0,loss,completed,0
2022,4039671,3942fd8fee6a4abb67ab5d2f55a9ee1f,,13,,2022-11-29,2022-12-05,186322,54774,Cambrias,123.4,117.4,139.58,134.54,5,6,8.63,87.26,7,34.083333333333,,186316,108589,Phil Baldino,117.8,131.45,7,8.24,-34.083333333333,0,0,0,0,0,win,completed,1
2022,4039638,81f5e97377ca41ad1ad4a15c48927b5e,,13,,2022-11-29,2022-12-05,186320,108590,Rob & GregBo,124.92,117.92,128.15,136.02,4,5,8.74,86.69,8,-48.533333333333,,186318,108584,Nolan & Vinny,166.84,143.04,1,11.67,6.0666666666667,0,0,0,0,0,loss,completed,1
2022,4039687,56470918e25687cddaf01b74a36f3a9c,,13,,2022-11-29,2022-12-05,186323,54776,Mike Long,108.34,105.34,131.62,138.32,9,4,7.58,76.16,12,-18.2,,186321,54773,Ronnie,123.2,125.77,6,8.62,36.4,0,0,0,0,0,loss,completed,0
2022,4039654,56470918e25687cddaf01b74a36f3a9c,,13,,2022-11-29,2022-12-05,186321,54773,Ronnie,123.2,117.2,125.77,132.98,6,7,8.62,88.13,5,36.4,,186323,54776,Mike Long,108.34,131.62,9,7.58,-18.2,0,0,0,0,0,win,completed,0
2022,4039541,10031eccdc0e5b1b14f9a375ffe9dbd9,,13,,2022-11-29,2022-12-05,186314,54762,Antdell & Ernie,131.24,116.04,130.2,150.24,3,3,9.18,87.35,6,4.55,,186324,108588,Frank & Julian,76.36,100.76,12,5.34,0,0,0,0,0,0,win,completed,0
2022,4039557,561f2c239c1680cf62ac3a6a496d00fd,,13,,2022-11-29,2022-12-05,186315,108592,Chris & Dom,106.32,85.4,119.58,103.12,10,10,7.44,99.22,1,-4.5333333333333,,186317,108582,John Juliano,146.9,115.5,2,10.28,4.5333333333333,0,0,0,0,0,loss,completed,0
2022,4039524,85a643bd48f42dd0cdf7312263e180c9,,13,,2022-11-29,2022-12-05,186313,108581,Richie,116.96,110.96,114.45,119.26,8,9,8.18,93.04,2,48.533333333333,,186319,108587,Pung & Tralie,87.3,113.24,11,6.11,-6.0666666666667,0,0,0,0,0,win,completed,0
2022,4039622,85a643bd48f42dd0cdf7312263e180c9,,13,,2022-11-29,2022-12-05,186319,108587,Pung & Tralie,87.3,76.3,113.24,94.3,11,12,6.11,80.91,10,-6.0666666666667,,186313,108581,Richie,116.96,114.45,8,8.18,48.533333333333,0,0,0,0,0,loss,completed,0
2022,4039606,81f5e97377ca41ad1ad4a15c48927b5e,,13,,2022-11-29,2022-12-05,186318,108584,Nolan & Vinny,166.84,127.24,143.04,174.24,1,1,11.67,89.44,4,6.0666666666667,,186320,108590,Rob & GregBo,124.92,128.15,4,8.74,-48.533333333333,0,0,0,0,0,win,completed,1
2022,4039573,3942fd8fee6a4abb67ab5d2f55a9ee1f,,13,,2022-11-29,2022-12-05,186316,108589,Phil Baldino,117.8,114.8,131.45,126.7,7,8,8.24,90.61,3,-34.083333333333,,186322,54774,Cambrias,123.4,139.58,5,8.63,34.083333333333,0,0,0,0,0,loss,completed,1
2022,4039589,561f2c239c1680cf62ac3a6a496d00fd,,13,,2022-11-29,2022-12-05,186317,108582,John Juliano,146.9,138.4,115.5,161.2,2,2,10.28,85.55,9,4.5333333333333,,186315,108592,Chris & Dom,106.32,119.58,10,7.44,-4.5333333333333,0,0,0,0,0,win,completed,0
2022,4039574,eeec5971fc0a16dd1ec876e6e31374de,,14,,2022-12-06,2022-12-12,186316,108589,Phil Baldino,98.38,94.38,118.19,119.72,10,9,6.99,78.83,9,-3.0333333333333,,186313,108581,Richie,153.9,112.52,1,10.93,1.5166666666667,0,0,0,0,0,loss,completed,0
2022,4039623,e9c5f83405cc76fe8c1ce364ad93500a,,14,,2022-12-06,2022-12-12,186319,108587,Pung & Tralie,118.6,110.6,116.05,120.06,6,8,8.42,92.12,6,-36.4,,186314,54762,Antdell & Ernie,141.64,133.25,3,10.06,18.2,0,0,0,0,0,loss,completed,0
2022,4039590,fdf51334979b2f367dc752b0907990b4,,14,,2022-12-06,2022-12-12,186317,108582,John Juliano,118.18,98.28,120.66,117.88,7,10,8.39,91.77,7,37.1,,186324,108588,Frank & Julian,91.02,106.41,11,6.47,-5.3,0,0,0,0,0,win,completed,0
2022,4039607,e5b745c2fe071f8f4ca9815fb0b389c3,,14,,2022-12-06,2022-12-12,186318,108584,Nolan & Vinny,110.16,94.16,139.56,120.86,8,7,7.82,77.91,10,42.4,,186315,108592,Chris & Dom,71.08,135.98,12,5.05,0,0,0,0,0,0,win,completed,0
2022,4039688,187890ae92a245dfcc79c5ebc2b32488,,14,,2022-12-06,2022-12-12,186323,54776,Mike Long,145.3,137.3,127.34,137.3,2,3,10.32,100,2,13.633333333333,,186320,108590,Rob & GregBo,136.28,119.31,4,9.68,-54.533333333333,0,0,0,0,0,win,completed,2
2022,4039655,9a42205c3836d225e2151d08d82d3247,,14,,2022-12-06,2022-12-12,186321,54773,Ronnie,100.96,94.96,123.18,94.96,9,11,7.17,100,1,-15.9,,186322,54774,Cambrias,122.36,142.67,5,8.69,26.5,0,0,0,0,0,loss,completed,0
2022,4039639,187890ae92a245dfcc79c5ebc2b32488,,14,,2022-12-06,2022-12-12,186320,108590,Rob & GregBo,136.28,105.88,119.31,127.98,4,4,9.68,99.45,3,-54.533333333333,,186323,54776,Mike Long,145.3,127.34,2,10.32,13.633333333333,0,0,0,0,0,loss,completed,2
2022,4039672,9a42205c3836d225e2151d08d82d3247,,14,,2022-12-06,2022-12-12,186322,54774,Cambrias,122.36,119.36,142.67,127.36,5,5,8.69,93.72,4,26.5,,186321,54773,Ronnie,100.96,123.18,9,7.17,-15.9,0,0,0,0,0,win,completed,0
2022,4039705,fdf51334979b2f367dc752b0907990b4,,14,,2022-12-06,2022-12-12,186324,108588,Frank & Julian,91.02,91.02,106.41,126.58,11,6,6.47,71.91,12,-5.3,,186317,108582,John Juliano,118.18,120.66,7,8.39,37.1,0,0,0,0,0,loss,completed,0
2022,4039542,e9c5f83405cc76fe8c1ce364ad93500a,,14,,2022-12-06,2022-12-12,186314,54762,Antdell & Ernie,141.64,135.64,133.25,154.64,3,1,10.06,87.71,8,18.2,,186319,108587,Pung & Tralie,118.6,116.05,6,8.42,-36.4,0,0,0,0,0,win,completed,0
2022,4039558,e5b745c2fe071f8f4ca9815fb0b389c3,,14,,2022-12-06,2022-12-12,186315,108592,Chris & Dom,71.08,69.08,135.98,92.78,12,12,5.05,74.46,11,0,,186318,108584,Nolan & Vinny,110.16,139.56,8,7.82,42.4,0,0,0,0,0,loss,completed,0
2022,4039525,eeec5971fc0a16dd1ec876e6e31374de,,14,,2022-12-06,2022-12-12,186313,108581,Richie,153.9,137.9,112.52,148.5,1,2,10.93,92.86,5,1.5166666666667,,186316,108589,Phil Baldino,98.38,118.19,10,6.99,-3.0333333333333,0,0,0,0,0,win,completed,0
2022,4039543,55250fb60603928fd0c7e4f8a6a9d203,,15,,2022-12-13,2022-12-19,186314,54762,Antdell & Ernie,125.14,122.14,138.08,128.34,5,5,12.56,95.17,2,-42.466666666667,,186323,54776,Mike Long,130.78,128.55,2,13.13,12.133333333333,1,0,0,0,0,loss,completed,3
2022,4039526,e4d6d8f33f29a19ef569db84fcfbdccb,,15,,2022-12-13,2022-12-19,186313,108581,Richie,128.98,98.88,114.46,114.08,3,8,12.95,105.17,1,18.2,,186320,108590,Rob & GregBo,120.94,137.85,6,12.14,-36.4,1,0,0,0,0,win,completed,2
2022,4039559,35167452b68db894681d625e9556881c,,15,,2022-12-13,2022-12-19,186315,108592,Chris & Dom,119.16,109.16,128.43,122.96,7,6,11.96,88.78,4,-18.916666666667,,186317,108582,John Juliano,151.2,128.43,1,15.18,3.7833333333333,0,1,0,0,0,loss,completed,0
2022,4039656,acfa68312f3096b13260c5117f38058d,,15,,2022-12-13,2022-12-19,186321,54773,Ronnie,126.22,120.22,120.18,161.44,4,2,12.67,74.47,7,21.2,,186319,108587,Pung & Tralie,93.86,109.51,8,9.42,-21.2,0,1,0,0,0,win,completed,0
2022,4039640,e4d6d8f33f29a19ef569db84fcfbdccb,,15,,2022-12-13,2022-12-19,186320,108590,Rob & GregBo,120.94,115.94,137.85,149.54,6,4,12.14,77.53,6,-36.4,,186313,108581,Richie,128.98,114.46,3,12.95,18.2,1,0,0,0,0,loss,completed,2
2022,4039591,35167452b68db894681d625e9556881c,,15,,2022-12-13,2022-12-19,186317,108582,John Juliano,151.2,149.2,128.43,162.8,1,1,15.18,91.65,3,3.7833333333333,,186315,108592,Chris & Dom,119.16,128.43,7,11.96,-18.916666666667,0,1,0,0,0,win,completed,0
2022,4039624,acfa68312f3096b13260c5117f38058d,,15,,2022-12-13,2022-12-19,186319,108587,Pung & Tralie,93.86,57.16,109.51,120.26,8,7,9.42,72.23,8,-21.2,,186321,54773,Ronnie,126.22,120.18,4,12.67,21.2,0,1,0,0,0,loss,completed,0
2022,4039689,55250fb60603928fd0c7e4f8a6a9d203,,15,,2022-12-13,2022-12-19,186323,54776,Mike Long,130.78,121.78,128.55,151.1,2,3,13.13,80.6,5,12.133333333333,,186314,54762,Antdell & Ernie,125.14,138.08,5,12.56,-42.466666666667,1,0,0,0,0,win,completed,3
2022,4039706,a63966028eeed8aaaa2209f617f04ec1,,16,,2022-12-20,2022-12-26,186324,108588,Frank & Julian,95.2,84.3,103.69,115.2,11,9,6.79,77.43,11,-6.0666666666667,,186317,108582,John Juliano,103,103.43,8,7.35,48.533333333333,0,1,0,0,0,loss,completed,1
2022,4039690,219adf07ead2b4607b4f610255a5be17,,16,,2022-12-20,2022-12-26,186323,54776,Mike Long,112.06,106.06,123.78,123.86,6,6,8,85.63,5,-36.4,,186322,54774,Cambrias,147.48,139.16,3,10.53,18.2,1,0,0,0,0,loss,completed,1
2022,4039657,b80a43ea9b664edef0df06e2b203ca43,,16,,2022-12-20,2022-12-26,186321,54773,Ronnie,99.8,96.8,119.19,124.7,10,5,7.12,77.63,10,-9.1,,186316,108589,Phil Baldino,121,112.89,5,8.64,22.75,0,1,0,0,0,loss,completed,0
2022,4039641,c26db46632400e4b18134127c71740f0,,16,,2022-12-20,2022-12-26,186320,108590,Rob & GregBo,109.16,99.26,126.82,122.66,7,7,7.79,84.1,7,-22.75,,186314,54762,Antdell & Ernie,151.3,134.82,2,10.8,9.1,1,0,0,0,0,loss,completed,1
2022,4039673,219adf07ead2b4607b4f610255a5be17,,16,,2022-12-20,2022-12-26,186322,54774,Cambrias,147.48,141.48,139.16,165.48,3,2,10.53,85.5,6,18.2,,186323,54776,Mike Long,112.06,123.78,6,8,-36.4,1,0,0,0,0,win,completed,1
2022,4039527,74fe092f0123807e7814b08be620e6cf,,16,,2022-12-20,2022-12-26,186313,108581,Richie,155.66,147.66,109.96,137.8,1,4,11.11,107.16,1,6.0666666666667,,186318,108584,Nolan & Vinny,125.8,131,4,8.98,-48.533333333333,1,0,0,0,0,win,completed,2
2022,4039560,2dd330da93fda2134a41711f366eb8cb,,16,,2022-12-20,2022-12-26,186315,108592,Chris & Dom,80.28,75.28,124.88,100.08,12,12,5.73,75.22,12,0,,186319,108587,Pung & Tralie,100.3,105.17,9,7.16,54.6,0,1,0,0,0,loss,completed,0
2022,4039544,c26db46632400e4b18134127c71740f0,,16,,2022-12-20,2022-12-26,186314,54762,Antdell & Ernie,151.3,151.3,134.82,168.8,2,1,10.8,89.63,4,9.1,,186320,108590,Rob & GregBo,109.16,126.82,7,7.79,-22.75,1,0,0,0,0,win,completed,1
2022,4039592,a63966028eeed8aaaa2209f617f04ec1,,16,,2022-12-20,2022-12-26,186317,108582,John Juliano,103,103,103.43,105.1,8,11,7.35,98,3,48.533333333333,,186324,108588,Frank & Julian,95.2,103.69,11,6.79,-6.0666666666667,0,1,0,0,0,win,completed,1
2022,4039608,74fe092f0123807e7814b08be620e6cf,,16,,2022-12-20,2022-12-26,186318,108584,Nolan & Vinny,125.8,119.8,131,119.8,4,8,8.98,100,2,-48.533333333333,,186313,108581,Richie,155.66,109.96,1,11.11,6.0666666666667,1,0,0,0,0,loss,completed,2
2022,4039625,2dd330da93fda2134a41711f366eb8cb,,16,,2022-12-20,2022-12-26,186319,108587,Pung & Tralie,100.3,94.3,105.17,112.26,9,10,7.16,84,8,54.6,,186315,108592,Chris & Dom,80.28,124.88,12,5.73,0,0,1,0,0,0,win,completed,0
2022,4039575,b80a43ea9b664edef0df06e2b203ca43,,16,,2022-12-20,2022-12-26,186316,108589,Phil Baldino,121,121,112.89,138.86,5,3,8.64,78.78,9,22.75,,186321,54773,Ronnie,99.8,119.19,10,7.12,-9.1,0,1,0,0,0,win,completed,0
2022,4039593,abd901f76a74012bd83e4f854a24bda7,,17,,2022-12-27,2023-01-03,186317,108582,John Juliano,83.6,70.6,101.05,102,8,6,9.91,88.82,4,-15.133333333333,,186316,108589,Phil Baldino,112.08,118.69,2,13.29,7.5666666666667,0,1,0,0,0,loss,completed,0
2022,4039576,abd901f76a74012bd83e4f854a24bda7,,17,,2022-12-27,2023-01-03,186316,108589,Phil Baldino,112.08,105.08,118.69,102.28,2,5,13.29,86.7,5,7.5666666666667,,186317,108582,John Juliano,83.6,101.05,8,9.91,-15.133333333333,0,1,0,0,0,win,completed,0
2022,4039609,92112a078d46f626c61f395ad50aad79,,17,,2022-12-27,2023-01-03,186318,108584,Nolan & Vinny,94.1,68.8,136.32,96.4,7,8,11.16,94.5,2,-30.333333333333,,186323,54776,Mike Long,107.7,115.44,4,12.77,24.266666666667,1,0,0,0,0,loss,completed,1
2022,4039691,92112a078d46f626c61f395ad50aad79,,17,,2022-12-27,2023-01-03,186323,54776,Mike Long,107.7,104.7,115.44,143.28,4,1,12.77,73.07,8,24.266666666667,,186318,108584,Nolan & Vinny,94.1,136.32,7,11.16,-30.333333333333,1,0,0,0,0,win,completed,1
2022,4039707,f4f66f84bc954546ce369b65faa00a35,,17,,2022-12-27,2023-01-03,186324,108588,Frank & Julian,110.1,102.1,96.69,136.48,3,2,13.05,74.81,7,20.45,,186321,54773,Ronnie,106.32,117.43,5,12.61,-47.716666666667,0,1,0,0,0,win,completed,3
2022,4039528,15e042c5135227ca1ca4dd439472a02f,,17,,2022-12-27,2023-01-03,186313,108581,Richie,96.46,92.46,115.1,100.8,6,7,11.44,91.73,3,-27.3,,186322,54774,Cambrias,133.08,143.63,1,15.78,4.55,1,0,1,0,0,loss,completed,2
2022,4039658,f4f66f84bc954546ce369b65faa00a35,,17,,2022-12-27,2023-01-03,186321,54773,Ronnie,106.32,98.32,117.43,126.32,5,4,12.61,77.83,6,-47.716666666667,,186324,108588,Frank & Julian,110.1,96.69,3,13.05,20.45,0,1,0,0,0,loss,completed,3
2022,4039674,15e042c5135227ca1ca4dd439472a02f,,17,,2022-12-27,2023-01-03,186322,54774,Cambrias,133.08,128.08,143.63,130.26,1,3,15.78,98.33,1,4.55,,186313,108581,Richie,96.46,115.1,6,11.44,-27.3,1,0,1,0,0,win,completed,2
2023,4039495,b01db69637530cec2f3deca6817534bc,,1,,2023-09-07,2023-09-11,186312,108588,Frank & Julian,101.56,100.56,123.25,113.38,9,9,7.88,88.69,5,-6.8,,186311,54776,Mike Long,156.54,116.29,1,12.14,2.2666666666667,0,0,0,0,0,loss,completed,0
2023,4039479,b01db69637530cec2f3deca6817534bc,,1,,2023-09-07,2023-09-11,186311,54776,Mike Long,156.54,144.24,116.29,156.84,1,1,12.14,95.98,2,2.2666666666667,,186312,108588,Frank & Julian,101.56,123.25,9,7.88,-6.8,0,0,0,0,0,win,completed,0
2023,4039446,b4f4a765ffb4c8051186d02ac9b7b2a4,,1,,2023-09-07,2023-09-11,186309,54773,Ronnie,119.56,114.56,116.18,116.46,3,7,9.27,98.37,1,9.1,,186303,108592,Chris & Dom,93.98,128.39,10,7.29,-6.0666666666667,0,0,0,0,0,win,completed,0
2023,4039463,a043869561417821950858cebf9c2a80,,1,,2023-09-07,2023-09-11,186310,54774,Cambrias,110.56,78.4,117.63,124.96,6,6,8.58,86.88,6,-31.8,,186306,108584,Nolan & Vinny,127.24,118.86,2,9.87,10.6,0,0,0,0,0,loss,completed,0
2023,4039349,b4f4a765ffb4c8051186d02ac9b7b2a4,,1,,2023-09-07,2023-09-11,186303,108592,Chris & Dom,93.98,92.98,128.39,113.28,10,10,7.29,82.08,8,-6.0666666666667,,186309,54773,Ronnie,119.56,116.18,3,9.27,9.1,0,0,0,0,0,loss,completed,0
2023,4039332,2bc6c049517b8d4708eaf41e3bf2449b,,1,,2023-09-07,2023-09-11,186302,54762,Antdell & Ernie,102.26,93.76,116.44,129.76,8,4,7.93,74.95,11,48.533333333333,,186301,108581,Richie,85.78,120.17,11,6.65,-6.0666666666667,0,0,0,0,0,win,completed,0
2023,4039366,1ed8f3d96517ffdbc85d4f45ee94df2d,,1,,2023-09-07,2023-09-11,186304,108589,Phil Baldino,114.24,106.24,111.45,115.84,4,8,8.86,91.71,3,30.333333333333,,186307,108587,Pung & Tralie,112.74,115.76,5,8.74,-53.083333333333,0,0,0,0,0,win,completed,3
2023,4039316,2bc6c049517b8d4708eaf41e3bf2449b,,1,,2023-09-07,2023-09-11,186301,108581,Richie,85.78,83.78,120.17,104.42,11,11,6.65,80.23,10,-6.0666666666667,,186302,54762,Antdell & Ernie,102.26,116.44,8,7.93,48.533333333333,0,0,0,0,0,loss,completed,0
2023,4039398,a043869561417821950858cebf9c2a80,,1,,2023-09-07,2023-09-11,186306,108584,Nolan & Vinny,127.24,117.2,118.86,140.22,2,2,9.87,90.03,4,10.6,,186310,54774,Cambrias,110.56,117.63,6,8.58,-31.8,0,0,0,0,0,win,completed,0
2023,4039430,92fb10f48d74a48c5d84a1a2c893bbed,,1,,2023-09-07,2023-09-11,186308,108590,Rob & GregBo,61.3,59.3,124.22,92,12,12,4.75,55.22,12,0,,186305,108582,John Juliano,103.44,121.22,7,8.02,31.85,0,0,0,0,0,loss,completed,0
2023,4039414,1ed8f3d96517ffdbc85d4f45ee94df2d,,1,,2023-09-07,2023-09-11,186307,108587,Pung & Tralie,112.74,110.74,115.76,131.44,5,3,8.74,84.25,7,-53.083333333333,,186304,108589,Phil Baldino,114.24,111.45,4,8.86,30.333333333333,0,0,0,0,0,loss,completed,3
2023,4039382,92fb10f48d74a48c5d84a1a2c893bbed,,1,,2023-09-07,2023-09-11,186305,108582,John Juliano,103.44,102.44,121.22,127.14,7,5,8.02,80.57,9,31.85,,186308,108590,Rob & GregBo,61.3,124.22,12,4.75,0,0,0,0,0,0,win,completed,0
2023,4039431,3f47b83d4bd1a9acb6d4b46aac0afb0b,,2,,2023-09-12,2023-09-18,186308,108590,Rob & GregBo,123.32,96.82,119.63,122.68,7,9,7.95,82.1,11,-22.75,,186303,108592,Chris & Dom,155.18,123.49,2,10,9.1,0,0,0,0,0,loss,completed,0
2023,4039399,c9fa5443f3ff6ee75452751aee552c42,,2,,2023-09-12,2023-09-18,186306,108584,Nolan & Vinny,124.86,115.86,115.56,121.06,6,11,8.05,95.7,2,27.3,,186311,54776,Mike Long,105.44,114.08,11,6.8,-4.55,0,0,0,0,0,win,completed,0
2023,4039415,b642fb2851f8a63857aaed8d7b471c26,,2,,2023-09-12,2023-09-18,186307,108587,Pung & Tralie,115.6,110.6,109.9,123.2,10,8,7.45,89.77,6,-13.633333333333,,186302,54762,Antdell & Ernie,123.06,117.09,8,7.93,54.533333333333,0,0,0,0,0,loss,completed,1
2023,4039383,42381b722529b47a968cbd631c7a5626,,2,,2023-09-12,2023-09-18,186305,108582,John Juliano,121.04,121.04,123.15,135.54,9,5,7.8,89.3,8,-15.9,,186312,108588,Frank & Julian,131.68,118.2,5,8.49,26.5,0,0,0,0,0,loss,completed,0
2023,4039464,2fd4da9b58f961ccc01dd707aaa014e3,,2,,2023-09-12,2023-09-18,186310,54774,Cambrias,90.3,90.3,122.25,105.4,12,12,5.82,85.67,10,0,,186304,108589,Phil Baldino,146.66,116.52,4,9.45,9.0666666666667,0,0,0,0,0,loss,completed,0
2023,4039447,ada2fe6148034bc86f0fc18008d579c3,,2,,2023-09-12,2023-09-18,186309,54773,Ronnie,153.1,146.1,121.1,151.5,3,4,9.87,96.44,1,-61.35,,186301,108581,Richie,161.02,119.1,1,10.38,6.8166666666667,0,0,0,0,0,loss,completed,2
2023,4039480,c9fa5443f3ff6ee75452751aee552c42,,2,,2023-09-12,2023-09-18,186311,54776,Mike Long,105.44,106.24,114.08,130.04,11,7,6.8,79.54,12,-4.55,,186306,108584,Nolan & Vinny,124.86,115.56,6,8.05,27.3,0,0,0,0,0,loss,completed,0
2023,4039496,42381b722529b47a968cbd631c7a5626,,2,,2023-09-12,2023-09-18,186312,108588,Frank & Julian,131.68,126.68,118.2,132.42,5,6,8.49,95.67,3,26.5,,186305,108582,John Juliano,121.04,123.15,9,7.8,-15.9,0,0,0,0,0,win,completed,0
2023,4039317,ada2fe6148034bc86f0fc18008d579c3,,2,,2023-09-12,2023-09-18,186301,108581,Richie,161.02,156.02,119.1,170.32,1,1,10.38,91.6,5,6.8166666666667,,186309,54773,Ronnie,153.1,121.1,3,9.87,-61.35,0,0,0,0,0,win,completed,2
2023,4039350,3f47b83d4bd1a9acb6d4b46aac0afb0b,,2,,2023-09-12,2023-09-18,186303,108592,Chris & Dom,155.18,149.18,123.49,166.98,2,2,10,89.34,7,9.1,,186308,108590,Rob & GregBo,123.32,119.63,7,7.95,-22.75,0,0,0,0,0,win,completed,0
2023,4039333,b642fb2851f8a63857aaed8d7b471c26,,2,,2023-09-12,2023-09-18,186302,54762,Antdell & Ernie,123.06,109.06,117.09,122.34,8,10,7.93,89.15,9,54.533333333333,,186307,108587,Pung & Tralie,115.6,109.9,10,7.45,-13.633333333333,0,0,0,0,0,win,completed,1
2023,4039367,2fd4da9b58f961ccc01dd707aaa014e3,,2,,2023-09-12,2023-09-18,186304,108589,Phil Baldino,146.66,141.66,116.52,152.3,4,3,9.45,93.01,4,9.0666666666667,,186310,54774,Cambrias,90.3,122.25,12,5.82,0,0,0,0,0,0,win,completed,0
2023,4039318,9a71dc69ddd6d548490d784d0f477143,,3,,2023-09-19,2023-09-25,186301,108581,Richie,154.4,147.4,116.5,157.3,2,4,9.81,93.71,6,10.6,,186308,108590,Rob & GregBo,130.48,114.49,6,8.29,-31.8,0,0,0,0,0,win,completed,0
2023,4039368,bcf128d0c72a1da385669cdf3204adc2,,3,,2023-09-19,2023-09-25,186304,108589,Phil Baldino,146.86,135.86,124.99,136.86,5,7,9.33,99.27,1,34.083333333333,,186311,54776,Mike Long,118.66,116.24,7,7.54,-34.083333333333,0,0,0,0,0,win,completed,0
2023,4039351,0191969a09884dd56b30c08297417b5b,,3,,2023-09-19,2023-09-25,186303,108592,Chris & Dom,106.36,102.36,126.08,115.04,10,11,6.76,88.98,8,-3.0333333333333,,186312,108588,Frank & Julian,177.88,118.4,1,11.3,1.5166666666667,0,0,0,0,0,loss,completed,0
2023,4039334,c63e38caef0c8fc3b4099ea88f34ae4f,,3,,2023-09-19,2023-09-25,186302,54762,Antdell & Ernie,152.08,143.08,116.55,147.88,3,6,9.66,96.75,3,22.75,,186309,54773,Ronnie,150.5,121.43,4,9.56,-60.666666666667,0,0,0,0,0,win,completed,3
2023,4039465,cbd7d7f1886b7b34ca99b35aab0e1ee2,,3,,2023-09-19,2023-09-25,186310,54774,Cambrias,115.86,108.86,124.23,115.26,9,10,7.36,94.45,5,54.6,,186307,108587,Pung & Tralie,98.38,114.42,12,6.25,0,0,0,0,0,0,win,completed,0
2023,4039481,bcf128d0c72a1da385669cdf3204adc2,,3,,2023-09-19,2023-09-25,186311,54776,Mike Long,118.66,110.66,116.24,126.06,7,8,7.54,87.78,9,-34.083333333333,,186304,108589,Phil Baldino,146.86,124.99,5,9.33,34.083333333333,0,0,0,0,0,loss,completed,0
2023,4039448,c63e38caef0c8fc3b4099ea88f34ae4f,,3,,2023-09-19,2023-09-25,186309,54773,Ronnie,150.5,143.5,121.43,157.1,4,5,9.56,91.34,7,-60.666666666667,,186302,54762,Antdell & Ernie,152.08,116.55,3,9.66,22.75,0,0,0,0,0,loss,completed,3
2023,4039384,39571f692ebf3dca17407399209651fd,,3,,2023-09-19,2023-09-25,186305,108582,John Juliano,116.56,114.56,114.09,172.56,8,2,7.4,66.39,11,48.533333333333,,186306,108584,Nolan & Vinny,106.22,115.65,11,6.75,-6.0666666666667,0,0,0,0,0,win,completed,0
2023,4039400,39571f692ebf3dca17407399209651fd,,3,,2023-09-19,2023-09-25,186306,108584,Nolan & Vinny,106.22,101.22,115.65,105.52,11,12,6.75,95.92,4,-6.0666666666667,,186305,108582,John Juliano,116.56,114.09,8,7.4,48.533333333333,0,0,0,0,0,loss,completed,0
2023,4039416,cbd7d7f1886b7b34ca99b35aab0e1ee2,,3,,2023-09-19,2023-09-25,186307,108587,Pung & Tralie,98.38,92.38,114.42,120.78,12,9,6.25,76.49,10,0,,186310,54774,Cambrias,115.86,124.23,9,7.36,54.6,0,0,0,0,0,loss,completed,0
2023,4039432,9a71dc69ddd6d548490d784d0f477143,,3,,2023-09-19,2023-09-25,186308,108590,Rob & GregBo,130.48,124.48,114.49,169.68,6,3,8.29,58.57,12,-31.8,,186301,108581,Richie,154.4,116.5,2,9.81,10.6,0,0,0,0,0,loss,completed,0
2023,4039497,0191969a09884dd56b30c08297417b5b,,3,,2023-09-19,2023-09-25,186312,108588,Frank & Julian,177.88,173.88,118.4,177.98,1,1,11.3,97.7,2,1.5166666666667,,186303,108592,Chris & Dom,106.36,126.08,10,6.76,-3.0333333333333,0,0,0,0,0,win,completed,0
2023,4039498,3f4470669b648f05c64982b96d859401,,4,,2023-09-26,2023-10-02,186312,108588,Frank & Julian,102.22,94.22,119.41,111.84,11,11,7.21,84.25,7,-5.3,,186301,108581,Richie,117,118.68,7,8.26,37.1,0,0,0,0,0,loss,completed,0
2023,4039466,6713fc1bd80a1defc5b3207c172952de,,4,,2023-09-26,2023-10-02,186310,54774,Cambrias,113.64,75.24,119.46,119.14,8,9,8.02,87.83,4,42.4,,186311,54776,Mike Long,98.82,115.71,12,6.97,0,0,0,0,0,0,win,completed,0
2023,4039433,3792dea4e3706e65012a9f5255292e50,,4,,2023-09-26,2023-10-02,186308,108590,Rob & GregBo,127.76,116.76,115.21,144.06,4,4,9.01,81.05,9,15.133333333333,,186302,54762,Antdell & Ernie,102.66,112.26,10,7.24,-7.5666666666667,0,0,0,0,0,win,completed,0
2023,4039482,6713fc1bd80a1defc5b3207c172952de,,4,,2023-09-26,2023-10-02,186311,54776,Mike Long,98.82,95.82,115.71,143.12,12,6,6.97,66.95,12,0,,186310,54774,Cambrias,113.64,119.46,8,8.02,42.4,0,0,0,0,0,loss,completed,0
2023,4039449,b2b34f0d7401fd740b42adf1e74c1adf,,4,,2023-09-26,2023-10-02,186309,54773,Ronnie,130.18,117.68,121.9,147.78,3,2,9.19,86.06,6,20.45,,186307,108587,Pung & Tralie,123.92,113.62,5,8.74,-47.716666666667,0,0,0,0,0,win,completed,2
2023,4039369,6192322df73b4097df6dc524c03dedb5,,4,,2023-09-26,2023-10-02,186304,108589,Phil Baldino,137.18,135.18,122.26,140.34,1,7,9.68,96.32,1,7.5833333333333,,186305,108582,John Juliano,131.82,112.18,2,9.3,-75.833333333333,0,0,0,0,0,win,completed,3
2023,4039352,a13c1c97122b814315a1f4bd3132cbcf,,4,,2023-09-26,2023-10-02,186303,108592,Chris & Dom,118.4,118.4,122.85,145.54,6,3,8.35,81.35,8,36.4,,186306,108584,Nolan & Vinny,113.6,116.63,9,8.02,-18.2,0,0,0,0,0,win,completed,2
2023,4039319,3f4470669b648f05c64982b96d859401,,4,,2023-09-26,2023-10-02,186301,108581,Richie,117,113,118.68,143.5,7,5,8.26,78.75,10,37.1,,186312,108588,Frank & Julian,102.22,119.41,11,7.21,-5.3,0,0,0,0,0,win,completed,0
2023,4039335,3792dea4e3706e65012a9f5255292e50,,4,,2023-09-26,2023-10-02,186302,54762,Antdell & Ernie,102.66,100.66,112.26,116.06,10,10,7.24,86.73,5,-7.5666666666667,,186308,108590,Rob & GregBo,127.76,115.21,4,9.01,15.133333333333,0,0,0,0,0,loss,completed,0
2023,4039385,6192322df73b4097df6dc524c03dedb5,,4,,2023-09-26,2023-10-02,186305,108582,John Juliano,131.82,123.82,112.18,157.58,2,1,9.3,78.58,11,-75.833333333333,,186304,108589,Phil Baldino,137.18,122.26,1,9.68,7.5833333333333,0,0,0,0,0,loss,completed,3
2023,4039417,b2b34f0d7401fd740b42adf1e74c1adf,,4,,2023-09-26,2023-10-02,186307,108587,Pung & Tralie,123.92,120.92,113.62,126.92,5,8,8.74,95.27,2,-47.716666666667,,186309,54773,Ronnie,130.18,121.9,3,9.19,20.45,0,0,0,0,0,loss,completed,2
2023,4039401,a13c1c97122b814315a1f4bd3132cbcf,,4,,2023-09-26,2023-10-02,186306,108584,Nolan & Vinny,113.6,101.6,116.63,107,9,12,8.02,94.95,3,-18.2,,186303,108592,Chris & Dom,118.4,122.85,6,8.35,36.4,0,0,0,0,0,loss,completed,2
2023,4039386,107cd6c23d8e3db6a9b47dcb5a013ecd,,5,,2023-10-03,2023-10-09,186305,108582,John Juliano,142.58,106.48,114.62,147.78,6,5,9.21,87.68,9,-40.9,,186310,54774,Cambrias,147.46,120.04,4,9.53,27.266666666667,0,0,0,0,0,loss,completed,2
2023,4039402,61694af4e721cdd7c7a3c19a06816793,,5,,2023-10-03,2023-10-09,186306,108584,Nolan & Vinny,135.74,124.74,98.14,124.74,7,8,8.77,100,2,31.85,,186301,108581,Richie,82.72,100.06,12,5.35,0,0,0,0,0,0,win,completed,0
2023,4039418,dceffb6a853531e4723b0d10b0f28c8e,,5,,2023-10-03,2023-10-09,186307,108587,Pung & Tralie,93.54,89.54,123.41,108.74,11,11,6.04,82.34,10,-6.0666666666667,,186311,54776,Mike Long,128.96,116.3,8,8.33,48.533333333333,0,0,0,0,0,loss,completed,0
2023,4039467,107cd6c23d8e3db6a9b47dcb5a013ecd,,5,,2023-10-03,2023-10-09,186310,54774,Cambrias,147.46,142.46,120.04,150.56,4,3,9.53,94.62,5,27.266666666667,,186305,108582,John Juliano,142.58,114.62,6,9.21,-40.9,0,0,0,0,0,win,completed,2
2023,4039434,f3b747df8d5f17f46af9b9640c46eae7,,5,,2023-10-03,2023-10-09,186308,108590,Rob & GregBo,176.02,167.02,120.24,182.12,1,1,11.37,91.71,7,7.5833333333333,,186309,54773,Ronnie,151.22,117.12,2,9.77,-75.833333333333,0,0,0,0,0,win,completed,2
2023,4039483,dceffb6a853531e4723b0d10b0f28c8e,,5,,2023-10-03,2023-10-09,186311,54776,Mike Long,128.96,122.96,116.3,127.16,8,7,8.33,96.7,4,48.533333333333,,186307,108587,Pung & Tralie,93.54,123.41,11,6.04,-6.0666666666667,0,0,0,0,0,win,completed,0
2023,4039450,f3b747df8d5f17f46af9b9640c46eae7,,5,,2023-10-03,2023-10-09,186309,54773,Ronnie,151.22,144.22,117.12,144.22,2,6,9.77,100,3,-75.833333333333,,186308,108590,Rob & GregBo,176.02,120.24,1,11.37,7.5833333333333,0,0,0,0,0,loss,completed,2
2023,4039499,a7f055e85e54e4fb7cfe717fe8461518,,5,,2023-10-03,2023-10-09,186312,108588,Frank & Julian,95.54,86.1,100.97,117.24,10,10,6.17,81.49,11,-6.0666666666667,,186302,54762,Antdell & Ernie,148.66,113.03,3,9.61,9.1,0,0,0,0,0,loss,completed,0
2023,4039370,8e5f01f36354d5801b7e8c654fa55f61,,5,,2023-10-03,2023-10-09,186304,108589,Phil Baldino,146.62,140.62,123.92,158.32,5,2,9.47,88.82,8,26.5,,186303,108592,Chris & Dom,98.48,120.93,9,6.36,-15.9,0,0,0,0,0,win,completed,0
2023,4039353,8e5f01f36354d5801b7e8c654fa55f61,,5,,2023-10-03,2023-10-09,186303,108592,Chris & Dom,98.48,86.48,120.93,119.38,9,9,6.36,72.44,12,-15.9,,186304,108589,Phil Baldino,146.62,123.92,5,9.47,26.5,0,0,0,0,0,loss,completed,0
2023,4039320,61694af4e721cdd7c7a3c19a06816793,,5,,2023-10-03,2023-10-09,186301,108581,Richie,82.72,82.72,100.06,82.72,12,12,5.35,100,1,0,,186306,108584,Nolan & Vinny,135.74,98.14,7,8.77,31.85,0,0,0,0,0,loss,completed,0
2023,4039336,a7f055e85e54e4fb7cfe717fe8461518,,5,,2023-10-03,2023-10-09,186302,54762,Antdell & Ernie,148.66,140.66,113.03,148.68,3,4,9.61,94.61,6,9.1,,186312,108588,Frank & Julian,95.54,100.97,10,6.17,-6.0666666666667,0,0,0,0,0,win,completed,0
2023,4039371,f13f9ff3030a4d50eb6d208b81c78fe4,,6,,2023-10-10,2023-10-16,186304,108589,Phil Baldino,119.48,91.58,128.95,120.08,1,6,9,90.34,5,1.5166666666667,,186301,108581,Richie,102.94,117.82,10,7.75,-3.0333333333333,0,0,0,0,0,win,completed,0
2023,4039354,e9feb01fa05e3b08e77a1bd0bfc99046,,6,,2023-10-10,2023-10-16,186303,108592,Chris & Dom,100.7,86.7,114.92,112.3,11,9,7.59,86.11,11,-4.55,,186310,54774,Cambrias,113.84,131.29,6,8.58,27.3,0,0,0,0,0,loss,completed,0
2023,4039337,22b562c558343b338ab9091d677740ef,,6,,2023-10-10,2023-10-16,186302,54762,Antdell & Ernie,106.24,104.24,112.15,104.24,8,11,8,100,1,-15.133333333333,,186306,108584,Nolan & Vinny,119.12,115.2,2,8.97,7.5666666666667,0,0,0,0,0,loss,completed,0
2023,4039321,f13f9ff3030a4d50eb6d208b81c78fe4,,6,,2023-10-10,2023-10-16,186301,108581,Richie,102.94,101.94,117.82,117.64,10,8,7.75,86.65,10,-3.0333333333333,,186304,108589,Phil Baldino,119.48,128.95,1,9,1.5166666666667,0,0,0,0,0,loss,completed,0
2023,4039451,1339290d002c023ff2c01cd3375dc9ce,,6,,2023-10-10,2023-10-16,186309,54773,Ronnie,119.08,115.08,126.47,128.08,3,1,8.97,89.85,7,4.55,,186312,108588,Frank & Julian,95.42,117.02,12,7.19,0,0,0,0,0,0,win,completed,0
2023,4039468,e9feb01fa05e3b08e77a1bd0bfc99046,,6,,2023-10-10,2023-10-16,186310,54774,Cambrias,113.84,108.84,131.29,125.16,6,5,8.58,86.96,9,27.3,,186303,108592,Chris & Dom,100.7,114.92,11,7.59,-4.55,0,0,0,0,0,win,completed,0
2023,4039435,6fcbdd3176f42795581b35cd7a50f78d,,6,,2023-10-10,2023-10-16,186308,108590,Rob & GregBo,103,92,118.23,108.1,9,10,7.76,92.51,4,-13.65,,186307,108587,Pung & Tralie,117.74,122.64,4,8.87,18.2,0,0,0,0,0,loss,completed,0
2023,4039484,490808f5e9cb2031aeefe5408db60810,,6,,2023-10-10,2023-10-16,186311,54776,Mike Long,116.26,111.26,123.87,119.84,5,7,8.76,92.84,3,34.083333333333,,186305,108582,John Juliano,113.62,118.48,7,8.56,-34.083333333333,0,0,0,0,0,win,completed,2
2023,4039403,22b562c558343b338ab9091d677740ef,,6,,2023-10-10,2023-10-16,186306,108584,Nolan & Vinny,119.12,108.12,115.2,127.22,2,2,8.97,84.99,12,7.5666666666667,,186302,54762,Antdell & Ernie,106.24,112.15,8,8,-15.133333333333,0,0,0,0,0,win,completed,0
2023,4039419,6fcbdd3176f42795581b35cd7a50f78d,,6,,2023-10-10,2023-10-16,186307,108587,Pung & Tralie,117.74,112.74,122.64,125.34,4,4,8.87,89.95,6,18.2,,186308,108590,Rob & GregBo,103,118.23,9,7.76,-13.65,0,0,0,0,0,win,completed,0
2023,4039387,490808f5e9cb2031aeefe5408db60810,,6,,2023-10-10,2023-10-16,186305,108582,John Juliano,113.62,112.62,118.48,126.72,7,3,8.56,88.87,8,-34.083333333333,,186311,54776,Mike Long,116.26,123.87,5,8.76,34.083333333333,0,0,0,0,0,loss,completed,2
2023,4039500,1339290d002c023ff2c01cd3375dc9ce,,6,,2023-10-10,2023-10-16,186312,108588,Frank & Julian,95.42,87.32,117.02,99.72,12,12,7.19,93.68,2,0,,186309,54773,Ronnie,119.08,126.47,3,8.97,4.55,0,0,0,0,0,loss,completed,0
2023,4039501,788662329abc2ddc3d85dae8301c39a4,,7,,2023-10-17,2023-10-23,186312,108588,Frank & Julian,142.88,134.88,116.39,140.48,1,4,10.01,96.01,5,6.0666666666667,,186308,108590,Rob & GregBo,129.96,104.78,4,9.11,-48.533333333333,0,0,0,0,0,win,completed,1
2023,4039452,87813443043035bdc345c21a249357a0,,7,,2023-10-17,2023-10-23,186309,54773,Ronnie,114.56,111.56,119.24,113.66,9,9,8.03,98.15,3,-18.2,,186306,108584,Nolan & Vinny,124.36,123.99,6,8.71,36.4,0,0,0,0,0,loss,completed,1
2023,4039469,81709880a96f53bc6628a1550c89a396,,7,,2023-10-17,2023-10-23,186310,54774,Cambrias,92.1,91.1,97.79,101.5,11,11,6.45,89.75,9,-6.0666666666667,,186301,108581,Richie,121.36,123.37,8,8.5,48.533333333333,0,0,0,0,0,loss,completed,0
2023,4039436,788662329abc2ddc3d85dae8301c39a4,,7,,2023-10-17,2023-10-23,186308,108590,Rob & GregBo,129.96,123.96,104.78,124.16,4,6,9.11,99.84,2,-48.533333333333,,186312,108588,Frank & Julian,142.88,116.39,1,10.01,6.0666666666667,0,0,0,0,0,loss,completed,1
2023,4039485,ccf8087ee58d7b2ac20f87da59b5579d,,7,,2023-10-17,2023-10-23,186311,54776,Mike Long,78.9,74.9,109.04,81,12,12,5.53,92.47,6,0,,186303,108592,Chris & Dom,125.8,95.74,5,8.81,15.166666666667,0,0,0,0,0,loss,completed,0
2023,4039338,c1e5006f6f72d5eea4e3f3570c57a0b1,,7,,2023-10-17,2023-10-23,186302,54762,Antdell & Ernie,102.08,100.08,109.62,110.12,10,10,7.15,90.88,8,-4.5333333333333,,186304,108589,Phil Baldino,139.94,122.36,2,9.8,4.5333333333333,0,0,0,0,0,loss,completed,0
2023,4039355,ccf8087ee58d7b2ac20f87da59b5579d,,7,,2023-10-17,2023-10-23,186303,108592,Chris & Dom,125.8,120.8,95.74,120.8,5,8,8.81,100,1,15.166666666667,,186311,54776,Mike Long,78.9,109.04,12,5.53,0,0,0,0,0,0,win,completed,0
2023,4039322,81709880a96f53bc6628a1550c89a396,,7,,2023-10-17,2023-10-23,186301,108581,Richie,121.36,117.36,123.37,140.56,8,3,8.5,83.49,10,48.533333333333,,186310,54774,Cambrias,92.1,97.79,11,6.45,-6.0666666666667,0,0,0,0,0,win,completed,0
2023,4039372,c1e5006f6f72d5eea4e3f3570c57a0b1,,7,,2023-10-17,2023-10-23,186304,108589,Phil Baldino,139.94,137.94,122.36,166.64,2,1,9.8,82.78,11,4.5333333333333,,186302,54762,Antdell & Ernie,102.08,109.62,10,7.15,-4.5333333333333,0,0,0,0,0,win,completed,0
2023,4039388,2e33460d054e74e9a79af90196ecd289,,7,,2023-10-17,2023-10-23,186305,108582,John Juliano,123.24,118.24,108.32,121.74,7,7,8.63,97.13,4,-26.5,,186307,108587,Pung & Tralie,132.06,123.09,3,9.25,15.9,0,0,0,0,0,loss,completed,1
2023,4039420,2e33460d054e74e9a79af90196ecd289,,7,,2023-10-17,2023-10-23,186307,108587,Pung & Tralie,132.06,120.06,123.09,145.36,3,2,9.25,82.59,12,15.9,,186305,108582,John Juliano,123.24,108.32,7,8.63,-26.5,0,0,0,0,0,win,completed,1
2023,4039404,87813443043035bdc345c21a249357a0,,7,,2023-10-17,2023-10-23,186306,108584,Nolan & Vinny,124.36,119.36,123.99,129.96,6,5,8.71,91.84,7,36.4,,186309,54773,Ronnie,114.56,119.24,9,8.03,-18.2,0,0,0,0,0,win,completed,1
2023,4039389,bb440718831407cd3092fcbe641efbec,,8,,2023-10-24,2023-10-30,186305,108582,John Juliano,137.36,133.36,120.28,138.16,6,7,8.68,96.53,2,-40.9,,186303,108592,Chris & Dom,154.12,110.61,4,9.73,27.266666666667,0,0,0,0,0,loss,completed,0
2023,4039405,3d96a2335e8dca0d971e3ef0542e21e9,,8,,2023-10-24,2023-10-30,186306,108584,Nolan & Vinny,154.28,150.28,129.32,171.22,3,3,9.74,87.77,7,11.35,,186308,108590,Rob & GregBo,112.36,115.18,9,7.1,-11.35,0,0,0,0,0,win,completed,0
2023,4039421,7d63dc1caa6e7060a185bff5bf02622a,,8,,2023-10-24,2023-10-30,186307,108587,Pung & Tralie,99.8,98.8,129.35,101.1,11,12,6.3,97.73,1,83.416666666667,,186312,108588,Frank & Julian,91.98,125.13,12,5.8100000000000005,0,0,0,0,0,0,win,completed,1
2023,4039437,3d96a2335e8dca0d971e3ef0542e21e9,,8,,2023-10-24,2023-10-30,186308,108590,Rob & GregBo,112.36,104.36,115.18,116.46,9,10,7.1,89.61,6,-11.35,,186306,108584,Nolan & Vinny,154.28,129.32,3,9.74,11.35,0,0,0,0,0,loss,completed,0
2023,4039470,e6b094a00663c5abc87df6ea54a7f3b4,,8,,2023-10-24,2023-10-30,186310,54774,Cambrias,145.1,136.1,121.44,142.2,5,6,9.16,95.71,3,30.333333333333,,186302,54762,Antdell & Ernie,118.96,109.17,8,7.51,-24.266666666667,0,0,0,0,0,win,completed,0
2023,4039486,510069ad886872b4b094dbc81dd2699e,,8,,2023-10-24,2023-10-30,186311,54776,Mike Long,109.78,104.78,112.03,127.18,10,8,6.93,82.39,11,-12.133333333333,,186301,108581,Richie,130.06,123.58,7,8.21,42.466666666667,0,0,0,0,0,loss,completed,0
2023,4039453,1f69510094a8df1e170008d9cb3a7361,,8,,2023-10-24,2023-10-30,186309,54773,Ronnie,169.22,142.52,128.81,187.62,1,1,10.69,84.86,10,7.5833333333333,,186304,108589,Phil Baldino,160.36,125.77,2,10.13,-75.833333333333,0,0,0,0,0,win,completed,3
2023,4039502,7d63dc1caa6e7060a185bff5bf02622a,,8,,2023-10-24,2023-10-30,186312,108588,Frank & Julian,91.98,88.98,125.13,101.98,12,11,5.8100000000000005,87.25,8,0,,186307,108587,Pung & Tralie,99.8,129.35,11,6.3,83.416666666667,0,0,0,0,0,loss,completed,1
2023,4039356,bb440718831407cd3092fcbe641efbec,,8,,2023-10-24,2023-10-30,186303,108592,Chris & Dom,154.12,148.12,110.61,155.32,4,4,9.73,95.36,4,27.266666666667,,186305,108582,John Juliano,137.36,120.28,6,8.68,-40.9,0,0,0,0,0,win,completed,0
2023,4039373,1f69510094a8df1e170008d9cb3a7361,,8,,2023-10-24,2023-10-30,186304,108589,Phil Baldino,160.36,150.36,125.77,186.66,2,2,10.13,80.55,12,-75.833333333333,,186309,54773,Ronnie,169.22,128.81,1,10.69,7.5833333333333,0,0,0,0,0,loss,completed,3
2023,4039323,510069ad886872b4b094dbc81dd2699e,,8,,2023-10-24,2023-10-30,186301,108581,Richie,130.06,124.06,123.58,143.26,7,5,8.21,86.6,9,42.466666666667,,186311,54776,Mike Long,109.78,112.03,10,6.93,-12.133333333333,0,0,0,0,0,win,completed,0
2023,4039339,e6b094a00663c5abc87df6ea54a7f3b4,,8,,2023-10-24,2023-10-30,186302,54762,Antdell & Ernie,118.96,114.96,109.17,122.16,8,9,7.51,94.11,5,-24.266666666667,,186310,54774,Cambrias,145.1,121.44,5,9.16,30.333333333333,0,0,0,0,0,loss,completed,0
2023,4039324,8a2ec1d1aacd5c2b90b634ab29c6d49e,,9,,2023-10-31,2023-11-06,186301,108581,Richie,90.18,86.18,111.44,97.38,11,11,6.29,88.5,9,-2.2666666666667,,186305,108582,John Juliano,137.82,119.68,3,9.62,6.8,0,0,0,0,0,loss,completed,0
2023,4039340,0522f83ec926b38e458841f815b4ae8b,,9,,2023-10-31,2023-11-06,186302,54762,Antdell & Ernie,127.44,123.44,105.84,135.24,5,4,8.89,91.27,8,22.75,,186311,54776,Mike Long,104.6,100.43,10,7.3,-9.1,0,0,0,0,0,win,completed,0
2023,4039357,c979e6a85fe2893a7f17a81749d0c95f,,9,,2023-10-31,2023-11-06,186303,108592,Chris & Dom,131.72,126.72,108.14,128.12,4,6,9.19,98.91,3,-48.533333333333,,186307,108587,Pung & Tralie,141.1,118.62,1,9.85,6.0666666666667,0,0,0,0,0,loss,completed,2
2023,4039487,0522f83ec926b38e458841f815b4ae8b,,9,,2023-10-31,2023-11-06,186311,54776,Mike Long,104.6,99.6,100.43,121,10,9,7.3,82.31,11,-9.1,,186302,54762,Antdell & Ernie,127.44,105.84,5,8.89,22.75,0,0,0,0,0,loss,completed,0
2023,4039438,747a59ede56232dd4ef4d32929cc5c3e,,9,,2023-10-31,2023-11-06,186308,108590,Rob & GregBo,122.68,117.68,109.4,122.18,8,8,8.56,96.32,7,-15.133333333333,,186304,108589,Phil Baldino,138.32,123.01,2,9.65,7.5666666666667,0,0,0,0,0,loss,completed,0
2023,4039454,7228270130a589f44b24da3847c50b6f,,9,,2023-10-31,2023-11-06,186309,54773,Ronnie,78.84,78.84,97.39,78.84,12,12,5.5,100,2,0,,186310,54774,Cambrias,125.4,119.19,7,8.75,31.85,0,0,0,0,0,loss,completed,0
2023,4039471,7228270130a589f44b24da3847c50b6f,,9,,2023-10-31,2023-11-06,186310,54774,Cambrias,125.4,102.4,119.19,140.4,7,3,8.75,79.34,12,31.85,,186309,54773,Ronnie,78.84,97.39,12,5.5,0,0,0,0,0,0,win,completed,0
2023,4039390,8a2ec1d1aacd5c2b90b634ab29c6d49e,,9,,2023-10-31,2023-11-06,186305,108582,John Juliano,137.82,132.82,119.68,132.82,3,5,9.62,100,1,6.8,,186301,108581,Richie,90.18,111.44,11,6.29,-2.2666666666667,0,0,0,0,0,win,completed,0
2023,4039374,747a59ede56232dd4ef4d32929cc5c3e,,9,,2023-10-31,2023-11-06,186304,108589,Phil Baldino,138.32,136.32,123.01,155.76,2,1,9.65,87.52,10,7.5666666666667,,186308,108590,Rob & GregBo,122.68,109.4,8,8.56,-15.133333333333,0,0,0,0,0,win,completed,0
2023,4039406,78d19ae5f673e678e6001ccec3d3dade,,9,,2023-10-31,2023-11-06,186306,108584,Nolan & Vinny,127.2,124.2,114.98,128.1,6,7,8.88,96.96,5,36.4,,186312,108588,Frank & Julian,107.5,102.91,9,7.5,-18.2,0,0,0,0,0,win,completed,0
2023,4039422,c979e6a85fe2893a7f17a81749d0c95f,,9,,2023-10-31,2023-11-06,186307,108587,Pung & Tralie,141.1,137.1,118.62,142.2,1,2,9.85,96.41,6,6.0666666666667,,186303,108592,Chris & Dom,131.72,108.14,4,9.19,-48.533333333333,0,0,0,0,0,win,completed,2
2023,4039503,78d19ae5f673e678e6001ccec3d3dade,,9,,2023-10-31,2023-11-06,186312,108588,Frank & Julian,107.5,105.5,102.91,106.8,9,10,7.5,98.78,4,-18.2,,186306,108584,Nolan & Vinny,127.2,114.98,6,8.88,36.4,0,0,0,0,0,loss,completed,0
2023,4039504,83311ab76c5d16c8ceef3716831e8f16,,10,,2023-11-07,2023-11-13,186312,108588,Frank & Julian,123.42,106.42,117.84,129.42,6,6,8.29,90.73,6,-27.3,,186304,108589,Phil Baldino,193.76,122.63,1,13.01,4.55,0,0,0,0,0,loss,completed,0
2023,4039488,43f0492817ac9edbc1844d8b2fda3b3e,,10,,2023-11-07,2023-11-13,186311,54776,Mike Long,88.5,88.5,100.93,103.5,10,8,5.9399999999999995,85.51,10,-13.633333333333,,186309,54773,Ronnie,94.52,108.67,8,6.35,54.533333333333,0,0,0,0,0,loss,completed,1
2023,4039439,547dd54e91eff893a9d794812a53501b,,10,,2023-11-07,2023-11-13,186308,108590,Rob & GregBo,125.22,114.22,108.44,154.62,5,4,8.41,73.87,12,18.916666666667,,186310,54774,Cambrias,86.54,110.16,11,5.8100000000000005,-3.7833333333333,0,0,0,0,0,win,completed,0
2023,4039455,43f0492817ac9edbc1844d8b2fda3b3e,,10,,2023-11-07,2023-11-13,186309,54773,Ronnie,94.52,81.12,108.67,103.22,8,9,6.35,83.82,11,54.533333333333,,186311,54776,Mike Long,88.5,100.93,10,5.9399999999999995,-13.633333333333,0,0,0,0,0,win,completed,1
2023,4039472,547dd54e91eff893a9d794812a53501b,,10,,2023-11-07,2023-11-13,186310,54774,Cambrias,86.54,66.64,110.16,93.54,11,11,5.8100000000000005,90.38,7,-3.7833333333333,,186308,108590,Rob & GregBo,125.22,108.44,5,8.41,18.916666666667,0,0,0,0,0,loss,completed,0
2023,4039325,b0a37f229a944db2b6ff2d3d55c0c0df,,10,,2023-11-07,2023-11-13,186301,108581,Richie,159.06,151.06,117.76,173.46,4,2,10.68,87.09,8,-54.533333333333,,186303,108592,Chris & Dom,168.88,113.8,2,11.34,13.633333333333,0,0,0,0,0,loss,completed,2
2023,4039341,47aebc4bdb3f0b7e1b56230dfd1492d0,,10,,2023-11-07,2023-11-13,186302,54762,Antdell & Ernie,160.94,123.54,110.43,148.44,3,5,10.8,96.97,3,4.55,,186305,108582,John Juliano,83.98,128.37,12,5.64,0,0,0,0,0,0,win,completed,0
2023,4039358,b0a37f229a944db2b6ff2d3d55c0c0df,,10,,2023-11-07,2023-11-13,186303,108592,Chris & Dom,168.88,156.88,113.8,164.08,2,3,11.34,95.61,4,13.633333333333,,186301,108581,Richie,159.06,117.76,4,10.68,-54.533333333333,0,0,0,0,0,win,completed,2
2023,4039391,47aebc4bdb3f0b7e1b56230dfd1492d0,,10,,2023-11-07,2023-11-13,186305,108582,John Juliano,83.98,81.98,128.37,95.56,12,10,5.64,85.79,9,0,,186302,54762,Antdell & Ernie,160.94,110.43,3,10.8,4.55,0,0,0,0,0,loss,completed,0
2023,4039423,15b55147ea082e468dd4415cce5f14ab,,10,,2023-11-07,2023-11-13,186307,108587,Pung & Tralie,90.06,90.06,112.86,90.06,9,12,6.05,100,1,-20.45,,186306,108584,Nolan & Vinny,114.72,94.89,7,7.7,47.716666666667,0,0,0,0,0,loss,completed,0
2023,4039407,15b55147ea082e468dd4415cce5f14ab,,10,,2023-11-07,2023-11-13,186306,108584,Nolan & Vinny,114.72,108.72,94.89,111.78,7,7,7.7,97.26,2,47.716666666667,,186307,108587,Pung & Tralie,90.06,112.86,9,6.05,-20.45,0,0,0,0,0,win,completed,0
2023,4039375,83311ab76c5d16c8ceef3716831e8f16,,10,,2023-11-07,2023-11-13,186304,108589,Phil Baldino,193.76,175.76,122.63,188.16,1,1,13.01,93.41,5,4.55,,186312,108588,Frank & Julian,123.42,117.84,6,8.29,-27.3,0,0,0,0,0,win,completed,0
2023,4039408,d34047eb82767746d896774c8888f4f7,,11,,2023-11-14,2023-11-20,186306,108584,Nolan & Vinny,98.64,93.84,125.47,99.14,10,10,6.76,95.46,4,-15.166666666667,,186304,108589,Phil Baldino,110.8,123.53,9,7.59,68.25,0,0,0,0,0,loss,completed,0
2023,4039424,23fa1971b430112c014ab05ce836ec7d,,11,,2023-11-14,2023-11-20,186307,108587,Pung & Tralie,90.88,86.88,104.89,91.68,11,11,6.23,94.76,6,-0.75,,186301,108581,Richie,153.96,116.6,1,10.55,0.75,0,0,0,0,0,loss,completed,0
2023,4039392,1457d33c0b2ebb735bae9f52fadf8939,,11,,2023-11-14,2023-11-20,186305,108582,John Juliano,131.9,112.4,123.46,127.1,6,7,9.04,96.7,3,-40.9,,186309,54773,Ronnie,140,125.26,4,9.59,27.266666666667,0,0,0,0,0,loss,completed,1
2023,4039376,d34047eb82767746d896774c8888f4f7,,11,,2023-11-14,2023-11-20,186304,108589,Phil Baldino,110.8,106.8,123.53,117.5,9,9,7.59,90.89,7,68.25,,186306,108584,Nolan & Vinny,98.64,125.47,10,6.76,-15.166666666667,0,0,0,0,0,win,completed,0
2023,4039489,52844b54e34daf584604ba8c71c94e48,,11,,2023-11-14,2023-11-20,186311,54776,Mike Long,116.98,111.98,111.1,143.48,7,4,8.02,78.05,12,31.85,,186308,108590,Rob & GregBo,75.7,109.81,12,5.19,0,0,0,0,0,0,win,completed,0
2023,4039456,1457d33c0b2ebb735bae9f52fadf8939,,11,,2023-11-14,2023-11-20,186309,54773,Ronnie,140,133,125.26,137.2,4,6,9.59,96.94,2,27.266666666667,,186305,108582,John Juliano,131.9,123.46,6,9.04,-40.9,0,0,0,0,0,win,completed,1
2023,4039440,52844b54e34daf584604ba8c71c94e48,,11,,2023-11-14,2023-11-20,186308,108590,Rob & GregBo,75.7,74.7,109.81,86.3,12,12,5.19,86.56,10,0,,186311,54776,Mike Long,116.98,111.1,7,8.02,31.85,0,0,0,0,0,loss,completed,0
2023,4039473,232ce448633bd0128a0e4eaca086254f,,11,,2023-11-14,2023-11-20,186310,54774,Cambrias,146.94,133.94,114.2,140.74,2,5,10.07,95.17,5,12.133333333333,,186312,108588,Frank & Julian,138.16,123.85,5,9.47,-42.466666666667,0,0,0,0,0,win,completed,2
2023,4039505,232ce448633bd0128a0e4eaca086254f,,11,,2023-11-14,2023-11-20,186312,108588,Frank & Julian,138.16,130.16,123.85,147.36,5,3,9.47,88.33,9,-42.466666666667,,186310,54774,Cambrias,146.94,114.2,2,10.07,12.133333333333,0,0,0,0,0,loss,completed,2
2023,4039326,23fa1971b430112c014ab05ce836ec7d,,11,,2023-11-14,2023-11-20,186301,108581,Richie,153.96,147.96,116.6,147.96,1,2,10.55,100,1,0.75,,186307,108587,Pung & Tralie,90.88,104.89,11,6.23,-0.75,0,0,0,0,0,win,completed,0
2023,4039342,0a427d6e72867d07009e5dfb175e719b,,11,,2023-11-14,2023-11-20,186302,54762,Antdell & Ernie,144.32,131.42,108.54,158.22,3,1,9.89,83,11,13.65,,186303,108592,Chris & Dom,111.14,122.47,8,7.62,-18.2,0,0,0,0,0,win,completed,0
2023,4039359,0a427d6e72867d07009e5dfb175e719b,,11,,2023-11-14,2023-11-20,186303,108592,Chris & Dom,111.14,108.14,122.47,120.28,8,8,7.62,89.91,8,-18.2,,186302,54762,Antdell & Ernie,144.32,108.54,3,9.89,13.65,0,0,0,0,0,loss,completed,0
2023,4039360,984650db6a490b2d49e4abac56084f46,,12,,2023-11-21,2023-11-27,186303,108592,Chris & Dom,122.46,95.86,115.91,136.02,9,9,7.76,87.09,7,-15.9,,186309,54773,Ronnie,130.48,123.32,5,8.26,26.5,0,0,0,0,0,loss,completed,1
2023,4039327,42552371136a6b9ab423345ba55345b1,,12,,2023-11-21,2023-11-27,186301,108581,Richie,153.14,151.14,116.13,169.34,2,1,9.7,89.25,5,1.5,,186302,54762,Antdell & Ernie,92.5,109.58,12,5.86,0,0,0,0,0,0,win,completed,0
2023,4039343,42552371136a6b9ab423345ba55345b1,,12,,2023-11-21,2023-11-27,186302,54762,Antdell & Ernie,92.5,90.5,109.58,103.86,12,12,5.86,86.17,9,0,,186301,108581,Richie,153.14,116.13,2,9.7,1.5,0,0,0,0,0,loss,completed,0
2023,4039441,09ed86c243f6a3db8d99473ab2227484,,12,,2023-11-21,2023-11-27,186308,108590,Rob & GregBo,125.1,107,111.33,130.4,8,11,7.92,90.57,4,54.533333333333,,186305,108582,John Juliano,121.26,119.31,10,7.68,-13.633333333333,0,0,0,0,0,win,completed,2
2023,4039474,17ba095da7235c1b64e8c88547d0c3e4,,12,,2023-11-21,2023-11-27,186310,54774,Cambrias,166.16,161.16,123.79,162.96,1,2,10.52,98.9,1,6.0666666666667,,186306,108584,Nolan & Vinny,143.98,121.65,4,9.12,-48.533333333333,0,0,0,0,0,win,completed,1
2023,4039490,d0ad47118a0ed53e006537a74f80655c,,12,,2023-11-21,2023-11-27,186311,54776,Mike Long,151.96,144.96,115.39,158.06,3,3,9.62,91.71,3,18.2,,186312,108588,Frank & Julian,128.18,116.3,6,8.12,-36.4,0,0,0,0,0,win,completed,0
2023,4039457,984650db6a490b2d49e4abac56084f46,,12,,2023-11-21,2023-11-27,186309,54773,Ronnie,130.48,128.48,123.32,150.28,5,4,8.26,85.49,10,26.5,,186303,108592,Chris & Dom,122.46,115.91,9,7.76,-15.9,0,0,0,0,0,win,completed,1
2023,4039377,f25bb780b36f6bf5de41022aac56706b,,12,,2023-11-21,2023-11-27,186304,108589,Phil Baldino,127.44,106.54,130.68,133.74,7,10,8.07,86.32,8,37.1,,186307,108587,Pung & Tralie,116.32,123.87,11,7.37,-5.3,0,0,0,0,0,win,completed,0
2023,4039409,17ba095da7235c1b64e8c88547d0c3e4,,12,,2023-11-21,2023-11-27,186306,108584,Nolan & Vinny,143.98,115.58,121.65,141.98,4,7,9.12,98.59,2,-48.533333333333,,186310,54774,Cambrias,166.16,123.79,1,10.52,6.0666666666667,0,0,0,0,0,loss,completed,1
2023,4039425,f25bb780b36f6bf5de41022aac56706b,,12,,2023-11-21,2023-11-27,186307,108587,Pung & Tralie,116.32,112.32,123.87,136.42,11,8,7.37,82.33,11,-5.3,,186304,108589,Phil Baldino,127.44,130.68,7,8.07,37.1,0,0,0,0,0,loss,completed,0
2023,4039393,09ed86c243f6a3db8d99473ab2227484,,12,,2023-11-21,2023-11-27,186305,108582,John Juliano,121.26,117.26,119.31,146.86,10,5,7.68,79.84,12,-13.633333333333,,186308,108590,Rob & GregBo,125.1,111.33,8,7.92,54.533333333333,0,0,0,0,0,loss,completed,2
2023,4039506,d0ad47118a0ed53e006537a74f80655c,,12,,2023-11-21,2023-11-27,186312,108588,Frank & Julian,128.18,126.18,116.3,143.58,6,6,8.12,87.88,6,-36.4,,186311,54776,Mike Long,151.96,115.39,3,9.62,18.2,0,0,0,0,0,loss,completed,0
2023,4039507,f1570343130e8a4d4f0e1a49489cca6b,,13,,2023-11-28,2023-12-04,186312,108588,Frank & Julian,103.14,100.14,88.45,100.14,9,10,6.82,100,3,54.6,,186305,108582,John Juliano,72.78,101.41,12,4.8100000000000005,0,0,0,0,0,0,win,completed,0
2023,4039491,6702721faf6a2f429d0dd3cb11c82d20,,13,,2023-11-28,2023-12-04,186311,54776,Mike Long,133.72,123.72,110.26,124.32,6,7,8.84,99.52,5,-27.3,,186306,108584,Nolan & Vinny,181.12,118.94,1,11.97,4.55,0,0,0,0,0,loss,completed,0
2023,4039475,005e8c2ca90cdb8ab91dcb13f4db2ec1,,13,,2023-11-28,2023-12-04,186310,54774,Cambrias,135.06,131.06,122.36,156.36,4,3,8.93,83.82,11,-60.666666666667,,186304,108589,Phil Baldino,149.7,113.29,3,9.9,22.75,0,0,0,0,0,loss,completed,1
2023,4039458,52a343c42e441e9a63c965e5e27edddd,,13,,2023-11-28,2023-12-04,186309,54773,Ronnie,101.68,101.68,124.76,107.68,10,9,6.72,94.43,7,-13.633333333333,,186301,108581,Richie,122.1,115.62,8,8.07,54.533333333333,0,0,0,0,0,loss,completed,0
2023,4039442,f7f1c33b2c871be43c617cf12003f072,,13,,2023-11-28,2023-12-04,186308,108590,Rob & GregBo,159.74,152.74,110.47,167.14,2,2,10.56,91.38,8,3.0333333333333,,186303,108592,Chris & Dom,90.98,110.11,11,6.01,-1.5166666666667,0,0,0,0,0,win,completed,0
2023,4039361,f7f1c33b2c871be43c617cf12003f072,,13,,2023-11-28,2023-12-04,186303,108592,Chris & Dom,90.98,84.98,110.11,98.78,11,11,6.01,86.03,10,-1.5166666666667,,186308,108590,Rob & GregBo,159.74,110.47,2,10.56,3.0333333333333,0,0,0,0,0,loss,completed,0
2023,4039328,52a343c42e441e9a63c965e5e27edddd,,13,,2023-11-28,2023-12-04,186301,108581,Richie,122.1,113.1,115.62,150.5,8,5,8.07,75.15,12,54.533333333333,,186309,54773,Ronnie,101.68,124.76,10,6.72,-13.633333333333,0,0,0,0,0,win,completed,0
2023,4039344,7b1394ae135da26936e0c2da86f45c1f,,13,,2023-11-28,2023-12-04,186302,54762,Antdell & Ernie,128.46,107.46,110.07,114.56,7,8,8.49,99.91,4,-34.083333333333,,186307,108587,Pung & Tralie,134.4,111.6,5,8.88,34.083333333333,0,0,0,0,0,loss,completed,1
2023,4039426,7b1394ae135da26936e0c2da86f45c1f,,13,,2023-11-28,2023-12-04,186307,108587,Pung & Tralie,134.4,130.4,111.6,130.4,5,6,8.88,100,2,34.083333333333,,186302,54762,Antdell & Ernie,128.46,110.07,7,8.49,-34.083333333333,0,0,0,0,0,win,completed,1
2023,4039410,6702721faf6a2f429d0dd3cb11c82d20,,13,,2023-11-28,2023-12-04,186306,108584,Nolan & Vinny,181.12,170.12,118.94,172.98,1,1,11.97,98.35,6,4.55,,186311,54776,Mike Long,133.72,110.26,6,8.84,-27.3,0,0,0,0,0,win,completed,0
2023,4039378,005e8c2ca90cdb8ab91dcb13f4db2ec1,,13,,2023-11-28,2023-12-04,186304,108589,Phil Baldino,149.7,133.7,113.29,153.76,3,4,9.9,86.95,9,22.75,,186310,54774,Cambrias,135.06,122.36,4,8.93,-60.666666666667,0,0,0,0,0,win,completed,1
2023,4039394,f1570343130e8a4d4f0e1a49489cca6b,,13,,2023-11-28,2023-12-04,186305,108582,John Juliano,72.78,66.78,101.41,66.78,12,12,4.8100000000000005,100,1,0,,186312,108588,Frank & Julian,103.14,88.45,9,6.82,54.6,0,0,0,0,0,loss,completed,0
2023,4039427,129abfdf7d5e994f94891084b564cb90,,14,,2023-12-05,2023-12-11,186307,108587,Pung & Tralie,156.94,89,107.6,152.54,2,3,10.8,99.61,1,15.166666666667,,186310,54774,Cambrias,151.24,122.03,3,10.41,-68.25,0,0,0,0,0,win,completed,2
2023,4039395,13b7df9e201343033de49ecea51b24b1,,14,,2023-12-05,2023-12-11,186305,108582,John Juliano,119.42,114.42,104.22,141.42,6,4,8.22,80.91,11,27.3,,186306,108584,Nolan & Vinny,100.04,125.14,11,6.88,-4.55,0,0,0,0,0,win,completed,0
2023,4039379,b5bdc4fb1baf279697759bd51da4a08b,,14,,2023-12-05,2023-12-11,186304,108589,Phil Baldino,106.7,96.6,133.77,115.34,8,11,7.34,91.64,6,-12.133333333333,,186311,54776,Mike Long,160.76,108.84,1,11.06,3.0333333333333,0,0,0,0,0,loss,completed,0
2023,4039411,13b7df9e201343033de49ecea51b24b1,,14,,2023-12-05,2023-12-11,186306,108584,Nolan & Vinny,100.04,98.04,125.14,128.64,11,6,6.88,76.21,12,-4.55,,186305,108582,John Juliano,119.42,104.22,6,8.22,27.3,0,0,0,0,0,loss,completed,0
2023,4039476,129abfdf7d5e994f94891084b564cb90,,14,,2023-12-05,2023-12-11,186310,54774,Cambrias,151.24,149.24,122.03,161.94,3,1,10.41,92.16,5,-68.25,,186307,108587,Pung & Tralie,156.94,107.6,2,10.8,15.166666666667,0,0,0,0,0,loss,completed,2
2023,4039459,0011ae6be0cb831b169a0fcfcb842b80,,14,,2023-12-05,2023-12-11,186309,54773,Ronnie,105.44,63.04,117.1,120.24,9,8,7.26,86.86,9,-15.9,,186302,54762,Antdell & Ernie,130.32,114.17,5,8.97,26.5,0,0,0,0,0,loss,completed,0
2023,4039443,8ca1643ed0872bccafabdee15b408632,,14,,2023-12-05,2023-12-11,186308,108590,Rob & GregBo,73.48,73.48,112.44,79.08,12,12,5.06,92.92,4,0,,186301,108581,Richie,110.6,114.36,7,7.61,31.85,0,0,0,0,0,loss,completed,0
2023,4039492,b5bdc4fb1baf279697759bd51da4a08b,,14,,2023-12-05,2023-12-11,186311,54776,Mike Long,160.76,149.76,108.84,154.78,1,2,11.06,96.76,2,3.0333333333333,,186304,108589,Phil Baldino,106.7,133.77,8,7.34,-12.133333333333,0,0,0,0,0,win,completed,0
2023,4039508,e384b8d69ad19302581e6b0d37183942,,14,,2023-12-05,2023-12-11,186312,108588,Frank & Julian,136.44,112.04,123.03,138.14,4,5,9.39,90.08,7,15.133333333333,,186303,108592,Chris & Dom,101.82,116.07,10,7.01,-7.5666666666667,0,0,0,0,0,win,completed,0
2023,4039362,e384b8d69ad19302581e6b0d37183942,,14,,2023-12-05,2023-12-11,186303,108592,Chris & Dom,101.82,97.82,116.07,115.96,10,9,7.01,84.36,10,-7.5666666666667,,186312,108588,Frank & Julian,136.44,123.03,4,9.39,15.133333333333,0,0,0,0,0,loss,completed,0
2023,4039329,8ca1643ed0872bccafabdee15b408632,,14,,2023-12-05,2023-12-11,186301,108581,Richie,110.6,102.6,114.36,115.9,7,10,7.61,88.52,8,31.85,,186308,108590,Rob & GregBo,73.48,112.44,12,5.06,0,0,0,0,0,0,win,completed,0
2023,4039345,0011ae6be0cb831b169a0fcfcb842b80,,14,,2023-12-05,2023-12-11,186302,54762,Antdell & Ernie,130.32,118.32,114.17,123.02,5,7,8.97,96.18,3,26.5,,186309,54773,Ronnie,105.44,117.1,9,7.26,-15.9,0,0,0,0,0,win,completed,0
2023,4039346,5cc943764626a3b0a20b759d589d186e,,15,,2023-12-12,2023-12-18,186302,54762,Antdell & Ernie,114.88,103.88,106.69,113.74,4,6,11.7,91.33,3,27.266666666667,,186310,54774,Cambrias,107.62,129.86,6,10.96,-40.9,1,0,0,0,0,win,completed,2
2023,4039363,28ec1bf64e17f7e689f40c49e482a0d3,,15,,2023-12-12,2023-12-18,186303,108592,Chris & Dom,131.16,127.16,115.6,158.04,3,2,13.35,80.46,7,15.9,,186305,108582,John Juliano,106.86,120.89,7,10.88,-26.5,0,1,0,0,0,win,completed,0
2023,4039330,5571e364ae4fc15f3e42019dd7f2326d,,15,,2023-12-12,2023-12-18,186301,108581,Richie,113.46,108.46,110.74,145.46,5,4,11.55,74.56,8,-42.466666666667,,186309,54773,Ronnie,152.56,119.18,2,15.53,12.133333333333,1,0,0,0,0,loss,completed,2
2023,4039477,5cc943764626a3b0a20b759d589d186e,,15,,2023-12-12,2023-12-18,186310,54774,Cambrias,107.62,99.62,129.86,117.12,6,5,10.96,85.06,6,-40.9,,186302,54762,Antdell & Ernie,114.88,106.69,4,11.7,27.266666666667,1,0,0,0,0,loss,completed,2
2023,4039460,5571e364ae4fc15f3e42019dd7f2326d,,15,,2023-12-12,2023-12-18,186309,54773,Ronnie,152.56,146.56,119.18,152.86,2,3,15.53,95.88,1,12.133333333333,,186301,108581,Richie,113.46,110.74,5,11.55,-42.466666666667,1,0,0,0,0,win,completed,2
2023,4039444,821a2848d3a5f25a022409a22de0866c,,15,,2023-12-12,2023-12-18,186308,108590,Rob & GregBo,90.1,88.1,102.61,98.3,8,8,9.17,89.62,4,-12.133333333333,,186312,108588,Frank & Julian,165.64,116.12,1,16.86,3.0333333333333,0,1,0,0,0,loss,completed,0
2023,4039396,28ec1bf64e17f7e689f40c49e482a0d3,,15,,2023-12-12,2023-12-18,186305,108582,John Juliano,106.86,99.86,120.89,108.2,7,7,10.88,92.29,2,-26.5,,186303,108592,Chris & Dom,131.16,115.6,3,13.35,15.9,0,1,0,0,0,loss,completed,0
2023,4039509,821a2848d3a5f25a022409a22de0866c,,15,,2023-12-12,2023-12-18,186312,108588,Frank & Julian,165.64,163.64,116.12,189.52,1,1,16.86,86.34,5,3.0333333333333,,186308,108590,Rob & GregBo,90.1,102.61,8,9.17,-12.133333333333,0,1,0,0,0,win,completed,0
2023,4039510,6e8a90a2df851e95a13c3d8a5ebb2c9d,,16,,2023-12-19,2023-12-25,186312,108588,Frank & Julian,88.68,84.68,114.91,102.26,11,12,6.07,82.81,9,-5.3,,186311,54776,Mike Long,118.02,112.11,7,8.08,37.1,0,1,0,0,0,loss,completed,0
2023,4039493,6e8a90a2df851e95a13c3d8a5ebb2c9d,,16,,2023-12-19,2023-12-25,186311,54776,Mike Long,118.02,112.02,112.11,137.02,7,5,8.08,81.75,10,37.1,,186312,108588,Frank & Julian,88.68,114.91,11,6.07,-5.3,0,1,0,0,0,win,completed,0
2023,4039478,4ed3078c0f6bd9dc65e253bd43ce0e14,,16,,2023-12-19,2023-12-25,186310,54774,Cambrias,119.28,115.28,121.99,130.72,5,6,8.16,88.19,4,-37.1,,186301,108581,Richie,163.08,94.39,1,11.16,5.3,1,0,0,0,0,loss,completed,2
2023,4039461,b580e895181519173a4a7148f3282dff,,16,,2023-12-19,2023-12-25,186309,54773,Ronnie,115.44,85.34,121.75,126.44,8,7,7.9,86.55,6,60.666666666667,,186306,108584,Nolan & Vinny,113.38,124.98,9,7.76,-22.75,1,0,0,0,0,win,completed,3
2023,4039445,6b0bc1ddc89b5e150b3a80c07408c181,,16,,2023-12-19,2023-12-25,186308,108590,Rob & GregBo,86.14,86.14,92.38,103.82,12,11,5.89,82.97,8,0,,186305,108582,John Juliano,153.48,117.77,2,10.5,1.5,0,1,0,0,0,loss,completed,0
2023,4039331,4ed3078c0f6bd9dc65e253bd43ce0e14,,16,,2023-12-19,2023-12-25,186301,108581,Richie,163.08,157.08,94.39,180.58,1,1,11.16,86.99,5,5.3,,186310,54774,Cambrias,119.28,121.99,5,8.16,-37.1,1,0,0,0,0,win,completed,2
2023,4039364,c44d1d22f7c9b2f358cdd357b5ad2ef5,,16,,2023-12-19,2023-12-25,186303,108592,Chris & Dom,119.16,112.16,100.09,148.16,6,4,8.15,75.7,12,31.8,,186307,108587,Pung & Tralie,108.7,121.04,10,7.44,-10.6,0,1,0,0,0,win,completed,0
2023,4039347,076f32132d9225b2b54a4200ea46db10,,16,,2023-12-19,2023-12-25,186302,54762,Antdell & Ernie,124.9,123.9,114.98,125.1,4,8,8.55,99.04,1,-60.666666666667,,186304,108589,Phil Baldino,151.02,124.01,3,10.33,22.75,1,0,0,0,0,loss,completed,2
2023,4039380,076f32132d9225b2b54a4200ea46db10,,16,,2023-12-19,2023-12-25,186304,108589,Phil Baldino,151.02,129.02,124.01,167.92,3,2,10.33,81.6,11,22.75,,186302,54762,Antdell & Ernie,124.9,114.98,4,8.55,-60.666666666667,1,0,0,0,0,win,completed,2
2023,4039412,b580e895181519173a4a7148f3282dff,,16,,2023-12-19,2023-12-25,186306,108584,Nolan & Vinny,113.38,111.38,124.98,121.68,9,10,7.76,91.54,2,-22.75,,186309,54773,Ronnie,115.44,121.75,8,7.9,60.666666666667,1,0,0,0,0,loss,completed,3
2023,4039428,c44d1d22f7c9b2f358cdd357b5ad2ef5,,16,,2023-12-19,2023-12-25,186307,108587,Pung & Tralie,108.7,92.2,121.04,124.9,10,9,7.44,86.23,7,-10.6,,186303,108592,Chris & Dom,119.16,100.09,6,8.15,31.8,0,1,0,0,0,loss,completed,0
2023,4039397,6b0bc1ddc89b5e150b3a80c07408c181,,16,,2023-12-19,2023-12-25,186305,108582,John Juliano,153.48,144.48,117.77,159.68,2,3,10.5,90.48,3,1.5,,186308,108590,Rob & GregBo,86.14,92.38,12,5.89,0,0,1,0,0,0,win,completed,0
2023,4039381,554d1917e7bde08e1b651e20a9c04001,,17,,2023-12-26,2024-01-01,186304,108589,Phil Baldino,159.1,108.9,131.79,172.1,2,2,17.25,87.22,3,13.633333333333,,186309,54773,Ronnie,108.08,112.94,4,11.72,-54.533333333333,1,0,1,0,0,win,completed,3
2023,4039413,07d2db6f923daf297c7e4aacd6907fd1,,17,,2023-12-26,2024-01-01,186306,108584,Nolan & Vinny,112.74,97.14,130.61,151.64,3,3,12.22,72.37,8,20.45,,186302,54762,Antdell & Ernie,102.6,114.07,5,11.12,-47.716666666667,1,0,0,0,0,win,completed,2
2023,4039429,0072c0b64b391bbf3066a4b39b7f2295,,17,,2023-12-26,2024-01-01,186307,108587,Pung & Tralie,90.8,64,107.13,103.1,6,6,9.84,84.19,5,-27.3,,186312,108588,Frank & Julian,190.74,129.05,1,20.68,4.55,0,1,0,0,0,loss,completed,0
2023,4039494,662b2d43a36d1340711cb38ed0193b62,,17,,2023-12-26,2024-01-01,186311,54776,Mike Long,75.5,72.5,77.87,94.6,8,8,8.19,76.64,6,-30.333333333333,,186303,108592,Chris & Dom,82.84,84.57,7,8.98,53.083333333333,0,1,0,0,0,loss,completed,1
2023,4039511,0072c0b64b391bbf3066a4b39b7f2295,,17,,2023-12-26,2024-01-01,186312,108588,Frank & Julian,190.74,177.74,129.05,178.74,1,1,20.68,99.44,1,4.55,,186307,108587,Pung & Tralie,90.8,107.13,6,9.84,-27.3,0,1,0,0,0,win,completed,0
2023,4039365,662b2d43a36d1340711cb38ed0193b62,,17,,2023-12-26,2024-01-01,186303,108592,Chris & Dom,82.84,76.84,84.57,101.64,7,7,8.98,75.6,7,53.083333333333,,186311,54776,Mike Long,75.5,77.87,8,8.19,-30.333333333333,0,1,0,0,0,win,completed,1
2023,4039348,07d2db6f923daf297c7e4aacd6907fd1,,17,,2023-12-26,2024-01-01,186302,54762,Antdell & Ernie,102.6,98.6,114.07,114,5,4,11.12,86.49,4,-47.716666666667,,186306,108584,Nolan & Vinny,112.74,130.61,3,12.22,20.45,1,0,0,0,0,loss,completed,2
2023,4039462,554d1917e7bde08e1b651e20a9c04001,,17,,2023-12-26,2024-01-01,186309,54773,Ronnie,108.08,104.08,112.94,110.18,4,5,11.72,94.46,2,-54.533333333333,,186304,108589,Phil Baldino,159.1,131.79,2,17.25,13.633333333333,1,0,1,0,0,loss,completed,3
2024,9572020,141e22bae21dd83c14fc557772f71de0,,1,,2024-09-05,2024-09-09,330557,54776,Mike Long,164.76,145.36,123.39,0,1,11,11.58,,11,3.7833333333333,,330554,108590,Rob & GregBo,111.42,120.12,7,7.83,-18.916666666667,0,0,0,0,0,win,completed,0
2024,9572003,22e82a79c8bcd261825d5a5575174125,,1,,2024-09-05,2024-09-09,330556,54774,Cambrias,154.4,130.1,119.52,0,2,10,10.86,,10,3.0333333333333,,330553,108587,Pung & Tralie,92.36,117.84,11,6.49,-1.5166666666667,0,0,0,0,0,win,completed,0
2024,9572036,3da1a2edad648c0559d688aa9ae4033b,,1,,2024-09-05,2024-09-09,330558,108588,Frank & Julian,105.86,103.86,121.94,0,8,12,7.44,,12,60.666666666667,,330552,108584,Nolan & Vinny,98.08,114.12,9,6.9,-22.75,0,0,0,0,0,win,completed,1
2024,9571986,bf9855752159958411e7bb73906eb08c,,1,,2024-09-05,2024-09-09,330555,54773,Ronnie,94.38,91.38,116.66,0,10,9,6.64,,9,-6.0666666666667,,330547,108581,Richie,143.42,123.58,3,10.08,9.1,0,0,0,0,0,loss,completed,0
2024,9571873,9aef3a5cd6be100e558fa03718518efc,,1,,2024-09-05,2024-09-09,330548,54762,Antdell & Ernie,131.68,120.68,119.83,0,4,2,9.26,,2,9.0666666666667,,330551,108582,John Juliano,89.38,106.98,12,6.28,0,0,0,0,0,0,win,completed,0
2024,9571857,bf9855752159958411e7bb73906eb08c,,1,,2024-09-05,2024-09-09,330547,108581,Richie,143.42,133.42,123.58,0,3,1,10.08,,1,9.1,,330555,54773,Ronnie,94.38,116.66,10,6.64,-6.0666666666667,0,0,0,0,0,win,completed,0
2024,9571889,0443454040bfc475d2c926c794ebafa5,,1,,2024-09-05,2024-09-09,330549,108592,Chris & Dom,123.48,117.48,121.81,0,5,3,8.68,,3,37.916666666667,,330550,108589,Phil Baldino,113.04,121.17,6,7.95,-45.5,0,0,0,0,0,win,completed,0
2024,9571905,0443454040bfc475d2c926c794ebafa5,,1,,2024-09-05,2024-09-09,330550,108589,Phil Baldino,113.04,110.04,121.17,0,6,4,7.95,,4,-45.5,,330549,108592,Chris & Dom,123.48,121.81,5,8.68,37.916666666667,0,0,0,0,0,loss,completed,0
2024,9571921,9aef3a5cd6be100e558fa03718518efc,,1,,2024-09-05,2024-09-09,330551,108582,John Juliano,89.38,85.38,106.98,0,12,5,6.28,,5,0,,330548,54762,Antdell & Ernie,131.68,119.83,4,9.26,9.0666666666667,0,0,0,0,0,loss,completed,0
2024,9571954,22e82a79c8bcd261825d5a5575174125,,1,,2024-09-05,2024-09-09,330553,108587,Pung & Tralie,92.36,92.36,117.84,0,11,7,6.49,,7,-1.5166666666667,,330556,54774,Cambrias,154.4,119.52,2,10.86,3.0333333333333,0,0,0,0,0,loss,completed,0
2024,9571970,141e22bae21dd83c14fc557772f71de0,,1,,2024-09-05,2024-09-09,330554,108590,Rob & GregBo,111.42,106.42,120.12,0,7,8,7.83,,8,-18.916666666667,,330557,54776,Mike Long,164.76,123.39,1,11.58,3.7833333333333,0,0,0,0,0,loss,completed,0
2024,9571938,3da1a2edad648c0559d688aa9ae4033b,,1,,2024-09-05,2024-09-09,330552,108584,Nolan & Vinny,98.08,96.08,114.12,0,9,6,6.9,,6,-22.75,,330558,108588,Frank & Julian,105.86,121.94,8,7.44,60.666666666667,0,0,0,0,0,loss,completed,1
2024,9571955,19dfbb07b8a2a0097a36bd4ed840d420,,2,,2024-09-10,2024-09-16,330553,108587,Pung & Tralie,100.14,93.94,117.43,0,11,7,6.61,,7,-2.2666666666667,,330551,108582,John Juliano,145.06,121.75,3,9.57,6.8,0,0,0,0,0,loss,completed,0
2024,9571922,19dfbb07b8a2a0097a36bd4ed840d420,,2,,2024-09-10,2024-09-16,330551,108582,John Juliano,145.06,143.06,121.75,0,3,5,9.57,,5,6.8,,330553,108587,Pung & Tralie,100.14,117.43,11,6.61,-2.2666666666667,0,0,0,0,0,win,completed,0
2024,9571971,9f2104b37fdfc5ebd21227a88a12756b,,2,,2024-09-10,2024-09-16,330554,108590,Rob & GregBo,156.68,148.68,121.48,0,1,8,10.33,,8,3.7833333333333,,330552,108584,Nolan & Vinny,122.94,118.83,7,8.11,-18.916666666667,0,0,0,0,0,win,completed,0
2024,9571939,9f2104b37fdfc5ebd21227a88a12756b,,2,,2024-09-10,2024-09-16,330552,108584,Nolan & Vinny,122.94,109.94,118.83,0,7,6,8.11,,6,-18.916666666667,,330554,108590,Rob & GregBo,156.68,121.48,1,10.33,3.7833333333333,0,0,0,0,0,loss,completed,0
2024,9572004,d49c8211070254c4d1c6a0420771fbdb,,2,,2024-09-10,2024-09-16,330556,54774,Cambrias,145.2,136.2,118.24,0,2,10,9.58,,10,1.5,,330557,54776,Mike Long,93.8,116.97,12,6.19,0,0,0,0,0,0,win,completed,0
2024,9571987,2cec43814290a5ef8cd0bffb3508b7ba,,2,,2024-09-10,2024-09-16,330555,54773,Ronnie,106.04,102.04,113.75,0,10,9,6.99,,9,-9.1,,330550,108589,Phil Baldino,142.04,124.01,5,9.37,22.75,0,0,0,0,0,loss,completed,0
2024,9572037,4d4a4c8b7241727aaa4c74cfd6c50f32,,2,,2024-09-10,2024-09-16,330558,108588,Frank & Julian,127.62,72.9,128.1,0,6,12,8.42,,12,36.4,,330549,108592,Chris & Dom,110.38,121.16,9,7.28,-18.2,0,0,0,0,0,win,completed,0
2024,9572021,d49c8211070254c4d1c6a0420771fbdb,,2,,2024-09-10,2024-09-16,330557,54776,Mike Long,93.8,90.8,116.97,0,12,11,6.19,,11,0,,330556,54774,Cambrias,145.2,118.24,2,9.58,1.5,0,0,0,0,0,loss,completed,0
2024,9571858,0476c98f1d79bde81a615d3f33b10b4d,,2,,2024-09-10,2024-09-16,330547,108581,Richie,143.92,107.52,113.06,0,4,1,9.49,,1,21.2,,330548,54762,Antdell & Ernie,122.26,124.15,8,8.06,-21.2,0,0,0,0,0,win,completed,0
2024,9571874,0476c98f1d79bde81a615d3f33b10b4d,,2,,2024-09-10,2024-09-16,330548,54762,Antdell & Ernie,122.26,120.26,124.15,0,8,2,8.06,,2,-21.2,,330547,108581,Richie,143.92,113.06,4,9.49,21.2,0,0,0,0,0,loss,completed,0
2024,9571906,2cec43814290a5ef8cd0bffb3508b7ba,,2,,2024-09-10,2024-09-16,330550,108589,Phil Baldino,142.04,132.04,124.01,0,5,4,9.37,,4,22.75,,330555,54773,Ronnie,106.04,113.75,10,6.99,-9.1,0,0,0,0,0,win,completed,0
2024,9571890,4d4a4c8b7241727aaa4c74cfd6c50f32,,2,,2024-09-10,2024-09-16,330549,108592,Chris & Dom,110.38,109.38,121.16,0,9,3,7.28,,3,-18.2,,330558,108588,Frank & Julian,127.62,128.1,6,8.42,36.4,0,0,0,0,0,loss,completed,0
2024,9571875,77bf60b7fd1fa7b889508a56fc6a14f1,,3,,2024-09-17,2024-09-23,330548,54762,Antdell & Ernie,98.28,96.28,121.09,0,10,2,7.2,,2,-15.166666666667,,330550,108589,Phil Baldino,99.18,119.76,9,7.27,68.25,0,0,0,0,0,loss,completed,3
2024,9571891,ee5e991c14312d483af6d13f92867a1e,,3,,2024-09-17,2024-09-23,330549,108592,Chris & Dom,119.26,103.26,124.67,0,4,3,8.74,,3,30.333333333333,,330554,108590,Rob & GregBo,117.28,122.93,5,8.59,-53.083333333333,0,0,0,0,0,win,completed,3
2024,9571907,77bf60b7fd1fa7b889508a56fc6a14f1,,3,,2024-09-17,2024-09-23,330550,108589,Phil Baldino,99.18,79.58,119.76,0,9,4,7.27,,4,68.25,,330548,54762,Antdell & Ernie,98.28,121.09,10,7.2,-15.166666666667,0,0,0,0,0,win,completed,3
2024,9571859,bf9c1080671e7cbd5c37e4655b3226af,,3,,2024-09-17,2024-09-23,330547,108581,Richie,96.04,94.04,116.61,0,11,1,7.04,,1,-0.75,,330551,108582,John Juliano,172.02,124.64,1,12.6,0.75,0,0,0,0,0,loss,completed,0
2024,9571923,bf9c1080671e7cbd5c37e4655b3226af,,3,,2024-09-17,2024-09-23,330551,108582,John Juliano,172.02,120.22,124.64,0,1,5,12.6,,5,0.75,,330547,108581,Richie,96.04,116.61,11,7.04,-0.75,0,0,0,0,0,win,completed,0
2024,9571956,c308769f2dd8d2d42e509624de679099,,3,,2024-09-17,2024-09-23,330553,108587,Pung & Tralie,105.36,100.36,116.37,0,7,7,7.72,,7,31.85,,330557,54776,Mike Long,61.7,115.88,12,4.52,0,0,0,0,0,0,win,completed,0
2024,9571972,ee5e991c14312d483af6d13f92867a1e,,3,,2024-09-17,2024-09-23,330554,108590,Rob & GregBo,117.28,111.28,122.93,0,5,8,8.59,,8,-53.083333333333,,330549,108592,Chris & Dom,119.26,124.67,4,8.74,30.333333333333,0,0,0,0,0,loss,completed,3
2024,9571940,2482ad6d6fe206856bb5a37cf502ceef,,3,,2024-09-17,2024-09-23,330552,108584,Nolan & Vinny,107.98,91.78,115.06,0,6,6,7.91,,6,-31.8,,330556,54774,Cambrias,143.12,116.76,2,10.49,10.6,0,0,0,0,0,loss,completed,0
2024,9572038,57c0928187c2e7490e07beb36dd20bbb,,3,,2024-09-17,2024-09-23,330558,108588,Frank & Julian,101.86,96.86,121.81,0,8,12,7.46,,12,-18.2,,330555,54773,Ronnie,142.8,108.44,3,10.46,13.65,0,0,0,0,0,loss,completed,0
2024,9572005,2482ad6d6fe206856bb5a37cf502ceef,,3,,2024-09-17,2024-09-23,330556,54774,Cambrias,143.12,138.12,116.76,0,2,10,10.49,,10,10.6,,330552,108584,Nolan & Vinny,107.98,115.06,6,7.91,-31.8,0,0,0,0,0,win,completed,0
2024,9572022,c308769f2dd8d2d42e509624de679099,,3,,2024-09-17,2024-09-23,330557,54776,Mike Long,61.7,59.7,115.88,0,12,11,4.52,,11,0,,330553,108587,Pung & Tralie,105.36,116.37,7,7.72,31.85,0,0,0,0,0,loss,completed,0
2024,9571988,57c0928187c2e7490e07beb36dd20bbb,,3,,2024-09-17,2024-09-23,330555,54773,Ronnie,142.8,112.8,108.44,0,3,9,10.46,,9,13.65,,330558,108588,Frank & Julian,101.86,121.81,8,7.46,-18.2,0,0,0,0,0,win,completed,0
2024,9571989,d4bc646ded7e57ef0828b109c99bef6f,,4,,2024-09-24,2024-09-30,330555,54773,Ronnie,102.7,102.7,112.17,0,11,9,6.99,,9,-1.5166666666667,,330554,108590,Rob & GregBo,148.72,124.19,2,10.12,3.0333333333333,0,0,0,0,0,loss,completed,0
2024,9572039,7d1ac5f0f538776cd869392ca07bd6cb,,4,,2024-09-24,2024-09-30,330558,108588,Frank & Julian,120.84,110.84,110.83,0,6,12,8.22,,12,36.4,,330548,54762,Antdell & Ernie,114.18,115.39,9,7.77,-18.2,0,0,0,0,0,win,completed,1
2024,9572023,f02de6ed8d8acbedc6cdf4fa72ce25be,,4,,2024-09-24,2024-09-30,330557,54776,Mike Long,131.6,126.6,115.52,0,4,11,8.95,,11,21.2,,330551,108582,John Juliano,118.5,113.53,8,8.06,-21.2,0,0,0,0,0,win,completed,0
2024,9572006,b40071faf65dbac0a4d22c5da1a019ae,,4,,2024-09-24,2024-09-30,330556,54774,Cambrias,153.98,117.38,117.98,0,1,10,10.48,,10,5.3,,330549,108592,Chris & Dom,124.08,118.75,5,8.44,-37.1,0,0,0,0,0,win,completed,1
2024,9571892,b40071faf65dbac0a4d22c5da1a019ae,,4,,2024-09-24,2024-09-30,330549,108592,Chris & Dom,124.08,117.08,118.75,0,5,3,8.44,,3,-37.1,,330556,54774,Cambrias,153.98,117.98,1,10.48,5.3,0,0,0,0,0,loss,completed,1
2024,9571908,b62232109206481949ee4ff9c62d4722,,4,,2024-09-24,2024-09-30,330550,108589,Phil Baldino,119.1,114.1,126.66,0,7,4,8.1,,4,42.466666666667,,330547,108581,Richie,102.82,111.78,10,6.99,-12.133333333333,0,0,0,0,0,win,completed,0
2024,9571876,7d1ac5f0f538776cd869392ca07bd6cb,,4,,2024-09-24,2024-09-30,330548,54762,Antdell & Ernie,114.18,111.18,115.39,0,9,2,7.77,,2,-18.2,,330558,108588,Frank & Julian,120.84,110.83,6,8.22,36.4,0,0,0,0,0,loss,completed,1
2024,9571860,b62232109206481949ee4ff9c62d4722,,4,,2024-09-24,2024-09-30,330547,108581,Richie,102.82,99.82,111.78,0,10,1,6.99,,1,-12.133333333333,,330550,108589,Phil Baldino,119.1,126.66,7,8.1,42.466666666667,0,0,0,0,0,loss,completed,0
2024,9571973,d4bc646ded7e57ef0828b109c99bef6f,,4,,2024-09-24,2024-09-30,330554,108590,Rob & GregBo,148.72,140.72,124.19,0,2,8,10.12,,8,3.0333333333333,,330555,54773,Ronnie,102.7,112.17,11,6.99,-1.5166666666667,0,0,0,0,0,win,completed,0
2024,9571957,2b72f479aac5dd2f81c1e3bb02c571f7,,4,,2024-09-24,2024-09-30,330553,108587,Pung & Tralie,98.82,96.82,118.77,0,12,7,6.72,,7,0,,330552,108584,Nolan & Vinny,134.58,115.68,3,9.16,4.55,0,0,0,0,0,loss,completed,0
2024,9571941,2b72f479aac5dd2f81c1e3bb02c571f7,,4,,2024-09-24,2024-09-30,330552,108584,Nolan & Vinny,134.58,112.08,115.68,0,3,6,9.16,,6,4.55,,330553,108587,Pung & Tralie,98.82,118.77,12,6.72,0,0,0,0,0,0,win,completed,0
2024,9571924,f02de6ed8d8acbedc6cdf4fa72ce25be,,4,,2024-09-24,2024-09-30,330551,108582,John Juliano,118.5,116.5,113.53,0,8,5,8.06,,5,-21.2,,330557,54776,Mike Long,131.6,115.52,4,8.95,21.2,0,0,0,0,0,loss,completed,0
2024,9571974,81616777bc50a210c46d2f6213e7e919,,5,,2024-10-01,2024-10-07,330554,108590,Rob & GregBo,148.92,136.92,122.73,0,2,8,9.64,,8,13.633333333333,,330548,54762,Antdell & Ernie,137.24,113.61,4,8.89,-54.533333333333,0,0,0,0,0,win,completed,1
2024,9571925,126f9a85cb512e74007e1c117cee6f86,,5,,2024-10-01,2024-10-07,330551,108582,John Juliano,107.44,83.24,120.45,0,12,5,6.96,,5,0,,330550,108589,Phil Baldino,124.34,111.2,7,8.05,31.85,0,0,0,0,0,loss,completed,0
2024,9571942,10c66816a33a06e6f3eccb59af2933bf,,5,,2024-10-01,2024-10-07,330552,108584,Nolan & Vinny,167.9,112.6,105.17,0,1,6,10.87,,6,2.2666666666667,,330557,54776,Mike Long,113.14,114.51,9,7.33,-6.8,0,0,0,0,0,win,completed,0
2024,9571958,3ba5ec870a2c52ef0d00e88a0608ec57,,5,,2024-10-01,2024-10-07,330553,108587,Pung & Tralie,135.62,128.62,113.06,0,5,7,8.78,,7,18.916666666667,,330549,108592,Chris & Dom,107.56,106.67,11,6.96,-3.7833333333333,0,0,0,0,0,win,completed,0
2024,9571990,b4f51d3f6ef5c234c8dfc657a9ce2210,,5,,2024-10-01,2024-10-07,330555,54773,Ronnie,116.56,55.86,102.24,0,8,9,7.55,,9,-18.2,,330556,54774,Cambrias,146.36,109.51,3,9.48,13.65,0,0,0,0,0,loss,completed,0
2024,9572024,10c66816a33a06e6f3eccb59af2933bf,,5,,2024-10-01,2024-10-07,330557,54776,Mike Long,113.14,103.14,114.51,0,9,11,7.33,,11,-6.8,,330552,108584,Nolan & Vinny,167.9,105.17,1,10.87,2.2666666666667,0,0,0,0,0,loss,completed,0
2024,9572007,b4f51d3f6ef5c234c8dfc657a9ce2210,,5,,2024-10-01,2024-10-07,330556,54774,Cambrias,146.36,133.36,109.51,0,3,10,9.48,,10,13.65,,330555,54773,Ronnie,116.56,102.24,8,7.55,-18.2,0,0,0,0,0,win,completed,0
2024,9572040,f1709514d31c74baf249b06f300a3262,,5,,2024-10-01,2024-10-07,330558,108588,Frank & Julian,128.28,123.28,113.97,0,6,12,8.31,,12,31.8,,330547,108581,Richie,110.96,100.31,10,7.19,-10.6,0,0,0,0,0,win,completed,0
2024,9571893,3ba5ec870a2c52ef0d00e88a0608ec57,,5,,2024-10-01,2024-10-07,330549,108592,Chris & Dom,107.56,105.56,106.67,0,11,3,6.96,,3,-3.7833333333333,,330553,108587,Pung & Tralie,135.62,113.06,5,8.78,18.916666666667,0,0,0,0,0,loss,completed,0
2024,9571877,81616777bc50a210c46d2f6213e7e919,,5,,2024-10-01,2024-10-07,330548,54762,Antdell & Ernie,137.24,133.24,113.61,0,4,2,8.89,,2,-54.533333333333,,330554,108590,Rob & GregBo,148.92,122.73,2,9.64,13.633333333333,0,0,0,0,0,loss,completed,1
2024,9571909,126f9a85cb512e74007e1c117cee6f86,,5,,2024-10-01,2024-10-07,330550,108589,Phil Baldino,124.34,123.34,111.2,0,7,4,8.05,,4,31.85,,330551,108582,John Juliano,107.44,120.45,12,6.96,0,0,0,0,0,0,win,completed,0
2024,9571861,f1709514d31c74baf249b06f300a3262,,5,,2024-10-01,2024-10-07,330547,108581,Richie,110.96,100.96,100.31,0,10,1,7.19,,1,-10.6,,330558,108588,Frank & Julian,128.28,113.97,6,8.31,31.8,0,0,0,0,0,loss,completed,0
2024,9571894,d26d4976c817524cbb38a5274ba0610a,,6,,2024-10-08,2024-10-14,330549,108592,Chris & Dom,127.42,121.42,114.87,126.7,7,6,8.7,95.83,7,47.716666666667,,330557,54776,Mike Long,112.08,105.71,9,7.65,-20.45,0,0,0,0,0,win,completed,0
2024,9571878,277c3c5850186b0b5c84d52d3746771f,,6,,2024-10-08,2024-10-14,330548,54762,Antdell & Ernie,155.7,134.2,119.92,158.2,1,1,10.63,96.52,5,6.8166666666667,,330556,54774,Cambrias,143.12,121.29,3,9.77,-61.35,0,0,0,0,0,win,completed,1
2024,9571862,edbe3e1d94acb07bba057cc4c7d95aa1,,6,,2024-10-08,2024-10-14,330547,108581,Richie,144.66,132.66,112.78,155.16,2,2,9.87,85.5,11,13.633333333333,,330554,108590,Rob & GregBo,142.52,129.26,4,9.73,-54.533333333333,0,0,0,0,0,win,completed,3
2024,9571910,8c58d4c1b0baf77f4d4b5c88a72378b6,,6,,2024-10-08,2024-10-14,330550,108589,Phil Baldino,131.2,122.2,105.31,122.2,5,7,8.95,100,1,18.916666666667,,330558,108588,Frank & Julian,86.02,123.18,11,5.87,-3.7833333333333,0,0,0,0,0,win,completed,0
2024,9571975,edbe3e1d94acb07bba057cc4c7d95aa1,,6,,2024-10-08,2024-10-14,330554,108590,Rob & GregBo,142.52,138.52,129.26,146.12,4,3,9.73,95.48,8,-54.533333333333,,330547,108581,Richie,144.66,112.78,2,9.87,13.633333333333,0,0,0,0,0,loss,completed,3
2024,9571926,b3111272769354c8d1b7663749a0312b,,6,,2024-10-08,2024-10-14,330551,108582,John Juliano,129.7,124.7,108.17,129.7,6,5,8.85,96.14,6,31.8,,330552,108584,Nolan & Vinny,96.16,101.85,10,6.5600000000000005,-10.6,0,0,0,0,0,win,completed,0
2024,9571943,b3111272769354c8d1b7663749a0312b,,6,,2024-10-08,2024-10-14,330552,108584,Nolan & Vinny,96.16,92.16,101.85,93.68,10,10,6.5600000000000005,99.44,2,-10.6,,330551,108582,John Juliano,129.7,108.17,6,8.85,31.8,0,0,0,0,0,loss,completed,0
2024,9571959,c8acb091c0a27cbdc3d008b4d1ee8f5f,,6,,2024-10-08,2024-10-14,330553,108587,Pung & Tralie,115.26,111.26,110.79,115.26,8,9,7.87,96.53,4,42.4,,330555,54773,Ronnie,81.56,86.15,12,5.57,0,0,0,0,0,0,win,completed,0
2024,9571991,c8acb091c0a27cbdc3d008b4d1ee8f5f,,6,,2024-10-08,2024-10-14,330555,54773,Ronnie,81.56,68.26,86.15,93.06,12,11,5.57,82.27,12,0,,330553,108587,Pung & Tralie,115.26,110.79,8,7.87,42.4,0,0,0,0,0,loss,completed,0
2024,9572008,277c3c5850186b0b5c84d52d3746771f,,6,,2024-10-08,2024-10-14,330556,54774,Cambrias,143.12,129.12,121.29,137.8,3,4,9.77,93.7,9,-61.35,,330548,54762,Antdell & Ernie,155.7,119.92,1,10.63,6.8166666666667,0,0,0,0,0,loss,completed,1
2024,9572025,d26d4976c817524cbb38a5274ba0610a,,6,,2024-10-08,2024-10-14,330557,54776,Mike Long,112.08,106.08,105.71,117.68,9,8,7.65,90.14,10,-20.45,,330549,108592,Chris & Dom,127.42,114.87,7,8.7,47.716666666667,0,0,0,0,0,loss,completed,0
2024,9572041,8c58d4c1b0baf77f4d4b5c88a72378b6,,6,,2024-10-08,2024-10-14,330558,108588,Frank & Julian,86.02,86.02,123.18,87.92,11,12,5.87,97.84,3,-3.7833333333333,,330550,108589,Phil Baldino,131.2,105.31,5,8.95,18.916666666667,0,0,0,0,0,loss,completed,0
2024,9571992,5e413a1c6fba3433e3190f2219c31a49,,7,,2024-10-15,2024-10-21,330555,54773,Ronnie,93.8,76.6,111.93,96.5,10,11,6.9399999999999995,97.2,3,75.833333333333,,330557,54776,Mike Long,73.04,101.76,11,5.41,-7.5833333333333,0,0,0,0,0,win,completed,0
2024,9572009,388c16dccd3a4f24947294374f2c2005,,7,,2024-10-15,2024-10-21,330556,54774,Cambrias,143.6,117.3,125.21,147.9,1,1,10.63,92.36,4,4.55,,330547,108581,Richie,118.96,118.21,6,8.8,-27.3,0,0,0,0,0,win,completed,0
2024,9572042,693458aaf42229ee2053d1c9883407bd,,7,,2024-10-15,2024-10-21,330558,108588,Frank & Julian,65.66,65.66,107.09,75.76,12,12,4.86,86.67,8,0,,330551,108582,John Juliano,111.62,132.7,8,8.26,42.4,0,0,0,0,0,loss,completed,0
2024,9572026,5e413a1c6fba3433e3190f2219c31a49,,7,,2024-10-15,2024-10-21,330557,54776,Mike Long,73.04,73.04,101.76,103.84,11,10,5.41,70.34,12,-7.5833333333333,,330555,54773,Ronnie,93.8,111.93,10,6.9399999999999995,75.833333333333,0,0,0,0,0,loss,completed,0
2024,9571879,efb4b8e9ea08554cd52c8d7b5c4701a8,,7,,2024-10-15,2024-10-21,330548,54762,Antdell & Ernie,113.46,112.46,117.29,137.06,7,3,8.4,82.05,11,47.716666666667,,330553,108587,Pung & Tralie,107.64,116.55,9,7.97,-20.45,0,0,0,0,0,win,completed,1
2024,9571895,2af87f7c3f51285eca49347604fbc606,,7,,2024-10-15,2024-10-21,330549,108592,Chris & Dom,132.44,110.34,114.31,129.44,3,6,9.8,100,1,20.45,,330552,108584,Nolan & Vinny,119.26,114.45,5,8.83,-47.716666666667,0,0,0,0,0,win,completed,1
2024,9571863,388c16dccd3a4f24947294374f2c2005,,7,,2024-10-15,2024-10-21,330547,108581,Richie,118.96,110.96,118.21,130.86,6,4,8.8,86.32,9,-27.3,,330556,54774,Cambrias,143.6,125.21,1,10.63,4.55,0,0,0,0,0,loss,completed,0
2024,9571911,343f8490e118a52e40a21c643894f7a7,,7,,2024-10-15,2024-10-21,330550,108589,Phil Baldino,129.88,123.88,121.4,126.08,4,7,9.61,98.26,2,-54.533333333333,,330554,108590,Rob & GregBo,141.84,137.09,2,10.5,13.633333333333,0,0,0,0,0,loss,completed,1
2024,9571960,efb4b8e9ea08554cd52c8d7b5c4701a8,,7,,2024-10-15,2024-10-21,330553,108587,Pung & Tralie,107.64,105.64,116.55,125.54,9,8,7.97,85.74,10,-20.45,,330548,54762,Antdell & Ernie,113.46,117.29,7,8.4,47.716666666667,0,0,0,0,0,loss,completed,1
2024,9571927,693458aaf42229ee2053d1c9883407bd,,7,,2024-10-15,2024-10-21,330551,108582,John Juliano,111.62,104.62,132.7,115.62,8,9,8.26,92.22,5,42.4,,330558,108588,Frank & Julian,65.66,107.09,12,4.86,0,0,0,0,0,0,win,completed,0
2024,9571944,2af87f7c3f51285eca49347604fbc606,,7,,2024-10-15,2024-10-21,330552,108584,Nolan & Vinny,119.26,116.26,114.45,130.2,5,5,8.83,89.29,7,-47.716666666667,,330549,108592,Chris & Dom,132.44,114.31,3,9.8,20.45,0,0,0,0,0,loss,completed,1
2024,9571976,343f8490e118a52e40a21c643894f7a7,,7,,2024-10-15,2024-10-21,330554,108590,Rob & GregBo,141.84,127.84,137.09,141.34,2,2,10.5,91.16,6,13.633333333333,,330550,108589,Phil Baldino,129.88,121.4,4,9.61,-54.533333333333,0,0,0,0,0,win,completed,1
2024,9571945,23646234f9c74ae2eac1bf0737637ee2,,8,,2024-10-22,2024-10-28,330552,108584,Nolan & Vinny,158,128.6,123.79,159.58,1,1,10.18,95.25,3,0,,330555,54773,Ronnie,93.8,98.3,12,6.05,0,0,0,0,0,0,win,completed,0
2024,9571928,64921c7b8a414856712c7f3568ad2063,,8,,2024-10-22,2024-10-28,330551,108582,John Juliano,141.02,109.7,126.58,151.52,5,4,9.09,91.09,6,34.083333333333,,330549,108592,Chris & Dom,129.26,124.47,7,8.33,-34.083333333333,0,0,0,0,0,win,completed,0
2024,9571961,fe5f63559a4bca337f3fd9465f5f4c09,,8,,2024-10-22,2024-10-28,330553,108587,Pung & Tralie,102.88,101.88,118.89,136.44,11,9,6.63,74.67,12,-1.5166666666667,,330547,108581,Richie,148.86,116.33,2,9.59,3.0333333333333,0,0,0,0,0,loss,completed,0
2024,9571977,dd57c2c61a5607fb1d75f97d887bacd3,,8,,2024-10-22,2024-10-28,330554,108590,Rob & GregBo,146.66,142.66,119.05,149.84,3,6,9.45,95.21,4,22.75,,330558,108588,Frank & Julian,146.62,115.12,4,9.45,-60.666666666667,0,0,0,0,0,win,completed,4
2024,9572010,5adc180c1d066303bbfa1669641a26bf,,8,,2024-10-22,2024-10-28,330556,54774,Cambrias,116.44,115.44,131.94,137.7,8,8,7.51,83.83,10,-27.266666666667,,330550,108589,Phil Baldino,140.78,115.45,6,9.07,40.9,0,0,0,0,0,loss,completed,0
2024,9572043,dd57c2c61a5607fb1d75f97d887bacd3,,8,,2024-10-22,2024-10-28,330558,108588,Frank & Julian,146.62,142.62,115.12,147.62,4,7,9.45,97.29,2,-60.666666666667,,330554,108590,Rob & GregBo,146.66,119.05,3,9.45,22.75,0,0,0,0,0,loss,completed,4
2024,9572027,8743a34f65bd2ef580d711075eb02589,,8,,2024-10-22,2024-10-28,330557,54776,Mike Long,114.9,107.9,106.38,108.1,9,11,7.41,99.81,1,68.25,,330548,54762,Antdell & Ernie,112.24,117.64,10,7.23,-15.166666666667,0,0,0,0,0,win,completed,2
2024,9571993,23646234f9c74ae2eac1bf0737637ee2,,8,,2024-10-22,2024-10-28,330555,54773,Ronnie,93.8,86.8,98.3,96.52,12,12,6.05,89.93,7,0,,330552,108584,Nolan & Vinny,158,123.79,1,10.18,0,0,0,0,0,0,loss,completed,0
2024,9571864,fe5f63559a4bca337f3fd9465f5f4c09,,8,,2024-10-22,2024-10-28,330547,108581,Richie,148.86,140.86,116.33,151.06,2,5,9.59,93.25,5,3.0333333333333,,330553,108587,Pung & Tralie,102.88,118.89,11,6.63,-1.5166666666667,0,0,0,0,0,win,completed,0
2024,9571896,64921c7b8a414856712c7f3568ad2063,,8,,2024-10-22,2024-10-28,330549,108592,Chris & Dom,129.26,125.26,124.47,156.08,7,2,8.33,80.25,11,-34.083333333333,,330551,108582,John Juliano,141.02,126.58,5,9.09,34.083333333333,0,0,0,0,0,loss,completed,0
2024,9571912,5adc180c1d066303bbfa1669641a26bf,,8,,2024-10-22,2024-10-28,330550,108589,Phil Baldino,140.78,132.78,115.45,151.6,6,3,9.07,87.59,9,40.9,,330556,54774,Cambrias,116.44,131.94,8,7.51,-27.266666666667,0,0,0,0,0,win,completed,0
2024,9571880,8743a34f65bd2ef580d711075eb02589,,8,,2024-10-22,2024-10-28,330548,54762,Antdell & Ernie,112.24,106.24,117.64,118.96,10,10,7.23,89.31,8,-15.166666666667,,330557,54776,Mike Long,114.9,106.38,9,7.41,68.25,0,0,0,0,0,loss,completed,2
2024,9571913,8892382a3c648c1b2a2d9f82f2d96a9a,,9,,2024-10-29,2024-11-04,330550,108589,Phil Baldino,137.82,130.82,116.47,145.72,4,5,9.17,89.77,7,15.133333333333,,330553,108587,Pung & Tralie,107.46,125.61,10,7.15,-7.5666666666667,0,0,0,0,0,win,completed,0
2024,9571897,dc751365263dd7d88a778500ddf27839,,9,,2024-10-29,2024-11-04,330549,108592,Chris & Dom,157.94,146.94,125.88,161.32,2,2,10.5,91.09,5,7.5666666666667,,330555,54773,Ronnie,111.1,101.85,8,7.39,-15.133333333333,0,0,0,0,0,win,completed,0
2024,9571881,e6d10ec7f0dfee34cabe13c4f8b738f0,,9,,2024-10-29,2024-11-04,330548,54762,Antdell & Ernie,95.98,93.98,116.2,111.14,11,11,6.38,84.56,9,83.416666666667,,330552,108584,Nolan & Vinny,91.2,121.19,12,6.07,0,0,0,0,0,0,win,completed,2
2024,9571865,a63b305277b82b355a405e415add3fb9,,9,,2024-10-29,2024-11-04,330547,108581,Richie,117.1,94.2,110.99,146.5,6,4,7.79,77.88,12,36.4,,330557,54776,Mike Long,107.54,101.73,9,7.15,-18.2,0,0,0,0,0,win,completed,1
2024,9571929,ec061021d6a6a051e6fd2d46ce9dab67,,9,,2024-10-29,2024-11-04,330551,108582,John Juliano,130.1,121.1,137.91,139.7,5,6,8.65,87.4,8,-37.1,,330554,108590,Rob & GregBo,195.3,136.15,1,12.99,5.3,0,0,0,0,0,loss,completed,1
2024,9571946,e6d10ec7f0dfee34cabe13c4f8b738f0,,9,,2024-10-29,2024-11-04,330552,108584,Nolan & Vinny,91.2,84.2,121.19,99.8,12,12,6.07,84.37,10,0,,330548,54762,Antdell & Ernie,95.98,116.2,11,6.38,83.416666666667,0,0,0,0,0,loss,completed,2
2024,9571978,ec061021d6a6a051e6fd2d46ce9dab67,,9,,2024-10-29,2024-11-04,330554,108590,Rob & GregBo,195.3,183.3,136.15,183.3,1,1,12.99,100,1,5.3,,330551,108582,John Juliano,130.1,137.91,5,8.65,-37.1,0,0,0,0,0,win,completed,1
2024,9571962,8892382a3c648c1b2a2d9f82f2d96a9a,,9,,2024-10-29,2024-11-04,330553,108587,Pung & Tralie,107.46,102.46,125.61,126.56,10,7,7.15,81.75,11,-7.5666666666667,,330550,108589,Phil Baldino,137.82,116.47,4,9.17,15.133333333333,0,0,0,0,0,loss,completed,0
2024,9572044,e1f0abbd1565a8e20a3516a5755f445d,,9,,2024-10-29,2024-11-04,330558,108588,Frank & Julian,111.72,109.72,121.1,112.92,7,10,7.43,97.17,2,-26.5,,330556,54774,Cambrias,140.42,128.09,3,9.34,15.9,0,0,0,0,0,loss,completed,0
2024,9572011,e1f0abbd1565a8e20a3516a5755f445d,,9,,2024-10-29,2024-11-04,330556,54774,Cambrias,140.42,141.42,128.09,148.5,3,3,9.34,95.23,3,15.9,,330558,108588,Frank & Julian,111.72,121.1,7,7.43,-26.5,0,0,0,0,0,win,completed,0
2024,9572028,a63b305277b82b355a405e415add3fb9,,9,,2024-10-29,2024-11-04,330557,54776,Mike Long,107.54,104.54,101.73,113.44,9,9,7.15,92.15,4,-18.2,,330547,108581,Richie,117.1,110.99,6,7.79,36.4,0,0,0,0,0,loss,completed,1
2024,9571994,dc751365263dd7d88a778500ddf27839,,9,,2024-10-29,2024-11-04,330555,54773,Ronnie,111.1,108.4,101.85,121.64,8,8,7.39,89.94,6,-15.133333333333,,330549,108592,Chris & Dom,157.94,125.88,2,10.5,7.5666666666667,0,0,0,0,0,loss,completed,0
2024,9572029,1ae0a74d1b9b8fcb33b2bd766a10ed44,,10,,2024-11-05,2024-11-11,330557,54776,Mike Long,81.08,64.48,116.48,74.08,10,12,5.86,109.45,1,-10.6,,330550,108589,Phil Baldino,122.52,126.15,6,8.85,31.8,0,0,0,0,0,loss,completed,0
2024,9572012,b64eac38439bc428b38570be926ed164,,10,,2024-11-05,2024-11-11,330556,54774,Cambrias,80.04,70.24,122.12,84.04,11,10,5.78,94.05,7,-0.75,,330554,108590,Rob & GregBo,182.9,136.47,1,13.21,0.75,0,0,0,0,0,loss,completed,0
2024,9571995,ae105f177bc7e474166ce71bd5941909,,10,,2024-11-05,2024-11-11,330555,54773,Ronnie,85.8,80.8,101.63,80.8,8,11,6.2,100,4,-30.333333333333,,330551,108582,John Juliano,95.1,126.92,7,6.87,53.083333333333,0,0,0,0,0,loss,completed,1
2024,9571963,a05f3f48a7093dbdf8c58dd17aac8ed6,,10,,2024-11-05,2024-11-11,330553,108587,Pung & Tralie,135.88,133.88,125.8,135.88,5,5,9.81,100,2,26.5,,330558,108588,Frank & Julian,81.46,111.53,9,5.88,-15.9,0,0,0,0,0,win,completed,0
2024,9571947,3dcdf3bddbbe7dc42c595ce428313f1e,,10,,2024-11-05,2024-11-11,330552,108584,Nolan & Vinny,154.04,148.04,117.07,175.64,2,1,11.13,84.29,10,15.166666666667,,330547,108581,Richie,151.18,122.95,3,10.92,-68.25,0,0,0,0,0,win,completed,3
2024,9571930,ae105f177bc7e474166ce71bd5941909,,10,,2024-11-05,2024-11-11,330551,108582,John Juliano,95.1,94.1,126.92,98.2,7,8,6.87,95.82,5,53.083333333333,,330555,54773,Ronnie,85.8,101.63,8,6.2,-30.333333333333,0,0,0,0,0,win,completed,1
2024,9571979,b64eac38439bc428b38570be926ed164,,10,,2024-11-05,2024-11-11,330554,108590,Rob & GregBo,182.9,171.9,136.47,172.9,1,2,13.21,100,3,0.75,,330556,54774,Cambrias,80.04,122.12,11,5.78,-0.75,0,0,0,0,0,win,completed,0
2024,9571898,fe4cf6e07301f692a6ae2dbfed2b5afe,,10,,2024-11-05,2024-11-11,330549,108592,Chris & Dom,143.12,81.82,121.74,158.52,4,3,10.34,83.35,11,9.0666666666667,,330548,54762,Antdell & Ernie,71.48,117.17,12,5.16,0,0,0,0,0,0,win,completed,0
2024,9571866,3dcdf3bddbbe7dc42c595ce428313f1e,,10,,2024-11-05,2024-11-11,330547,108581,Richie,151.18,145.18,122.95,156.38,3,4,10.92,92.84,8,-68.25,,330552,108584,Nolan & Vinny,154.04,117.07,2,11.13,15.166666666667,0,0,0,0,0,loss,completed,3
2024,9571914,1ae0a74d1b9b8fcb33b2bd766a10ed44,,10,,2024-11-05,2024-11-11,330550,108589,Phil Baldino,122.52,115.52,126.15,123.02,6,6,8.85,94.72,6,31.8,,330557,54776,Mike Long,81.08,116.48,10,5.86,-10.6,0,0,0,0,0,win,completed,0
2024,9571882,fe4cf6e07301f692a6ae2dbfed2b5afe,,10,,2024-11-05,2024-11-11,330548,54762,Antdell & Ernie,71.48,69.48,117.17,101.88,12,7,5.16,70.16,12,0,,330549,108592,Chris & Dom,143.12,121.74,4,10.34,9.0666666666667,0,0,0,0,0,loss,completed,0
2024,9572045,a05f3f48a7093dbdf8c58dd17aac8ed6,,10,,2024-11-05,2024-11-11,330558,108588,Frank & Julian,81.46,79.46,111.53,86.46,9,9,5.88,91.9,9,-15.9,,330553,108587,Pung & Tralie,135.88,125.8,5,9.81,26.5,0,0,0,0,0,loss,completed,0
2024,9572046,143ddc6e7f885e20d9e49291611827ee,,11,,2024-11-12,2024-11-18,330558,108588,Frank & Julian,122.38,118.38,100.66,121.28,10,10,7.74,97.61,2,-15.166666666667,,330557,54776,Mike Long,124.9,106.13,9,7.9,68.25,0,0,0,0,0,loss,completed,2
2024,9571964,f1f45e4f66b03da2ebbf4dd6317a66c3,,11,,2024-11-12,2024-11-18,330553,108587,Pung & Tralie,109.74,95.74,123.24,119.02,11,11,6.9399999999999995,80.44,12,-3.7833333333333,,330554,108590,Rob & GregBo,131.48,135.32,5,8.32,18.916666666667,0,0,0,0,0,loss,completed,0
2024,9571948,9165f03bcd75692a7e9359b3e3658b29,,11,,2024-11-12,2024-11-18,330552,108584,Nolan & Vinny,158.78,144.78,110.65,144.78,2,6,10.05,100,1,1.5,,330550,108589,Phil Baldino,99.36,116.53,12,6.29,0,0,0,0,0,0,win,completed,0
2024,9571931,71e8666e00d72c22a78ba79a01339a6b,,11,,2024-11-12,2024-11-18,330551,108582,John Juliano,136.18,131.18,125.39,146.18,4,4,8.62,89.74,5,-48.533333333333,,330556,54774,Cambrias,170.94,128.81,1,10.81,6.0666666666667,0,0,0,0,0,loss,completed,1
2024,9571996,966e54caec958abc7032d15b89c36e4d,,11,,2024-11-12,2024-11-18,330555,54773,Ronnie,129.68,117.68,91.57,132.08,7,9,8.2,89.1,6,-26.5,,330548,54762,Antdell & Ernie,141.62,120.23,3,8.96,15.9,0,0,0,0,0,loss,completed,0
2024,9572030,143ddc6e7f885e20d9e49291611827ee,,11,,2024-11-12,2024-11-18,330557,54776,Mike Long,124.9,121.9,106.13,137.32,9,7,7.9,88.77,7,68.25,,330558,108588,Frank & Julian,122.38,100.66,10,7.74,-15.166666666667,0,0,0,0,0,win,completed,2
2024,9572013,71e8666e00d72c22a78ba79a01339a6b,,11,,2024-11-12,2024-11-18,330556,54774,Cambrias,170.94,162.94,128.81,168.94,1,1,10.81,96.45,4,6.0666666666667,,330551,108582,John Juliano,136.18,125.39,4,8.62,-48.533333333333,0,0,0,0,0,win,completed,1
2024,9571980,f1f45e4f66b03da2ebbf4dd6317a66c3,,11,,2024-11-12,2024-11-18,330554,108590,Rob & GregBo,131.48,128.48,135.32,132.88,5,8,8.32,97.44,3,18.916666666667,,330553,108587,Pung & Tralie,109.74,123.24,11,6.9399999999999995,-3.7833333333333,0,0,0,0,0,win,completed,0
2024,9571899,2e45fae250fb3603ab609b47b691c58e,,11,,2024-11-12,2024-11-18,330549,108592,Chris & Dom,130.14,121.14,122.2,150.34,6,3,8.23,80.58,11,40.9,,330547,108581,Richie,125.44,128.12,8,7.9399999999999995,-27.266666666667,0,0,0,0,0,win,completed,2
2024,9571867,2e45fae250fb3603ab609b47b691c58e,,11,,2024-11-12,2024-11-18,330547,108581,Richie,125.44,124.44,128.12,145.34,8,5,7.9399999999999995,86.31,8,-27.266666666667,,330549,108592,Chris & Dom,130.14,122.2,6,8.23,40.9,0,0,0,0,0,loss,completed,2
2024,9571915,9165f03bcd75692a7e9359b3e3658b29,,11,,2024-11-12,2024-11-18,330550,108589,Phil Baldino,99.36,96.36,116.53,112.16,12,12,6.29,85.91,9,0,,330552,108584,Nolan & Vinny,158.78,110.65,2,10.05,1.5,0,0,0,0,0,loss,completed,0
2024,9571883,966e54caec958abc7032d15b89c36e4d,,11,,2024-11-12,2024-11-18,330548,54762,Antdell & Ernie,141.62,132.62,120.23,160.32,3,2,8.96,84.59,10,15.9,,330555,54773,Ronnie,129.68,91.57,7,8.2,-26.5,0,0,0,0,0,win,completed,0
2024,9571900,d0f50b5edd223f35eba41da714331eff,,12,,2024-11-19,2024-11-25,330549,108592,Chris & Dom,125.26,121.26,117.17,135.46,6,5,8.85,89.52,7,-40.9,,330550,108589,Phil Baldino,127.96,116.54,4,9.04,27.266666666667,0,0,0,0,0,loss,completed,2
2024,9571868,b4d262f82739a8bb140938aef00c2248,,12,,2024-11-19,2024-11-25,330547,108581,Richie,119.06,116.06,124.07,124.66,8,6,8.41,93.1,5,42.4,,330555,54773,Ronnie,81.96,98.34,12,5.79,0,0,0,0,0,0,win,completed,0
2024,9571884,8b3a01d1c0306957aac6fe6a06a290cc,,12,,2024-11-19,2024-11-25,330548,54762,Antdell & Ernie,140.98,131.98,107.19,139.08,2,4,9.96,94.9,3,4.5333333333333,,330551,108582,John Juliano,96.28,117.15,10,6.8,-4.5333333333333,0,0,0,0,0,win,completed,0
2024,9571916,d0f50b5edd223f35eba41da714331eff,,12,,2024-11-19,2024-11-25,330550,108589,Phil Baldino,127.96,121.96,116.54,149.76,4,2,9.04,81.44,10,27.266666666667,,330549,108592,Chris & Dom,125.26,117.17,6,8.85,-40.9,0,0,0,0,0,win,completed,2
2024,9571965,46ff5c9aae2ecdf5e7850ec24ee80f40,,12,,2024-11-19,2024-11-25,330553,108587,Pung & Tralie,125.3,77.4,114.55,108.1,5,9,8.85,99.72,1,-37.1,,330556,54774,Cambrias,158.42,129.56,1,11.2,5.3,0,0,0,0,0,loss,completed,1
2024,9571949,5713d673ef4442fa915f85fe771fdc25,,12,,2024-11-19,2024-11-25,330552,108584,Nolan & Vinny,82.62,75.72,115.55,89.72,11,12,5.84,88.19,8,-2.2666666666667,,330558,108588,Frank & Julian,140.42,105.29,3,9.92,6.8,0,0,0,0,0,loss,completed,0
2024,9571932,8b3a01d1c0306957aac6fe6a06a290cc,,12,,2024-11-19,2024-11-25,330551,108582,John Juliano,96.28,96.28,117.15,117.18,10,7,6.8,82.16,9,-4.5333333333333,,330548,54762,Antdell & Ernie,140.98,107.19,2,9.96,4.5333333333333,0,0,0,0,0,loss,completed,0
2024,9572047,5713d673ef4442fa915f85fe771fdc25,,12,,2024-11-19,2024-11-25,330558,108588,Frank & Julian,140.42,140.42,105.29,148.92,3,3,9.92,94.29,4,6.8,,330552,108584,Nolan & Vinny,82.62,115.55,11,5.84,-2.2666666666667,0,0,0,0,0,win,completed,0
2024,9571981,d91bbe9cc73a5b28e3c7628d448be55f,,12,,2024-11-19,2024-11-25,330554,108590,Rob & GregBo,119.28,112.28,120.12,115.78,7,8,8.43,96.98,2,47.716666666667,,330557,54776,Mike Long,97.48,101.04,9,6.89,-20.45,0,0,0,0,0,win,completed,0
2024,9571997,b4d262f82739a8bb140938aef00c2248,,12,,2024-11-19,2024-11-25,330555,54773,Ronnie,81.96,81.96,98.34,103.26,12,10,5.79,79.37,12,0,,330547,108581,Richie,119.06,124.07,8,8.41,42.4,0,0,0,0,0,loss,completed,0
2024,9572031,d91bbe9cc73a5b28e3c7628d448be55f,,12,,2024-11-19,2024-11-25,330557,54776,Mike Long,97.48,91.48,101.04,99.58,9,11,6.89,92.87,6,-20.45,,330554,108590,Rob & GregBo,119.28,120.12,7,8.43,47.716666666667,0,0,0,0,0,loss,completed,0
2024,9572014,46ff5c9aae2ecdf5e7850ec24ee80f40,,12,,2024-11-19,2024-11-25,330556,54774,Cambrias,158.42,148.42,129.56,182.66,1,1,11.2,81.25,11,5.3,,330553,108587,Pung & Tralie,125.3,114.55,5,8.85,-37.1,0,0,0,0,0,win,completed,1
2024,9571982,c14607532edbbd457ec10aebb2317760,,13,,2024-11-26,2024-12-02,330554,108590,Rob & GregBo,125.28,119.28,139.89,127.08,7,8,7.92,93.86,7,-30.333333333333,,330552,108584,Nolan & Vinny,143.66,119.33,4,9.09,24.266666666667,0,0,0,0,0,loss,completed,0
2024,9571998,3f3d4db6ca910ffc8083025e7fce8eea,,13,,2024-11-26,2024-12-02,330555,54773,Ronnie,104.94,100.94,101.47,100.94,11,12,6.64,100,3,-7.5833333333333,,330550,108589,Phil Baldino,112.24,124.13,10,7.1,75.833333333333,0,0,0,0,0,loss,completed,1
2024,9572015,9fb21cf537343e5a7d6d25c07bc96091,,13,,2024-11-26,2024-12-02,330556,54774,Cambrias,129.9,126.9,132.8,145.96,6,4,8.22,86.94,10,40.9,,330557,54776,Mike Long,116.98,102.17,8,7.4,-27.266666666667,0,0,0,0,0,win,completed,0
2024,9572032,9fb21cf537343e5a7d6d25c07bc96091,,13,,2024-11-26,2024-12-02,330557,54776,Mike Long,116.98,113.98,102.17,130.28,8,7,7.4,87.49,9,-27.266666666667,,330556,54774,Cambrias,129.9,132.8,6,8.22,40.9,0,0,0,0,0,loss,completed,0
2024,9571966,d2f91f7ddec13729cdc1278dd35049e9,,13,,2024-11-26,2024-12-02,330553,108587,Pung & Tralie,179.14,160.14,123.49,160.14,1,2,11.33,100,2,6.8166666666667,,330551,108582,John Juliano,150.32,128.96,3,9.51,-61.35,0,0,0,0,0,win,completed,1
2024,9571950,c14607532edbbd457ec10aebb2317760,,13,,2024-11-26,2024-12-02,330552,108584,Nolan & Vinny,143.66,134.66,119.33,138.7,4,5,9.09,97.81,4,24.266666666667,,330554,108590,Rob & GregBo,125.28,139.89,7,7.92,-30.333333333333,0,0,0,0,0,win,completed,0
2024,9571933,d2f91f7ddec13729cdc1278dd35049e9,,13,,2024-11-26,2024-12-02,330551,108582,John Juliano,150.32,122.72,128.96,155.12,3,3,9.51,90.65,8,-61.35,,330553,108587,Pung & Tralie,179.14,123.49,1,11.33,6.8166666666667,0,0,0,0,0,loss,completed,1
2024,9571917,3f3d4db6ca910ffc8083025e7fce8eea,,13,,2024-11-26,2024-12-02,330550,108589,Phil Baldino,112.24,110.24,124.13,115.54,10,10,7.1,96.28,5,75.833333333333,,330555,54773,Ronnie,104.94,101.47,11,6.64,-7.5833333333333,0,0,0,0,0,win,completed,1
2024,9571901,4316b4cb700dcdb530c13e0d333b17a9,,13,,2024-11-26,2024-12-02,330549,108592,Chris & Dom,139.56,128.56,125.39,135.66,5,6,8.83,94.77,6,15.166666666667,,330558,108588,Frank & Julian,104.88,114.18,12,6.63,0,0,0,0,0,0,win,completed,0
2024,9571869,c01a2094d2283e6bfb00c6d5f2d00fa0,,13,,2024-11-26,2024-12-02,330547,108581,Richie,116.72,114.72,125.65,114.72,9,11,7.38,100,1,-9.1,,330548,54762,Antdell & Ernie,157.3,121.77,2,9.95,6.0666666666667,0,0,0,0,0,loss,completed,0
2024,9571885,c01a2094d2283e6bfb00c6d5f2d00fa0,,13,,2024-11-26,2024-12-02,330548,54762,Antdell & Ernie,157.3,151.3,121.77,193.4,2,1,9.95,78.23,12,6.0666666666667,,330547,108581,Richie,116.72,125.65,9,7.38,-9.1,0,0,0,0,0,win,completed,0
2024,9572048,4316b4cb700dcdb530c13e0d333b17a9,,13,,2024-11-26,2024-12-02,330558,108588,Frank & Julian,104.88,96.9,114.18,122.86,12,9,6.63,85.37,11,0,,330549,108592,Chris & Dom,139.56,125.39,5,8.83,15.166666666667,0,0,0,0,0,loss,completed,0
2024,9572049,de2c598fecd793795552b91adf8ef631,,14,,2024-12-03,2024-12-09,330558,108588,Frank & Julian,139.12,133.12,120.73,137.92,7,8,8.55,97.24,4,-26.5,,330555,54773,Ronnie,153.72,100.72,3,9.45,15.9,0,0,0,0,0,loss,completed,0
2024,9571967,9fec3910f709d946edd610b9e0355df6,,14,,2024-12-03,2024-12-09,330553,108587,Pung & Tralie,164.36,150.36,109.64,151.16,2,4,10.1,99.47,2,1.5,,330557,54776,Mike Long,52.2,60.53,12,3.21,0,0,0,0,0,0,win,completed,0
2024,9571951,b970972e282c9a821c242d0193907a94,,14,,2024-12-03,2024-12-09,330552,108584,Nolan & Vinny,148.76,94.66,104.27,139.76,6,6,9.15,100,1,40.9,,330556,54774,Cambrias,127.64,124.07,8,7.85,-27.266666666667,0,0,0,0,0,win,completed,0
2024,9571934,d99df77fec037799b74b347d88a3937c,,14,,2024-12-03,2024-12-09,330551,108582,John Juliano,180.58,165.58,132.52,168.58,1,1,11.1,98.22,3,2.2666666666667,,330547,108581,Richie,121.52,116.75,9,7.47,-6.8,0,0,0,0,0,win,completed,0
2024,9571999,de2c598fecd793795552b91adf8ef631,,14,,2024-12-03,2024-12-09,330555,54773,Ronnie,153.72,101.5,100.72,153.62,3,3,9.45,94.86,6,15.9,,330558,108588,Frank & Julian,139.12,120.73,7,8.55,-26.5,0,0,0,0,0,win,completed,0
2024,9572033,9fec3910f709d946edd610b9e0355df6,,14,,2024-12-03,2024-12-09,330557,54776,Mike Long,52.2,52.2,60.53,94.1,12,12,3.21,55.47,12,0,,330553,108587,Pung & Tralie,164.36,109.64,2,10.1,1.5,0,0,0,0,0,loss,completed,0
2024,9571983,b3d8daa21401ad6724a505e12330d07f,,14,,2024-12-03,2024-12-09,330554,108590,Rob & GregBo,150.28,133.28,137.38,141.08,5,5,9.24,94.47,7,18.916666666667,,330549,108592,Chris & Dom,117.86,107.06,11,7.25,-3.7833333333333,0,0,0,0,0,win,completed,0
2024,9572016,b970972e282c9a821c242d0193907a94,,14,,2024-12-03,2024-12-09,330556,54774,Cambrias,127.64,124.64,124.07,131.1,8,10,7.85,96.6,5,-27.266666666667,,330552,108584,Nolan & Vinny,148.76,104.27,6,9.15,40.9,0,0,0,0,0,loss,completed,0
2024,9571918,ff551230c9caf0cb7df237bf3c189b2f,,14,,2024-12-03,2024-12-09,330550,108589,Phil Baldino,150.3,144.3,115.92,158.3,4,2,9.24,91.16,9,15.133333333333,,330548,54762,Antdell & Ernie,120.34,111.73,10,7.4,-7.5666666666667,0,0,0,0,0,win,completed,0
2024,9571902,b3d8daa21401ad6724a505e12330d07f,,14,,2024-12-03,2024-12-09,330549,108592,Chris & Dom,117.86,106.86,107.06,115.86,11,11,7.25,92.23,8,-3.7833333333333,,330554,108590,Rob & GregBo,150.28,137.38,5,9.24,18.916666666667,0,0,0,0,0,loss,completed,0
2024,9571886,ff551230c9caf0cb7df237bf3c189b2f,,14,,2024-12-03,2024-12-09,330548,54762,Antdell & Ernie,120.34,105.34,111.73,139.14,10,7,7.4,84.33,11,-7.5666666666667,,330550,108589,Phil Baldino,150.3,115.92,4,9.24,15.133333333333,0,0,0,0,0,loss,completed,0
2024,9571870,d99df77fec037799b74b347d88a3937c,,14,,2024-12-03,2024-12-09,330547,108581,Richie,121.52,117.52,116.75,137.22,9,9,7.47,85.64,10,-6.8,,330551,108582,John Juliano,180.58,132.52,1,11.1,2.2666666666667,0,0,0,0,0,loss,completed,0
2024,9571903,78f4b209f7dc7b694d3eb9a06680f216,,15,,2024-12-10,2024-12-16,330549,108592,Chris & Dom,147.84,128.64,129.47,151.84,2,2,14.79,92.76,2,-75.833333333333,,330551,108582,John Juliano,189.18,134.54,1,18.93,7.5833333333333,1,0,0,0,0,loss,completed,3
2024,9571952,247aa4a2d20b763aad6908e8cb206a2b,,15,,2024-12-10,2024-12-16,330552,108584,Nolan & Vinny,80.96,59.96,126.5,102,8,8,8.1,82.31,7,-27.266666666667,,330556,54774,Cambrias,89.76,134.41,6,8.98,40.9,1,0,0,0,0,loss,completed,2
2024,9571968,fff5962448a5f40bb1c77b57092c075e,,15,,2024-12-10,2024-12-16,330553,108587,Pung & Tralie,139.24,127.24,117.31,137.94,4,4,13.93,92.24,3,-60.666666666667,,330555,54773,Ronnie,146.76,95.96,3,14.68,22.75,0,1,0,0,0,loss,completed,2
2024,9571935,78f4b209f7dc7b694d3eb9a06680f216,,15,,2024-12-10,2024-12-16,330551,108582,John Juliano,189.18,181.18,134.54,194.58,1,1,18.93,93.63,1,7.5833333333333,,330549,108592,Chris & Dom,147.84,129.47,2,14.79,-75.833333333333,1,0,0,0,0,win,completed,3
2024,9572050,2f821f9c338fff1e12e1f0e480fd67cc,,15,,2024-12-10,2024-12-16,330558,108588,Frank & Julian,119.2,115.2,121.34,131.2,5,5,11.93,87.8,5,34.083333333333,,330557,54776,Mike Long,86.64,101.09,7,8.67,-34.083333333333,0,1,0,0,0,win,completed,0
2024,9572034,2f821f9c338fff1e12e1f0e480fd67cc,,15,,2024-12-10,2024-12-16,330557,54776,Mike Long,86.64,82.64,101.09,127.54,7,6,8.67,64.8,8,-34.083333333333,,330558,108588,Frank & Julian,119.2,121.34,5,11.93,34.083333333333,0,1,0,0,0,loss,completed,0
2024,9572017,247aa4a2d20b763aad6908e8cb206a2b,,15,,2024-12-10,2024-12-16,330556,54774,Cambrias,89.76,85.76,134.41,102.12,6,7,8.98,84.96,6,40.9,,330552,108584,Nolan & Vinny,80.96,126.5,8,8.1,-27.266666666667,1,0,0,0,0,win,completed,2
2024,9572000,fff5962448a5f40bb1c77b57092c075e,,15,,2024-12-10,2024-12-16,330555,54773,Ronnie,146.76,132.76,95.96,148.86,3,3,14.68,89.18,4,22.75,,330553,108587,Pung & Tralie,139.24,117.31,4,13.93,-60.666666666667,0,1,0,0,0,win,completed,2
2024,9572035,14c548bf8a91a78513397febba7f237c,,16,,2024-12-17,2024-12-23,330557,54776,Mike Long,123.16,95.36,100.85,125.86,7,7,7.6,93.09,6,-22.75,,330553,108587,Pung & Tralie,177.02,125.99,2,10.93,9.1,0,1,0,0,0,loss,completed,0
2024,9572018,1d3225473c252a40d996a66b4407f250,,16,,2024-12-17,2024-12-23,330556,54774,Cambrias,171.92,163.92,134.95,183.62,3,1,10.61,89.27,8,20.45,,330554,108590,Rob & GregBo,157.88,130.89,5,9.74,-47.716666666667,1,0,0,0,0,win,completed,2
2024,9571984,1d3225473c252a40d996a66b4407f250,,16,,2024-12-17,2024-12-23,330554,108590,Rob & GregBo,157.88,149.88,130.89,153.24,5,6,9.74,97.81,3,-47.716666666667,,330556,54774,Cambrias,171.92,134.95,3,10.61,20.45,1,0,0,0,0,loss,completed,2
2024,9572001,5b182d839e0b601c50442b3ae0904419,,16,,2024-12-17,2024-12-23,330555,54773,Ronnie,111.04,101.04,90.12,110.14,8,11,6.85,91.74,7,60.666666666667,,330547,108581,Richie,103.74,101.75,9,6.4,-22.75,0,1,0,0,0,win,completed,1
2024,9571953,b9f80850d93c99cc947e9605b66ac550,,16,,2024-12-17,2024-12-23,330552,108584,Nolan & Vinny,90.28,88.28,123.76,110.92,11,10,5.57,79.59,11,-0.75,,330549,108592,Chris & Dom,188.08,130.7,1,11.61,0.75,1,0,0,0,0,loss,completed,1
2024,9571969,14c548bf8a91a78513397febba7f237c,,16,,2024-12-17,2024-12-23,330553,108587,Pung & Tralie,177.02,150.02,125.99,153.32,2,5,10.93,98.5,2,9.1,,330557,54776,Mike Long,123.16,100.85,7,7.6,-22.75,0,1,0,0,0,win,completed,0
2024,9571919,cf2136ba474d6b4e5d6c8184a8f845ef,,16,,2024-12-17,2024-12-23,330550,108589,Phil Baldino,167.82,163.82,127.13,173.8,4,3,10.36,94.26,5,27.266666666667,,330551,108582,John Juliano,141.36,135.6,6,8.73,-40.9,1,0,0,0,0,win,completed,1
2024,9571936,cf2136ba474d6b4e5d6c8184a8f845ef,,16,,2024-12-17,2024-12-23,330551,108582,John Juliano,141.36,136.36,135.6,163.96,6,4,8.73,83.17,9,-40.9,,330550,108589,Phil Baldino,167.82,127.13,4,10.36,27.266666666667,1,0,0,0,0,loss,completed,1
2024,9571904,b9f80850d93c99cc947e9605b66ac550,,16,,2024-12-17,2024-12-23,330549,108592,Chris & Dom,188.08,161.08,130.7,178.08,1,2,11.61,97.75,4,0.75,,330552,108584,Nolan & Vinny,90.28,123.76,11,5.57,-0.75,1,0,0,0,0,win,completed,1
2024,9571887,5f8b042aad250304075110b0ff016049,,16,,2024-12-17,2024-12-23,330548,54762,Antdell & Ernie,88.5,86.5,107.43,117.2,12,9,5.46,74.66,12,0,,330558,108588,Frank & Julian,99.36,117.46,10,6.13,68.166666666667,0,1,0,0,0,loss,completed,0
2024,9571871,5b182d839e0b601c50442b3ae0904419,,16,,2024-12-17,2024-12-23,330547,108581,Richie,103.74,102.74,101.75,103.74,9,12,6.4,100,1,-22.75,,330555,54773,Ronnie,111.04,90.12,8,6.85,60.666666666667,0,1,0,0,0,loss,completed,1
2024,9572051,5f8b042aad250304075110b0ff016049,,16,,2024-12-17,2024-12-23,330558,108588,Frank & Julian,99.36,87.36,117.46,119.66,10,8,6.13,79.69,10,68.166666666667,,330548,54762,Antdell & Ernie,88.5,107.43,12,5.46,0,0,1,0,0,0,win,completed,0
2024,9572052,7ea6494827befb00d5982e90b20fa118,,17,,2024-12-24,2024-12-30,330558,108588,Frank & Julian,93.24,84.24,86.35,106.84,6,7,9.51,78.85,7,-45.5,,330555,54773,Ronnie,120.42,101.8,5,12.28,37.916666666667,0,1,0,0,0,loss,completed,0
2024,9572019,c47367b733b9b1f8822d5cecb9c4c025,,17,,2024-12-24,2024-12-30,330556,54774,Cambrias,146.36,135.36,133.81,149.56,3,3,14.92,90.51,3,-61.35,,330550,108589,Phil Baldino,173.88,131.51,1,17.73,6.8166666666667,1,0,1,0,0,loss,completed,3
2024,9571985,0b80d07201a0dbf9e4cbce23a3cd6b0a,,17,,2024-12-24,2024-12-30,330554,108590,Rob & GregBo,150.12,141.12,126.37,147.72,2,4,15.31,95.53,2,13.633333333333,,330551,108582,John Juliano,138.58,126.52,4,14.13,-54.533333333333,1,0,0,0,0,win,completed,2
2024,9572002,7ea6494827befb00d5982e90b20fa118,,17,,2024-12-24,2024-12-30,330555,54773,Ronnie,120.42,102.62,101.8,131.92,5,5,12.28,85.22,5,37.916666666667,,330558,108588,Frank & Julian,93.24,86.35,6,9.51,-45.5,0,1,0,0,0,win,completed,0
2024,9571888,6d5ec9f4de7fd393914a554bbe1c9d5a,,17,,2024-12-24,2024-12-30,330548,54762,Antdell & Ernie,87.5,86.5,95.14,130.8,7,6,8.92,66.13,8,53.083333333333,,330547,108581,Richie,70.6,78.53,8,7.2,-30.333333333333,0,1,0,0,0,win,completed,0
2024,9571872,6d5ec9f4de7fd393914a554bbe1c9d5a,,17,,2024-12-24,2024-12-30,330547,108581,Richie,70.6,69.6,78.53,77.1,8,8,7.2,90.27,4,-30.333333333333,,330548,54762,Antdell & Ernie,87.5,95.14,7,8.92,53.083333333333,0,1,0,0,0,loss,completed,0
2024,9571937,0b80d07201a0dbf9e4cbce23a3cd6b0a,,17,,2024-12-24,2024-12-30,330551,108582,John Juliano,138.58,134.58,126.52,163.18,4,2,14.13,82.47,6,-54.533333333333,,330554,108590,Rob & GregBo,150.12,126.37,2,15.31,13.633333333333,1,0,0,0,0,loss,completed,2
2024,9571920,c47367b733b9b1f8822d5cecb9c4c025,,17,,2024-12-24,2024-12-30,330550,108589,Phil Baldino,173.88,162.88,131.51,165.88,1,1,17.73,98.19,1,6.8166666666667,,330556,54774,Cambrias,146.36,133.81,3,14.92,-61.35,1,0,1,0,0,win,completed,3
2025,19077216,fee2d4347c85391c1239c47297655ee9,,1,,,,330560,108582,John Juliano,137.86,119.86,,144.56,1,2,10.55,92.6,6,5.3,,330570,108592,Chris & Dom,115.78,,5,8.86,-37.1,0,0,0,0,0,win,completed,1
2025,19077215,d5c81ce33f891d911e171a7b367cec67,,1,,,,330559,108581,Richie,127.12,104.02,,117.62,2,7,9.72,95.24,3,6.0666666666667,,330566,108588,Frank & Julian,95.22,,9,7.28,-9.1,0,0,0,0,0,win,completed,0
2025,19077226,fee2d4347c85391c1239c47297655ee9,,1,,,,330570,108592,Chris & Dom,115.78,83.88,,83.88,5,12,8.86,100,2,-37.1,,330560,108582,John Juliano,137.86,,1,10.55,5.3,0,0,0,0,0,loss,completed,1
2025,19077225,a1178b21da780f3ef8f948ea6dba1bc5,,1,,,,330569,54773,Ronnie,85.64,71.64,,136.6,11,3,6.55,60.5,12,-2.2666666666667,,330568,108590,Rob & GregBo,126.38,,3,9.67,6.8,0,0,0,0,0,loss,completed,0
2025,19077224,a1178b21da780f3ef8f948ea6dba1bc5,,1,,,,330568,108590,Rob & GregBo,126.38,103.68,,153.18,3,1,9.67,67.69,10,6.8,,330569,54773,Ronnie,85.64,,11,6.55,-2.2666666666667,0,0,0,0,0,win,completed,0
2025,19077223,f0d0688201366b1d57831d6d51c3e940,,1,,,,330567,108589,Phil Baldino,93.76,80.76,,118.06,10,6,7.17,76.03,9,-13.633333333333,,330563,54774,Cambrias,110.02,,8,8.42,54.533333333333,0,0,0,0,0,loss,completed,0
2025,19077222,d5c81ce33f891d911e171a7b367cec67,,1,,,,330566,108588,Frank & Julian,95.22,82.12,,86.82,9,11,7.28,94.59,4,-9.1,,330559,108581,Richie,127.12,,2,9.72,6.0666666666667,0,0,0,0,0,loss,completed,0
2025,19077221,ffa1e4aaa9027e8c0cbee46cb7529e55,,1,,,,330565,54762,Antdell & Ernie,74.42,64.42,,113.02,12,8,5.6899999999999995,64.96,11,0,,330564,108587,Pung & Tralie,111.72,,7,8.55,31.85,0,0,0,0,0,loss,completed,0
2025,19077220,ffa1e4aaa9027e8c0cbee46cb7529e55,,1,,,,330564,108587,Pung & Tralie,111.72,108.72,,105.42,7,9,8.55,103.13,1,31.85,,330565,54762,Antdell & Ernie,74.42,,12,5.6899999999999995,0,0,0,0,0,0,win,completed,0
2025,19077219,f0d0688201366b1d57831d6d51c3e940,,1,,,,330563,54774,Cambrias,110.02,95.72,,101.22,8,10,8.42,94.57,5,54.533333333333,,330567,108589,Phil Baldino,93.76,,10,7.17,-13.633333333333,0,0,0,0,0,win,completed,0
2025,19077218,426e35637bcb9f7e7d1d02cb2fc78533,,1,,,,330562,108584,Nolan & Vinny,113.32,100.32,,121.12,6,4,8.67,90.26,8,-40.9,,330561,54776,Mike Long,116.08,,4,8.88,27.266666666667,0,0,0,0,0,loss,completed,2
2025,19077217,426e35637bcb9f7e7d1d02cb2fc78533,,1,,,,330561,54776,Mike Long,116.08,109.08,,118.18,4,5,8.88,92.3,7,27.266666666667,,330562,108584,Nolan & Vinny,113.32,,6,8.67,-40.9,0,0,0,0,0,win,completed,2
2025,19077230,837d11f12595c0bf6de2bd6bd096452f,,2,,,,330562,108584,Nolan & Vinny,132.88,118.88,,136.78,3,3,9.12,92.76,5,13.65,,330559,108581,Richie,117.28,,8,8.05,-18.2,0,0,0,0,0,win,completed,0
2025,19077238,0f38fb5d42b7208256345f9d20f29a3b,,2,,,,330570,108592,Chris & Dom,118.54,90.24,,134.16,7,4,8.14,67.26,11,-18.916666666667,,330567,108589,Phil Baldino,172,,1,11.81,3.7833333333333,0,0,0,0,0,loss,completed,0
2025,19077237,ad81677971496b51d68910aea58190d8,,2,,,,330569,54773,Ronnie,111.64,91.64,,110.74,10,9,7.67,93.59,4,-4.5333333333333,,330565,54762,Antdell & Ernie,139.94,,2,9.61,4.5333333333333,0,0,0,0,0,loss,completed,0
2025,19077236,198f25f163c5fcd058e2ef3db502332b,,2,,,,330568,108590,Rob & GregBo,114.7,84.7,,102.1,9,11,7.88,92.75,6,54.6,,330564,108587,Pung & Tralie,72.44,,12,4.97,0,0,0,0,0,0,win,completed,0
2025,19077235,0f38fb5d42b7208256345f9d20f29a3b,,2,,,,330567,108589,Phil Baldino,172,163,,167.9,1,1,11.81,97.08,3,3.7833333333333,,330570,108592,Chris & Dom,118.54,,7,8.14,-18.916666666667,0,0,0,0,0,win,completed,0
2025,19077234,d1a2f4c97df9dbc5eadc2e276597874a,,2,,,,330566,108588,Frank & Julian,119.1,98.3,,110.5,6,10,8.18,90.77,8,-40.9,,330561,54776,Mike Long,127.4,,4,8.75,27.266666666667,0,0,0,0,0,loss,completed,1
2025,19077233,ad81677971496b51d68910aea58190d8,,2,,,,330565,54762,Antdell & Ernie,139.94,133.94,,132.64,2,5,9.61,100.98,1,4.5333333333333,,330569,54773,Ronnie,111.64,,10,7.67,-4.5333333333333,0,0,0,0,0,win,completed,0
2025,19077232,198f25f163c5fcd058e2ef3db502332b,,2,,,,330564,108587,Pung & Tralie,72.44,58.54,,101.04,12,12,4.97,57.94,12,0,,330568,108590,Rob & GregBo,114.7,,9,7.88,54.6,0,0,0,0,0,loss,completed,0
2025,19077231,cbdd7a55ab0d5a98dee85f4aa9d7c5f0,,2,,,,330563,54774,Cambrias,124.7,108.5,,115.5,5,8,8.56,100,2,18.916666666667,,330560,108582,John Juliano,105.62,,11,7.25,-3.7833333333333,0,0,0,0,0,win,completed,0
2025,19077229,d1a2f4c97df9dbc5eadc2e276597874a,,2,,,,330561,54776,Mike Long,127.4,123.4,,136.8,4,2,8.75,90.2,9,27.266666666667,,330566,108588,Frank & Julian,119.1,,6,8.18,-40.9,0,0,0,0,0,win,completed,1
2025,19077228,cbdd7a55ab0d5a98dee85f4aa9d7c5f0,,2,,,,330560,108582,John Juliano,105.62,105.62,,126.22,11,6,7.25,83.68,10,-3.7833333333333,,330563,54774,Cambrias,124.7,,5,8.56,18.916666666667,0,0,0,0,0,loss,completed,0
2025,19077227,837d11f12595c0bf6de2bd6bd096452f,,2,,,,330559,108581,Richie,117.28,108.78,,117.98,8,7,8.05,92.2,7,-18.2,,330562,108584,Nolan & Vinny,132.88,,3,9.12,13.65,0,0,0,0,0,loss,completed,0
2025,19077250,2aaa88167949f58f9d1135330667c885,,3,,,,330570,108592,Chris & Dom,139.14,108.04,,117.14,2,6,9.87,92.23,5,6.0666666666667,,330563,54774,Cambrias,105.66,,9,7.49,-9.1,0,0,0,0,0,win,completed,0
2025,19077249,83a5e46933c17a3a990aa800e64a38f6,,3,,,,330569,54773,Ronnie,120.22,112.22,,134.82,6,2,8.52,86.2,11,31.8,,330564,108587,Pung & Tralie,104.02,,10,7.38,-10.6,0,0,0,0,0,win,completed,0
2025,19077248,b6310ad0c824150bc7fbd6c798f12008,,3,,,,330568,108590,Rob & GregBo,128.92,117.12,,117.12,4,7,9.14,100,4,-60.666666666667,,330565,54762,Antdell & Ernie,135.84,,3,9.63,22.75,0,0,0,0,0,loss,completed,2
2025,19077247,345348cd69417106439084e67234ed47,,3,,,,330567,108589,Phil Baldino,113.62,99.62,,123.62,7,5,8.06,87.06,10,37.1,,330560,108582,John Juliano,99.22,,11,7.04,-5.3,0,0,0,0,0,win,completed,0
2025,19077246,d149f10fdee06496a0d632bafc9d8043,,3,,,,330566,108588,Frank & Julian,110.46,81.26,,91.66,8,10,7.83,88.65,8,42.4,,330562,108584,Nolan & Vinny,68.16,,12,4.83,0,0,0,0,0,0,win,completed,0
2025,19077245,b6310ad0c824150bc7fbd6c798f12008,,3,,,,330565,54762,Antdell & Ernie,135.84,117.84,,148.54,3,1,9.63,88.76,7,22.75,,330568,108590,Rob & GregBo,128.92,,4,9.14,-60.666666666667,0,0,0,0,0,win,completed,2
2025,19077243,2aaa88167949f58f9d1135330667c885,,3,,,,330563,54774,Cambrias,105.66,93.56,,77.36,9,12,7.49,120.94,1,-9.1,,330570,108592,Chris & Dom,139.14,,2,9.87,6.0666666666667,0,0,0,0,0,loss,completed,0
2025,19077242,d149f10fdee06496a0d632bafc9d8043,,3,,,,330562,108584,Nolan & Vinny,68.16,66.16,,79.66,12,11,4.83,83.05,12,0,,330566,108588,Frank & Julian,110.46,,8,7.83,42.4,0,0,0,0,0,loss,completed,0
2025,19077241,6941a7ea39a6e0bb88fb14d92e7f3879,,3,,,,330561,54776,Mike Long,127.02,117.02,,125.02,5,4,9.01,100,3,-37.1,,330559,108581,Richie,158,,1,11.2,5.3,0,0,0,0,0,loss,completed,1
2025,19077240,345348cd69417106439084e67234ed47,,3,,,,330560,108582,John Juliano,99.22,92.22,,105.82,11,9,7.04,87.15,9,-5.3,,330567,108589,Phil Baldino,113.62,,7,8.06,37.1,0,0,0,0,0,loss,completed,0
2025,19077239,6941a7ea39a6e0bb88fb14d92e7f3879,,3,,,,330559,108581,Richie,158,150,,127.2,1,3,11.2,117.92,2,5.3,,330561,54776,Mike Long,127.02,,5,9.01,-37.1,0,0,0,0,0,win,completed,1
2025,19077244,83a5e46933c17a3a990aa800e64a38f6,,3,,,,330564,108587,Pung & Tralie,104.02,103.02,,112.22,10,8,7.38,91.8,6,-10.6,,330569,54773,Ronnie,120.22,,6,8.52,31.8,0,0,0,0,0,loss,completed,0
2025,19077257,d2ec2aba6d99ba9da33f959b670943ce,,4,,,,330565,54762,Antdell & Ernie,143.96,137.96,,145.86,3,2,9.66,94.58,4,6.8,,330560,108582,John Juliano,99.46,,11,6.68,-2.2666666666667,0,0,0,0,0,win,completed,0
2025,19077262,0edacf94e9d08e22b74620152a7eed3f,,4,,,,330570,108592,Chris & Dom,187.3,116.5,,132.5,1,4,12.57,87.92,9,3.7833333333333,,330564,108587,Pung & Tralie,115.28,,7,7.74,-18.916666666667,0,0,0,0,0,win,completed,0
2025,19077261,98abc988fa2dc308a1b4df3855a25ad4,,4,,,,330569,54773,Ronnie,143.74,132.74,,155.74,4,1,9.65,89.08,8,18.2,,330566,108588,Frank & Julian,109.68,,9,7.36,-13.65,0,0,0,0,0,win,completed,0
2025,19077260,047ef9ccab4f86241898598655164ca9,,4,,,,330568,108590,Rob & GregBo,75.72,53.52,,72.12,12,12,5.08,86.69,10,0,,330559,108581,Richie,129.72,,5,8.71,15.166666666667,0,0,0,0,0,loss,completed,0
2025,19077259,dd0aeb87732c302f8b8bfcd5b4943ae1,,4,,,,330567,108589,Phil Baldino,111.38,100.38,,116.98,8,5,7.48,91.79,6,-27.266666666667,,330562,108584,Nolan & Vinny,115.4,,6,7.75,40.9,0,0,0,0,0,loss,completed,2
2025,19077258,98abc988fa2dc308a1b4df3855a25ad4,,4,,,,330566,108588,Frank & Julian,109.68,75.58,,105.38,9,9,7.36,71.72,11,-13.65,,330569,54773,Ronnie,143.74,,4,9.65,18.2,0,0,0,0,0,loss,completed,0
2025,19077256,0edacf94e9d08e22b74620152a7eed3f,,4,,,,330564,108587,Pung & Tralie,115.28,111.28,,109.68,7,8,7.74,101.46,1,-18.916666666667,,330570,108592,Chris & Dom,187.3,,1,12.57,3.7833333333333,0,0,0,0,0,loss,completed,0
2025,19077255,81200c486129a830e6f3df81ef92f4d8,,4,,,,330563,54774,Cambrias,149.48,99.68,,99.68,2,10,10.03,100,2,4.5333333333333,,330561,54776,Mike Long,108.86,,10,7.31,-4.5333333333333,0,0,0,0,0,win,completed,0
2025,19077254,dd0aeb87732c302f8b8bfcd5b4943ae1,,4,,,,330562,108584,Nolan & Vinny,115.4,106.4,,113.1,6,7,7.75,94.08,5,40.9,,330567,108589,Phil Baldino,111.38,,8,7.48,-27.266666666667,0,0,0,0,0,win,completed,2
2025,19077253,81200c486129a830e6f3df81ef92f4d8,,4,,,,330561,54776,Mike Long,108.86,95.86,,116.26,10,6,7.31,89.33,7,-4.5333333333333,,330563,54774,Cambrias,149.48,,2,10.03,4.5333333333333,0,0,0,0,0,loss,completed,0
2025,19077252,d2ec2aba6d99ba9da33f959b670943ce,,4,,,,330560,108582,John Juliano,99.46,88.46,,133.36,11,3,6.68,70.83,12,-2.2666666666667,,330565,54762,Antdell & Ernie,143.96,,3,9.66,6.8,0,0,0,0,0,loss,completed,0
2025,19077251,047ef9ccab4f86241898598655164ca9,,4,,,,330559,108581,Richie,129.72,97.22,,98.32,5,11,8.71,98.88,3,15.166666666667,,330568,108590,Rob & GregBo,75.72,,12,5.08,0,0,0,0,0,0,win,completed,0
2025,19077265,8aeb6e2cdf02330266c9a6b63949fdbc,,5,,,,330561,54776,Mike Long,157.46,153.46,,156.56,2,2,10.24,98.02,5,1.5,,330567,108589,Phil Baldino,108.42,,12,7.05,0,0,0,0,0,0,win,completed,0
2025,19077274,7a90f1241682b92b2d83c91eac2dd2e2,,5,,,,330570,108592,Chris & Dom,135.92,94.62,,102.82,4,9,8.84,92.02,9,-48.533333333333,,330565,54762,Antdell & Ernie,162.58,,1,10.58,6.0666666666667,0,0,0,0,0,loss,completed,1
2025,19077273,cf5b86edf9c3699f2727dc15d03fd591,,5,,,,330569,54773,Ronnie,118.58,109.58,,122.68,8,4,7.71,94.21,8,-24.266666666667,,330559,108581,Richie,133.84,,5,8.71,30.333333333333,0,0,0,0,0,loss,completed,0
2025,19077272,1737c68944f976b6e80c972fd600c0b4,,5,,,,330568,108590,Rob & GregBo,119.42,81.72,,105.02,7,8,7.77,86.38,12,47.716666666667,,330566,108588,Frank & Julian,118.06,,9,7.68,-20.45,0,0,0,0,0,win,completed,2
2025,19077271,8aeb6e2cdf02330266c9a6b63949fdbc,,5,,,,330567,108589,Phil Baldino,108.42,93.42,,102.42,12,10,7.05,100,3,0,,330561,54776,Mike Long,157.46,,2,10.24,1.5,0,0,0,0,0,loss,completed,0
2025,19077270,1737c68944f976b6e80c972fd600c0b4,,5,,,,330566,108588,Frank & Julian,118.06,100.76,,101.76,9,11,7.68,99.02,4,-20.45,,330568,108590,Rob & GregBo,119.42,,7,7.77,47.716666666667,0,0,0,0,0,loss,completed,2
2025,19077268,763456b580e66c5921cee66799682029,,5,,,,330564,108587,Pung & Tralie,108.98,102.58,,117.28,11,5,7.09,87.47,11,-2.2666666666667,,330560,108582,John Juliano,138.42,,3,9.01,6.8,0,0,0,0,0,loss,completed,0
2025,19077267,7ac9457f981cfbf09e4412688f9c9e61,,5,,,,330563,54774,Cambrias,123.6,106.8,,106.8,6,7,8.04,100,2,31.8,,330562,108584,Nolan & Vinny,111.82,,10,7.27,-10.6,0,0,0,0,0,win,completed,0
2025,19077266,7ac9457f981cfbf09e4412688f9c9e61,,5,,,,330562,108584,Nolan & Vinny,111.82,108.82,,108.82,10,6,7.27,100,1,-10.6,,330563,54774,Cambrias,123.6,,6,8.04,31.8,0,0,0,0,0,loss,completed,0
2025,19077264,763456b580e66c5921cee66799682029,,5,,,,330560,108582,John Juliano,138.42,121.42,,148.62,3,3,9.01,89.77,10,6.8,,330564,108587,Pung & Tralie,108.98,,11,7.09,-2.2666666666667,0,0,0,0,0,win,completed,0
2025,19077263,cf5b86edf9c3699f2727dc15d03fd591,,5,,,,330559,108581,Richie,133.84,86.54,,91.54,5,12,8.71,94.54,7,30.333333333333,,330569,54773,Ronnie,118.58,,8,7.71,-24.266666666667,0,0,0,0,0,win,completed,0
2025,19077269,7a90f1241682b92b2d83c91eac2dd2e2,,5,,,,330565,54762,Antdell & Ernie,162.58,153.58,,160.78,1,1,10.58,95.52,6,6.0666666666667,,330570,108592,Chris & Dom,135.92,,4,8.84,-48.533333333333,0,0,0,0,0,win,completed,1
2025,19077285,5b3460966299de1dc0a9a08fb2eb3bac,,6,,,,330569,54773,Ronnie,72.86,59.86,,76.38,12,11,5.26,91.46,9,0,,330560,108582,John Juliano,134.2,,4,9.7,9.0666666666667,0,0,0,0,0,loss,completed,0
2025,19077284,a1f8e240f90b049f20a6ee2ce4986f1e,,6,,,,330568,108590,Rob & GregBo,119.64,95.74,,87.44,7,9,8.64,109.49,1,-18.916666666667,,330570,108592,Chris & Dom,152.22,,1,11,3.7833333333333,0,0,0,0,0,loss,completed,0
2025,19077283,ce2757561b363d0380ff66a588fd28d7,,6,,,,330567,108589,Phil Baldino,137.36,131.36,,133.36,2,3,9.92,100,4,3.0333333333333,,330559,108581,Richie,76.34,,11,5.52,-1.5166666666667,0,0,0,0,0,win,completed,0
2025,19077282,52cd52f9e15b540b404aae7620fb257f,,6,,,,330566,108588,Frank & Julian,122.36,97.36,,110.56,6,6,8.84,104.34,2,36.4,,330563,54774,Cambrias,98.96,,9,7.15,-18.2,0,0,0,0,0,win,completed,0
2025,19077281,765768c4ea652ba502ef224c877376a5,,6,,,,330565,54762,Antdell & Ernie,109.64,95.64,,118.04,8,5,7.92,87.8,11,-24.266666666667,,330561,54776,Mike Long,133.14,,5,9.62,30.333333333333,0,0,0,0,0,loss,completed,0
2025,19077280,fe71d9b17a6269825192b1858ea30310,,6,,,,330564,108587,Pung & Tralie,90.58,80.58,,86.58,10,10,6.54,100,3,-6.0666666666667,,330562,108584,Nolan & Vinny,136.88,,3,9.89,9.1,0,0,0,0,0,loss,completed,0
2025,19077279,52cd52f9e15b540b404aae7620fb257f,,6,,,,330563,54774,Cambrias,98.96,89.36,,90.36,9,8,7.15,98.89,6,-18.2,,330566,108588,Frank & Julian,122.36,,6,8.84,36.4,0,0,0,0,0,loss,completed,0
2025,19077278,fe71d9b17a6269825192b1858ea30310,,6,,,,330562,108584,Nolan & Vinny,136.88,128.88,,153.78,3,1,9.89,83.81,12,9.1,,330564,108587,Pung & Tralie,90.58,,10,6.54,-6.0666666666667,0,0,0,0,0,win,completed,0
2025,19077277,765768c4ea652ba502ef224c877376a5,,6,,,,330561,54776,Mike Long,133.14,128.14,,142.64,5,2,9.62,89.83,10,30.333333333333,,330565,54762,Antdell & Ernie,109.64,,8,7.92,-24.266666666667,0,0,0,0,0,win,completed,0
2025,19077276,5b3460966299de1dc0a9a08fb2eb3bac,,6,,,,330560,108582,John Juliano,134.2,129.2,,132.7,4,4,9.7,97.36,8,9.0666666666667,,330569,54773,Ronnie,72.86,,12,5.26,0,0,0,0,0,0,win,completed,0
2025,19077275,ce2757561b363d0380ff66a588fd28d7,,6,,,,330559,108581,Richie,76.34,63.14,,64.04,11,12,5.52,98.59,7,-1.5166666666667,,330567,108589,Phil Baldino,137.36,,2,9.92,3.0333333333333,0,0,0,0,0,loss,completed,0
2025,19077286,a1f8e240f90b049f20a6ee2ce4986f1e,,6,,,,330570,108592,Chris & Dom,152.22,109.32,,110.32,1,7,11,99.09,5,3.7833333333333,,330568,108590,Rob & GregBo,119.64,,7,8.64,-18.916666666667,0,0,0,0,0,win,completed,0
2025,19077287,9b965fdb1ae9fe2253132dd2687c6079,,7,,,,330559,108581,Richie,100.54,93.34,,120.68,11,7,6.74,80.66,11,-0.75,,330563,54774,Cambrias,151.96,,1,10.18,0.75,0,0,0,0,0,loss,completed,0
2025,19077298,744f8fbac14c06af722f13aef0574c4c,,7,,,,330570,108592,Chris & Dom,101.34,67.04,,74.54,10,12,6.79,89.94,8,-13.633333333333,,330569,54773,Ronnie,117.88,,8,7.9,54.533333333333,0,0,0,0,0,loss,completed,0
2025,19077297,744f8fbac14c06af722f13aef0574c4c,,7,,,,330569,54773,Ronnie,117.88,109.98,,160.06,8,2,7.9,68.71,12,54.533333333333,,330570,108592,Chris & Dom,101.34,,10,6.79,-13.633333333333,0,0,0,0,0,win,completed,0
2025,19077296,551d0e9af22cde3066d2bee031898147,,7,,,,330568,108590,Rob & GregBo,134.98,106.28,,113.28,4,9,9.04,93.82,5,24.266666666667,,330560,108582,John Juliano,123.16,,7,8.25,-30.333333333333,0,0,0,0,0,win,completed,0
2025,19077295,5cbfb4a4abae0aa98ec61f07173b29cc,,7,,,,330567,108589,Phil Baldino,125.3,117.3,,120.8,6,6,8.39,97.1,3,22.7,,330566,108588,Frank & Julian,97.54,,12,6.53,0,0,0,0,0,0,win,completed,0
2025,19077294,5cbfb4a4abae0aa98ec61f07173b29cc,,7,,,,330566,108588,Frank & Julian,97.54,76.94,,93.84,12,11,6.53,93.71,6,0,,330567,108589,Phil Baldino,125.3,,6,8.39,22.7,0,0,0,0,0,loss,completed,0
2025,19077293,eca510f4b850bf2635ef7e8fa4649afd,,7,,,,330565,54762,Antdell & Ernie,148.36,142.36,,165.66,2,1,9.94,85.94,10,15.166666666667,,330562,108584,Nolan & Vinny,142.34,,3,9.54,-68.25,0,0,0,0,0,win,completed,2
2025,19077292,d142f6d01c2977a3a15b51167ca975d8,,7,,,,330564,108587,Pung & Tralie,115.42,110.42,,127.62,9,5,7.73,86.52,9,-15.9,,330561,54776,Mike Long,133.82,,5,8.97,26.5,0,0,0,0,0,loss,completed,0
2025,19077291,9b965fdb1ae9fe2253132dd2687c6079,,7,,,,330563,54774,Cambrias,151.96,123.56,,118.36,1,8,10.18,104.39,1,0.75,,330559,108581,Richie,100.54,,11,6.74,-0.75,0,0,0,0,0,win,completed,0
2025,19077290,eca510f4b850bf2635ef7e8fa4649afd,,7,,,,330562,108584,Nolan & Vinny,142.34,128.34,,140.04,3,4,9.54,96.64,4,-68.25,,330565,54762,Antdell & Ernie,148.36,,2,9.94,15.166666666667,0,0,0,0,0,loss,completed,2
2025,19077289,d142f6d01c2977a3a15b51167ca975d8,,7,,,,330561,54776,Mike Long,133.82,113.82,,141.92,5,3,8.97,92.18,7,26.5,,330564,108587,Pung & Tralie,115.42,,9,7.73,-15.9,0,0,0,0,0,win,completed,0
2025,19077288,551d0e9af22cde3066d2bee031898147,,7,,,,330560,108582,John Juliano,123.16,108.16,,113.16,7,10,8.25,100,2,-30.333333333333,,330568,108590,Rob & GregBo,134.98,,4,9.04,24.266666666667,0,0,0,0,0,loss,completed,0
2025,19077301,293475d67ff0f617e3a962dd0ddd5b39,,8,,,,330561,54776,Mike Long,123.98,116.98,,126.38,7,4,8.39,97.31,7,42.466666666667,,330560,108582,John Juliano,105.42,,10,7.13,-12.133333333333,0,0,0,0,0,win,completed,0
2025,19077310,22a52327257a4202edc2c684a0cb4fa4,,8,,,,330570,108592,Chris & Dom,105.86,71.56,,88.56,9,9,7.16,100,5,-6.8,,330562,108584,Nolan & Vinny,154.76,,1,10.47,2.2666666666667,0,0,0,0,0,loss,completed,0
2025,19077309,c9ac36082b05992334d2876d7b5eb68b,,8,,,,330569,54773,Ronnie,140.38,113.18,,135.08,3,3,9.5,90.45,9,-68.25,,330563,54774,Cambrias,145.7,,2,9.86,15.166666666667,0,0,0,0,0,loss,completed,2
2025,19077308,42e1565c6c844afc75364616f6048292,,8,,,,330568,108590,Rob & GregBo,124.08,78.18,,80.88,6,11,8.4,111.5,1,40.9,,330567,108589,Phil Baldino,109.12,,8,7.38,-27.266666666667,0,0,0,0,0,win,completed,0
2025,19077307,42e1565c6c844afc75364616f6048292,,8,,,,330567,108589,Phil Baldino,109.12,106.32,,124.48,8,5,7.38,85.41,12,-27.266666666667,,330568,108590,Rob & GregBo,124.08,,6,8.4,40.9,0,0,0,0,0,loss,completed,0
2025,19077306,7c5bf2d8268ade77ec2101068ffef6fd,,8,,,,330566,108588,Frank & Julian,127.42,100.62,,101.62,5,8,8.62,100,4,-53.083333333333,,330565,54762,Antdell & Ernie,132.68,,4,8.98,30.333333333333,0,0,0,0,0,loss,completed,2
2025,19077305,7c5bf2d8268ade77ec2101068ffef6fd,,8,,,,330565,54762,Antdell & Ernie,132.68,129.68,,140.78,4,2,8.98,92.12,8,30.333333333333,,330566,108588,Frank & Julian,127.42,,5,8.62,-53.083333333333,0,0,0,0,0,win,completed,2
2025,19077304,037daeee059911f19180d2c5622bdabe,,8,,,,330564,108587,Pung & Tralie,103.88,81.78,,81.78,12,10,7.03,100,3,0,,330559,108581,Richie,104.62,,11,7.08,83.416666666667,0,0,0,0,0,loss,completed,3
2025,19077303,c9ac36082b05992334d2876d7b5eb68b,,8,,,,330563,54774,Cambrias,145.7,120.6,,120.7,2,6,9.86,99.92,6,15.166666666667,,330569,54773,Ronnie,140.38,,3,9.5,-68.25,0,0,0,0,0,win,completed,2
2025,19077302,22a52327257a4202edc2c684a0cb4fa4,,8,,,,330562,108584,Nolan & Vinny,154.76,127.06,,144.06,1,1,10.47,88.2,11,2.2666666666667,,330570,108592,Chris & Dom,105.86,,9,7.16,-6.8,0,0,0,0,0,win,completed,0
2025,19077300,293475d67ff0f617e3a962dd0ddd5b39,,8,,,,330560,108582,John Juliano,105.42,103.42,,114.82,10,7,7.13,90.07,10,-12.133333333333,,330561,54776,Mike Long,123.98,,7,8.39,42.466666666667,0,0,0,0,0,loss,completed,0
2025,19077299,037daeee059911f19180d2c5622bdabe,,8,,,,330559,108581,Richie,104.62,66.2,,75.2,11,12,7.08,100,2,83.416666666667,,330564,108587,Pung & Tralie,103.88,,12,7.03,0,0,0,0,0,0,win,completed,3
2025,19077321,45a7ed3fe65ec061d7ce05a952a32534,,9,,,,330569,54773,Ronnie,87.92,70.92,,130.6,12,4,6.19,63.49,12,0,,330567,108589,Phil Baldino,161.06,,1,11.35,0,0,0,0,0,0,loss,completed,0
2025,19077322,5040009df148bbaa7ce2443ee98b1ec4,,9,,,,330570,108592,Chris & Dom,153.64,115.14,,126.54,2,5,10.83,90.99,6,4.5333333333333,,330561,54776,Mike Long,92.72,,10,6.53,-4.5333333333333,0,0,0,0,0,win,completed,0
2025,19077320,b0f2530041995c67362f1f3b17d4d105,,9,,,,330568,108590,Rob & GregBo,106.26,88.66,,118.86,8,6,7.49,77.96,11,60.666666666667,,330563,54774,Cambrias,105.72,,9,7.45,-22.75,0,0,0,0,0,win,completed,3
2025,19077319,45a7ed3fe65ec061d7ce05a952a32534,,9,,,,330567,108589,Phil Baldino,161.06,152.06,,151.56,1,1,11.35,100.33,1,0,,330569,54773,Ronnie,87.92,,12,6.19,0,0,0,0,0,0,win,completed,0
2025,19077318,55fc252241661e3e64ae9dcdb8263f9d,,9,,,,330566,108588,Frank & Julian,126.32,77.82,,105.92,5,8,8.9,84.8,10,-47.716666666667,,330564,108587,Pung & Tralie,134.68,,3,9.49,20.45,0,0,0,0,0,loss,completed,2
2025,19077317,bdcfa391a66646484865fbbad867231a,,9,,,,330565,54762,Antdell & Ernie,90,76,,94.7,11,12,6.34,90.81,7,-5.3,,330559,108581,Richie,112.24,,7,7.91,37.1,0,0,0,0,0,loss,completed,0
2025,19077315,b0f2530041995c67362f1f3b17d4d105,,9,,,,330563,54774,Cambrias,105.72,105.72,,105.72,9,9,7.45,100,3,-22.75,,330568,108590,Rob & GregBo,106.26,,8,7.49,60.666666666667,0,0,0,0,0,loss,completed,3
2025,19077314,1309d541eecd5cbb540b55dc329523e3,,9,,,,330562,108584,Nolan & Vinny,114.4,89.6,,113.2,6,7,8.06,88.87,9,-40.9,,330560,108582,John Juliano,134.32,,4,9.46,27.266666666667,0,0,0,0,0,loss,completed,0
2025,19077313,5040009df148bbaa7ce2443ee98b1ec4,,9,,,,330561,54776,Mike Long,92.72,91.72,,101.02,10,10,6.53,90.79,8,-4.5333333333333,,330570,108592,Chris & Dom,153.64,,2,10.83,4.5333333333333,0,0,0,0,0,loss,completed,0
2025,19077312,1309d541eecd5cbb540b55dc329523e3,,9,,,,330560,108582,John Juliano,134.32,132.32,,137.52,4,2,9.46,96.22,4,27.266666666667,,330562,108584,Nolan & Vinny,114.4,,6,8.06,-40.9,0,0,0,0,0,win,completed,0
2025,19077311,bdcfa391a66646484865fbbad867231a,,9,,,,330559,108581,Richie,112.24,98.14,,98.14,7,11,7.91,100,2,37.1,,330565,54762,Antdell & Ernie,90,,11,6.34,-5.3,0,0,0,0,0,win,completed,0
2025,19077316,55fc252241661e3e64ae9dcdb8263f9d,,9,,,,330564,108587,Pung & Tralie,134.68,126.98,,136.18,3,3,9.49,93.24,5,20.45,,330566,108588,Frank & Julian,126.32,,5,8.9,-47.716666666667,0,0,0,0,0,win,completed,2
2025,19077329,48fd7cb98a7e27a0194ee5478e2e90b9,,10,,,,330565,54762,Antdell & Ernie,133.02,126.02,,144.92,2,1,9.22,91.1,8,-75.833333333333,,330563,54774,Cambrias,133.14,,1,9.23,7.5833333333333,0,0,0,0,0,loss,completed,5
2025,19077334,0696c5973ec05f5e0df9b4ca6e44bca1,,10,,,,330570,108592,Chris & Dom,126.9,80.7,,91,3,11,8.8,94.18,6,6.8,,330559,108581,Richie,107,,11,7.42,-2.2666666666667,0,0,0,0,0,win,completed,0
2025,19077333,b5bf14ee320eb7664d6e4101d2a0cedb,,10,,,,330569,54773,Ronnie,90.3,80.3,,93.3,12,10,6.26,94.64,5,0,,330561,54776,Mike Long,126.32,,4,8.76,9.0666666666667,0,0,0,0,0,loss,completed,0
2025,19077332,48adf517c4b0923a9e75d752a88a2b16,,10,,,,330568,108590,Rob & GregBo,123.6,106.6,,117.2,7,6,8.57,91.81,7,47.716666666667,,330562,108584,Nolan & Vinny,117.3,,9,8.13,-20.45,0,0,0,0,0,win,completed,1
2025,19077331,3cef2a10aa27850d1b04e3f13b6ea9e8,,10,,,,330567,108589,Phil Baldino,121.64,114.64,,118.64,8,5,8.43,100,2,-27.266666666667,,330564,108587,Pung & Tralie,125.8,,6,8.72,40.9,0,0,0,0,0,loss,completed,2
2025,19077330,7c1e5ca3d3a5617ac75d3cce65e08922,,10,,,,330566,108588,Frank & Julian,126.22,75.02,,95.42,5,9,8.75,80.72,11,22.75,,330560,108582,John Juliano,111.04,,10,7.7,-9.1,0,0,0,0,0,win,completed,0
2025,19077328,3cef2a10aa27850d1b04e3f13b6ea9e8,,10,,,,330564,108587,Pung & Tralie,125.8,122.8,,113.4,6,7,8.72,108.29,1,40.9,,330567,108589,Phil Baldino,121.64,,8,8.43,-27.266666666667,0,0,0,0,0,win,completed,2
2025,19077327,48fd7cb98a7e27a0194ee5478e2e90b9,,10,,,,330563,54774,Cambrias,133.14,122.64,,141.64,1,3,9.23,86.59,9,7.5833333333333,,330565,54762,Antdell & Ernie,133.02,,2,9.22,-75.833333333333,0,0,0,0,0,win,completed,5
2025,19077326,48adf517c4b0923a9e75d752a88a2b16,,10,,,,330562,108584,Nolan & Vinny,117.3,111,,142.3,9,2,8.13,78,12,-20.45,,330568,108590,Rob & GregBo,123.6,,7,8.57,47.716666666667,0,0,0,0,0,loss,completed,1
2025,19077325,b5bf14ee320eb7664d6e4101d2a0cedb,,10,,,,330561,54776,Mike Long,126.32,120.32,,124.22,4,4,8.76,96.86,3,9.0666666666667,,330569,54773,Ronnie,90.3,,12,6.26,0,0,0,0,0,0,win,completed,0
2025,19077324,7c1e5ca3d3a5617ac75d3cce65e08922,,10,,,,330560,108582,John Juliano,111.04,106.04,,109.84,10,8,7.7,96.54,4,-9.1,,330566,108588,Frank & Julian,126.22,,5,8.75,22.75,0,0,0,0,0,loss,completed,0
2025,19077323,0696c5973ec05f5e0df9b4ca6e44bca1,,10,,,,330559,108581,Richie,107,63,,77.3,11,12,7.42,81.5,10,-2.2666666666667,,330570,108592,Chris & Dom,126.9,,3,8.8,6.8,0,0,0,0,0,loss,completed,0
2025,19077337,a906040d7cfd6c7af1b231b8b95c8167,,11,,,,330561,54776,Mike Long,116.42,113.42,,120.72,3,4,8.66,93.95,7,-61.35,,330568,108590,Rob & GregBo,145.54,,1,10.82,6.8166666666667,0,0,0,0,0,loss,completed,1
2025,19077346,7aa21f504805678ceb5e689ff92c9c85,,11,,,,330570,108592,Chris & Dom,111.7,93.3,,103.7,6,7,8.31,97.69,4,45.5,,330566,108588,Frank & Julian,111.4,,7,8.29,-37.916666666667,0,0,0,0,0,win,completed,3
2025,19077345,07f97b471ffcb3e9af1049f8308f1d2c,,11,,,,330569,54773,Ronnie,106.2,101.2,,101.2,8,9,7.9,100,2,60.666666666667,,330562,108584,Nolan & Vinny,100.04,,9,7.44,-22.75,0,0,0,0,0,win,completed,1
2025,19077344,a906040d7cfd6c7af1b231b8b95c8167,,11,,,,330568,108590,Rob & GregBo,145.54,102.54,,134.54,1,1,10.82,82.16,11,6.8166666666667,,330561,54776,Mike Long,116.42,,3,8.66,-61.35,0,0,0,0,0,win,completed,1
2025,19077343,55185e367097256dbfc3dda51cfb1725,,11,,,,330567,108589,Phil Baldino,91.42,88.42,,103.12,12,8,6.8,85.74,10,0,,330565,54762,Antdell & Ernie,115.92,,4,8.62,9.0666666666667,0,0,0,0,0,loss,completed,0
2025,19077342,7aa21f504805678ceb5e689ff92c9c85,,11,,,,330566,108588,Frank & Julian,111.4,72.5,,75.6,7,12,8.29,95.9,6,-37.916666666667,,330570,108592,Chris & Dom,111.7,,6,8.31,45.5,0,0,0,0,0,loss,completed,3
2025,19077341,55185e367097256dbfc3dda51cfb1725,,11,,,,330565,54762,Antdell & Ernie,115.92,97.92,,111.92,4,6,8.62,96.43,5,9.0666666666667,,330567,108589,Phil Baldino,91.42,,12,6.8,0,0,0,0,0,0,win,completed,0
2025,19077340,819015a4052f62495bf90c261f1bdd29,,11,,,,330564,108587,Pung & Tralie,94.62,83.52,,96.72,10,10,7.04,91.52,8,-9.1,,330563,54774,Cambrias,115.56,,5,8.6,22.75,0,0,0,0,0,loss,completed,0
2025,19077339,819015a4052f62495bf90c261f1bdd29,,11,,,,330563,54774,Cambrias,115.56,106.66,,120.1,5,5,8.6,88.81,9,22.75,,330564,108587,Pung & Tralie,94.62,,10,7.04,-9.1,0,0,0,0,0,win,completed,0
2025,19077338,07f97b471ffcb3e9af1049f8308f1d2c,,11,,,,330562,108584,Nolan & Vinny,100.04,80.94,,127.44,9,3,7.44,63.51,12,-22.75,,330569,54773,Ronnie,106.2,,8,7.9,60.666666666667,0,0,0,0,0,loss,completed,1
2025,19077336,c7bec2b61b133516946bc0f022e5df63,,11,,,,330560,108582,John Juliano,142.58,122.58,,134.38,2,2,10.6,99.4,3,3.0333333333333,,330559,108581,Richie,93.1,,11,6.92,-1.5166666666667,0,0,0,0,0,win,completed,0
2025,19077335,c7bec2b61b133516946bc0f022e5df63,,11,,,,330559,108581,Richie,93.1,78.8,,78.8,11,11,6.92,100,1,-1.5166666666667,,330560,108582,John Juliano,142.58,,2,10.6,3.0333333333333,0,0,0,0,0,loss,completed,0
2025,19077347,684cf86fb6d3537263448da7e9576e80,,12,,,,330559,108581,Richie,146.62,125.72,,125.72,4,3,9.69,100,1,27.266666666667,,330566,108588,Frank & Julian,122.78,,6,8.12,-40.9,0,0,0,0,0,win,completed,0
2025,19077348,6428be86b89fbc12ec0d556f6eaa81e2,,12,,,,330560,108582,John Juliano,93.72,91.72,,102.12,11,8,6.19,89.82,12,-2.2666666666667,,330570,108592,Chris & Dom,148.26,,3,9.8,6.8,0,0,0,0,0,loss,completed,0
2025,19077349,05e1e4a388b512e1269d1e26cbd8ee94,,12,,,,330561,54776,Mike Long,87.94,77.94,,84.94,12,11,5.8100000000000005,100,2,0,,330562,108584,Nolan & Vinny,119.58,,7,7.9,31.85,0,0,0,0,0,loss,completed,0
2025,19077350,05e1e4a388b512e1269d1e26cbd8ee94,,12,,,,330562,108584,Nolan & Vinny,119.58,101.38,,101.38,7,9,7.9,100,3,31.85,,330561,54776,Mike Long,87.94,,12,5.8100000000000005,0,0,0,0,0,0,win,completed,0
2025,19077351,876bccc1d5893b9993d6ee81dc179a78,,12,,,,330563,54774,Cambrias,100.62,77.22,,80.12,10,12,6.65,96.38,7,-15.166666666667,,330567,108589,Phil Baldino,106.32,,9,7.03,68.25,0,0,0,0,0,loss,completed,1
2025,19077352,44805a43cbdec2c9a75eb7e1ef7b9ee1,,12,,,,330564,108587,Pung & Tralie,130.06,110.06,,110.06,5,7,8.6,100,4,30.333333333333,,330565,54762,Antdell & Ernie,118.56,,8,7.84,-24.266666666667,0,0,0,0,0,win,completed,0
2025,19077353,44805a43cbdec2c9a75eb7e1ef7b9ee1,,12,,,,330565,54762,Antdell & Ernie,118.56,107.56,,117.16,8,5,7.84,95.22,8,-24.266666666667,,330564,108587,Pung & Tralie,130.06,,5,8.6,30.333333333333,0,0,0,0,0,loss,completed,0
2025,19077354,684cf86fb6d3537263448da7e9576e80,,12,,,,330566,108588,Frank & Julian,122.78,91.28,,99.28,6,10,8.12,100,5,-40.9,,330559,108581,Richie,146.62,,4,9.69,27.266666666667,0,0,0,0,0,loss,completed,0
2025,19077355,876bccc1d5893b9993d6ee81dc179a78,,12,,,,330567,108589,Phil Baldino,106.32,90.32,,113.32,9,6,7.03,93.82,9,68.25,,330563,54774,Cambrias,100.62,,10,6.65,-15.166666666667,0,0,0,0,0,win,completed,1
2025,19077356,32a6f2565e5b3f4144cb3bf42bfd9c5c,,12,,,,330568,108590,Rob & GregBo,165.96,153.46,,169.46,2,1,10.97,90.56,11,-75.833333333333,,330569,54773,Ronnie,172.56,,1,11.41,7.5833333333333,0,0,0,0,0,loss,completed,3
2025,19077358,6428be86b89fbc12ec0d556f6eaa81e2,,12,,,,330570,108592,Chris & Dom,148.26,109.96,,120.96,3,4,9.8,91.73,10,6.8,,330560,108582,John Juliano,93.72,,11,6.19,-2.2666666666667,0,0,0,0,0,win,completed,0
2025,19077357,32a6f2565e5b3f4144cb3bf42bfd9c5c,,12,,,,330569,54773,Ronnie,172.56,155.56,,156.76,1,2,11.41,99.23,6,7.5833333333333,,330568,108590,Rob & GregBo,165.96,,2,10.97,-75.833333333333,0,0,0,0,0,win,completed,3
2025,19077367,d2a95b38bdff0c6c1642068659061fed,,13,,,,330567,108589,Phil Baldino,157.84,150.84,,170.24,1,1,11.36,90.95,6,3.0333333333333,,330570,108592,Chris & Dom,107.8,,8,7.76,-12.133333333333,0,0,0,0,0,win,completed,0
2025,19077370,d2a95b38bdff0c6c1642068659061fed,,13,,,,330570,108592,Chris & Dom,107.8,79.5,,94.34,8,11,7.76,84.27,8,-12.133333333333,,330567,108589,Phil Baldino,157.84,,1,11.36,3.0333333333333,0,0,0,0,0,loss,completed,0
2025,19077369,7c8163c3fd7d15912ea25d6b57c31d72,,13,,,,330569,54773,Ronnie,81.42,75.42,,110.54,11,8,5.86,68.23,11,-4.55,,330565,54762,Antdell & Ernie,113.9,,6,8.2,27.3,0,0,0,0,0,loss,completed,0
2025,19077368,14965a81c35994df7a8d772524fe5bda,,13,,,,330568,108590,Rob & GregBo,138.78,122.48,,118.18,2,4,9.99,103.64,1,1.5,,330564,108587,Pung & Tralie,75.84,,12,5.46,0,0,0,0,0,0,win,completed,0
2025,19077366,2e67541de1a2eb954b9787fa26412992,,13,,,,330566,108588,Frank & Julian,106.14,76.24,,112.84,9,6,7.64,67.56,12,-20.45,,330561,54776,Mike Long,113.76,,7,8.19,47.716666666667,0,0,0,0,0,loss,completed,1
2025,19077365,7c8163c3fd7d15912ea25d6b57c31d72,,13,,,,330565,54762,Antdell & Ernie,113.9,106.9,,125.2,6,2,8.2,86.18,7,27.3,,330569,54773,Ronnie,81.42,,11,5.86,-4.55,0,0,0,0,0,win,completed,0
2025,19077364,14965a81c35994df7a8d772524fe5bda,,13,,,,330564,108587,Pung & Tralie,75.84,54.8,,74.36,12,12,5.46,81.76,9,0,,330568,108590,Rob & GregBo,138.78,,2,9.99,1.5,0,0,0,0,0,loss,completed,0
2025,19077363,92f0030aa57a810e8ea100457b44dc39,,13,,,,330563,54774,Cambrias,135.46,111.56,,107.96,3,9,9.75,103.33,2,9.1,,330560,108582,John Juliano,100.32,,10,7.22,-6.0666666666667,0,0,0,0,0,win,completed,0
2025,19077362,3dc02c6fad77db9df3e5e852a007bbed,,13,,,,330562,108584,Nolan & Vinny,135.24,115.34,,115.34,4,5,9.74,100,3,30.333333333333,,330559,108581,Richie,122.42,,5,8.81,-53.083333333333,0,0,0,0,0,win,completed,1
2025,19077361,2e67541de1a2eb954b9787fa26412992,,13,,,,330561,54776,Mike Long,113.76,77.76,,110.86,7,7,8.19,80.97,10,47.716666666667,,330566,108588,Frank & Julian,106.14,,9,7.64,-20.45,0,0,0,0,0,win,completed,1
2025,19077360,92f0030aa57a810e8ea100457b44dc39,,13,,,,330560,108582,John Juliano,100.32,87.32,,104.82,10,10,7.22,91.89,4,-6.0666666666667,,330563,54774,Cambrias,135.46,,3,9.75,9.1,0,0,0,0,0,loss,completed,0
2025,19077359,3dc02c6fad77db9df3e5e852a007bbed,,13,,,,330559,108581,Richie,122.42,91.62,,120.82,5,3,8.81,91.56,5,-53.083333333333,,330562,108584,Nolan & Vinny,135.24,,4,9.74,30.333333333333,0,0,0,0,0,loss,completed,1
2025,19077372,950e2dbc86621ed08a14566c6adff24a,,14,,,,330560,108582,John Juliano,118.64,112.64,,124.24,7,3,8.45,90.66,7,-26.5,,330567,108589,Phil Baldino,126.46,,3,9.01,15.9,0,0,0,0,0,loss,completed,1
2025,19077382,9d1cf4c906d87dfcfc315626948ea52f,,14,,,,330570,108592,Chris & Dom,101.66,81.16,,92.46,10,9,7.24,97.51,4,-15.166666666667,,330563,54774,Cambrias,112.76,,9,8.03,68.25,0,0,0,0,0,loss,completed,0
2025,19077381,9137073e2a78e50ff5c3370b020b1b80,,14,,,,330569,54773,Ronnie,122.26,100.26,,123.36,5,5,8.71,81.27,10,15.166666666667,,330564,108587,Pung & Tralie,97.04,,12,6.91,0,0,0,0,0,0,win,completed,0
2025,19077380,cd25ea5be431e59a7a3e0f9b50651372,,14,,,,330568,108590,Rob & GregBo,116.84,85.84,,94.6,8,8,8.32,98.14,3,48.533333333333,,330565,54762,Antdell & Ernie,98.94,,11,7.05,-6.0666666666667,0,0,0,0,0,win,completed,0
2025,19077379,950e2dbc86621ed08a14566c6adff24a,,14,,,,330567,108589,Phil Baldino,126.46,119.46,,123.46,3,4,9.01,100,2,15.9,,330560,108582,John Juliano,118.64,,7,8.45,-26.5,0,0,0,0,0,win,completed,1
2025,19077378,31996f190f7d4734c51ceee0d2c27f38,,14,,,,330566,108588,Frank & Julian,129.02,94.62,,118.94,2,7,9.19,86.28,9,10.6,,330562,108584,Nolan & Vinny,118.66,,6,8.45,-31.8,0,0,0,0,0,win,completed,0
2025,19077377,cd25ea5be431e59a7a3e0f9b50651372,,14,,,,330565,54762,Antdell & Ernie,98.94,94.94,,138.54,11,2,7.05,68.53,11,-6.0666666666667,,330568,108590,Rob & GregBo,116.84,,8,8.32,48.533333333333,0,0,0,0,0,loss,completed,0
2025,19077376,9137073e2a78e50ff5c3370b020b1b80,,14,,,,330564,108587,Pung & Tralie,97.04,74.44,,84.04,12,12,6.91,88.58,8,0,,330569,54773,Ronnie,122.26,,5,8.71,15.166666666667,0,0,0,0,0,loss,completed,0
2025,19077375,9d1cf4c906d87dfcfc315626948ea52f,,14,,,,330563,54774,Cambrias,112.76,87.96,,87.96,9,11,8.03,100,1,68.25,,330570,108592,Chris & Dom,101.66,,10,7.24,-15.166666666667,0,0,0,0,0,win,completed,0
2025,19077374,31996f190f7d4734c51ceee0d2c27f38,,14,,,,330562,108584,Nolan & Vinny,118.66,58.56,,89.96,6,10,8.45,65.1,12,-31.8,,330566,108588,Frank & Julian,129.02,,2,9.19,10.6,0,0,0,0,0,loss,completed,0
2025,19077373,bbb83598b9ac9cad20e71bacfdf898eb,,14,,,,330561,54776,Mike Long,124.88,90.18,,122.96,4,6,8.9,92.05,5,-48.533333333333,,330559,108581,Richie,136.54,,1,9.73,6.0666666666667,0,0,0,0,0,loss,completed,1
2025,19077371,bbb83598b9ac9cad20e71bacfdf898eb,,14,,,,330559,108581,Richie,136.54,129.54,,141.94,1,1,9.73,91.26,6,6.0666666666667,,330561,54776,Mike Long,124.88,,4,8.9,-48.533333333333,0,0,0,0,0,win,completed,1
2025,19077384,d5ae2267c2481c28f61d461dbef40885,,15,,,,330561,54776,Mike Long,141.58,137.98,,142.3,4,3,14,96.96,2,27.266666666667,,330570,108592,Chris & Dom,106.6,,6,10.54,-40.9,1,0,0,0,0,win,completed,1
2025,19077390,d5ae2267c2481c28f61d461dbef40885,,15,,,,330570,108592,Chris & Dom,106.6,76.5,,94.92,6,7,10.54,92.18,4,-40.9,,330561,54776,Mike Long,141.58,,4,14,27.266666666667,1,0,0,0,0,loss,completed,1
2025,19077389,07bedbb097b24f2d1cc7c970f903a3ab,,15,,,,330569,54773,Ronnie,91.74,81.74,,118.98,8,5,9.07,68.7,8,-24.266666666667,,330559,108581,Richie,130.32,,5,12.89,30.333333333333,0,1,0,0,0,loss,completed,0
2025,19077388,e990e914802b3fce6f0911c5e8182106,,15,,,,330567,108589,Phil Baldino,141.8,128.8,,162.4,3,1,14.02,84.24,7,-61.35,,330566,108588,Frank & Julian,157.76,,1,15.6,6.8166666666667,0,1,0,0,0,loss,completed,1
2025,19077386,4db285af1a07e8fdaa03a7eeb20d04d6,,15,,,,330565,54762,Antdell & Ernie,149.66,146.66,,156.96,2,2,14.8,93.44,3,9.1,,330562,108584,Nolan & Vinny,91.8,,7,9.08,-22.75,1,0,0,0,0,win,completed,1
2025,19077385,4db285af1a07e8fdaa03a7eeb20d04d6,,15,,,,330562,108584,Nolan & Vinny,91.8,59.9,,80.06,7,8,9.08,89.81,5,-22.75,,330565,54762,Antdell & Ernie,149.66,,2,14.8,9.1,1,0,0,0,0,loss,completed,1
2025,19077383,07bedbb097b24f2d1cc7c970f903a3ab,,15,,,,330559,108581,Richie,130.32,125.32,,112.4,5,6,12.89,111.49,1,30.333333333333,,330569,54773,Ronnie,91.74,,8,9.07,-24.266666666667,0,1,0,0,0,win,completed,0
2025,19077387,e990e914802b3fce6f0911c5e8182106,,15,,,,330566,108588,Frank & Julian,157.76,109.66,,125.26,1,4,15.6,87.55,6,6.8166666666667,,330567,108589,Phil Baldino,141.8,,3,14.02,-61.35,0,1,0,0,0,win,completed,1
2025,19077399,63a31c19cb5dfcfd8d8bb1d3fbd5380b,,16,,,,330567,108589,Phil Baldino,61.64,50.64,,115.6,12,8,4.25,54.19,12,0,,330564,108587,Pung & Tralie,105,,7,7.23,31.85,0,1,0,0,0,loss,completed,0
2025,19077402,d892ea18b195ee61d76a6156ca757ab8,,16,,,,330570,108592,Chris & Dom,184.4,131.6,,169.16,2,2,12.7,83.71,5,13.633333333333,,330562,108584,Nolan & Vinny,127.06,,4,8.75,-54.533333333333,1,0,0,0,0,win,completed,2
2025,19077401,107b3164fe51fb72bf5f4ed1633b4cde,,16,,,,330569,54773,Ronnie,98.9,85.9,,106.8,10,10,6.8100000000000005,80.43,8,75.833333333333,,330560,108582,John Juliano,78,,11,5.37,-7.5833333333333,0,1,0,0,0,win,completed,0
2025,19077400,e89e52c5f63d938b63f9308dde2b94eb,,16,,,,330568,108590,Rob & GregBo,181.5,124.1,,146.7,3,3,12.5,92.77,3,-61.35,,330565,54762,Antdell & Ernie,184.76,,1,12.73,6.8166666666667,1,0,0,0,0,loss,completed,4
2025,19077398,0b96db9238f9b81c250f383cbe139992,,16,,,,330566,108588,Frank & Julian,116.42,77.72,,118.72,5,6,8.02,77.26,10,30.333333333333,,330559,108581,Richie,102.48,,8,7.06,-24.266666666667,0,1,0,0,0,win,completed,0
2025,19077397,e89e52c5f63d938b63f9308dde2b94eb,,16,,,,330565,54762,Antdell & Ernie,184.76,169.76,,176.06,1,1,12.73,96.42,2,6.8166666666667,,330568,108590,Rob & GregBo,181.5,,3,12.5,-61.35,1,0,0,0,0,win,completed,4
2025,19077396,63a31c19cb5dfcfd8d8bb1d3fbd5380b,,16,,,,330564,108587,Pung & Tralie,105,100,,113.5,7,9,7.23,88.11,4,31.85,,330567,108589,Phil Baldino,61.64,,12,4.25,0,0,1,0,0,0,win,completed,0
2025,19077395,73cba6cd3286197736f565a58924705e,,16,,,,330563,54774,Cambrias,111.68,91.58,,128.7,6,4,7.6899999999999995,78.93,9,36.4,,330561,54776,Mike Long,99.7,,9,6.87,-18.2,1,0,0,0,0,win,completed,1
2025,19077394,d892ea18b195ee61d76a6156ca757ab8,,16,,,,330562,108584,Nolan & Vinny,127.06,96.56,,97.96,4,11,8.75,98.57,1,-54.533333333333,,330570,108592,Chris & Dom,184.4,,2,12.7,13.633333333333,1,0,0,0,0,loss,completed,2
2025,19077393,73cba6cd3286197736f565a58924705e,,16,,,,330561,54776,Mike Long,99.7,95.7,,116.36,9,7,6.87,82.24,7,-18.2,,330563,54774,Cambrias,111.68,,6,7.6899999999999995,36.4,1,0,0,0,0,loss,completed,1
2025,19077392,107b3164fe51fb72bf5f4ed1633b4cde,,16,,,,330560,108582,John Juliano,78,77,,92,11,12,5.37,83.7,6,-7.5833333333333,,330569,54773,Ronnie,98.9,,10,6.8100000000000005,75.833333333333,0,1,0,0,0,loss,completed,0
2025,19077391,0b96db9238f9b81c250f383cbe139992,,16,,,,330559,108581,Richie,102.48,96.48,,128.28,8,5,7.06,75.21,11,-24.266666666667,,330566,108588,Frank & Julian,116.42,,5,8.02,30.333333333333,0,1,0,0,0,loss,completed,0
2025,19077403,0554a7badd0d0d2f1052f2d9d365ed28,,17,,,,330560,108582,John Juliano,97.58,87.58,,106.98,5,5,10.29,91.21,4,30.333333333333,,330567,108589,Phil Baldino,57.8,,8,6.1,-24.266666666667,0,1,0,0,0,win,completed,0
2025,19077404,a399ad288152c006e3694439962e81e0,,17,,,,330561,54776,Mike Long,141.12,124.12,,157.82,4,2,14.88,89.42,5,-48.533333333333,,330568,108590,Rob & GregBo,165.14,,1,17.42,6.0666666666667,1,0,0,0,0,loss,completed,2
2025,19077405,15a7531b2eb85e26a8a417fb592853c2,,17,,,,330563,54774,Cambrias,164.92,149.92,,164.92,2,1,17.39,96.36,2,15.166666666667,,330565,54762,Antdell & Ernie,152.48,,3,16.08,-68.25,1,0,1,0,0,win,completed,3
2025,19077406,027b1f5b477e87032cce6dbb76409fd7,,17,,,,330564,108587,Pung & Tralie,88.4,61.9,,86.7,6,7,9.32,87.54,6,45.5,,330569,54773,Ronnie,80.68,,7,8.51,-37.916666666667,0,1,0,0,0,win,completed,1
2025,19077407,15a7531b2eb85e26a8a417fb592853c2,,17,,,,330565,54762,Antdell & Ernie,152.48,141.48,,141.48,3,4,16.08,100,1,-68.25,,330563,54774,Cambrias,164.92,,2,17.39,15.166666666667,1,0,1,0,0,loss,completed,3
2025,19077408,0554a7badd0d0d2f1052f2d9d365ed28,,17,,,,330567,108589,Phil Baldino,57.8,56.8,,86.24,8,8,6.1,65.86,8,-24.266666666667,,330560,108582,John Juliano,97.58,,5,10.29,30.333333333333,0,1,0,0,0,loss,completed,0
2025,19077409,a399ad288152c006e3694439962e81e0,,17,,,,330568,108590,Rob & GregBo,165.14,133.04,,144.34,1,3,17.42,92.17,3,6.0666666666667,,330561,54776,Mike Long,141.12,,4,14.88,-48.533333333333,1,0,0,0,0,win,completed,2
2025,19077410,027b1f5b477e87032cce6dbb76409fd7,,17,,,,330569,54773,Ronnie,80.68,72.68,,98.48,7,6,8.51,73.8,7,-37.916666666667,,330564,108587,Pung & Tralie,88.4,,6,9.32,45.5,0,1,0,0,0,loss,completed,1
