season,franchise,round,overall,player,pos,starter_points,starter_weeks,adp_differential,basis,vor,expected_for_round,vs_expected,hit,bust
2013,GaTTa,1,1,Adrian Peterson,RB,109.2,6,,bonus_exclusive,-11.9,216.8,-107.6,0,0
2013,Nolan & Vinny,1,2,Marshawn Lynch,RB,81.6,5,-5.6,bonus_exclusive,-39.5,216.8,-135.2,0,1
2013,Frank & Julian,1,3,Doug Martin,RB,50.7,4,-0.6,bonus_exclusive,-70.4,216.8,-166.1,0,1
2013,Team JoeBa,1,4,Jamaal Charles,RB,378.0,15,0.8,bonus_exclusive,256.9,216.8,161.2,1,0
2013,Chris & Dom,1,5,Calvin Johnson,WR,295.0,14,-0.6,bonus_exclusive,89.3,216.8,78.2,0,0
2013,Pung & Tralie,1,6,LeSean McCoy,RB,275.1,14,-2.2,bonus_exclusive,154.0,216.8,58.3,0,0
2013,Rob & GregBo,1,7,Ray Rice,RB,155.8,13,-0.4,bonus_exclusive,34.7,216.8,-61.0,0,0
2013,Cambrias,1,8,C.J. Spiller,RB,95.1,10,1.7,bonus_exclusive,-26.0,216.8,-121.7,0,1
2013,LFTLR,1,9,Drew Brees,QB,319.64,15,-21.7,bonus_exclusive,261.78,216.8,102.84,0,0
2013,Antdell & Ernie,1,10,Aaron Rodgers,QB,152.22,8,-21.8,bonus_exclusive,94.36,216.8,-64.58,0,0
2013,Ronnie,1,11,Peyton Manning,QB,383.34,15,-31.2,bonus_exclusive,325.48,216.8,166.54,1,0
2013,Richie,1,12,Arian Foster,RB,108.5,8,8.2,bonus_exclusive,-12.6,216.8,-108.3,0,0
2013,Richie,2,13,Trent Richardson,RB,55.4,6,4.7,bonus_exclusive,-65.7,164.35,-108.95,0,1
2013,Ronnie,2,14,Demaryius Thomas,WR,289.7,15,-11.5,bonus_exclusive,84.0,164.35,125.35,1,0
2013,Antdell & Ernie,2,15,A.J. Green,WR,261.8,14,-2.2,bonus_exclusive,56.1,164.35,97.45,1,0
2013,LFTLR,2,16,Matt Forte,RB,299.6,15,3.3,bonus_exclusive,178.5,164.35,135.25,1,0
2013,Cambrias,2,17,Brandon Marshall,WR,272.5,14,-2.3,bonus_exclusive,66.8,164.35,108.15,1,0
2013,Rob & GregBo,2,18,Dez Bryant,WR,251.2,14,4.3,bonus_exclusive,45.5,164.35,86.85,1,0
2013,Pung & Tralie,2,19,Julio Jones,WR,109.7,5,-3,bonus_exclusive,-96.0,164.35,-54.65,0,0
2013,Chris & Dom,2,20,Reggie Bush,RB,221.7,14,2.5,bonus_exclusive,100.6,164.35,57.35,0,0
2013,Team JoeBa,2,21,Andre Johnson,WR,268.8,15,-13.2,bonus_exclusive,63.1,164.35,104.45,1,0
2013,Frank & Julian,2,22,Maurice Jones-Drew,RB,22.7,4,2.3,bonus_exclusive,-98.4,164.35,-141.65,0,1
2013,Nolan & Vinny,2,23,Matt Ryan,QB,83.92,4,-38.1,bonus_exclusive,26.06,164.35,-80.43,0,0
2013,GaTTa,2,24,Larry Fitzgerald,WR,96.6,7,-3.9,bonus_exclusive,-109.1,164.35,-67.75,0,0
2013,GaTTa,3,25,Roddy White,WR,3.9,1,-9.4,bonus_exclusive,-201.8,138.2,-134.3,0,1
2013,Nolan & Vinny,3,26,Vincent Jackson,WR,46.2,4,-15,bonus_exclusive,-159.5,138.2,-92.0,0,1
2013,Frank & Julian,3,27,Tom Brady,QB,82.5,6,-30.4,bonus_exclusive,24.64,138.2,-55.7,0,0
2013,Team JoeBa,3,28,Alfred Morris,RB,170.0,15,15.5,bonus_exclusive,48.9,138.2,31.8,0,0
2013,Chris & Dom,3,29,Jimmy Graham,TE,242.9,13,14.7,bonus_exclusive,180.3,138.2,104.7,1,0
2013,Pung & Tralie,3,30,Chris Johnson,RB,80.3,7,14.5,bonus_exclusive,-40.8,138.2,-57.9,0,0
2013,Rob & GregBo,3,31,Cam Newton,QB,231.16,12,-27.3,bonus_exclusive,173.3,138.2,92.96,1,0
2013,Cambrias,3,32,Randall Cobb,WR,86.6,5,1.5,bonus_exclusive,-119.1,138.2,-51.6,0,0
2013,LFTLR,3,33,Stevan Ridley,RB,42.0,7,13.6,bonus_exclusive,-79.1,138.2,-96.2,0,1
2013,Antdell & Ernie,3,34,Steven Jackson,RB,121.1,10,18,bonus_exclusive,0.0,138.2,-17.1,0,0
2013,Ronnie,3,35,Darren Sproles,RB,170.5,15,7,bonus_exclusive,49.4,138.2,32.3,0,0
2013,Richie,3,36,Reggie Wayne,WR,102.8,7,-14.5,bonus_exclusive,-102.9,138.2,-35.4,0,0
2013,Richie,4,37,Wes Welker,WR,210.8,13,-10.4,bonus_exclusive,5.1,123.0,87.8,1,0
2013,Ronnie,4,38,Eddie Lacy,RB,212.9,13,0.7,bonus_exclusive,91.8,123.0,89.9,1,0
2013,Antdell & Ernie,4,39,Frank Gore,RB,172.2,14,,bonus_exclusive,51.1,123.0,49.2,0,0
2013,LFTLR,4,40,DeMarco Murray,RB,246.4,13,13.4,bonus_exclusive,125.3,123.0,123.4,1,0
2013,Cambrias,4,41,Rob Gronkowski,TE,122.2,8,7.3,bonus_exclusive,59.6,123.0,-0.8,0,0
2013,Rob & GregBo,4,42,David Wilson,RB,19.4,5,16.9,bonus_exclusive,-101.7,123.0,-103.6,0,1
2013,Pung & Tralie,4,43,Dwayne Bowe,WR,31.6,4,-0.4,bonus_exclusive,-174.1,123.0,-91.4,0,1
2013,Chris & Dom,4,44,Darren McFadden,RB,47.74,5,11.4,bonus_exclusive,-73.36,123.0,-75.26,0,1
2013,Team JoeBa,4,45,Marques Colston,WR,186.6,14,-2.2,bonus_exclusive,-19.1,123.0,63.6,1,0
2013,Frank & Julian,4,46,Victor Cruz,WR,185.6,14,7.2,bonus_exclusive,-20.1,123.0,62.6,1,0
2013,Nolan & Vinny,4,47,Danny Amendola,WR,116.5,9,1.3,bonus_exclusive,-89.2,123.0,-6.5,0,0
2013,GaTTa,4,48,Eric Decker,WR,241.4,14,-18.6,bonus_exclusive,35.7,123.0,118.4,1,0
2013,GaTTa,5,49,Colin Kaepernick,QB,152.16,9,-23.1,bonus_exclusive,94.3,94.1,58.06,1,0
2013,Nolan & Vinny,5,50,Jason Witten,TE,95.3,8,5.2,bonus_exclusive,32.7,94.1,1.2,0,0
2013,Frank & Julian,5,51,DeSean Jackson,WR,98.5,5,-20.7,bonus_exclusive,-107.2,94.1,4.4,0,0
2013,Team JoeBa,5,52,Hakeem Nicks,WR,138.6,15,-5.3,bonus_exclusive,-67.1,94.1,44.5,0,0
2013,Chris & Dom,5,53,James Jones,WR,66.9,5,-25.5,bonus_exclusive,-138.8,94.1,-27.2,0,0
2013,Pung & Tralie,5,54,Montee Ball,RB,0.0,0,10.1,bonus_exclusive,-121.1,94.1,-94.1,0,1
2013,Rob & GregBo,5,55,Mike Wallace,WR,91.2,9,-18,bonus_exclusive,-114.5,94.1,-2.9,0,0
2013,Cambrias,5,56,Lamar Miller,RB,40.2,5,27.1,bonus_exclusive,-80.9,94.1,-53.9,0,1
2013,LFTLR,5,57,Vernon Davis,TE,199.5,14,11.7,bonus_exclusive,136.9,94.1,105.4,1,0
2013,Antdell & Ernie,5,58,Tony Gonzalez,TE,189.0,14,2,bonus_exclusive,126.4,94.1,94.9,1,0
2013,Ronnie,5,59,Tavon Austin,WR,12.6,2,-21.6,bonus_exclusive,-193.1,94.1,-81.5,0,1
2013,Richie,5,60,Pierre Garcon,WR,253.0,14,3.9,bonus_exclusive,47.3,94.1,158.9,1,0
2013,Richie,6,61,Giovani Bernard,RB,124.8,9,12.9,bonus_exclusive,3.7,74.45,50.35,1,0
2013,Ronnie,6,62,Steve Smith,WR,135.2,12,-13.6,bonus_exclusive,-70.5,74.45,60.75,1,0
2013,Antdell & Ernie,6,63,Torrey Smith,WR,188.2,14,-0.7,bonus_exclusive,-17.5,74.45,113.75,1,0
2013,LFTLR,6,64,Jordy Nelson,WR,238.3,15,4.1,bonus_exclusive,32.6,74.45,163.85,1,0
2013,Cambrias,6,65,Antonio Brown,WR,116.1,6,2.2,bonus_exclusive,-89.6,74.45,41.65,1,0
2013,Rob & GregBo,6,66,Jermichael Finley,TE,73.0,6,-12.1,bonus_exclusive,10.4,74.45,-1.45,0,0
2013,Pung & Tralie,6,67,Cecil Shorts,WR,95.7,9,-16.9,bonus_exclusive,-110.0,74.45,21.25,0,0
2013,Chris & Dom,6,68,Anquan Boldin,WR,199.7,15,-17.7,bonus_exclusive,-6.0,74.45,125.25,1,0
2013,Team JoeBa,6,69,Rashard Mendenhall,RB,4.1,1,4.5,bonus_exclusive,-117.0,74.45,-70.35,0,1
2013,Frank & Julian,6,70,Seattle Seahawks,DEF,127.0,11,-26.1,bonus_exclusive,104.0,74.45,52.55,1,0
2013,Nolan & Vinny,6,71,Russell Wilson,QB,21.48,1,-18.9,bonus_exclusive,-36.38,74.45,-52.97,0,1
2013,GaTTa,6,72,Ahmad Bradshaw,RB,21.7,2,19.4,bonus_exclusive,-99.4,74.45,-52.75,0,1
2013,GaTTa,7,73,Owen Daniels,TE,54.0,6,-43,bonus_exclusive,-8.6,53.8,0.2,0,0
2013,Nolan & Vinny,7,74,San Francisco 49ers,DEF,12.0,1,-31.3,bonus_exclusive,-11.0,53.8,-41.8,0,1
2013,Frank & Julian,7,75,T.Y. Hilton,WR,163.9,12,-8.3,bonus_exclusive,-41.8,53.8,110.1,1,0
2013,Team JoeBa,7,76,Jared Cook,TE,62.7,6,-16.8,bonus_exclusive,0.1,53.8,8.9,0,0
2013,Chris & Dom,7,77,Matthew Stafford,QB,260.28,14,6.6,bonus_exclusive,202.42,53.8,206.48,1,0
2013,Pung & Tralie,7,78,Stevie Johnson,WR,16.6,1,-17.3,bonus_exclusive,-189.1,53.8,-37.2,0,1
2013,Rob & GregBo,7,79,Greg Jennings,WR,0.0,0,-12.8,bonus_exclusive,-205.7,53.8,-53.8,0,1
2013,Cambrias,7,80,Andrew Luck,QB,189.16,10,1.2,bonus_exclusive,131.3,53.8,135.36,1,0
2013,LFTLR,7,81,Mike Williams,WR,48.4,6,-18.5,bonus_exclusive,-157.3,53.8,-5.4,0,0
2013,Antdell & Ernie,7,82,Houston Texans,DEF,28.0,6,,bonus_exclusive,5.0,53.8,-25.8,0,0
2013,Ronnie,7,83,Le'Veon Bell,RB,43.9,3,,bonus_exclusive,-77.2,53.8,-9.9,0,0
2013,Richie,7,84,Robert Griffin III,QB,186.2,13,,bonus_exclusive,128.34,53.8,132.4,1,0
2013,Richie,8,85,Cincinnati Bengals,DEF,152.0,15,-32.6,bonus_exclusive,129.0,37.35,114.65,1,0
2013,Ronnie,8,86,Chicago Bears,DEF,105.0,15,-27.6,bonus_exclusive,82.0,37.35,67.65,1,0
2013,Antdell & Ernie,8,87,Ryan Mathews,RB,19.4,3,41.3,bonus_exclusive,-101.7,37.35,-17.95,0,0
2013,LFTLR,8,88,Miles Austin,WR,4.2,2,-2.6,bonus_exclusive,-201.5,37.35,-33.15,0,1
2013,Cambrias,8,89,Chris Ivory,RB,0.0,0,36.5,bonus_exclusive,-121.1,37.35,-37.35,0,1
2013,Rob & GregBo,8,90,DeAngelo Williams,RB,55.8,5,24.1,bonus_exclusive,-65.3,37.35,18.45,0,0
2013,Pung & Tralie,8,91,Josh Gordon,WR,234.9,11,-7.1,bonus_exclusive,29.2,37.35,197.55,1,0
2013,Chris & Dom,8,92,Justin Blackmon,WR,18.8,2,-46.7,bonus_exclusive,-186.9,37.35,-18.55,0,0
2013,Team JoeBa,8,93,Tony Romo,QB,209.88,12,11.1,bonus_exclusive,152.02,37.35,172.53,1,0
2013,Frank & Julian,8,94,Isaac Redman,RB,0.0,0,-44.5,bonus_exclusive,-121.1,37.35,-37.35,0,1
2013,Nolan & Vinny,8,95,Golden Tate,WR,107.1,9,-11.3,bonus_exclusive,-98.6,37.35,69.75,1,0
2013,GaTTa,8,96,Baltimore Ravens,DEF,93.0,13,-42.9,bonus_exclusive,70.0,37.35,55.65,1,0
2013,GaTTa,9,97,Stephen Gostkowski,K,155.0,14,-40.9,bonus_exclusive,114.0,28.95,126.05,1,0
2013,Nolan & Vinny,9,98,Matt Bryant,K,41.0,5,-54.1,bonus_exclusive,0.0,28.95,12.05,0,0
2013,Frank & Julian,9,99,Kyle Rudolph,TE,54.6,7,25.8,bonus_exclusive,-8.0,28.95,25.65,1,0
2013,Team JoeBa,9,100,Denver Broncos,DEF,57.0,7,-16.7,bonus_exclusive,34.0,28.95,28.05,1,0
2013,Chris & Dom,9,101,Kenbrell Thompkins,WR,24.7,2,-21.5,bonus_exclusive,-181.0,28.95,-4.25,0,0
2013,Pung & Tralie,9,102,Antonio Gates,TE,143.7,13,21.8,bonus_exclusive,81.1,28.95,114.75,1,0
2013,Rob & GregBo,9,103,Sidney Rice,WR,0.0,0,-32,bonus_exclusive,-205.7,28.95,-28.95,0,1
2013,Cambrias,9,104,Shane Vereen,RB,0.0,0,49.6,bonus_exclusive,-121.1,28.95,-28.95,0,1
2013,LFTLR,9,105,Percy Harvin,WR,2.7,1,-51.5,bonus_exclusive,-203.0,28.95,-26.25,0,1
2013,Antdell & Ernie,9,106,Lance Moore,WR,6.8,2,-6.3,bonus_exclusive,-198.9,28.95,-22.15,0,1
2013,Ronnie,9,107,Matt Prater,K,158.0,15,-48,bonus_exclusive,117.0,28.95,129.05,1,0
2013,Richie,9,108,Daryl Richardson,RB,0.0,1,53.8,bonus_exclusive,-121.1,28.95,-28.95,0,1
2013,Richie,10,109,Zach Sudfeld,TE,1.0,1,-35.8,bonus_exclusive,-61.6,26.75,-25.75,0,1
2013,Ronnie,10,110,Greg Olsen,TE,78.0,7,15,bonus_exclusive,15.4,26.75,51.25,1,0
2013,Antdell & Ernie,10,111,Eli Manning,QB,7.88,1,7.3,bonus_exclusive,-49.98,26.75,-18.87,0,1
2013,LFTLR,10,112,Coby Fleener,TE,62.6,8,-43.2,bonus_exclusive,0.0,26.75,35.85,1,0
2013,Cambrias,10,113,Emmanuel Sanders,WR,9.7,1,-10.5,bonus_exclusive,-196.0,26.75,-17.05,0,1
2013,Rob & GregBo,10,114,Mark Ingram,RB,0.0,0,38.5,bonus_exclusive,-121.1,26.75,-26.75,0,1
2013,Pung & Tralie,10,115,Andy Dalton,QB,21.74,2,-1.6,bonus_exclusive,-36.12,26.75,-5.01,0,0
2013,Chris & Dom,10,116,Chris Givens,WR,0.0,0,-9.7,bonus_exclusive,-205.7,26.75,-26.75,0,1
2013,Team JoeBa,10,117,Matt Schaub,QB,49.52,3,-19.4,bonus_exclusive,-8.34,26.75,22.77,1,0
2013,Frank & Julian,10,118,Kenny Britt,WR,0.0,0,14.9,bonus_exclusive,-205.7,26.75,-26.75,0,1
2013,Nolan & Vinny,10,119,New England Patriots,DEF,97.0,12,-8.6,bonus_exclusive,74.0,26.75,70.25,1,0
2013,GaTTa,10,120,Delanie Walker,TE,0.0,0,,bonus_exclusive,-62.6,26.75,-26.75,0,1
2013,GaTTa,11,121,LaMichael James,RB,0.0,0,-2.7,bonus_exclusive,-121.1,15.1,-15.1,0,1
2013,Nolan & Vinny,11,122,Bernard Pierce,RB,36.4,5,30.4,bonus_exclusive,-84.7,15.1,21.3,1,0
2013,Frank & Julian,11,123,Blair Walsh,K,43.0,5,-20.1,bonus_exclusive,2.0,15.1,27.9,1,0
2013,Team JoeBa,11,124,Vick Ballard,RB,0.0,0,27.6,bonus_exclusive,-121.1,15.1,-15.1,0,1
2013,Chris & Dom,11,125,Los Angeles Rams,DEF,63.0,7,,bonus_exclusive,40.0,15.1,47.9,1,0
2013,Pung & Tralie,11,126,Ben Tate,RB,8.9,1,47.4,bonus_exclusive,-112.2,15.1,-6.2,0,0
2013,Rob & GregBo,11,127,Vincent Brown,WR,21.0,3,3.5,bonus_exclusive,-184.7,15.1,5.9,0,0
2013,Cambrias,11,128,Fred Jackson,RB,108.0,9,39.2,bonus_exclusive,-13.1,15.1,92.9,1,0
2013,LFTLR,11,129,Jay Cutler,QB,-0.88,1,2.6,bonus_exclusive,-58.74,15.1,-15.98,0,1
2013,Antdell & Ernie,11,130,Brent Celek,TE,0.0,0,,bonus_exclusive,-62.6,15.1,-15.1,0,1
2013,Ronnie,11,131,BenJarvus Green-Ellis,RB,0.0,0,55.1,bonus_exclusive,-121.1,15.1,-15.1,0,1
2013,Richie,11,132,Alshon Jeffery,WR,205.7,10,-6.7,bonus_exclusive,0.0,15.1,190.6,1,0
2013,Richie,12,133,Michael Vick,QB,42.06,3,27,bonus_exclusive,-15.8,15.38,26.68,1,0
2013,Ronnie,12,134,Jacoby Jones,WR,6.7,1,,bonus_exclusive,-199.0,15.38,-8.68,0,1
2013,Antdell & Ernie,12,135,Denarius Moore,WR,35.0,3,-14.1,bonus_exclusive,-170.7,15.38,19.62,1,0
2013,LFTLR,12,136,Arizona Cardinals,DEF,154.0,14,-21.9,bonus_exclusive,131.0,15.38,138.62,1,0
2013,Cambrias,12,137,Jordan Cameron,TE,132.5,7,12.5,bonus_exclusive,69.9,15.38,117.12,1,0
2013,Rob & GregBo,12,138,Green Bay Packers,DEF,23.0,3,-21.2,bonus_exclusive,0.0,15.38,7.62,0,0
2013,Pung & Tralie,12,139,Kendall Wright,WR,0.0,0,,bonus_exclusive,-205.7,15.38,-15.38,0,1
2013,Chris & Dom,12,140,Justin Tucker,K,67.0,7,-29.6,bonus_exclusive,26.0,15.38,51.62,1,0
2013,Team JoeBa,12,141,Cordarrelle Patterson,RB,0.0,0,,bonus_exclusive,-121.1,15.38,-15.38,0,1
2013,Frank & Julian,12,142,DeAndre Hopkins,WR,8.4,1,27,bonus_exclusive,-197.3,15.38,-6.98,0,0
2013,Nolan & Vinny,12,143,Brandon Myers,TE,5.5,1,31.6,bonus_exclusive,-57.1,15.38,-9.88,0,1
2013,GaTTa,12,144,Ryan Broyles,WR,0.0,0,-3.5,bonus_exclusive,-205.7,15.38,-15.38,0,1
2013,GaTTa,13,145,Ben Roethlisberger,QB,0.0,0,20.3,bonus_exclusive,-57.86,2.5,-2.5,0,1
2013,Nolan & Vinny,13,146,Andre Roberts,WR,9.8,3,,bonus_exclusive,-195.9,2.5,7.3,1,0
2013,Frank & Julian,13,147,Ronnie Hillman,RB,0.0,0,68.2,bonus_exclusive,-121.1,2.5,-2.5,0,1
2013,Team JoeBa,13,148,Martellus Bennett,TE,95.3,10,21.8,bonus_exclusive,32.7,2.5,92.8,1,0
2013,Chris & Dom,13,149,Mike Tolbert,RB,0.0,0,,bonus_exclusive,-121.1,2.5,-2.5,0,1
2013,Pung & Tralie,13,150,Cleveland Browns,DEF,6.0,1,-13.7,bonus_exclusive,-17.0,2.5,3.5,1,0
2013,Rob & GregBo,13,151,Aaron Dobson,WR,14.2,2,17.7,bonus_exclusive,-191.5,2.5,11.7,1,0
2013,Cambrias,13,152,Tampa Bay Buccaneers,DEF,25.0,2,4.5,bonus_exclusive,2.0,2.5,22.5,1,0
2013,LFTLR,13,153,David Akers,K,68.0,8,-18.6,bonus_exclusive,27.0,2.5,65.5,1,0
2013,Antdell & Ernie,13,154,Phil Dawson,K,42.0,5,-8,bonus_exclusive,1.0,2.5,39.5,1,0
2013,Ronnie,13,155,Shonn Greene,RB,0.0,0,20.7,bonus_exclusive,-121.1,2.5,-2.5,0,1
2013,Richie,13,156,Bryce Brown,RB,0.0,0,67.1,bonus_exclusive,-121.1,2.5,-2.5,0,1
2013,Richie,14,157,Randy Bullock,K,40.0,6,-14.3,bonus_exclusive,-1.0,2.5,37.5,1,0
2013,Ronnie,14,158,Sam Bradford,QB,0.0,0,15.3,bonus_exclusive,-57.86,2.5,-2.5,0,1
2013,Antdell & Ernie,14,159,Pittsburgh Steelers,DEF,8.0,1,1.3,bonus_exclusive,-15.0,2.5,5.5,1,0
2013,LFTLR,14,160,Garrett Hartley,K,49.0,8,-8.8,bonus_exclusive,8.0,2.5,46.5,1,0
2013,Cambrias,14,161,Greg Zuerlein,K,72.0,10,-1.2,bonus_exclusive,31.0,2.5,69.5,1,0
2013,Rob & GregBo,14,162,Darrius Heyward-Bey,WR,0.0,0,10.9,bonus_exclusive,-205.7,2.5,-2.5,0,1
2013,Pung & Tralie,14,163,Mason Crosby,K,25.0,3,-9.2,bonus_exclusive,-16.0,2.5,22.5,1,0
2013,Chris & Dom,14,164,Danny Woodhead,RB,113.3,9,72.4,bonus_exclusive,-7.8,2.5,110.8,1,0
2013,Team JoeBa,14,165,Sebastian Janikowski,K,36.0,5,4.4,bonus_exclusive,-5.0,2.5,33.5,1,0
2013,Frank & Julian,14,166,Josh Freeman,QB,0.0,0,18.1,bonus_exclusive,-57.86,2.5,-2.5,0,1
2013,Nolan & Vinny,14,167,Brandon Pettigrew,TE,0.0,0,18.1,bonus_exclusive,-62.6,2.5,-2.5,0,1
2013,GaTTa,14,168,Roy Helu,RB,0.0,0,19,bonus_exclusive,-121.1,2.5,-2.5,0,1
2013,GaTTa,15,169,New York Giants,DEF,0.0,0,,bonus_exclusive,-23.0,4.7,-4.7,0,1
2013,Nolan & Vinny,15,170,Donnie Avery,WR,16.4,2,,bonus_exclusive,-189.3,4.7,11.7,1,0
2013,Frank & Julian,15,171,Rueben Randle,WR,0.0,0,21,bonus_exclusive,-205.7,4.7,-4.7,0,1
2013,Team JoeBa,15,172,Dallas Cowboys,DEF,26.0,1,6.3,bonus_exclusive,3.0,4.7,21.3,1,0
2013,Chris & Dom,15,173,Michael Floyd,WR,0.0,0,42.2,bonus_exclusive,-205.7,4.7,-4.7,0,1
2013,Pung & Tralie,15,174,Tyler Eifert,TE,0.0,0,32,bonus_exclusive,-62.6,4.7,-4.7,0,1
2013,Rob & GregBo,15,175,Alex Henery,K,87.0,11,,bonus_exclusive,46.0,4.7,82.3,1,0
2013,Cambrias,15,176,Fred Davis,TE,0.0,0,43.6,bonus_exclusive,-62.6,4.7,-4.7,0,1
2013,LFTLR,15,177,Minnesota Vikings,DEF,9.0,2,,bonus_exclusive,-14.0,4.7,4.3,1,0
2013,Antdell & Ernie,15,178,Dallas Clark,TE,0.0,0,,bonus_exclusive,-62.6,4.7,-4.7,0,1
2013,Ronnie,15,179,Jacob Tamme,TE,0.0,0,,bonus_exclusive,-62.6,4.7,-4.7,0,1
2013,Richie,15,180,Jermaine Gresham,TE,0.0,0,,bonus_exclusive,-62.6,4.7,-4.7,0,1
2013,Richie,16,181,Daniel Thomas,RB,0.0,0,30,bonus_exclusive,-121.1,0.5,-0.5,0,1
2013,Ronnie,16,182,Isaiah Pead,RB,0.0,0,67,bonus_exclusive,-121.1,0.5,-0.5,0,1
2013,Antdell & Ernie,16,183,Josh Brown,K,44.0,8,,bonus_exclusive,3.0,0.5,43.5,1,0
2013,LFTLR,16,184,Andre Brown,RB,0.0,0,,bonus_exclusive,-121.1,0.5,-0.5,0,1
2013,Cambrias,16,185,Joe Flacco,QB,6.84,1,47.6,bonus_exclusive,-51.02,0.5,6.34,1,0
2013,Rob & GregBo,16,186,Philip Rivers,QB,57.86,3,28.4,bonus_exclusive,0.0,0.5,57.36,1,0
2013,Pung & Tralie,16,187,Alex Smith,QB,48.54,3,34,bonus_exclusive,-9.32,0.5,48.04,1,0
2013,Chris & Dom,16,188,Malcom Floyd,WR,0.0,0,,bonus_exclusive,-205.7,0.5,-0.5,0,1
2013,Team JoeBa,16,189,Dan Bailey,K,45.0,5,18.5,bonus_exclusive,4.0,0.5,44.5,1,0
2013,Frank & Julian,16,190,Justin Forsett,RB,0.0,0,,bonus_exclusive,-121.1,0.5,-0.5,0,1
2013,Nolan & Vinny,16,191,Christian Ponder,QB,0.0,0,,bonus_exclusive,-57.86,0.5,-0.5,0,1
2013,GaTTa,16,192,Andrew Hawkins,WR,0.0,0,,bonus_exclusive,-205.7,0.5,-0.5,0,1
2014,Cambrias,1,1,LeSean McCoy,RB,187.0,15,-1,bonus_exclusive,53.3,216.8,-29.8,0,0
2014,Richie,1,2,Jamaal Charles,RB,217.1,13,-0.5,bonus_exclusive,83.4,216.8,0.3,0,0
2014,LFTLR,1,3,Matt Forte,RB,47.1,3,-1.2,bonus_exclusive,-86.6,216.8,-169.7,0,1
2014,Ronnie,1,4,Peyton Manning,QB,301.54,14,-6.4,bonus_exclusive,205.72,216.8,84.74,0,0
2014,Nolan & Vinny,1,5,Adrian Peterson,RB,11.3,1,,bonus_exclusive,-122.4,216.8,-205.5,0,1
2014,Pung & Tralie,1,6,Drew Brees,QB,282.52,14,-13.1,bonus_exclusive,186.7,216.8,65.72,0,0
2014,Rob & GregBo,1,7,Aaron Rodgers,QB,301.82,14,-15.2,bonus_exclusive,206.0,216.8,85.02,0,0
2014,GaTTa,1,8,Jimmy Graham,TE,218.5,14,0.2,bonus_exclusive,170.4,216.8,1.7,0,0
2014,Antdell & Ernie,1,9,Marshawn Lynch,RB,260.3,14,-6.9,bonus_exclusive,126.6,216.8,43.5,0,0
2014,Chris & Dom,1,10,Eddie Lacy,RB,238.1,13,3.8,bonus_exclusive,104.4,216.8,21.3,0,0
2014,Team JoeBa,1,11,Calvin Johnson,WR,206.8,13,6.9,bonus_exclusive,11.1,216.8,-10.0,0,0
2014,Frank & Julian,1,12,Demaryius Thomas,WR,302.9,14,5.3,bonus_exclusive,107.2,216.8,86.1,0,0
2014,Frank & Julian,2,13,Julio Jones,WR,269.9,14,-0.3,bonus_exclusive,74.2,164.35,105.55,1,0
2014,Team JoeBa,2,14,A.J. Green,WR,191.1,12,2.5,bonus_exclusive,-4.6,164.35,26.75,0,0
2014,Chris & Dom,2,15,Dez Bryant,WR,271.8,14,5.9,bonus_exclusive,76.1,164.35,107.45,1,0
2014,Antdell & Ernie,2,16,Arian Foster,RB,263.2,14,-9.8,bonus_exclusive,129.5,164.35,98.85,1,0
2014,GaTTa,2,17,Brandon Marshall,WR,151.3,12,3.1,bonus_exclusive,-44.4,164.35,-13.05,0,0
2014,Rob & GregBo,2,18,Montee Ball,RB,36.4,4,7.6,bonus_exclusive,-97.3,164.35,-127.95,0,1
2014,Pung & Tralie,2,19,Randall Cobb,WR,246.7,14,-6,bonus_exclusive,51.0,164.35,82.35,1,0
2014,Nolan & Vinny,2,20,Jordy Nelson,WR,278.7,14,2.2,bonus_exclusive,83.0,164.35,114.35,1,0
2014,Ronnie,2,21,Giovani Bernard,RB,148.6,10,4.3,bonus_exclusive,14.9,164.35,-15.75,0,0
2014,LFTLR,2,22,Doug Martin,RB,18.8,4,1.1,bonus_exclusive,-114.9,164.35,-145.55,0,1
2014,Richie,2,23,Antonio Brown,WR,336.4,14,4.6,bonus_exclusive,140.7,164.35,172.05,1,0
2014,Cambrias,2,24,DeMarco Murray,RB,330.0,15,9.8,bonus_exclusive,196.3,164.35,165.65,1,0
2014,Cambrias,3,25,Julius Thomas,TE,163.9,13,-1.2,bonus_exclusive,115.8,138.2,25.7,0,0
2014,Richie,3,26,Andrew Luck,QB,313.38,14,-29.2,bonus_exclusive,217.56,138.2,175.18,1,0
2014,LFTLR,3,27,Alshon Jeffery,WR,12.1,1,5.1,bonus_exclusive,-183.6,138.2,-126.1,0,1
2014,Ronnie,3,28,T.Y. Hilton,WR,223.5,13,-27.2,bonus_exclusive,27.8,138.2,85.3,1,0
2014,Nolan & Vinny,3,29,Matthew Stafford,QB,185.86,13,-19.4,bonus_exclusive,90.04,138.2,47.66,0,0
2014,Pung & Tralie,3,30,Julian Edelman,WR,228.6,14,-18.3,bonus_exclusive,32.9,138.2,90.4,1,0
2014,Rob & GregBo,3,31,Keenan Allen,WR,175.0,14,3,bonus_exclusive,-20.7,138.2,36.8,0,0
2014,GaTTa,3,32,Rob Gronkowski,TE,266.4,15,2.3,bonus_exclusive,218.3,138.2,128.2,1,0
2014,Antdell & Ernie,3,33,Roddy White,WR,195.7,13,-0.1,bonus_exclusive,0.0,138.2,57.5,0,0
2014,Chris & Dom,3,34,Zac Stacy,RB,33.0,3,1.5,bonus_exclusive,-100.7,138.2,-105.2,0,1
2014,Team JoeBa,3,35,Andre Ellington,RB,166.5,14,12.5,bonus_exclusive,32.8,138.2,28.3,0,0
2014,Frank & Julian,3,36,Reggie Bush,RB,68.0,7,2.7,bonus_exclusive,-65.7,138.2,-70.2,0,1
2014,Frank & Julian,4,37,Rashad Jennings,RB,71.5,5,-1.4,bonus_exclusive,-62.2,123.0,-51.5,0,0
2014,Team JoeBa,4,38,Alfred Morris,RB,179.7,16,3.8,bonus_exclusive,46.0,123.0,56.7,0,0
2014,Chris & Dom,4,39,Andre Johnson,WR,126.7,11,2.6,bonus_exclusive,-69.0,123.0,3.7,0,0
2014,Antdell & Ernie,4,40,Nick Foles,QB,119.32,8,-33.9,bonus_exclusive,23.5,123.0,-3.68,0,0
2014,GaTTa,4,41,Percy Harvin,WR,59.1,6,-3.2,bonus_exclusive,-136.6,123.0,-63.9,0,1
2014,Rob & GregBo,4,42,Larry Fitzgerald,WR,38.9,4,0,bonus_exclusive,-156.8,123.0,-84.1,0,1
2014,Pung & Tralie,4,43,Vincent Jackson,WR,36.8,4,8.3,bonus_exclusive,-158.9,123.0,-86.2,0,1
2014,Nolan & Vinny,4,44,Cordarrelle Patterson,RB,53.1,6,,bonus_exclusive,-80.6,123.0,-69.9,0,1
2014,Ronnie,4,45,Le'Veon Bell,RB,307.0,14,14.6,bonus_exclusive,173.3,123.0,184.0,1,0
2014,LFTLR,4,46,Vernon Davis,TE,48.1,10,-16.8,bonus_exclusive,0.0,123.0,-74.9,0,1
2014,Richie,4,47,Joique Bell,RB,131.4,10,1.1,bonus_exclusive,-2.3,123.0,8.4,0,0
2014,Cambrias,4,48,Pierre Garcon,WR,85.5,7,7.6,bonus_exclusive,-110.2,123.0,-37.5,0,0
2014,Cambrias,5,49,Victor Cruz,WR,62.7,6,5.2,bonus_exclusive,-133.0,94.1,-31.4,0,0
2014,Richie,5,50,Marques Colston,WR,96.7,9,-15.4,bonus_exclusive,-99.0,94.1,2.6,0,0
2014,LFTLR,5,51,Tom Brady,QB,32.88,3,-10.4,bonus_exclusive,-62.94,94.1,-61.22,0,1
2014,Ronnie,5,52,Trent Richardson,RB,19.9,1,-21.2,bonus_exclusive,-113.8,94.1,-74.2,0,1
2014,Nolan & Vinny,5,53,C.J. Spiller,RB,63.6,7,10.9,bonus_exclusive,-70.1,94.1,-30.5,0,0
2014,Pung & Tralie,5,54,Shane Vereen,RB,108.5,9,25.5,bonus_exclusive,-25.2,94.1,14.4,0,0
2014,Rob & GregBo,5,55,Frank Gore,RB,135.5,14,,bonus_exclusive,1.8,94.1,41.4,0,0
2014,GaTTa,5,56,Danny Woodhead,RB,2.1,1,-14,bonus_exclusive,-131.6,94.1,-92.0,0,1
2014,Antdell & Ernie,5,57,Jason Witten,TE,25.2,4,-9.6,bonus_exclusive,-22.9,94.1,-68.9,0,1
2014,Chris & Dom,5,58,Ben Tate,RB,41.8,4,-0.3,bonus_exclusive,-91.9,94.1,-52.3,0,1
2014,Team JoeBa,5,59,Matt Ryan,QB,252.1,13,-8.6,bonus_exclusive,156.28,94.1,158.0,1,0
2014,Frank & Julian,5,60,Seattle Seahawks,DEF,110.0,14,-30.5,bonus_exclusive,107.0,94.1,15.9,0,0
2014,Frank & Julian,6,61,Jordan Cameron,TE,14.5,3,10,bonus_exclusive,-33.6,74.45,-59.95,0,1
2014,Team JoeBa,6,62,Jordan Reed,TE,76.3,10,-19.4,bonus_exclusive,28.2,74.45,1.85,0,0
2014,Chris & Dom,6,63,Greg Olsen,TE,213.0,14,-25.2,bonus_exclusive,164.9,74.45,138.55,1,0
2014,Antdell & Ernie,6,64,Los Angeles Rams,DEF,70.0,7,,bonus_exclusive,67.0,74.45,-4.45,0,0
2014,GaTTa,6,65,Darren Sproles,RB,107.3,8,-12.6,bonus_exclusive,-26.4,74.45,32.85,0,0
2014,Rob & GregBo,6,66,Dennis Pitta,TE,28.5,3,-25.4,bonus_exclusive,-19.6,74.45,-45.95,0,1
2014,Pung & Tralie,6,67,Chris Johnson,RB,23.2,2,7,bonus_exclusive,-110.5,74.45,-51.25,0,1
2014,Nolan & Vinny,6,68,Kyle Rudolph,TE,34.3,5,-5.2,bonus_exclusive,-13.8,74.45,-40.15,0,1
2014,Ronnie,6,69,Emmanuel Sanders,WR,277.6,14,28.5,bonus_exclusive,81.9,74.45,203.15,1,0
2014,LFTLR,6,70,DeSean Jackson,WR,176.4,15,8.3,bonus_exclusive,-19.3,74.45,101.95,1,0
2014,Richie,6,71,Michael Crabtree,WR,75.9,6,21.2,bonus_exclusive,-119.8,74.45,1.45,0,0
2014,Cambrias,6,72,Ray Rice,RB,0.0,0,19.4,bonus_exclusive,-133.7,74.45,-74.45,0,1
2014,Cambrias,7,73,Jeremy Maclin,WR,34.2,2,8.7,bonus_exclusive,-161.5,53.8,-19.6,0,0
2014,Richie,7,74,Martellus Bennett,TE,130.8,10,-43.4,bonus_exclusive,82.7,53.8,77.0,1,0
2014,LFTLR,7,75,Toby Gerhart,RB,19.7,3,32.2,bonus_exclusive,-114.0,53.8,-34.1,0,1
2014,Ronnie,7,76,Levine Toilolo,TE,20.6,3,,bonus_exclusive,-27.5,53.8,-33.2,0,1
2014,Nolan & Vinny,7,77,Mike Wallace,WR,148.2,11,0.9,bonus_exclusive,-47.5,53.8,94.4,1,0
2014,Pung & Tralie,7,78,Michael Floyd,WR,1.7,1,31.7,bonus_exclusive,-194.0,53.8,-52.1,0,1
2014,Rob & GregBo,7,79,Kendall Wright,WR,34.3,3,17.2,bonus_exclusive,-161.4,53.8,-19.5,0,0
2014,GaTTa,7,80,Jay Cutler,QB,89.74,6,-1.8,bonus_exclusive,-6.08,53.8,35.94,1,0
2014,Antdell & Ernie,7,81,Golden Tate,WR,161.3,9,7.6,bonus_exclusive,-34.4,53.8,107.5,1,0
2014,Chris & Dom,7,82,Torrey Smith,WR,28.5,4,25.6,bonus_exclusive,-167.2,53.8,-25.3,0,0
2014,Team JoeBa,7,83,Terrance Williams,WR,68.8,5,-3.4,bonus_exclusive,-126.9,53.8,15.0,0,0
2014,Frank & Julian,7,84,Ryan Mathews,RB,0.0,0,33.2,bonus_exclusive,-133.7,53.8,-53.8,0,1
2014,Frank & Julian,8,85,Kelvin Benjamin,TE,96.8,7,,bonus_exclusive,48.7,37.35,59.45,1,0
2014,Team JoeBa,8,86,Carolina Panthers,DEF,49.0,11,-23.7,bonus_exclusive,46.0,37.35,11.65,0,0
2014,Chris & Dom,8,87,Colin Kaepernick,QB,95.82,6,-16.6,bonus_exclusive,0.0,37.35,58.47,1,0
2014,Antdell & Ernie,8,88,Zach Ertz,TE,127.7,14,-9.5,bonus_exclusive,79.6,37.35,90.35,1,0
2014,GaTTa,8,89,Philip Rivers,QB,179.96,10,-13.3,bonus_exclusive,84.14,37.35,142.61,1,0
2014,Rob & GregBo,8,90,Steven Jackson,RB,46.0,6,3.1,bonus_exclusive,-87.7,37.35,8.65,0,0
2014,Pung & Tralie,8,91,Brandin Cooks,WR,34.9,3,18.2,bonus_exclusive,-160.8,37.35,-2.45,0,0
2014,Nolan & Vinny,8,92,Mike Evans,WR,56.9,2,-7.4,bonus_exclusive,-138.8,37.35,19.55,1,0
2014,Ronnie,8,93,Eric Decker,WR,44.6,4,9.7,bonus_exclusive,-151.1,37.35,7.25,0,0
2014,LFTLR,8,94,Hakeem Nicks,WR,0.6,1,-21,bonus_exclusive,-195.1,37.35,-36.75,0,1
2014,Richie,8,95,Denver Broncos,DEF,39.0,8,-34.5,bonus_exclusive,36.0,37.35,1.65,0,0
2014,Cambrias,8,96,Cam Newton,QB,31.26,2,1.5,bonus_exclusive,-64.56,37.35,-6.09,0,0
2014,Cambrias,9,97,Wes Welker,WR,28.6,3,27.9,bonus_exclusive,-167.1,28.95,-0.35,0,0
2014,Richie,9,98,Riley Cooper,WR,0.0,0,-2.9,bonus_exclusive,-195.7,28.95,-28.95,0,1
2014,LFTLR,9,99,Coby Fleener,TE,0.0,0,,bonus_exclusive,-48.1,28.95,-28.95,0,1
2014,Ronnie,9,100,Sammy Watkins,WR,95.5,9,-4.9,bonus_exclusive,-100.2,28.95,66.55,1,0
2014,Nolan & Vinny,9,101,Knowshon Moreno,RB,0.4,1,15.3,bonus_exclusive,-133.3,28.95,-28.55,0,1
2014,Pung & Tralie,9,102,Maurice Jones-Drew,RB,0.0,0,29,bonus_exclusive,-133.7,28.95,-28.95,0,1
2014,Rob & GregBo,9,103,Dwayne Bowe,WR,7.0,1,-5.2,bonus_exclusive,-188.7,28.95,-21.95,0,1
2014,GaTTa,9,104,Danny Amendola,WR,0.0,0,-9,bonus_exclusive,-195.7,28.95,-28.95,0,1
2014,Antdell & Ernie,9,105,Reggie Wayne,WR,121.2,12,25.1,bonus_exclusive,-74.5,28.95,92.25,1,0
2014,Chris & Dom,9,106,Cincinnati Bengals,DEF,49.0,9,-22.4,bonus_exclusive,46.0,28.95,20.05,1,0
2014,Team JoeBa,9,107,Pierre Thomas,RB,26.2,3,52,bonus_exclusive,-107.5,28.95,-2.75,0,0
2014,Frank & Julian,9,108,Tony Romo,QB,183.08,11,22.5,bonus_exclusive,87.26,28.95,154.13,1,0
2014,Frank & Julian,10,109,DeAndre Hopkins,WR,73.0,4,0,bonus_exclusive,-122.7,26.75,46.25,1,0
2014,Team JoeBa,10,110,Charles Clay,TE,40.0,5,-20.1,bonus_exclusive,-8.1,26.75,13.25,0,0
2014,Chris & Dom,10,111,Anquan Boldin,WR,43.3,3,-4.3,bonus_exclusive,-152.4,26.75,16.55,1,0
2014,Antdell & Ernie,10,112,Andy Dalton,QB,60.38,5,-10.6,bonus_exclusive,-35.44,26.75,33.63,1,0
2014,GaTTa,10,113,Stevan Ridley,RB,7.1,1,11.4,bonus_exclusive,-126.6,26.75,-19.65,0,1
2014,Rob & GregBo,10,114,San Francisco 49ers,DEF,119.0,14,-4.3,bonus_exclusive,116.0,26.75,92.25,1,0
2014,Pung & Tralie,10,115,Eric Ebron,TE,0.0,0,-41,bonus_exclusive,-48.1,26.75,-26.75,0,1
2014,Nolan & Vinny,10,116,Jordan Matthews,TE,0.0,0,,bonus_exclusive,-48.1,26.75,-26.75,0,1
2014,Ronnie,10,117,Chicago Bears,DEF,3.0,1,,bonus_exclusive,0.0,26.75,-23.75,0,1
2014,LFTLR,10,118,Mason Crosby,K,134.0,15,-42.8,bonus_exclusive,134.0,26.75,107.25,1,0
2014,Richie,10,119,Travis Kelce,TE,69.1,8,-27.2,bonus_exclusive,21.0,26.75,42.35,1,0
2014,Cambrias,10,120,Russell Wilson,QB,281.18,13,13.9,bonus_exclusive,185.36,26.75,254.43,1,0
2014,Cambrias,11,121,New England Patriots,DEF,102.0,10,-0.5,bonus_exclusive,99.0,15.1,86.9,1,0
2014,Richie,11,122,DeAngelo Williams,RB,3.4,1,5.6,bonus_exclusive,-130.3,15.1,-11.7,0,1
2014,LFTLR,11,123,Arizona Cardinals,DEF,17.0,3,-20.1,bonus_exclusive,14.0,15.1,1.9,0,0
2014,Ronnie,11,124,Justin Hunter,WR,0.0,0,29,bonus_exclusive,-195.7,15.1,-15.1,0,1
2014,Nolan & Vinny,11,125,Steven Hauschka,K,130.0,14,-25.9,bonus_exclusive,130.0,15.1,114.9,1,0
2014,Pung & Tralie,11,126,Bishop Sankey,RB,0.0,0,59.9,bonus_exclusive,-133.7,15.1,-15.1,0,1
2014,Rob & GregBo,11,127,Jeremy Hill,RB,108.0,6,30.8,bonus_exclusive,-25.7,15.1,92.9,1,0
2014,GaTTa,11,128,Fred Jackson,RB,82.1,6,47.1,bonus_exclusive,-51.6,15.1,67.0,1,0
2014,Antdell & Ernie,11,129,Lamar Miller,RB,133.7,10,41.3,bonus_exclusive,0.0,15.1,118.6,1,0
2014,Chris & Dom,11,130,Justin Tucker,K,132.0,14,-26,bonus_exclusive,132.0,15.1,116.9,1,0
2014,Team JoeBa,11,131,Robert Griffin III,QB,30.54,3,,bonus_exclusive,-65.28,15.1,15.44,1,0
2014,Frank & Julian,11,132,Kansas City Chiefs,DEF,0.0,0,-12.7,bonus_exclusive,-3.0,15.1,-15.1,0,1
2014,Frank & Julian,12,133,Phil Dawson,K,110.0,15,-31.8,bonus_exclusive,110.0,15.38,94.62,1,0
2014,Team JoeBa,12,134,Cecil Shorts,WR,52.06,8,9.8,bonus_exclusive,-143.64,15.38,36.68,1,0
2014,Chris & Dom,12,135,Andre Williams,RB,0.0,0,21.6,bonus_exclusive,-133.7,15.38,-15.38,0,1
2014,Antdell & Ernie,12,136,Adam Vinatieri,K,144.0,15,-32.7,bonus_exclusive,144.0,15.38,128.62,1,0
2014,GaTTa,12,137,Matt Bryant,K,55.0,7,-30.9,bonus_exclusive,55.0,15.38,39.62,1,0
2014,Rob & GregBo,12,138,Steve Smith,WR,129.5,11,17,bonus_exclusive,-66.2,15.38,114.12,1,0
2014,Pung & Tralie,12,139,Carson Palmer,QB,0.0,0,5.3,bonus_exclusive,-95.82,15.38,-15.38,0,1
2014,Nolan & Vinny,12,140,Houston Texans,DEF,150.0,14,,bonus_exclusive,147.0,15.38,134.62,1,0
2014,Ronnie,12,141,Ladarius Green,TE,0.0,0,3.9,bonus_exclusive,-48.1,15.38,-15.38,0,1
2014,LFTLR,12,142,Matt Prater,K,0.0,0,-28.4,bonus_exclusive,0.0,15.38,-15.38,0,1
2014,Richie,12,143,Jerricho Cotchery,WR,0.0,0,,bonus_exclusive,-195.7,15.38,-15.38,0,1
2014,Cambrias,12,144,Tim Wright,TE,0.0,0,-10.7,bonus_exclusive,-48.1,15.38,-15.38,0,1
2014,Cambrias,13,145,Kenny Britt,WR,0.0,0,12.3,bonus_exclusive,-195.7,2.5,-2.5,0,1
2014,Richie,13,146,Nick Folk,K,37.0,5,,bonus_exclusive,37.0,2.5,34.5,1,0
2014,LFTLR,13,147,Philadelphia Eagles,DEF,0.0,0,,bonus_exclusive,-3.0,2.5,-2.5,0,1
2014,Ronnie,13,148,Devonta Freeman,RB,0.0,0,45.1,bonus_exclusive,-133.7,2.5,-2.5,0,1
2014,Nolan & Vinny,13,149,Bernard Pierce,RB,0.0,0,54.5,bonus_exclusive,-133.7,2.5,-2.5,0,1
2014,Pung & Tralie,13,150,Miles Austin,WR,0.0,0,-11.5,bonus_exclusive,-195.7,2.5,-2.5,0,1
2014,Rob & GregBo,13,151,Cody Parkey,K,150.0,14,,bonus_exclusive,150.0,2.5,147.5,1,0
2014,GaTTa,13,152,New York Jets,DEF,8.0,2,-12.6,bonus_exclusive,5.0,2.5,5.5,1,0
2014,Antdell & Ernie,13,153,Shonn Greene,RB,7.1,1,13.9,bonus_exclusive,-126.6,2.5,4.6,1,0
2014,Chris & Dom,13,154,Kenny Stills,WR,0.0,0,16.5,bonus_exclusive,-195.7,2.5,-2.5,0,1
2014,Team JoeBa,13,155,Blair Walsh,K,116.0,16,-14.9,bonus_exclusive,116.0,2.5,113.5,1,0
2014,Frank & Julian,13,156,Carlos Hyde,RB,11.0,1,64.5,bonus_exclusive,-122.7,2.5,8.5,1,0
2014,Frank & Julian,14,157,Markus Wheaton,WR,7.3,1,38,bonus_exclusive,-188.4,2.5,4.8,1,0
2014,Team JoeBa,14,158,New Orleans Saints,DEF,0.0,0,-3,bonus_exclusive,-3.0,2.5,-2.5,0,1
2014,Chris & Dom,14,159,Alex Smith,QB,0.0,0,,bonus_exclusive,-95.82,2.5,-2.5,0,1
2014,Antdell & Ernie,14,160,Aaron Dobson,WR,0.0,0,8.3,bonus_exclusive,-195.7,2.5,-2.5,0,1
2014,GaTTa,14,161,Jarrett Boykin,WR,1.6,1,34,bonus_exclusive,-194.1,2.5,-0.9,0,0
2014,Rob & GregBo,14,162,Joe Flacco,QB,0.0,0,0.5,bonus_exclusive,-95.82,2.5,-2.5,0,1
2014,Pung & Tralie,14,163,Baltimore Ravens,DEF,1.0,1,,bonus_exclusive,-2.0,2.5,-1.5,0,1
2014,Nolan & Vinny,14,164,Chris Ivory,RB,0.0,0,21.6,bonus_exclusive,-133.7,2.5,-2.5,0,1
2014,Ronnie,14,165,Kenbrell Thompkins,WR,0.0,0,6.4,bonus_exclusive,-195.7,2.5,-2.5,0,1
2014,LFTLR,14,166,Harry Douglas,WR,0.0,0,,bonus_exclusive,-195.7,2.5,-2.5,0,1
2014,Richie,14,167,Donald Brown,RB,0.0,0,,bonus_exclusive,-133.7,2.5,-2.5,0,1
2014,Cambrias,14,168,James Jones,WR,0.0,0,9.6,bonus_exclusive,-195.7,2.5,-2.5,0,1
2014,Cambrias,15,169,Mark Ingram,RB,0.0,0,69.5,bonus_exclusive,-133.7,4.7,-4.7,0,1
2014,Richie,15,170,Johnny Manziel,QB,0.0,0,,bonus_exclusive,-95.82,4.7,-4.7,0,1
2014,LFTLR,15,171,Jermaine Kearse,WR,0.0,0,,bonus_exclusive,-195.7,4.7,-4.7,0,1
2014,Ronnie,15,172,Eli Manning,QB,32.1,1,,bonus_exclusive,-63.72,4.7,27.4,1,0
2014,Nolan & Vinny,15,173,Cole Beasley,WR,0.0,0,,bonus_exclusive,-195.7,4.7,-4.7,0,1
2014,Pung & Tralie,15,174,Heath Miller,TE,11.1,2,35.9,bonus_exclusive,-37.0,4.7,6.4,1,0
2014,Rob & GregBo,15,175,Rueben Randle,WR,72.2,6,74.1,bonus_exclusive,-123.5,4.7,67.5,1,0
2014,GaTTa,15,176,Marqise Lee,WR,0.0,0,32.4,bonus_exclusive,-195.7,4.7,-4.7,0,1
2014,Antdell & Ernie,15,177,Tampa Bay Buccaneers,DEF,7.0,1,10.4,bonus_exclusive,4.0,4.7,2.3,0,0
2014,Chris & Dom,15,178,Antonio Gates,TE,111.8,10,23.9,bonus_exclusive,63.7,4.7,107.1,1,0
2014,Team JoeBa,15,179,Malcom Floyd,WR,0.0,0,,bonus_exclusive,-195.7,4.7,-4.7,0,1
2014,Frank & Julian,15,180,Blake Bortles,QB,19.24,1,,bonus_exclusive,-76.58,4.7,14.54,1,0
2014,Frank & Julian,16,181,Dwayne Allen,TE,58.9,7,,bonus_exclusive,10.8,0.5,58.4,1,0
2014,Team JoeBa,16,182,Jacquizz Rodgers,RB,0.0,0,,bonus_exclusive,-133.7,0.5,-0.5,0,1
2014,Chris & Dom,16,183,Cleveland Browns,DEF,2.0,1,18.3,bonus_exclusive,-1.0,0.5,1.5,1,0
2014,Antdell & Ernie,16,184,Greg Jennings,WR,0.0,0,50.8,bonus_exclusive,-195.7,0.5,-0.5,0,1
2014,GaTTa,16,185,Odell Beckham,WR,241.3,9,,bonus_exclusive,45.6,0.5,240.8,1,0
2014,Rob & GregBo,16,186,Brent Celek,TE,0.0,0,,bonus_exclusive,-48.1,0.5,-0.5,0,1
2014,Pung & Tralie,16,187,Mike Nugent,K,0.0,0,,bonus_exclusive,0.0,0.5,-0.5,0,1
2014,Nolan & Vinny,16,188,Josh McCown,QB,0.0,0,34.6,bonus_exclusive,-95.82,0.5,-0.5,0,1
2014,Ronnie,16,189,Stephen Gostkowski,K,149.0,14,44.2,bonus_exclusive,149.0,0.5,148.5,1,0
2014,LFTLR,16,190,Ben Roethlisberger,QB,185.7,9,61.6,bonus_exclusive,89.88,0.5,185.2,1,0
2014,Richie,16,191,Brian Hartline,WR,1.0,1,54.6,bonus_exclusive,-194.7,0.5,0.5,1,0
2014,Cambrias,16,192,Dan Bailey,K,135.0,15,31.1,bonus_exclusive,135.0,0.5,134.5,1,0
2015,Frank & Julian,1,1,Le'Veon Bell,RB,111.2,6,-2.1,bonus_exclusive,-23.7,216.8,-105.6,0,0
2015,Rob & GregBo,1,2,Jamaal Charles,RB,101.1,5,-2.5,bonus_exclusive,-33.8,216.8,-115.7,0,1
2015,LFTLR,1,3,Antonio Brown,WR,127.7,7,0.5,bonus_exclusive,-79.2,216.8,-89.1,0,0
2015,Team JoeBa,1,4,Adrian Peterson,RB,246.9,15,,bonus_exclusive,112.0,216.8,30.1,0,0
2015,Pung & Tralie,1,5,Andrew Luck,QB,130.84,7,-11.9,bonus_exclusive,58.5,216.8,-85.96,0,0
2015,Richie,1,6,Julio Jones,WR,345.2,15,-0.2,bonus_exclusive,138.3,216.8,128.4,1,0
2015,Nolan & Vinny,1,7,Eddie Lacy,RB,107.1,12,3,bonus_exclusive,-27.8,216.8,-109.7,0,1
2015,Antdell & Ernie,1,8,Matt Forte,RB,188.4,11,-5.7,bonus_exclusive,53.5,216.8,-28.4,0,0
2015,Ronnie,1,9,Aaron Rodgers,QB,228.42,12,-18.1,bonus_exclusive,156.08,216.8,11.62,0,0
2015,Cambrias,1,10,Odell Beckham,WR,254.6,12,-1.4,bonus_exclusive,47.7,216.8,37.8,0,0
2015,GaTTa,1,11,Dez Bryant,WR,9.8,1,3.4,bonus_exclusive,-197.1,216.8,-207.0,0,1
2015,Chris & Dom,1,12,Demaryius Thomas,WR,227.2,14,2.9,bonus_exclusive,20.3,216.8,10.4,0,0
2015,Chris & Dom,2,13,Rob Gronkowski,TE,233.1,13,2.7,bonus_exclusive,177.0,164.35,68.75,0,0
2015,GaTTa,2,14,Russell Wilson,QB,68.86,4,-54.7,bonus_exclusive,-3.48,164.35,-95.49,0,1
2015,Cambrias,2,15,DeMarco Murray,RB,144.2,9,-2.6,bonus_exclusive,9.3,164.35,-20.15,0,0
2015,Ronnie,2,16,Ameer Abdullah,RB,42.3,5,-25.5,bonus_exclusive,-92.6,164.35,-122.05,0,1
2015,Antdell & Ernie,2,17,C.J. Anderson,RB,16.4,3,6.3,bonus_exclusive,-118.5,164.35,-147.95,0,1
2015,Nolan & Vinny,2,18,Randall Cobb,WR,188.2,14,2.1,bonus_exclusive,-18.7,164.35,23.85,0,0
2015,Richie,2,19,Justin Forsett,RB,122.4,10,-0.3,bonus_exclusive,-12.5,164.35,-41.95,0,0
2015,Pung & Tralie,2,20,Calvin Johnson,WR,214.0,14,6.9,bonus_exclusive,7.1,164.35,49.65,0,0
2015,Team JoeBa,2,21,Alshon Jeffery,WR,158.7,10,-5.1,bonus_exclusive,-48.2,164.35,-5.65,0,0
2015,LFTLR,2,22,A.J. Green,WR,235.1,14,5.3,bonus_exclusive,28.2,164.35,70.75,0,0
2015,Rob & GregBo,2,23,Ryan Tannehill,QB,126.9,8,-66.1,bonus_exclusive,54.56,164.35,-37.45,0,0
2015,Frank & Julian,2,24,Matthew Stafford,QB,81.98,5,-70.6,bonus_exclusive,9.64,164.35,-82.37,0,1
2015,Frank & Julian,3,25,Jeremy Hill,RB,129.0,12,10.6,bonus_exclusive,-5.9,138.2,-9.2,0,0
2015,Rob & GregBo,3,26,Jonathan Stewart,RB,145.1,11,-27,bonus_exclusive,10.2,138.2,6.9,0,0
2015,LFTLR,3,27,Jimmy Graham,TE,120.5,11,-6.5,bonus_exclusive,64.4,138.2,-17.7,0,0
2015,Team JoeBa,3,28,LeSean McCoy,RB,178.7,13,3.6,bonus_exclusive,43.8,138.2,40.5,0,0
2015,Pung & Tralie,3,29,Emmanuel Sanders,WR,196.8,13,-2.9,bonus_exclusive,-10.1,138.2,58.6,0,0
2015,Richie,3,30,DeAndre Hopkins,WR,315.2,15,1.3,bonus_exclusive,108.3,138.2,177.0,1,0
2015,Nolan & Vinny,3,31,Ben Roethlisberger,QB,172.9,9,-32.8,bonus_exclusive,100.56,138.2,34.7,0,0
2015,Antdell & Ernie,3,32,Jordan Matthews,TE,206.3,15,,bonus_exclusive,150.2,138.2,68.1,0,0
2015,Ronnie,3,33,Marshawn Lynch,RB,70.7,7,24.4,bonus_exclusive,-64.2,138.2,-67.5,0,0
2015,Cambrias,3,34,Davante Adams,WR,18.2,3,-0.6,bonus_exclusive,-188.7,138.2,-120.0,0,1
2015,GaTTa,3,35,Jeremy Maclin,WR,185.4,11,-3.8,bonus_exclusive,-21.5,138.2,47.2,0,0
2015,Chris & Dom,3,36,Mark Ingram,RB,203.4,12,5,bonus_exclusive,68.5,138.2,65.2,0,0
2015,Chris & Dom,4,37,Tom Brady,QB,321.4,14,-30,bonus_exclusive,249.06,123.0,198.4,1,0
2015,GaTTa,4,38,Frank Gore,RB,21.9,3,,bonus_exclusive,-113.0,123.0,-101.1,0,1
2015,Cambrias,4,39,Greg Olsen,TE,215.6,14,-6.1,bonus_exclusive,159.5,123.0,92.6,1,0
2015,Ronnie,4,40,Amari Cooper,WR,206.9,14,-0.8,bonus_exclusive,0.0,123.0,83.9,1,0
2015,Antdell & Ernie,4,41,Lamar Miller,RB,210.5,13,18.7,bonus_exclusive,75.6,123.0,87.5,1,0
2015,Nolan & Vinny,4,42,Latavius Murray,RB,172.5,14,8.8,bonus_exclusive,37.6,123.0,49.5,0,0
2015,Richie,4,43,Drew Brees,QB,72.34,4,-13.8,bonus_exclusive,0.0,123.0,-50.66,0,0
2015,Pung & Tralie,4,44,Melvin Gordon,RB,31.1,5,-7.8,bonus_exclusive,-103.8,123.0,-91.9,0,1
2015,Team JoeBa,4,45,Keenan Allen,WR,163.5,8,-3.7,bonus_exclusive,-43.4,123.0,40.5,0,0
2015,LFTLR,4,46,Sam Bradford,QB,37.5,4,-36.1,bonus_exclusive,-34.84,123.0,-85.5,0,1
2015,Rob & GregBo,4,47,Brandin Cooks,WR,207.2,13,26.4,bonus_exclusive,0.3,123.0,84.2,1,0
2015,Frank & Julian,4,48,T.Y. Hilton,WR,185.8,14,25.2,bonus_exclusive,-21.1,123.0,62.8,1,0
2015,Frank & Julian,5,49,Golden Tate,WR,158.4,13,5.5,bonus_exclusive,-48.5,94.1,64.3,1,0
2015,Rob & GregBo,5,50,Mike Evans,WR,186.6,13,20,bonus_exclusive,-20.3,94.1,92.5,1,0
2015,LFTLR,5,51,Doug Martin,RB,122.4,10,13,bonus_exclusive,-12.5,94.1,28.3,0,0
2015,Team JoeBa,5,52,Peyton Manning,QB,58.96,5,-2.9,bonus_exclusive,-13.38,94.1,-35.14,0,0
2015,Pung & Tralie,5,53,Alfred Morris,RB,23.2,3,4.8,bonus_exclusive,-111.7,94.1,-70.9,0,1
2015,Richie,5,54,Giovani Bernard,RB,165.7,14,-21.5,bonus_exclusive,30.8,94.1,71.6,1,0
2015,Nolan & Vinny,5,55,Travis Kelce,TE,171.2,14,4.4,bonus_exclusive,115.1,94.1,77.1,1,0
2015,Antdell & Ernie,5,56,Andre Johnson,WR,6.4,1,18.3,bonus_exclusive,-200.5,94.1,-87.7,0,1
2015,Ronnie,5,57,Jarvis Landry,WR,243.46,14,20.4,bonus_exclusive,36.56,94.1,149.36,1,0
2015,Cambrias,5,58,Brandon Marshall,WR,273.7,13,7.5,bonus_exclusive,66.8,94.1,179.6,1,0
2015,GaTTa,5,59,Nelson Agholor,WR,0.0,0,2.4,bonus_exclusive,-206.9,94.1,-94.1,0,1
2015,Chris & Dom,5,60,Andre Ellington,RB,12.6,1,16.3,bonus_exclusive,-122.3,94.1,-81.5,0,1
2015,Chris & Dom,6,61,Sammy Watkins,WR,59.5,4,-1.5,bonus_exclusive,-147.4,74.45,-14.95,0,0
2015,GaTTa,6,62,Zach Ertz,TE,69.1,10,-64.2,bonus_exclusive,13.0,74.45,-5.35,0,0
2015,Cambrias,6,63,Chris Ivory,RB,82.2,5,15.4,bonus_exclusive,-52.7,74.45,7.75,0,0
2015,Ronnie,6,64,Delanie Walker,TE,124.0,7,-34,bonus_exclusive,67.9,74.45,49.55,1,0
2015,Antdell & Ernie,6,65,Matt Ryan,QB,143.38,9,-13.2,bonus_exclusive,71.04,74.45,68.93,1,0
2015,Nolan & Vinny,6,66,Charles Johnson,WR,4.7,1,4.4,bonus_exclusive,-202.2,74.45,-69.75,0,1
2015,Richie,6,67,Jason Witten,TE,105.5,10,-16.7,bonus_exclusive,49.4,74.45,31.05,0,0
2015,Pung & Tralie,6,68,Martellus Bennett,TE,56.1,4,7.7,bonus_exclusive,0.0,74.45,-18.35,0,0
2015,Team JoeBa,6,69,Jordan Cameron,TE,46.8,6,-7.9,bonus_exclusive,-9.3,74.45,-27.65,0,0
2015,LFTLR,6,70,DeVante Parker,WR,0.0,0,-39.5,bonus_exclusive,-206.9,74.45,-74.45,0,1
2015,Rob & GregBo,6,71,Julian Edelman,WR,172.5,9,29.1,bonus_exclusive,-34.4,74.45,98.05,1,0
2015,Frank & Julian,6,72,DeSean Jackson,WR,100.5,7,-2,bonus_exclusive,-106.4,74.45,26.05,0,0
2015,Frank & Julian,7,73,Owen Daniels,TE,11.8,4,-16.7,bonus_exclusive,-44.3,53.8,-42.0,0,1
2015,Rob & GregBo,7,74,Kyle Rudolph,TE,30.4,4,-36.5,bonus_exclusive,-25.7,53.8,-23.4,0,0
2015,LFTLR,7,75,Joseph Randle,RB,52.9,4,18.4,bonus_exclusive,-82.0,53.8,-0.9,0,0
2015,Team JoeBa,7,76,Larry Fitzgerald,WR,263.0,15,-8.1,bonus_exclusive,56.1,53.8,209.2,1,0
2015,Pung & Tralie,7,77,C.J. Spiller,RB,3.2,1,19.1,bonus_exclusive,-131.7,53.8,-50.6,0,1
2015,Richie,7,78,Steve Smith,WR,104.3,6,5.9,bonus_exclusive,-102.6,53.8,50.5,1,0
2015,Nolan & Vinny,7,79,John Brown,WR,173.3,13,14.7,bonus_exclusive,-33.6,53.8,119.5,1,0
2015,Antdell & Ernie,7,80,Seattle Seahawks,DEF,133.0,15,-21.3,bonus_exclusive,117.0,53.8,79.2,1,0
2015,Ronnie,7,81,Tyler Eifert,TE,170.2,11,-14.5,bonus_exclusive,114.1,53.8,116.4,1,0
2015,Cambrias,7,82,Todd Gurley,RB,160.2,10,21.8,bonus_exclusive,25.3,53.8,106.4,1,0
2015,GaTTa,7,83,Ryan Mathews,RB,100.6,10,4.1,bonus_exclusive,-34.3,53.8,46.8,1,0
2015,Chris & Dom,7,84,LeGarrette Blount,RB,0.4,1,15.5,bonus_exclusive,-134.5,53.8,-53.4,0,1
2015,Chris & Dom,8,85,Allen Robinson,WR,229.2,12,31.5,bonus_exclusive,22.3,37.35,191.85,1,0
2015,GaTTa,8,86,Darren Sproles,RB,25.5,2,-20.4,bonus_exclusive,-109.4,37.35,-11.85,0,0
2015,Cambrias,8,87,Tevin Coleman,RB,0.0,0,-1.9,bonus_exclusive,-134.9,37.35,-37.35,0,1
2015,Ronnie,8,88,Michael Floyd,WR,0.0,0,-38.2,bonus_exclusive,-206.9,37.35,-37.35,0,1
2015,Antdell & Ernie,8,89,T.J. Yeldon,RB,134.9,10,25.9,bonus_exclusive,0.0,37.35,97.55,1,0
2015,Nolan & Vinny,8,90,Isaiah Crowell,RB,3.6,1,-5.4,bonus_exclusive,-131.3,37.35,-33.75,0,1
2015,Richie,8,91,Shane Vereen,RB,13.4,3,13.1,bonus_exclusive,-121.5,37.35,-23.95,0,1
2015,Pung & Tralie,8,92,Eric Decker,WR,0.0,0,-13.3,bonus_exclusive,-206.9,37.35,-37.35,0,1
2015,Team JoeBa,8,93,Darren McFadden,RB,121.8,9,8.4,bonus_exclusive,-13.1,37.35,84.45,1,0
2015,LFTLR,8,94,Bishop Sankey,RB,26.8,2,-6.2,bonus_exclusive,-108.1,37.35,-10.55,0,0
2015,Rob & GregBo,8,95,Brandon McManus,K,122.0,14,-73.1,bonus_exclusive,122.0,37.35,84.65,1,0
2015,Frank & Julian,8,96,Dan Bailey,K,127.0,15,-65.2,bonus_exclusive,127.0,37.35,89.65,1,0
2015,Frank & Julian,9,97,Arizona Cardinals,DEF,155.0,15,-55.7,bonus_exclusive,139.0,28.95,126.05,1,0
2015,Rob & GregBo,9,98,Denver Broncos,DEF,135.0,13,-42.7,bonus_exclusive,119.0,28.95,106.05,1,0
2015,LFTLR,9,99,Dwayne Allen,TE,0.0,0,-46.1,bonus_exclusive,-56.1,28.95,-28.95,0,1
2015,Team JoeBa,9,100,Jordan Reed,TE,186.2,11,-58.4,bonus_exclusive,130.1,28.95,157.25,1,0
2015,Pung & Tralie,9,101,Martavis Bryant,WR,134.7,8,33.8,bonus_exclusive,-72.2,28.95,105.75,1,0
2015,Richie,9,102,Joique Bell,RB,0.0,0,21.5,bonus_exclusive,-134.9,28.95,-28.95,0,1
2015,Nolan & Vinny,9,103,Houston Texans,DEF,84.0,13,,bonus_exclusive,68.0,28.95,55.05,1,0
2015,Antdell & Ernie,9,104,Coby Fleener,TE,17.0,3,,bonus_exclusive,-39.1,28.95,-11.95,0,0
2015,Ronnie,9,105,Alfred Blue,RB,5.9,1,18.6,bonus_exclusive,-129.0,28.95,-23.05,0,1
2015,Cambrias,9,106,Philip Rivers,QB,218.34,11,-7.3,bonus_exclusive,146.0,28.95,189.39,1,0
2015,GaTTa,9,107,Phillip Dorsett,WR,0.0,0,-46.9,bonus_exclusive,-206.9,28.95,-28.95,0,1
2015,Chris & Dom,9,108,Philadelphia Eagles,DEF,82.0,11,-30.9,bonus_exclusive,66.0,28.95,53.05,1,0
2015,Chris & Dom,10,109,Marques Colston,WR,0.0,0,-9.3,bonus_exclusive,-206.9,26.75,-26.75,0,1
2015,GaTTa,10,110,Eli Manning,QB,203.52,12,4.1,bonus_exclusive,131.18,26.75,176.77,1,0
2015,Cambrias,10,111,Julius Thomas,TE,4.0,1,-19.5,bonus_exclusive,-52.1,26.75,-22.75,0,1
2015,Ronnie,10,112,Arian Foster,RB,77.0,4,74.5,bonus_exclusive,-57.9,26.75,50.25,1,0
2015,Antdell & Ernie,10,113,Vincent Jackson,WR,6.7,2,42.9,bonus_exclusive,-200.2,26.75,-20.05,0,1
2015,Nolan & Vinny,10,114,Brian Quick,WR,0.0,0,7.2,bonus_exclusive,-206.9,26.75,-26.75,0,1
2015,Richie,10,115,Ronnie Hillman,RB,22.4,4,1,bonus_exclusive,-112.5,26.75,-4.35,0,0
2015,Pung & Tralie,10,116,Charles Sims,RB,0.0,0,-34.3,bonus_exclusive,-134.9,26.75,-26.75,0,1
2015,Team JoeBa,10,117,Los Angeles Rams,DEF,90.0,10,,bonus_exclusive,74.0,26.75,63.25,1,0
2015,LFTLR,10,118,Terrance Williams,WR,48.3,5,5.6,bonus_exclusive,-158.6,26.75,21.55,1,0
2015,Rob & GregBo,10,119,Teddy Bridgewater,QB,0.0,0,-3.5,bonus_exclusive,-72.34,26.75,-26.75,0,1
2015,Frank & Julian,10,120,Cam Newton,QB,255.68,10,0.9,bonus_exclusive,183.34,26.75,228.93,1,0
2015,Frank & Julian,11,121,Carlos Hyde,RB,81.3,7,76.3,bonus_exclusive,-53.6,15.1,66.2,1,0
2015,Rob & GregBo,11,122,Danny Woodhead,RB,172.5,12,53,bonus_exclusive,37.6,15.1,157.4,1,0
2015,LFTLR,11,123,Victor Cruz,WR,0.0,0,31.7,bonus_exclusive,-206.9,15.1,-15.1,0,1
2015,Team JoeBa,11,124,Dwayne Bowe,WR,0.0,0,,bonus_exclusive,-206.9,15.1,-15.1,0,1
2015,Pung & Tralie,11,125,DeAngelo Williams,RB,14.2,1,-4.1,bonus_exclusive,-120.7,15.1,-0.9,0,0
2015,Richie,11,126,Antonio Gates,TE,75.5,7,-14.4,bonus_exclusive,19.4,15.1,60.4,1,0
2015,Nolan & Vinny,11,127,Rashad Jennings,RB,26.3,4,45.3,bonus_exclusive,-108.6,15.1,11.2,1,0
2015,Antdell & Ernie,11,128,Anquan Boldin,WR,15.2,1,30.7,bonus_exclusive,-191.7,15.1,0.1,0,0
2015,Ronnie,11,129,Buffalo Bills,DEF,79.0,14,17.7,bonus_exclusive,63.0,15.1,63.9,1,0
2015,Cambrias,11,130,Dan Carpenter,K,0.0,0,,bonus_exclusive,0.0,15.1,-15.1,0,1
2015,GaTTa,11,131,Stephen Gostkowski,K,167.0,16,-14.7,bonus_exclusive,167.0,15.1,151.9,1,0
2015,Chris & Dom,11,132,Justin Tucker,K,115.0,12,-31.5,bonus_exclusive,115.0,15.1,99.9,1,0
2015,Chris & Dom,12,133,Tony Romo,QB,0.0,0,52.2,bonus_exclusive,-72.34,15.38,-15.38,0,1
2015,GaTTa,12,134,Baltimore Ravens,DEF,89.0,16,-32.5,bonus_exclusive,73.0,15.38,73.62,1,0
2015,Cambrias,12,135,Kansas City Chiefs,DEF,33.0,3,-24.7,bonus_exclusive,17.0,15.38,17.62,1,0
2015,Ronnie,12,136,Adam Vinatieri,K,104.0,14,-12.1,bonus_exclusive,104.0,15.38,88.62,1,0
2015,Antdell & Ernie,12,137,Cody Parkey,K,17.0,3,-21.2,bonus_exclusive,17.0,15.38,1.62,0,0
2015,Nolan & Vinny,12,138,Steven Hauschka,K,125.0,14,-18.8,bonus_exclusive,125.0,15.38,109.62,1,0
2015,Richie,12,139,Miami Dolphins,DEF,12.0,5,18.6,bonus_exclusive,-4.0,15.38,-3.38,0,0
2015,Pung & Tralie,12,140,New England Patriots,DEF,23.0,3,-24,bonus_exclusive,7.0,15.38,7.62,0,0
2015,Team JoeBa,12,141,Joe Flacco,QB,0.0,0,-5,bonus_exclusive,-72.34,15.38,-15.38,0,1
2015,LFTLR,12,142,Duke Johnson,RB,0.0,0,40.2,bonus_exclusive,-134.9,15.38,-15.38,0,1
2015,Rob & GregBo,12,143,Roddy White,WR,0.0,0,34,bonus_exclusive,-206.9,15.38,-15.38,0,1
2015,Frank & Julian,12,144,David Cobb,RB,0.0,0,13.6,bonus_exclusive,-134.9,15.38,-15.38,0,1
2015,Frank & Julian,13,145,Mike Wallace,WR,19.6,5,55.1,bonus_exclusive,-187.3,2.5,17.1,1,0
2015,Rob & GregBo,13,146,Pierre Garcon,WR,45.9,4,26.7,bonus_exclusive,-161.0,2.5,43.4,1,0
2015,LFTLR,13,147,Devin Funchess,TE,0.0,0,,bonus_exclusive,-56.1,2.5,-2.5,0,1
2015,Team JoeBa,13,148,Fred Jackson,RB,0.0,0,-1.9,bonus_exclusive,-134.9,2.5,-2.5,0,1
2015,Pung & Tralie,13,149,Michael Crabtree,WR,0.0,0,13.4,bonus_exclusive,-206.9,2.5,-2.5,0,1
2015,Richie,13,150,Matt Prater,K,13.0,4,-21.4,bonus_exclusive,13.0,2.5,10.5,1,0
2015,Nolan & Vinny,13,151,Cecil Shorts,WR,0.0,0,,bonus_exclusive,-206.9,2.5,-2.5,0,1
2015,Antdell & Ernie,13,152,Eddie Royal,WR,0.0,0,67.4,bonus_exclusive,-206.9,2.5,-2.5,0,1
2015,Ronnie,13,153,Derek Carr,QB,57.76,3,-10.2,bonus_exclusive,-14.58,2.5,55.26,1,0
2015,Cambrias,13,154,New York Jets,DEF,48.0,5,19,bonus_exclusive,32.0,2.5,45.5,1,0
2015,GaTTa,13,155,Vernon Davis,TE,0.0,0,4.7,bonus_exclusive,-56.1,2.5,-2.5,0,1
2015,Chris & Dom,13,156,James Jones,WR,9.9,1,2.1,bonus_exclusive,-197.0,2.5,7.4,1,0
2015,Chris & Dom,14,157,James Starks,RB,0.0,0,0.5,bonus_exclusive,-134.9,2.5,-2.5,0,1
2015,GaTTa,14,158,Reggie Bush,RB,0.0,0,28.5,bonus_exclusive,-134.9,2.5,-2.5,0,1
2015,Cambrias,14,159,Brandon Coleman,WR,0.0,0,35.4,bonus_exclusive,-206.9,2.5,-2.5,0,1
2015,Ronnie,14,160,Ty Montgomery,RB,0.0,0,,bonus_exclusive,-134.9,2.5,-2.5,0,1
2015,Antdell & Ernie,14,161,Devonta Freeman,RB,0.0,0,64.8,bonus_exclusive,-134.9,2.5,-2.5,0,1
2015,Nolan & Vinny,14,162,Jerick McKinnon,RB,0.0,0,,bonus_exclusive,-134.9,2.5,-2.5,0,1
2015,Richie,14,163,Carson Palmer,QB,234.88,12,34.6,bonus_exclusive,162.54,2.5,232.38,1,0
2015,Pung & Tralie,14,164,Mason Crosby,K,116.0,14,0.4,bonus_exclusive,116.0,2.5,113.5,1,0
2015,Team JoeBa,14,165,Matt Bryant,K,74.0,10,-5.5,bonus_exclusive,74.0,2.5,71.5,1,0
2015,LFTLR,14,166,Josh Brown,K,108.0,10,,bonus_exclusive,108.0,2.5,105.5,1,0
2015,Rob & GregBo,14,167,Larry Donnell,TE,0.0,0,,bonus_exclusive,-56.1,2.5,-2.5,0,1
2015,Frank & Julian,14,168,Markus Wheaton,WR,10.5,1,73.9,bonus_exclusive,-196.4,2.5,8.0,1,0
2015,Frank & Julian,15,169,Mohamed Sanu,WR,0.0,0,,bonus_exclusive,-206.9,4.7,-4.7,0,1
2015,Rob & GregBo,15,170,Torrey Smith,WR,0.0,0,39.4,bonus_exclusive,-206.9,4.7,-4.7,0,1
2015,LFTLR,15,171,Indianapolis Colts,DEF,16.0,3,3.3,bonus_exclusive,0.0,4.7,11.3,1,0
2015,Team JoeBa,15,172,Percy Harvin,WR,5.5,2,11.4,bonus_exclusive,-201.4,4.7,0.8,0,0
2015,Pung & Tralie,15,173,Kendall Wright,WR,42.1,3,85,bonus_exclusive,-164.8,4.7,37.4,1,0
2015,Richie,15,174,Marvin Jones,WR,0.0,0,40.1,bonus_exclusive,-206.9,4.7,-4.7,0,1
2015,Nolan & Vinny,15,175,Knile Davis,RB,0.0,0,53.8,bonus_exclusive,-134.9,4.7,-4.7,0,1
2015,Antdell & Ernie,15,176,Stevie Johnson,WR,30.3,3,74.7,bonus_exclusive,-176.6,4.7,25.6,1,0
2015,Ronnie,15,177,Josh Hill,TE,0.0,0,20.5,bonus_exclusive,-56.1,4.7,-4.7,0,1
2015,Cambrias,15,178,Breshad Perriman,WR,0.0,0,32.6,bonus_exclusive,-206.9,4.7,-4.7,0,1
2015,GaTTa,15,179,Eric Ebron,TE,0.0,0,,bonus_exclusive,-56.1,4.7,-4.7,0,1
2015,Chris & Dom,15,180,Richard Rodgers,TE,0.0,0,28.4,bonus_exclusive,-56.1,4.7,-4.7,0,1
2016,Antdell & Ernie,1,1,Antonio Brown,WR,281.7,14,-0.2,bonus_exclusive,109.8,216.8,64.9,0,0
2016,Chris & Dom,1,2,Odell Beckham,WR,267.8,14,-1.4,bonus_exclusive,95.9,216.8,51.0,0,0
2016,Frank & Julian,1,3,David Johnson,RB,40.5,2,-0.4,bonus_exclusive,-51.6,216.8,-176.3,0,1
2016,Cambrias,1,4,Adrian Peterson,RB,7.7,2,,bonus_exclusive,-84.4,216.8,-209.1,0,1
2016,Ronnie,1,5,Julio Jones,WR,227.3,12,2.2,bonus_exclusive,55.4,216.8,10.5,0,0
2016,Rob & GregBo,1,6,Todd Gurley,RB,168.8,14,-0.3,bonus_exclusive,76.7,216.8,-48.0,0,0
2016,Nolan & Vinny,1,7,DeAndre Hopkins,WR,172.8,14,0.6,bonus_exclusive,0.9,216.8,-44.0,0,0
2016,GaTTa,1,8,Jamaal Charles,RB,12.7,2,-11.4,bonus_exclusive,-79.4,216.8,-204.1,0,1
2016,Richie,1,9,Rob Gronkowski,TE,97.0,8,-5.2,bonus_exclusive,72.9,216.8,-119.8,0,1
2016,LFTLR,1,10,A.J. Green,WR,186.4,10,3.6,bonus_exclusive,14.5,216.8,-30.4,0,0
2016,Team JoeBa,1,11,Allen Robinson,WR,21.6,2,1.8,bonus_exclusive,-150.3,216.8,-195.2,0,1
2016,Pung & Tralie,1,12,Dez Bryant,WR,181.0,12,-4.4,bonus_exclusive,9.1,216.8,-35.8,0,0
2016,Pung & Tralie,2,13,Le'Veon Bell,RB,317.4,12,0.7,bonus_exclusive,225.3,164.35,153.05,1,0
2016,Team JoeBa,2,14,Ezekiel Elliott,RB,314.7,14,5.7,bonus_exclusive,222.6,164.35,150.35,1,0
2016,LFTLR,2,15,Lamar Miller,RB,92.1,6,5.2,bonus_exclusive,0.0,164.35,-72.25,0,0
2016,Richie,2,16,Brandon Marshall,WR,149.5,14,3,bonus_exclusive,-22.4,164.35,-14.85,0,0
2016,GaTTa,2,17,LeSean McCoy,RB,30.0,2,-5,bonus_exclusive,-62.1,164.35,-134.35,0,1
2016,Nolan & Vinny,2,18,Mark Ingram,RB,137.2,10,-7.5,bonus_exclusive,45.1,164.35,-27.15,0,0
2016,Rob & GregBo,2,19,Jordy Nelson,WR,255.7,14,1.7,bonus_exclusive,83.8,164.35,91.35,1,0
2016,Ronnie,2,20,Devonta Freeman,RB,255.4,15,0.8,bonus_exclusive,163.3,164.35,91.05,1,0
2016,Cambrias,2,21,Mike Evans,WR,141.5,7,5.3,bonus_exclusive,-30.4,164.35,-22.85,0,0
2016,Frank & Julian,2,22,Keenan Allen,WR,12.3,1,8.2,bonus_exclusive,-159.6,164.35,-152.05,0,1
2016,Chris & Dom,2,23,Jarvis Landry,WR,170.7,12,-3.9,bonus_exclusive,-1.2,164.35,6.35,0,0
2016,Antdell & Ernie,2,24,Eddie Lacy,RB,42.8,5,0,bonus_exclusive,-49.3,164.35,-121.55,0,1
2016,Antdell & Ernie,3,25,Doug Martin,RB,16.9,2,-5.8,bonus_exclusive,-75.2,138.2,-121.3,0,1
2016,Chris & Dom,3,26,Brandin Cooks,WR,57.2,4,2.7,bonus_exclusive,-114.7,138.2,-81.0,0,1
2016,Frank & Julian,3,27,Amari Cooper,WR,44.0,3,6.9,bonus_exclusive,-127.9,138.2,-94.2,0,1
2016,Cambrias,3,28,Jeremy Hill,RB,28.8,2,-21.1,bonus_exclusive,-63.3,138.2,-109.4,0,1
2016,Ronnie,3,29,Cam Newton,QB,119.02,6,-5.5,bonus_exclusive,40.34,138.2,-19.18,0,0
2016,Rob & GregBo,3,30,Alshon Jeffery,WR,109.0,9,7.9,bonus_exclusive,-62.9,138.2,-29.2,0,0
2016,Nolan & Vinny,3,31,Latavius Murray,RB,47.1,3,-4.8,bonus_exclusive,-45.0,138.2,-91.1,0,1
2016,GaTTa,3,32,Aaron Rodgers,QB,345.82,15,-6.7,bonus_exclusive,267.14,138.2,207.62,1,0
2016,Richie,3,33,T.Y. Hilton,WR,231.8,14,3.6,bonus_exclusive,59.9,138.2,93.6,1,0
2016,LFTLR,3,34,Sammy Watkins,WR,17.1,3,5.7,bonus_exclusive,-154.8,138.2,-121.1,0,1
2016,Team JoeBa,3,35,Randall Cobb,WR,128.3,9,3.5,bonus_exclusive,-43.6,138.2,-9.9,0,0
2016,Pung & Tralie,3,36,Donte Moncrief,WR,34.3,3,-2.4,bonus_exclusive,-137.6,138.2,-103.9,0,1
2016,Pung & Tralie,4,37,Matt Forte,RB,77.3,6,-6.1,bonus_exclusive,-14.8,123.0,-45.7,0,0
2016,Team JoeBa,4,38,Jordan Reed,TE,63.3,4,2.9,bonus_exclusive,39.2,123.0,-59.7,0,0
2016,LFTLR,4,39,Doug Baldwin,WR,210.5,14,-9.8,bonus_exclusive,38.6,123.0,87.5,1,0
2016,Richie,4,40,Demaryius Thomas,WR,179.0,13,10.3,bonus_exclusive,7.1,123.0,56.0,0,0
2016,GaTTa,4,41,Carlos Hyde,RB,190.7,12,-4.7,bonus_exclusive,98.6,123.0,67.7,1,0
2016,Nolan & Vinny,4,42,Greg Olsen,TE,189.4,14,-6.4,bonus_exclusive,165.3,123.0,66.4,1,0
2016,Rob & GregBo,4,43,Julian Edelman,WR,186.7,14,7.9,bonus_exclusive,14.8,123.0,63.7,1,0
2016,Ronnie,4,44,Golden Tate,WR,171.9,14,0.4,bonus_exclusive,0.0,123.0,48.9,0,0
2016,Cambrias,4,45,Eric Decker,WR,40.4,3,0.1,bonus_exclusive,-131.5,123.0,-82.6,0,1
2016,Frank & Julian,4,46,Thomas Rawls,RB,12.6,2,5,bonus_exclusive,-79.5,123.0,-110.4,0,1
2016,Chris & Dom,4,47,Giovani Bernard,RB,97.3,8,-10.7,bonus_exclusive,5.2,123.0,-25.7,0,0
2016,Antdell & Ernie,4,48,Russell Wilson,QB,168.94,12,-5.2,bonus_exclusive,90.26,123.0,45.94,0,0
2016,Antdell & Ernie,5,49,Travis Kelce,TE,188.2,14,-15.3,bonus_exclusive,164.1,94.1,94.1,1,0
2016,Chris & Dom,5,50,Delanie Walker,TE,0.0,0,-14,bonus_exclusive,-24.1,94.1,-94.1,0,1
2016,Frank & Julian,5,51,Andrew Luck,QB,276.42,13,-7.3,bonus_exclusive,197.74,94.1,182.32,1,0
2016,Cambrias,5,52,C.J. Anderson,RB,102.5,7,18.8,bonus_exclusive,10.4,94.1,8.4,0,0
2016,Ronnie,5,53,LeGarrette Blount,RB,221.8,15,-38.6,bonus_exclusive,129.7,94.1,127.7,1,0
2016,Rob & GregBo,5,54,Ryan Mathews,RB,46.2,4,-6.4,bonus_exclusive,-45.9,94.1,-47.9,0,1
2016,Nolan & Vinny,5,55,Jeremy Maclin,WR,79.5,8,17.7,bonus_exclusive,-92.4,94.1,-14.6,0,0
2016,GaTTa,5,56,Kelvin Benjamin,TE,63.8,4,,bonus_exclusive,39.7,94.1,-30.3,0,0
2016,Richie,5,57,Jonathan Stewart,RB,90.2,9,-5.8,bonus_exclusive,-1.9,94.1,-3.9,0,0
2016,LFTLR,5,58,DeMarco Murray,RB,282.9,14,17.7,bonus_exclusive,190.8,94.1,188.8,1,0
2016,Team JoeBa,5,59,Danny Woodhead,RB,27.1,2,5.3,bonus_exclusive,-65.0,94.1,-67.0,0,1
2016,Pung & Tralie,5,60,Matt Jones,RB,21.8,1,-18.4,bonus_exclusive,-70.3,94.1,-72.3,0,1
2016,Pung & Tralie,6,61,Jordan Matthews,TE,109.2,9,,bonus_exclusive,85.1,74.45,34.75,0,0
2016,Team JoeBa,6,62,Michael Floyd,WR,32.2,3,9.7,bonus_exclusive,-139.7,74.45,-42.25,0,1
2016,LFTLR,6,63,Tom Brady,QB,212.36,10,-5.5,bonus_exclusive,133.68,74.45,137.91,1,0
2016,Richie,6,64,Jeremy Langford,RB,29.3,3,16.9,bonus_exclusive,-62.8,74.45,-45.15,0,1
2016,GaTTa,6,65,Josh Gordon,WR,0.0,0,15.2,bonus_exclusive,-171.9,74.45,-74.45,0,1
2016,Nolan & Vinny,6,66,Ben Roethlisberger,QB,249.56,13,-6,bonus_exclusive,170.88,74.45,175.11,1,0
2016,Rob & GregBo,6,67,Arian Foster,RB,0.0,0,9.6,bonus_exclusive,-92.1,74.45,-74.45,0,1
2016,Ronnie,6,68,Allen Hurns,WR,64.5,6,2.5,bonus_exclusive,-107.4,74.45,-9.95,0,0
2016,Cambrias,6,69,Larry Fitzgerald,WR,0.0,0,8.8,bonus_exclusive,-171.9,74.45,-74.45,0,1
2016,Frank & Julian,6,70,Coby Fleener,TE,6.5,2,-2.7,bonus_exclusive,-17.6,74.45,-67.95,0,1
2016,Chris & Dom,6,71,Melvin Gordon,RB,0.0,0,17.3,bonus_exclusive,-92.1,74.45,-74.45,0,1
2016,Antdell & Ernie,6,72,Duke Johnson,RB,0.0,0,5.1,bonus_exclusive,-92.1,74.45,-74.45,0,1
2016,Antdell & Ernie,7,73,Marvin Jones,WR,137.0,11,16.8,bonus_exclusive,-34.9,53.8,83.2,1,0
2016,Chris & Dom,7,74,Emmanuel Sanders,WR,0.0,0,3.4,bonus_exclusive,-171.9,53.8,-53.8,0,1
2016,Frank & Julian,7,75,DeSean Jackson,WR,23.2,2,-6.9,bonus_exclusive,-148.7,53.8,-30.6,0,1
2016,Cambrias,7,76,John Brown,WR,14.3,3,-2.3,bonus_exclusive,-157.6,53.8,-39.5,0,1
2016,Ronnie,7,77,Gary Barnidge,TE,94.8,12,-2.6,bonus_exclusive,70.7,53.8,41.0,1,0
2016,Rob & GregBo,7,78,Antonio Gates,TE,8.8,1,-23.7,bonus_exclusive,-15.3,53.8,-45.0,0,1
2016,Nolan & Vinny,7,79,Ameer Abdullah,RB,0.0,0,-3.1,bonus_exclusive,-92.1,53.8,-53.8,0,1
2016,GaTTa,7,80,Tyler Eifert,TE,0.0,0,-28.4,bonus_exclusive,-24.1,53.8,-53.8,0,1
2016,Richie,7,81,Tyler Lockett,WR,0.0,0,7.6,bonus_exclusive,-171.9,53.8,-53.8,0,1
2016,LFTLR,7,82,Zach Ertz,TE,24.1,4,-6.2,bonus_exclusive,0.0,53.8,-29.7,0,1
2016,Team JoeBa,7,83,Travis Benjamin,WR,89.4,7,-21.2,bonus_exclusive,-82.5,53.8,35.6,1,0
2016,Pung & Tralie,7,84,DeAngelo Williams,RB,66.7,3,14.9,bonus_exclusive,-25.4,53.8,12.9,0,0
2016,Pung & Tralie,8,85,Philip Rivers,QB,18.84,1,-11.8,bonus_exclusive,-59.84,37.35,-18.51,0,0
2016,Team JoeBa,8,86,Chris Ivory,RB,0.0,0,1.9,bonus_exclusive,-92.1,37.35,-37.35,0,1
2016,LFTLR,8,87,Drew Brees,QB,83.76,4,25.9,bonus_exclusive,5.08,37.35,46.41,1,0
2016,Richie,8,88,Kirk Cousins,QB,230.24,12,-21.6,bonus_exclusive,151.56,37.35,192.89,1,0
2016,GaTTa,8,89,Devin Funchess,TE,0.0,0,,bonus_exclusive,-24.1,37.35,-37.35,0,1
2016,Nolan & Vinny,8,90,Tajae Sharpe,WR,11.0,2,-25.1,bonus_exclusive,-160.9,37.35,-26.35,0,1
2016,Rob & GregBo,8,91,DeVante Parker,WR,16.2,3,-0.7,bonus_exclusive,-155.7,37.35,-21.15,0,1
2016,Ronnie,8,92,T.J. Yeldon,RB,20.7,2,-1.7,bonus_exclusive,-71.4,37.35,-16.65,0,0
2016,Cambrias,8,93,Eli Manning,QB,0.0,0,-0.3,bonus_exclusive,-78.68,37.35,-37.35,0,1
2016,Frank & Julian,8,94,Denver Broncos,DEF,128.0,12,-9.5,bonus_exclusive,122.0,37.35,90.65,1,0
2016,Chris & Dom,8,95,Carson Palmer,QB,70.3,4,11.2,bonus_exclusive,-8.38,37.35,32.95,1,0
2016,Antdell & Ernie,8,96,Michael Crabtree,WR,115.5,9,17.4,bonus_exclusive,-56.4,37.35,78.15,1,0
2016,Antdell & Ernie,9,97,Sterling Shepard,WR,51.7,4,12.3,bonus_exclusive,-120.2,28.95,22.75,1,0
2016,Chris & Dom,9,98,Seattle Seahawks,DEF,110.0,14,-16.1,bonus_exclusive,104.0,28.95,81.05,1,0
2016,Frank & Julian,9,99,Kamar Aiken,WR,0.0,0,-6.8,bonus_exclusive,-171.9,28.95,-28.95,0,1
2016,Cambrias,9,100,Markus Wheaton,WR,0.0,0,-22.3,bonus_exclusive,-171.9,28.95,-28.95,0,1
2016,Ronnie,9,101,Michael Thomas,WR,145.2,10,-17.7,bonus_exclusive,-26.7,28.95,116.25,1,0
2016,Rob & GregBo,9,102,Tyrod Taylor,QB,78.68,5,-12.3,bonus_exclusive,0.0,28.95,49.73,1,0
2016,Nolan & Vinny,9,103,Houston Texans,DEF,23.0,3,,bonus_exclusive,17.0,28.95,-5.95,0,0
2016,GaTTa,9,104,Will Fuller,WR,14.4,1,-26.4,bonus_exclusive,-157.5,28.95,-14.55,0,1
2016,Richie,9,105,Mohamed Sanu,WR,4.9,1,-29.1,bonus_exclusive,-167.0,28.95,-24.05,0,1
2016,LFTLR,9,106,Darren Sproles,RB,10.8,1,-10.8,bonus_exclusive,-81.3,28.95,-18.15,0,1
2016,Team JoeBa,9,107,Blake Bortles,QB,105.12,7,20.9,bonus_exclusive,26.44,28.95,76.17,1,0
2016,Pung & Tralie,9,108,Kevin White,WR,0.0,0,10.3,bonus_exclusive,-171.9,28.95,-28.95,0,1
2016,Pung & Tralie,10,109,Dwayne Allen,TE,51.2,6,-22.2,bonus_exclusive,27.1,26.75,24.45,1,0
2016,Team JoeBa,10,110,Carolina Panthers,DEF,33.0,6,-13.6,bonus_exclusive,27.0,26.75,6.25,0,0
2016,LFTLR,10,111,DeAndre Washington,RB,0.0,0,-15.2,bonus_exclusive,-92.1,26.75,-26.75,0,1
2016,Richie,10,112,Christine Michael,RB,97.2,6,12.4,bonus_exclusive,5.1,26.75,70.45,1,0
2016,GaTTa,10,113,Martellus Bennett,TE,30.4,3,-4.3,bonus_exclusive,6.3,26.75,3.65,0,0
2016,Nolan & Vinny,10,114,Derrick Henry,RB,0.0,0,35.5,bonus_exclusive,-92.1,26.75,-26.75,0,1
2016,Rob & GregBo,10,115,Torrey Smith,WR,0.0,0,-12.3,bonus_exclusive,-171.9,26.75,-26.75,0,1
2016,Ronnie,10,116,Tyler Boyd,WR,3.2,1,-21.6,bonus_exclusive,-168.7,26.75,-23.55,0,1
2016,Cambrias,10,117,Rashad Jennings,RB,6.0,1,42.1,bonus_exclusive,-86.1,26.75,-20.75,0,1
2016,Frank & Julian,10,118,Justin Forsett,RB,0.0,0,27.3,bonus_exclusive,-92.1,26.75,-26.75,0,1
2016,Chris & Dom,10,119,Frank Gore,RB,78.9,7,,bonus_exclusive,-13.2,26.75,52.15,1,0
2016,Antdell & Ernie,10,120,Julius Thomas,TE,0.0,0,22,bonus_exclusive,-24.1,26.75,-26.75,0,1
2016,Antdell & Ernie,11,121,Arizona Cardinals,DEF,100.0,11,11.1,bonus_exclusive,94.0,15.1,84.9,1,0
2016,Chris & Dom,11,122,Jay Ajayi,RB,0.0,0,10.7,bonus_exclusive,-92.1,15.1,-15.1,0,1
2016,Frank & Julian,11,123,Jared Cook,TE,0.0,0,-14,bonus_exclusive,-24.1,15.1,-15.1,0,1
2016,Cambrias,11,124,Andy Dalton,QB,0.0,0,-8.7,bonus_exclusive,-78.68,15.1,-15.1,0,1
2016,Ronnie,11,125,Cincinnati Bengals,DEF,37.0,8,-35.9,bonus_exclusive,31.0,15.1,21.9,1,0
2016,Rob & GregBo,11,126,Philadelphia Eagles,DEF,103.0,14,-39.4,bonus_exclusive,97.0,15.1,87.9,1,0
2016,Nolan & Vinny,11,127,Steven Hauschka,K,121.0,14,-25.1,bonus_exclusive,121.0,15.1,105.9,1,0
2016,GaTTa,11,128,Steve Smith,WR,16.3,2,3.4,bonus_exclusive,-155.6,15.1,1.2,0,0
2016,Richie,11,129,Kansas City Chiefs,DEF,6.0,3,-4.4,bonus_exclusive,0.0,15.1,-9.1,0,1
2016,LFTLR,11,130,Willie Snead,WR,62.6,8,37.9,bonus_exclusive,-109.3,15.1,47.5,1,0
2016,Team JoeBa,11,131,Jimmy Graham,TE,129.7,10,-13.3,bonus_exclusive,105.6,15.1,114.6,1,0
2016,Pung & Tralie,11,132,Tavon Austin,WR,0.0,0,22.2,bonus_exclusive,-171.9,15.1,-15.1,0,1
2016,Pung & Tralie,12,133,Derek Carr,QB,244.72,14,29.5,bonus_exclusive,166.04,15.38,229.34,1,0
2016,Team JoeBa,12,134,Robert Griffin III,QB,0.0,0,,bonus_exclusive,-78.68,15.38,-15.38,0,1
2016,LFTLR,12,135,Green Bay Packers,DEF,63.0,10,-32.1,bonus_exclusive,57.0,15.38,47.62,1,0
2016,Richie,12,136,Jerick McKinnon,RB,0.0,0,-12.8,bonus_exclusive,-92.1,15.38,-15.38,0,1
2016,GaTTa,12,137,Dorial Green-Beckham,WR,0.0,0,-22.3,bonus_exclusive,-171.9,15.38,-15.38,0,1
2016,Nolan & Vinny,12,138,Mike Wallace,WR,6.9,1,-15.2,bonus_exclusive,-165.0,15.38,-8.48,0,1
2016,Rob & GregBo,12,139,Jason Witten,TE,139.0,14,-12.2,bonus_exclusive,114.9,15.38,123.62,1,0
2016,Ronnie,12,140,Stephen Gostkowski,K,113.0,13,-2.6,bonus_exclusive,113.0,15.38,97.62,1,0
2016,Cambrias,12,141,Minnesota Vikings,DEF,105.0,13,,bonus_exclusive,99.0,15.38,89.62,1,0
2016,Frank & Julian,12,142,Justin Tucker,K,171.0,15,-16.8,bonus_exclusive,171.0,15.38,155.62,1,0
2016,Chris & Dom,12,143,Dan Bailey,K,131.0,14,-19,bonus_exclusive,131.0,15.38,115.62,1,0
2016,Antdell & Ernie,12,144,Mason Crosby,K,113.0,14,-25.9,bonus_exclusive,113.0,15.38,97.62,1,0
2016,Antdell & Ernie,13,145,Corey Coleman,WR,0.0,0,32.8,bonus_exclusive,-171.9,2.5,-2.5,0,1
2016,Chris & Dom,13,146,Eric Ebron,TE,0.0,0,,bonus_exclusive,-24.1,2.5,-2.5,0,1
2016,Frank & Julian,13,147,Dak Prescott,QB,64.34,3,2.2,bonus_exclusive,-14.34,2.5,61.84,1,0
2016,Cambrias,13,148,Zach Miller,TE,0.0,0,,bonus_exclusive,-24.1,2.5,-2.5,0,1
2016,Ronnie,13,149,Matt Ryan,QB,188.8,10,2.5,bonus_exclusive,110.12,2.5,186.3,1,0
2016,Rob & GregBo,13,150,Chandler Catanzaro,K,48.0,8,-13.4,bonus_exclusive,48.0,2.5,45.5,1,0
2016,Nolan & Vinny,13,151,James Starks,RB,18.1,1,-3.9,bonus_exclusive,-74.0,2.5,15.6,1,0
2016,GaTTa,13,152,James White,RB,9.4,1,61.1,bonus_exclusive,-82.7,2.5,6.9,1,0
2016,Richie,13,153,Adam Vinatieri,K,137.0,14,-17.5,bonus_exclusive,137.0,2.5,134.5,1,0
2016,LFTLR,13,154,Chris Hogan,WR,0.0,0,11.4,bonus_exclusive,-171.9,2.5,-2.5,0,1
2016,Team JoeBa,13,155,Devontae Booker,RB,0.0,0,14.1,bonus_exclusive,-92.1,2.5,-2.5,0,1
2016,Pung & Tralie,13,156,Ladarius Green,TE,0.0,0,,bonus_exclusive,-24.1,2.5,-2.5,0,1
2016,Pung & Tralie,14,157,Cairo Santos,K,33.0,4,-16.4,bonus_exclusive,33.0,2.5,30.5,1,0
2016,Team JoeBa,14,158,Graham Gano,K,48.0,6,-2.6,bonus_exclusive,48.0,2.5,45.5,1,0
2016,LFTLR,14,159,Nick Novak,K,71.0,8,,bonus_exclusive,71.0,2.5,68.5,1,0
2016,Richie,14,160,Jameis Winston,QB,58.82,3,36.6,bonus_exclusive,-19.86,2.5,56.32,1,0
2016,GaTTa,14,161,Vincent Jackson,WR,0.0,0,41.1,bonus_exclusive,-171.9,2.5,-2.5,0,1
2016,Nolan & Vinny,14,162,Charles Sims,RB,0.0,0,74.8,bonus_exclusive,-92.1,2.5,-2.5,0,1
2016,Rob & GregBo,14,163,Ryan Tannehill,QB,0.0,0,5.6,bonus_exclusive,-78.68,2.5,-2.5,0,1
2016,Ronnie,14,164,Malcolm Mitchell,WR,0.0,0,,bonus_exclusive,-171.9,2.5,-2.5,0,1
2016,Cambrias,14,165,Clive Walford,TE,4.7,1,,bonus_exclusive,-19.4,2.5,2.2,1,0
2016,Frank & Julian,14,166,Terrelle Pryor,WR,15.0,1,8.3,bonus_exclusive,-156.9,2.5,12.5,1,0
2016,Chris & Dom,14,167,Sammie Coates,WR,0.0,0,10.9,bonus_exclusive,-171.9,2.5,-2.5,0,1
2016,Antdell & Ernie,14,168,Matthew Stafford,QB,0.0,0,49.4,bonus_exclusive,-78.68,2.5,-2.5,0,1
2016,Antdell & Ernie,15,169,Theo Riddick,RB,84.4,6,69.2,bonus_exclusive,-7.7,4.7,79.7,1,0
2016,Chris & Dom,15,170,Bilal Powell,RB,0.0,0,64.1,bonus_exclusive,-92.1,4.7,-4.7,0,1
2016,Frank & Julian,15,171,New England Patriots,DEF,0.0,0,18.8,bonus_exclusive,-6.0,4.7,-4.7,0,1
2016,Cambrias,15,172,Josh Brown,K,0.0,0,,bonus_exclusive,0.0,4.7,-4.7,0,1
2016,Ronnie,15,173,Alfred Morris,RB,0.0,0,42.8,bonus_exclusive,-92.1,4.7,-4.7,0,1
2016,Rob & GregBo,15,174,Tevin Coleman,RB,6.3,1,54.5,bonus_exclusive,-85.8,4.7,1.6,0,0
2016,Nolan & Vinny,15,175,Davante Adams,WR,0.0,0,,bonus_exclusive,-171.9,4.7,-4.7,0,1
2016,GaTTa,15,176,Las Vegas Raiders,DEF,25.0,5,11.3,bonus_exclusive,19.0,4.7,20.3,1,0
2016,Richie,15,177,Pierre Garcon,WR,0.0,0,,bonus_exclusive,-171.9,4.7,-4.7,0,1
2016,LFTLR,15,178,Jordan Cameron,TE,0.0,0,,bonus_exclusive,-24.1,4.7,-4.7,0,1
2016,Team JoeBa,15,179,Phillip Dorsett,WR,0.0,0,30.1,bonus_exclusive,-171.9,4.7,-4.7,0,1
2016,Pung & Tralie,15,180,Buffalo Bills,DEF,38.0,5,,bonus_exclusive,32.0,4.7,33.3,1,0
2017,LFTLR,1,1,David Johnson,RB,13.0,1,-0.3,bonus_exclusive,-108.1,216.8,-203.8,0,1
2017,Cambrias,1,2,Le'Veon Bell,RB,302.1,14,-0.3,bonus_exclusive,181.0,216.8,85.3,0,0
2017,Pung & Tralie,1,3,Antonio Brown,WR,310.3,15,-0.7,bonus_exclusive,193.2,216.8,93.5,0,0
2017,Antdell & Ernie,1,4,Julio Jones,WR,61.7,5,-1.7,bonus_exclusive,-55.4,216.8,-155.1,0,1
2017,Richie,1,5,Jordy Nelson,WR,99.8,8,-6.4,bonus_exclusive,-17.3,216.8,-117.0,0,1
2017,Team JoeBa,1,6,Mike Evans,WR,173.9,13,-1.9,bonus_exclusive,56.8,216.8,-42.9,0,0
2017,Phil Baldino,1,7,Odell Beckham,WR,74.0,4,0.6,bonus_exclusive,-43.1,216.8,-142.8,0,1
2017,Chris & Dom,1,8,A.J. Green,WR,223.1,15,-2,bonus_exclusive,106.0,216.8,6.3,0,0
2017,Ronnie,1,9,LeSean McCoy,RB,236.8,14,1.2,bonus_exclusive,115.7,216.8,20.0,0,0
2017,Nolan & Vinny,1,10,Devonta Freeman,RB,84.4,5,3,bonus_exclusive,-36.7,216.8,-132.4,0,1
2017,Frank & Julian,1,11,Dez Bryant,WR,65.4,5,-9.5,bonus_exclusive,-51.7,216.8,-151.4,0,1
2017,Rob & GregBo,1,12,Michael Thomas,WR,243.1,15,-1.3,bonus_exclusive,126.0,216.8,26.3,0,0
2017,Rob & GregBo,2,13,Melvin Gordon,RB,269.7,15,2.9,bonus_exclusive,148.6,164.35,105.35,1,0
2017,Frank & Julian,2,14,Doug Baldwin,WR,168.0,13,-8.4,bonus_exclusive,50.9,164.35,3.65,0,0
2017,Nolan & Vinny,2,15,Amari Cooper,WR,38.1,5,-6.3,bonus_exclusive,-79.0,164.35,-126.25,0,1
2017,Ronnie,2,16,Brandin Cooks,WR,196.7,14,-1.1,bonus_exclusive,79.6,164.35,32.35,0,0
2017,Chris & Dom,2,17,Ezekiel Elliott,RB,168.3,8,10.8,bonus_exclusive,47.2,164.35,3.95,0,0
2017,Phil Baldino,2,18,Todd Gurley,RB,189.4,8,-1.4,bonus_exclusive,68.3,164.35,25.05,0,0
2017,Team JoeBa,2,19,DeMarco Murray,RB,132.8,12,3.8,bonus_exclusive,11.7,164.35,-31.55,0,0
2017,Richie,2,20,Jay Ajayi,RB,87.5,9,6.2,bonus_exclusive,-33.6,164.35,-76.85,0,0
2017,Antdell & Ernie,2,21,Jordan Howard,RB,120.8,12,4.2,bonus_exclusive,-0.3,164.35,-43.55,0,0
2017,Pung & Tralie,2,22,Aaron Rodgers,QB,107.7,6,-1.4,bonus_exclusive,9.2,164.35,-56.65,0,0
2017,Cambrias,2,23,Rob Gronkowski,TE,227.4,13,4.9,bonus_exclusive,219.6,164.35,63.05,0,0
2017,LFTLR,2,24,DeAndre Hopkins,WR,111.2,6,-7.7,bonus_exclusive,-5.9,164.35,-53.15,0,0
2017,LFTLR,3,25,Tom Brady,QB,162.44,8,-4.6,bonus_exclusive,63.94,138.2,24.24,0,0
2017,Cambrias,3,26,T.Y. Hilton,WR,115.5,8,-2.8,bonus_exclusive,-1.6,138.2,-22.7,0,0
2017,Pung & Tralie,3,27,Leonard Fournette,RB,212.6,13,0,bonus_exclusive,91.5,138.2,74.4,1,0
2017,Antdell & Ernie,3,28,Travis Kelce,TE,84.7,6,-10.9,bonus_exclusive,76.9,138.2,-53.5,0,0
2017,Richie,3,29,Lamar Miller,RB,87.0,7,-6.2,bonus_exclusive,-34.1,138.2,-51.2,0,0
2017,Team JoeBa,3,30,Matt Ryan,QB,98.5,7,-26.4,bonus_exclusive,0.0,138.2,-39.7,0,0
2017,Phil Baldino,3,31,Demaryius Thomas,WR,179.0,14,-3.5,bonus_exclusive,61.9,138.2,40.8,0,0
2017,Chris & Dom,3,32,Terrelle Pryor,WR,46.3,6,1.8,bonus_exclusive,-70.8,138.2,-91.9,0,1
2017,Ronnie,3,33,Christian McCaffrey,RB,86.7,6,10.1,bonus_exclusive,-34.4,138.2,-51.5,0,0
2017,Nolan & Vinny,3,34,Alshon Jeffery,WR,69.7,6,-5.1,bonus_exclusive,-47.4,138.2,-68.5,0,0
2017,Frank & Julian,3,35,Dalvin Cook,RB,65.4,4,7.5,bonus_exclusive,-55.7,138.2,-72.8,0,1
2017,Rob & GregBo,3,36,Carlos Hyde,RB,212.0,15,0.8,bonus_exclusive,90.9,138.2,73.8,1,0
2017,Rob & GregBo,4,37,Drew Brees,QB,248.56,15,-4.7,bonus_exclusive,150.06,123.0,125.56,1,0
2017,Frank & Julian,4,38,Kareem Hunt,RB,255.8,13,19.3,bonus_exclusive,134.7,123.0,132.8,1,0
2017,Nolan & Vinny,4,39,Ty Montgomery,RB,64.1,4,6.4,bonus_exclusive,-57.0,123.0,-58.9,0,0
2017,Ronnie,4,40,Keenan Allen,WR,100.8,8,14.2,bonus_exclusive,-16.3,123.0,-22.2,0,0
2017,Chris & Dom,4,41,Isaiah Crowell,RB,36.3,4,11.2,bonus_exclusive,-84.8,123.0,-86.7,0,1
2017,Phil Baldino,4,42,Marshawn Lynch,RB,121.1,12,5.6,bonus_exclusive,0.0,123.0,-1.9,0,0
2017,Team JoeBa,4,43,Michael Crabtree,WR,117.1,8,-0.7,bonus_exclusive,0.0,123.0,-5.9,0,0
2017,Richie,4,44,Golden Tate,WR,185.5,14,-3.8,bonus_exclusive,68.4,123.0,62.5,1,0
2017,Antdell & Ernie,4,45,Russell Wilson,QB,279.34,13,-19.3,bonus_exclusive,180.84,123.0,156.34,1,0
2017,Pung & Tralie,4,46,Ameer Abdullah,RB,65.9,7,-7,bonus_exclusive,-55.2,123.0,-57.1,0,0
2017,Cambrias,4,47,Joe Mixon,RB,85.8,7,4.5,bonus_exclusive,-35.3,123.0,-37.2,0,0
2017,LFTLR,4,48,Kelvin Benjamin,TE,50.9,7,,bonus_exclusive,43.1,123.0,-72.1,0,1
2017,LFTLR,5,49,Sammy Watkins,WR,58.8,7,-21,bonus_exclusive,-58.3,94.1,-35.3,0,0
2017,Cambrias,5,50,Larry Fitzgerald,WR,221.34,12,1.6,bonus_exclusive,104.24,94.1,127.24,1,0
2017,Pung & Tralie,5,51,Greg Olsen,TE,7.8,3,-0.5,bonus_exclusive,0.0,94.1,-86.3,0,1
2017,Antdell & Ernie,5,52,Davante Adams,WR,136.0,9,7.1,bonus_exclusive,18.9,94.1,41.9,0,0
2017,Richie,5,53,Stefon Diggs,WR,92.9,6,-1.8,bonus_exclusive,-24.2,94.1,-1.2,0,0
2017,Team JoeBa,5,54,C.J. Anderson,RB,80.0,7,2.6,bonus_exclusive,-41.1,94.1,-14.1,0,0
2017,Phil Baldino,5,55,Jimmy Graham,TE,157.2,14,-2.6,bonus_exclusive,149.4,94.1,63.1,1,0
2017,Chris & Dom,5,56,Allen Robinson,WR,0.0,0,-1,bonus_exclusive,-117.1,94.1,-94.1,0,1
2017,Ronnie,5,57,Jeremy Maclin,WR,24.7,3,-26.4,bonus_exclusive,-92.4,94.1,-69.4,0,1
2017,Nolan & Vinny,5,58,Jordan Reed,TE,27.1,3,3.9,bonus_exclusive,19.3,94.1,-67.0,0,1
2017,Frank & Julian,5,59,Martavis Bryant,WR,3.4,1,18.1,bonus_exclusive,-113.7,94.1,-90.7,0,1
2017,Rob & GregBo,5,60,DeVante Parker,WR,81.9,8,8.1,bonus_exclusive,-35.2,94.1,-12.2,0,0
2017,Rob & GregBo,6,61,Jamison Crowder,WR,10.0,2,-0.2,bonus_exclusive,-107.1,74.45,-64.45,0,1
2017,Frank & Julian,6,62,Tyreek Hill,WR,90.7,7,16.5,bonus_exclusive,-26.4,74.45,16.25,0,0
2017,Nolan & Vinny,6,63,Jarvis Landry,WR,45.6,3,-1,bonus_exclusive,-71.5,74.45,-28.85,0,0
2017,Ronnie,6,64,Corey Coleman,WR,18.2,2,-32.4,bonus_exclusive,-98.9,74.45,-56.25,0,1
2017,Chris & Dom,6,65,Darren McFadden,RB,0.0,0,-10.3,bonus_exclusive,-121.1,74.45,-74.45,0,1
2017,Phil Baldino,6,66,Paul Perkins,RB,0.0,0,-17.4,bonus_exclusive,-121.1,74.45,-74.45,0,1
2017,Team JoeBa,6,67,Tyler Eifert,TE,8.6,2,-3.4,bonus_exclusive,0.8,74.45,-65.85,0,1
2017,Richie,6,68,Willie Snead,WR,0.0,0,-15.8,bonus_exclusive,-117.1,74.45,-74.45,0,1
2017,Antdell & Ernie,6,69,Mark Ingram,RB,253.0,14,11.4,bonus_exclusive,131.9,74.45,178.55,1,0
2017,Pung & Tralie,6,70,Brandon Marshall,WR,2.0,1,4.8,bonus_exclusive,-115.1,74.45,-72.45,0,1
2017,Cambrias,6,71,Pierre Garcon,WR,60.3,4,4.6,bonus_exclusive,-56.8,74.45,-14.15,0,0
2017,LFTLR,6,72,Mike Gillislee,RB,51.0,6,6.7,bonus_exclusive,-70.1,74.45,-23.45,0,0
2017,LFTLR,7,73,DeSean Jackson,WR,117.4,12,-17.4,bonus_exclusive,0.3,53.8,63.6,1,0
2017,Cambrias,7,74,Doug Martin,RB,15.2,1,25,bonus_exclusive,-105.9,53.8,-38.6,0,1
2017,Pung & Tralie,7,75,Chris Hogan,WR,108.5,8,-1.5,bonus_exclusive,-8.6,53.8,54.7,1,0
2017,Antdell & Ernie,7,76,Bilal Powell,RB,45.2,3,27.4,bonus_exclusive,-75.9,53.8,-8.6,0,0
2017,Richie,7,77,Danny Woodhead,RB,6.7,1,15.3,bonus_exclusive,-114.4,53.8,-47.1,0,1
2017,Team JoeBa,7,78,Marvin Jones,WR,107.4,7,-28.3,bonus_exclusive,-9.7,53.8,53.6,1,0
2017,Phil Baldino,7,79,Donte Moncrief,WR,1.7,2,-26.7,bonus_exclusive,-115.4,53.8,-52.1,0,1
2017,Chris & Dom,7,80,Kirk Cousins,QB,219.54,13,-6.3,bonus_exclusive,121.04,53.8,165.74,1,0
2017,Ronnie,7,81,Jameis Winston,QB,78.84,6,-1.4,bonus_exclusive,-19.66,53.8,25.04,0,0
2017,Nolan & Vinny,7,82,Marcus Mariota,QB,47.58,3,5.2,bonus_exclusive,-50.92,53.8,-6.22,0,0
2017,Frank & Julian,7,83,Delanie Walker,TE,61.1,6,3.1,bonus_exclusive,53.3,53.8,7.3,0,0
2017,Rob & GregBo,7,84,Martellus Bennett,TE,43.6,6,-3.6,bonus_exclusive,35.8,53.8,-10.2,0,0
2017,Rob & GregBo,8,85,Darren Sproles,RB,10.6,2,-31.3,bonus_exclusive,-110.5,37.35,-26.75,0,1
2017,Frank & Julian,8,86,Ben Roethlisberger,QB,46.36,4,-15,bonus_exclusive,-52.14,37.35,9.01,0,0
2017,Nolan & Vinny,8,87,Emmanuel Sanders,WR,39.4,4,13.1,bonus_exclusive,-77.7,37.35,2.05,0,0
2017,Ronnie,8,88,Hunter Henry,TE,3.1,2,-18.1,bonus_exclusive,-4.7,37.35,-34.25,0,1
2017,Chris & Dom,8,89,Adam Thielen,WR,69.1,5,-9.6,bonus_exclusive,-48.0,37.35,31.75,1,0
2017,Phil Baldino,8,90,Andrew Luck,QB,0.0,0,-10.3,bonus_exclusive,-98.5,37.35,-37.35,0,1
2017,Team JoeBa,8,91,Tevin Coleman,RB,119.9,10,17.8,bonus_exclusive,-1.2,37.35,82.55,1,0
2017,Richie,8,92,Frank Gore,RB,0.0,0,,bonus_exclusive,-121.1,37.35,-37.35,0,1
2017,Antdell & Ernie,8,93,Theo Riddick,RB,7.8,1,10,bonus_exclusive,-113.3,37.35,-29.55,0,1
2017,Pung & Tralie,8,94,Adrian Peterson,RB,0.0,0,,bonus_exclusive,-121.1,37.35,-37.35,0,1
2017,Cambrias,8,95,Rob Kelley,RB,3.0,1,28,bonus_exclusive,-118.1,37.35,-34.35,0,1
2017,LFTLR,8,96,O.J. Howard,TE,0.0,0,-56.7,bonus_exclusive,-7.8,37.35,-37.35,0,1
2017,LFTLR,9,97,Zach Ertz,TE,129.8,8,24.2,bonus_exclusive,122.0,28.95,100.85,1,0
2017,Cambrias,9,98,Philip Rivers,QB,149.9,9,-10.7,bonus_exclusive,51.4,28.95,120.95,1,0
2017,Pung & Tralie,9,99,Randall Cobb,WR,43.6,5,6.8,bonus_exclusive,-73.5,28.95,14.65,1,0
2017,Antdell & Ernie,9,100,Denver Broncos,DEF,61.0,9,-5.5,bonus_exclusive,58.0,28.95,32.05,1,0
2017,Richie,9,101,Kyle Rudolph,TE,156.9,15,17.4,bonus_exclusive,149.1,28.95,127.95,1,0
2017,Team JoeBa,9,102,Rishard Matthews,WR,7.9,1,-14,bonus_exclusive,-109.2,28.95,-21.05,0,1
2017,Phil Baldino,9,103,Eric Decker,WR,27.2,4,14.3,bonus_exclusive,-89.9,28.95,-1.75,0,0
2017,Chris & Dom,9,104,James White,RB,58.3,5,1.3,bonus_exclusive,-62.8,28.95,29.35,1,0
2017,Ronnie,9,105,Derrick Henry,RB,0.0,0,27.1,bonus_exclusive,-121.1,28.95,-28.95,0,1
2017,Nolan & Vinny,9,106,Kansas City Chiefs,DEF,29.0,5,-17.9,bonus_exclusive,26.0,28.95,0.05,0,0
2017,Frank & Julian,9,107,Eddie Lacy,RB,0.0,0,0.4,bonus_exclusive,-121.1,28.95,-28.95,0,1
2017,Rob & GregBo,9,108,Tyrell Williams,WR,3.2,1,13,bonus_exclusive,-113.9,28.95,-25.75,0,1
2017,Rob & GregBo,10,109,Jordan Matthews,TE,0.0,0,,bonus_exclusive,-7.8,26.75,-26.75,0,1
2017,Frank & Julian,10,110,Houston Texans,DEF,6.0,4,,bonus_exclusive,3.0,26.75,-20.75,0,1
2017,Nolan & Vinny,10,111,Duke Johnson,RB,45.6,4,16.8,bonus_exclusive,-75.5,26.75,18.85,1,0
2017,Ronnie,10,112,Corey Davis,WR,0.0,0,1.1,bonus_exclusive,-117.1,26.75,-26.75,0,1
2017,Chris & Dom,10,113,Jack Doyle,TE,123.2,11,-19.6,bonus_exclusive,115.4,26.75,96.45,1,0
2017,Phil Baldino,10,114,Terrance West,RB,26.5,2,27.2,bonus_exclusive,-94.6,26.75,-0.25,0,0
2017,Team JoeBa,10,115,Seattle Seahawks,DEF,98.0,11,4.7,bonus_exclusive,95.0,26.75,71.25,1,0
2017,Richie,10,116,Matthew Stafford,QB,234.64,14,-0.5,bonus_exclusive,136.14,26.75,207.89,1,0
2017,Antdell & Ernie,10,117,Kenny Britt,WR,0.0,0,-19.2,bonus_exclusive,-117.1,26.75,-26.75,0,1
2017,Pung & Tralie,10,118,Mohamed Sanu,WR,0.0,0,-44.9,bonus_exclusive,-117.1,26.75,-26.75,0,1
2017,Cambrias,10,119,Kevin White,WR,0.0,0,-8,bonus_exclusive,-117.1,26.75,-26.75,0,1
2017,LFTLR,10,120,Matt Forte,RB,0.0,0,-12.6,bonus_exclusive,-121.1,26.75,-26.75,0,1
2017,LFTLR,11,121,John Brown,WR,0.0,0,12.4,bonus_exclusive,-117.1,15.1,-15.1,0,1
2017,Cambrias,11,122,Zay Jones,WR,0.0,0,0,bonus_exclusive,-117.1,15.1,-15.1,0,1
2017,Pung & Tralie,11,123,Minnesota Vikings,DEF,2.0,1,,bonus_exclusive,-1.0,15.1,-13.1,0,1
2017,Antdell & Ernie,11,124,LeGarrette Blount,RB,0.0,0,32.1,bonus_exclusive,-121.1,15.1,-15.1,0,1
2017,Richie,11,125,Robbie Chosen,WR,0.0,0,-18.4,bonus_exclusive,-117.1,15.1,-15.1,0,1
2017,Team JoeBa,11,126,Julius Thomas,TE,4.6,1,,bonus_exclusive,-3.2,15.1,-10.5,0,1
2017,Phil Baldino,11,127,Eli Manning,QB,90.74,6,-10.1,bonus_exclusive,-7.76,15.1,75.64,1,0
2017,Chris & Dom,11,128,Stephen Gostkowski,K,166.0,15,-21.7,bonus_exclusive,166.0,15.1,150.9,1,0
2017,Ronnie,11,129,Curtis Samuel,WR,0.0,0,,bonus_exclusive,-117.1,15.1,-15.1,0,1
2017,Nolan & Vinny,11,130,Cooper Kupp,WR,72.9,7,8.7,bonus_exclusive,-44.2,15.1,57.8,1,0
2017,Frank & Julian,11,131,Justin Tucker,K,141.0,14,-14,bonus_exclusive,141.0,15.1,125.9,1,0
2017,Rob & GregBo,11,132,New England Patriots,DEF,12.0,3,4,bonus_exclusive,9.0,15.1,-3.1,0,0
2017,Rob & GregBo,12,133,Kenny Golladay,WR,1.8,1,-18.6,bonus_exclusive,-115.3,15.38,-13.58,0,1
2017,Frank & Julian,12,134,Cam Newton,QB,188.58,10,44.1,bonus_exclusive,90.08,15.38,173.2,1,0
2017,Nolan & Vinny,12,135,Will Fuller,WR,0.0,0,,bonus_exclusive,-117.1,15.38,-15.38,0,1
2017,Ronnie,12,136,Carolina Panthers,DEF,72.0,9,-25.5,bonus_exclusive,69.0,15.38,56.62,1,0
2017,Chris & Dom,12,137,Arizona Cardinals,DEF,14.0,2,1.7,bonus_exclusive,11.0,15.38,-1.38,0,0
2017,Phil Baldino,12,138,Jeremy Hill,RB,0.0,0,3.5,bonus_exclusive,-121.1,15.38,-15.38,0,1
2017,Team JoeBa,12,139,Matt Bryant,K,135.0,14,-16.7,bonus_exclusive,135.0,15.38,119.62,1,0
2017,Richie,12,140,C.J. Prosise,RB,0.0,0,10.6,bonus_exclusive,-121.1,15.38,-15.38,0,1
2017,Antdell & Ernie,12,141,Ted Ginn Jr.,WR,5.4,1,24.1,bonus_exclusive,-111.7,15.38,-9.98,0,1
2017,Pung & Tralie,12,142,Jason Witten,TE,3.2,2,-8.5,bonus_exclusive,-4.6,15.38,-12.18,0,1
2017,Cambrias,12,143,Derek Carr,QB,102.46,6,68.8,bonus_exclusive,3.96,15.38,87.08,1,0
2017,LFTLR,12,144,New York Giants,DEF,7.0,2,5.5,bonus_exclusive,4.0,15.38,-8.38,0,1
2017,LFTLR,13,145,Adam Vinatieri,K,0.0,1,-23.5,bonus_exclusive,0.0,2.5,-2.5,0,1
2017,Cambrias,13,146,Jacquizz Rodgers,RB,14.2,2,50.1,bonus_exclusive,-106.9,2.5,11.7,1,0
2017,Pung & Tralie,13,147,Dak Prescott,QB,139.62,10,34.2,bonus_exclusive,41.12,2.5,137.12,1,0
2017,Antdell & Ernie,13,148,Eric Ebron,TE,0.0,0,24,bonus_exclusive,-7.8,2.5,-2.5,0,1
2017,Richie,13,149,Alvin Kamara,RB,234.6,11,9,bonus_exclusive,113.5,2.5,232.1,1,0
2017,Team JoeBa,13,150,Carson Wentz,QB,159.32,8,17.7,bonus_exclusive,60.82,2.5,156.82,1,0
2017,Phil Baldino,13,151,Josh Doctson,WR,16.0,2,,bonus_exclusive,-101.1,2.5,13.5,1,0
2017,Chris & Dom,13,152,Vernon Davis,TE,0.0,0,,bonus_exclusive,-7.8,2.5,-2.5,0,1
2017,Ronnie,13,153,Dan Bailey,K,42.0,6,-15.2,bonus_exclusive,42.0,2.5,39.5,1,0
2017,Nolan & Vinny,13,154,Mason Crosby,K,40.0,7,-8.6,bonus_exclusive,40.0,2.5,37.5,1,0
2017,Frank & Julian,13,155,Jamaal Charles,RB,0.0,0,31.7,bonus_exclusive,-121.1,2.5,-2.5,0,1
2017,Rob & GregBo,13,156,Rex Burkhead,RB,0.0,0,42.6,bonus_exclusive,-121.1,2.5,-2.5,0,1
2017,Rob & GregBo,14,157,Andy Dalton,QB,0.0,0,30.5,bonus_exclusive,-98.5,2.5,-2.5,0,1
2017,Frank & Julian,14,158,Latavius Murray,RB,71.1,5,3.6,bonus_exclusive,-50.0,2.5,68.6,1,0
2017,Nolan & Vinny,14,159,Wendell Smallwood,RB,0.0,0,12.9,bonus_exclusive,-121.1,2.5,-2.5,0,1
2017,Ronnie,14,160,Cameron Brate,TE,4.4,1,,bonus_exclusive,-3.4,2.5,1.9,1,0
2017,Chris & Dom,14,161,Torrey Smith,WR,0.0,0,,bonus_exclusive,-117.1,2.5,-2.5,0,1
2017,Phil Baldino,14,162,Pittsburgh Steelers,DEF,73.0,8,11.2,bonus_exclusive,70.0,2.5,70.5,1,0
2017,Team JoeBa,14,163,Samaje Perine,RB,0.0,0,36.2,bonus_exclusive,-121.1,2.5,-2.5,0,1
2017,Richie,14,164,Philadelphia Eagles,DEF,133.0,13,2.4,bonus_exclusive,130.0,2.5,130.5,1,0
2017,Antdell & Ernie,14,165,Mike Wallace,WR,0.0,0,39.1,bonus_exclusive,-117.1,2.5,-2.5,0,1
2017,Pung & Tralie,14,166,Caleb Sturgis,K,13.0,1,,bonus_exclusive,13.0,2.5,10.5,1,0
2017,Cambrias,14,167,Las Vegas Raiders,DEF,3.0,1,,bonus_exclusive,0.0,2.5,0.5,0,0
2017,LFTLR,14,168,Carson Palmer,QB,0.0,0,25.7,bonus_exclusive,-98.5,2.5,-2.5,0,1
2017,LFTLR,15,169,Matt Prater,K,135.0,14,,bonus_exclusive,135.0,4.7,130.3,1,0
2017,Cambrias,15,170,Sebastian Janikowski,K,0.0,1,-2.7,bonus_exclusive,0.0,4.7,-4.7,0,1
2017,Pung & Tralie,15,171,Jonathan Stewart,RB,11.1,2,69.6,bonus_exclusive,-110.0,4.7,6.4,1,0
2017,Antdell & Ernie,15,172,Cairo Santos,K,21.0,3,,bonus_exclusive,21.0,4.7,16.3,1,0
2017,Richie,15,173,Wil Lutz,K,45.0,4,12,bonus_exclusive,45.0,4.7,40.3,1,0
2017,Team JoeBa,15,174,Sterling Shepard,WR,69.3,5,21.7,bonus_exclusive,-47.8,4.7,64.6,1,0
2017,Phil Baldino,15,175,Chris Boswell,K,74.0,8,,bonus_exclusive,74.0,4.7,69.3,1,0
2017,Chris & Dom,15,176,Dwayne Allen,TE,0.0,0,,bonus_exclusive,-7.8,4.7,-4.7,0,1
2017,Ronnie,15,177,Tyrod Taylor,QB,18.76,1,14.6,bonus_exclusive,-79.74,4.7,14.06,1,0
2017,Nolan & Vinny,15,178,,,0.0,0,,bonus_exclusive,0.0,4.7,-4.7,0,1
2017,Frank & Julian,15,179,Jacksonville Jaguars,DEF,121.0,10,,bonus_exclusive,118.0,4.7,116.3,1,0
2017,Rob & GregBo,15,180,Brandon McManus,K,33.0,4,,bonus_exclusive,33.0,4.7,28.3,1,0
2018,Frank & Julian,1,1,Todd Gurley,RB,363.3,13,-0.6,bonus_exclusive,230.4,216.8,146.5,1,0
2018,Team JoeBa,1,2,Le'Veon Bell,RB,0.0,0,-0.3,bonus_exclusive,-132.9,216.8,-216.8,0,1
2018,Pung & Tralie,1,3,Ezekiel Elliott,RB,297.9,14,-1,bonus_exclusive,165.0,216.8,81.1,0,0
2018,Nolan & Vinny,1,4,Antonio Brown,WR,323.7,15,-1.2,bonus_exclusive,125.48,216.8,106.9,0,0
2018,Richie,1,5,David Johnson,RB,39.9,3,1.2,bonus_exclusive,-93.0,216.8,-176.9,0,1
2018,Rob & GregBo,1,6,Alvin Kamara,RB,327.7,14,-0.3,bonus_exclusive,194.8,216.8,110.9,1,0
2018,Cambrias,1,7,Saquon Barkley,RB,361.6,15,0.2,bonus_exclusive,228.7,216.8,144.8,1,0
2018,Chris & Dom,1,8,DeAndre Hopkins,WR,287.4,14,-1.8,bonus_exclusive,89.18,216.8,70.6,0,0
2018,Ronnie,1,9,Kareem Hunt,RB,230.2,11,-2.3,bonus_exclusive,97.3,216.8,13.4,0,0
2018,Phil Baldino,1,10,Melvin Gordon,RB,265.9,12,1.6,bonus_exclusive,133.0,216.8,49.1,0,0
2018,LFTLR,1,11,Christian McCaffrey,RB,352.4,14,-2,bonus_exclusive,219.5,216.8,135.6,1,0
2018,Antdell & Ernie,1,12,Odell Beckham,WR,136.98,7,0.4,bonus_exclusive,-61.24,216.8,-79.82,0,0
2018,Antdell & Ernie,2,13,Julio Jones,WR,91.5,5,-1.4,bonus_exclusive,-106.72,164.35,-72.85,0,0
2018,LFTLR,2,14,Leonard Fournette,RB,88.8,5,5,bonus_exclusive,-44.1,164.35,-75.55,0,0
2018,Phil Baldino,2,15,Davante Adams,WR,308.5,14,-4.1,bonus_exclusive,110.28,164.35,144.15,1,0
2018,Ronnie,2,16,Dalvin Cook,RB,25.5,2,1,bonus_exclusive,-107.4,164.35,-138.85,0,1
2018,Chris & Dom,2,17,Keenan Allen,WR,238.9,14,-0.8,bonus_exclusive,40.68,164.35,74.55,0,0
2018,Cambrias,2,18,Michael Thomas,WR,307.6,15,1.7,bonus_exclusive,109.38,164.35,143.25,1,0
2018,Rob & GregBo,2,19,A.J. Green,WR,149.4,9,-2.8,bonus_exclusive,-48.82,164.35,-14.95,0,0
2018,Richie,2,20,Devonta Freeman,RB,14.1,2,0.8,bonus_exclusive,-118.8,164.35,-150.25,0,1
2018,Nolan & Vinny,2,21,Jordan Howard,RB,44.1,4,2.4,bonus_exclusive,-88.8,164.35,-120.25,0,1
2018,Pung & Tralie,2,22,Tyreek Hill,WR,282.9,14,-4.2,bonus_exclusive,84.68,164.35,118.55,1,0
2018,Team JoeBa,2,23,Mike Evans,WR,255.8,15,-1.7,bonus_exclusive,57.58,164.35,91.45,1,0
2018,Frank & Julian,2,24,Aaron Rodgers,QB,291.3,14,-9.8,bonus_exclusive,204.32,164.35,126.95,1,0
2018,Frank & Julian,3,25,Rob Gronkowski,TE,35.9,3,4.3,bonus_exclusive,1.1,138.2,-102.3,0,1
2018,Team JoeBa,3,26,T.Y. Hilton,WR,230.9,13,-2.1,bonus_exclusive,32.68,138.2,92.7,1,0
2018,Pung & Tralie,3,27,Amari Cooper,WR,0.0,0,-7.1,bonus_exclusive,-198.22,138.2,-138.2,0,1
2018,Nolan & Vinny,3,28,Zach Ertz,TE,275.8,15,-13.8,bonus_exclusive,241.0,138.2,137.6,1,0
2018,Richie,3,29,Larry Fitzgerald,WR,111.68,10,-9,bonus_exclusive,-86.54,138.2,-26.52,0,0
2018,Rob & GregBo,3,30,Travis Kelce,TE,273.0,14,-1.2,bonus_exclusive,238.2,138.2,134.8,1,0
2018,Cambrias,3,31,Joe Mixon,RB,231.7,13,8.3,bonus_exclusive,98.8,138.2,93.5,1,0
2018,Chris & Dom,3,32,LeSean McCoy,RB,3.1,1,3.2,bonus_exclusive,-129.8,138.2,-135.1,0,1
2018,Ronnie,3,33,Chris Hogan,WR,2.1,1,-11.6,bonus_exclusive,-196.12,138.2,-136.1,0,1
2018,Phil Baldino,3,34,Kenyan Drake,RB,62.3,5,-0.3,bonus_exclusive,-70.6,138.2,-75.9,0,1
2018,LFTLR,3,35,Adam Thielen,WR,287.8,14,1.4,bonus_exclusive,89.58,138.2,149.6,1,0
2018,Antdell & Ernie,3,36,Alex Collins,RB,71.1,7,5.9,bonus_exclusive,-61.8,138.2,-67.1,0,0
2018,Antdell & Ernie,4,37,Royce Freeman,RB,15.9,2,6,bonus_exclusive,-117.0,123.0,-107.1,0,1
2018,Phil Baldino,4,39,JuJu Smith-Schuster,WR,249.2,14,-1.7,bonus_exclusive,50.98,123.0,126.2,1,0
2018,Ronnie,4,40,Deshaun Watson,QB,186.16,9,-10.4,bonus_exclusive,99.18,123.0,63.16,1,0
2018,Chris & Dom,4,41,Greg Olsen,TE,71.3,8,-20.2,bonus_exclusive,36.5,123.0,-51.7,0,0
2018,Cambrias,4,42,Stefon Diggs,WR,55.7,3,15.9,bonus_exclusive,-142.52,123.0,-67.3,0,1
2018,Rob & GregBo,4,43,Demaryius Thomas,WR,92.4,9,-4.5,bonus_exclusive,-105.82,123.0,-30.6,0,0
2018,Richie,4,44,Dion Lewis,RB,80.1,9,-12.2,bonus_exclusive,-52.8,123.0,-42.9,0,0
2018,Nolan & Vinny,4,45,Jarvis Landry,WR,75.1,5,2.9,bonus_exclusive,-123.12,123.0,-47.9,0,0
2018,Pung & Tralie,4,46,Golden Tate,WR,150.4,12,-4,bonus_exclusive,-47.82,123.0,27.4,0,0
2018,Team JoeBa,4,47,Lamar Miller,RB,113.7,11,8.4,bonus_exclusive,-19.2,123.0,-9.3,0,0
2018,Frank & Julian,4,48,Allen Robinson,WR,99.4,10,-4.1,bonus_exclusive,-98.82,123.0,-23.6,0,0
2018,Frank & Julian,5,49,Doug Baldwin,WR,0.0,1,17.1,bonus_exclusive,-198.22,94.1,-94.1,0,1
2018,Team JoeBa,5,50,Jimmy Graham,TE,52.5,5,-2.7,bonus_exclusive,17.7,94.1,-41.6,0,0
2018,Pung & Tralie,5,51,Tom Brady,QB,86.98,4,-4.5,bonus_exclusive,0.0,94.1,-7.12,0,0
2018,Nolan & Vinny,5,52,Brandin Cooks,WR,53.2,3,0.8,bonus_exclusive,-145.02,94.1,-40.9,0,0
2018,Richie,5,53,Marvin Jones,WR,90.4,8,-5.5,bonus_exclusive,-107.82,94.1,-3.7,0,0
2018,Rob & GregBo,5,54,Jay Ajayi,RB,32.3,3,10.8,bonus_exclusive,-100.6,94.1,-61.8,0,1
2018,Cambrias,5,55,Josh Gordon,WR,111.8,9,10.6,bonus_exclusive,-86.42,94.1,17.7,0,0
2018,Chris & Dom,5,56,Russell Wilson,QB,107.88,6,-5.5,bonus_exclusive,20.9,94.1,13.78,0,0
2018,Ronnie,5,57,Evan Engram,TE,48.2,7,-17.1,bonus_exclusive,13.4,94.1,-45.9,0,0
2018,Phil Baldino,5,58,Derrick Henry,RB,14.5,1,20.7,bonus_exclusive,-118.4,94.1,-79.6,0,1
2018,LFTLR,5,59,Mark Ingram,RB,123.9,10,12.3,bonus_exclusive,-9.0,94.1,29.8,0,0
2018,Antdell & Ernie,5,60,Cam Newton,QB,282.6,14,-8.2,bonus_exclusive,195.62,94.1,188.5,1,0
2018,Antdell & Ernie,6,61,Delanie Walker,TE,9.2,1,-19.3,bonus_exclusive,-25.6,74.45,-65.25,0,1
2018,LFTLR,6,62,Emmanuel Sanders,WR,198.22,14,-1.7,bonus_exclusive,0.0,74.45,123.77,1,0
2018,Phil Baldino,6,63,Trey Burton,TE,134.6,14,-7,bonus_exclusive,99.8,74.45,60.15,1,0
2018,Ronnie,6,64,Cooper Kupp,WR,97.9,7,-19.6,bonus_exclusive,-100.32,74.45,23.45,0,0
2018,Chris & Dom,6,65,Julian Edelman,WR,168.12,10,-2.4,bonus_exclusive,-30.1,74.45,93.67,1,0
2018,Cambrias,6,66,Drew Brees,QB,304.98,15,-4.7,bonus_exclusive,218.0,74.45,230.53,1,0
2018,Rob & GregBo,6,67,Michael Crabtree,WR,38.4,5,-5.5,bonus_exclusive,-159.82,74.45,-36.05,0,0
2018,Richie,6,68,Rex Burkhead,RB,12.5,2,8.5,bonus_exclusive,-120.4,74.45,-61.95,0,1
2018,Nolan & Vinny,6,69,Marshawn Lynch,RB,30.5,2,21.5,bonus_exclusive,-102.4,74.45,-43.95,0,1
2018,Pung & Tralie,6,70,Peyton Barber,RB,6.9,1,-6.5,bonus_exclusive,-126.0,74.45,-67.55,0,1
2018,Team JoeBa,6,71,Andrew Luck,QB,290.96,14,-16.8,bonus_exclusive,203.98,74.45,216.51,1,0
2018,Frank & Julian,6,72,Jamaal Williams,RB,32.3,2,9.7,bonus_exclusive,-100.6,74.45,-42.15,0,1
2018,Frank & Julian,7,73,Devin Funchess,TE,92.2,9,,bonus_exclusive,57.4,53.8,38.4,1,0
2018,Team JoeBa,7,74,Alshon Jeffery,WR,0.0,0,3.6,bonus_exclusive,-198.22,53.8,-53.8,0,1
2018,Pung & Tralie,7,75,Nelson Agholor,WR,70.7,6,-24.8,bonus_exclusive,-127.52,53.8,16.9,0,0
2018,Nolan & Vinny,7,76,Matthew Stafford,QB,86.2,5,-26.6,bonus_exclusive,-0.78,53.8,32.4,1,0
2018,Richie,7,77,Marquise Goodwin,WR,0.0,0,23.6,bonus_exclusive,-198.22,53.8,-53.8,0,1
2018,Rob & GregBo,7,78,Chris Carson,RB,132.9,10,10,bonus_exclusive,0.0,53.8,79.1,1,0
2018,Cambrias,7,79,Corey Davis,WR,55.6,4,16.7,bonus_exclusive,-142.62,53.8,1.8,0,0
2018,Chris & Dom,7,80,Tevin Coleman,RB,134.0,10,10.8,bonus_exclusive,1.1,53.8,80.2,1,0
2018,Ronnie,7,81,Will Fuller,WR,93.5,6,5.4,bonus_exclusive,-104.72,53.8,39.7,1,0
2018,Phil Baldino,7,82,John Brown,WR,82.1,6,-48,bonus_exclusive,-116.12,53.8,28.3,1,0
2018,LFTLR,7,83,Sammy Watkins,WR,69.4,6,2.2,bonus_exclusive,-128.82,53.8,15.6,0,0
2018,Antdell & Ernie,7,84,Jamison Crowder,WR,30.2,3,0.6,bonus_exclusive,-168.02,53.8,-23.6,0,0
2018,Antdell & Ernie,8,85,Carlos Hyde,RB,63.6,5,28.5,bonus_exclusive,-69.3,37.35,26.25,1,0
2018,LFTLR,8,86,Kyle Rudolph,TE,80.9,9,5.9,bonus_exclusive,46.1,37.35,43.55,1,0
2018,Phil Baldino,8,87,Jacksonville Jaguars,DEF,79.0,13,-7.2,bonus_exclusive,79.0,37.35,41.65,1,0
2018,Ronnie,8,88,Sony Michel,RB,111.4,10,11.3,bonus_exclusive,-21.5,37.35,74.05,1,0
2018,Chris & Dom,8,89,Chris Thompson,RB,66.2,5,3.8,bonus_exclusive,-66.7,37.35,28.85,1,0
2018,Cambrias,8,90,Jordan Reed,TE,34.8,3,-1,bonus_exclusive,0.0,37.35,-2.55,0,0
2018,Rob & GregBo,8,91,Philip Rivers,QB,253.98,13,-17.4,bonus_exclusive,167.0,37.35,216.63,1,0
2018,Richie,8,92,Robert Woods,WR,220.1,13,-10.3,bonus_exclusive,21.88,37.35,182.75,1,0
2018,Nolan & Vinny,8,93,Nick Chubb,RB,161.2,9,-17,bonus_exclusive,28.3,37.35,123.85,1,0
2018,Pung & Tralie,8,94,Sterling Shepard,WR,0.0,0,-18.6,bonus_exclusive,-198.22,37.35,-37.35,0,1
2018,Team JoeBa,8,95,Isaiah Crowell,RB,81.9,6,11.9,bonus_exclusive,-51.0,37.35,44.55,1,0
2018,Frank & Julian,8,96,Minnesota Vikings,DEF,85.0,7,,bonus_exclusive,85.0,37.35,47.65,1,0
2018,Frank & Julian,9,97,Jordy Nelson,WR,0.0,0,-1.1,bonus_exclusive,-198.22,28.95,-28.95,0,1
2018,Team JoeBa,9,98,Philadelphia Eagles,DEF,47.0,8,-22.8,bonus_exclusive,47.0,28.95,18.05,1,0
2018,Pung & Tralie,9,99,Marlon Mack,RB,62.2,4,9.5,bonus_exclusive,-70.7,28.95,33.25,1,0
2018,Nolan & Vinny,9,100,D.J. Moore,WR,0.0,0,-20.6,bonus_exclusive,-198.22,28.95,-28.95,0,1
2018,Richie,9,101,Kerryon Johnson,RB,72.7,5,46.4,bonus_exclusive,-60.2,28.95,43.75,1,0
2018,Rob & GregBo,9,102,Robbie Chosen,WR,0.0,0,16.7,bonus_exclusive,-198.22,28.95,-28.95,0,1
2018,Cambrias,9,103,Carson Wentz,QB,24.52,1,21,bonus_exclusive,-62.46,28.95,-4.43,0,0
2018,Chris & Dom,9,104,Los Angeles Chargers,DEF,0.0,0,,bonus_exclusive,0.0,28.95,-28.95,0,1
2018,Ronnie,9,105,Houston Texans,DEF,109.0,13,,bonus_exclusive,109.0,28.95,80.05,1,0
2018,Phil Baldino,9,106,Matt Ryan,QB,265.64,12,-7.5,bonus_exclusive,178.66,28.95,236.69,1,0
2018,LFTLR,9,107,Ben Roethlisberger,QB,269.82,13,-8,bonus_exclusive,182.84,28.95,240.87,1,0
2018,Antdell & Ernie,9,108,James White,RB,0.0,0,-1.2,bonus_exclusive,-132.9,28.95,-28.95,0,1
2018,Antdell & Ernie,10,109,Tarik Cohen,RB,0.0,0,21,bonus_exclusive,-132.9,26.75,-26.75,0,1
2018,LFTLR,10,110,Pierre Garcon,WR,0.0,0,5.2,bonus_exclusive,-198.22,26.75,-26.75,0,1
2018,Phil Baldino,10,111,James Conner,RB,267.6,12,-45.8,bonus_exclusive,134.7,26.75,240.85,1,0
2018,Ronnie,10,112,,,2.5,1,,bonus_exclusive,0.0,26.75,-24.25,0,1
2018,Chris & Dom,10,113,Randall Cobb,WR,40.4,3,19,bonus_exclusive,-157.82,26.75,13.65,1,0
2018,Cambrias,10,114,Adrian Peterson,RB,56.8,5,,bonus_exclusive,-76.1,26.75,30.05,1,0
2018,Rob & GregBo,10,115,Jordan Wilkins,RB,0.0,0,-26.5,bonus_exclusive,-132.9,26.75,-26.75,0,1
2018,Richie,10,116,Keelan Cole,WR,9.0,1,-8.8,bonus_exclusive,-189.22,26.75,-17.75,0,1
2018,Nolan & Vinny,10,117,Jack Doyle,TE,0.0,0,-2.2,bonus_exclusive,-34.8,26.75,-26.75,0,1
2018,Pung & Tralie,10,118,David Njoku,TE,109.6,11,15,bonus_exclusive,74.8,26.75,82.85,1,0
2018,Team JoeBa,10,119,George Kittle,TE,190.3,14,-16.9,bonus_exclusive,155.5,26.75,163.55,1,0
2018,Frank & Julian,10,120,Stephen Gostkowski,K,121.0,14,-27.9,bonus_exclusive,90.0,26.75,94.25,1,0
2018,Frank & Julian,11,121,Alfred Morris,RB,0.0,0,-6.3,bonus_exclusive,-132.9,15.1,-15.1,0,1
2018,Team JoeBa,11,122,Rishard Matthews,WR,0.0,0,-40.7,bonus_exclusive,-198.22,15.1,-15.1,0,1
2018,Pung & Tralie,11,123,Baltimore Ravens,DEF,22.0,3,-11.1,bonus_exclusive,22.0,15.1,6.9,0,0
2018,Nolan & Vinny,11,124,Justin Tucker,K,145.0,15,-27.5,bonus_exclusive,114.0,15.1,129.9,1,0
2018,Richie,11,125,Rashaad Penny,RB,0.0,0,50.7,bonus_exclusive,-132.9,15.1,-15.1,0,1
2018,Rob & GregBo,11,126,Kenny Stills,WR,22.5,3,19.8,bonus_exclusive,-175.72,15.1,7.4,0,0
2018,Cambrias,11,127,Giovani Bernard,RB,45.2,2,-16.7,bonus_exclusive,-87.7,15.1,30.1,1,0
2018,Chris & Dom,11,128,Greg Zuerlein,K,107.0,10,-17.5,bonus_exclusive,76.0,15.1,91.9,1,0
2018,Ronnie,11,129,Aaron Jones,RB,12.0,2,38.5,bonus_exclusive,-120.9,15.1,-3.1,0,0
2018,Phil Baldino,11,130,Mohamed Sanu,WR,0.0,0,-34,bonus_exclusive,-198.22,15.1,-15.1,0,1
2018,LFTLR,11,131,Kelvin Benjamin,TE,0.0,0,,bonus_exclusive,-34.8,15.1,-15.1,0,1
2018,Antdell & Ernie,11,132,Duke Johnson,RB,66.9,7,34.4,bonus_exclusive,-66.0,15.1,51.8,1,0
2018,Antdell & Ernie,12,133,O.J. Howard,TE,0.0,0,-21.7,bonus_exclusive,-34.8,15.38,-15.38,0,1
2018,LFTLR,12,134,Jared Cook,TE,14.9,2,,bonus_exclusive,-19.9,15.38,-0.48,0,0
2018,Phil Baldino,12,135,Jared Goff,QB,35.58,2,7,bonus_exclusive,-51.4,15.38,20.2,1,0
2018,Ronnie,12,136,Chris Boswell,K,31.0,6,-30,bonus_exclusive,0.0,15.38,15.62,1,0
2018,Chris & Dom,12,137,Cole Beasley,WR,0.0,0,,bonus_exclusive,-198.22,15.38,-15.38,0,1
2018,Cambrias,12,138,New Orleans Saints,DEF,2.0,2,-8.7,bonus_exclusive,2.0,15.38,-13.38,0,1
2018,Rob & GregBo,12,139,Calvin Ridley,WR,102.9,9,16,bonus_exclusive,-95.32,15.38,87.52,1,0
2018,Richie,12,140,Kirk Cousins,QB,238.54,13,50.9,bonus_exclusive,151.56,15.38,223.16,1,0
2018,Nolan & Vinny,12,141,Los Angeles Rams,DEF,0.0,0,,bonus_exclusive,0.0,15.38,-15.38,0,1
2018,Pung & Tralie,12,142,Matt Breida,RB,98.4,8,3.3,bonus_exclusive,-34.5,15.38,83.02,1,0
2018,Team JoeBa,12,143,Jake Elliott,K,116.0,15,-22.6,bonus_exclusive,85.0,15.38,100.62,1,0
2018,Frank & Julian,12,144,Devontae Booker,RB,0.0,0,-11.3,bonus_exclusive,-132.9,15.38,-15.38,0,1
2018,Frank & Julian,13,145,DeVante Parker,WR,1.8,1,4.2,bonus_exclusive,-196.42,2.5,-0.7,0,0
2018,Team JoeBa,13,146,Jimmy Garoppolo,QB,22.34,1,43.4,bonus_exclusive,-64.64,2.5,19.84,1,0
2018,Pung & Tralie,13,147,Dez Bryant,WR,0.0,0,,bonus_exclusive,-198.22,2.5,-2.5,0,1
2018,Nolan & Vinny,13,148,Dante Pettis,WR,0.0,0,,bonus_exclusive,-198.22,2.5,-2.5,0,1
2018,Richie,13,149,Antonio Gates,TE,0.0,0,,bonus_exclusive,-34.8,2.5,-2.5,0,1
2018,Rob & GregBo,13,150,Denver Broncos,DEF,23.0,4,2.8,bonus_exclusive,23.0,2.5,20.5,1,0
2018,Cambrias,13,151,Ronald Jones,RB,0.0,0,54.1,bonus_exclusive,-132.9,2.5,-2.5,0,1
2018,Chris & Dom,13,152,Latavius Murray,RB,0.0,0,29.2,bonus_exclusive,-132.9,2.5,-2.5,0,1
2018,Ronnie,13,153,Kenny Golladay,WR,175.5,13,27.8,bonus_exclusive,-22.72,2.5,173.0,1,0
2018,Phil Baldino,13,154,Austin Ekeler,RB,0.0,0,-4.9,bonus_exclusive,-132.9,2.5,-2.5,0,1
2018,LFTLR,13,155,Corey Clement,RB,50.1,4,38.6,bonus_exclusive,-82.8,2.5,47.6,1,0
2018,Antdell & Ernie,13,156,Chicago Bears,DEF,175.0,14,-6.9,bonus_exclusive,175.0,2.5,172.5,1,0
2018,Antdell & Ernie,14,157,Matt Bryant,K,52.0,6,-11,bonus_exclusive,21.0,2.5,49.5,1,0
2018,LFTLR,14,158,Matt Prater,K,42.0,5,-12.2,bonus_exclusive,11.0,2.5,39.5,1,0
2018,Phil Baldino,14,159,Michael Gallup,WR,0.0,0,26.1,bonus_exclusive,-198.22,2.5,-2.5,0,1
2018,Ronnie,14,160,Derek Carr,QB,0.0,0,13.9,bonus_exclusive,-86.98,2.5,-2.5,0,1
2018,Chris & Dom,14,161,Tyler Lockett,WR,10.3,1,31.4,bonus_exclusive,-187.92,2.5,7.8,1,0
2018,Cambrias,14,162,Wil Lutz,K,149.0,15,1.1,bonus_exclusive,118.0,2.5,146.5,1,0
2018,Rob & GregBo,14,163,Mason Crosby,K,107.0,12,-5.7,bonus_exclusive,76.0,2.5,104.5,1,0
2018,Richie,14,164,New England Patriots,DEF,31.0,5,-0.9,bonus_exclusive,31.0,2.5,28.5,1,0
2018,Nolan & Vinny,14,165,LeGarrette Blount,RB,0.0,0,29.3,bonus_exclusive,-132.9,2.5,-2.5,0,1
2018,Pung & Tralie,14,166,Patrick Mahomes,QB,268.98,10,46.6,bonus_exclusive,182.0,2.5,266.48,1,0
2018,Team JoeBa,14,167,Allen Hurns,WR,3.0,1,43.9,bonus_exclusive,-195.22,2.5,0.5,0,0
2018,Frank & Julian,14,168,Ricky Seals-Jones,TE,0.0,0,10.9,bonus_exclusive,-34.8,2.5,-2.5,0,1
2018,Frank & Julian,15,169,Dede Westbrook,WR,0.0,0,17.4,bonus_exclusive,-198.22,4.7,-4.7,0,1
2018,Team JoeBa,15,170,Bilal Powell,RB,7.3,1,41.7,bonus_exclusive,-125.6,4.7,2.6,1,0
2018,Pung & Tralie,15,171,Harrison Butker,K,133.0,14,1,bonus_exclusive,102.0,4.7,128.3,1,0
2018,Nolan & Vinny,15,172,Dallas Goedert,TE,0.0,0,,bonus_exclusive,-34.8,4.7,-4.7,0,1
2018,Richie,15,173,Robbie Gould,K,92.0,10,0.7,bonus_exclusive,61.0,4.7,87.3,1,0
2018,Rob & GregBo,15,174,Eric Ebron,TE,0.0,0,20.9,bonus_exclusive,-34.8,4.7,-4.7,0,1
2018,Cambrias,15,175,Mike Gesicki,TE,0.0,0,18.3,bonus_exclusive,-34.8,4.7,-4.7,0,1
2018,Chris & Dom,15,176,Anthony Miller,WR,0.0,0,40.9,bonus_exclusive,-198.22,4.7,-4.7,0,1
2018,Ronnie,15,177,John Ross,WR,0.0,0,22.2,bonus_exclusive,-198.22,4.7,-4.7,0,1
2018,Phil Baldino,15,178,Josh Lambo,K,40.0,6,,bonus_exclusive,9.0,4.7,35.3,1,0
2018,LFTLR,15,179,Pittsburgh Steelers,DEF,51.0,6,15.1,bonus_exclusive,51.0,4.7,46.3,1,0
2018,Antdell & Ernie,15,180,Chris Godwin,WR,0.0,0,37,bonus_exclusive,-198.22,4.7,-4.7,0,1
2019,Ronnie,1,1,Alvin Kamara,RB,228.82,13,-1.7,bonus_exclusive,8.32,216.8,12.02,0,0
2019,Frank & Julian,1,2,Saquon Barkley,RB,223.4,12,0.7,bonus_exclusive,2.9,216.8,6.6,0,0
2019,Richie,1,3,Christian McCaffrey,RB,423.9,14,-0.1,bonus_exclusive,203.4,216.8,207.1,1,0
2019,Team JoeBa,1,4,DeAndre Hopkins,WR,242.34,14,-5.4,bonus_exclusive,50.34,216.8,25.54,0,0
2019,Cambrias,1,5,Ezekiel Elliott,RB,261.0,14,1.2,bonus_exclusive,40.5,216.8,44.2,0,0
2019,Phil Baldino,1,6,David Johnson,RB,122.5,8,-0.2,bonus_exclusive,-98.0,216.8,-94.3,0,0
2019,Chris & Dom,1,7,James Conner,RB,127.2,8,0.2,bonus_exclusive,-93.3,216.8,-89.6,0,0
2019,Nolan & Vinny,1,8,Davante Adams,WR,62.8,4,-1.1,bonus_exclusive,-129.2,216.8,-154.0,0,1
2019,Rob & GregBo,1,9,Julio Jones,WR,259.3,15,-1.5,bonus_exclusive,67.3,216.8,42.5,0,0
2019,Antdell & Ernie,1,10,Nick Chubb,RB,245.5,14,1.3,bonus_exclusive,25.0,216.8,28.7,0,0
2019,LFTLR,1,11,Le'Veon Bell,RB,189.0,14,2.9,bonus_exclusive,-31.5,216.8,-27.8,0,0
2019,Pung & Tralie,1,12,Todd Gurley,RB,31.1,3,-3,bonus_exclusive,-189.4,216.8,-185.7,0,1
2019,Pung & Tralie,2,13,Travis Kelce,TE,87.7,6,-4.1,bonus_exclusive,74.0,164.35,-76.65,0,0
2019,LFTLR,2,14,Michael Thomas,WR,335.3,14,2.2,bonus_exclusive,143.3,164.35,170.95,1,0
2019,Antdell & Ernie,2,15,JuJu Smith-Schuster,WR,44.3,3,0.4,bonus_exclusive,-147.7,164.35,-120.05,0,1
2019,Rob & GregBo,2,16,Dalvin Cook,RB,292.4,14,3.3,bonus_exclusive,71.9,164.35,128.05,1,0
2019,Nolan & Vinny,2,17,Odell Beckham,WR,53.8,3,2,bonus_exclusive,-138.2,164.35,-110.55,0,1
2019,Chris & Dom,2,18,Tyreek Hill,WR,178.2,11,1.3,bonus_exclusive,-13.8,164.35,13.85,0,0
2019,Phil Baldino,2,19,Patrick Mahomes,QB,250.54,12,0.5,bonus_exclusive,202.64,164.35,86.19,1,0
2019,Cambrias,2,20,Antonio Brown,WR,16.1,1,-3.3,bonus_exclusive,-175.9,164.35,-148.25,0,1
2019,Team JoeBa,2,21,Mike Evans,WR,219.6,12,0.5,bonus_exclusive,27.6,164.35,55.25,0,0
2019,Richie,2,22,Keenan Allen,WR,103.3,5,-3.4,bonus_exclusive,-88.7,164.35,-61.05,0,0
2019,Frank & Julian,2,23,Joe Mixon,RB,31.6,4,5.4,bonus_exclusive,-188.9,164.35,-132.75,0,1
2019,Ronnie,2,24,Adam Thielen,WR,114.4,10,0.2,bonus_exclusive,-77.6,164.35,-49.95,0,0
2019,Ronnie,3,25,Damien Williams,RB,82.1,7,-1.4,bonus_exclusive,-138.4,138.2,-56.1,0,0
2019,Frank & Julian,3,26,Zach Ertz,TE,38.0,3,-9.7,bonus_exclusive,24.3,138.2,-100.2,0,1
2019,Richie,3,27,George Kittle,TE,187.5,13,-4.1,bonus_exclusive,173.8,138.2,49.3,0,0
2019,Team JoeBa,3,28,Chris Carson,RB,220.5,14,3.8,bonus_exclusive,0.0,138.2,82.3,1,0
2019,Cambrias,3,29,Aaron Jones,RB,242.3,13,1.7,bonus_exclusive,21.8,138.2,104.1,1,0
2019,Phil Baldino,3,30,Leonard Fournette,RB,245.9,14,9.7,bonus_exclusive,25.4,138.2,107.7,1,0
2019,Chris & Dom,3,31,Julian Edelman,WR,250.68,15,-8.7,bonus_exclusive,58.68,138.2,112.48,1,0
2019,Nolan & Vinny,3,32,Josh Jacobs,RB,162.3,13,-0.1,bonus_exclusive,-58.2,138.2,24.1,0,0
2019,Rob & GregBo,3,33,Amari Cooper,WR,233.7,15,-1.4,bonus_exclusive,41.7,138.2,95.5,1,0
2019,Antdell & Ernie,3,34,Stefon Diggs,WR,175.9,12,1.1,bonus_exclusive,-16.1,138.2,37.7,0,0
2019,LFTLR,3,35,Robert Woods,WR,192.0,14,-7.2,bonus_exclusive,0.0,138.2,53.8,0,0
2019,Pung & Tralie,3,36,James White,RB,139.4,12,-25.5,bonus_exclusive,-81.1,138.2,1.2,0,0
2019,Pung & Tralie,4,37,Tyler Lockett,WR,209.8,14,-6.8,bonus_exclusive,17.8,123.0,86.8,1,0
2019,LFTLR,4,38,Sony Michel,RB,128.1,14,2.6,bonus_exclusive,-92.4,123.0,5.1,0,0
2019,Antdell & Ernie,4,39,Brandin Cooks,WR,72.1,6,0.4,bonus_exclusive,-119.9,123.0,-50.9,0,0
2019,Rob & GregBo,4,40,Kerryon Johnson,RB,68.4,6,10.4,bonus_exclusive,-152.1,123.0,-54.6,0,0
2019,Nolan & Vinny,4,41,Melvin Gordon,RB,0.0,0,1,bonus_exclusive,-220.5,123.0,-123.0,0,1
2019,Chris & Dom,4,42,Devonta Freeman,RB,188.3,13,12.6,bonus_exclusive,-32.2,123.0,65.3,1,0
2019,Phil Baldino,4,43,Chris Godwin,WR,47.4,3,0.1,bonus_exclusive,-144.6,123.0,-75.6,0,1
2019,Cambrias,4,44,Cooper Kupp,WR,233.1,14,-2,bonus_exclusive,41.1,123.0,110.1,1,0
2019,Team JoeBa,4,45,Derrick Henry,RB,231.6,14,4.5,bonus_exclusive,11.1,123.0,108.6,1,0
2019,Richie,4,46,David Montgomery,RB,87.3,8,15.5,bonus_exclusive,-133.2,123.0,-35.7,0,0
2019,Frank & Julian,4,47,T.Y. Hilton,WR,71.2,4,-6.6,bonus_exclusive,-120.8,123.0,-51.8,0,0
2019,Ronnie,4,48,Jarvis Landry,WR,147.2,10,-21.1,bonus_exclusive,-44.8,123.0,24.2,0,0
2019,Ronnie,5,49,Calvin Ridley,WR,180.6,12,-8.2,bonus_exclusive,-11.4,94.1,86.5,1,0
2019,Frank & Julian,5,50,Deshaun Watson,QB,320.98,15,3.7,bonus_exclusive,273.08,94.1,226.88,1,0
2019,Richie,5,51,Tyler Boyd,WR,151.4,9,-3.2,bonus_exclusive,-40.6,94.1,57.3,1,0
2019,Team JoeBa,5,52,Aaron Rodgers,QB,238.5,13,-4.3,bonus_exclusive,190.6,94.1,144.4,1,0
2019,Cambrias,5,53,Alshon Jeffery,WR,22.1,2,-18.1,bonus_exclusive,-169.9,94.1,-72.0,0,1
2019,Phil Baldino,5,54,Kenny Golladay,WR,219.2,14,5.7,bonus_exclusive,27.2,94.1,125.1,1,0
2019,Chris & Dom,5,55,Duke Johnson,RB,16.1,2,4.7,bonus_exclusive,-204.4,94.1,-78.0,0,1
2019,Nolan & Vinny,5,56,Josh Gordon,WR,54.8,6,6.5,bonus_exclusive,-137.2,94.1,-39.3,0,0
2019,Rob & GregBo,5,57,Phillip Lindsay,RB,163.4,14,7.4,bonus_exclusive,-57.1,94.1,69.3,1,0
2019,Antdell & Ernie,5,58,Marlon Mack,RB,107.5,8,14.1,bonus_exclusive,-113.0,94.1,13.4,0,0
2019,LFTLR,5,59,O.J. Howard,TE,5.2,1,4.5,bonus_exclusive,-8.5,94.1,-88.9,0,1
2019,Pung & Tralie,5,60,Austin Ekeler,RB,261.8,14,1.5,bonus_exclusive,41.3,94.1,167.7,1,0
2019,Pung & Tralie,6,61,Dede Westbrook,WR,14.2,1,-2.9,bonus_exclusive,-177.8,74.45,-60.25,0,1
2019,LFTLR,6,62,Tarik Cohen,RB,27.2,3,-14.6,bonus_exclusive,-193.3,74.45,-47.25,0,1
2019,Antdell & Ernie,6,63,Evan Engram,TE,109.4,8,5,bonus_exclusive,95.7,74.45,34.95,0,0
2019,Rob & GregBo,6,64,Carson Wentz,QB,211.62,12,-10.4,bonus_exclusive,163.72,74.45,137.17,1,0
2019,Nolan & Vinny,6,65,Hunter Henry,TE,79.8,8,1.8,bonus_exclusive,66.1,74.45,5.35,0,0
2019,Chris & Dom,6,66,D.J. Moore,WR,192.0,12,-0.7,bonus_exclusive,0.0,74.45,117.55,1,0
2019,Phil Baldino,6,67,Derrius Guice,RB,6.8,1,-1.7,bonus_exclusive,-213.7,74.45,-67.65,0,1
2019,Cambrias,6,68,Mark Ingram,RB,231.6,14,30.4,bonus_exclusive,11.1,74.45,157.15,1,0
2019,Team JoeBa,6,69,Jared Cook,TE,102.8,9,-4.3,bonus_exclusive,89.1,74.45,28.35,0,0
2019,Richie,6,70,Miles Sanders,RB,6.7,1,16.9,bonus_exclusive,-213.8,74.45,-67.75,0,1
2019,Frank & Julian,6,71,Robbie Chosen,WR,5.3,1,-2.2,bonus_exclusive,-186.7,74.45,-69.15,0,1
2019,Ronnie,6,72,,,54.9,6,,bonus_exclusive,0.0,74.45,-19.55,0,0
2019,Ronnie,7,73,Matt Ryan,QB,233.72,13,2.2,bonus_exclusive,185.82,53.8,179.92,1,0
2019,Frank & Julian,7,74,Allen Robinson,WR,221.4,14,-2.1,bonus_exclusive,29.4,53.8,167.6,1,0
2019,Richie,7,75,Marvin Jones,WR,42.8,3,-19.2,bonus_exclusive,-149.2,53.8,-11.0,0,0
2019,Team JoeBa,7,76,A.J. Green,WR,0.0,0,11.9,bonus_exclusive,-192.0,53.8,-53.8,0,1
2019,Cambrias,7,77,Vance McDonald,TE,7.5,2,0.2,bonus_exclusive,-6.2,53.8,-46.3,0,1
2019,Phil Baldino,7,78,Devin Singletary,RB,11.7,1,-6.1,bonus_exclusive,-208.8,53.8,-42.1,0,1
2019,Chris & Dom,7,79,Emmanuel Sanders,WR,62.4,7,-7.2,bonus_exclusive,-129.6,53.8,8.6,0,0
2019,Nolan & Vinny,7,80,Jared Goff,QB,47.9,4,-3.5,bonus_exclusive,0.0,53.8,-5.9,0,0
2019,Rob & GregBo,7,81,Christian Kirk,WR,15.9,1,-9.6,bonus_exclusive,-176.1,53.8,-37.9,0,1
2019,Antdell & Ernie,7,82,Latavius Murray,RB,0.0,0,14.1,bonus_exclusive,-220.5,53.8,-53.8,0,1
2019,LFTLR,7,83,Tevin Coleman,RB,60.1,8,26.3,bonus_exclusive,-160.4,53.8,6.3,0,0
2019,Pung & Tralie,7,84,Sterling Shepard,WR,0.0,0,-9.6,bonus_exclusive,-192.0,53.8,-53.8,0,1
2019,Pung & Tralie,8,85,Baker Mayfield,QB,24.4,2,18.1,bonus_exclusive,-23.5,37.35,-12.95,0,0
2019,LFTLR,8,86,Cam Newton,QB,16.68,2,-10.1,bonus_exclusive,-31.22,37.35,-20.67,0,1
2019,Antdell & Ernie,8,87,Matt Breida,RB,32.8,4,7.6,bonus_exclusive,-187.7,37.35,-4.55,0,0
2019,Rob & GregBo,8,88,David Njoku,TE,13.7,2,5.5,bonus_exclusive,0.0,37.35,-23.65,0,1
2019,Nolan & Vinny,8,89,Jordan Howard,RB,7.5,1,-12.9,bonus_exclusive,-213.0,37.35,-29.85,0,1
2019,Chris & Dom,8,90,Drew Brees,QB,178.3,8,10.5,bonus_exclusive,130.4,37.35,140.95,1,0
2019,Phil Baldino,8,91,Corey Davis,WR,0.0,0,-17.7,bonus_exclusive,-192.0,37.35,-37.35,0,1
2019,Cambrias,8,92,Justice Hill,RB,0.0,0,-20.8,bonus_exclusive,-220.5,37.35,-37.35,0,1
2019,Team JoeBa,8,93,Kenyan Drake,RB,131.7,8,8.8,bonus_exclusive,-88.8,37.35,94.35,1,0
2019,Richie,8,94,Will Fuller,WR,64.7,3,9.9,bonus_exclusive,-127.3,37.35,27.35,1,0
2019,Frank & Julian,8,95,LeSean McCoy,RB,46.6,5,-10,bonus_exclusive,-173.9,37.35,9.25,0,0
2019,Ronnie,8,96,Jamison Crowder,WR,0.0,0,-35.1,bonus_exclusive,-192.0,37.35,-37.35,0,1
2019,Ronnie,9,97,Royce Freeman,RB,59.6,6,-2.1,bonus_exclusive,-160.9,28.95,30.65,1,0
2019,Frank & Julian,9,98,Sammy Watkins,WR,69.1,3,0.3,bonus_exclusive,-122.9,28.95,40.15,1,0
2019,Richie,9,99,Kalen Ballage,RB,0.0,0,-29,bonus_exclusive,-220.5,28.95,-28.95,0,1
2019,Team JoeBa,9,100,Marquez Valdes-Scantling,WR,31.8,3,-1.1,bonus_exclusive,-160.2,28.95,2.85,0,0
2019,Cambrias,9,101,Lamar Jackson,QB,333.7,12,4.5,bonus_exclusive,285.8,28.95,304.75,1,0
2019,Phil Baldino,9,102,Curtis Samuel,WR,7.4,1,20.7,bonus_exclusive,-184.6,28.95,-21.55,0,1
2019,Chris & Dom,9,103,Chicago Bears,DEF,89.0,12,12.3,bonus_exclusive,89.0,28.95,60.05,1,0
2019,Nolan & Vinny,9,104,Donte Moncrief,WR,0.0,0,-13.6,bonus_exclusive,-192.0,28.95,-28.95,0,1
2019,Rob & GregBo,9,105,Dante Pettis,WR,2.1,1,0.3,bonus_exclusive,-189.9,28.95,-26.85,0,1
2019,Antdell & Ernie,9,106,Geronimo Allison,WR,0.0,0,7.3,bonus_exclusive,-192.0,28.95,-28.95,0,1
2019,LFTLR,9,107,Delanie Walker,TE,32.0,5,2.4,bonus_exclusive,18.3,28.95,3.05,0,0
2019,Pung & Tralie,9,108,Darrell Henderson,RB,0.0,0,9.6,bonus_exclusive,-220.5,28.95,-28.95,0,1
2019,Pung & Tralie,10,109,Tyrell Williams,WR,15.6,1,-24.6,bonus_exclusive,-176.4,26.75,-11.15,0,0
2019,LFTLR,10,110,Golden Tate,WR,70.1,5,-18.4,bonus_exclusive,-121.9,26.75,43.35,1,0
2019,Antdell & Ernie,10,111,Jameis Winston,QB,260.48,13,5.7,bonus_exclusive,212.58,26.75,233.73,1,0
2019,Rob & GregBo,10,112,DeSean Jackson,WR,1.5,1,-10.4,bonus_exclusive,-190.5,26.75,-25.25,0,1
2019,Nolan & Vinny,10,113,Larry Fitzgerald,WR,38.4,4,0.8,bonus_exclusive,-153.6,26.75,11.65,0,0
2019,Chris & Dom,10,114,Trey Burton,TE,0.0,0,-41,bonus_exclusive,-13.7,26.75,-26.75,0,1
2019,Phil Baldino,10,115,Austin Hooper,TE,110.0,6,-4.1,bonus_exclusive,96.3,26.75,83.25,1,0
2019,Cambrias,10,116,Tony Pollard,RB,0.0,0,33.1,bonus_exclusive,-220.5,26.75,-26.75,0,1
2019,Team JoeBa,10,117,Jacksonville Jaguars,DEF,76.0,11,1.2,bonus_exclusive,76.0,26.75,49.25,1,0
2019,Richie,10,118,Michael Gallup,WR,115.9,10,1.1,bonus_exclusive,-76.1,26.75,89.15,1,0
2019,Frank & Julian,10,119,Los Angeles Rams,DEF,105.0,12,,bonus_exclusive,105.0,26.75,78.25,1,0
2019,Ronnie,10,120,Greg Olsen,TE,120.5,13,-33.8,bonus_exclusive,106.8,26.75,93.75,1,0
2019,Ronnie,11,121,Jaylen Samuels,RB,0.0,0,-3.5,bonus_exclusive,-220.5,15.1,-15.1,0,1
2019,Frank & Julian,11,122,Kenny Stills,WR,0.0,0,,bonus_exclusive,-192.0,15.1,-15.1,0,1
2019,Richie,11,123,Rashaad Penny,RB,0.0,0,29.3,bonus_exclusive,-220.5,15.1,-15.1,0,1
2019,Team JoeBa,11,124,Dallas Goedert,TE,0.0,0,,bonus_exclusive,-13.7,15.1,-15.1,0,1
2019,Cambrias,11,125,Russell Wilson,QB,16.6,1,32.3,bonus_exclusive,-31.3,15.1,1.5,0,0
2019,Phil Baldino,11,126,DK Metcalf,WR,58.2,7,-8.9,bonus_exclusive,-133.8,15.1,43.1,1,0
2019,Chris & Dom,11,127,Ito Smith,RB,0.0,0,-26.5,bonus_exclusive,-220.5,15.1,-15.1,0,1
2019,Nolan & Vinny,11,128,Justin Tucker,K,129.0,14,-16.8,bonus_exclusive,123.0,15.1,113.9,1,0
2019,Rob & GregBo,11,129,John Brown,WR,0.0,0,-2.3,bonus_exclusive,-192.0,15.1,-15.1,0,1
2019,Antdell & Ernie,11,130,Anthony Miller,WR,0.0,0,4.3,bonus_exclusive,-192.0,15.1,-15.1,0,1
2019,LFTLR,11,131,Carlos Hyde,RB,0.0,0,-20.6,bonus_exclusive,-220.5,15.1,-15.1,0,1
2019,Pung & Tralie,11,132,Adam Humphries,WR,0.0,0,,bonus_exclusive,-192.0,15.1,-15.1,0,1
2019,Pung & Tralie,12,133,Chris Thompson,RB,0.0,0,,bonus_exclusive,-220.5,15.38,-15.38,0,1
2019,LFTLR,12,134,Jake Elliott,K,91.0,15,-32.1,bonus_exclusive,85.0,15.38,75.62,1,0
2019,Antdell & Ernie,12,135,Justin Jackson,RB,0.0,0,30.3,bonus_exclusive,-220.5,15.38,-15.38,0,1
2019,Rob & GregBo,12,136,Peyton Barber,RB,0.0,0,2.5,bonus_exclusive,-220.5,15.38,-15.38,0,1
2019,Nolan & Vinny,12,137,Minnesota Vikings,DEF,121.0,13,,bonus_exclusive,121.0,15.38,105.62,1,0
2019,Chris & Dom,12,138,Greg Zuerlein,K,121.0,15,-9.1,bonus_exclusive,115.0,15.38,105.62,1,0
2019,Phil Baldino,12,139,Stephen Gostkowski,K,33.0,4,-21.4,bonus_exclusive,27.0,15.38,17.62,1,0
2019,Cambrias,12,140,Baltimore Ravens,DEF,53.0,6,21,bonus_exclusive,53.0,15.38,37.62,1,0
2019,Team JoeBa,12,141,Wil Lutz,K,76.0,8,-18,bonus_exclusive,70.0,15.38,60.62,1,0
2019,Richie,12,142,Alexander Mattison,RB,0.0,0,12.7,bonus_exclusive,-220.5,15.38,-15.38,0,1
2019,Frank & Julian,12,143,Dion Lewis,RB,0.0,0,3.5,bonus_exclusive,-220.5,15.38,-15.38,0,1
2019,Ronnie,12,144,Denver Broncos,DEF,0.0,1,-1,bonus_exclusive,0.0,15.38,-15.38,0,1
2019,Ronnie,13,145,Harrison Butker,K,158.0,15,-10.8,bonus_exclusive,152.0,2.5,155.5,1,0
2019,Frank & Julian,13,146,Giovani Bernard,RB,0.0,0,-9.3,bonus_exclusive,-220.5,2.5,-2.5,0,1
2019,Richie,13,147,Dak Prescott,QB,290.7,14,20.3,bonus_exclusive,242.8,2.5,288.2,1,0
2019,Team JoeBa,13,148,Derek Carr,QB,23.96,2,-14.1,bonus_exclusive,-23.94,2.5,21.46,1,0
2019,Cambrias,13,149,James Washington,WR,0.0,0,35.6,bonus_exclusive,-192.0,2.5,-2.5,0,1
2019,Phil Baldino,13,150,Philadelphia Eagles,DEF,3.0,2,-10.9,bonus_exclusive,3.0,2.5,0.5,0,0
2019,Chris & Dom,13,151,Philip Rivers,QB,102.8,7,32.1,bonus_exclusive,54.9,2.5,100.3,1,0
2019,Nolan & Vinny,13,152,Adrian Peterson,RB,11.2,1,,bonus_exclusive,-209.3,2.5,8.7,1,0
2019,Rob & GregBo,13,153,Tom Brady,QB,40.32,2,41.9,bonus_exclusive,-7.58,2.5,37.82,1,0
2019,Antdell & Ernie,13,154,Darwin Thompson,RB,0.0,0,70.8,bonus_exclusive,-220.5,2.5,-2.5,0,1
2019,LFTLR,13,155,Kirk Cousins,QB,0.0,0,21.6,bonus_exclusive,-47.9,2.5,-2.5,0,1
2019,Pung & Tralie,13,156,Kyler Murray,QB,111.36,6,45.6,bonus_exclusive,63.46,2.5,108.86,1,0
2019,Pung & Tralie,14,157,Robbie Gould,K,29.0,3,-11.7,bonus_exclusive,23.0,2.5,26.5,1,0
2019,LFTLR,14,158,Seattle Seahawks,DEF,77.0,10,-4.4,bonus_exclusive,77.0,2.5,74.5,1,0
2019,Antdell & Ernie,14,159,Dallas Cowboys,DEF,34.0,5,12.9,bonus_exclusive,34.0,2.5,31.5,1,0
2019,Rob & GregBo,14,160,Los Angeles Chargers,DEF,46.0,7,,bonus_exclusive,46.0,2.5,43.5,1,0
2019,Nolan & Vinny,14,161,Keke Coutee,WR,0.0,0,12.3,bonus_exclusive,-192.0,2.5,-2.5,0,1
2019,Chris & Dom,14,162,Mohamed Sanu,WR,0.0,0,-1.7,bonus_exclusive,-192.0,2.5,-2.5,0,1
2019,Phil Baldino,14,163,Ben Roethlisberger,QB,0.0,0,45,bonus_exclusive,-47.9,2.5,-2.5,0,1
2019,Cambrias,14,164,New England Patriots,DEF,0.0,0,12.6,bonus_exclusive,0.0,2.5,-2.5,0,1
2019,Team JoeBa,14,165,Damien Harris,RB,0.0,0,18.6,bonus_exclusive,-220.5,2.5,-2.5,0,1
2019,Richie,14,166,Ka'imi Fairbairn,K,37.0,6,2.5,bonus_exclusive,31.0,2.5,34.5,1,0
2019,Frank & Julian,14,167,DeVante Parker,WR,0.0,0,,bonus_exclusive,-192.0,2.5,-2.5,0,1
2019,Ronnie,14,168,Kareem Hunt,RB,68.6,5,63,bonus_exclusive,-151.9,2.5,66.1,1,0
2019,Ronnie,15,169,Mitchell Trubisky,QB,0.0,0,28.4,bonus_exclusive,-47.9,4.7,-4.7,0,1
2019,Frank & Julian,15,170,Mason Crosby,K,53.0,9,3.9,bonus_exclusive,47.0,4.7,48.3,1,0
2019,Richie,15,171,Cleveland Browns,DEF,0.0,1,33.4,bonus_exclusive,0.0,4.7,-4.7,0,1
2019,Team JoeBa,15,172,Demaryius Thomas,WR,0.0,0,6.2,bonus_exclusive,-192.0,4.7,-4.7,0,1
2019,Cambrias,15,173,Matt Bryant,K,25.0,5,,bonus_exclusive,19.0,4.7,20.3,1,0
2019,Phil Baldino,15,174,Ronald Jones,RB,0.0,0,19.3,bonus_exclusive,-220.5,4.7,-4.7,0,1
2019,Chris & Dom,15,175,Mark Andrews,TE,207.2,15,42.4,bonus_exclusive,193.5,4.7,202.5,1,0
2019,Nolan & Vinny,15,176,Albert Wilson,WR,0.0,0,,bonus_exclusive,-192.0,4.7,-4.7,0,1
2019,Rob & GregBo,15,177,Adam Vinatieri,K,6.0,2,,bonus_exclusive,0.0,4.7,1.3,0,0
2019,Antdell & Ernie,15,178,Brett Maher,K,58.0,7,10,bonus_exclusive,52.0,4.7,53.3,1,0
2019,LFTLR,15,179,Eric Ebron,TE,51.9,6,55,bonus_exclusive,38.2,4.7,47.2,1,0
2019,Pung & Tralie,15,180,San Francisco 49ers,DEF,0.0,0,,bonus_exclusive,0.0,4.7,-4.7,0,1
2020,Team JoeBa,1,1,Christian McCaffrey,RB,90.4,4,-0.3,bonus_exclusive,-50.4,216.8,-126.4,0,1
2020,Rob & GregBo,1,2,Saquon Barkley,RB,15.4,2,-0.5,bonus_exclusive,-125.4,216.8,-201.4,0,1
2020,Phil Baldino,1,3,Ezekiel Elliott,RB,181.8,13,-0.7,bonus_exclusive,41.0,216.8,-35.0,0,0
2020,Antdell & Ernie,1,4,Derrick Henry,RB,298.1,15,-2.6,bonus_exclusive,157.3,216.8,81.3,0,0
2020,Ronnie,1,5,Dalvin Cook,RB,318.8,13,-1.1,bonus_exclusive,178.0,216.8,102.0,0,0
2020,Nolan & Vinny,1,6,Alvin Kamara,RB,321.6,14,1.5,bonus_exclusive,180.8,216.8,104.8,0,0
2020,Richie,1,7,Clyde Edwards-Helaire,RB,176.0,15,1.4,bonus_exclusive,35.2,216.8,-40.8,0,0
2020,Chris & Dom,1,8,Michael Thomas,WR,67.5,9,0.7,bonus_exclusive,-143.2,216.8,-149.3,0,1
2020,LFTLR,1,9,Joe Mixon,RB,99.6,6,-2.4,bonus_exclusive,-41.2,216.8,-117.2,0,1
2020,Pung & Tralie,1,10,Davante Adams,WR,317.3,12,-0.3,bonus_exclusive,106.6,216.8,100.5,0,0
2020,Frank & Julian,1,11,Tyreek Hill,WR,328.9,15,-2.6,bonus_exclusive,118.2,216.8,112.1,1,0
2020,Cambrias,1,12,Josh Jacobs,RB,200.0,13,2.9,bonus_exclusive,59.2,216.8,-16.8,0,0
2020,Cambrias,2,13,Miles Sanders,RB,140.8,11,-1.2,bonus_exclusive,0.0,164.35,-23.55,0,0
2020,Frank & Julian,2,14,Julio Jones,WR,36.3,3,-2.4,bonus_exclusive,-174.4,164.35,-128.05,0,1
2020,Pung & Tralie,2,15,Patrick Mahomes,QB,355.78,14,-3.3,bonus_exclusive,264.2,164.35,191.43,1,0
2020,LFTLR,2,16,George Kittle,TE,98.1,6,-8.7,bonus_exclusive,46.5,164.35,-66.25,0,0
2020,Chris & Dom,2,17,Nick Chubb,RB,166.6,10,4.7,bonus_exclusive,25.8,164.35,2.25,0,0
2020,Richie,2,18,Kenyan Drake,RB,91.7,9,4.8,bonus_exclusive,-49.1,164.35,-72.65,0,0
2020,Nolan & Vinny,2,19,DeAndre Hopkins,WR,267.5,14,0.1,bonus_exclusive,56.8,164.35,103.15,1,0
2020,Ronnie,2,20,Aaron Jones,RB,230.9,12,2.6,bonus_exclusive,90.1,164.35,66.55,0,0
2020,Antdell & Ernie,2,21,Austin Ekeler,RB,62.2,4,5.8,bonus_exclusive,-78.6,164.35,-102.15,0,1
2020,Phil Baldino,2,22,Travis Kelce,TE,289.96,14,2.1,bonus_exclusive,238.36,164.35,125.61,1,0
2020,Rob & GregBo,2,23,James Conner,RB,134.0,11,-0.5,bonus_exclusive,-6.8,164.35,-30.35,0,0
2020,Team JoeBa,2,24,Chris Godwin,WR,123.2,8,2,bonus_exclusive,-87.5,164.35,-41.15,0,0
2020,Team JoeBa,3,25,Odell Beckham,WR,82.32,6,-9.7,bonus_exclusive,-128.38,138.2,-55.88,0,0
2020,Rob & GregBo,3,26,Mike Evans,WR,193.7,13,-1.6,bonus_exclusive,-17.0,138.2,55.5,0,0
2020,Phil Baldino,3,27,Chris Carson,RB,166.6,10,2.7,bonus_exclusive,25.8,138.2,28.4,0,0
2020,Antdell & Ernie,3,28,Allen Robinson,WR,257.2,15,-5.3,bonus_exclusive,46.5,138.2,119.0,1,0
2020,Ronnie,3,29,Lamar Jackson,QB,218.74,11,7.6,bonus_exclusive,127.16,138.2,80.54,1,0
2020,Nolan & Vinny,3,30,David Johnson,RB,105.3,9,0.7,bonus_exclusive,-35.5,138.2,-32.9,0,0
2020,Richie,3,31,Kenny Golladay,WR,48.1,7,4.8,bonus_exclusive,-162.6,138.2,-90.1,0,1
2020,Chris & Dom,3,32,Adam Thielen,WR,237.4,13,1.8,bonus_exclusive,26.7,138.2,99.2,1,0
2020,LFTLR,3,33,Mark Ingram,RB,40.0,7,-7.9,bonus_exclusive,-100.8,138.2,-98.2,0,1
2020,Pung & Tralie,3,34,Todd Gurley,RB,139.2,10,2.9,bonus_exclusive,-1.6,138.2,1.0,0,0
2020,Frank & Julian,3,35,Mark Andrews,TE,74.3,6,-8.1,bonus_exclusive,22.7,138.2,-63.9,0,0
2020,Cambrias,3,36,JuJu Smith-Schuster,WR,62.4,5,-4.8,bonus_exclusive,-148.3,138.2,-75.8,0,1
2020,Cambrias,4,37,Zach Ertz,TE,49.8,6,-14.9,bonus_exclusive,-1.8,123.0,-73.2,0,1
2020,Frank & Julian,4,38,Le'Veon Bell,RB,14.3,2,5,bonus_exclusive,-126.5,123.0,-108.7,0,1
2020,Pung & Tralie,4,39,Melvin Gordon,RB,65.6,4,0.3,bonus_exclusive,-75.2,123.0,-57.4,0,0
2020,LFTLR,4,40,Cooper Kupp,WR,210.7,15,1.2,bonus_exclusive,0.0,123.0,87.7,1,0
2020,Chris & Dom,4,41,Jonathan Taylor,RB,101.4,8,7.7,bonus_exclusive,-39.4,123.0,-21.6,0,0
2020,Richie,4,42,D.J. Moore,WR,154.2,12,5.4,bonus_exclusive,-56.5,123.0,31.2,0,0
2020,Nolan & Vinny,4,43,Tyler Lockett,WR,225.0,14,-8.6,bonus_exclusive,14.3,123.0,102.0,1,0
2020,Ronnie,4,44,DK Metcalf,WR,250.1,14,-2.5,bonus_exclusive,39.4,123.0,127.1,1,0
2020,Antdell & Ernie,4,45,Amari Cooper,WR,196.1,13,9.4,bonus_exclusive,-14.6,123.0,73.1,1,0
2020,Phil Baldino,4,46,Calvin Ridley,WR,253.6,13,3.6,bonus_exclusive,42.9,123.0,130.6,1,0
2020,Rob & GregBo,4,47,Terry McLaurin,WR,206.8,14,-4.3,bonus_exclusive,-3.9,123.0,83.8,1,0
2020,Team JoeBa,4,48,Raheem Mostert,RB,99.7,8,-0.3,bonus_exclusive,-41.1,123.0,-23.3,0,0
2020,Team JoeBa,5,49,Darren Waller,TE,73.5,5,-15.4,bonus_exclusive,21.9,94.1,-20.6,0,0
2020,Rob & GregBo,5,50,Evan Engram,TE,45.0,6,-21.9,bonus_exclusive,-6.6,94.1,-49.1,0,1
2020,Phil Baldino,5,51,Cam Akers,RB,0.0,0,-1.2,bonus_exclusive,-140.8,94.1,-94.1,0,1
2020,Antdell & Ernie,5,52,D.J. Chark,WR,62.5,7,3.3,bonus_exclusive,-148.2,94.1,-31.6,0,0
2020,Ronnie,5,53,Stefon Diggs,WR,284.9,14,-9.7,bonus_exclusive,74.2,94.1,190.8,1,0
2020,Nolan & Vinny,5,54,Russell Wilson,QB,321.74,14,-6.3,bonus_exclusive,230.16,94.1,227.64,1,0
2020,Richie,5,55,Robert Woods,WR,237.5,15,11,bonus_exclusive,26.8,94.1,143.4,1,0
2020,Chris & Dom,5,56,A.J. Brown,WR,192.2,12,12.3,bonus_exclusive,-18.5,94.1,98.1,1,0
2020,LFTLR,5,57,Deshaun Watson,QB,326.46,14,-9.9,bonus_exclusive,234.88,94.1,232.36,1,0
2020,Pung & Tralie,5,58,Keenan Allen,WR,224.9,13,8.3,bonus_exclusive,14.2,94.1,130.8,1,0
2020,Frank & Julian,5,59,Tarik Cohen,RB,10.4,2,-40.9,bonus_exclusive,-130.4,94.1,-83.7,0,1
2020,Cambrias,5,60,Kareem Hunt,RB,184.4,14,3.3,bonus_exclusive,43.6,94.1,90.3,1,0
2020,Cambrias,6,61,T.Y. Hilton,WR,29.2,4,1.2,bonus_exclusive,-181.5,74.45,-45.25,0,1
2020,Frank & Julian,6,62,Courtland Sutton,WR,9.6,1,4.4,bonus_exclusive,-201.1,74.45,-64.85,0,1
2020,Pung & Tralie,6,63,Tyler Boyd,WR,134.7,9,-13.7,bonus_exclusive,-76.0,74.45,60.25,1,0
2020,LFTLR,6,64,San Francisco 49ers,DEF,35.0,9,-39.1,bonus_exclusive,33.0,74.45,-39.45,0,1
2020,Chris & Dom,6,65,Dak Prescott,QB,135.64,5,12,bonus_exclusive,44.06,74.45,61.19,1,0
2020,Richie,6,66,A.J. Green,WR,16.0,2,-5.2,bonus_exclusive,-194.7,74.45,-58.45,0,1
2020,Nolan & Vinny,6,67,Michael Gallup,WR,20.7,3,-2.7,bonus_exclusive,-190.0,74.45,-53.75,0,1
2020,Ronnie,6,68,Marquise Brown,WR,83.7,9,8.1,bonus_exclusive,-127.0,74.45,9.25,0,0
2020,Antdell & Ernie,6,69,Leonard Fournette,RB,71.5,7,41.1,bonus_exclusive,-69.3,74.45,-2.95,0,0
2020,Phil Baldino,6,70,Kyler Murray,QB,359.58,14,9.7,bonus_exclusive,268.0,74.45,285.13,1,0
2020,Rob & GregBo,6,71,David Montgomery,RB,186.4,11,17.8,bonus_exclusive,45.6,74.45,111.95,1,0
2020,Team JoeBa,6,72,DeVante Parker,WR,131.4,13,4.5,bonus_exclusive,-79.3,74.45,56.95,1,0
2020,Team JoeBa,7,73,Carson Wentz,QB,168.6,12,-27.6,bonus_exclusive,77.02,53.8,114.8,1,0
2020,Rob & GregBo,7,74,Matt Ryan,QB,194.06,12,-7.4,bonus_exclusive,102.48,53.8,140.26,1,0
2020,Phil Baldino,7,75,Jarvis Landry,WR,54.38,5,-10.6,bonus_exclusive,-156.32,53.8,0.58,0,0
2020,Antdell & Ernie,7,76,Will Fuller,WR,157.7,8,2.1,bonus_exclusive,-53.0,53.8,103.9,1,0
2020,Ronnie,7,77,Julian Edelman,WR,0.0,0,-4.6,bonus_exclusive,-210.7,53.8,-53.8,0,1
2020,Nolan & Vinny,7,78,Rob Gronkowski,TE,3.1,1,4.1,bonus_exclusive,-48.5,53.8,-50.7,0,1
2020,Richie,7,79,Antonio Gibson,RB,110.0,7,-2.6,bonus_exclusive,-30.8,53.8,56.2,1,0
2020,Chris & Dom,7,80,Tyler Higbee,TE,51.6,5,-15.8,bonus_exclusive,0.0,53.8,-2.2,0,0
2020,LFTLR,7,81,Marvin Jones,WR,170.9,14,-10.8,bonus_exclusive,-39.8,53.8,117.1,1,0
2020,Pung & Tralie,7,82,D'Andre Swift,RB,117.2,7,19.3,bonus_exclusive,-23.6,53.8,63.4,1,0
2020,Frank & Julian,7,83,Josh Allen,QB,376.8,15,-9.7,bonus_exclusive,285.22,53.8,323.0,1,0
2020,Cambrias,7,84,Zack Moss,RB,0.0,0,-2.5,bonus_exclusive,-140.8,53.8,-53.8,0,1
2020,Cambrias,8,85,Deebo Samuel,WR,25.8,2,-0.4,bonus_exclusive,-184.9,37.35,-11.55,0,0
2020,Frank & Julian,8,86,J.K. Dobbins,RB,7.1,1,16.4,bonus_exclusive,-133.7,37.35,-30.25,0,1
2020,Pung & Tralie,8,87,Baltimore Ravens,DEF,122.0,13,-36.1,bonus_exclusive,120.0,37.35,84.65,1,0
2020,LFTLR,8,88,Justin Tucker,K,137.0,15,-57.8,bonus_exclusive,133.0,37.35,99.65,1,0
2020,Chris & Dom,8,89,Ronald Jones,RB,86.5,6,31.9,bonus_exclusive,-54.3,37.35,49.15,1,0
2020,Richie,8,90,Jared Cook,TE,57.7,6,-28.3,bonus_exclusive,6.1,37.35,20.35,1,0
2020,Nolan & Vinny,8,91,Sony Michel,RB,0.0,0,-9.8,bonus_exclusive,-140.8,37.35,-37.35,0,1
2020,Ronnie,8,92,Phillip Lindsay,RB,18.0,2,15.9,bonus_exclusive,-122.8,37.35,-19.35,0,1
2020,Antdell & Ernie,8,93,James White,RB,0.0,0,8.7,bonus_exclusive,-140.8,37.35,-37.35,0,1
2020,Phil Baldino,8,94,Devin Singletary,RB,48.7,4,51.5,bonus_exclusive,-92.1,37.35,11.35,0,0
2020,Rob & GregBo,8,95,Diontae Johnson,WR,57.7,5,1,bonus_exclusive,-153.0,37.35,20.35,1,0
2020,Team JoeBa,8,96,John Brown,WR,60.6,5,-35.4,bonus_exclusive,-150.1,37.35,23.25,1,0
2020,Team JoeBa,9,97,Jamison Crowder,WR,77.0,7,-14,bonus_exclusive,-133.7,28.95,48.05,1,0
2020,Rob & GregBo,9,98,Hunter Henry,TE,89.5,9,2.4,bonus_exclusive,37.9,28.95,60.55,1,0
2020,Phil Baldino,9,99,Brandin Cooks,WR,78.0,6,19.2,bonus_exclusive,-132.7,28.95,49.05,1,0
2020,Antdell & Ernie,9,100,T.J. Hockenson,TE,169.8,15,-50.3,bonus_exclusive,118.2,28.95,140.85,1,0
2020,Ronnie,9,101,Henry Ruggs,WR,6.5,1,-13.1,bonus_exclusive,-204.2,28.95,-22.45,0,1
2020,Nolan & Vinny,9,102,CeeDee Lamb,WR,54.1,5,-0.6,bonus_exclusive,-156.6,28.95,25.15,1,0
2020,Richie,9,103,Sterling Shepard,WR,0.0,0,-14.2,bonus_exclusive,-210.7,28.95,-28.95,0,1
2020,Chris & Dom,9,104,Pittsburgh Steelers,DEF,138.0,14,-10.6,bonus_exclusive,136.0,28.95,109.05,1,0
2020,LFTLR,9,105,Emmanuel Sanders,WR,129.7,12,7,bonus_exclusive,-81.0,28.95,100.75,1,0
2020,Pung & Tralie,9,106,Tevin Coleman,RB,0.0,0,15.6,bonus_exclusive,-140.8,28.95,-28.95,0,1
2020,Frank & Julian,9,107,Chicago Bears,DEF,50.0,8,-28.7,bonus_exclusive,48.0,28.95,21.05,1,0
2020,Cambrias,9,108,Tom Brady,QB,188.98,10,8.3,bonus_exclusive,97.4,28.95,160.03,1,0
2020,Cambrias,10,109,Hayden Hurst,TE,64.2,6,27.3,bonus_exclusive,12.6,26.75,37.45,1,0
2020,Frank & Julian,10,110,Harrison Butker,K,71.0,8,-37,bonus_exclusive,67.0,26.75,44.25,1,0
2020,Pung & Tralie,10,111,Mecole Hardman,WR,0.0,0,13.6,bonus_exclusive,-210.7,26.75,-26.75,0,1
2020,LFTLR,10,112,Dallas Goedert,TE,92.3,10,,bonus_exclusive,40.7,26.75,65.55,1,0
2020,Chris & Dom,10,113,Darius Slayton,WR,30.2,4,9.4,bonus_exclusive,-180.5,26.75,3.45,0,0
2020,Richie,10,114,Jordan Howard,RB,0.0,0,37.9,bonus_exclusive,-140.8,26.75,-26.75,0,1
2020,Nolan & Vinny,10,115,New Orleans Saints,DEF,28.0,4,-45.9,bonus_exclusive,26.0,26.75,1.25,0,0
2020,Ronnie,10,116,Marlon Mack,RB,0.0,0,46.3,bonus_exclusive,-140.8,26.75,-26.75,0,1
2020,Antdell & Ernie,10,117,Mike Gesicki,TE,14.1,1,-22.5,bonus_exclusive,-37.5,26.75,-12.65,0,0
2020,Phil Baldino,10,118,Joe Burrow,QB,18.86,1,-25.8,bonus_exclusive,-72.72,26.75,-7.89,0,0
2020,Rob & GregBo,10,119,Justin Jefferson,WR,124.5,7,-16.4,bonus_exclusive,-86.2,26.75,97.75,1,0
2020,Team JoeBa,10,120,Kerryon Johnson,RB,15.4,3,38.8,bonus_exclusive,-125.4,26.75,-11.35,0,0
2020,Team JoeBa,11,121,Matt Breida,RB,0.0,0,28.2,bonus_exclusive,-140.8,15.1,-15.1,0,1
2020,Rob & GregBo,11,122,Bryce Love,RB,0.0,0,-9.4,bonus_exclusive,-140.8,15.1,-15.1,0,1
2020,Phil Baldino,11,123,N'Keal Harry,WR,0.0,0,-29.6,bonus_exclusive,-210.7,15.1,-15.1,0,1
2020,Antdell & Ernie,11,124,Matthew Stafford,QB,91.58,5,12.2,bonus_exclusive,0.0,15.1,76.48,1,0
2020,Ronnie,11,125,Noah Fant,TE,128.5,11,10.2,bonus_exclusive,76.9,15.1,113.4,1,0
2020,Nolan & Vinny,11,126,Wil Lutz,K,115.0,14,-29,bonus_exclusive,111.0,15.1,99.9,1,0
2020,Richie,11,127,DeSean Jackson,WR,3.1,1,3.7,bonus_exclusive,-207.6,15.1,-12.0,0,1
2020,Chris & Dom,11,128,Greg Zuerlein,K,49.0,7,-26.9,bonus_exclusive,45.0,15.1,33.9,1,0
2020,LFTLR,11,129,Cam Newton,QB,29.54,2,5.1,bonus_exclusive,-62.04,15.1,14.44,1,0
2020,Pung & Tralie,11,130,Larry Fitzgerald,WR,0.0,0,-29.9,bonus_exclusive,-210.7,15.1,-15.1,0,1
2020,Frank & Julian,11,131,Darrell Henderson,RB,0.0,0,16.7,bonus_exclusive,-140.8,15.1,-15.1,0,1
2020,Cambrias,11,132,Christian Kirk,WR,0.0,0,34.9,bonus_exclusive,-210.7,15.1,-15.1,0,1
2020,Cambrias,12,133,Buffalo Bills,DEF,15.0,3,5.5,bonus_exclusive,13.0,15.38,-0.38,0,0
2020,Frank & Julian,12,134,Allen Lazard,WR,18.2,1,7.3,bonus_exclusive,-192.5,15.38,2.82,0,0
2020,Pung & Tralie,12,135,Austin Hooper,TE,7.7,2,5.8,bonus_exclusive,-43.9,15.38,-7.68,0,0
2020,LFTLR,12,136,Latavius Murray,RB,89.6,10,37.6,bonus_exclusive,-51.2,15.38,74.22,1,0
2020,Chris & Dom,12,137,Drew Brees,QB,72.9,4,48.2,bonus_exclusive,-18.68,15.38,57.52,1,0
2020,Richie,12,138,Anthony Miller,WR,0.0,0,3.6,bonus_exclusive,-210.7,15.38,-15.38,0,1
2020,Nolan & Vinny,12,139,Jerry Jeudy,WR,0.0,0,27.4,bonus_exclusive,-210.7,15.38,-15.38,0,1
2020,Ronnie,12,140,Kansas City Chiefs,DEF,55.0,8,-11.8,bonus_exclusive,53.0,15.38,39.62,1,0
2020,Antdell & Ernie,12,141,Chase Edmonds,RB,41.3,4,34.2,bonus_exclusive,-99.5,15.38,25.92,1,0
2020,Phil Baldino,12,142,Jalen Reagor,WR,0.0,0,29.6,bonus_exclusive,-210.7,15.38,-15.38,0,1
2020,Rob & GregBo,12,143,Preston Williams,WR,6.1,1,15.6,bonus_exclusive,-204.6,15.38,-9.28,0,1
2020,Team JoeBa,12,144,Duke Johnson,RB,0.0,0,4.9,bonus_exclusive,-140.8,15.38,-15.38,0,1
2020,Team JoeBa,13,145,Minnesota Vikings,DEF,2.0,3,,bonus_exclusive,0.0,2.5,-0.5,0,0
2020,Rob & GregBo,13,146,Nyheim Hines,RB,0.0,0,-1,bonus_exclusive,-140.8,2.5,-2.5,0,1
2020,Phil Baldino,13,147,Tony Pollard,RB,0.0,0,27.9,bonus_exclusive,-140.8,2.5,-2.5,0,1
2020,Antdell & Ernie,13,148,Parris Campbell,WR,0.0,0,-2,bonus_exclusive,-210.7,2.5,-2.5,0,1
2020,Ronnie,13,149,Rodrigo Blankenship,K,128.0,14,,bonus_exclusive,124.0,2.5,125.5,1,0
2020,Nolan & Vinny,13,150,Chris Thompson,RB,0.0,0,1.8,bonus_exclusive,-140.8,2.5,-2.5,0,1
2020,Richie,13,151,Ben Roethlisberger,QB,267.22,15,23.2,bonus_exclusive,175.64,2.5,264.72,1,0
2020,Chris & Dom,13,152,Blake Jarwin,TE,0.0,0,-5.5,bonus_exclusive,-51.6,2.5,-2.5,0,1
2020,LFTLR,13,153,LeSean McCoy,RB,0.0,1,-2.6,bonus_exclusive,-140.8,2.5,-2.5,0,1
2020,Pung & Tralie,13,154,Robbie Chosen,WR,0.0,0,-3.3,bonus_exclusive,-210.7,2.5,-2.5,0,1
2020,Frank & Julian,13,155,Daniel Jones,QB,0.0,0,34.1,bonus_exclusive,-91.58,2.5,-2.5,0,1
2020,Cambrias,13,156,Boston Scott,RB,7.4,1,39.1,bonus_exclusive,-133.4,2.5,4.9,1,0
2020,Cambrias,14,157,Sammy Watkins,WR,11.8,2,16.4,bonus_exclusive,-198.9,2.5,9.3,1,0
2020,Frank & Julian,14,158,,,0.0,0,,bonus_exclusive,0.0,2.5,-2.5,0,1
2020,Pung & Tralie,14,159,Aaron Rodgers,QB,0.0,0,73.3,bonus_exclusive,-91.58,2.5,-2.5,0,1
2020,LFTLR,14,160,Brandon Aiyuk,WR,57.2,4,5.4,bonus_exclusive,-153.5,2.5,54.7,1,0
2020,Chris & Dom,14,161,Adrian Peterson,RB,0.0,0,,bonus_exclusive,-140.8,2.5,-2.5,0,1
2020,Richie,14,162,New England Patriots,DEF,11.0,1,26.7,bonus_exclusive,9.0,2.5,8.5,1,0
2020,Nolan & Vinny,14,163,Alshon Jeffery,WR,0.0,0,-0.9,bonus_exclusive,-210.7,2.5,-2.5,0,1
2020,Ronnie,14,164,Michael Pittman,WR,30.0,3,6,bonus_exclusive,-180.7,2.5,27.5,1,0
2020,Antdell & Ernie,14,165,Los Angeles Rams,DEF,0.0,0,,bonus_exclusive,-2.0,2.5,-2.5,0,1
2020,Phil Baldino,14,166,Philadelphia Eagles,DEF,33.0,4,-3.2,bonus_exclusive,31.0,2.5,30.5,1,0
2020,Rob & GregBo,14,167,Baker Mayfield,QB,0.0,0,26.2,bonus_exclusive,-91.58,2.5,-2.5,0,1
2020,Team JoeBa,14,168,Jimmy Garoppolo,QB,12.32,2,,bonus_exclusive,-79.26,2.5,9.82,1,0
2020,Team JoeBa,15,169,Matt Prater,K,32.0,4,0.2,bonus_exclusive,28.0,4.7,27.3,1,0
2020,Rob & GregBo,15,170,Tennessee Titans,DEF,12.0,5,,bonus_exclusive,10.0,4.7,7.3,1,0
2020,Phil Baldino,15,171,Robbie Gould,K,72.0,10,6.6,bonus_exclusive,68.0,4.7,67.3,1,0
2020,Antdell & Ernie,15,172,Zane Gonzalez,K,98.0,12,1.4,bonus_exclusive,94.0,4.7,93.3,1,0
2020,Ronnie,15,173,Jared Goff,QB,16.9,1,26.7,bonus_exclusive,-74.68,4.7,12.2,1,0
2020,Nolan & Vinny,15,174,Jonnu Smith,TE,98.3,10,23.2,bonus_exclusive,46.7,4.7,93.6,1,0
2020,Richie,15,175,Jake Elliott,K,34.0,5,3.3,bonus_exclusive,30.0,4.7,29.3,1,0
2020,Chris & Dom,15,176,Denver Broncos,DEF,0.0,0,7.3,bonus_exclusive,-2.0,4.7,-4.7,0,1
2020,LFTLR,15,177,Dallas Cowboys,DEF,2.0,1,8.4,bonus_exclusive,0.0,4.7,-2.7,0,1
2020,Pung & Tralie,15,178,Stephen Gostkowski,K,4.0,1,,bonus_exclusive,0.0,4.7,-0.7,0,0
2020,Frank & Julian,15,179,Chris Herndon,TE,0.0,0,24,bonus_exclusive,-51.6,4.7,-4.7,0,1
2020,Cambrias,15,180,Younghoe Koo,K,34.0,3,12.1,bonus_exclusive,30.0,4.7,29.3,1,0
2021,Nolan & Vinny,1,1,Christian McCaffrey,RB,58.4,3,-0.3,bonus_exclusive,-130.0,216.8,-158.4,0,1
2021,Richie,1,2,Dalvin Cook,RB,192.8,12,-0.5,bonus_exclusive,4.4,216.8,-24.0,0,0
2021,Pung & Tralie,1,3,Alvin Kamara,RB,216.5,12,-0.6,bonus_exclusive,28.1,216.8,-0.3,0,0
2021,John Juliano,1,4,Ezekiel Elliott,RB,238.06,15,-1.2,bonus_exclusive,49.66,216.8,21.26,0,0
2021,Antdell & Ernie,1,5,Travis Kelce,TE,249.4,16,-3.7,bonus_exclusive,226.2,216.8,32.6,0,0
2021,Chris & Dom,1,6,Derrick Henry,RB,193.3,8,2.3,bonus_exclusive,4.9,216.8,-23.5,0,0
2021,Team JoeBa,1,7,Davante Adams,WR,302.2,14,0,bonus_exclusive,113.5,216.8,85.4,0,0
2021,Phil Baldino,1,8,Austin Ekeler,RB,294.7,14,-2.7,bonus_exclusive,106.3,216.8,77.9,0,0
2021,Frank & Julian,1,9,Aaron Jones,RB,229.0,15,2.5,bonus_exclusive,40.6,216.8,12.2,0,0
2021,Cambrias,1,10,Tyreek Hill,WR,262.5,15,-1.2,bonus_exclusive,73.8,216.8,45.7,0,0
2021,Ronnie,1,11,Jonathan Taylor,RB,337.6,15,-0.9,bonus_exclusive,149.2,216.8,120.8,1,0
2021,Rob & GregBo,1,12,Stefon Diggs,WR,248.9,15,-3.6,bonus_exclusive,60.2,216.8,32.1,0,0
2021,Rob & GregBo,2,13,Nick Chubb,RB,192.0,12,5.1,bonus_exclusive,3.6,164.35,27.65,0,0
2021,Ronnie,2,14,Najee Harris,RB,286.6,15,0.7,bonus_exclusive,98.2,164.35,122.25,1,0
2021,Cambrias,2,15,Saquon Barkley,RB,122.4,10,4.8,bonus_exclusive,-66.0,164.35,-41.95,0,0
2021,Frank & Julian,2,16,DeAndre Hopkins,WR,57.5,4,-2.1,bonus_exclusive,-131.2,164.35,-106.85,0,1
2021,Phil Baldino,2,17,Darren Waller,TE,129.3,10,-5.6,bonus_exclusive,106.1,164.35,-35.05,0,0
2021,Team JoeBa,2,18,DK Metcalf,WR,202.6,15,-2.3,bonus_exclusive,13.9,164.35,38.25,0,0
2021,Chris & Dom,2,19,Calvin Ridley,WR,71.1,5,0,bonus_exclusive,-117.6,164.35,-93.25,0,1
2021,Antdell & Ernie,2,20,A.J. Brown,WR,164.1,12,-5.2,bonus_exclusive,-24.6,164.35,-0.25,0,0
2021,John Juliano,2,21,Justin Jefferson,WR,296.5,15,-2.2,bonus_exclusive,107.8,164.35,132.15,1,0
2021,Pung & Tralie,2,22,Antonio Gibson,RB,163.8,12,7.6,bonus_exclusive,-24.6,164.35,-0.55,0,0
2021,Richie,2,23,Joe Mixon,RB,272.3,15,5.7,bonus_exclusive,83.9,164.35,107.95,1,0
2021,Nolan & Vinny,2,24,Clyde Edwards-Helaire,RB,93.0,8,5.7,bonus_exclusive,-95.4,164.35,-71.35,0,0
2021,Nolan & Vinny,3,25,Keenan Allen,WR,226.8,14,-2.7,bonus_exclusive,38.1,138.2,88.6,1,0
2021,Richie,3,26,Allen Robinson,WR,37.3,5,-7.7,bonus_exclusive,-151.4,138.2,-100.9,0,1
2021,Pung & Tralie,3,27,Patrick Mahomes,QB,335.46,16,5.8,bonus_exclusive,212.7,138.2,197.26,1,0
2021,John Juliano,3,28,Terry McLaurin,WR,187.1,15,-1.5,bonus_exclusive,-1.6,138.2,48.9,0,0
2021,Antdell & Ernie,3,29,Tyler Lockett,WR,185.0,13,-22.9,bonus_exclusive,-3.7,138.2,46.8,0,0
2021,Chris & Dom,3,30,Chris Godwin,WR,242.4,15,-15.2,bonus_exclusive,53.7,138.2,104.2,1,0
2021,Team JoeBa,3,31,Miles Sanders,RB,94.8,10,-6.5,bonus_exclusive,-93.6,138.2,-43.4,0,0
2021,Phil Baldino,3,32,David Montgomery,RB,175.1,11,6.3,bonus_exclusive,-13.3,138.2,36.9,0,0
2021,Frank & Julian,3,33,CeeDee Lamb,WR,226.3,15,1.9,bonus_exclusive,37.6,138.2,88.1,1,0
2021,Cambrias,3,34,George Kittle,TE,176.7,12,4.6,bonus_exclusive,153.5,138.2,38.5,0,0
2021,Ronnie,3,35,Robert Woods,WR,137.2,9,-4.1,bonus_exclusive,-51.5,138.2,-1.0,0,0
2021,Rob & GregBo,3,36,Josh Allen,QB,357.92,15,1.4,bonus_exclusive,235.16,138.2,219.72,1,0
2021,Rob & GregBo,4,37,Cooper Kupp,WR,378.2,15,-10.4,bonus_exclusive,189.5,123.0,255.2,1,0
2021,Ronnie,4,38,Mike Evans,WR,218.5,13,-0.6,bonus_exclusive,29.8,123.0,95.5,1,0
2021,Cambrias,4,39,Chris Carson,RB,48.1,4,14.8,bonus_exclusive,-140.3,123.0,-74.9,0,1
2021,Frank & Julian,4,40,Gus Edwards,RB,0.0,0,-27.2,bonus_exclusive,-188.4,123.0,-123.0,0,1
2021,Phil Baldino,4,41,Amari Cooper,WR,163.4,13,-2.1,bonus_exclusive,-25.3,123.0,40.4,0,0
2021,Team JoeBa,4,42,D'Andre Swift,RB,188.4,11,8.3,bonus_exclusive,0.0,123.0,65.4,1,0
2021,Chris & Dom,4,43,James Robinson,RB,38.4,3,12.7,bonus_exclusive,-150.0,123.0,-84.6,0,1
2021,Antdell & Ernie,4,44,Chase Edmonds,RB,143.3,13,-14.1,bonus_exclusive,-45.1,123.0,20.3,0,0
2021,John Juliano,4,45,Kyle Pitts,TE,156.1,14,1,bonus_exclusive,132.9,123.0,33.1,0,0
2021,Pung & Tralie,4,46,D.J. Moore,WR,196.5,13,-13.9,bonus_exclusive,7.8,123.0,73.5,1,0
2021,Richie,4,47,Julio Jones,WR,48.8,5,2.7,bonus_exclusive,-139.9,123.0,-74.2,0,1
2021,Nolan & Vinny,4,48,Mark Andrews,TE,249.0,15,-5.1,bonus_exclusive,225.8,123.0,126.0,1,0
2021,Nolan & Vinny,5,49,Diontae Johnson,WR,119.6,7,0.3,bonus_exclusive,-69.1,94.1,25.5,0,0
2021,Richie,5,50,Josh Jacobs,RB,47.7,3,22.6,bonus_exclusive,-140.7,94.1,-46.4,0,0
2021,Pung & Tralie,5,51,Adam Thielen,WR,170.0,13,-1.9,bonus_exclusive,-18.7,94.1,75.9,1,0
2021,John Juliano,5,52,Damien Harris,RB,99.3,7,-1.8,bonus_exclusive,-89.1,94.1,5.2,0,0
2021,Antdell & Ernie,5,53,Russell Wilson,QB,218.8,13,-14.5,bonus_exclusive,96.04,94.1,124.7,1,0
2021,Chris & Dom,5,54,Kyler Murray,QB,259.76,12,13.5,bonus_exclusive,137.0,94.1,165.66,1,0
2021,Team JoeBa,5,55,Lamar Jackson,QB,239.98,15,6.5,bonus_exclusive,117.22,94.1,145.88,1,0
2021,Phil Baldino,5,56,Darrell Henderson,RB,139.7,10,20.3,bonus_exclusive,-48.7,94.1,45.6,0,0
2021,Frank & Julian,5,57,Dak Prescott,QB,288.76,15,-2.2,bonus_exclusive,166.0,94.1,194.66,1,0
2021,Cambrias,5,58,Chase Claypool,WR,109.9,10,-3.3,bonus_exclusive,-78.8,94.1,15.8,0,0
2021,Ronnie,5,59,Brandon Aiyuk,WR,2.5,2,3.2,bonus_exclusive,-186.2,94.1,-91.6,0,1
2021,Rob & GregBo,5,60,Javonte Williams,RB,169.1,13,2.6,bonus_exclusive,-19.3,94.1,75.0,1,0
2021,Rob & GregBo,6,61,JuJu Smith-Schuster,WR,25.6,2,-27,bonus_exclusive,-163.1,74.45,-48.85,0,1
2021,Ronnie,6,62,Aaron Rodgers,QB,216.58,10,-2.9,bonus_exclusive,93.82,74.45,142.13,1,0
2021,Cambrias,6,63,Raheem Mostert,RB,2.0,1,11.7,bonus_exclusive,-186.4,74.45,-72.45,0,1
2021,Frank & Julian,6,64,Mike Davis,RB,31.8,3,22.9,bonus_exclusive,-156.6,74.45,-42.65,0,1
2021,Phil Baldino,6,65,Tom Brady,QB,349.7,16,-11.4,bonus_exclusive,226.94,74.45,275.25,1,0
2021,Team JoeBa,6,66,T.J. Hockenson,TE,145.3,12,11.9,bonus_exclusive,122.1,74.45,70.85,1,0
2021,Chris & Dom,6,67,Odell Beckham,WR,18.8,2,-3.4,bonus_exclusive,-169.9,74.45,-55.65,0,1
2021,Antdell & Ernie,6,68,Myles Gaskin,RB,88.5,11,25.9,bonus_exclusive,-99.9,74.45,14.05,0,0
2021,John Juliano,6,69,Justin Herbert,QB,337.66,15,7.8,bonus_exclusive,214.9,74.45,263.21,1,0
2021,Pung & Tralie,6,70,Kareem Hunt,RB,10.8,1,22.5,bonus_exclusive,-177.6,74.45,-63.65,0,1
2021,Richie,6,71,Deebo Samuel,WR,133.5,7,-17.2,bonus_exclusive,-55.2,74.45,59.05,1,0
2021,Nolan & Vinny,6,72,Jalen Hurts,QB,265.9,13,-23.1,bonus_exclusive,143.14,74.45,191.45,1,0
2021,Nolan & Vinny,7,73,Jerry Jeudy,WR,7.9,1,4.9,bonus_exclusive,-180.8,53.8,-45.9,0,1
2021,Richie,7,74,Robbie Chosen,WR,27.6,3,-10.1,bonus_exclusive,-161.1,53.8,-26.2,0,0
2021,Pung & Tralie,7,75,Tee Higgins,WR,31.8,2,10.4,bonus_exclusive,-156.9,53.8,-22.0,0,0
2021,John Juliano,7,76,Trey Sermon,RB,20.3,2,9,bonus_exclusive,-168.1,53.8,-33.5,0,1
2021,Antdell & Ernie,7,77,Sony Michel,RB,10.9,1,-37.1,bonus_exclusive,-177.5,53.8,-42.9,0,1
2021,Chris & Dom,7,78,Logan Thomas,TE,53.6,6,8.4,bonus_exclusive,30.4,53.8,-0.2,0,0
2021,Team JoeBa,7,79,Antonio Brown,WR,82.1,4,-0.1,bonus_exclusive,-106.6,53.8,28.3,1,0
2021,Phil Baldino,7,80,Michael Thomas,WR,0.0,0,15.4,bonus_exclusive,-188.7,53.8,-53.8,0,1
2021,Frank & Julian,7,81,Ronald Jones,RB,4.0,2,6.5,bonus_exclusive,-184.4,53.8,-49.8,0,1
2021,Cambrias,7,82,Ja'Marr Chase,WR,138.4,7,4.7,bonus_exclusive,-50.3,53.8,84.6,1,0
2021,Ronnie,7,83,Robert Tonyan,TE,23.2,5,-9,bonus_exclusive,0.0,53.8,-30.6,0,1
2021,Rob & GregBo,7,84,Dallas Goedert,TE,144.5,14,-4.1,bonus_exclusive,121.3,53.8,90.7,1,0
2021,Rob & GregBo,8,85,Tyler Boyd,WR,41.2,4,-9.3,bonus_exclusive,-147.5,37.35,3.85,0,0
2021,Ronnie,8,86,Michael Pittman,WR,56.7,4,-11.7,bonus_exclusive,-132.0,37.35,19.35,1,0
2021,Cambrias,8,87,Ryan Tannehill,QB,14.18,1,-3.9,bonus_exclusive,-108.58,37.35,-23.17,0,1
2021,Frank & Julian,8,88,Noah Fant,TE,156.4,15,9.8,bonus_exclusive,133.2,37.35,119.05,1,0
2021,Phil Baldino,8,89,Corey Davis,WR,38.8,4,-13.3,bonus_exclusive,-149.9,37.35,1.45,0,0
2021,Team JoeBa,8,90,Los Angeles Rams,DEF,99.0,14,,bonus_exclusive,95.0,37.35,61.65,1,0
2021,Chris & Dom,8,91,Jamaal Williams,RB,0.0,0,-5.1,bonus_exclusive,-188.4,37.35,-37.35,0,1
2021,Antdell & Ernie,8,92,Brandin Cooks,WR,188.7,13,-11.3,bonus_exclusive,0.0,37.35,151.35,1,0
2021,John Juliano,8,93,Kenny Golladay,WR,17.6,1,18.1,bonus_exclusive,-171.1,37.35,-19.75,0,1
2021,Pung & Tralie,8,94,Tampa Bay Buccaneers,DEF,93.0,10,-26.3,bonus_exclusive,89.0,37.35,55.65,1,0
2021,Richie,8,95,Trey Lance,QB,0.0,0,-20.8,bonus_exclusive,-122.76,37.35,-37.35,0,1
2021,Nolan & Vinny,8,96,James Conner,RB,115.5,6,8.5,bonus_exclusive,-72.9,37.35,78.15,1,0
2021,Nolan & Vinny,9,97,DeVonta Smith,WR,59.4,6,15.6,bonus_exclusive,-129.3,28.95,30.45,1,0
2021,Richie,9,98,Tyler Higbee,TE,110.6,14,-7.5,bonus_exclusive,87.4,28.95,81.65,1,0
2021,Pung & Tralie,9,99,Marquez Callaway,WR,0.0,0,-14.2,bonus_exclusive,-188.7,28.95,-28.95,0,1
2021,John Juliano,9,100,Laviska Shenault,WR,41.6,5,7.9,bonus_exclusive,-147.1,28.95,12.65,0,0
2021,Antdell & Ernie,9,101,Zack Moss,RB,0.0,0,24.1,bonus_exclusive,-188.4,28.95,-28.95,0,1
2021,Chris & Dom,9,102,Justin Tucker,K,48.0,4,-39.4,bonus_exclusive,42.0,28.95,19.05,1,0
2021,Team JoeBa,9,103,D.J. Chark,WR,0.0,0,2.6,bonus_exclusive,-188.7,28.95,-28.95,0,1
2021,Phil Baldino,9,104,Courtland Sutton,WR,124.3,12,22.2,bonus_exclusive,-64.4,28.95,95.35,1,0
2021,Frank & Julian,9,105,Will Fuller,WR,0.0,0,-6.5,bonus_exclusive,-188.7,28.95,-28.95,0,1
2021,Cambrias,9,106,Melvin Gordon,RB,56.7,6,33.9,bonus_exclusive,-131.7,28.95,27.75,1,0
2021,Ronnie,9,107,Leonard Fournette,RB,196.1,9,21.3,bonus_exclusive,7.7,28.95,167.15,1,0
2021,Rob & GregBo,9,108,Michael Carter,DB,51.7,4,,bonus_exclusive,0.0,28.95,22.75,1,0
2021,Rob & GregBo,10,109,Gerald Everett,TE,0.0,0,-43.6,bonus_exclusive,-23.2,26.75,-26.75,0,1
2021,Ronnie,10,110,Jaylen Waddle,WR,142.6,8,4.8,bonus_exclusive,-46.1,26.75,115.85,1,0
2021,Cambrias,10,111,Kenyan Drake,RB,0.0,0,10.9,bonus_exclusive,-188.4,26.75,-26.75,0,1
2021,Frank & Julian,10,112,,,197.5,15,,bonus_exclusive,0.0,26.75,170.75,1,0
2021,Phil Baldino,10,113,AJ Dillon,RB,35.5,3,34,bonus_exclusive,-152.9,26.75,8.75,0,0
2021,Team JoeBa,10,114,Devin Singletary,RB,28.7,3,25.2,bonus_exclusive,-159.7,26.75,1.95,0,0
2021,Chris & Dom,10,115,Washington Commanders,DEF,8.0,2,-4.8,bonus_exclusive,4.0,26.75,-18.75,0,1
2021,Antdell & Ernie,10,116,Michael Gallup,WR,32.8,3,-19.8,bonus_exclusive,-155.9,26.75,6.05,0,0
2021,John Juliano,10,117,Pittsburgh Steelers,DEF,53.0,8,10,bonus_exclusive,49.0,26.75,26.25,1,0
2021,Pung & Tralie,10,118,Jarvis Landry,WR,12.8,2,-2.6,bonus_exclusive,-175.9,26.75,-13.95,0,1
2021,Richie,10,119,Nyheim Hines,RB,0.0,0,-1.2,bonus_exclusive,-188.4,26.75,-26.75,0,1
2021,Nolan & Vinny,10,120,Baltimore Ravens,DEF,12.0,4,-9.5,bonus_exclusive,8.0,26.75,-14.75,0,1
2021,Nolan & Vinny,11,121,Tony Pollard,RB,80.6,7,19.9,bonus_exclusive,-107.8,15.1,65.5,1,0
2021,Richie,11,122,Cole Beasley,WR,0.0,0,-34.8,bonus_exclusive,-188.7,15.1,-15.1,0,1
2021,Pung & Tralie,11,123,Mike Gesicki,TE,96.2,9,20.6,bonus_exclusive,73.0,15.1,81.1,1,0
2021,John Juliano,11,124,David Johnson,RB,0.0,0,25.8,bonus_exclusive,-188.4,15.1,-15.1,0,1
2021,Antdell & Ernie,11,125,Jakobi Meyers,WR,98.8,9,-10.2,bonus_exclusive,-89.9,15.1,83.7,1,0
2021,Chris & Dom,11,126,Curtis Samuel,WR,0.0,0,-4.6,bonus_exclusive,-188.7,15.1,-15.1,0,1
2021,Team JoeBa,11,127,Justin Fields,QB,25.3,1,-5,bonus_exclusive,-97.46,15.1,10.2,1,0
2021,Phil Baldino,11,128,San Francisco 49ers,DEF,18.0,2,-9.8,bonus_exclusive,14.0,15.1,2.9,0,0
2021,Frank & Julian,11,129,Harrison Butker,K,27.0,4,-4.6,bonus_exclusive,21.0,15.1,11.9,1,0
2021,Cambrias,11,130,Matthew Stafford,QB,272.42,14,44.8,bonus_exclusive,149.66,15.1,257.32,1,0
2021,Ronnie,11,131,Buffalo Bills,DEF,129.0,15,-31.8,bonus_exclusive,125.0,15.1,113.9,1,0
2021,Rob & GregBo,11,132,Henry Ruggs,WR,7.1,1,9.5,bonus_exclusive,-181.6,15.1,-8.0,0,1
2021,Rob & GregBo,12,133,James White,RB,0.6,1,-19,bonus_exclusive,-187.8,15.38,-14.78,0,1
2021,Ronnie,12,134,Tyler Bass,K,126.0,15,-11.7,bonus_exclusive,120.0,15.38,110.62,1,0
2021,Cambrias,12,135,New England Patriots,DEF,117.0,9,-2.5,bonus_exclusive,113.0,15.38,101.62,1,0
2021,Frank & Julian,12,136,Cleveland Browns,DEF,69.0,13,-23.7,bonus_exclusive,65.0,15.38,53.62,1,0
2021,Phil Baldino,12,137,Joe Burrow,QB,7.38,1,26.8,bonus_exclusive,-115.38,15.38,-8.0,0,1
2021,Team JoeBa,12,138,Marvin Jones,WR,39.8,6,7,bonus_exclusive,-148.9,15.38,24.42,1,0
2021,Chris & Dom,12,139,Alexander Mattison,RB,44.5,2,32.4,bonus_exclusive,-143.9,15.38,29.12,1,0
2021,Antdell & Ernie,12,140,Bryan Edwards,WR,0.0,0,-11.6,bonus_exclusive,-188.7,15.38,-15.38,0,1
2021,John Juliano,12,141,Jonnu Smith,TE,0.0,0,12.4,bonus_exclusive,-23.2,15.38,-15.38,0,1
2021,Pung & Tralie,12,142,Marquise Brown,WR,163.6,12,3.3,bonus_exclusive,-25.1,15.38,148.22,1,0
2021,Richie,12,143,Parris Campbell,WR,0.0,0,,bonus_exclusive,-188.7,15.38,-15.38,0,1
2021,Nolan & Vinny,12,144,Chuba Hubbard,RB,64.7,5,9.9,bonus_exclusive,-123.7,15.38,49.32,1,0
2021,Nolan & Vinny,13,145,Ryan Succop,K,126.0,15,-3.1,bonus_exclusive,120.0,2.5,123.5,1,0
2021,Richie,13,146,Denver Broncos,DEF,75.0,10,-2.6,bonus_exclusive,71.0,2.5,72.5,1,0
2021,Pung & Tralie,13,147,J.D. McKissic,RB,9.6,1,23.1,bonus_exclusive,-178.8,2.5,7.1,1,0
2021,John Juliano,13,148,Ty Johnson,RB,0.0,0,-0.6,bonus_exclusive,-188.4,2.5,-2.5,0,1
2021,Antdell & Ernie,13,149,Tevin Coleman,RB,0.0,0,20.5,bonus_exclusive,-188.4,2.5,-2.5,0,1
2021,Chris & Dom,13,150,Evan Engram,TE,0.0,0,-2.9,bonus_exclusive,-23.2,2.5,-2.5,0,1
2021,Team JoeBa,13,151,Darnell Mooney,WR,112.6,9,37.8,bonus_exclusive,-76.1,2.5,110.1,1,0
2021,Phil Baldino,13,152,Greg Zuerlein,K,60.0,6,5.8,bonus_exclusive,54.0,2.5,57.5,1,0
2021,Frank & Julian,13,153,Sterling Shepard,WR,0.0,0,,bonus_exclusive,-188.7,2.5,-2.5,0,1
2021,Cambrias,13,154,Elijah Moore,WR,0.0,0,20,bonus_exclusive,-188.7,2.5,-2.5,0,1
2021,Ronnie,13,155,Kirk Cousins,QB,122.76,6,0.9,bonus_exclusive,0.0,2.5,120.26,1,0
2021,Rob & GregBo,13,156,Indianapolis Colts,DEF,4.0,1,7.4,bonus_exclusive,0.0,2.5,1.5,1,0
2021,Rob & GregBo,14,157,Trevor Lawrence,QB,0.0,0,30.3,bonus_exclusive,-122.76,2.5,-2.5,0,1
2021,Ronnie,14,158,Terrace Marshall,WR,0.0,0,-4.2,bonus_exclusive,-188.7,2.5,-2.5,0,1
2021,Cambrias,14,159,Rashaad Penny,RB,0.0,0,31.6,bonus_exclusive,-188.4,2.5,-2.5,0,1
2021,Frank & Julian,14,160,Kansas City Chiefs,DEF,7.0,2,-6.4,bonus_exclusive,3.0,2.5,4.5,1,0
2021,Phil Baldino,14,161,Cole Kmet,TE,0.0,0,,bonus_exclusive,-23.2,2.5,-2.5,0,1
2021,Team JoeBa,14,162,Younghoe Koo,K,34.0,5,18.9,bonus_exclusive,28.0,2.5,31.5,1,0
2021,Chris & Dom,14,163,Ty'Son Williams,RB,29.7,2,,bonus_exclusive,-158.7,2.5,27.2,1,0
2021,Antdell & Ernie,14,164,Green Bay Packers,DEF,2.0,2,,bonus_exclusive,-2.0,2.5,-0.5,0,0
2021,John Juliano,14,165,Nelson Agholor,WR,0.0,0,8.7,bonus_exclusive,-188.7,2.5,-2.5,0,1
2021,Pung & Tralie,14,166,Jalen Reagor,WR,0.0,0,5,bonus_exclusive,-188.7,2.5,-2.5,0,1
2021,Richie,14,167,Matt Gay,K,91.0,10,5.1,bonus_exclusive,85.0,2.5,88.5,1,0
2021,Nolan & Vinny,14,168,Tyrell Williams,WR,0.0,0,12.3,bonus_exclusive,-188.7,2.5,-2.5,0,1
2021,Nolan & Vinny,15,169,Devontae Booker,RB,0.0,0,12.2,bonus_exclusive,-188.4,4.7,-4.7,0,1
2021,Richie,15,170,Matt Ryan,QB,7.36,1,46.2,bonus_exclusive,-115.4,4.7,2.66,1,0
2021,Pung & Tralie,15,171,Jason Sanders,K,6.0,2,22.5,bonus_exclusive,0.0,4.7,1.3,0,0
2021,John Juliano,15,172,Robbie Gould,K,24.0,3,17.6,bonus_exclusive,18.0,4.7,19.3,1,0
2021,Antdell & Ernie,15,173,Rodrigo Blankenship,K,45.0,5,25.6,bonus_exclusive,39.0,4.7,40.3,1,0
2021,Chris & Dom,15,174,Carlos Hyde,RB,6.3,1,-7.2,bonus_exclusive,-182.1,4.7,1.6,0,0
2021,Team JoeBa,15,175,Irv Smith,TE,0.0,0,39.2,bonus_exclusive,-23.2,4.7,-4.7,0,1
2021,Phil Baldino,15,176,Gabriel Davis,WR,0.0,0,,bonus_exclusive,-188.7,4.7,-4.7,0,1
2021,Frank & Julian,15,177,Randall Cobb,WR,0.0,0,16.2,bonus_exclusive,-188.7,4.7,-4.7,0,1
2021,Cambrias,15,178,Daniel Carlson,K,131.0,14,2.1,bonus_exclusive,125.0,4.7,126.3,1,0
2021,Ronnie,15,179,Jared Cook,TE,0.0,0,21.8,bonus_exclusive,-23.2,4.7,-4.7,0,1
2021,Rob & GregBo,15,180,Jason Myers,K,49.0,8,7.7,bonus_exclusive,43.0,4.7,44.3,1,0
2022,Rob & GregBo,1,1,Jonathan Taylor,RB,146.4,11,-0.3,bonus_exclusive,-45.7,216.8,-70.4,0,0
2022,Cambrias,1,2,Christian McCaffrey,RB,313.66,15,-0.5,bonus_exclusive,121.56,216.8,96.86,0,0
2022,Antdell & Ernie,1,3,Justin Jefferson,WR,358.36,15,-1.8,bonus_exclusive,156.06,216.8,141.56,1,0
2022,Nolan & Vinny,1,4,Austin Ekeler,RB,348.7,15,,bonus_exclusive,156.6,216.8,131.9,1,0
2022,Ronnie,1,5,Dalvin Cook,RB,235.1,16,-0.8,bonus_exclusive,43.0,216.8,18.3,0,0
2022,Frank & Julian,1,6,Cooper Kupp,WR,198.5,8,-0.6,bonus_exclusive,-3.8,216.8,-18.3,0,0
2022,Richie,1,7,Derrick Henry,RB,288.96,15,2.9,bonus_exclusive,96.86,216.8,72.16,0,0
2022,John Juliano,1,8,Najee Harris,RB,199.26,15,0.5,bonus_exclusive,7.16,216.8,-17.54,0,0
2022,Pung & Tralie,1,9,Ja'Marr Chase,WR,219.8,11,0.1,bonus_exclusive,17.5,216.8,3.0,0,0
2022,Chris & Dom,1,10,Stefon Diggs,WR,293.2,15,-4.2,bonus_exclusive,90.9,216.8,76.4,0,0
2022,Phil Baldino,1,11,Joe Mixon,RB,211.3,13,1.5,bonus_exclusive,19.2,216.8,-5.5,0,0
2022,Mike Long,1,12,Alvin Kamara,RB,199.7,14,0.9,bonus_exclusive,7.6,216.8,-17.1,0,0
2022,Mike Long,2,13,Davante Adams,WR,323.2,16,0.6,bonus_exclusive,120.9,164.35,158.85,1,0
2022,Phil Baldino,2,14,Saquon Barkley,RB,261.0,15,-1.4,bonus_exclusive,68.9,164.35,96.65,1,0
2022,Chris & Dom,2,15,D'Andre Swift,RB,121.3,9,4.2,bonus_exclusive,-70.8,164.35,-43.05,0,0
2022,Pung & Tralie,2,16,CeeDee Lamb,WR,116.8,8,-3.2,bonus_exclusive,-85.5,164.35,-47.55,0,0
2022,John Juliano,2,17,Aaron Jones,RB,240.8,16,0.6,bonus_exclusive,48.7,164.35,76.45,0,0
2022,Richie,2,18,Leonard Fournette,RB,188.6,12,-3,bonus_exclusive,-3.5,164.35,24.25,0,0
2022,Frank & Julian,2,19,Mike Evans,WR,212.1,14,-7.7,bonus_exclusive,9.8,164.35,47.75,0,0
2022,Ronnie,2,20,Javonte Williams,RB,42.0,4,1.9,bonus_exclusive,-150.1,164.35,-122.35,0,1
2022,Nolan & Vinny,2,21,Nick Chubb,RB,248.3,15,6.4,bonus_exclusive,56.2,164.35,83.95,1,0
2022,Antdell & Ernie,2,22,Travis Kelce,TE,54.1,3,4.8,bonus_exclusive,14.6,164.35,-110.25,0,1
2022,Cambrias,2,23,James Conner,RB,162.0,10,-2.1,bonus_exclusive,-30.1,164.35,-2.35,0,0
2022,Rob & GregBo,2,24,Mark Andrews,TE,171.5,14,0.7,bonus_exclusive,132.0,164.35,7.15,0,0
2022,Rob & GregBo,3,25,A.J. Brown,WR,266.4,15,-3.4,bonus_exclusive,64.1,138.2,128.2,1,0
2022,Cambrias,3,26,Michael Pittman,WR,113.0,8,-2.9,bonus_exclusive,-89.3,138.2,-25.2,0,0
2022,Antdell & Ernie,3,27,Travis Etienne,RB,16.8,2,-7.5,bonus_exclusive,-175.3,138.2,-121.4,0,1
2022,Nolan & Vinny,3,28,Tyreek Hill,WR,315.0,15,4.4,bonus_exclusive,112.7,138.2,176.8,1,0
2022,Ronnie,3,29,Deebo Samuel,WR,63.9,4,7.7,bonus_exclusive,-138.4,138.2,-74.3,0,1
2022,Frank & Julian,3,30,Ezekiel Elliott,RB,112.1,9,2.3,bonus_exclusive,-80.0,138.2,-26.1,0,0
2022,Richie,3,31,Kyle Pitts,TE,56.6,9,-0.8,bonus_exclusive,17.1,138.2,-81.6,0,1
2022,John Juliano,3,32,Keenan Allen,WR,133.8,9,0.8,bonus_exclusive,-68.5,138.2,-4.4,0,0
2022,Pung & Tralie,3,33,Dameon Pierce,RB,157.7,14,-43.4,bonus_exclusive,-34.4,138.2,19.5,0,0
2022,Chris & Dom,3,34,Josh Allen,QB,373.76,15,12.3,bonus_exclusive,329.16,138.2,235.56,1,0
2022,Phil Baldino,3,35,,,135.0,10,,bonus_exclusive,0.0,138.2,-3.2,0,0
2022,Mike Long,3,36,Lamar Jackson,QB,236.08,12,-11.3,bonus_exclusive,191.48,138.2,97.88,1,0
2022,Mike Long,4,37,George Kittle,TE,173.9,13,-7.5,bonus_exclusive,134.4,123.0,50.9,0,0
2022,Phil Baldino,4,38,Justin Herbert,QB,229.1,13,4.1,bonus_exclusive,184.5,123.0,106.1,1,0
2022,Chris & Dom,4,39,D.J. Moore,WR,148.4,13,-1.8,bonus_exclusive,-53.9,123.0,25.4,0,0
2022,Pung & Tralie,4,40,Courtland Sutton,WR,100.8,9,-7.3,bonus_exclusive,-101.5,123.0,-22.2,0,0
2022,John Juliano,4,41,Amon-Ra St. Brown,WR,256.7,15,-34.3,bonus_exclusive,54.4,123.0,133.7,1,0
2022,Richie,4,42,Tee Higgins,WR,208.5,15,8.8,bonus_exclusive,6.2,123.0,85.5,1,0
2022,Frank & Julian,4,43,Cam Akers,RB,3.3,2,11.6,bonus_exclusive,-188.8,123.0,-119.7,0,1
2022,Ronnie,4,44,Darren Waller,TE,39.5,5,-7.8,bonus_exclusive,0.0,123.0,-83.5,0,1
2022,Nolan & Vinny,4,45,Terry McLaurin,WR,142.4,11,2.7,bonus_exclusive,-59.9,123.0,19.4,0,0
2022,Antdell & Ernie,4,46,Allen Robinson,WR,21.8,3,-12.3,bonus_exclusive,-180.5,123.0,-101.2,0,1
2022,Cambrias,4,47,David Montgomery,RB,74.0,7,8.9,bonus_exclusive,-118.1,123.0,-49.0,0,0
2022,Rob & GregBo,4,48,Patrick Mahomes,QB,376.9,15,10,bonus_exclusive,332.3,123.0,253.9,1,0
2022,Rob & GregBo,5,49,Breece Hall,RB,115.1,7,5.4,bonus_exclusive,-77.0,94.1,21.0,0,0
2022,Cambrias,5,50,Josh Jacobs,RB,17.4,2,-78.7,bonus_exclusive,-174.7,94.1,-76.7,0,1
2022,Antdell & Ernie,5,51,Chase Edmonds,RB,31.3,3,-17.2,bonus_exclusive,-160.8,94.1,-62.8,0,1
2022,Nolan & Vinny,5,52,Joe Burrow,QB,314.3,15,,bonus_exclusive,269.7,94.1,220.2,1,0
2022,Ronnie,5,53,Rashod Bateman,WR,45.3,5,-32.4,bonus_exclusive,-157.0,94.1,-48.8,0,1
2022,Frank & Julian,5,54,Jaylen Waddle,WR,228.5,15,15.2,bonus_exclusive,26.2,94.1,134.4,1,0
2022,Richie,5,55,AJ Dillon,RB,75.1,5,8.6,bonus_exclusive,-117.0,94.1,-19.0,0,0
2022,John Juliano,5,56,Jalen Hurts,QB,369.58,16,-1.6,bonus_exclusive,324.98,94.1,275.48,1,0
2022,Pung & Tralie,5,57,Elijah Mitchell,RB,4.1,1,15.2,bonus_exclusive,-188.0,94.1,-90.0,0,1
2022,Chris & Dom,5,58,J.K. Dobbins,RB,34.2,4,21.8,bonus_exclusive,-157.9,94.1,-59.9,0,1
2022,Phil Baldino,5,59,Clyde Edwards-Helaire,RB,65.8,7,6.6,bonus_exclusive,-126.3,94.1,-28.3,0,0
2022,Mike Long,5,60,Damien Harris,RB,44.1,5,6.5,bonus_exclusive,-148.0,94.1,-50.0,0,1
2022,Mike Long,6,61,Antonio Gibson,RB,101.7,10,-41.2,bonus_exclusive,-90.4,74.45,27.25,0,0
2022,Phil Baldino,6,62,Brandin Cooks,WR,56.1,5,4.5,bonus_exclusive,-146.2,74.45,-18.35,0,0
2022,Chris & Dom,6,63,Dalton Schultz,TE,110.8,12,1.2,bonus_exclusive,71.3,74.45,36.35,0,0
2022,Pung & Tralie,6,64,Dallas Goedert,TE,113.4,9,-13.8,bonus_exclusive,73.9,74.45,38.95,1,0
2022,John Juliano,6,65,Chris Godwin,WR,206.8,13,11.1,bonus_exclusive,4.5,74.45,132.35,1,0
2022,Richie,6,66,Marquise Brown,WR,116.9,7,-0.4,bonus_exclusive,-85.4,74.45,42.45,1,0
2022,Frank & Julian,6,67,Diontae Johnson,WR,43.1,4,16.1,bonus_exclusive,-159.2,74.45,-31.35,0,0
2022,Ronnie,6,68,Rhamondre Stevenson,RB,192.1,12,-7.6,bonus_exclusive,0.0,74.45,117.65,1,0
2022,Nolan & Vinny,6,69,T.J. Hockenson,TE,113.0,9,-4.4,bonus_exclusive,73.5,74.45,38.55,1,0
2022,Antdell & Ernie,6,70,Darnell Mooney,WR,2.4,2,-3.8,bonus_exclusive,-199.9,74.45,-72.05,0,1
2022,Cambrias,6,71,Gabriel Davis,WR,87.1,7,,bonus_exclusive,-115.2,74.45,12.65,0,0
2022,Rob & GregBo,6,72,Jerry Jeudy,WR,106.3,7,8.4,bonus_exclusive,-96.0,74.45,31.85,0,0
2022,Rob & GregBo,7,73,JuJu Smith-Schuster,WR,175.7,14,-7.5,bonus_exclusive,-26.6,53.8,121.9,1,0
2022,Cambrias,7,74,Zach Ertz,TE,37.4,3,-20.7,bonus_exclusive,-2.1,53.8,-16.4,0,0
2022,Antdell & Ernie,7,75,Tony Pollard,RB,201.1,11,5.7,bonus_exclusive,9.0,53.8,147.3,1,0
2022,Nolan & Vinny,7,76,Michael Thomas,WR,51.1,3,28.9,bonus_exclusive,-151.2,53.8,-2.7,0,0
2022,Ronnie,7,77,DK Metcalf,WR,202.3,15,30.3,bonus_exclusive,0.0,53.8,148.5,1,0
2022,Frank & Julian,7,78,Russell Wilson,QB,135.56,10,9.7,bonus_exclusive,90.96,53.8,81.76,1,0
2022,Richie,7,79,Hunter Renfrow,WR,13.6,2,,bonus_exclusive,-188.7,53.8,-40.2,0,1
2022,John Juliano,7,80,Dawson Knox,TE,54.1,9,-77.9,bonus_exclusive,14.6,53.8,0.3,0,0
2022,Pung & Tralie,7,81,Miles Sanders,RB,188.8,14,18.8,bonus_exclusive,-3.3,53.8,135.0,1,0
2022,Chris & Dom,7,82,DeAndre Hopkins,WR,151.7,9,24.9,bonus_exclusive,-50.6,53.8,97.9,1,0
2022,Phil Baldino,7,83,Amari Cooper,WR,176.2,12,,bonus_exclusive,-26.1,53.8,122.4,1,0
2022,Mike Long,7,84,Adam Thielen,WR,117.0,12,13.2,bonus_exclusive,-85.3,53.8,63.2,1,0
2022,Mike Long,8,85,Buffalo Bills,DEF,110.0,13,-35.9,bonus_exclusive,104.0,37.35,72.65,1,0
2022,Phil Baldino,8,86,Cole Kmet,TE,0.0,0,-30.2,bonus_exclusive,-39.5,37.35,-37.35,0,1
2022,Chris & Dom,8,87,Elijah Moore,WR,35.9,5,-4.8,bonus_exclusive,-166.4,37.35,-1.45,0,0
2022,Pung & Tralie,8,88,Robert Woods,WR,0.0,0,-13.5,bonus_exclusive,-202.3,37.35,-37.35,0,1
2022,John Juliano,8,89,Allen Lazard,WR,59.0,4,-6.7,bonus_exclusive,-143.3,37.35,21.65,1,0
2022,Richie,8,90,Kareem Hunt,RB,22.5,4,25.1,bonus_exclusive,-169.6,37.35,-14.85,0,0
2022,Frank & Julian,8,91,Cordarrelle Patterson,RB,57.1,6,0.4,bonus_exclusive,-135.0,37.35,19.75,1,0
2022,Ronnie,8,92,Derek Carr,QB,118.34,7,-10.8,bonus_exclusive,73.74,37.35,80.99,1,0
2022,Nolan & Vinny,8,93,DeVonta Smith,WR,60.0,5,5.3,bonus_exclusive,-142.3,37.35,22.65,1,0
2022,Antdell & Ernie,8,94,Brandon Aiyuk,WR,20.6,2,-1.6,bonus_exclusive,-181.7,37.35,-16.75,0,0
2022,Cambrias,8,95,Christian Kirk,WR,45.0,2,-6.3,bonus_exclusive,-157.3,37.35,7.65,0,0
2022,Rob & GregBo,8,96,Melvin Gordon,RB,26.1,3,12.6,bonus_exclusive,-166.0,37.35,-11.25,0,0
2022,Rob & GregBo,9,97,Drake London,WR,25.6,3,-18.7,bonus_exclusive,-176.7,28.95,-3.35,0,0
2022,Cambrias,9,98,Kyler Murray,QB,174.62,9,41.1,bonus_exclusive,130.02,28.95,145.67,1,0
2022,Antdell & Ernie,9,99,Trey Lance,QB,12.46,2,7.2,bonus_exclusive,-32.14,28.95,-16.49,0,1
2022,Nolan & Vinny,9,100,Tyler Boyd,WR,57.9,5,,bonus_exclusive,-144.4,28.95,28.95,1,0
2022,Ronnie,9,101,Kadarius Toney,WR,0.0,0,-7.1,bonus_exclusive,-202.3,28.95,-28.95,0,1
2022,Frank & Julian,9,102,Devin Singletary,RB,71.5,6,27.2,bonus_exclusive,-120.6,28.95,42.55,1,0
2022,Richie,9,103,Darrell Henderson,RB,28.9,3,-35.1,bonus_exclusive,-163.2,28.95,-0.05,0,0
2022,John Juliano,9,104,James Cook,RB,0.0,0,11.1,bonus_exclusive,-192.1,28.95,-28.95,0,1
2022,Pung & Tralie,9,105,Rashaad Penny,RB,1.5,1,44.4,bonus_exclusive,-190.6,28.95,-27.45,0,1
2022,Chris & Dom,9,106,Jamaal Williams,RB,89.3,10,,bonus_exclusive,-102.8,28.95,60.35,1,0
2022,Phil Baldino,9,107,Pat Freiermuth,TE,148.2,14,-4.5,bonus_exclusive,108.7,28.95,119.25,1,0
2022,Mike Long,9,108,Tyler Lockett,WR,137.1,9,1.5,bonus_exclusive,-65.2,28.95,108.15,1,0
2022,Mike Long,10,109,Tyler Higbee,TE,49.9,5,,bonus_exclusive,10.4,26.75,23.15,1,0
2022,Phil Baldino,10,110,Dak Prescott,QB,44.6,2,30.8,bonus_exclusive,0.0,26.75,17.85,1,0
2022,Chris & Dom,10,111,Tampa Bay Buccaneers,DEF,93.0,15,-7.5,bonus_exclusive,87.0,26.75,66.25,1,0
2022,Pung & Tralie,10,112,Tom Brady,QB,69.24,4,30,bonus_exclusive,24.64,26.75,42.49,1,0
2022,John Juliano,10,113,Alexander Mattison,RB,9.8,1,17.2,bonus_exclusive,-182.3,26.75,-16.95,0,1
2022,Richie,10,114,Chris Olave,WR,131.2,10,-0.2,bonus_exclusive,-71.1,26.75,104.45,1,0
2022,Frank & Julian,10,115,Justin Tucker,K,147.0,15,-23.4,bonus_exclusive,146.0,26.75,120.25,1,0
2022,Ronnie,10,116,Treylon Burks,WR,0.0,0,,bonus_exclusive,-202.3,26.75,-26.75,0,1
2022,Nolan & Vinny,10,117,Khalil Herbert,RB,29.3,3,,bonus_exclusive,-162.8,26.75,2.55,0,0
2022,Antdell & Ernie,10,118,Nyheim Hines,RB,0.0,1,19,bonus_exclusive,-192.1,26.75,-26.75,0,1
2022,Cambrias,10,119,Michael Carter,DB,0.0,0,,bonus_exclusive,0.0,26.75,-26.75,0,1
2022,Rob & GregBo,10,120,Jakobi Meyers,WR,73.4,7,,bonus_exclusive,-128.9,26.75,46.65,1,0
2022,Rob & GregBo,11,121,Hunter Henry,TE,0.0,0,,bonus_exclusive,-39.5,15.1,-15.1,0,1
2022,Cambrias,11,122,Julio Jones,WR,0.0,0,-4.2,bonus_exclusive,-202.3,15.1,-15.1,0,1
2022,Antdell & Ernie,11,123,Kenneth Gainwell,RB,0.0,0,,bonus_exclusive,-192.1,15.1,-15.1,0,1
2022,Nolan & Vinny,11,124,James Robinson,RB,5.9,1,,bonus_exclusive,-186.2,15.1,-9.2,0,1
2022,Ronnie,11,125,San Francisco 49ers,DEF,148.0,16,,bonus_exclusive,142.0,15.1,132.9,1,0
2022,Frank & Julian,11,126,David Njoku,TE,91.9,10,,bonus_exclusive,52.4,15.1,76.8,1,0
2022,Richie,11,127,J.D. McKissic,RB,0.0,0,,bonus_exclusive,-192.1,15.1,-15.1,0,1
2022,John Juliano,11,128,George Pickens,WR,1.3,1,6.9,bonus_exclusive,-201.0,15.1,-13.8,0,1
2022,Pung & Tralie,11,129,Skyy Moore,WR,0.0,0,,bonus_exclusive,-202.3,15.1,-15.1,0,1
2022,Chris & Dom,11,130,Evan McPherson,K,122.0,15,,bonus_exclusive,121.0,15.1,106.9,1,0
2022,Phil Baldino,11,131,Michael Gallup,WR,8.9,1,,bonus_exclusive,-193.4,15.1,-6.2,0,0
2022,Mike Long,11,132,Kirk Cousins,QB,72.54,4,24.6,bonus_exclusive,27.94,15.1,57.44,1,0
2022,Mike Long,12,133,Daniel Carlson,K,153.0,16,,bonus_exclusive,152.0,15.38,137.62,1,0
2022,Phil Baldino,12,134,Los Angeles Rams,DEF,31.0,5,,bonus_exclusive,25.0,15.38,15.62,1,0
2022,Chris & Dom,12,135,Aaron Rodgers,QB,15.76,1,39.4,bonus_exclusive,-28.84,15.38,0.38,0,0
2022,Pung & Tralie,12,136,Matthew Stafford,QB,29.04,2,50.2,bonus_exclusive,-15.56,15.38,13.66,1,0
2022,John Juliano,12,137,Kenneth Walker III,RB,0.0,0,,bonus_exclusive,-192.1,15.38,-15.38,0,1
2022,Richie,12,138,Trevor Lawrence,QB,31.9,2,,bonus_exclusive,-12.7,15.38,16.52,1,0
2022,Frank & Julian,12,139,Rachaad White,RB,55.7,4,,bonus_exclusive,-136.4,15.38,40.32,1,0
2022,Ronnie,12,140,Tyler Bass,K,50.0,6,,bonus_exclusive,49.0,15.38,34.62,1,0
2022,Nolan & Vinny,12,141,Matt Gay,K,41.0,6,,bonus_exclusive,40.0,15.38,25.62,1,0
2022,Antdell & Ernie,12,142,Isiah Pacheco,RB,57.9,5,32.2,bonus_exclusive,-134.2,15.38,42.52,1,0
2022,Cambrias,12,143,Romeo Doubs,WR,0.0,0,14.9,bonus_exclusive,-202.3,15.38,-15.38,0,1
2022,Rob & GregBo,12,144,Chase Claypool,WR,0.0,0,,bonus_exclusive,-202.3,15.38,-15.38,0,1
2022,Rob & GregBo,13,145,Tyler Allgeier,RB,0.0,0,45.8,bonus_exclusive,-192.1,2.5,-2.5,0,1
2022,Cambrias,13,146,Harrison Butker,K,9.0,1,-0.9,bonus_exclusive,8.0,2.5,6.5,1,0
2022,Antdell & Ernie,13,147,Albert Okwuegbunam,TE,0.0,0,,bonus_exclusive,-39.5,2.5,-2.5,0,1
2022,Nolan & Vinny,13,148,Raheem Mostert,RB,0.0,0,-3.1,bonus_exclusive,-192.1,2.5,-2.5,0,1
2022,Ronnie,13,149,Mike Gesicki,TE,0.0,0,,bonus_exclusive,-39.5,2.5,-2.5,0,1
2022,Frank & Julian,13,150,DeVante Parker,WR,0.0,0,,bonus_exclusive,-202.3,2.5,-2.5,0,1
2022,Richie,13,151,Jameson Williams,WR,0.0,0,,bonus_exclusive,-202.3,2.5,-2.5,0,1
2022,John Juliano,13,152,Jake Elliott,K,25.0,4,,bonus_exclusive,24.0,2.5,22.5,1,0
2022,Pung & Tralie,13,153,Christian Watson,WR,0.0,0,,bonus_exclusive,-202.3,2.5,-2.5,0,1
2022,Chris & Dom,13,154,Mike Davis,RB,0.0,0,,bonus_exclusive,-192.1,2.5,-2.5,0,1
2022,Phil Baldino,13,155,Brian Robinson,RB,7.8,2,,bonus_exclusive,-184.3,2.5,5.3,1,0
2022,Mike Long,13,156,Marquez Valdes-Scantling,WR,0.0,0,,bonus_exclusive,-202.3,2.5,-2.5,0,1
2022,Mike Long,14,157,Sammy Watkins,WR,0.0,0,,bonus_exclusive,-202.3,2.5,-2.5,0,1
2022,Phil Baldino,14,158,Denver Broncos,DEF,5.0,1,,bonus_exclusive,-1.0,2.5,2.5,1,0
2022,Chris & Dom,14,159,Mark Ingram,RB,0.0,0,,bonus_exclusive,-192.1,2.5,-2.5,0,1
2022,Pung & Tralie,14,160,Tennessee Titans,DEF,9.0,1,,bonus_exclusive,3.0,2.5,6.5,1,0
2022,John Juliano,14,161,New Orleans Saints,DEF,6.0,1,,bonus_exclusive,0.0,2.5,3.5,1,0
2022,Richie,14,162,New England Patriots,DEF,16.0,3,,bonus_exclusive,10.0,2.5,13.5,1,0
2022,Frank & Julian,14,163,Indianapolis Colts,DEF,6.0,2,12.3,bonus_exclusive,0.0,2.5,3.5,1,0
2022,Ronnie,14,164,Rondale Moore,WR,14.4,3,,bonus_exclusive,-187.9,2.5,11.9,1,0
2022,Nolan & Vinny,14,165,Nico Collins,WR,0.0,0,,bonus_exclusive,-202.3,2.5,-2.5,0,1
2022,Antdell & Ernie,14,166,Baltimore Ravens,DEF,18.0,2,,bonus_exclusive,12.0,2.5,15.5,1,0
2022,Cambrias,14,167,Los Angeles Chargers,DEF,-4.0,1,,bonus_exclusive,-10.0,2.5,-6.5,0,1
2022,Rob & GregBo,14,168,Philadelphia Eagles,DEF,138.0,15,,bonus_exclusive,132.0,2.5,135.5,1,0
2022,Rob & GregBo,15,169,Ryan Succop,K,123.0,15,,bonus_exclusive,122.0,4.7,118.3,1,0
2022,Cambrias,15,170,Green Bay Packers,DEF,30.0,5,,bonus_exclusive,24.0,4.7,25.3,1,0
2022,Antdell & Ernie,15,171,Rodrigo Blankenship,K,9.0,1,,bonus_exclusive,8.0,4.7,4.3,1,0
2022,Nolan & Vinny,15,172,Dallas Cowboys,DEF,134.0,12,,bonus_exclusive,128.0,4.7,129.3,1,0
2022,Ronnie,15,173,Jameis Winston,QB,0.0,0,,bonus_exclusive,-44.6,4.7,-4.7,0,1
2022,Frank & Julian,15,174,Justin Fields,QB,0.0,0,37.7,bonus_exclusive,-44.6,4.7,-4.7,0,1
2022,Richie,15,175,Dustin Hopkins,K,27.0,4,,bonus_exclusive,26.0,4.7,22.3,1,0
2022,John Juliano,15,176,Chuba Hubbard,RB,0.0,0,,bonus_exclusive,-192.1,4.7,-4.7,0,1
2022,Pung & Tralie,15,177,Matt Prater,K,1.0,1,,bonus_exclusive,0.0,4.7,-3.7,0,1
2022,Chris & Dom,15,178,Isaiah McKenzie,WR,2.9,1,,bonus_exclusive,-199.4,4.7,-1.8,0,0
2022,Phil Baldino,15,179,Brandon McManus,K,64.0,8,,bonus_exclusive,63.0,4.7,59.3,1,0
2022,Mike Long,15,180,Jarvis Landry,WR,0.0,0,,bonus_exclusive,-202.3,4.7,-4.7,0,1
2023,Chris & Dom,1,1,Justin Jefferson,WR,111.1,5,-0.4,bonus_exclusive,-10.1,216.8,-105.7,0,0
2023,Rob & GregBo,1,2,Ja'Marr Chase,WR,249.72,14,-3.6,bonus_exclusive,128.52,216.8,32.92,0,0
2023,Ronnie,1,3,Christian McCaffrey,RB,391.3,16,0.7,bonus_exclusive,221.2,216.8,174.5,1,0
2023,Pung & Tralie,1,4,Bijan Robinson,RB,219.8,15,-3.4,bonus_exclusive,49.7,216.8,3.0,0,0
2023,Nolan & Vinny,1,5,Austin Ekeler,RB,86.5,5,2.5,bonus_exclusive,-83.6,216.8,-130.3,0,1
2023,Mike Long,1,6,Tyreek Hill,WR,100.4,4,1.4,bonus_exclusive,-20.8,216.8,-116.4,0,1
2023,Antdell & Ernie,1,7,Nick Chubb,RB,23.1,2,1,bonus_exclusive,-147.0,216.8,-193.7,0,1
2023,Cambrias,1,8,Tony Pollard,RB,112.9,9,-5.5,bonus_exclusive,-57.2,216.8,-103.9,0,0
2023,Richie,1,9,CeeDee Lamb,WR,0.0,0,-6.4,bonus_exclusive,-121.2,216.8,-216.8,0,1
2023,John Juliano,1,10,Saquon Barkley,RB,84.4,5,0.3,bonus_exclusive,-85.7,216.8,-132.4,0,1
2023,Frank & Julian,1,11,Stefon Diggs,WR,0.0,0,-0.1,bonus_exclusive,-121.2,216.8,-216.8,0,1
2023,Phil Baldino,1,12,Davante Adams,WR,0.0,0,-5.3,bonus_exclusive,-121.2,216.8,-216.8,0,1
2023,Phil Baldino,2,13,Josh Jacobs,RB,181.1,13,-6.1,bonus_exclusive,11.0,164.35,16.75,0,0
2023,Frank & Julian,2,14,Amon-Ra St. Brown,WR,303.5,15,-3.1,bonus_exclusive,182.3,164.35,139.15,1,0
2023,John Juliano,2,15,Derrick Henry,RB,125.68,9,2.4,bonus_exclusive,-44.42,164.35,-38.67,0,0
2023,Richie,2,16,A.J. Brown,WR,121.2,6,2.4,bonus_exclusive,0.0,164.35,-43.15,0,0
2023,Cambrias,2,17,Travis Kelce,TE,214.8,14,11.7,bonus_exclusive,200.7,164.35,50.45,0,0
2023,Antdell & Ernie,2,18,Garrett Wilson,WR,191.5,15,0.7,bonus_exclusive,70.3,164.35,27.15,0,0
2023,Mike Long,2,19,Chris Olave,WR,53.6,4,-4.2,bonus_exclusive,-67.6,164.35,-110.75,0,1
2023,Nolan & Vinny,2,20,Jaylen Waddle,WR,32.8,3,-2.8,bonus_exclusive,-88.4,164.35,-131.55,0,1
2023,Pung & Tralie,2,21,Cooper Kupp,WR,139.3,11,12.1,bonus_exclusive,18.1,164.35,-25.05,0,0
2023,Ronnie,2,22,Travis Etienne,RB,268.7,16,-6.4,bonus_exclusive,98.6,164.35,104.35,1,0
2023,Rob & GregBo,2,23,Najee Harris,RB,123.6,12,-4.1,bonus_exclusive,-46.5,164.35,-40.75,0,0
2023,Chris & Dom,2,24,Tee Higgins,WR,137.6,12,-4.5,bonus_exclusive,16.4,164.35,-26.75,0,0
2023,Chris & Dom,3,25,DeVonta Smith,WR,227.6,16,-5.1,bonus_exclusive,106.4,138.2,89.4,1,0
2023,Rob & GregBo,3,26,Jalen Hurts,QB,337.04,15,0.3,bonus_exclusive,244.52,138.2,198.84,1,0
2023,Ronnie,3,27,Deebo Samuel,WR,70.6,5,-6.5,bonus_exclusive,-50.6,138.2,-67.6,0,0
2023,Pung & Tralie,3,28,Patrick Mahomes,QB,264.52,15,9.6,bonus_exclusive,172.0,138.2,126.32,1,0
2023,Nolan & Vinny,3,29,Josh Allen,QB,92.52,4,3.9,bonus_exclusive,0.0,138.2,-45.68,0,0
2023,Mike Long,3,30,DK Metcalf,WR,39.6,3,-5.1,bonus_exclusive,-81.6,138.2,-98.6,0,1
2023,Antdell & Ernie,3,31,Calvin Ridley,WR,48.1,4,-5.1,bonus_exclusive,-73.1,138.2,-90.1,0,1
2023,Cambrias,3,32,Joe Mixon,RB,223.6,15,1,bonus_exclusive,53.5,138.2,85.4,1,0
2023,Richie,3,33,Jahmyr Gibbs,RB,227.8,13,-3.1,bonus_exclusive,57.7,138.2,89.6,1,0
2023,John Juliano,3,34,Rhamondre Stevenson,RB,143.3,12,8.5,bonus_exclusive,-26.8,138.2,5.1,0,0
2023,Frank & Julian,3,35,Aaron Jones,RB,115.8,11,-0.8,bonus_exclusive,-54.3,138.2,-22.4,0,0
2023,Phil Baldino,3,36,Alvin Kamara,RB,217.0,12,-30.1,bonus_exclusive,46.9,138.2,78.8,1,0
2023,Phil Baldino,4,37,Kenneth Walker III,RB,170.1,13,-2.5,bonus_exclusive,0.0,123.0,47.1,0,0
2023,Frank & Julian,4,38,Lamar Jackson,QB,303.08,15,2.1,bonus_exclusive,210.56,123.0,180.08,1,0
2023,John Juliano,4,39,Justin Fields,QB,77.84,5,-8.7,bonus_exclusive,-14.68,123.0,-45.16,0,0
2023,Richie,4,40,Keenan Allen,WR,278.86,13,-2.7,bonus_exclusive,157.66,123.0,155.86,1,0
2023,Cambrias,4,41,DeAndre Hopkins,WR,165.0,13,-11.7,bonus_exclusive,43.8,123.0,42.0,0,0
2023,Antdell & Ernie,4,42,Mark Andrews,TE,135.4,10,9.7,bonus_exclusive,121.3,123.0,12.4,0,0
2023,Mike Long,4,43,J.K. Dobbins,RB,11.7,1,-3,bonus_exclusive,-158.4,123.0,-111.3,0,1
2023,Nolan & Vinny,4,44,Amari Cooper,WR,33.9,3,12.8,bonus_exclusive,-87.3,123.0,-89.1,0,1
2023,Pung & Tralie,4,45,Dameon Pierce,RB,48.1,5,-5.7,bonus_exclusive,-122.0,123.0,-74.9,0,1
2023,Ronnie,4,46,Christian Watson,WR,60.3,5,-3.1,bonus_exclusive,-60.9,123.0,-62.7,0,1
2023,Rob & GregBo,4,47,Alexander Mattison,RB,117.8,12,-3.2,bonus_exclusive,-52.3,123.0,-5.2,0,0
2023,Chris & Dom,4,48,Joe Burrow,QB,147.16,10,7.1,bonus_exclusive,54.64,123.0,24.16,0,0
2023,Chris & Dom,5,49,T.J. Hockenson,TE,219.0,16,-3.6,bonus_exclusive,204.9,94.1,124.9,1,0
2023,Rob & GregBo,5,50,Darren Waller,TE,54.5,6,-20.3,bonus_exclusive,40.4,94.1,-39.6,0,0
2023,Ronnie,5,51,Justin Herbert,QB,234.16,13,6.1,bonus_exclusive,141.64,94.1,140.06,1,0
2023,Pung & Tralie,5,52,Diontae Johnson,WR,102.5,9,-19.4,bonus_exclusive,-18.7,94.1,8.4,0,0
2023,Nolan & Vinny,5,53,Dallas Goedert,TE,56.7,6,-29.4,bonus_exclusive,42.6,94.1,-37.4,0,0
2023,Mike Long,5,54,Trevor Lawrence,QB,139.98,8,-2.1,bonus_exclusive,47.46,94.1,45.88,0,0
2023,Antdell & Ernie,5,55,D.J. Moore,WR,110.1,5,13.3,bonus_exclusive,-11.1,94.1,16.0,0,0
2023,Cambrias,5,56,Breece Hall,RB,208.3,13,24.9,bonus_exclusive,38.2,94.1,114.2,1,0
2023,Richie,5,57,Miles Sanders,RB,1.2,1,11.1,bonus_exclusive,-168.9,94.1,-92.9,0,1
2023,John Juliano,5,58,Drake London,WR,28.7,6,1.8,bonus_exclusive,-92.5,94.1,-65.4,0,1
2023,Frank & Julian,5,59,Rachaad White,RB,28.2,2,-4.2,bonus_exclusive,-141.9,94.1,-65.9,0,1
2023,Phil Baldino,5,60,George Pickens,WR,71.1,5,-16.5,bonus_exclusive,-50.1,94.1,-23.0,0,0
2023,Phil Baldino,6,61,George Kittle,TE,171.9,14,2,bonus_exclusive,157.8,74.45,97.45,1,0
2023,Frank & Julian,6,62,James Cook,RB,224.5,16,-9.6,bonus_exclusive,54.4,74.45,150.05,1,0
2023,John Juliano,6,63,James Conner,RB,110.7,8,5.8,bonus_exclusive,-59.4,74.45,36.25,0,0
2023,Richie,6,64,Tyler Lockett,WR,59.6,6,1.3,bonus_exclusive,-61.6,74.45,-14.85,0,0
2023,Cambrias,6,65,Chris Godwin,WR,96.2,8,-3.1,bonus_exclusive,-25.0,74.45,21.75,0,0
2023,Antdell & Ernie,6,66,Cam Akers,RB,8.9,1,17.4,bonus_exclusive,-161.2,74.45,-65.55,0,1
2023,Mike Long,6,67,Isiah Pacheco,RB,62.6,5,7.4,bonus_exclusive,-107.5,74.45,-11.85,0,0
2023,Nolan & Vinny,6,68,Javonte Williams,RB,29.9,4,2.3,bonus_exclusive,-140.2,74.45,-44.55,0,1
2023,Pung & Tralie,6,69,Jonathan Taylor,RB,128.8,9,44.2,bonus_exclusive,-41.3,74.45,54.35,1,0
2023,Ronnie,6,70,D'Andre Swift,RB,198.0,15,0.7,bonus_exclusive,27.9,74.45,123.55,1,0
2023,Rob & GregBo,6,71,Christian Kirk,WR,68.2,7,7,bonus_exclusive,-53.0,74.45,-6.25,0,0
2023,Chris & Dom,6,72,Dalvin Cook,RB,0.0,0,,bonus_exclusive,-170.1,74.45,-74.45,0,1
2023,Chris & Dom,7,73,David Montgomery,RB,197.2,13,10.6,bonus_exclusive,27.1,53.8,143.4,1,0
2023,Rob & GregBo,7,74,,,50.2,3,,bonus_exclusive,0.0,53.8,-3.6,0,0
2023,Ronnie,7,75,Jahan Dotson,WR,42.4,5,-3.8,bonus_exclusive,-78.8,53.8,-11.4,0,0
2023,Pung & Tralie,7,76,Courtland Sutton,WR,162.3,14,-16.9,bonus_exclusive,41.1,53.8,108.5,1,0
2023,Nolan & Vinny,7,77,Mike Evans,WR,80.6,5,10.8,bonus_exclusive,-40.6,53.8,26.8,0,0
2023,Mike Long,7,78,Brian Robinson,RB,49.0,3,-1.5,bonus_exclusive,-121.1,53.8,-4.8,0,0
2023,Antdell & Ernie,7,79,Brandon Aiyuk,WR,180.2,12,20.1,bonus_exclusive,59.0,53.8,126.4,1,0
2023,Cambrias,7,80,Khalil Herbert,RB,6.1,1,-18.1,bonus_exclusive,-164.0,53.8,-47.7,0,1
2023,Richie,7,81,Terry McLaurin,WR,26.2,3,29.4,bonus_exclusive,-95.0,53.8,-27.6,0,1
2023,John Juliano,7,82,Michael Pittman,WR,61.3,5,6.3,bonus_exclusive,-59.9,53.8,7.5,0,0
2023,Frank & Julian,7,83,Jerry Jeudy,WR,32.3,3,37.6,bonus_exclusive,-88.9,53.8,-21.5,0,0
2023,Phil Baldino,7,84,Tua Tagovailoa,QB,213.56,12,2.8,bonus_exclusive,121.04,53.8,159.76,1,0
2023,Phil Baldino,8,85,Jordan Addison,WR,72.9,6,-0.4,bonus_exclusive,-48.3,37.35,35.55,1,0
2023,Frank & Julian,8,86,Michael Thomas,WR,12.5,1,-21,bonus_exclusive,-108.7,37.35,-24.85,0,1
2023,John Juliano,8,87,Marquise Brown,WR,28.7,5,16.2,bonus_exclusive,-92.5,37.35,-8.65,0,0
2023,Richie,8,88,Antonio Gibson,RB,0.0,0,0.4,bonus_exclusive,-170.1,37.35,-37.35,0,1
2023,Cambrias,8,89,Kyle Pitts,TE,14.1,2,15.5,bonus_exclusive,0.0,37.35,-23.25,0,1
2023,Antdell & Ernie,8,90,Raheem Mostert,RB,76.4,3,-20.2,bonus_exclusive,-93.7,37.35,39.05,1,0
2023,Mike Long,8,91,Pat Freiermuth,TE,25.3,4,-7.5,bonus_exclusive,11.2,37.35,-12.05,0,0
2023,Nolan & Vinny,8,92,Kadarius Toney,WR,0.0,0,-6.1,bonus_exclusive,-121.2,37.35,-37.35,0,1
2023,Pung & Tralie,8,93,Evan Engram,TE,177.6,12,-15.9,bonus_exclusive,163.5,37.35,140.25,1,0
2023,Ronnie,8,94,David Njoku,TE,185.2,14,-20.5,bonus_exclusive,171.1,37.35,147.85,1,0
2023,Rob & GregBo,8,95,Brandin Cooks,WR,13.3,2,3.5,bonus_exclusive,-107.9,37.35,-24.05,0,1
2023,Chris & Dom,8,96,Jamaal Williams,RB,10.1,2,7.4,bonus_exclusive,-160.0,37.35,-27.25,0,1
2023,Chris & Dom,9,97,Justin Tucker,K,108.0,12,-38.5,bonus_exclusive,101.0,28.95,79.05,1,0
2023,Rob & GregBo,9,98,De'Von Achane,RB,73.7,6,,bonus_exclusive,-96.4,28.95,44.75,1,0
2023,Ronnie,9,99,Treylon Burks,WR,4.7,1,8.3,bonus_exclusive,-116.5,28.95,-24.25,0,1
2023,Pung & Tralie,9,100,Jaxon Smith-Njigba,WR,6.3,2,10.5,bonus_exclusive,-114.9,28.95,-22.65,0,1
2023,Nolan & Vinny,9,101,Zay Flowers,WR,47.6,4,-3.8,bonus_exclusive,-73.6,28.95,18.65,1,0
2023,Mike Long,9,102,Younghoe Koo,K,89.0,10,-44.3,bonus_exclusive,82.0,28.95,60.05,1,0
2023,Antdell & Ernie,9,103,Samaje Perine,RB,0.0,0,9.1,bonus_exclusive,-170.1,28.95,-28.95,0,1
2023,Cambrias,9,104,Skyy Moore,WR,0.4,1,-17.7,bonus_exclusive,-120.8,28.95,-28.55,0,1
2023,Richie,9,105,Gabriel Davis,WR,25.1,2,,bonus_exclusive,-96.1,28.95,-3.85,0,0
2023,John Juliano,9,106,Zach Charbonnet,RB,0.0,0,8.8,bonus_exclusive,-170.1,28.95,-28.95,0,1
2023,Frank & Julian,9,107,San Francisco 49ers,DEF,117.0,15,-16.3,bonus_exclusive,106.0,28.95,88.05,1,0
2023,Phil Baldino,9,108,AJ Dillon,RB,9.7,1,22.8,bonus_exclusive,-160.4,28.95,-19.25,0,1
2023,Phil Baldino,10,109,JuJu Smith-Schuster,WR,0.0,0,-1.7,bonus_exclusive,-121.2,26.75,-26.75,0,1
2023,Frank & Julian,10,110,Odell Beckham,WR,0.0,0,-4.5,bonus_exclusive,-121.2,26.75,-26.75,0,1
2023,John Juliano,10,111,Buffalo Bills,DEF,74.0,7,-24.6,bonus_exclusive,63.0,26.75,47.25,1,0
2023,Richie,10,112,Philadelphia Eagles,DEF,67.0,9,-27.3,bonus_exclusive,56.0,26.75,40.25,1,0
2023,Cambrias,10,113,Deshaun Watson,QB,51.62,4,41.7,bonus_exclusive,-40.9,26.75,24.87,1,0
2023,Antdell & Ernie,10,114,Elijah Mitchell,RB,0.0,0,13.4,bonus_exclusive,-170.1,26.75,-26.75,0,1
2023,Mike Long,10,115,New York Jets,DEF,21.0,3,,bonus_exclusive,10.0,26.75,-5.75,0,0
2023,Nolan & Vinny,10,116,Dallas Cowboys,DEF,84.0,5,-16.3,bonus_exclusive,73.0,26.75,57.25,1,0
2023,Pung & Tralie,10,117,Quentin Johnston,WR,0.0,0,21.2,bonus_exclusive,-121.2,26.75,-26.75,0,1
2023,Ronnie,10,118,Tyler Bass,K,122.0,15,-23.6,bonus_exclusive,115.0,26.75,95.25,1,0
2023,Rob & GregBo,10,119,Nico Collins,WR,182.4,11,-7.4,bonus_exclusive,61.2,26.75,155.65,1,0
2023,Chris & Dom,10,120,Baltimore Ravens,DEF,104.0,10,-30.2,bonus_exclusive,93.0,26.75,77.25,1,0
2023,Chris & Dom,11,121,Adam Thielen,WR,0.0,0,-4.5,bonus_exclusive,-121.2,15.1,-15.1,0,1
2023,Rob & GregBo,11,122,Rashaad Penny,RB,0.0,0,38.9,bonus_exclusive,-170.1,15.1,-15.1,0,1
2023,Ronnie,11,123,Hunter Renfrow,WR,0.0,0,-20.1,bonus_exclusive,-121.2,15.1,-15.1,0,1
2023,Pung & Tralie,11,124,Tyler Allgeier,RB,4.8,1,14.8,bonus_exclusive,-165.3,15.1,-10.3,0,1
2023,Nolan & Vinny,11,125,Daniel Carlson,K,19.0,4,-14.9,bonus_exclusive,12.0,15.1,3.9,0,0
2023,Mike Long,11,126,Cole Kmet,TE,70.3,9,-6.7,bonus_exclusive,56.2,15.1,55.2,1,0
2023,Antdell & Ernie,11,127,Elijah Moore,WR,0.0,0,25.6,bonus_exclusive,-121.2,15.1,-15.1,0,1
2023,Cambrias,11,128,Jerick McKinnon,RB,0.0,0,7.4,bonus_exclusive,-170.1,15.1,-15.1,0,1
2023,Richie,11,129,Harrison Butker,K,84.0,9,-11.1,bonus_exclusive,77.0,15.1,68.9,1,0
2023,John Juliano,11,130,Jalin Hyatt,WR,0.0,0,-35.5,bonus_exclusive,-121.2,15.1,-15.1,0,1
2023,Frank & Julian,11,131,Evan McPherson,K,68.0,8,-18.7,bonus_exclusive,61.0,15.1,52.9,1,0
2023,Phil Baldino,11,132,New England Patriots,DEF,15.0,4,-20.4,bonus_exclusive,4.0,15.1,-0.1,0,0
2023,Phil Baldino,12,133,Dalton Kincaid,TE,33.6,2,-16.9,bonus_exclusive,19.5,15.38,18.22,1,0
2023,Frank & Julian,12,134,Jaylen Warren,RB,8.2,1,5.2,bonus_exclusive,-161.9,15.38,-7.18,0,0
2023,John Juliano,12,135,Tyler Higbee,TE,7.9,1,-17.7,bonus_exclusive,-6.2,15.38,-7.48,0,0
2023,Richie,12,136,Kendre Miller,RB,0.0,0,,bonus_exclusive,-170.1,15.38,-15.38,0,1
2023,Cambrias,12,137,Aaron Rodgers,QB,0.0,0,36.1,bonus_exclusive,-92.52,15.38,-15.38,0,1
2023,Antdell & Ernie,12,138,Jameson Williams,WR,0.0,0,25.8,bonus_exclusive,-121.2,15.38,-15.38,0,1
2023,Mike Long,12,139,K.J. Osborn,WR,24.0,3,-24,bonus_exclusive,-97.2,15.38,8.62,1,0
2023,Nolan & Vinny,12,140,Tank Bigsby,RB,0.8,1,3,bonus_exclusive,-169.3,15.38,-14.58,0,1
2023,Pung & Tralie,12,141,Jake Elliott,K,147.0,15,-4.9,bonus_exclusive,140.0,15.38,131.62,1,0
2023,Ronnie,12,142,Allen Lazard,WR,0.0,0,21.4,bonus_exclusive,-121.2,15.38,-15.38,0,1
2023,Rob & GregBo,12,143,Juwan Johnson,TE,0.0,0,,bonus_exclusive,-14.1,15.38,-15.38,0,1
2023,Chris & Dom,12,144,Deon Jackson,RB,0.0,0,,bonus_exclusive,-170.1,15.38,-15.38,0,1
2023,Chris & Dom,13,145,Darnell Mooney,WR,0.0,0,22.5,bonus_exclusive,-121.2,2.5,-2.5,0,1
2023,Rob & GregBo,13,146,Jakobi Meyers,WR,108.88,9,13.1,bonus_exclusive,-12.32,2.5,106.38,1,0
2023,Ronnie,13,147,Pittsburgh Steelers,DEF,40.0,4,-12.6,bonus_exclusive,29.0,2.5,37.5,1,0
2023,Pung & Tralie,13,148,Ezekiel Elliott,RB,0.0,0,,bonus_exclusive,-170.1,2.5,-2.5,0,1
2023,Nolan & Vinny,13,149,Tyler Boyd,WR,0.0,0,14.4,bonus_exclusive,-121.2,2.5,-2.5,0,1
2023,Mike Long,13,150,Deuce Vaughn,RB,0.0,0,,bonus_exclusive,-170.1,2.5,-2.5,0,1
2023,Antdell & Ernie,13,151,Kirk Cousins,QB,128.72,7,60.4,bonus_exclusive,36.2,2.5,126.22,1,0
2023,Cambrias,13,152,New Orleans Saints,DEF,101.0,11,6.2,bonus_exclusive,90.0,2.5,98.5,1,0
2023,Richie,13,153,Anthony Richardson,QB,4.42,1,19.8,bonus_exclusive,-88.1,2.5,1.92,1,0
2023,John Juliano,13,154,Rashee Rice,WR,0.0,0,,bonus_exclusive,-121.2,2.5,-2.5,0,1
2023,Frank & Julian,13,155,Damien Harris,RB,0.0,0,58.8,bonus_exclusive,-170.1,2.5,-2.5,0,1
2023,Phil Baldino,13,156,Dak Prescott,QB,109.02,4,79.4,bonus_exclusive,16.5,2.5,106.52,1,0
2023,Phil Baldino,14,157,Zay Jones,WR,0.0,0,13.3,bonus_exclusive,-121.2,2.5,-2.5,0,1
2023,Frank & Julian,14,158,Jeffery Wilson,RB,10.3,1,,bonus_exclusive,-159.8,2.5,7.8,1,0
2023,John Juliano,14,159,Jason Myers,K,8.0,1,-11.9,bonus_exclusive,1.0,2.5,5.5,1,0
2023,Richie,14,160,Gerald Everett,TE,4.3,1,6.4,bonus_exclusive,-9.8,2.5,1.8,1,0
2023,Cambrias,14,161,Washington Commanders,DEF,11.0,1,-7.9,bonus_exclusive,0.0,2.5,8.5,1,0
2023,Antdell & Ernie,14,162,Daniel Jones,QB,0.0,0,67.9,bonus_exclusive,-92.52,2.5,-2.5,0,1
2023,Mike Long,14,163,Derek Carr,QB,0.0,0,14.3,bonus_exclusive,-92.52,2.5,-2.5,0,1
2023,Nolan & Vinny,14,164,Jared Goff,QB,170.82,11,43.3,bonus_exclusive,78.3,2.5,168.32,1,0
2023,Pung & Tralie,14,165,Jacksonville Jaguars,DEF,53.0,6,,bonus_exclusive,42.0,2.5,50.5,1,0
2023,Ronnie,14,166,Clyde Edwards-Helaire,RB,0.0,0,37.5,bonus_exclusive,-170.1,2.5,-2.5,0,1
2023,Rob & GregBo,14,167,Miami Dolphins,DEF,33.0,6,1.9,bonus_exclusive,22.0,2.5,30.5,1,0
2023,Chris & Dom,14,168,Gus Edwards,RB,109.9,8,26.7,bonus_exclusive,-60.2,2.5,107.4,1,0
2023,Chris & Dom,15,169,Romeo Doubs,WR,0.0,0,21,bonus_exclusive,-121.2,4.7,-4.7,0,1
2023,Rob & GregBo,15,170,Graham Gano,K,7.0,2,6.9,bonus_exclusive,0.0,4.7,2.3,0,0
2023,Ronnie,15,171,Michael Gallup,WR,5.4,1,16,bonus_exclusive,-115.8,4.7,0.7,0,0
2023,Pung & Tralie,15,172,Zack Moss,RB,0.0,0,1.5,bonus_exclusive,-170.1,4.7,-4.7,0,1
2023,Nolan & Vinny,15,173,Devin Singletary,RB,0.0,0,51,bonus_exclusive,-170.1,4.7,-4.7,0,1
2023,Mike Long,15,174,Kenneth Gainwell,RB,0.0,0,59.9,bonus_exclusive,-170.1,4.7,-4.7,0,1
2023,Antdell & Ernie,15,175,Greg Joseph,K,15.0,3,,bonus_exclusive,8.0,4.7,10.3,1,0
2023,Cambrias,15,176,Jason Sanders,K,61.0,9,8.8,bonus_exclusive,54.0,4.7,56.3,1,0
2023,Richie,15,177,Geno Smith,QB,122.24,9,72.9,bonus_exclusive,29.72,4.7,117.54,1,0
2023,John Juliano,15,178,Sam LaPorta,TE,0.0,0,22.5,bonus_exclusive,-14.1,4.7,-4.7,0,1
2023,Frank & Julian,15,179,Russell Wilson,QB,22.22,1,50.9,bonus_exclusive,-70.3,4.7,17.52,1,0
2023,Phil Baldino,15,180,Cameron Dicker,K,32.0,4,,bonus_exclusive,25.0,4.7,27.3,1,0
2024,John Juliano,1,1,Christian McCaffrey,RB,0.0,1,-0.3,bonus_exclusive,-138.7,216.8,-216.8,0,1
2024,Mike Long,1,2,Tyreek Hill,WR,60.7,5,-1.9,bonus_exclusive,-110.4,216.8,-156.1,0,1
2024,Frank & Julian,1,3,CeeDee Lamb,WR,265.4,16,0.4,bonus_exclusive,94.3,216.8,48.6,0,0
2024,Pung & Tralie,1,4,Bijan Robinson,RB,287.6,15,2,bonus_exclusive,148.9,216.8,70.8,0,0
2024,Rob & GregBo,1,5,Amon-Ra St. Brown,WR,266.18,15,-1.9,bonus_exclusive,95.08,216.8,49.38,0,0
2024,Nolan & Vinny,1,6,Ja'Marr Chase,WR,360.2,15,-0.3,bonus_exclusive,189.1,216.8,143.4,1,0
2024,Antdell & Ernie,1,7,Breece Hall,RB,189.3,12,2.6,bonus_exclusive,50.6,216.8,-27.5,0,0
2024,Ronnie,1,8,Jonathan Taylor,RB,72.6,4,-3.3,bonus_exclusive,-66.1,216.8,-144.2,0,1
2024,Richie,1,9,A.J. Brown,WR,192.9,12,-2.2,bonus_exclusive,21.8,216.8,-23.9,0,0
2024,Phil Baldino,1,10,Justin Jefferson,WR,288.78,15,1.7,bonus_exclusive,117.68,216.8,71.98,0,0
2024,Cambrias,1,11,Saquon Barkley,RB,356.3,16,1.5,bonus_exclusive,217.6,216.8,139.5,1,0
2024,Chris & Dom,1,12,Garrett Wilson,WR,226.2,15,-1.3,bonus_exclusive,55.1,216.8,9.4,0,0
2024,Chris & Dom,2,13,Davante Adams,WR,83.4,6,-8,bonus_exclusive,-87.7,164.35,-80.95,0,0
2024,Cambrias,2,14,Derrick Henry,RB,306.3,16,0.9,bonus_exclusive,167.6,164.35,141.95,1,0
2024,Phil Baldino,2,15,Jahmyr Gibbs,RB,281.5,15,6.4,bonus_exclusive,142.8,164.35,117.15,1,0
2024,Richie,2,16,Kyren Williams,RB,14.4,1,1.2,bonus_exclusive,-124.3,164.35,-149.95,0,1
2024,Ronnie,2,17,Travis Etienne,RB,26.7,2,0.1,bonus_exclusive,-112.0,164.35,-137.65,0,1
2024,Antdell & Ernie,2,18,Drake London,WR,229.8,15,-7.1,bonus_exclusive,58.7,164.35,65.45,0,0
2024,Nolan & Vinny,2,19,Marvin Harrison Jr.,WR,164.6,15,2.9,bonus_exclusive,-6.5,164.35,0.25,0,0
2024,Rob & GregBo,2,20,Travis Kelce,TE,189.7,15,-12,bonus_exclusive,174.0,164.35,25.35,0,0
2024,Pung & Tralie,2,21,Puka Nacua,WR,167.6,9,6.1,bonus_exclusive,-3.5,164.35,3.25,0,0
2024,Frank & Julian,2,22,Isiah Pacheco,RB,56.9,7,1,bonus_exclusive,-81.8,164.35,-107.45,0,1
2024,Mike Long,2,23,Nico Collins,WR,106.7,5,-8.3,bonus_exclusive,-64.4,164.35,-57.65,0,0
2024,John Juliano,2,24,Chris Olave,WR,76.7,8,-1.3,bonus_exclusive,-94.4,164.35,-87.65,0,1
2024,John Juliano,3,25,De'Von Achane,RB,282.8,16,,bonus_exclusive,144.1,138.2,144.6,1,0
2024,Mike Long,3,26,Rachaad White,RB,64.1,6,-3.1,bonus_exclusive,-74.6,138.2,-74.1,0,1
2024,Frank & Julian,3,27,Mike Evans,WR,80.6,5,-2.1,bonus_exclusive,-90.5,138.2,-57.6,0,0
2024,Pung & Tralie,3,28,Josh Jacobs,RB,71.5,6,8.1,bonus_exclusive,-67.2,138.2,-66.7,0,0
2024,Rob & GregBo,3,29,Alvin Kamara,RB,248.3,13,-18.4,bonus_exclusive,109.6,138.2,110.1,1,0
2024,Nolan & Vinny,3,30,Joe Mixon,RB,231.8,12,1.6,bonus_exclusive,93.1,138.2,93.6,1,0
2024,Antdell & Ernie,3,31,Cooper Kupp,WR,39.7,2,8.4,bonus_exclusive,-131.4,138.2,-98.5,0,1
2024,Ronnie,3,32,James Cook,RB,84.2,6,0,bonus_exclusive,-54.5,138.2,-54.0,0,0
2024,Richie,3,33,Deebo Samuel,WR,18.7,1,14.8,bonus_exclusive,-152.4,138.2,-119.5,0,1
2024,Phil Baldino,3,34,Michael Pittman,WR,70.5,9,-12.2,bonus_exclusive,-100.6,138.2,-67.7,0,0
2024,Cambrias,3,35,Kenneth Walker III,RB,52.5,2,7.9,bonus_exclusive,-86.2,138.2,-85.7,0,1
2024,Chris & Dom,3,36,Sam LaPorta,TE,108.0,10,2.6,bonus_exclusive,92.3,138.2,-30.2,0,0
2024,Chris & Dom,4,37,Aaron Jones,RB,123.0,8,-5.7,bonus_exclusive,-15.7,123.0,0.0,0,0
2024,Cambrias,4,38,Jaylen Waddle,WR,96.8,10,7.1,bonus_exclusive,-74.3,123.0,-26.2,0,0
2024,Phil Baldino,4,39,Patrick Mahomes,QB,173.12,10,2.8,bonus_exclusive,123.34,123.0,50.12,0,0
2024,Richie,4,40,Jalen Hurts,QB,287.02,15,6.1,bonus_exclusive,237.24,123.0,164.02,1,0
2024,Ronnie,4,41,Stefon Diggs,WR,121.92,8,-3.2,bonus_exclusive,-49.18,123.0,-1.08,0,0
2024,Antdell & Ernie,4,42,DeVonta Smith,WR,116.6,9,1.8,bonus_exclusive,-54.5,123.0,-6.4,0,0
2024,Nolan & Vinny,4,43,D'Andre Swift,RB,60.7,4,-14.9,bonus_exclusive,-78.0,123.0,-62.3,0,1
2024,Rob & GregBo,4,44,Lamar Jackson,QB,372.3,15,3.4,bonus_exclusive,322.52,123.0,249.3,1,0
2024,Pung & Tralie,4,45,Brandon Aiyuk,WR,58.1,6,4.5,bonus_exclusive,-113.0,123.0,-64.9,0,1
2024,Frank & Julian,4,46,Trey McBride,TE,224.3,15,-12.9,bonus_exclusive,208.6,123.0,101.3,1,0
2024,Mike Long,4,47,C.J. Stroud,QB,208.28,16,2.8,bonus_exclusive,158.5,123.0,85.28,1,0
2024,John Juliano,4,48,Josh Allen,QB,373.34,16,20.7,bonus_exclusive,323.56,123.0,250.34,1,0
2024,John Juliano,5,49,Malik Nabers,WR,220.1,13,-3.5,bonus_exclusive,49.0,94.1,126.0,1,0
2024,Mike Long,5,50,Jayden Reed,WR,172.8,13,-13.1,bonus_exclusive,1.7,94.1,78.7,1,0
2024,Frank & Julian,5,51,D.J. Moore,WR,216.0,16,13.1,bonus_exclusive,44.9,94.1,121.9,1,0
2024,Pung & Tralie,5,52,Amari Cooper,WR,22.4,4,2.5,bonus_exclusive,-148.7,94.1,-71.7,0,1
2024,Rob & GregBo,5,53,DK Metcalf,WR,171.1,13,17.5,bonus_exclusive,0.0,94.1,77.0,1,0
2024,Nolan & Vinny,5,54,Tank Dell,WR,22.4,3,5.5,bonus_exclusive,-148.7,94.1,-71.7,0,1
2024,Antdell & Ernie,5,55,Anthony Richardson,QB,49.78,4,-9.4,bonus_exclusive,0.0,94.1,-44.32,0,0
2024,Ronnie,5,56,Dalton Kincaid,TE,9.4,2,-11,bonus_exclusive,-6.3,94.1,-84.7,0,1
2024,Richie,5,57,Mark Andrews,TE,123.7,12,7.3,bonus_exclusive,108.0,94.1,29.6,0,0
2024,Phil Baldino,5,58,George Kittle,TE,202.6,12,-14.4,bonus_exclusive,186.9,94.1,108.5,1,0
2024,Cambrias,5,59,Tee Higgins,WR,0.0,0,10.5,bonus_exclusive,-171.1,94.1,-94.1,0,1
2024,Chris & Dom,5,60,James Conner,RB,81.1,6,15,bonus_exclusive,-57.6,94.1,-13.0,0,0
2024,Chris & Dom,6,61,George Pickens,WR,156.4,12,6.3,bonus_exclusive,-14.7,74.45,81.95,1,0
2024,Cambrias,6,62,Rashee Rice,WR,68.9,4,-2.1,bonus_exclusive,-102.2,74.45,-5.55,0,0
2024,Phil Baldino,6,63,Rhamondre Stevenson,RB,161.8,12,1.1,bonus_exclusive,23.1,74.45,87.35,1,0
2024,Richie,6,64,David Montgomery,RB,214.22,13,12.9,bonus_exclusive,75.52,74.45,139.77,1,0
2024,Ronnie,6,65,Terry McLaurin,WR,40.4,3,-5.6,bonus_exclusive,-130.7,74.45,-34.05,0,0
2024,Antdell & Ernie,6,66,Najee Harris,RB,113.9,11,10.1,bonus_exclusive,-24.8,74.45,39.45,1,0
2024,Nolan & Vinny,6,67,Kyle Pitts,TE,86.6,10,-16.3,bonus_exclusive,70.9,74.45,12.15,0,0
2024,Rob & GregBo,6,68,Zamir White,RB,14.8,3,3.2,bonus_exclusive,-123.9,74.45,-59.65,0,1
2024,Pung & Tralie,6,69,Keenan Allen,WR,0.0,0,7.1,bonus_exclusive,-171.1,74.45,-74.45,0,1
2024,Frank & Julian,6,70,Christian Kirk,WR,3.4,1,15.8,bonus_exclusive,-167.7,74.45,-71.05,0,1
2024,Mike Long,6,71,Javonte Williams,RB,76.5,9,-46.7,bonus_exclusive,-62.2,74.45,2.05,0,0
2024,John Juliano,6,72,Evan Engram,TE,72.1,7,-17.3,bonus_exclusive,56.4,74.45,-2.35,0,0
2024,John Juliano,7,73,Calvin Ridley,WR,8.0,1,-1.2,bonus_exclusive,-163.1,53.8,-45.8,0,1
2024,Mike Long,7,74,Tua Tagovailoa,QB,0.0,0,-15.6,bonus_exclusive,-49.78,53.8,-53.8,0,1
2024,Frank & Julian,7,75,Dak Prescott,QB,116.52,8,18.3,bonus_exclusive,66.74,53.8,62.72,1,0
2024,Pung & Tralie,7,76,Xavier Worthy,WR,9.2,2,-2.8,bonus_exclusive,-161.9,53.8,-44.6,0,1
2024,Rob & GregBo,7,77,Zay Flowers,WR,174.9,13,20.1,bonus_exclusive,3.8,53.8,121.1,1,0
2024,Nolan & Vinny,7,78,Kyler Murray,QB,151.94,9,9.6,bonus_exclusive,102.16,53.8,98.14,1,0
2024,Antdell & Ernie,7,79,Tony Pollard,RB,24.7,2,3.1,bonus_exclusive,-114.0,53.8,-29.1,0,1
2024,Ronnie,7,80,Rome Odunze,WR,2.0,1,-53.8,bonus_exclusive,-169.1,53.8,-51.8,0,1
2024,Richie,7,81,Chris Godwin,WR,138.8,7,9.5,bonus_exclusive,-32.3,53.8,85.0,1,0
2024,Phil Baldino,7,82,Diontae Johnson,WR,58.1,6,-23.7,bonus_exclusive,-113.0,53.8,4.3,0,0
2024,Cambrias,7,83,Brock Bowers,TE,249.7,16,-25.1,bonus_exclusive,234.0,53.8,195.9,1,0
2024,Chris & Dom,7,84,Joe Burrow,QB,263.8,12,3,bonus_exclusive,214.02,53.8,210.0,1,0
2024,Chris & Dom,8,85,Raheem Mostert,RB,0.0,0,17,bonus_exclusive,-138.7,37.35,-37.35,0,1
2024,Cambrias,8,86,Nick Chubb,RB,5.8,1,28.2,bonus_exclusive,-132.9,37.35,-31.55,0,1
2024,Phil Baldino,8,87,Devin Singletary,RB,26.7,3,-22.7,bonus_exclusive,-112.0,37.35,-10.65,0,0
2024,Richie,8,88,Tyjae Spears,RB,0.0,0,-1.9,bonus_exclusive,-138.7,37.35,-37.35,0,1
2024,Ronnie,8,89,Ladd McConkey,WR,4.6,1,0.5,bonus_exclusive,-166.5,37.35,-32.75,0,1
2024,Antdell & Ernie,8,90,Jake Ferguson,TE,97.9,12,-4.3,bonus_exclusive,82.2,37.35,60.55,1,0
2024,Nolan & Vinny,8,91,Marquise Brown,WR,0.0,0,12.8,bonus_exclusive,-171.1,37.35,-37.35,0,1
2024,Rob & GregBo,8,92,Keon Coleman,WR,39.0,3,10.5,bonus_exclusive,-132.1,37.35,1.65,0,0
2024,Pung & Tralie,8,93,Zack Moss,RB,0.0,0,17.7,bonus_exclusive,-138.7,37.35,-37.35,0,1
2024,Frank & Julian,8,94,Jerome Ford,RB,59.7,5,-1.9,bonus_exclusive,-79.0,37.35,22.35,1,0
2024,Mike Long,8,95,David Njoku,TE,8.4,1,-7.9,bonus_exclusive,-7.3,37.35,-28.95,0,1
2024,John Juliano,8,96,Jonathon Brooks,RB,0.0,0,13.3,bonus_exclusive,-138.7,37.35,-37.35,0,1
2024,John Juliano,9,97,Jaxon Smith-Njigba,WR,0.0,0,2.3,bonus_exclusive,-171.1,28.95,-28.95,0,1
2024,Mike Long,9,98,Jaylen Warren,RB,0.0,0,15.5,bonus_exclusive,-138.7,28.95,-28.95,0,1
2024,Frank & Julian,9,99,Trey Benson,RB,0.0,0,-3.2,bonus_exclusive,-138.7,28.95,-28.95,0,1
2024,Pung & Tralie,9,100,Dallas Goedert,TE,13.9,2,-33.8,bonus_exclusive,-1.8,28.95,-15.05,0,1
2024,Rob & GregBo,9,101,Chase Brown,RB,138.7,7,7.7,bonus_exclusive,0.0,28.95,109.75,1,0
2024,Nolan & Vinny,9,102,Brian Robinson,RB,130.9,11,11.8,bonus_exclusive,-7.8,28.95,101.95,1,0
2024,Antdell & Ernie,9,103,Romeo Doubs,WR,0.0,0,3,bonus_exclusive,-171.1,28.95,-28.95,0,1
2024,Ronnie,9,104,Austin Ekeler,RB,0.0,0,15.3,bonus_exclusive,-138.7,28.95,-28.95,0,1
2024,Richie,9,105,Christian Watson,WR,0.0,0,22.2,bonus_exclusive,-171.1,28.95,-28.95,0,1
2024,Phil Baldino,9,106,DeAndre Hopkins,WR,106.8,9,14.3,bonus_exclusive,-64.3,28.95,77.85,1,0
2024,Cambrias,9,107,Brian Thomas Jr.,WR,72.0,5,-35.9,bonus_exclusive,-99.1,28.95,43.05,1,0
2024,Chris & Dom,9,108,Rico Dowdle,RB,10.5,1,-6,bonus_exclusive,-128.2,28.95,-18.45,0,1
2024,Chris & Dom,10,109,Jared Goff,QB,20.16,2,16.7,bonus_exclusive,-29.62,26.75,-6.59,0,0
2024,Cambrias,10,110,Jordan Love,QB,158.5,10,31.3,bonus_exclusive,108.72,26.75,131.75,1,0
2024,Phil Baldino,10,111,Gus Edwards,RB,0.0,0,24.1,bonus_exclusive,-138.7,26.75,-26.75,0,1
2024,Richie,10,112,Ezekiel Elliott,RB,5.2,1,-19.2,bonus_exclusive,-133.5,26.75,-21.55,0,1
2024,Ronnie,10,113,Joshua Palmer,WR,4.3,1,-9.5,bonus_exclusive,-166.8,26.75,-22.45,0,1
2024,Antdell & Ernie,10,114,Zach Charbonnet,RB,0.0,0,-0.6,bonus_exclusive,-138.7,26.75,-26.75,0,1
2024,Nolan & Vinny,10,115,Blake Corum,RB,0.0,0,9.8,bonus_exclusive,-138.7,26.75,-26.75,0,1
2024,Rob & GregBo,10,116,Chuba Hubbard,RB,171.1,10,-5.3,bonus_exclusive,32.4,26.75,144.35,1,0
2024,Pung & Tralie,10,117,New York Jets,DEF,45.0,8,-24.9,bonus_exclusive,48.0,26.75,18.25,1,0
2024,Frank & Julian,10,118,Jordan Addison,WR,0.0,0,-9.3,bonus_exclusive,-171.1,26.75,-26.75,0,1
2024,Mike Long,10,119,Dallas Cowboys,DEF,27.0,5,-26.7,bonus_exclusive,30.0,26.75,0.25,0,0
2024,John Juliano,10,120,Adonai Mitchell,WR,0.0,0,-38.2,bonus_exclusive,-171.1,26.75,-26.75,0,1
2024,John Juliano,11,121,Courtland Sutton,WR,0.0,0,20.1,bonus_exclusive,-171.1,15.1,-15.1,0,1
2024,Mike Long,11,122,Jameson Williams,WR,116.3,10,22.1,bonus_exclusive,-54.8,15.1,101.2,1,0
2024,Frank & Julian,11,123,Caleb Williams,QB,0.0,0,10.1,bonus_exclusive,-49.78,15.1,-15.1,0,1
2024,Pung & Tralie,11,124,J.K. Dobbins,RB,46.7,3,3.7,bonus_exclusive,-92.0,15.1,31.6,1,0
2024,Rob & GregBo,11,125,Cole Kmet,TE,24.0,1,,bonus_exclusive,8.3,15.1,8.9,1,0
2024,Nolan & Vinny,11,126,San Francisco 49ers,DEF,68.0,8,-10.3,bonus_exclusive,71.0,15.1,52.9,1,0
2024,Antdell & Ernie,11,127,Khalil Shakir,WR,0.0,0,22.3,bonus_exclusive,-171.1,15.1,-15.1,0,1
2024,Ronnie,11,128,Baltimore Ravens,DEF,67.0,13,-6,bonus_exclusive,70.0,15.1,51.9,1,0
2024,Richie,11,129,Tyler Allgeier,RB,0.0,0,15.7,bonus_exclusive,-138.7,15.1,-15.1,0,1
2024,Phil Baldino,11,130,T.J. Hockenson,TE,27.4,3,21.4,bonus_exclusive,11.7,15.1,12.3,1,0
2024,Cambrias,11,131,Justin Tucker,K,138.0,16,-6.5,bonus_exclusive,124.0,15.1,122.9,1,0
2024,Chris & Dom,11,132,Cleveland Browns,DEF,35.0,5,-20.2,bonus_exclusive,38.0,15.1,19.9,1,0
2024,Chris & Dom,12,133,Brandon Aubrey,K,177.0,15,-3.5,bonus_exclusive,163.0,15.38,161.62,1,0
2024,Cambrias,12,134,Pittsburgh Steelers,DEF,88.0,9,-27.8,bonus_exclusive,91.0,15.38,72.62,1,0
2024,Phil Baldino,12,135,Brock Purdy,QB,134.86,6,73.3,bonus_exclusive,85.08,15.38,119.48,1,0
2024,Richie,12,136,Curtis Samuel,WR,0.0,0,23.2,bonus_exclusive,-171.1,15.38,-15.38,0,1
2024,Ronnie,12,137,Harrison Butker,K,82.0,10,-4.1,bonus_exclusive,68.0,15.38,66.62,1,0
2024,Antdell & Ernie,12,138,Jaylen Wright,RB,0.0,0,-21.6,bonus_exclusive,-138.7,15.38,-15.38,0,1
2024,Nolan & Vinny,12,139,Jake Elliott,K,18.0,3,-22.5,bonus_exclusive,4.0,15.38,2.62,0,0
2024,Rob & GregBo,12,140,Jake Moody,K,58.0,5,-13.8,bonus_exclusive,44.0,15.38,42.62,1,0
2024,Pung & Tralie,12,141,Justin Herbert,QB,0.0,0,37.4,bonus_exclusive,-49.78,15.38,-15.38,0,1
2024,Frank & Julian,12,142,Evan McPherson,K,77.0,10,-11.7,bonus_exclusive,63.0,15.38,61.62,1,0
2024,Mike Long,12,143,Rashid Shaheed,WR,0.0,0,14.2,bonus_exclusive,-171.1,15.38,-15.38,0,1
2024,John Juliano,12,144,Younghoe Koo,K,96.0,11,-11.2,bonus_exclusive,82.0,15.38,80.62,1,0
2024,John Juliano,13,145,Chicago Bears,DEF,0.0,0,-11.2,bonus_exclusive,3.0,2.5,-2.5,0,1
2024,Mike Long,13,146,Cameron Dicker,K,102.0,11,,bonus_exclusive,88.0,2.5,99.5,1,0
2024,Frank & Julian,13,147,Washington Commanders,DEF,-3.0,1,,bonus_exclusive,0.0,2.5,-5.5,0,1
2024,Pung & Tralie,13,148,Jayden Daniels,QB,298.08,14,31.3,bonus_exclusive,248.3,2.5,295.58,1,0
2024,Rob & GregBo,13,149,Philadelphia Eagles,DEF,117.0,14,,bonus_exclusive,120.0,2.5,114.5,1,0
2024,Nolan & Vinny,13,150,Ty Chandler,RB,0.0,0,11.8,bonus_exclusive,-138.7,2.5,-2.5,0,1
2024,Antdell & Ernie,13,151,Ja'Lynn Polk,WR,0.0,0,,bonus_exclusive,-171.1,2.5,-2.5,0,1
2024,Ronnie,13,152,Matthew Stafford,QB,21.32,2,32.9,bonus_exclusive,-28.46,2.5,18.82,1,0
2024,Richie,13,153,Seattle Seahawks,DEF,28.0,3,,bonus_exclusive,31.0,2.5,25.5,1,0
2024,Phil Baldino,13,154,Kansas City Chiefs,DEF,48.0,8,-7.3,bonus_exclusive,51.0,2.5,45.5,1,0
2024,Cambrias,13,155,Taysom Hill,QB,0.0,0,,bonus_exclusive,-49.78,2.5,-2.5,0,1
2024,Chris & Dom,13,156,Jakobi Meyers,WR,23.6,2,-4.4,bonus_exclusive,-147.5,2.5,21.1,1,0
2024,Chris & Dom,14,157,Dalton Schultz,TE,15.7,2,13.3,bonus_exclusive,0.0,2.5,13.2,1,0
2024,Cambrias,14,158,Trevor Lawrence,QB,0.0,0,24.3,bonus_exclusive,-49.78,2.5,-2.5,0,1
2024,Phil Baldino,14,159,Ka'imi Fairbairn,K,151.0,13,19.8,bonus_exclusive,137.0,2.5,148.5,1,0
2024,Richie,14,160,Darnell Mooney,WR,0.0,0,,bonus_exclusive,-171.1,2.5,-2.5,0,1
2024,Ronnie,14,161,Aaron Rodgers,QB,41.12,3,44.6,bonus_exclusive,-8.66,2.5,38.62,1,0
2024,Antdell & Ernie,14,162,Jaleel McLaughlin,RB,0.0,0,33.9,bonus_exclusive,-138.7,2.5,-2.5,0,1
2024,Nolan & Vinny,14,163,Jerry Jeudy,WR,0.0,0,35.3,bonus_exclusive,-171.1,2.5,-2.5,0,1
2024,Rob & GregBo,14,164,Kirk Cousins,QB,0.0,0,34.6,bonus_exclusive,-49.78,2.5,-2.5,0,1
2024,Pung & Tralie,14,165,Jason Sanders,K,14.0,2,4.8,bonus_exclusive,0.0,2.5,11.5,1,0
2024,Frank & Julian,14,166,Xavier Legette,WR,0.0,0,,bonus_exclusive,-171.1,2.5,-2.5,0,1
2024,Mike Long,14,167,Gabriel Davis,WR,0.0,0,,bonus_exclusive,-171.1,2.5,-2.5,0,1
2024,John Juliano,14,168,Elijah Mitchell,RB,0.0,0,,bonus_exclusive,-138.7,2.5,-2.5,0,1
2025,Richie,1,1,Ja'Marr Chase,WR,265.0,14,-0.8,complete,88.0,216.8,48.2,0,0
2025,John Juliano,1,2,Bijan Robinson,RB,179.6,9,-0.3,complete,0.0,216.8,-37.2,0,0
2025,Ronnie,1,3,Jahmyr Gibbs,RB,346.6,16,-0.9,complete,167.0,216.8,129.8,1,0
2025,Cambrias,1,4,Saquon Barkley,RB,215.1,15,1.8,complete,35.5,216.8,-1.7,0,0
2025,Nolan & Vinny,1,5,CeeDee Lamb,WR,189.9,12,-1.8,complete,12.9,216.8,-26.9,0,0
2025,Antdell & Ernie,1,6,Justin Jefferson,WR,168.6,15,0.1,complete,-8.4,216.8,-48.2,0,0
2025,Mike Long,1,7,Christian McCaffrey,RB,404.9,16,0.1,complete,225.3,216.8,188.1,1,0
2025,Frank & Julian,1,8,Amon-Ra St. Brown,WR,284.3,15,-8,complete,107.3,216.8,67.5,0,0
2025,Phil Baldino,1,9,Malik Nabers,WR,57.1,4,-2.2,complete,-119.9,216.8,-159.7,0,1
2025,Rob & GregBo,1,10,Derrick Henry,RB,256.9,15,4.9,complete,77.3,216.8,40.1,0,0
2025,Pung & Tralie,1,11,Nico Collins,WR,202.7,14,1,complete,25.7,216.8,-14.1,0,0
2025,Chris & Dom,1,12,Ashton Jeanty,RB,223.4,15,,complete,43.8,216.8,6.6,0,0
2025,Chris & Dom,2,13,Puka Nacua,WR,333.3,14,-0.5,complete,156.3,164.35,168.95,1,0
2025,Pung & Tralie,2,14,Drake London,WR,177.0,9,-3.5,complete,0.0,164.35,12.65,0,0
2025,Rob & GregBo,2,15,A.J. Brown,WR,208.2,14,-6.5,complete,31.2,164.35,43.85,0,0
2025,Phil Baldino,2,16,Josh Jacobs,RB,237.1,15,4.1,complete,57.5,164.35,72.75,0,0
2025,Frank & Julian,2,17,Chase Brown,RB,234.5,15,-3.4,complete,54.9,164.35,70.15,0,0
2025,Mike Long,2,18,Kyren Williams,RB,252.2,16,0.1,complete,72.6,164.35,87.85,1,0
2025,Antdell & Ernie,2,19,Jonathan Taylor,RB,356.4,16,5.3,complete,176.8,164.35,192.05,1,0
2025,Nolan & Vinny,2,20,Brock Bowers,TE,33.9,3,-13.7,complete,10.2,164.35,-130.45,0,1
2025,Cambrias,2,21,De'Von Achane,RB,304.1,15,,complete,124.5,164.35,139.75,1,0
2025,Ronnie,2,22,Brian Thomas Jr.,WR,36.0,4,6.2,complete,-141.0,164.35,-128.35,0,1
2025,John Juliano,2,23,Ladd McConkey,WR,176.9,15,-2.6,complete,-0.1,164.35,12.55,0,0
2025,Richie,2,24,Bucky Irving,RB,119.4,8,5,complete,-60.2,164.35,-44.95,0,0
2025,Richie,3,25,Omarion Hampton,RB,52.1,4,,complete,-127.5,138.2,-86.1,0,1
2025,John Juliano,3,26,Josh Allen,QB,394.1,15,1.8,complete,323.42,138.2,255.9,1,0
2025,Ronnie,3,27,James Cook,RB,151.7,8,-2,complete,-27.9,138.2,13.5,0,0
2025,Cambrias,3,28,Trey McBride,TE,265.0,15,-13.7,complete,241.3,138.2,126.8,1,0
2025,Nolan & Vinny,3,29,Alvin Kamara,RB,82.0,8,-7.9,complete,-97.6,138.2,-56.2,0,0
2025,Antdell & Ernie,3,30,Tee Higgins,WR,20.9,2,4.9,complete,-156.1,138.2,-117.3,0,1
2025,Mike Long,3,31,Mike Evans,WR,34.0,3,3.2,complete,-143.0,138.2,-104.2,0,1
2025,Frank & Julian,3,32,TreVeyon Henderson,RB,165.4,11,,complete,-14.2,138.2,27.2,0,0
2025,Phil Baldino,3,33,Lamar Jackson,QB,236.44,13,14.3,complete,165.76,138.2,98.24,1,0
2025,Rob & GregBo,3,34,Jaxon Smith-Njigba,WR,327.2,15,-5.6,complete,150.2,138.2,189.0,1,0
2025,Pung & Tralie,3,35,Joe Burrow,QB,19.86,2,5.1,complete,-50.82,138.2,-118.34,0,1
2025,Chris & Dom,3,36,Chuba Hubbard,RB,65.5,5,0.9,complete,-114.1,138.2,-72.7,0,1
2025,Chris & Dom,4,37,Jalen Hurts,QB,302.24,12,1.1,complete,231.56,123.0,179.24,1,0
2025,Pung & Tralie,4,38,Breece Hall,RB,71.0,6,-10.6,complete,-108.6,123.0,-52.0,0,0
2025,Rob & GregBo,4,39,George Kittle,TE,130.8,10,-11.7,complete,107.1,123.0,7.8,0,0
2025,Phil Baldino,4,40,Kenneth Walker III,RB,23.4,2,-3.6,complete,-156.2,123.0,-99.6,0,1
2025,Frank & Julian,4,41,Jayden Daniels,QB,133.28,7,12.4,complete,62.6,123.0,10.28,0,0
2025,Mike Long,4,42,Terry McLaurin,WR,81.9,8,7.7,complete,-95.1,123.0,-41.1,0,0
2025,Antdell & Ernie,4,43,Isiah Pacheco,RB,4.8,1,-21,complete,-174.8,123.0,-118.2,0,1
2025,Nolan & Vinny,4,44,Davante Adams,WR,152.8,9,14.1,complete,-24.2,123.0,29.8,0,0
2025,Cambrias,4,45,James Conner,RB,33.3,3,9.8,complete,-146.3,123.0,-89.7,0,1
2025,Ronnie,4,46,Xavier Worthy,WR,45.8,6,-0.5,complete,-131.2,123.0,-77.2,0,1
2025,John Juliano,4,47,DK Metcalf,WR,88.6,8,,complete,-88.4,123.0,-34.4,0,0
2025,Richie,4,48,Marvin Harrison Jr.,WR,53.2,4,12.8,complete,-123.8,123.0,-69.8,0,1
2025,Richie,5,49,Garrett Wilson,WR,99.5,7,7.3,complete,-77.5,94.1,5.4,0,0
2025,John Juliano,5,50,Tony Pollard,RB,51.7,5,-7.3,complete,-127.9,94.1,-42.4,0,0
2025,Ronnie,5,51,Courtland Sutton,WR,135.9,11,1.3,complete,-41.1,94.1,41.8,0,0
2025,Cambrias,5,52,Tyreek Hill,WR,53.5,4,21.7,complete,-123.5,94.1,-40.6,0,0
2025,Nolan & Vinny,5,53,Patrick Mahomes,QB,317.32,12,-1.7,complete,246.64,94.1,223.22,1,0
2025,Antdell & Ernie,5,54,DeVonta Smith,WR,27.7,4,5.8,complete,-149.3,94.1,-66.4,0,1
2025,Mike Long,5,55,Baker Mayfield,QB,278.8,14,3.9,complete,208.12,94.1,184.7,1,0
2025,Frank & Julian,5,56,David Montgomery,RB,116.12,9,-2.2,complete,-63.48,94.1,22.02,0,0
2025,Phil Baldino,5,57,D'Andre Swift,RB,212.0,14,-0.8,complete,32.4,94.1,117.9,1,0
2025,Rob & GregBo,5,58,RJ Harvey,RB,70.6,4,,complete,-109.0,94.1,-23.5,0,0
2025,Pung & Tralie,5,59,Aaron Jones,RB,15.7,1,-7.3,complete,-163.9,94.1,-78.4,0,1
2025,Chris & Dom,5,60,D.J. Moore,WR,91.78,9,15.9,complete,-85.22,94.1,-2.32,0,0
2025,Chris & Dom,6,61,George Pickens,WR,278.2,15,-0.4,complete,101.2,74.45,203.75,1,0
2025,Pung & Tralie,6,62,Sam LaPorta,TE,106.9,9,-6,complete,83.2,74.45,32.45,0,0
2025,Rob & GregBo,6,63,Tetairoa McMillan,WR,196.4,15,,complete,19.4,74.45,121.95,1,0
2025,Phil Baldino,6,64,Calvin Ridley,WR,37.2,4,6.4,complete,-139.8,74.45,-37.25,0,1
2025,Frank & Julian,6,65,Jaylen Waddle,WR,178.52,14,-2,complete,1.52,74.45,104.07,1,0
2025,Mike Long,6,66,Khalil Shakir,WR,144.4,13,-24.5,complete,-32.6,74.45,69.95,1,0
2025,Antdell & Ernie,6,67,Jameson Williams,WR,0.0,0,13.4,complete,-177.0,74.45,-74.45,0,1
2025,Nolan & Vinny,6,68,Travis Kelce,TE,80.5,7,-5.1,complete,56.8,74.45,6.05,0,0
2025,Cambrias,6,69,Travis Hunter,WR,17.6,3,,complete,-159.4,74.45,-56.85,0,1
2025,Ronnie,6,70,Bo Nix,QB,198.18,10,0.3,complete,127.5,74.45,123.73,1,0
2025,John Juliano,6,71,T.J. Hockenson,TE,6.7,2,,complete,-17.0,74.45,-67.75,0,1
2025,Richie,6,72,Kaleb Johnson,RB,0.0,0,,complete,-179.6,74.45,-74.45,0,1
2025,Richie,7,73,Emeka Egbuka,WR,65.7,4,,complete,-111.3,53.8,11.9,0,0
2025,John Juliano,7,74,Jerry Jeudy,WR,32.0,4,12.4,complete,-145.0,53.8,-21.8,0,0
2025,Ronnie,7,75,Mark Andrews,TE,23.7,5,-9.5,complete,0.0,53.8,-30.1,0,1
2025,Cambrias,7,76,Matthew Golden,WR,11.3,1,,complete,-165.7,53.8,-42.5,0,1
2025,Nolan & Vinny,7,77,Tyrone Tracy,RB,14.6,2,7.1,complete,-165.0,53.8,-39.2,0,1
2025,Antdell & Ernie,7,78,Zay Flowers,WR,156.4,13,14.4,complete,-20.6,53.8,102.6,1,0
2025,Mike Long,7,79,Tucker Kraft,TE,117.2,8,-29.5,complete,93.5,53.8,63.4,1,0
2025,Frank & Julian,7,80,Evan Engram,TE,5.1,1,-30.1,complete,-18.6,53.8,-48.7,0,1
2025,Phil Baldino,7,81,David Njoku,TE,23.7,3,,complete,0.0,53.8,-30.1,0,1
2025,Rob & GregBo,7,82,Deebo Samuel,WR,13.6,2,14.1,complete,-163.4,53.8,-40.2,0,1
2025,Pung & Tralie,7,83,Ricky Pearsall,WR,14.8,1,8.7,complete,-162.2,53.8,-39.0,0,1
2025,Chris & Dom,7,84,Tyler Warren,TE,171.6,15,,complete,147.9,53.8,117.8,1,0
2025,Chris & Dom,8,85,Nick Chubb,RB,0.0,0,-53.3,complete,-179.6,37.35,-37.35,0,1
2025,Pung & Tralie,8,86,Rome Odunze,WR,32.1,2,7.4,complete,-144.9,37.35,-5.25,0,0
2025,Rob & GregBo,8,87,Jaylen Warren,RB,145.0,12,9.4,complete,-34.6,37.35,107.65,1,0
2025,Phil Baldino,8,88,Rashee Rice,WR,150.1,10,-8.2,complete,-26.9,37.35,112.75,1,0
2025,Frank & Julian,8,89,Stefon Diggs,WR,0.0,0,5.6,complete,-177.0,37.35,-37.35,0,1
2025,Mike Long,8,90,Zach Charbonnet,RB,26.8,4,-9.1,complete,-152.8,37.35,-10.55,0,0
2025,Antdell & Ernie,8,91,Chris Olave,WR,226.5,12,18.3,complete,49.5,37.35,189.15,1,0
2025,Nolan & Vinny,8,92,Austin Ekeler,RB,0.0,0,7.3,complete,-179.6,37.35,-37.35,0,1
2025,Cambrias,8,93,Quinshon Judkins,RB,138.5,11,,complete,-41.1,37.35,101.15,1,0
2025,Ronnie,8,94,Ollie Gordon,RB,0.0,0,,complete,-179.6,37.35,-37.35,0,1
2025,John Juliano,8,95,Travis Etienne,RB,46.8,4,-15.5,complete,-132.8,37.35,9.45,0,0
2025,Richie,8,96,Jordan Mason,RB,68.5,7,3.5,complete,-111.1,37.35,31.15,1,0
2025,Richie,9,97,Jauan Jennings,WR,0.0,0,14.5,complete,-177.0,28.95,-28.95,0,1
2025,John Juliano,9,98,Cooper Kupp,WR,5.1,1,3.5,complete,-171.9,28.95,-23.85,0,1
2025,Ronnie,9,99,Kyle Pitts,TE,35.9,3,-51.1,complete,12.2,28.95,6.95,0,0
2025,Cambrias,9,100,Jacory Croskey-Merritt,RB,0.0,0,,complete,-179.6,28.95,-28.95,0,1
2025,Nolan & Vinny,9,101,Jakobi Meyers,WR,0.0,0,24.2,complete,-177.0,28.95,-28.95,0,1
2025,Antdell & Ernie,9,102,J.K. Dobbins,RB,61.7,5,13.2,complete,-117.9,28.95,32.75,1,0
2025,Mike Long,9,103,Brandon Aubrey,K,176.6,16,-27.5,complete,171.6,28.95,147.65,1,0
2025,Frank & Julian,9,104,Denver Broncos,DEF,124.0,15,-7.8,complete,101.0,28.95,95.05,1,0
2025,Phil Baldino,9,105,Michael Pittman,WR,0.0,0,,complete,-177.0,28.95,-28.95,0,1
2025,Rob & GregBo,9,106,Josh Downs,WR,0.0,0,,complete,-177.0,28.95,-28.95,0,1
2025,Pung & Tralie,9,107,Jordan Addison,WR,35.1,3,7.2,complete,-141.9,28.95,6.15,0,0
2025,Chris & Dom,9,108,Joe Mixon,RB,0.0,0,-32.2,complete,-179.6,28.95,-28.95,0,1
2025,Chris & Dom,10,109,Jake Bates,K,60.0,8,,complete,55.0,26.75,33.25,1,0
2025,Pung & Tralie,10,110,Rhamondre Stevenson,RB,17.4,4,-13.4,complete,-162.2,26.75,-9.35,0,0
2025,Rob & GregBo,10,111,Cam Skattebo,RB,42.8,3,,complete,-136.8,26.75,16.05,1,0
2025,Phil Baldino,10,112,Javonte Williams,RB,37.2,2,-0.8,complete,-142.4,26.75,10.45,0,0
2025,Frank & Julian,10,113,Brian Robinson,RB,0.0,0,,complete,-179.6,26.75,-26.75,0,1
2025,Mike Long,10,114,Tank Bigsby,RB,0.0,0,-13.4,complete,-179.6,26.75,-26.75,0,1
2025,Antdell & Ernie,10,115,Dak Prescott,QB,383.08,16,29.7,complete,312.4,26.75,356.33,1,0
2025,Nolan & Vinny,10,116,Cameron Dicker,K,141.0,14,,complete,136.0,26.75,114.25,1,0
2025,Cambrias,10,117,Kyler Murray,QB,70.68,4,29.2,complete,0.0,26.75,43.93,1,0
2025,Ronnie,10,118,Ray Davis,RB,0.0,0,,complete,-179.6,26.75,-26.75,0,1
2025,John Juliano,10,119,Brandon Aiyuk,WR,0.0,0,-21.2,complete,-177.0,26.75,-26.75,0,1
2025,Richie,10,120,Justin Herbert,QB,108.46,5,9.8,complete,37.78,26.75,81.71,1,0
2025,Richie,11,121,Keenan Allen,WR,19.5,1,1.8,complete,-157.5,15.1,4.4,0,0
2025,John Juliano,11,122,Chris Boswell,K,34.0,4,,complete,29.0,15.1,18.9,1,0
2025,Ronnie,11,123,Keon Coleman,WR,10.6,2,28.9,complete,-166.4,15.1,-4.5,0,0
2025,Cambrias,11,124,Philadelphia Eagles,DEF,61.0,8,8.7,complete,38.0,15.1,45.9,1,0
2025,Nolan & Vinny,11,125,Rashid Shaheed,WR,0.0,0,,complete,-177.0,15.1,-15.1,0,1
2025,Antdell & Ernie,11,126,Jake Ferguson,TE,128.4,9,5.9,complete,104.7,15.1,113.3,1,0
2025,Mike Long,11,127,Adam Thielen,WR,0.0,0,-29.6,complete,-177.0,15.1,-15.1,0,1
2025,Frank & Julian,11,128,Najee Harris,RB,0.0,0,,complete,-179.6,15.1,-15.1,0,1
2025,Phil Baldino,11,129,Baltimore Ravens,DEF,41.0,4,7.7,complete,18.0,15.1,25.9,1,0
2025,Rob & GregBo,11,130,Drake Maye,QB,382.72,15,13.9,complete,312.04,15.1,367.62,1,0
2025,Pung & Tralie,11,131,Jayden Higgins,WR,0.0,0,,complete,-177.0,15.1,-15.1,0,1
2025,Chris & Dom,11,132,Pittsburgh Steelers,DEF,50.0,6,5.9,complete,27.0,15.1,34.9,1,0
2025,Chris & Dom,12,133,Jerome Ford,RB,0.0,0,-1.6,complete,-179.6,15.38,-15.38,0,1
2025,Pung & Tralie,12,134,Dylan Sampson,RB,10.9,1,,complete,-168.7,15.38,-4.48,0,0
2025,Rob & GregBo,12,135,Dalton Kincaid,TE,66.0,6,-4.2,complete,42.3,15.38,50.62,1,0
2025,Phil Baldino,12,136,Trey Benson,RB,10.4,1,-6.2,complete,-169.2,15.38,-4.98,0,0
2025,Frank & Julian,12,137,Chris Godwin,WR,5.6,1,33.5,complete,-171.4,15.38,-9.78,0,1
2025,Mike Long,12,138,Kansas City Chiefs,DEF,87.0,16,,complete,64.0,15.38,71.62,1,0
2025,Antdell & Ernie,12,139,Bhayshul Tuten,RB,0.0,0,,complete,-179.6,15.38,-15.38,0,1
2025,Nolan & Vinny,12,140,Buffalo Bills,DEF,43.0,5,,complete,20.0,15.38,27.62,1,0
2025,Cambrias,12,141,Jayden Reed,WR,0.0,0,,complete,-177.0,15.38,-15.38,0,1
2025,Ronnie,12,142,Kyle Williams,WR,0.0,0,,complete,-177.0,15.38,-15.38,0,1
2025,John Juliano,12,143,Jaydon Blue,RB,0.0,0,,complete,-179.6,15.38,-15.38,0,1
2025,Richie,12,144,Minnesota Vikings,DEF,55.0,5,,complete,32.0,15.38,39.62,1,0
2025,Richie,13,145,Jake Elliott,K,52.0,8,,complete,47.0,2.5,49.5,1,0
2025,John Juliano,13,146,Braelon Allen,RB,0.0,0,0.3,complete,-179.6,2.5,-2.5,0,1
2025,Ronnie,13,147,Caleb Williams,QB,5.68,1,45.2,complete,-65.0,2.5,3.18,1,0
2025,Cambrias,13,148,Marvin Mims,WR,0.0,0,33.1,complete,-177.0,2.5,-2.5,0,1
2025,Nolan & Vinny,13,149,Isaac TeSlaa,WR,10.0,1,,complete,-167.0,2.5,7.5,1,0
2025,Antdell & Ernie,13,150,Houston Texans,DEF,34.0,4,,complete,11.0,2.5,31.5,1,0
2025,Mike Long,13,151,DeAndre Hopkins,WR,0.0,1,,complete,-177.0,2.5,-2.5,0,1
2025,Frank & Julian,13,152,Chase McLaughlin,K,5.0,2,11,complete,0.0,2.5,2.5,1,0
2025,Phil Baldino,13,153,Brock Purdy,QB,0.0,0,,complete,-70.68,2.5,-2.5,0,1
2025,Rob & GregBo,13,154,Green Bay Packers,DEF,61.0,9,24,complete,38.0,2.5,58.5,1,0
2025,Pung & Tralie,13,155,San Francisco 49ers,DEF,24.0,3,-5.5,complete,1.0,2.5,21.5,1,0
2025,Chris & Dom,13,156,Elic Ayomanor,WR,0.0,0,,complete,-177.0,2.5,-2.5,0,1
2025,Chris & Dom,14,157,Jared Goff,QB,98.44,4,61.6,complete,27.76,2.5,95.94,1,0
2025,Pung & Tralie,14,158,Harrison Butker,K,59.0,8,,complete,54.0,2.5,56.5,1,0
2025,Rob & GregBo,14,159,Cam Little,K,45.0,7,,complete,40.0,2.5,42.5,1,0
2025,Phil Baldino,14,160,Younghoe Koo,K,8.0,1,,complete,3.0,2.5,5.5,1,0
2025,Frank & Julian,14,161,Colston Loveland,TE,0.0,0,,complete,-23.7,2.5,-2.5,0,1
2025,Mike Long,14,162,Xavier Legette,WR,0.0,0,,complete,-177.0,2.5,-2.5,0,1
2025,Antdell & Ernie,14,163,Will Reichard,K,46.0,6,,complete,41.0,2.5,43.5,1,0
2025,Nolan & Vinny,14,164,Tyler Allgeier,RB,1.4,1,,complete,-178.2,2.5,-1.1,0,0
2025,Cambrias,14,165,Evan McPherson,K,58.0,6,,complete,53.0,2.5,55.5,1,0
2025,Ronnie,14,166,Detroit Lions,DEF,68.0,7,,complete,45.0,2.5,65.5,1,0
2025,John Juliano,14,167,New England Patriots,DEF,23.0,3,,complete,0.0,2.5,20.5,1,0
2025,Richie,14,168,Dallas Goedert,TE,11.4,1,34.4,complete,-12.3,2.5,8.9,1,0
