season,pick_id,team_id,member_name,team_name,draft_round,draft_round_pick,draft_pick,player_id,service_player_id,player_name,player_position,player_team,is_keeper,from_trade,auction_bid_amount,value,adp_effective_pick,adp_effective_adp,adp_differential,adp_differential_pct,adp_consensus_score,is_injury,comment
2013,1899399,186671,GaTTa,GaTTa,1,1,1,00-0025394,8261,Adrian Peterson,RB,MIN,0,0,,7.33,,,,,,0,
2013,1899511,186678,Nolan & Vinny,Nolan & Vinny,1,2,2,00-0025399,8266,Marshawn Lynch,RB,SEA,0,0,,10.61,,,-5.6,-2.9,0,0,
2013,1899351,186668,Frank & Julian,Frank & Julian,1,3,3,00-0029613,25741,Doug Martin,RB,TB,0,0,,-9.4,,,-0.6,-0.3,0.57,0,
2013,1899479,186676,Team JoeBa,Team JoeBa,1,4,4,00-0026213,8850,Jamaal Charles,RB,KC,0,0,,24.17,,,0.8,0.4,0.38,0,
2013,1899415,186672,Chris & Dom,Chris & Dom,1,5,5,00-0025389,8256,Calvin Johnson,WR,DET,0,0,,12.22,,,-0.6,-0.3,0.73,0,
2013,1899367,186669,Pung & Tralie,Pung & Tralie,1,6,6,00-0027029,9317,LeSean McCoy,RB,PHI,0,0,,17.58,,,-2.2,-1.1,0.04,0,
2013,1899383,186670,Rob & GregBo,Rob & GregBo,1,7,7,00-0026195,8832,Ray Rice,RB,BAL,0,0,,0.65,,,-0.4,-0.2,0.82,0,
2013,1899495,186677,Cambrias,Cambrias,1,8,8,00-0027861,23984,C.J. Spiller,RB,BUF,0,0,,-2.35,,,1.7,0.9,0.15,0,
2013,1899431,186673,LFTLR,LFTLR,1,9,9,00-0020531,5479,Drew Brees,QB,NO,0,0,,9.55,,,-21.7,-11.3,0,0,
2013,1899447,186674,Antdell & Ernie,Antdell & Ernie,1,10,10,00-0023459,7200,Aaron Rodgers,QB,GB,0,0,,-9.62,,,-21.8,-11.4,0,0,
2013,1899335,186667,Ronnie,Ronnie,1,11,11,00-0010346,4256,Peyton Manning,QB,DEN,0,0,,18.53,,,-31.2,-16.3,0,0,
2013,1899463,186675,Richie,Richie,1,12,12,00-0026796,9527,Arian Foster,RB,HOU,0,0,,-5.29,,,8.2,4.3,0,0,
2013,1899464,186675,Richie,Richie,2,1,13,00-0029675,25713,Trent Richardson,RB,CLE,0,0,,-2.73,,,4.7,2.4,0,0,
2013,1899336,186667,Ronnie,Ronnie,2,2,14,00-0027874,23997,Demaryius Thomas,WR,DEN,0,0,,13.34,,,-11.5,-6,0,0,
2013,1899448,186674,Antdell & Ernie,Antdell & Ernie,2,3,15,00-0027942,24791,A.J. Green,WR,CIN,0,0,,13.83,,,-2.2,-1.1,0.29,0,
2013,1899432,186673,LFTLR,LFTLR,2,4,16,00-0026184,8821,Matt Forte,RB,CHI,0,0,,20.53,,,3.3,1.7,0,0,
2013,1899496,186677,Cambrias,Cambrias,2,5,17,00-0024334,7868,Brandon Marshall,WR,CHI,0,0,,13.21,,,-2.3,-1.2,0.32,0,
2013,1899384,186670,Rob & GregBo,Rob & GregBo,2,6,18,00-0027902,23999,Dez Bryant,WR,DAL,0,0,,11.19,,,4.3,2.2,0,0,
2013,1899368,186669,Pung & Tralie,Pung & Tralie,2,7,19,00-0027944,24793,Julio Jones,WR,ATL,0,0,,-8.75,,,-3,-1.6,0.03,0,
2013,1899416,186672,Chris & Dom,Chris & Dom,2,8,20,00-0024217,7751,Reggie Bush,RB,DET,0,0,,9.69,,,2.5,1.3,0.17,0,
2013,1899480,186676,Team JoeBa,Team JoeBa,2,9,21,00-0022044,6339,Andre Johnson,WR,HOU,0,0,,12.24,,,-13.2,-6.9,0,0,
2013,1899352,186668,Frank & Julian,Frank & Julian,2,10,22,00-0024275,7809,Maurice Jones-Drew,RB,JAX,0,0,,2.7,,,2.3,1.2,0.23,0,
2013,1899512,186678,Nolan & Vinny,Nolan & Vinny,2,11,23,00-0026143,8780,Matt Ryan,QB,ATL,0,0,,-1.23,,,-38.1,-19.8,0,0,
2013,1899400,186671,GaTTa,GaTTa,2,12,24,00-0022921,6762,Larry Fitzgerald,WR,ARI,0,0,,4.45,,,-3.9,-2,0,0,
2013,1899401,186671,GaTTa,GaTTa,3,1,25,00-0023462,7203,Roddy White,WR,ATL,0,0,,-6.96,,,-9.4,-4.9,0,0,
2013,1899513,186678,Nolan & Vinny,Nolan & Vinny,3,2,26,00-0023496,7237,Vincent Jackson,WR,TB,0,0,,7.32,,,-15,-7.8,0,0,
2013,1899353,186668,Frank & Julian,Frank & Julian,3,3,27,00-0019596,5228,Tom Brady,QB,NE,0,0,,0,,,-30.4,-15.8,0,0,
2013,1899481,186676,Team JoeBa,Team JoeBa,3,4,28,00-0029141,25883,Alfred Morris,RB,WAS,0,0,,2.06,,,15.5,8.1,0,0,
2013,1899417,186672,Chris & Dom,Chris & Dom,3,5,29,00-0027696,24070,Jimmy Graham,TE,NO,0,0,,26.05,,,14.7,7.7,0,0,
2013,1899369,186669,Pung & Tralie,Pung & Tralie,3,6,30,00-0026164,8801,Chris Johnson,RB,TEN,0,0,,10.08,,,14.5,7.6,0,0,
2013,1899385,186670,Rob & GregBo,Rob & GregBo,3,7,31,00-0027939,24788,Cam Newton,QB,CAR,0,0,,6.42,,,-27.3,-14.2,0,0,
2013,1899497,186677,Cambrias,Cambrias,3,8,32,00-0028002,24851,Randall Cobb,WR,GB,0,0,,-10.42,,,1.5,0.8,0.62,0,
2013,1899433,186673,LFTLR,LFTLR,3,9,33,00-0028011,24860,Stevan Ridley,RB,NE,0,0,,-3.87,,,13.6,7.1,0,0,
2013,1899449,186674,Antdell & Ernie,Antdell & Ernie,3,10,34,00-0022736,6783,Steven Jackson,RB,ATL,0,0,,-2.37,,,18,9.4,0,0,
2013,1899337,186667,Ronnie,Ronnie,3,11,35,00-0023564,7306,Darren Sproles,RB,NO,0,0,,2.11,,,7,3.6,0,0,
2013,1899465,186675,Richie,Richie,3,12,36,00-0020498,5477,Reggie Wayne,WR,IND,0,0,,-9.2,,,-14.5,-7.6,0,0,
2013,1899466,186675,Richie,Richie,4,1,37,00-0022427,7027,Wes Welker,WR,DEN,0,0,,3.04,,,-10.4,-5.4,0,0,
2013,1899338,186667,Ronnie,Ronnie,4,2,38,00-0030485,26684,Eddie Lacy,RB,GB,0,0,,12.66,,,0.7,0.4,0.87,0,
2013,1899450,186674,Antdell & Ernie,Antdell & Ernie,4,3,39,00-0023500,7241,Frank Gore,RB,SF,0,0,,5.65,,,,,,0,
2013,1899434,186673,LFTLR,LFTLR,4,4,40,00-0028009,24858,DeMarco Murray,RB,DAL,0,0,,16.35,,,13.4,7,0,0,
2013,1899498,186677,Cambrias,Cambrias,4,5,41,00-0027656,24017,Rob Gronkowski,TE,FA,0,0,,-0.98,,,7.3,3.8,0,0,
2013,1899386,186670,Rob & GregBo,Rob & GregBo,4,6,42,00-0029251,25742,David Wilson,RB,NYG,0,0,,-13.59,,,16.9,8.8,0,0,
2013,1899370,186669,Pung & Tralie,Pung & Tralie,4,7,43,00-0025410,8277,Dwayne Bowe,WR,KC,0,0,,-3.88,,,-0.4,-0.2,0.91,0,
2013,1899418,186672,Chris & Dom,Chris & Dom,4,8,44,00-0026144,8781,Darren McFadden,RB,LV,0,0,,-6.39,,,11.4,5.9,0,0,
2013,1899482,186676,Team JoeBa,Team JoeBa,4,9,45,00-0024466,8001,Marques Colston,WR,NO,0,0,,-0.61,,,-2.2,-1.1,0.56,0,
2013,1899354,186668,Frank & Julian,Frank & Julian,4,10,46,00-0027265,24553,Victor Cruz,WR,NYG,0,0,,0.75,,,7.2,3.8,0,0,
2013,1899514,186678,Nolan & Vinny,Nolan & Vinny,4,11,47,00-0026035,9037,Danny Amendola,WR,NE,0,0,,-6.54,,,1.3,0.7,0.78,0,
2013,1899402,186671,GaTTa,GaTTa,4,12,48,00-0027690,24062,Eric Decker,WR,DEN,0,0,,14.8,,,-18.6,-9.7,0,0,
2013,1899403,186671,GaTTa,GaTTa,5,1,49,00-0027974,24823,Colin Kaepernick,QB,SF,0,0,,-0.04,,,-23.1,-12,0,0,
2013,1899515,186678,Nolan & Vinny,Nolan & Vinny,5,2,50,00-0022127,6405,Jason Witten,TE,DAL,0,0,,9.53,,,5.2,2.7,0.24,0,
2013,1899355,186668,Frank & Julian,Frank & Julian,5,3,51,00-0026189,8826,DeSean Jackson,WR,PHI,0,0,,13.78,,,-20.7,-10.8,0,0,
2013,1899483,186676,Team JoeBa,Team JoeBa,5,4,52,00-0027005,9293,Hakeem Nicks,WR,NYG,0,0,,-5.19,,,-5.3,-2.8,0.12,0,
2013,1899419,186672,Chris & Dom,Chris & Dom,5,5,53,00-0025465,8332,James Jones,WR,GB,0,0,,-4.37,,,-25.5,-13.3,0,0,
2013,1899371,186669,Pung & Tralie,Pung & Tralie,5,6,54,00-0030522,26681,Montee Ball,RB,DEN,0,0,,-5.95,,,10.1,5.3,0,0,
2013,1899387,186670,Rob & GregBo,Rob & GregBo,5,7,55,00-0026901,9348,Mike Wallace,WR,MIA,0,0,,-0.48,,,-18,-9.4,0,0,
2013,1899499,186677,Cambrias,Cambrias,5,8,56,00-0029615,25807,Lamar Miller,RB,MIA,0,0,,-3.91,,,27.1,14.1,0,0,
2013,1899435,186673,LFTLR,LFTLR,5,9,57,00-0024221,7755,Vernon Davis,TE,SF,0,0,,13.56,,,11.7,6.1,0,0,
2013,1899451,186674,Antdell & Ernie,Antdell & Ernie,5,10,58,00-0006101,3950,Tony Gonzalez,TE,ATL,0,0,,15.84,,,2,1,0.79,0,
2013,1899339,186667,Ronnie,Ronnie,5,11,59,00-0030525,26631,Tavon Austin,WR,LAR,0,0,,-5.9,,,-21.6,-11.3,0,0,
2013,1899467,186675,Richie,Richie,5,12,60,00-0026345,8982,Pierre Garcon,WR,WAS,0,0,,16.17,,,3.9,2,0.4,0,
2013,1899468,186675,Richie,Richie,6,1,61,00-0030456,26660,Giovani Bernard,RB,CIN,0,0,,11.04,,,12.9,6.7,0,0,
2013,1899340,186667,Ronnie,Ronnie,6,2,62,00-0020337,5521,Steve Smith,WR,CAR,0,0,,-3.01,,,-13.6,-7.1,0,0,
2013,1899452,186674,Antdell & Ernie,Antdell & Ernie,6,3,63,00-0027996,24845,Torrey Smith,WR,BAL,0,0,,0.88,,,-0.7,-0.4,0.89,0,
2013,1899436,186673,LFTLR,LFTLR,6,4,64,00-0026176,8813,Jordy Nelson,WR,GB,0,0,,9.17,,,4.1,2.1,0.35,0,
2013,1899500,186677,Cambrias,Cambrias,6,5,65,00-0027793,24171,Antonio Brown,WR,PIT,0,0,,22.13,,,2.2,1.1,0.68,0,
2013,1899388,186670,Rob & GregBo,Rob & GregBo,6,6,66,00-0026231,8868,Jermichael Finley,TE,GB,0,0,,-5.42,,,-12.1,-6.3,0,0,
2013,1899372,186669,Pung & Tralie,Pung & Tralie,6,7,67,00-0028052,24901,Cecil Shorts,WR,JAX,0,0,,-3.03,,,-16.9,-8.8,0,0,
2013,1899420,186672,Chris & Dom,Chris & Dom,6,8,68,00-0022084,6390,Anquan Boldin,WR,SF,0,0,,4.75,,,-17.7,-9.2,0,0,
2013,1899484,186676,Team JoeBa,Team JoeBa,6,9,69,00-0026163,8800,Rashard Mendenhall,RB,ARI,0,0,,-1.86,,,4.5,2.3,0.42,0,
2013,1899356,186668,Frank & Julian,Frank & Julian,6,10,70,DEF-0029,100026,Seattle Seahawks,DEF,SEA,0,0,,13.88,,,-26.1,-13.6,0,0,
2013,1899516,186678,Nolan & Vinny,Nolan & Vinny,6,11,71,00-0029263,25785,Russell Wilson,QB,SEA,0,0,,4.02,,,-18.9,-9.8,0,0,
2013,1899404,186671,GaTTa,GaTTa,6,12,72,00-0025637,8504,Ahmad Bradshaw,RB,IND,0,0,,-10.49,,,19.4,10.1,0,0,
2013,1899405,186671,GaTTa,GaTTa,7,1,73,00-0024313,7847,Owen Daniels,TE,HOU,0,0,,-5.81,,,-43,-22.4,0,0,
2013,1899517,186678,Nolan & Vinny,Nolan & Vinny,7,2,74,DEF-0028,100025,San Francisco 49ers,DEF,SF,0,0,,9.03,,,-31.3,-16.3,0,0,
2013,1899357,186668,Frank & Julian,Frank & Julian,7,3,75,00-0029608,25802,T.Y. Hilton,WR,IND,0,0,,0.33,,,-8.3,-4.3,0.06,0,
2013,1899485,186676,Team JoeBa,Team JoeBa,7,4,76,00-0027061,9353,Jared Cook,TE,LAR,0,0,,0,,,-16.8,-8.8,0,0,
2013,1899421,186672,Chris & Dom,Chris & Dom,7,5,77,00-0026498,9265,Matthew Stafford,QB,DET,0,0,,5.86,,,6.6,3.4,0.04,0,
2013,1899373,186669,Pung & Tralie,Pung & Tralie,7,6,78,00-0026364,9001,Stevie Johnson,WR,BUF,0,0,,-5.47,,,-17.3,-9,0,0,
2013,1899389,186670,Rob & GregBo,Rob & GregBo,7,7,79,00-0024267,7801,Greg Jennings,WR,MIN,0,0,,-2.62,,,-12.8,-6.7,0,0,
2013,1899501,186677,Cambrias,Cambrias,7,8,80,00-0029668,25711,Andrew Luck,QB,IND,0,0,,7.92,,,1.2,0.6,0.87,0,
2013,1899437,186673,LFTLR,LFTLR,7,9,81,00-0027702,24076,Mike Williams,WR,TB,0,0,,-12.11,,,-18.5,-9.6,0,0,
2013,1899453,186674,Antdell & Ernie,Antdell & Ernie,7,10,82,DEF-0013,100034,Houston Texans,DEF,HOU,0,0,,-4.85,,,,,,0,
2013,1899341,186667,Ronnie,Ronnie,7,11,83,00-0030496,26671,Le'Veon Bell,RB,FA,0,0,,9.7,,,,,,0,
2013,1899469,186675,Richie,Richie,7,12,84,00-0029665,25712,Robert Griffin III,QB,WAS,0,0,,-2.49,,,,,,0,
2013,1899470,186675,Richie,Richie,8,1,85,DEF-0007,100004,Cincinnati Bengals,DEF,CIN,0,0,,8.26,,,-32.6,-17,0,0,
2013,1899342,186667,Ronnie,Ronnie,8,2,86,DEF-0006,100003,Chicago Bears,DEF,CHI,0,0,,-0.94,,,-27.6,-14.4,0,0,
2013,1899454,186674,Antdell & Ernie,Antdell & Ernie,8,3,87,00-0027864,23987,Ryan Mathews,RB,LAC,0,0,,8.15,,,41.3,21.5,0,0,
2013,1899438,186673,LFTLR,LFTLR,8,4,88,00-0023921,8021,Miles Austin,WR,DAL,0,0,,-12.67,,,-2.6,-1.4,0.69,0,
2013,1899502,186677,Cambrias,Cambrias,8,5,89,00-0027531,24400,Chris Ivory,RB,NYJ,0,0,,-4.74,,,36.5,19,0,0,
2013,1899390,186670,Rob & GregBo,Rob & GregBo,8,6,90,00-0024242,7776,DeAngelo Williams,RB,CAR,0,0,,-0.4,,,24.1,12.6,0,0,
2013,1899374,186669,Pung & Tralie,Pung & Tralie,8,7,91,00-0029664,26561,Josh Gordon,WR,FA,0,0,,24.62,,,-7.1,-3.7,0.4,0,
2013,1899422,186672,Chris & Dom,Chris & Dom,8,8,92,00-0029707,25715,Justin Blackmon,WR,FA,0,0,,-9.78,,,-46.7,-24.3,0,0,
2013,1899486,186676,Team JoeBa,Team JoeBa,8,9,93,00-0021678,6624,Tony Romo,QB,DAL,0,0,,4.23,,,11.1,5.8,0,0,
2013,1899358,186668,Frank & Julian,Frank & Julian,8,10,94,00-0026566,9674,Isaac Redman,RB,PIT,0,0,,-12.54,,,-44.5,-23.2,0,0,
2013,1899518,186678,Nolan & Vinny,Nolan & Vinny,8,11,95,00-0027891,24035,Golden Tate,WR,SEA,0,0,,-2.88,,,-11.3,-5.9,0,0,
2013,1899406,186671,GaTTa,GaTTa,8,12,96,DEF-0003,100033,Baltimore Ravens,DEF,BAL,0,0,,-0.98,,,-42.9,-22.3,0,0,
2013,1899407,186671,GaTTa,GaTTa,9,1,97,00-0024333,7867,Stephen Gostkowski,K,NE,0,0,,7.86,,,-40.9,-21.3,0,0,
2013,1899519,186678,Nolan & Vinny,Nolan & Vinny,9,2,98,00-0020578,6243,Matt Bryant,K,ATL,0,0,,-1.46,,,-54.1,-28.2,0,0,
2013,1899359,186668,Frank & Julian,Frank & Julian,9,3,99,00-0027981,24830,Kyle Rudolph,TE,MIN,0,0,,-4.22,,,25.8,13.4,0,0,
2013,1899487,186676,Team JoeBa,Team JoeBa,9,4,100,DEF-0010,100007,Denver Broncos,DEF,DEN,0,0,,-0.48,,,-16.7,-8.7,0,0,
2013,1899423,186672,Chris & Dom,Chris & Dom,9,5,101,00-0030000,27235,Kenbrell Thompkins,WR,NE,0,0,,-7.37,,,-21.5,-11.2,0.08,0,
2013,1899375,186669,Pung & Tralie,Pung & Tralie,9,6,102,00-0021547,6663,Antonio Gates,TE,LAC,0,0,,9.66,,,21.8,11.4,0,0,
2013,1899391,186670,Rob & GregBo,Rob & GregBo,9,7,103,00-0025431,8298,Sidney Rice,WR,SEA,0,0,,-11.14,,,-32,-16.7,0,0,
2013,1899503,186677,Cambrias,Cambrias,9,8,104,00-0027994,24843,Shane Vereen,RB,NE,0,0,,-2.96,,,49.6,25.8,0,0,
2013,1899439,186673,LFTLR,LFTLR,9,9,105,00-0026998,9286,Percy Harvin,WR,FA,0,0,,-15.05,,,-51.5,-26.8,0,0,
2013,1899455,186674,Antdell & Ernie,Antdell & Ernie,9,10,106,00-0023310,7544,Lance Moore,WR,NO,0,0,,-9.08,,,-6.3,-3.3,0.42,0,
2013,1899343,186667,Ronnie,Ronnie,9,11,107,00-0023853,8565,Matt Prater,K,DEN,0,0,,6.61,,,-48,-25,0,0,
2013,1899471,186675,Richie,Richie,9,12,108,00-0029612,25962,Daryl Richardson,RB,LAR,0,0,,-8.56,,,53.8,28,0,0,
2013,1899472,186675,Richie,Richie,10,1,109,00-0029999,27234,Zach Sudfeld,TE,NE,0,0,,-9.39,,,-35.8,-18.6,0,0,
2013,1899344,186667,Ronnie,Ronnie,10,2,110,00-0025418,8285,Greg Olsen,TE,CAR,0,0,,10.19,,,15,7.8,0,0,
2013,1899456,186674,Antdell & Ernie,Antdell & Ernie,10,3,111,00-0022803,6760,Eli Manning,QB,NYG,0,0,,-6.12,,,7.3,3.8,0.3,0,
2013,1899440,186673,LFTLR,LFTLR,10,4,112,00-0029697,25744,Coby Fleener,TE,IND,0,0,,1.54,,,-43.2,-22.5,0,0,
2013,1899504,186677,Cambrias,Cambrias,10,5,113,00-0027685,24057,Emmanuel Sanders,WR,PIT,0,0,,-1.13,,,-10.5,-5.5,0.17,0,
2013,1899392,186670,Rob & GregBo,Rob & GregBo,10,6,114,00-0027966,24815,Mark Ingram,RB,NO,0,0,,-7.72,,,38.5,20.1,0,0,
2013,1899376,186669,Pung & Tralie,Pung & Tralie,10,7,115,00-0027973,24822,Andy Dalton,QB,CIN,0,0,,6.76,,,-1.6,-0.8,0.8,0,
2013,1899424,186672,Chris & Dom,Chris & Dom,10,8,116,00-0029614,25806,Chris Givens,WR,LAR,0,0,,-7.72,,,-9.7,-5.1,0.47,0,
2013,1899488,186676,Team JoeBa,Team JoeBa,10,9,117,00-0022787,6849,Matt Schaub,QB,HOU,0,0,,-10.4,,,-19.4,-10.1,0,0,
2013,1899360,186668,Frank & Julian,Frank & Julian,10,10,118,00-0027006,9294,Kenny Britt,WR,TEN,0,0,,-12.62,,,14.9,7.8,0,0,
2013,1899520,186678,Nolan & Vinny,Nolan & Vinny,10,11,119,DEF-0022,100017,New England Patriots,DEF,NE,0,0,,6.05,,,-8.6,-4.5,0.19,0,
2013,1899408,186671,GaTTa,GaTTa,10,12,120,00-0024389,7924,Delanie Walker,TE,TEN,0,0,,4.07,,,,,,0,
2013,1899409,186671,GaTTa,GaTTa,11,1,121,00-0029260,25771,LaMichael James,RB,FA,0,0,,-10.81,,,-2.7,-1.4,0.86,0,
2013,1899521,186678,Nolan & Vinny,Nolan & Vinny,11,2,122,00-0029264,25794,Bernard Pierce,RB,BAL,0,0,,-5.69,,,30.4,15.8,0,0,
2013,1899361,186668,Frank & Julian,Frank & Julian,11,3,123,00-0029576,25885,Blair Walsh,K,MIN,0,0,,-0.21,,,-20.1,-10.5,0,0,
2013,1899489,186676,Team JoeBa,Team JoeBa,11,4,124,00-0029547,25880,Vick Ballard,RB,IND,0,0,,-10.63,,,27.6,14.4,0,0,
2013,1899425,186672,Chris & Dom,Chris & Dom,11,5,125,DEF-0019,100014,Los Angeles Rams,DEF,LAR,0,0,,8.7,,,,,,0,
2013,1899377,186669,Pung & Tralie,Pung & Tralie,11,6,126,00-0027890,24033,Ben Tate,RB,HOU,0,0,,-0.79,,,47.4,24.7,0,0,
2013,1899393,186670,Rob & GregBo,Rob & GregBo,11,7,127,00-0028020,24869,Vincent Brown,WR,LAC,0,0,,-6.84,,,3.5,1.8,0.76,0,
2013,1899505,186677,Cambrias,Cambrias,11,8,128,00-0024204,8063,Fred Jackson,RB,BUF,0,0,,14.88,,,39.2,20.4,0,0,
2013,1899441,186673,LFTLR,LFTLR,11,9,129,00-0024226,7760,Jay Cutler,QB,CHI,0,0,,-6.04,,,2.6,1.4,0.71,0,
2013,1899457,186674,Antdell & Ernie,Antdell & Ernie,11,10,130,00-0025549,8416,Brent Celek,TE,PHI,0,0,,-2.15,,,,,,0,
2013,1899345,186667,Ronnie,Ronnie,11,11,131,00-0025860,9039,BenJarvus Green-Ellis,RB,CIN,0,0,,-2.89,,,55.1,28.7,0,0,
2013,1899473,186675,Richie,Richie,11,12,132,00-0029137,25755,Alshon Jeffery,WR,CHI,0,0,,21.73,,,-6.7,-3.5,0.62,0,
2013,1899474,186675,Richie,Richie,12,1,133,00-0020245,5448,Michael Vick,QB,PHI,0,0,,-9.22,,,27,14.1,0,0,
2013,1899346,186667,Ronnie,Ronnie,12,2,134,00-0025460,8327,Jacoby Jones,WR,BAL,0,0,,-6.14,,,,,,0,
2013,1899458,186674,Antdell & Ernie,Antdell & Ernie,12,3,135,00-0028086,24935,Denarius Moore,WR,LV,0,0,,-3.78,,,-14.1,-7.3,0.19,0,
2013,1899442,186673,LFTLR,LFTLR,12,4,136,DEF-0001,100022,Arizona Cardinals,DEF,ARI,0,0,,13.09,,,-21.9,-11.4,0,0,
2013,1899506,186677,Cambrias,Cambrias,12,5,137,00-0028040,24889,Jordan Cameron,TE,CLE,0,0,,18.29,,,12.5,6.5,0.38,0,
2013,1899394,186670,Rob & GregBo,Rob & GregBo,12,6,138,DEF-0012,100009,Green Bay Packers,DEF,GB,0,0,,-1.25,,,-21.2,-11,0,0,
2013,1899378,186669,Pung & Tralie,Pung & Tralie,12,7,139,00-0029708,25730,Kendall Wright,WR,TEN,0,0,,2.63,,,,,,0,
2013,1899426,186672,Chris & Dom,Chris & Dom,12,8,140,00-0029597,26534,Justin Tucker,K,BAL,0,0,,5.81,,,-29.6,-15.4,0,0,
2013,1899490,186676,Team JoeBa,Team JoeBa,12,9,141,00-0030578,26652,Cordarrelle Patterson,RB,MIN,0,0,,-1.18,,,,,,0,
2013,1899362,186668,Frank & Julian,Frank & Julian,12,10,142,00-0030564,26650,DeAndre Hopkins,WR,HOU,0,0,,-3.27,,,27,14.1,0,0,
2013,1899522,186678,Nolan & Vinny,Nolan & Vinny,12,11,143,00-0027135,9466,Brandon Myers,TE,NYG,0,0,,-0.65,,,31.6,16.5,0,0,
2013,1899410,186671,GaTTa,GaTTa,12,12,144,00-0029209,25764,Ryan Broyles,WR,FA,0,0,,-10.56,,,-3.5,-1.8,0.79,0,
2013,1899411,186671,GaTTa,GaTTa,13,1,145,00-0022924,6770,Ben Roethlisberger,QB,PIT,0,0,,1.96,,,20.3,10.6,0,0,
2013,1899523,186678,Nolan & Vinny,Nolan & Vinny,13,2,146,00-0027691,24063,Andre Roberts,WR,ARI,0,0,,-6.32,,,,,,0,
2013,1899363,186668,Frank & Julian,Frank & Julian,13,3,147,00-0029683,25777,Ronnie Hillman,RB,DEN,0,0,,-6.41,,,68.2,35.5,0,0,
2013,1899491,186676,Team JoeBa,Team JoeBa,13,4,148,00-0026201,8838,Martellus Bennett,TE,CHI,0,0,,9.19,,,21.8,11.4,0,0,
2013,1899427,186672,Chris & Dom,Chris & Dom,13,5,149,00-0026069,9043,Mike Tolbert,RB,CAR,0,0,,-2.24,,,,,,0,
2013,1899379,186669,Pung & Tralie,Pung & Tralie,13,6,150,DEF-0008,100005,Cleveland Browns,DEF,CLE,0,0,,-0.61,,,-13.7,-7.1,0,0,
2013,1899395,186670,Rob & GregBo,Rob & GregBo,13,7,151,00-0030540,26682,Aaron Dobson,WR,FA,0,0,,-4.51,,,17.7,9.2,0,0,
2013,1899507,186677,Cambrias,Cambrias,13,8,152,DEF-0030,100027,Tampa Bay Buccaneers,DEF,TB,0,0,,3.51,,,4.5,2.3,0.74,0,
2013,1899443,186673,LFTLR,LFTLR,13,9,153,00-0000108,4587,David Akers,K,DET,0,0,,-1.65,,,-18.6,-9.7,0,0,
2013,1899459,186674,Antdell & Ernie,Antdell & Ernie,13,10,154,00-0004091,4269,Phil Dawson,K,SF,0,0,,3.52,,,-8,-4.2,0,0,
2013,1899347,186667,Ronnie,Ronnie,13,11,155,00-0026899,9329,Shonn Greene,RB,TEN,0,0,,-4.97,,,20.7,10.8,0,0,
2013,1899475,186675,Richie,Richie,13,12,156,00-0029429,25939,Bryce Brown,RB,PHI,0,0,,-5.29,,,67.1,34.9,0,0,
2013,1899476,186675,Richie,Richie,14,1,157,00-0029421,25871,Randy Bullock,K,HOU,0,0,,-0.85,,,-14.3,-7.4,0,0,
2013,1899348,186667,Ronnie,Ronnie,14,2,158,00-0027854,23976,Sam Bradford,QB,LAR,0,0,,-6.14,,,15.3,8,0,0,
2013,1899460,186674,Antdell & Ernie,Antdell & Ernie,14,3,159,DEF-0027,100023,Pittsburgh Steelers,DEF,PIT,0,0,,-0.83,,,1.3,0.7,0.91,0,
2013,1899444,186673,LFTLR,LFTLR,14,4,160,00-0025824,9222,Garrett Hartley,K,NO,0,0,,-0.62,,,-8.8,-4.6,0,0,
2013,1899508,186677,Cambrias,Cambrias,14,5,161,00-0029621,25881,Greg Zuerlein,K,LAR,0,0,,-0.56,,,-1.2,-0.6,0.86,0,
2013,1899396,186670,Rob & GregBo,Rob & GregBo,14,6,162,00-0026983,9271,Darrius Heyward-Bey,WR,IND,0,0,,-5.73,,,10.9,5.7,0.47,0,
2013,1899380,186669,Pung & Tralie,Pung & Tralie,14,7,163,00-0025580,8447,Mason Crosby,K,GB,0,0,,4.68,,,-9.2,-4.8,0,0,
2013,1899428,186672,Chris & Dom,Chris & Dom,14,8,164,00-0026019,9560,Danny Woodhead,RB,LAC,0,0,,14.82,,,72.4,37.7,0,0,
2013,1899492,186676,Team JoeBa,Team JoeBa,14,9,165,00-0019646,5046,Sebastian Janikowski,K,LV,0,0,,-0.82,,,4.4,2.3,0.48,0,
2013,1899364,186668,Frank & Julian,Frank & Julian,14,10,166,00-0026993,9281,Josh Freeman,QB,TB,0,0,,-9.02,,,18.1,9.4,0,0,
2013,1899524,186678,Nolan & Vinny,Nolan & Vinny,14,11,167,00-0026996,9284,Brandon Pettigrew,TE,DET,0,0,,-1.64,,,18.1,9.4,0.13,0,
2013,1899412,186671,GaTTa,GaTTa,14,12,168,00-0028043,24892,Roy Helu,RB,WAS,0,0,,-2.3,,,19,9.9,0.02,0,
2013,1899413,186671,GaTTa,GaTTa,15,1,169,DEF-0024,100019,New York Giants,DEF,NYG,0,0,,-0.55,,,,,,0,
2013,1899525,186678,Nolan & Vinny,Nolan & Vinny,15,2,170,00-0026173,8810,Donnie Avery,WR,KC,0,0,,-3.25,,,,,,0,
2013,1899365,186668,Frank & Julian,Frank & Julian,15,3,171,00-0029262,25773,Rueben Randle,WR,NYG,0,0,,-2.08,,,21,10.9,0,0,
2013,1899493,186676,Team JoeBa,Team JoeBa,15,4,172,DEF-0009,100006,Dallas Cowboys,DEF,DAL,0,0,,-0.25,,,6.3,3.3,0.39,0,
2013,1899429,186672,Chris & Dom,Chris & Dom,15,5,173,00-0029638,25723,Michael Floyd,WR,ARI,0,0,,-0.35,,,42.2,22,0,0,
2013,1899381,186669,Pung & Tralie,Pung & Tralie,15,6,174,00-0030549,26644,Tyler Eifert,TE,CIN,0,0,,-1.1,,,32,16.7,0,0,
2013,1899397,186670,Rob & GregBo,Rob & GregBo,15,7,175,00-0028058,24907,Alex Henery,K,PHI,0,0,,-0.49,,,,,,0,
2013,1899509,186677,Cambrias,Cambrias,15,8,176,00-0026188,8825,Fred Davis,TE,WAS,0,0,,-3.55,,,43.6,22.7,0,0,
2013,1899445,186673,LFTLR,LFTLR,15,9,177,DEF-0021,100016,Minnesota Vikings,DEF,MIN,0,0,,-1.59,,,,,,0,
2013,1899461,186674,Antdell & Ernie,Antdell & Ernie,15,10,178,00-0022165,6360,Dallas Clark,TE,BAL,0,0,,-1.37,,,,,,0,
2013,1899349,186667,Ronnie,Ronnie,15,11,179,00-0026267,8916,Jacob Tamme,TE,FA,0,0,,-2.56,,,,,,0,
2013,1899477,186675,Richie,Richie,15,12,180,00-0027873,23996,Jermaine Gresham,TE,CIN,0,0,,-0.57,,,,,,0,
2013,1899478,186675,Richie,Richie,16,1,181,00-0028000,24849,Daniel Thomas,RB,MIA,0,0,,-1.46,,,30,15.6,0,0,
2013,1899350,186667,Ronnie,Ronnie,16,2,182,00-0029626,25760,Isaiah Pead,RB,FA,0,0,,-3.05,,,67,34.9,0,0,
2013,1899462,186674,Antdell & Ernie,Antdell & Ernie,16,3,183,00-0021940,6558,Josh Brown,K,NYG,0,0,,-0.62,,,,,,0,
2013,1899446,186673,LFTLR,LFTLR,16,4,184,00-0027094,9393,Andre Brown,RB,FA,0,0,,-1.19,,,,,,0,
2013,1899510,186677,Cambrias,Cambrias,16,5,185,00-0026158,8795,Joe Flacco,QB,BAL,0,0,,-0.68,,,47.6,24.8,0,0,
2013,1899398,186670,Rob & GregBo,Rob & GregBo,16,6,186,00-0022942,6763,Philip Rivers,QB,LAC,0,0,,7.99,,,28.4,14.8,0,0,
2013,1899382,186669,Pung & Tralie,Pung & Tralie,16,7,187,00-0023436,7177,Alex Smith,QB,KC,0,0,,3.51,,,34,17.7,0,0,
2013,1899430,186672,Chris & Dom,Chris & Dom,16,8,188,00-0022414,7149,Malcom Floyd,WR,LAC,0,0,,-1.76,,,,,,0,
2013,1899494,186676,Team JoeBa,Team JoeBa,16,9,189,00-0028660,25427,Dan Bailey,K,DAL,0,0,,2.86,,,18.5,9.6,0,0,
2013,1899366,186668,Frank & Julian,Frank & Julian,16,10,190,00-0026373,9010,Justin Forsett,RB,JAX,0,0,,-0.62,,,,,,0,
2013,1899526,186678,Nolan & Vinny,Nolan & Vinny,16,11,191,00-0027950,24799,Christian Ponder,QB,MIN,0,0,,-0.25,,,,,,0,
2013,1899414,186671,GaTTa,GaTTa,16,12,192,00-0027918,24774,Andrew Hawkins,WR,CIN,0,0,,-0,,,,,,0,
2014,1899223,186660,Cambrias,Cambrias,1,1,1,00-0027029,9317,LeSean McCoy,RB,PHI,0,0,,4.48,,,-1,-0.5,0,0,
2014,1899255,186662,Richie,Richie,1,2,2,00-0026213,8850,Jamaal Charles,RB,KC,0,0,,10.22,,,-0.5,-0.3,0.67,0,
2014,1899319,186666,LFTLR,LFTLR,1,3,3,00-0026184,8821,Matt Forte,RB,CHI,0,0,,20.13,,,-1.2,-0.6,0.2,0,
2014,1899143,186655,Ronnie,Ronnie,1,4,4,00-0010346,4256,Peyton Manning,QB,DEN,0,0,,6.54,,,-6.4,-3.3,0,0,
2014,1899287,186664,Nolan & Vinny,Nolan & Vinny,1,5,5,00-0025394,8261,Adrian Peterson,RB,MIN,0,0,,-13.95,,,,,,0,
2014,1899159,186656,Pung & Tralie,Pung & Tralie,1,6,6,00-0020531,5479,Drew Brees,QB,NO,0,0,,5.53,,,-13.1,-6.8,0,0,
2014,1899191,186658,Rob & GregBo,Rob & GregBo,1,7,7,00-0023459,7200,Aaron Rodgers,QB,GB,0,0,,10.05,,,-15.2,-7.9,0,0,
2014,1899239,186661,GaTTa,GaTTa,1,8,8,00-0027696,24070,Jimmy Graham,TE,NO,0,0,,8.97,,,0.2,0.1,0.91,0,
2014,1899303,186665,Antdell & Ernie,Antdell & Ernie,1,9,9,00-0025399,8266,Marshawn Lynch,RB,SEA,0,0,,17.95,,,-6.9,-3.6,0,0,
2014,1899207,186659,Chris & Dom,Chris & Dom,1,10,10,00-0030485,26684,Eddie Lacy,RB,GB,0,0,,15.09,,,3.8,2,0,0,
2014,1899175,186657,Team JoeBa,Team JoeBa,1,11,11,00-0025389,8256,Calvin Johnson,WR,DET,0,0,,2.21,,,6.9,3.6,0,0,
2014,1899271,186663,Frank & Julian,Frank & Julian,1,12,12,00-0027874,23997,Demaryius Thomas,WR,DEN,0,0,,17.47,,,5.3,2.8,0,0,
2014,1899272,186663,Frank & Julian,Frank & Julian,2,1,13,00-0027944,24793,Julio Jones,WR,ATL,0,0,,13.51,,,-0.3,-0.2,0.86,0,
2014,1899176,186657,Team JoeBa,Team JoeBa,2,2,14,00-0027942,24791,A.J. Green,WR,CIN,0,0,,0.04,,,2.5,1.3,0,0,
2014,1899208,186659,Chris & Dom,Chris & Dom,2,3,15,00-0027902,23999,Dez Bryant,WR,DAL,0,0,,13.93,,,5.9,3.1,0,0,
2014,1899304,186665,Antdell & Ernie,Antdell & Ernie,2,4,16,00-0026796,9527,Arian Foster,RB,HOU,0,0,,17.49,,,-9.8,-5.1,0,0,
2014,1899240,186661,GaTTa,GaTTa,2,5,17,00-0024334,7868,Brandon Marshall,WR,CHI,0,0,,-0.6,,,3.1,1.6,0,0,
2014,1899192,186658,Rob & GregBo,Rob & GregBo,2,6,18,00-0030522,26681,Montee Ball,RB,DEN,0,0,,-10.95,,,7.6,4,0,0,
2014,1899160,186656,Pung & Tralie,Pung & Tralie,2,7,19,00-0028002,24851,Randall Cobb,WR,GB,0,0,,11.78,,,-6,-3.1,0,0,
2014,1899288,186664,Nolan & Vinny,Nolan & Vinny,2,8,20,00-0026176,8813,Jordy Nelson,WR,GB,0,0,,18.37,,,2.2,1.1,0.15,0,
2014,1899144,186655,Ronnie,Ronnie,2,9,21,00-0030456,26660,Giovani Bernard,RB,CIN,0,0,,4.75,,,4.3,2.2,0,0,
2014,1899320,186666,LFTLR,LFTLR,2,10,22,00-0029613,25741,Doug Martin,RB,TB,0,0,,-7.38,,,1.1,0.6,0.69,0,
2014,1899256,186662,Richie,Richie,2,11,23,00-0027793,24171,Antonio Brown,WR,PIT,0,0,,25.97,,,4.6,2.4,0,0,
2014,1899224,186660,Cambrias,Cambrias,2,12,24,00-0028009,24858,DeMarco Murray,RB,DAL,0,0,,30.29,,,9.8,5.1,0,0,
2014,1899225,186660,Cambrias,Cambrias,3,1,25,00-0028067,24916,Julius Thomas,TE,DEN,0,0,,2.93,,,-1.2,-0.6,0.75,0,
2014,1899257,186662,Richie,Richie,3,2,26,00-0029668,25711,Andrew Luck,QB,IND,0,0,,15.21,,,-29.2,-15.2,0,0,
2014,1899321,186666,LFTLR,LFTLR,3,3,27,00-0029137,25755,Alshon Jeffery,WR,CHI,0,0,,10.75,,,5.1,2.7,0,0,
2014,1899145,186655,Ronnie,Ronnie,3,4,28,00-0029608,25802,T.Y. Hilton,WR,IND,0,0,,11.74,,,-27.2,-14.2,0,0,
2014,1899289,186664,Nolan & Vinny,Nolan & Vinny,3,5,29,00-0026498,9265,Matthew Stafford,QB,DET,0,0,,-1.3,,,-19.4,-10.1,0,0,
2014,1899161,186656,Pung & Tralie,Pung & Tralie,3,6,30,00-0027150,9496,Julian Edelman,WR,NE,0,0,,6.91,,,-18.3,-9.5,0,0,
2014,1899193,186658,Rob & GregBo,Rob & GregBo,3,7,31,00-0030279,26699,Keenan Allen,WR,LAC,0,0,,-1.06,,,3,1.6,0.19,0,
2014,1899241,186661,GaTTa,GaTTa,3,8,32,00-0027656,24017,Rob Gronkowski,TE,NE,0,0,,20.31,,,2.3,1.2,0.5,0,
2014,1899305,186665,Antdell & Ernie,Antdell & Ernie,3,9,33,00-0023462,7203,Roddy White,WR,ATL,0,0,,0.85,,,-0.1,-0.1,0.98,0,
2014,1899209,186659,Chris & Dom,Chris & Dom,3,10,34,00-0030536,26783,Zac Stacy,RB,LAR,0,0,,-8.23,,,1.5,0.8,0.58,0,
2014,1899177,186657,Team JoeBa,Team JoeBa,3,11,35,00-0030287,26810,Andre Ellington,RB,ARI,0,0,,6.55,,,12.5,6.5,0,0,
2014,1899273,186663,Frank & Julian,Frank & Julian,3,12,36,00-0024217,7751,Reggie Bush,RB,DET,0,0,,-4.15,,,2.7,1.4,0.25,0,
2014,1899274,186663,Frank & Julian,Frank & Julian,4,1,37,00-0027155,9514,Rashad Jennings,RB,NYG,0,0,,-1.09,,,-1.4,-0.7,0.62,0,
2014,1899178,186657,Team JoeBa,Team JoeBa,4,2,38,00-0029141,25883,Alfred Morris,RB,WAS,0,0,,7.29,,,3.8,2,0.16,0,
2014,1899210,186659,Chris & Dom,Chris & Dom,4,3,39,00-0022044,6339,Andre Johnson,WR,HOU,0,0,,-2.64,,,2.6,1.4,0.42,0,
2014,1899306,186665,Antdell & Ernie,Antdell & Ernie,4,4,40,00-0029567,25798,Nick Foles,QB,PHI,0,0,,-12.4,,,-33.9,-17.7,0,0,
2014,1899242,186661,GaTTa,GaTTa,4,5,41,00-0026998,9286,Percy Harvin,WR,SEA,0,0,,-5.75,,,-3.2,-1.7,0.38,0,
2014,1899194,186658,Rob & GregBo,Rob & GregBo,4,6,42,00-0022921,6762,Larry Fitzgerald,WR,ARI,0,0,,-4.45,,,0,0,1,0,
2014,1899162,186656,Pung & Tralie,Pung & Tralie,4,7,43,00-0023496,7237,Vincent Jackson,WR,TB,0,0,,-0.95,,,8.3,4.3,0,0,
2014,1899290,186664,Nolan & Vinny,Nolan & Vinny,4,8,44,00-0030578,26652,Cordarrelle Patterson,RB,MIN,0,0,,-4.54,,,,,,0,
2014,1899146,186655,Ronnie,Ronnie,4,9,45,00-0030496,26671,Le'Veon Bell,RB,PIT,0,0,,41.16,,,14.6,7.6,0,0,
2014,1899322,186666,LFTLR,LFTLR,4,10,46,00-0024221,7755,Vernon Davis,TE,SF,0,0,,-8.34,,,-16.8,-8.8,0,0,
2014,1899258,186662,Richie,Richie,4,11,47,00-0027218,24262,Joique Bell,RB,DET,0,0,,10.17,,,1.1,0.6,0.82,0,
2014,1899226,186660,Cambrias,Cambrias,4,12,48,00-0026345,8982,Pierre Garcon,WR,WAS,0,0,,-3.57,,,7.6,4,0,0,
2014,1899227,186660,Cambrias,Cambrias,5,1,49,00-0027265,24553,Victor Cruz,WR,NYG,0,0,,-12.46,,,5.2,2.7,0,0,
2014,1899259,186662,Richie,Richie,5,2,50,00-0024466,8001,Marques Colston,WR,NO,0,0,,-2.57,,,-15.4,-8,0,0,
2014,1899323,186666,LFTLR,LFTLR,5,3,51,00-0019596,5228,Tom Brady,QB,NE,0,0,,5.76,,,-10.4,-5.4,0,0,
2014,1899147,186655,Ronnie,Ronnie,5,4,52,00-0029675,25713,Trent Richardson,RB,IND,0,0,,-2.46,,,-21.2,-11,0,0,
2014,1899291,186664,Nolan & Vinny,Nolan & Vinny,5,5,53,00-0027861,23984,C.J. Spiller,RB,BUF,0,0,,-6.95,,,10.9,5.7,0,0,
2014,1899163,186656,Pung & Tralie,Pung & Tralie,5,6,54,00-0027994,24843,Shane Vereen,RB,NE,0,0,,4.18,,,25.5,13.3,0,0,
2014,1899195,186658,Rob & GregBo,Rob & GregBo,5,7,55,00-0023500,7241,Frank Gore,RB,SF,0,0,,0.06,,,,,,0,
2014,1899243,186661,GaTTa,GaTTa,5,8,56,00-0026019,9560,Danny Woodhead,RB,LAC,0,0,,-12.13,,,-14,-7.3,0,0,
2014,1899307,186665,Antdell & Ernie,Antdell & Ernie,5,9,57,00-0022127,6405,Jason Witten,TE,DAL,0,0,,1.78,,,-9.6,-5,0,0,
2014,1899211,186659,Chris & Dom,Chris & Dom,5,10,58,00-0027890,24033,Ben Tate,RB,CLE,0,0,,-6.15,,,-0.3,-0.2,0.95,0,
2014,1899179,186657,Team JoeBa,Team JoeBa,5,11,59,00-0026143,8780,Matt Ryan,QB,ATL,0,0,,6.49,,,-8.6,-4.5,0,0,
2014,1899275,186663,Frank & Julian,Frank & Julian,5,12,60,DEF-0029,100026,Seattle Seahawks,DEF,SEA,0,0,,0.62,,,-30.5,-15.9,0,0,
2014,1899276,186663,Frank & Julian,Frank & Julian,6,1,61,00-0028040,24889,Jordan Cameron,TE,CLE,0,0,,-7.21,,,10,5.2,0,0,
2014,1899180,186657,Team JoeBa,Team JoeBa,6,2,62,00-0030472,26708,Jordan Reed,TE,WAS,0,0,,-6.05,,,-19.4,-10.1,0,0,
2014,1899212,186659,Chris & Dom,Chris & Dom,6,3,63,00-0025418,8285,Greg Olsen,TE,CAR,0,0,,14.38,,,-25.2,-13.1,0,0,
2014,1899308,186665,Antdell & Ernie,Antdell & Ernie,6,4,64,DEF-0019,100014,Los Angeles Rams,DEF,LAR,0,0,,2.32,,,,,,0,
2014,1899244,186661,GaTTa,GaTTa,6,5,65,00-0023564,7306,Darren Sproles,RB,PHI,0,0,,2.4,,,-12.6,-6.6,0,0,
2014,1899196,186658,Rob & GregBo,Rob & GregBo,6,6,66,00-0027714,24089,Dennis Pitta,TE,BAL,0,0,,-11.02,,,-25.4,-13.2,0,0,
2014,1899164,186656,Pung & Tralie,Pung & Tralie,6,7,67,00-0026164,8801,Chris Johnson,RB,NYJ,0,0,,-2.54,,,7,3.6,0,0,
2014,1899292,186664,Nolan & Vinny,Nolan & Vinny,6,8,68,00-0027981,24830,Kyle Rudolph,TE,MIN,0,0,,-8.16,,,-5.2,-2.7,0.42,0,
2014,1899148,186655,Ronnie,Ronnie,6,9,69,00-0027685,24057,Emmanuel Sanders,WR,DEN,0,0,,21.09,,,28.5,14.8,0,0,
2014,1899324,186666,LFTLR,LFTLR,6,10,70,00-0026189,8826,DeSean Jackson,WR,WAS,0,0,,0.69,,,8.3,4.3,0,0,
2014,1899260,186662,Richie,Richie,6,11,71,00-0026986,9274,Michael Crabtree,WR,SF,0,0,,-3.4,,,21.2,11,0,0,
2014,1899228,186660,Cambrias,Cambrias,6,12,72,00-0026195,8832,Ray Rice,RB,FA,0,0,,-12.71,,,19.4,10.1,0,0,
2014,1899229,186660,Cambrias,Cambrias,7,1,73,00-0026995,9283,Jeremy Maclin,WR,PHI,0,0,,19.34,,,8.7,4.5,0,0,
2014,1899261,186662,Richie,Richie,7,2,74,00-0026201,8838,Martellus Bennett,TE,CHI,0,0,,13.22,,,-43.4,-22.6,0,0,
2014,1899325,186666,LFTLR,LFTLR,7,3,75,00-0027888,24026,Toby Gerhart,RB,JAX,0,0,,-5.34,,,32.2,16.8,0,0,
2014,1899149,186655,Ronnie,Ronnie,7,4,76,00-0030443,26756,Levine Toilolo,TE,ATL,0,0,,-7.65,,,,,,0,
2014,1899293,186664,Nolan & Vinny,Nolan & Vinny,7,5,77,00-0026901,9348,Mike Wallace,WR,MIA,0,0,,4.9,,,0.9,0.5,0.89,0,
2014,1899165,186656,Pung & Tralie,Pung & Tralie,7,6,78,00-0029638,25723,Michael Floyd,WR,ARI,0,0,,-5.35,,,31.7,16.5,0,0,
2014,1899197,186658,Rob & GregBo,Rob & GregBo,7,7,79,00-0029708,25730,Kendall Wright,WR,TEN,0,0,,-2.74,,,17.2,9,0,0,
2014,1899245,186661,GaTTa,GaTTa,7,8,80,00-0024226,7760,Jay Cutler,QB,CHI,0,0,,0,,,-1.8,-0.9,0.8,0,
2014,1899309,186665,Antdell & Ernie,Antdell & Ernie,7,9,81,00-0027891,24035,Golden Tate,WR,DET,0,0,,13.98,,,7.6,4,0.12,0,
2014,1899213,186659,Chris & Dom,Chris & Dom,7,10,82,00-0027996,24845,Torrey Smith,WR,BAL,0,0,,-1.51,,,25.6,13.3,0,0,
2014,1899181,186657,Team JoeBa,Team JoeBa,7,11,83,00-0030542,26697,Terrance Williams,WR,DAL,0,0,,-4.44,,,-3.4,-1.8,0.6,0,
2014,1899277,186663,Frank & Julian,Frank & Julian,7,12,84,00-0027864,23987,Ryan Mathews,RB,LAC,0,0,,-6.41,,,33.2,17.3,0,0,
2014,1899278,186663,Frank & Julian,Frank & Julian,8,1,85,00-0031359,27556,Kelvin Benjamin,TE,CAR,0,0,,17.7,,,,,,0,
2014,1899182,186657,Team JoeBa,Team JoeBa,8,2,86,DEF-0005,100029,Carolina Panthers,DEF,CAR,0,0,,-3.24,,,-23.7,-12.3,0,0,
2014,1899214,186659,Chris & Dom,Chris & Dom,8,3,87,00-0027974,24823,Colin Kaepernick,QB,SF,0,0,,-1.5,,,-16.6,-8.6,0,0,
2014,1899310,186665,Antdell & Ernie,Antdell & Ernie,8,4,88,00-0030061,26658,Zach Ertz,TE,PHI,0,0,,-0.81,,,-9.5,-4.9,0.27,0,
2014,1899246,186661,GaTTa,GaTTa,8,5,89,00-0022942,6763,Philip Rivers,QB,LAC,0,0,,3.25,,,-13.3,-6.9,0,0,
2014,1899198,186658,Rob & GregBo,Rob & GregBo,8,6,90,00-0022736,6783,Steven Jackson,RB,ATL,0,0,,0,,,3.1,1.6,0.62,0,
2014,1899166,186656,Pung & Tralie,Pung & Tralie,8,7,91,00-0031236,27548,Brandin Cooks,WR,NO,0,0,,-4.22,,,18.2,9.5,0,0,
2014,1899294,186664,Nolan & Vinny,Nolan & Vinny,8,8,92,00-0031408,27535,Mike Evans,WR,TB,0,0,,9.59,,,-7.4,-3.9,0.24,0,
2014,1899150,186655,Ronnie,Ronnie,8,9,93,00-0027690,24062,Eric Decker,WR,NYJ,0,0,,-2.38,,,9.7,5.1,0,0,
2014,1899326,186666,LFTLR,LFTLR,8,10,94,00-0027005,9293,Hakeem Nicks,WR,IND,0,0,,-7.99,,,-21,-10.9,0,0,
2014,1899262,186662,Richie,Richie,8,11,95,DEF-0010,100007,Denver Broncos,DEF,DEN,0,0,,-1.48,,,-34.5,-18,0,0,
2014,1899230,186660,Cambrias,Cambrias,8,12,96,00-0027939,24788,Cam Newton,QB,FA,0,0,,-1.18,,,1.5,0.8,0.85,0,
2014,1899231,186660,Cambrias,Cambrias,9,1,97,00-0022427,7027,Wes Welker,WR,FA,0,0,,-7.29,,,27.9,14.5,0,0,
2014,1899263,186662,Richie,Richie,9,2,98,00-0027758,24135,Riley Cooper,WR,PHI,0,0,,-5.25,,,-2.9,-1.5,0.67,0,
2014,1899327,186666,LFTLR,LFTLR,9,3,99,00-0029697,25744,Coby Fleener,TE,IND,0,0,,1.82,,,,,,0,
2014,1899151,186655,Ronnie,Ronnie,9,4,100,00-0031325,27532,Sammy Watkins,WR,BUF,0,0,,0,,,-4.9,-2.6,0.53,0,
2014,1899295,186664,Nolan & Vinny,Nolan & Vinny,9,5,101,00-0026988,9276,Knowshon Moreno,RB,MIA,0,0,,-9.5,,,15.3,8,0,0,
2014,1899167,186656,Pung & Tralie,Pung & Tralie,9,6,102,00-0024275,7809,Maurice Jones-Drew,RB,LV,0,0,,-8.89,,,29,15.1,0,0,
2014,1899199,186658,Rob & GregBo,Rob & GregBo,9,7,103,00-0025410,8277,Dwayne Bowe,WR,FA,0,0,,-4.94,,,-5.2,-2.7,0.38,0,
2014,1899247,186661,GaTTa,GaTTa,9,8,104,00-0026035,9037,Danny Amendola,WR,NE,0,0,,-11.43,,,-9,-4.7,0.07,0,
2014,1899311,186665,Antdell & Ernie,Antdell & Ernie,9,9,105,00-0020498,5477,Reggie Wayne,WR,IND,0,0,,-3.76,,,25.1,13.1,0,0,
2014,1899215,186659,Chris & Dom,Chris & Dom,9,10,106,DEF-0007,100004,Cincinnati Bengals,DEF,CIN,0,0,,-1.71,,,-22.4,-11.7,0,0,
2014,1899183,186657,Team JoeBa,Team JoeBa,9,11,107,00-0024813,8561,Pierre Thomas,RB,NO,0,0,,-1.36,,,52,27.1,0,0,
2014,1899279,186663,Frank & Julian,Frank & Julian,9,12,108,00-0021678,6624,Tony Romo,QB,DAL,0,0,,0.87,,,22.5,11.7,0,0,
2014,1899280,186663,Frank & Julian,Frank & Julian,10,1,109,00-0030564,26650,DeAndre Hopkins,WR,HOU,0,0,,9.28,,,0,0,1,0,
2014,1899184,186657,Team JoeBa,Team JoeBa,10,2,110,00-0028112,24961,Charles Clay,TE,MIA,0,0,,-2.11,,,-20.1,-10.5,0,0,
2014,1899216,186659,Chris & Dom,Chris & Dom,10,3,111,00-0022084,6390,Anquan Boldin,WR,SF,0,0,,3.14,,,-4.3,-2.2,0.59,0,
2014,1899312,186665,Antdell & Ernie,Antdell & Ernie,10,4,112,00-0027973,24822,Andy Dalton,QB,CIN,0,0,,-2.47,,,-10.6,-5.5,0.21,0,
2014,1899248,186661,GaTTa,GaTTa,10,5,113,00-0028011,24860,Stevan Ridley,RB,NE,0,0,,-6.71,,,11.4,5.9,0,0,
2014,1899200,186658,Rob & GregBo,Rob & GregBo,10,6,114,DEF-0028,100025,San Francisco 49ers,DEF,SF,0,0,,0,,,-4.3,-2.2,0.31,0,
2014,1899168,186656,Pung & Tralie,Pung & Tralie,10,7,115,00-0031387,27538,Eric Ebron,TE,DET,0,0,,-7.32,,,-41,-21.4,0,0,
2014,1899296,186664,Nolan & Vinny,Nolan & Vinny,10,8,116,00-0031299,27570,Jordan Matthews,TE,PHI,0,0,,7.26,,,,,,0,
2014,1899152,186655,Ronnie,Ronnie,10,9,117,DEF-0006,100003,Chicago Bears,DEF,CHI,0,0,,-2.42,,,,,,0,
2014,1899328,186666,LFTLR,LFTLR,10,10,118,00-0025580,8447,Mason Crosby,K,GB,0,0,,5.03,,,-42.8,-22.3,0,0,
2014,1899264,186662,Richie,Richie,10,11,119,00-0030506,26686,Travis Kelce,TE,KC,0,0,,3.3,,,-27.2,-14.2,0,0,
2014,1899232,186660,Cambrias,Cambrias,10,12,120,00-0029263,25785,Russell Wilson,QB,SEA,0,0,,19.1,,,13.9,7.2,0,0,
2014,1899233,186660,Cambrias,Cambrias,11,1,121,DEF-0022,100017,New England Patriots,DEF,NE,0,0,,3.3,,,-0.5,-0.3,0.95,0,
2014,1899265,186662,Richie,Richie,11,2,122,00-0024242,7776,DeAngelo Williams,RB,CAR,0,0,,-7.96,,,5.6,2.9,0.45,0,
2014,1899329,186666,LFTLR,LFTLR,11,3,123,DEF-0001,100022,Arizona Cardinals,DEF,ARI,0,0,,3.06,,,-20.1,-10.5,0,0,
2014,1899153,186655,Ronnie,Ronnie,11,4,124,00-0030521,26657,Justin Hunter,WR,TEN,0,0,,-6.58,,,29,15.1,0,0,
2014,1899297,186664,Nolan & Vinny,Nolan & Vinny,11,5,125,00-0025944,9066,Steven Hauschka,K,SEA,0,0,,3.58,,,-25.9,-13.5,0,0,
2014,1899169,186656,Pung & Tralie,Pung & Tralie,11,6,126,00-0031413,27582,Bishop Sankey,RB,TEN,0,0,,-3.05,,,59.9,31.2,0,0,
2014,1899201,186658,Rob & GregBo,Rob & GregBo,11,7,127,00-0031301,27583,Jeremy Hill,RB,CIN,0,0,,15.77,,,30.8,16,0,0,
2014,1899249,186661,GaTTa,GaTTa,11,8,128,00-0024204,8063,Fred Jackson,RB,BUF,0,0,,10.27,,,47.1,24.5,0,0,
2014,1899313,186665,Antdell & Ernie,Antdell & Ernie,11,9,129,00-0029615,25807,Lamar Miller,RB,MIA,0,0,,15.51,,,41.3,21.5,0,0,
2014,1899217,186659,Chris & Dom,Chris & Dom,11,10,130,00-0029597,26534,Justin Tucker,K,BAL,0,0,,2.59,,,-26,-13.5,0,0,
2014,1899185,186657,Team JoeBa,Team JoeBa,11,11,131,00-0029665,25712,Robert Griffin III,QB,WAS,0,0,,-11.7,,,,,,0,
2014,1899281,186663,Frank & Julian,Frank & Julian,11,12,132,DEF-0016,100012,Kansas City Chiefs,DEF,KC,0,0,,-2.24,,,-12.7,-6.6,0,0,
2014,1899282,186663,Frank & Julian,Frank & Julian,12,1,133,00-0004091,4269,Phil Dawson,K,SF,0,0,,-0.52,,,-31.8,-16.6,0,0,
2014,1899186,186657,Team JoeBa,Team JoeBa,12,2,134,00-0028052,24901,Cecil Shorts,WR,FA,0,0,,-5.48,,,9.8,5.1,0,0,
2014,1899218,186659,Chris & Dom,Chris & Dom,12,3,135,00-0031055,27641,Andre Williams,RB,NYG,0,0,,-0.68,,,21.6,11.3,0,0,
2014,1899314,186665,Antdell & Ernie,Antdell & Ernie,12,4,136,00-0016919,3727,Adam Vinatieri,K,IND,0,0,,5.5,,,-32.7,-17,0,0,
2014,1899250,186661,GaTTa,GaTTa,12,5,137,00-0020578,6243,Matt Bryant,K,ATL,0,0,,6.03,,,-30.9,-16.1,0,0,
2014,1899202,186658,Rob & GregBo,Rob & GregBo,12,6,138,00-0020337,5521,Steve Smith,WR,BAL,0,0,,3.6,,,17,8.9,0,0,
2014,1899170,186656,Pung & Tralie,Pung & Tralie,12,7,139,00-0021429,6337,Carson Palmer,QB,ARI,0,0,,-8.72,,,5.3,2.8,0.35,0,
2014,1899298,186664,Nolan & Vinny,Nolan & Vinny,12,8,140,DEF-0013,100034,Houston Texans,DEF,HOU,0,0,,10.56,,,,,,0,
2014,1899154,186655,Ronnie,Ronnie,12,9,141,00-0029275,25820,Ladarius Green,TE,LAC,0,0,,-6.53,,,3.9,2,0.77,0,
2014,1899330,186666,LFTLR,LFTLR,12,10,142,00-0023853,8565,Matt Prater,K,ARI,0,0,,-1.75,,,-28.4,-14.8,0,0,
2014,1899266,186662,Richie,Richie,12,11,143,00-0022811,6867,Jerricho Cotchery,WR,CAR,0,0,,-4.86,,,,,,0,
2014,1899234,186660,Cambrias,Cambrias,12,12,144,00-0029910,27050,Tim Wright,TE,NE,0,0,,-3.76,,,-10.7,-5.6,0.39,0,
2014,1899235,186660,Cambrias,Cambrias,13,1,145,00-0027006,9294,Kenny Britt,WR,LAR,0,0,,-3.3,,,12.3,6.4,0,0,
2014,1899267,186662,Richie,Richie,13,2,146,00-0025565,8432,Nick Folk,K,NYJ,0,0,,-0.12,,,,,,0,
2014,1899331,186666,LFTLR,LFTLR,13,3,147,DEF-0026,100021,Philadelphia Eagles,DEF,PHI,0,0,,8.02,,,,,,0,
2014,1899155,186655,Ronnie,Ronnie,13,4,148,00-0031285,27631,Devonta Freeman,RB,ATL,0,0,,-3.27,,,45.1,23.5,0,0,
2014,1899299,186664,Nolan & Vinny,Nolan & Vinny,13,5,149,00-0029264,25794,Bernard Pierce,RB,BAL,0,0,,-5.11,,,54.5,28.4,0,0,
2014,1899171,186656,Pung & Tralie,Pung & Tralie,13,6,150,00-0023921,8021,Miles Austin,WR,CLE,0,0,,-4.14,,,-11.5,-6,0.18,0,
2014,1899203,186658,Rob & GregBo,Rob & GregBo,13,7,151,00-0030850,27911,Cody Parkey,K,PHI,0,0,,7.81,,,,,,0,
2014,1899251,186661,GaTTa,GaTTa,13,8,152,DEF-0025,100020,New York Jets,DEF,NYJ,0,0,,-2.8,,,-12.6,-6.6,0.09,0,
2014,1899315,186665,Antdell & Ernie,Antdell & Ernie,13,9,153,00-0026899,9329,Shonn Greene,RB,TEN,0,0,,-5.28,,,13.9,7.2,0.13,0,
2014,1899219,186659,Chris & Dom,Chris & Dom,13,10,154,00-0030085,26767,Kenny Stills,WR,FA,0,0,,-1.63,,,16.5,8.6,0,0,
2014,1899187,186657,Team JoeBa,Team JoeBa,13,11,155,00-0029576,25885,Blair Walsh,K,MIN,0,0,,-0.36,,,-14.9,-7.8,0,0,
2014,1899283,186663,Frank & Julian,Frank & Julian,13,12,156,00-0031045,27585,Carlos Hyde,RB,SF,0,0,,-3.43,,,64.5,33.6,0,0,
2014,1899284,186663,Frank & Julian,Frank & Julian,14,1,157,00-0030460,26702,Markus Wheaton,WR,PIT,0,0,,-3.12,,,38,19.8,0,0,
2014,1899188,186657,Team JoeBa,Team JoeBa,14,2,158,DEF-0023,100018,New Orleans Saints,DEF,NO,0,0,,-2.91,,,-3,-1.6,0.73,0,
2014,1899220,186659,Chris & Dom,Chris & Dom,14,3,159,00-0023436,7177,Alex Smith,QB,KC,0,0,,-1.16,,,,,,0,
2014,1899316,186665,Antdell & Ernie,Antdell & Ernie,14,4,160,00-0030540,26682,Aaron Dobson,WR,FA,0,0,,-8.83,,,8.3,4.3,0.62,0,
2014,1899252,186661,GaTTa,GaTTa,14,5,161,00-0029051,26083,Jarrett Boykin,WR,GB,0,0,,-8.56,,,34,17.7,0,0,
2014,1899204,186658,Rob & GregBo,Rob & GregBo,14,6,162,00-0026158,8795,Joe Flacco,QB,BAL,0,0,,-0.14,,,0.5,0.3,0.96,0,
2014,1899172,186656,Pung & Tralie,Pung & Tralie,14,7,163,DEF-0003,100033,Baltimore Ravens,DEF,BAL,0,0,,1.65,,,,,,0,
2014,1899300,186664,Nolan & Vinny,Nolan & Vinny,14,8,164,00-0027531,24400,Chris Ivory,RB,NYJ,0,0,,0.06,,,21.6,11.3,0,0,
2014,1899156,186655,Ronnie,Ronnie,14,9,165,00-0030000,27235,Kenbrell Thompkins,WR,NE,0,0,,-6.3,,,6.4,3.3,0.5,0,
2014,1899332,186666,LFTLR,LFTLR,14,10,166,00-0026224,8861,Harry Douglas,WR,ATL,0,0,,-3.35,,,,,,0,
2014,1899268,186662,Richie,Richie,14,11,167,00-0027003,9291,Donald Brown,RB,LAC,0,0,,-3.06,,,,,,0,
2014,1899236,186660,Cambrias,Cambrias,14,12,168,00-0025465,8332,James Jones,WR,LV,0,0,,-0.72,,,9.6,5,0.25,0,
2014,1899237,186660,Cambrias,Cambrias,15,1,169,00-0027966,24815,Mark Ingram,RB,NO,0,0,,10.36,,,69.5,36.2,0,0,
2014,1899269,186662,Richie,Richie,15,2,170,00-0031409,27550,Johnny Manziel,QB,FA,0,0,,-8.98,,,,,,0,
2014,1899333,186666,LFTLR,LFTLR,15,3,171,00-0029159,25991,Jermaine Kearse,WR,SEA,0,0,,-3.43,,,,,,0,
2014,1899157,186655,Ronnie,Ronnie,15,4,172,00-0022803,6760,Eli Manning,QB,NYG,0,0,,1.27,,,,,,0,
2014,1899301,186664,Nolan & Vinny,Nolan & Vinny,15,5,173,00-0029000,26060,Cole Beasley,WR,DAL,0,0,,-3.66,,,,,,0,
2014,1899173,186656,Pung & Tralie,Pung & Tralie,15,6,174,00-0023465,7206,Heath Miller,TE,PIT,0,0,,2.04,,,35.9,18.7,0,0,
2014,1899205,186658,Rob & GregBo,Rob & GregBo,15,7,175,00-0029262,25773,Rueben Randle,WR,NYG,0,0,,-0.94,,,74.1,38.6,0,0,
2014,1899253,186661,GaTTa,GaTTa,15,8,176,00-0031431,27567,Marqise Lee,WR,JAX,0,0,,-3.34,,,32.4,16.9,0,0,
2014,1899317,186665,Antdell & Ernie,Antdell & Ernie,15,9,177,DEF-0030,100027,Tampa Bay Buccaneers,DEF,TB,0,0,,-0.69,,,10.4,5.4,0,0,
2014,1899221,186659,Chris & Dom,Chris & Dom,15,10,178,00-0021547,6663,Antonio Gates,TE,LAC,0,0,,17.94,,,23.9,12.4,0,0,
2014,1899189,186657,Team JoeBa,Team JoeBa,15,11,179,00-0022414,7149,Malcom Floyd,WR,LAC,0,0,,-0.63,,,,,,0,
2014,1899285,186663,Frank & Julian,Frank & Julian,15,12,180,00-0031407,27531,Blake Bortles,QB,FA,0,0,,-2.22,,,,,,0,
2014,1899286,186663,Frank & Julian,Frank & Julian,16,1,181,00-0029689,25774,Dwayne Allen,TE,IND,0,0,,-0.75,,,,,,0,
2014,1899190,186657,Team JoeBa,Team JoeBa,16,2,182,00-0028083,24932,Jacquizz Rodgers,RB,ATL,0,0,,-1.48,,,,,,0,
2014,1899222,186659,Chris & Dom,Chris & Dom,16,3,183,DEF-0008,100005,Cleveland Browns,DEF,CLE,0,0,,1.7,,,18.3,9.5,0,0,
2014,1899318,186665,Antdell & Ernie,Antdell & Ernie,16,4,184,00-0024267,7801,Greg Jennings,WR,MIN,0,0,,-0.51,,,50.8,26.5,0,0,
2014,1899254,186661,GaTTa,GaTTa,16,5,185,00-0031235,27540,Odell Beckham,WR,MIA,0,0,,20.12,,,,,,0,
2014,1899206,186658,Rob & GregBo,Rob & GregBo,16,6,186,00-0025549,8416,Brent Celek,TE,PHI,0,0,,-1.24,,,,,,0,
2014,1899174,186656,Pung & Tralie,Pung & Tralie,16,7,187,00-0023482,7223,Mike Nugent,K,CIN,0,0,,-0.01,,,,,,0,
2014,1899302,186664,Nolan & Vinny,Nolan & Vinny,16,8,188,00-0021206,5967,Josh McCown,QB,TB,0,0,,-1.27,,,34.6,18,0,0,
2014,1899158,186655,Ronnie,Ronnie,16,9,189,00-0024333,7867,Stephen Gostkowski,K,NE,0,0,,10.59,,,44.2,23,0,0,
2014,1899334,186666,LFTLR,LFTLR,16,10,190,00-0022924,6770,Ben Roethlisberger,QB,PIT,0,0,,12.61,,,61.6,32.1,0,0,
2014,1899270,186662,Richie,Richie,16,11,191,00-0027077,9372,Brian Hartline,WR,MIA,0,0,,-0.2,,,54.6,28.4,0,0,
2014,1899238,186660,Cambrias,Cambrias,16,12,192,00-0028660,25427,Dan Bailey,K,DAL,0,0,,3.45,,,31.1,16.2,0,0,
2015,1899083,186651,Frank & Julian,Frank & Julian,1,1,1,00-0030496,26671,Le'Veon Bell,RB,FA,0,0,,-4.54,,,-2.1,-1.2,0,0,
2015,1899068,186650,Rob & GregBo,Rob & GregBo,1,2,2,00-0026213,8850,Jamaal Charles,RB,KC,0,0,,-5.74,,,-2.5,-1.4,0,0,
2015,1898993,186645,LFTLR,LFTLR,1,3,3,00-0027793,24171,Antonio Brown,WR,PIT,0,0,,19.02,,,0.5,0.3,0.64,0,
2015,1899023,186647,Team JoeBa,Team JoeBa,1,4,4,00-0025394,8261,Adrian Peterson,RB,MIN,0,0,,11.54,,,,,,0,
2015,1898978,186644,Pung & Tralie,Pung & Tralie,1,5,5,00-0029668,25711,Andrew Luck,QB,IND,0,0,,-15.15,,,-11.9,-6.6,0,0,
2015,1899008,186646,Richie,Richie,1,6,6,00-0027944,24793,Julio Jones,WR,ATL,0,0,,19.32,,,-0.2,-0.1,0.89,0,
2015,1899113,186653,Nolan & Vinny,Nolan & Vinny,1,7,7,00-0030485,26684,Eddie Lacy,RB,GB,0,0,,-1.73,,,3,1.7,0,0,
2015,1899128,186654,Antdell & Ernie,Antdell & Ernie,1,8,8,00-0026184,8821,Matt Forte,RB,CHI,0,0,,5.97,,,-5.7,-3.2,0,0,
2015,1898963,186643,Ronnie,Ronnie,1,9,9,00-0023459,7200,Aaron Rodgers,QB,GB,0,0,,3.85,,,-18.1,-10.1,0,0,
2015,1899053,186649,Cambrias,Cambrias,1,10,10,00-0031235,27540,Odell Beckham,WR,NYG,0,0,,16.33,,,-1.4,-0.8,0.5,0,
2015,1899098,186652,GaTTa,GaTTa,1,11,11,00-0027902,23999,Dez Bryant,WR,DAL,0,0,,-12.29,,,3.4,1.9,0,0,
2015,1899038,186648,Chris & Dom,Chris & Dom,1,12,12,00-0027874,23997,Demaryius Thomas,WR,DEN,0,0,,7.72,,,2.9,1.6,0,0,
2015,1899039,186648,Chris & Dom,Chris & Dom,2,1,13,00-0027656,24017,Rob Gronkowski,TE,NE,0,0,,17.33,,,2.7,1.5,0.18,0,
2015,1899099,186652,GaTTa,GaTTa,2,2,14,00-0029263,25785,Russell Wilson,QB,SEA,0,0,,8.92,,,-54.7,-30.4,0,0,
2015,1899054,186649,Cambrias,Cambrias,2,3,15,00-0028009,24858,DeMarco Murray,RB,PHI,0,0,,3.77,,,-2.6,-1.4,0.24,0,
2015,1898964,186643,Ronnie,Ronnie,2,4,16,00-0032104,28442,Ameer Abdullah,RB,DET,0,0,,-4.08,,,-25.5,-14.2,0,0,
2015,1899129,186654,Antdell & Ernie,Antdell & Ernie,2,5,17,00-0029854,26878,C.J. Anderson,RB,DEN,0,0,,-2.06,,,6.3,3.5,0,0,
2015,1899114,186653,Nolan & Vinny,Nolan & Vinny,2,6,18,00-0028002,24851,Randall Cobb,WR,GB,0,0,,0,,,2.1,1.2,0.13,0,
2015,1899009,186646,Richie,Richie,2,7,19,00-0026373,9010,Justin Forsett,RB,BAL,0,0,,-3.19,,,-0.3,-0.2,0.91,0,
2015,1898979,186644,Pung & Tralie,Pung & Tralie,2,8,20,00-0025389,8256,Calvin Johnson,WR,DET,0,0,,6.8,,,6.9,3.8,0,0,
2015,1899024,186647,Team JoeBa,Team JoeBa,2,9,21,00-0029137,25755,Alshon Jeffery,WR,CHI,0,0,,-4.03,,,-5.1,-2.8,0,0,
2015,1898994,186645,LFTLR,LFTLR,2,10,22,00-0027942,24791,A.J. Green,WR,CIN,0,0,,11.7,,,5.3,2.9,0,0,
2015,1899069,186650,Rob & GregBo,Rob & GregBo,2,11,23,00-0029701,25718,Ryan Tannehill,QB,MIA,0,0,,-2.59,,,-66.1,-36.7,0,0,
2015,1899084,186651,Frank & Julian,Frank & Julian,2,12,24,00-0026498,9265,Matthew Stafford,QB,DET,0,0,,0.97,,,-70.6,-39.2,0,0,
2015,1899085,186651,Frank & Julian,Frank & Julian,3,1,25,00-0031301,27583,Jeremy Hill,RB,CIN,0,0,,0.12,,,10.6,5.9,0,0,
2015,1899070,186650,Rob & GregBo,Rob & GregBo,3,2,26,00-0026153,8790,Jonathan Stewart,RB,CAR,0,0,,2.45,,,-27,-15,0,0,
2015,1898995,186645,LFTLR,LFTLR,3,3,27,00-0027696,24070,Jimmy Graham,TE,SEA,0,0,,-1.7,,,-6.5,-3.6,0,0,
2015,1899025,186647,Team JoeBa,Team JoeBa,3,4,28,00-0027029,9317,LeSean McCoy,RB,BUF,0,0,,5.23,,,3.6,2,0.14,0,
2015,1898980,186644,Pung & Tralie,Pung & Tralie,3,5,29,00-0027685,24057,Emmanuel Sanders,WR,DEN,0,0,,3.99,,,-2.9,-1.6,0.22,0,
2015,1899010,186646,Richie,Richie,3,6,30,00-0030564,26650,DeAndre Hopkins,WR,HOU,0,0,,23.19,,,1.3,0.7,0.61,0,
2015,1899115,186653,Nolan & Vinny,Nolan & Vinny,3,7,31,00-0022924,6770,Ben Roethlisberger,QB,PIT,0,0,,-6.32,,,-32.8,-18.2,0,0,
2015,1899130,186654,Antdell & Ernie,Antdell & Ernie,3,8,32,00-0031299,27570,Jordan Matthews,TE,PHI,0,0,,13.44,,,,,,0,
2015,1898965,186643,Ronnie,Ronnie,3,9,33,00-0025399,8266,Marshawn Lynch,RB,SEA,0,0,,-7.37,,,24.4,13.6,0,0,
2015,1899055,186649,Cambrias,Cambrias,3,10,34,00-0031381,27581,Davante Adams,WR,GB,0,0,,-10.49,,,-0.6,-0.3,0.86,0,
2015,1899100,186652,GaTTa,GaTTa,3,11,35,00-0026995,9283,Jeremy Maclin,WR,KC,0,0,,7.04,,,-3.8,-2.1,0.21,0,
2015,1899040,186648,Chris & Dom,Chris & Dom,3,12,36,00-0027966,24815,Mark Ingram,RB,NO,0,0,,10.68,,,5,2.8,0,0,
2015,1899041,186648,Chris & Dom,Chris & Dom,4,1,37,00-0019596,5228,Tom Brady,QB,NE,0,0,,15.88,,,-30,-16.7,0,0,
2015,1899101,186652,GaTTa,GaTTa,4,2,38,00-0023500,7241,Frank Gore,RB,IND,0,0,,7.13,,,,,,0,
2015,1899056,186649,Cambrias,Cambrias,4,3,39,00-0025418,8285,Greg Olsen,TE,CAR,0,0,,18.16,,,-6.1,-3.4,0.03,0,
2015,1898966,186643,Ronnie,Ronnie,4,4,40,00-0031544,28392,Amari Cooper,WR,LV,0,0,,3.35,,,-0.8,-0.4,0.82,0,
2015,1899131,186654,Antdell & Ernie,Antdell & Ernie,4,5,41,00-0029615,25807,Lamar Miller,RB,MIA,0,0,,15.22,,,18.7,10.4,0,0,
2015,1899116,186653,Nolan & Vinny,Nolan & Vinny,4,6,42,00-0030513,26804,Latavius Murray,RB,LV,0,0,,9.59,,,8.8,4.9,0,0,
2015,1899011,186646,Richie,Richie,4,7,43,00-0020531,5479,Drew Brees,QB,NO,0,0,,5.48,,,-13.8,-7.7,0,0,
2015,1898981,186644,Pung & Tralie,Pung & Tralie,4,8,44,00-0032144,28403,Melvin Gordon,RB,LAC,0,0,,-4.17,,,-7.8,-4.3,0,0,
2015,1899026,186647,Team JoeBa,Team JoeBa,4,9,45,00-0030279,26699,Keenan Allen,WR,LAC,0,0,,-3.15,,,-3.7,-2.1,0.31,0,
2015,1898996,186645,LFTLR,LFTLR,4,10,46,00-0027854,23976,Sam Bradford,QB,PHI,0,0,,-8.99,,,-36.1,-20.1,0,0,
2015,1899071,186650,Rob & GregBo,Rob & GregBo,4,11,47,00-0031236,27548,Brandin Cooks,WR,NO,0,0,,11.59,,,26.4,14.7,0,0,
2015,1899086,186651,Frank & Julian,Frank & Julian,4,12,48,00-0029608,25802,T.Y. Hilton,WR,IND,0,0,,2.16,,,25.2,14,0,0,
2015,1899087,186651,Frank & Julian,Frank & Julian,5,1,49,00-0027891,24035,Golden Tate,WR,DET,0,0,,1.74,,,5.5,3.1,0,0,
2015,1899072,186650,Rob & GregBo,Rob & GregBo,5,2,50,00-0031408,27535,Mike Evans,WR,TB,0,0,,1.69,,,20,11.1,0,0,
2015,1898997,186645,LFTLR,LFTLR,5,3,51,00-0029613,25741,Doug Martin,RB,TB,0,0,,14.46,,,13,7.2,0,0,
2015,1899027,186647,Team JoeBa,Team JoeBa,5,4,52,00-0010346,4256,Peyton Manning,QB,DEN,0,0,,-18.11,,,-2.9,-1.6,0.71,0,
2015,1898982,186644,Pung & Tralie,Pung & Tralie,5,5,53,00-0029141,25883,Alfred Morris,RB,WAS,0,0,,-6.54,,,4.8,2.7,0.3,0,
2015,1899012,186646,Richie,Richie,5,6,54,00-0030456,26660,Giovani Bernard,RB,CIN,0,0,,5.6,,,-21.5,-11.9,0,0,
2015,1899117,186653,Nolan & Vinny,Nolan & Vinny,5,7,55,00-0030506,26686,Travis Kelce,TE,KC,0,0,,11.33,,,4.4,2.4,0.2,0,
2015,1899132,186654,Antdell & Ernie,Antdell & Ernie,5,8,56,00-0022044,6339,Andre Johnson,WR,IND,0,0,,-9.45,,,18.3,10.2,0,0,
2015,1898967,186643,Ronnie,Ronnie,5,9,57,00-0031382,27591,Jarvis Landry,WR,MIA,0,0,,15.22,,,20.4,11.3,0,0,
2015,1899057,186649,Cambrias,Cambrias,5,10,58,00-0024334,7868,Brandon Marshall,WR,NYJ,0,0,,27.74,,,7.5,4.2,0,0,
2015,1899102,186652,GaTTa,GaTTa,5,11,59,00-0031549,28408,Nelson Agholor,WR,PHI,0,0,,-14.45,,,2.4,1.3,0.58,0,
2015,1899042,186648,Chris & Dom,Chris & Dom,5,12,60,00-0030287,26810,Andre Ellington,RB,ARI,0,0,,-7.9,,,16.3,9.1,0,0,
2015,1899043,186648,Chris & Dom,Chris & Dom,6,1,61,00-0031325,27532,Sammy Watkins,WR,BUF,0,0,,0.07,,,-1.5,-0.8,0.77,0,
2015,1899103,186652,GaTTa,GaTTa,6,2,62,00-0030061,26658,Zach Ertz,TE,PHI,0,0,,3.57,,,-64.2,-35.7,0,0,
2015,1899058,186649,Cambrias,Cambrias,6,3,63,00-0027531,24400,Chris Ivory,RB,NYJ,0,0,,10.54,,,15.4,8.6,0,0,
2015,1898968,186643,Ronnie,Ronnie,6,4,64,00-0024389,7924,Delanie Walker,TE,TEN,0,0,,20.66,,,-34,-18.9,0,0,
2015,1899133,186654,Antdell & Ernie,Antdell & Ernie,6,5,65,00-0026143,8780,Matt Ryan,QB,ATL,0,0,,-4.59,,,-13.2,-7.3,0,0,
2015,1899118,186653,Nolan & Vinny,Nolan & Vinny,6,6,66,00-0030113,26839,Charles Johnson,WR,MIN,0,0,,-17.13,,,4.4,2.4,0.35,0,
2015,1899013,186646,Richie,Richie,6,7,67,00-0022127,6405,Jason Witten,TE,DAL,0,0,,2.81,,,-16.7,-9.3,0,0,
2015,1898983,186644,Pung & Tralie,Pung & Tralie,6,8,68,00-0026201,8838,Martellus Bennett,TE,CHI,0,0,,-1.96,,,7.7,4.3,0,0,
2015,1899028,186647,Team JoeBa,Team JoeBa,6,9,69,00-0028040,24889,Jordan Cameron,TE,MIA,0,0,,-5.3,,,-7.9,-4.4,0.02,0,
2015,1898998,186645,LFTLR,LFTLR,6,10,70,00-0031547,28402,DeVante Parker,WR,FA,0,0,,-11.94,,,-39.5,-21.9,0,0,
2015,1899073,186650,Rob & GregBo,Rob & GregBo,6,11,71,00-0027150,9496,Julian Edelman,WR,NE,0,0,,-2,,,29.1,16.2,0,0,
2015,1899088,186651,Frank & Julian,Frank & Julian,6,12,72,00-0026189,8826,DeSean Jackson,WR,WAS,0,0,,-8.52,,,-2,-1.1,0.76,0,
2015,1899089,186651,Frank & Julian,Frank & Julian,7,1,73,00-0024313,7847,Owen Daniels,TE,DEN,0,0,,-2.09,,,-16.7,-9.3,0,0,
2015,1899074,186650,Rob & GregBo,Rob & GregBo,7,2,74,00-0027981,24830,Kyle Rudolph,TE,MIN,0,0,,-0.69,,,-36.5,-20.3,0,0,
2015,1898999,186645,LFTLR,LFTLR,7,3,75,00-0030388,26774,Joseph Randle,RB,DAL,0,0,,-7.35,,,18.4,10.2,0,0,
2015,1899029,186647,Team JoeBa,Team JoeBa,7,4,76,00-0022921,6762,Larry Fitzgerald,WR,ARI,0,0,,17.88,,,-8.1,-4.5,0,0,
2015,1898984,186644,Pung & Tralie,Pung & Tralie,7,5,77,00-0027861,23984,C.J. Spiller,RB,FA,0,0,,-6.61,,,19.1,10.6,0,0,
2015,1899014,186646,Richie,Richie,7,6,78,00-0020337,5521,Steve Smith,WR,BAL,0,0,,-6.01,,,5.9,3.3,0.29,0,
2015,1899119,186653,Nolan & Vinny,Nolan & Vinny,7,7,79,00-0031051,27619,John Brown,WR,ARI,0,0,,1.76,,,14.7,8.2,0,0,
2015,1899134,186654,Antdell & Ernie,Antdell & Ernie,7,8,80,DEF-0029,100026,Seattle Seahawks,DEF,SEA,0,0,,5.71,,,-21.3,-11.8,0,0,
2015,1898969,186643,Ronnie,Ronnie,7,9,81,00-0030549,26644,Tyler Eifert,TE,CIN,0,0,,10.29,,,-14.5,-8.1,0,0,
2015,1899059,186649,Cambrias,Cambrias,7,10,82,00-0032241,28398,Todd Gurley,RB,FA,0,0,,14.58,,,21.8,12.1,0,0,
2015,1899104,186652,GaTTa,GaTTa,7,11,83,00-0027864,23987,Ryan Mathews,RB,PHI,0,0,,-2.65,,,4.1,2.3,0.54,0,
2015,1899044,186648,Chris & Dom,Chris & Dom,7,12,84,00-0027325,24318,LeGarrette Blount,RB,FA,0,0,,-2.56,,,15.5,8.6,0,0,
2015,1899045,186648,Chris & Dom,Chris & Dom,8,1,85,00-0031428,27589,Allen Robinson,WR,JAX,0,0,,23.82,,,31.5,17.5,0,0,
2015,1899105,186652,GaTTa,GaTTa,8,2,86,00-0023564,7306,Darren Sproles,RB,PHI,0,0,,0,,,-20.4,-11.3,0,0,
2015,1899060,186649,Cambrias,Cambrias,8,3,87,00-0032058,28461,Tevin Coleman,RB,ATL,0,0,,-9.5,,,-1.9,-1.1,0.77,0,
2015,1898970,186643,Ronnie,Ronnie,8,4,88,00-0029638,25723,Michael Floyd,WR,ARI,0,0,,-2.15,,,-38.2,-21.2,0,0,
2015,1899135,186654,Antdell & Ernie,Antdell & Ernie,8,5,89,00-0032209,28424,T.J. Yeldon,RB,JAX,0,0,,2.25,,,25.9,14.4,0,0,
2015,1899120,186653,Nolan & Vinny,Nolan & Vinny,8,6,90,00-0030656,28014,Isaiah Crowell,RB,CLE,0,0,,-1.59,,,-5.4,-3,0.43,0,
2015,1899015,186646,Richie,Richie,8,7,91,00-0027994,24843,Shane Vereen,RB,NYG,0,0,,-0.46,,,13.1,7.3,0,0,
2015,1898985,186644,Pung & Tralie,Pung & Tralie,8,8,92,00-0027690,24062,Eric Decker,WR,NYJ,0,0,,11.32,,,-13.3,-7.4,0,0,
2015,1899030,186647,Team JoeBa,Team JoeBa,8,9,93,00-0026144,8781,Darren McFadden,RB,DAL,0,0,,8.06,,,8.4,4.7,0.08,0,
2015,1899000,186645,LFTLR,LFTLR,8,10,94,00-0031413,27582,Bishop Sankey,RB,TEN,0,0,,-8.11,,,-6.2,-3.4,0.37,0,
2015,1899075,186650,Rob & GregBo,Rob & GregBo,8,11,95,00-0029822,27120,Brandon McManus,K,DEN,0,0,,3.13,,,-73.1,-40.6,0,0,
2015,1899090,186651,Frank & Julian,Frank & Julian,8,12,96,00-0028660,25427,Dan Bailey,K,DAL,0,0,,2.62,,,-65.2,-36.2,0,0,
2015,1899091,186651,Frank & Julian,Frank & Julian,9,1,97,DEF-0001,100022,Arizona Cardinals,DEF,ARI,0,0,,14.43,,,-55.7,-30.9,0,0,
2015,1899076,186650,Rob & GregBo,Rob & GregBo,9,2,98,DEF-0010,100007,Denver Broncos,DEF,DEN,0,0,,13.68,,,-42.7,-23.7,0,0,
2015,1899001,186645,LFTLR,LFTLR,9,3,99,00-0029689,25774,Dwayne Allen,TE,IND,0,0,,-8.86,,,-46.1,-25.6,0,0,
2015,1899031,186647,Team JoeBa,Team JoeBa,9,4,100,00-0030472,26708,Jordan Reed,TE,WAS,0,0,,26.49,,,-58.4,-32.4,0,0,
2015,1898986,186644,Pung & Tralie,Pung & Tralie,9,5,101,00-0031373,27646,Martavis Bryant,WR,WAS,0,0,,-1.94,,,33.8,18.8,0,0,
2015,1899016,186646,Richie,Richie,9,6,102,00-0027218,24262,Joique Bell,RB,DET,0,0,,-4.34,,,21.5,11.9,0,0,
2015,1899121,186653,Nolan & Vinny,Nolan & Vinny,9,7,103,DEF-0013,100034,Houston Texans,DEF,HOU,0,0,,2.94,,,,,,0,
2015,1899136,186654,Antdell & Ernie,Antdell & Ernie,9,8,104,00-0029697,25744,Coby Fleener,TE,IND,0,0,,-2.46,,,,,,0,
2015,1898971,186643,Ronnie,Ronnie,9,9,105,00-0031075,27709,Alfred Blue,RB,HOU,0,0,,-4.15,,,18.6,10.3,0,0,
2015,1899061,186649,Cambrias,Cambrias,9,10,106,00-0022942,6763,Philip Rivers,QB,LAC,0,0,,2.03,,,-7.3,-4.1,0.38,0,
2015,1899106,186652,GaTTa,GaTTa,9,11,107,00-0032208,28417,Phillip Dorsett,WR,IND,0,0,,-12.56,,,-46.9,-26.1,0,0,
2015,1899046,186648,Chris & Dom,Chris & Dom,9,12,108,DEF-0026,100021,Philadelphia Eagles,DEF,PHI,0,0,,0,,,-30.9,-17.2,0,0,
2015,1899047,186648,Chris & Dom,Chris & Dom,10,1,109,00-0024466,8001,Marques Colston,WR,NO,0,0,,-5.84,,,-9.3,-5.2,0.06,0,
2015,1899107,186652,GaTTa,GaTTa,10,2,110,00-0022803,6760,Eli Manning,QB,NYG,0,0,,2.17,,,4.1,2.3,0.56,0,
2015,1899062,186649,Cambrias,Cambrias,10,3,111,00-0028067,24916,Julius Thomas,TE,FA,0,0,,-1.47,,,-19.5,-10.8,0,0,
2015,1898972,186643,Ronnie,Ronnie,10,4,112,00-0026796,9527,Arian Foster,RB,FA,0,0,,-5.82,,,74.5,41.4,0,0,
2015,1899137,186654,Antdell & Ernie,Antdell & Ernie,10,5,113,00-0023496,7237,Vincent Jackson,WR,TB,0,0,,-6.85,,,42.9,23.8,0,0,
2015,1899122,186653,Nolan & Vinny,Nolan & Vinny,10,6,114,00-0029640,25743,Brian Quick,WR,FA,0,0,,-13.99,,,7.2,4,0.26,0,
2015,1899017,186646,Richie,Richie,10,7,115,00-0029683,25777,Ronnie Hillman,RB,DEN,0,0,,-0.73,,,1,0.6,0.9,0,
2015,1898987,186644,Pung & Tralie,Pung & Tralie,10,8,116,00-0031390,27597,Charles Sims,RB,TB,0,0,,3.86,,,-34.3,-19.1,0,0,
2015,1899032,186647,Team JoeBa,Team JoeBa,10,9,117,DEF-0019,100014,Los Angeles Rams,DEF,LAR,0,0,,4.98,,,,,,0,
2015,1899002,186645,LFTLR,LFTLR,10,10,118,00-0030542,26697,Terrance Williams,WR,DAL,0,0,,-4.75,,,5.6,3.1,0.38,0,
2015,1899077,186650,Rob & GregBo,Rob & GregBo,10,11,119,00-0031237,27560,Teddy Bridgewater,QB,MIN,0,0,,-4.77,,,-3.5,-1.9,0.62,0,
2015,1899092,186651,Frank & Julian,Frank & Julian,10,12,120,00-0027939,24788,Cam Newton,QB,CAR,0,0,,27.31,,,0.9,0.5,0.92,0,
2015,1899093,186651,Frank & Julian,Frank & Julian,11,1,121,00-0031045,27585,Carlos Hyde,RB,SF,0,0,,-5.13,,,76.3,42.4,0,0,
2015,1899078,186650,Rob & GregBo,Rob & GregBo,11,2,122,00-0026019,9560,Danny Woodhead,RB,LAC,0,0,,22.61,,,53,29.4,0,0,
2015,1899003,186645,LFTLR,LFTLR,11,3,123,00-0027265,24553,Victor Cruz,WR,FA,0,0,,-14.21,,,31.7,17.6,0,0,
2015,1899033,186647,Team JoeBa,Team JoeBa,11,4,124,00-0025410,8277,Dwayne Bowe,WR,FA,0,0,,-13.27,,,,,,0,
2015,1898988,186644,Pung & Tralie,Pung & Tralie,11,5,125,00-0024242,7776,DeAngelo Williams,RB,PIT,0,0,,23.16,,,-4.1,-2.3,0.66,0,
2015,1899018,186646,Richie,Richie,11,6,126,00-0021547,6663,Antonio Gates,TE,FA,0,0,,0,,,-14.4,-8,0.14,0,
2015,1899123,186653,Nolan & Vinny,Nolan & Vinny,11,7,127,00-0027155,9514,Rashad Jennings,RB,NYG,0,0,,-0.76,,,45.3,25.2,0,0,
2015,1899138,186654,Antdell & Ernie,Antdell & Ernie,11,8,128,00-0022084,6390,Anquan Boldin,WR,SF,0,0,,-2.81,,,30.7,17.1,0,0,
2015,1898973,186643,Ronnie,Ronnie,11,9,129,DEF-0004,100002,Buffalo Bills,DEF,BUF,0,0,,-1.39,,,17.7,9.8,0,0,
2015,1899063,186649,Cambrias,Cambrias,11,10,130,00-0026003,9032,Dan Carpenter,K,BUF,0,0,,-0.89,,,,,,0,
2015,1899108,186652,GaTTa,GaTTa,11,11,131,00-0024333,7867,Stephen Gostkowski,K,NE,0,0,,13.99,,,-14.7,-8.2,0,0,
2015,1899048,186648,Chris & Dom,Chris & Dom,11,12,132,00-0029597,26534,Justin Tucker,K,BAL,0,0,,4.29,,,-31.5,-17.5,0,0,
2015,1899049,186648,Chris & Dom,Chris & Dom,12,1,133,00-0021678,6624,Tony Romo,QB,DAL,0,0,,-14.7,,,52.2,29,0,0,
2015,1899109,186652,GaTTa,GaTTa,12,2,134,DEF-0003,100033,Baltimore Ravens,DEF,BAL,0,0,,-1.38,,,-32.5,-18.1,0,0,
2015,1899064,186649,Cambrias,Cambrias,12,3,135,DEF-0016,100012,Kansas City Chiefs,DEF,KC,0,0,,14.68,,,-24.7,-13.7,0,0,
2015,1898974,186643,Ronnie,Ronnie,12,4,136,00-0016919,3727,Adam Vinatieri,K,IND,0,0,,-0.64,,,-12.1,-6.7,0,0,
2015,1899139,186654,Antdell & Ernie,Antdell & Ernie,12,5,137,00-0030850,27911,Cody Parkey,K,PHI,0,0,,-6.43,,,-21.2,-11.8,0,0,
2015,1899124,186653,Nolan & Vinny,Nolan & Vinny,12,6,138,00-0025944,9066,Steven Hauschka,K,SEA,0,0,,3.48,,,-18.8,-10.4,0,0,
2015,1899019,186646,Richie,Richie,12,7,139,DEF-0020,100015,Miami Dolphins,DEF,MIA,0,0,,-1.86,,,18.6,10.3,0,0,
2015,1898989,186644,Pung & Tralie,Pung & Tralie,12,8,140,DEF-0022,100017,New England Patriots,DEF,NE,0,0,,6.11,,,-24,-13.3,0,0,
2015,1899034,186647,Team JoeBa,Team JoeBa,12,9,141,00-0026158,8795,Joe Flacco,QB,BAL,0,0,,-6.01,,,-5,-2.8,0.5,0,
2015,1899004,186645,LFTLR,LFTLR,12,10,142,00-0032257,28465,Duke Johnson,RB,CLE,0,0,,1.96,,,40.2,22.3,0,0,
2015,1899079,186650,Rob & GregBo,Rob & GregBo,12,11,143,00-0023462,7203,Roddy White,WR,ATL,0,0,,-5.6,,,34,18.9,0,0,
2015,1899094,186651,Frank & Julian,Frank & Julian,12,12,144,00-0032133,28526,David Cobb,RB,FA,0,0,,-8.17,,,13.6,7.6,0,0,
2015,1899095,186651,Frank & Julian,Frank & Julian,13,1,145,00-0026901,9348,Mike Wallace,WR,MIN,0,0,,-5.43,,,55.1,30.6,0,0,
2015,1899080,186650,Rob & GregBo,Rob & GregBo,13,2,146,00-0026345,8982,Pierre Garcon,WR,WAS,0,0,,-1.19,,,26.7,14.8,0,0,
2015,1899005,186645,LFTLR,LFTLR,13,3,147,00-0032055,28429,Devin Funchess,TE,CAR,0,0,,-2.95,,,,,,0,
2015,1899035,186647,Team JoeBa,Team JoeBa,13,4,148,00-0024204,8063,Fred Jackson,RB,SEA,0,0,,-4.02,,,-1.9,-1.1,0.9,0,
2015,1898990,186644,Pung & Tralie,Pung & Tralie,13,5,149,00-0026986,9274,Michael Crabtree,WR,LV,0,0,,7.66,,,13.4,7.4,0,0,
2015,1899020,186646,Richie,Richie,13,6,150,00-0023853,8565,Matt Prater,K,DET,0,0,,-0.42,,,-21.4,-11.9,0,0,
2015,1899125,186653,Nolan & Vinny,Nolan & Vinny,13,7,151,00-0028052,24901,Cecil Shorts,WR,HOU,0,0,,-4.32,,,,,,0,
2015,1899140,186654,Antdell & Ernie,Antdell & Ernie,13,8,152,00-0026182,8819,Eddie Royal,WR,CHI,0,0,,-6.41,,,67.4,37.4,0,0,
2015,1898975,186643,Ronnie,Ronnie,13,9,153,00-0031280,27564,Derek Carr,QB,LV,0,0,,0,,,-10.2,-5.7,0.08,0,
2015,1899065,186649,Cambrias,Cambrias,13,10,154,DEF-0025,100020,New York Jets,DEF,NYJ,0,0,,0.6,,,19,10.6,0,0,
2015,1899110,186652,GaTTa,GaTTa,13,11,155,00-0024221,7755,Vernon Davis,TE,SF,0,0,,-2.79,,,4.7,2.6,0.77,0,
2015,1899050,186648,Chris & Dom,Chris & Dom,13,12,156,00-0025465,8332,James Jones,WR,GB,0,0,,-0.74,,,2.1,1.2,0.89,0,
2015,1899051,186648,Chris & Dom,Chris & Dom,14,1,157,00-0027791,24169,James Starks,RB,GB,0,0,,3,,,0.5,0.3,0.96,0,
2015,1899111,186652,GaTTa,GaTTa,14,2,158,00-0024217,7751,Reggie Bush,RB,SF,0,0,,-6.18,,,28.5,15.8,0,0,
2015,1899066,186649,Cambrias,Cambrias,14,3,159,00-0030801,27921,Brandon Coleman,WR,NO,0,0,,-5.08,,,35.4,19.7,0,0,
2015,1898976,186643,Ronnie,Ronnie,14,4,160,00-0032200,28482,Ty Montgomery,RB,FA,0,0,,-4.45,,,,,,0,
2015,1899141,186654,Antdell & Ernie,Antdell & Ernie,14,5,161,00-0031285,27631,Devonta Freeman,RB,ATL,0,0,,46.18,,,64.8,36,0,0,
2015,1899126,186653,Nolan & Vinny,Nolan & Vinny,14,6,162,00-0031376,27624,Jerick McKinnon,RB,MIN,0,0,,-2.87,,,,,,0,
2015,1899021,186646,Richie,Richie,14,7,163,00-0021429,6337,Carson Palmer,QB,ARI,0,0,,12.96,,,34.6,19.2,0,0,
2015,1898991,186644,Pung & Tralie,Pung & Tralie,14,8,164,00-0025580,8447,Mason Crosby,K,GB,0,0,,-0.07,,,0.4,0.2,0.94,0,
2015,1899036,186647,Team JoeBa,Team JoeBa,14,9,165,00-0020578,6243,Matt Bryant,K,ATL,0,0,,-1.5,,,-5.5,-3.1,0.02,0,
2015,1899006,186645,LFTLR,LFTLR,14,10,166,00-0021940,6558,Josh Brown,K,NYG,0,0,,5.18,,,,,,0,
2015,1899081,186650,Rob & GregBo,Rob & GregBo,14,11,167,00-0028838,25703,Larry Donnell,TE,NYG,0,0,,-2.24,,,,,,0,
2015,1899096,186651,Frank & Julian,Frank & Julian,14,12,168,00-0030460,26702,Markus Wheaton,WR,PIT,0,0,,-1.66,,,73.9,41.1,0,0,
2015,1899097,186651,Frank & Julian,Frank & Julian,15,1,169,00-0029632,25793,Mohamed Sanu,WR,CIN,0,0,,-2.86,,,,,,0,
2015,1899082,186650,Rob & GregBo,Rob & GregBo,15,2,170,00-0027996,24845,Torrey Smith,WR,SF,0,0,,-2.01,,,39.4,21.9,0,0,
2015,1899007,186645,LFTLR,LFTLR,15,3,171,DEF-0014,100011,Indianapolis Colts,DEF,IND,0,0,,-0.02,,,3.3,1.8,0.64,0,
2015,1899037,186647,Team JoeBa,Team JoeBa,15,4,172,00-0026998,9286,Percy Harvin,WR,BUF,0,0,,-3.07,,,11.4,6.3,0.14,0,
2015,1898992,186644,Pung & Tralie,Pung & Tralie,15,5,173,00-0029708,25730,Kendall Wright,WR,TEN,0,0,,-1.83,,,85,47.2,0,0,
2015,1899022,186646,Richie,Richie,15,6,174,00-0029293,25876,Marvin Jones,WR,CIN,0,0,,-0.43,,,40.1,22.3,0,0,
2015,1899127,186653,Nolan & Vinny,Nolan & Vinny,15,7,175,00-0030280,26719,Knile Davis,RB,KC,0,0,,-1.89,,,53.8,29.9,0,0,
2015,1899142,186654,Antdell & Ernie,Antdell & Ernie,15,8,176,00-0026364,9001,Stevie Johnson,WR,LAC,0,0,,-0.93,,,74.7,41.5,0,0,
2015,1898977,186643,Ronnie,Ronnie,15,9,177,00-0030216,26950,Josh Hill,TE,FA,0,0,,-0.83,,,20.5,11.4,0,0,
2015,1899067,186649,Cambrias,Cambrias,15,10,178,00-0032054,28414,Breshad Perriman,WR,FA,0,0,,-1.04,,,32.6,18.1,0,0,
2015,1899112,186652,GaTTa,GaTTa,15,11,179,00-0031387,27538,Eric Ebron,TE,DET,0,0,,-0.04,,,,,,0,
2015,1899052,186648,Chris & Dom,Chris & Dom,15,12,180,00-0031384,27626,Richard Rodgers,TE,GB,0,0,,2.24,,,28.4,15.8,0,0,
2016,1898933,186641,Antdell & Ernie,Antdell & Ernie,1,1,1,00-0027793,24171,Antonio Brown,WR,PIT,0,0,,12.13,,,-0.2,-0.1,0.6,0,
2016,1898918,186640,Chris & Dom,Chris & Dom,1,2,2,00-0031235,27540,Odell Beckham,WR,NYG,0,0,,10.44,,,-1.4,-0.8,0,0,
2016,1898813,186633,Frank & Julian,Frank & Julian,1,3,3,00-0032187,28474,David Johnson,RB,ARI,0,0,,28.36,,,-0.4,-0.2,0.73,0,
2016,1898843,186635,Cambrias,Cambrias,1,4,4,00-0025394,8261,Adrian Peterson,RB,MIN,0,0,,-17.61,,,,,,0,
2016,1898783,186631,Ronnie,Ronnie,1,5,5,00-0027944,24793,Julio Jones,WR,ATL,0,0,,5.47,,,2.2,1.2,0,0,
2016,1898888,186638,Rob & GregBo,Rob & GregBo,1,6,6,00-0032241,28398,Todd Gurley,RB,LAR,0,0,,3.76,,,-0.3,-0.2,0.83,0,
2016,1898798,186632,Nolan & Vinny,Nolan & Vinny,1,7,7,00-0030564,26650,DeAndre Hopkins,WR,HOU,0,0,,-1.28,,,0.6,0.3,0.6,0,
2016,1898828,186634,GaTTa,GaTTa,1,8,8,00-0026213,8850,Jamaal Charles,RB,FA,0,0,,-17.06,,,-11.4,-6.3,0,0,
2016,1898858,186636,Richie,Richie,1,9,9,00-0027656,24017,Rob Gronkowski,TE,FA,0,0,,-4.88,,,-5.2,-2.9,0,0,
2016,1898948,186642,LFTLR,LFTLR,1,10,10,00-0027942,24791,A.J. Green,WR,CIN,0,0,,-1,,,3.6,2,0,0,
2016,1898903,186639,Team JoeBa,Team JoeBa,1,11,11,00-0031428,27589,Allen Robinson,WR,JAX,0,0,,-0.91,,,1.8,1,0.05,0,
2016,1898873,186637,Pung & Tralie,Pung & Tralie,1,12,12,00-0027902,23999,Dez Bryant,WR,DAL,0,0,,-1.63,,,-4.4,-2.4,0,0,
2016,1898874,186637,Pung & Tralie,Pung & Tralie,2,1,13,00-0030496,26671,Le'Veon Bell,RB,FA,0,0,,23.93,,,0.7,0.4,0.76,0,
2016,1898904,186639,Team JoeBa,Team JoeBa,2,2,14,00-0033045,29238,Ezekiel Elliott,RB,DAL,0,0,,25.59,,,5.7,3.2,0,0,
2016,1898949,186642,LFTLR,LFTLR,2,3,15,00-0029615,25807,Lamar Miller,RB,HOU,0,0,,5.61,,,5.2,2.9,0,0,
2016,1898859,186636,Richie,Richie,2,4,16,00-0024334,7868,Brandon Marshall,WR,NYJ,0,0,,-3.72,,,3,1.7,0,0,
2016,1898829,186634,GaTTa,GaTTa,2,5,17,00-0027029,9317,LeSean McCoy,RB,BUF,0,0,,21.98,,,-5,-2.8,0,0,
2016,1898799,186632,Nolan & Vinny,Nolan & Vinny,2,6,18,00-0027966,24815,Mark Ingram,RB,NO,0,0,,9.73,,,-7.5,-4.2,0,0,
2016,1898889,186638,Rob & GregBo,Rob & GregBo,2,7,19,00-0026176,8813,Jordy Nelson,WR,GB,0,0,,15.97,,,1.7,0.9,0.41,0,
2016,1898784,186631,Ronnie,Ronnie,2,8,20,00-0031285,27631,Devonta Freeman,RB,ATL,0,0,,16.24,,,0.8,0.4,0.76,0,
2016,1898844,186635,Cambrias,Cambrias,2,9,21,00-0031408,27535,Mike Evans,WR,TB,0,0,,15.65,,,5.3,2.9,0,0,
2016,1898814,186633,Frank & Julian,Frank & Julian,2,10,22,00-0030279,26699,Keenan Allen,WR,LAC,0,0,,-20.85,,,8.2,4.6,0,0,
2016,1898919,186640,Chris & Dom,Chris & Dom,2,11,23,00-0031382,27591,Jarvis Landry,WR,MIA,0,0,,2.99,,,-3.9,-2.2,0,0,
2016,1898934,186641,Antdell & Ernie,Antdell & Ernie,2,12,24,00-0030485,26684,Eddie Lacy,RB,GB,0,0,,-13.08,,,0,0,1,0,
2016,1898935,186641,Antdell & Ernie,Antdell & Ernie,3,1,25,00-0029613,25741,Doug Martin,RB,TB,0,0,,-8.21,,,-5.8,-3.2,0,0,
2016,1898920,186640,Chris & Dom,Chris & Dom,3,2,26,00-0031236,27548,Brandin Cooks,WR,NO,0,0,,8.33,,,2.7,1.5,0.23,0,
2016,1898815,186633,Frank & Julian,Frank & Julian,3,3,27,00-0031544,28392,Amari Cooper,WR,LV,0,0,,4.44,,,6.9,3.8,0,0,
2016,1898845,186635,Cambrias,Cambrias,3,4,28,00-0031301,27583,Jeremy Hill,RB,CIN,0,0,,3.37,,,-21.1,-11.7,0,0,
2016,1898785,186631,Ronnie,Ronnie,3,5,29,00-0027939,24788,Cam Newton,QB,CAR,0,0,,-0.56,,,-5.5,-3.1,0.3,0,
2016,1898890,186638,Rob & GregBo,Rob & GregBo,3,6,30,00-0029137,25755,Alshon Jeffery,WR,CHI,0,0,,-5.57,,,7.9,4.4,0,0,
2016,1898800,186632,Nolan & Vinny,Nolan & Vinny,3,7,31,00-0030513,26804,Latavius Murray,RB,LV,0,0,,8.81,,,-4.8,-2.7,0,0,
2016,1898830,186634,GaTTa,GaTTa,3,8,32,00-0023459,7200,Aaron Rodgers,QB,GB,0,0,,17.8,,,-6.7,-3.7,0.09,0,
2016,1898860,186636,Richie,Richie,3,9,33,00-0029608,25802,T.Y. Hilton,WR,IND,0,0,,12.54,,,3.6,2,0,0,
2016,1898950,186642,LFTLR,LFTLR,3,10,34,00-0031325,27532,Sammy Watkins,WR,BUF,0,0,,-13.06,,,5.7,3.2,0,0,
2016,1898905,186639,Team JoeBa,Team JoeBa,3,11,35,00-0028002,24851,Randall Cobb,WR,GB,0,0,,-4.7,,,3.5,1.9,0,0,
2016,1898875,186637,Pung & Tralie,Pung & Tralie,3,12,36,00-0031339,27618,Donte Moncrief,WR,IND,0,0,,-9.94,,,-2.4,-1.3,0.44,0,
2016,1898876,186637,Pung & Tralie,Pung & Tralie,4,1,37,00-0026184,8821,Matt Forte,RB,NYJ,0,0,,5.09,,,-6.1,-3.4,0,0,
2016,1898906,186639,Team JoeBa,Team JoeBa,4,2,38,00-0030472,26708,Jordan Reed,TE,WAS,0,0,,3.44,,,2.9,1.6,0.46,0,
2016,1898951,186642,LFTLR,LFTLR,4,3,39,00-0028434,25105,Doug Baldwin,WR,SEA,0,0,,10.53,,,-9.8,-5.4,0,0,
2016,1898861,186636,Richie,Richie,4,4,40,00-0027874,23997,Demaryius Thomas,WR,DEN,0,0,,5.01,,,10.3,5.7,0,0,
2016,1898831,186634,GaTTa,GaTTa,4,5,41,00-0031045,27585,Carlos Hyde,RB,SF,0,0,,7.19,,,-4.7,-2.6,0.13,0,
2016,1898801,186632,Nolan & Vinny,Nolan & Vinny,4,6,42,00-0025418,8285,Greg Olsen,TE,CAR,0,0,,13.51,,,-6.4,-3.6,0.04,0,
2016,1898891,186638,Rob & GregBo,Rob & GregBo,4,7,43,00-0027150,9496,Julian Edelman,WR,NE,0,0,,1.18,,,7.9,4.4,0,0,
2016,1898786,186631,Ronnie,Ronnie,4,8,44,00-0027891,24035,Golden Tate,WR,DET,0,0,,1.63,,,0.4,0.2,0.92,0,
2016,1898846,186635,Cambrias,Cambrias,4,9,45,00-0027690,24062,Eric Decker,WR,NYJ,0,0,,-16.46,,,0.1,0.1,0.98,0,
2016,1898816,186633,Frank & Julian,Frank & Julian,4,10,46,00-0031897,28714,Thomas Rawls,RB,SEA,0,0,,-9.44,,,5,2.8,0.02,0,
2016,1898921,186640,Chris & Dom,Chris & Dom,4,11,47,00-0030456,26660,Giovani Bernard,RB,CIN,0,0,,-3.48,,,-10.7,-5.9,0,0,
2016,1898936,186641,Antdell & Ernie,Antdell & Ernie,4,12,48,00-0029263,25785,Russell Wilson,QB,SEA,0,0,,0.89,,,-5.2,-2.9,0.19,0,
2016,1898937,186641,Antdell & Ernie,Antdell & Ernie,5,1,49,00-0030506,26686,Travis Kelce,TE,KC,0,0,,17.82,,,-15.3,-8.5,0,0,
2016,1898922,186640,Chris & Dom,Chris & Dom,5,2,50,00-0024389,7924,Delanie Walker,TE,TEN,0,0,,9.14,,,-14,-7.8,0,0,
2016,1898817,186633,Frank & Julian,Frank & Julian,5,3,51,00-0029668,25711,Andrew Luck,QB,IND,0,0,,8.27,,,-7.3,-4.1,0.05,0,
2016,1898847,186635,Cambrias,Cambrias,5,4,52,00-0029854,26878,C.J. Anderson,RB,DEN,0,0,,-5.82,,,18.8,10.4,0,0,
2016,1898787,186631,Ronnie,Ronnie,5,5,53,00-0027325,24318,LeGarrette Blount,RB,NE,0,0,,14.07,,,-38.6,-21.4,0,0,
2016,1898892,186638,Rob & GregBo,Rob & GregBo,5,6,54,00-0027864,23987,Ryan Mathews,RB,PHI,0,0,,-1.28,,,-6.4,-3.6,0,0,
2016,1898802,186632,Nolan & Vinny,Nolan & Vinny,5,7,55,00-0026995,9283,Jeremy Maclin,WR,KC,0,0,,-9.74,,,17.7,9.8,0,0,
2016,1898832,186634,GaTTa,GaTTa,5,8,56,00-0031359,27556,Kelvin Benjamin,TE,CAR,0,0,,8.59,,,,,,0,
2016,1898862,186636,Richie,Richie,5,9,57,00-0026153,8790,Jonathan Stewart,RB,CAR,0,0,,-2.65,,,-5.8,-3.2,0.12,0,
2016,1898952,186642,LFTLR,LFTLR,5,10,58,00-0028009,24858,DeMarco Murray,RB,TEN,0,0,,30.07,,,17.7,9.8,0,0,
2016,1898907,186639,Team JoeBa,Team JoeBa,5,11,59,00-0026019,9560,Danny Woodhead,RB,LAC,0,0,,-13.42,,,5.3,2.9,0.05,0,
2016,1898877,186637,Pung & Tralie,Pung & Tralie,5,12,60,00-0031939,28483,Matt Jones,RB,WAS,0,0,,-8.24,,,-18.4,-10.2,0,0,
2016,1898878,186637,Pung & Tralie,Pung & Tralie,6,1,61,00-0031299,27570,Jordan Matthews,TE,PHI,0,0,,7.8,,,,,,0,
2016,1898908,186639,Team JoeBa,Team JoeBa,6,2,62,00-0029638,25723,Michael Floyd,WR,ARI,0,0,,-9.21,,,9.7,5.4,0,0,
2016,1898953,186642,LFTLR,LFTLR,6,3,63,00-0019596,5228,Tom Brady,QB,FA,0,0,,-1.95,,,-5.5,-3.1,0.26,0,
2016,1898863,186636,Richie,Richie,6,4,64,00-0031569,28494,Jeremy Langford,RB,CHI,0,0,,-9.11,,,16.9,9.4,0,0,
2016,1898833,186634,GaTTa,GaTTa,6,5,65,00-0029664,26561,Josh Gordon,WR,FA,0,0,,-19.57,,,15.2,8.4,0,0,
2016,1898803,186632,Nolan & Vinny,Nolan & Vinny,6,6,66,00-0022924,6770,Ben Roethlisberger,QB,PIT,0,0,,0,,,-6,-3.3,0.27,0,
2016,1898893,186638,Rob & GregBo,Rob & GregBo,6,7,67,00-0026796,9527,Arian Foster,RB,MIA,0,0,,-13.82,,,9.6,5.3,0,0,
2016,1898788,186631,Ronnie,Ronnie,6,8,68,00-0030821,27874,Allen Hurns,WR,JAX,0,0,,-9.36,,,2.5,1.4,0.67,0,
2016,1898848,186635,Cambrias,Cambrias,6,9,69,00-0022921,6762,Larry Fitzgerald,WR,ARI,0,0,,7.99,,,8.8,4.9,0,0,
2016,1898818,186633,Frank & Julian,Frank & Julian,6,10,70,00-0029697,25744,Coby Fleener,TE,NO,0,0,,-0.58,,,-2.7,-1.5,0.61,0,
2016,1898923,186640,Chris & Dom,Chris & Dom,6,11,71,00-0032144,28403,Melvin Gordon,RB,LAC,0,0,,22.23,,,17.3,9.6,0,0,
2016,1898938,186641,Antdell & Ernie,Antdell & Ernie,6,12,72,00-0032257,28465,Duke Johnson,RB,CLE,0,0,,-1.18,,,5.1,2.8,0.15,0,
2016,1898939,186641,Antdell & Ernie,Antdell & Ernie,7,1,73,00-0029293,25876,Marvin Jones,WR,DET,0,0,,-3.43,,,16.8,9.3,0,0,
2016,1898924,186640,Chris & Dom,Chris & Dom,7,2,74,00-0027685,24057,Emmanuel Sanders,WR,DEN,0,0,,4.54,,,3.4,1.9,0.6,0,
2016,1898819,186633,Frank & Julian,Frank & Julian,7,3,75,00-0026189,8826,DeSean Jackson,WR,WAS,0,0,,-1.82,,,-6.9,-3.8,0.21,0,
2016,1898849,186635,Cambrias,Cambrias,7,4,76,00-0031051,27619,John Brown,WR,ARI,0,0,,-9.02,,,-2.3,-1.3,0.74,0,
2016,1898789,186631,Ronnie,Ronnie,7,5,77,00-0026281,8907,Gary Barnidge,TE,CLE,0,0,,-2.22,,,-2.6,-1.4,0.69,0,
2016,1898894,186638,Rob & GregBo,Rob & GregBo,7,6,78,00-0021547,6663,Antonio Gates,TE,LAC,0,0,,-0.58,,,-23.7,-13.2,0,0,
2016,1898804,186632,Nolan & Vinny,Nolan & Vinny,7,7,79,00-0032104,28442,Ameer Abdullah,RB,DET,0,0,,-12.46,,,-3.1,-1.7,0.6,0,
2016,1898834,186634,GaTTa,GaTTa,7,8,80,00-0030549,26644,Tyler Eifert,TE,FA,0,0,,-3.69,,,-28.4,-15.8,0,0,
2016,1898864,186636,Richie,Richie,7,9,81,00-0032211,28457,Tyler Lockett,WR,SEA,0,0,,-6.67,,,7.6,4.2,0.08,0,
2016,1898954,186642,LFTLR,LFTLR,7,10,82,00-0030061,26658,Zach Ertz,TE,PHI,0,0,,1.83,,,-6.2,-3.4,0.46,0,
2016,1898909,186639,Team JoeBa,Team JoeBa,7,11,83,00-0029269,25810,Travis Benjamin,WR,LAC,0,0,,-5.28,,,-21.2,-11.8,0,0,
2016,1898879,186637,Pung & Tralie,Pung & Tralie,7,12,84,00-0024242,7776,DeAngelo Williams,RB,PIT,0,0,,-7.55,,,14.9,8.3,0,0,
2016,1898880,186637,Pung & Tralie,Pung & Tralie,8,1,85,00-0022942,6763,Philip Rivers,QB,LAC,0,0,,-0.75,,,-11.8,-6.6,0,0,
2016,1898910,186639,Team JoeBa,Team JoeBa,8,2,86,00-0027531,24400,Chris Ivory,RB,FA,0,0,,-5.84,,,1.9,1.1,0.76,0,
2016,1898955,186642,LFTLR,LFTLR,8,3,87,00-0020531,5479,Drew Brees,QB,NO,0,0,,15.81,,,25.9,14.4,0,0,
2016,1898865,186636,Richie,Richie,8,4,88,00-0029604,25812,Kirk Cousins,QB,WAS,0,0,,9.35,,,-21.6,-12,0,0,
2016,1898835,186634,GaTTa,GaTTa,8,5,89,00-0032055,28429,Devin Funchess,TE,CAR,0,0,,-4.66,,,,,,0,
2016,1898805,186632,Nolan & Vinny,Nolan & Vinny,8,6,90,00-0032778,29374,Tajae Sharpe,WR,TEN,0,0,,-8.1,,,-25.1,-13.9,0,0,
2016,1898895,186638,Rob & GregBo,Rob & GregBo,8,7,91,00-0031547,28402,DeVante Parker,WR,FA,0,0,,-4.32,,,-0.7,-0.4,0.92,0,
2016,1898790,186631,Ronnie,Ronnie,8,8,92,00-0032209,28424,T.J. Yeldon,RB,JAX,0,0,,-1.72,,,-1.7,-0.9,0.8,0,
2016,1898850,186635,Cambrias,Cambrias,8,9,93,00-0022803,6760,Eli Manning,QB,NYG,0,0,,-3.13,,,-0.3,-0.2,0.97,0,
2016,1898820,186633,Frank & Julian,Frank & Julian,8,10,94,DEF-0010,100007,Denver Broncos,DEF,DEN,0,0,,7.54,,,-9.5,-5.3,0.29,0,
2016,1898925,186640,Chris & Dom,Chris & Dom,8,11,95,00-0021429,6337,Carson Palmer,QB,ARI,0,0,,-2.58,,,11.2,6.2,0,0,
2016,1898940,186641,Antdell & Ernie,Antdell & Ernie,8,12,96,00-0026986,9274,Michael Crabtree,WR,LV,0,0,,9.08,,,17.4,9.7,0,0,
2016,1898941,186641,Antdell & Ernie,Antdell & Ernie,9,1,97,00-0032385,29274,Sterling Shepard,WR,NYG,0,0,,-1.33,,,12.3,6.8,0,0,
2016,1898926,186640,Chris & Dom,Chris & Dom,9,2,98,DEF-0029,100026,Seattle Seahawks,DEF,SEA,0,0,,-0.09,,,-16.1,-8.9,0,0,
2016,1898821,186633,Frank & Julian,Frank & Julian,9,3,99,00-0028497,25379,Kamar Aiken,WR,BAL,0,0,,-11.33,,,-6.8,-3.8,0.22,0,
2016,1898851,186635,Cambrias,Cambrias,9,4,100,00-0030460,26702,Markus Wheaton,WR,FA,0,0,,-15.26,,,-22.3,-12.4,0,0,
2016,1898791,186631,Ronnie,Ronnie,9,5,101,00-0032765,29281,Michael Thomas,WR,NO,0,0,,8.68,,,-17.7,-9.8,0,0,
2016,1898896,186638,Rob & GregBo,Rob & GregBo,9,6,102,00-0028118,24967,Tyrod Taylor,QB,BUF,0,0,,4.99,,,-12.3,-6.8,0,0,
2016,1898806,186632,Nolan & Vinny,Nolan & Vinny,9,7,103,DEF-0013,100034,Houston Texans,DEF,HOU,0,0,,-2.19,,,,,,0,
2016,1898836,186634,GaTTa,GaTTa,9,8,104,00-0033127,29255,Will Fuller,WR,HOU,0,0,,-5.75,,,-26.4,-14.7,0,0,
2016,1898866,186636,Richie,Richie,9,9,105,00-0029632,25793,Mohamed Sanu,WR,ATL,0,0,,-4.86,,,-29.1,-16.2,0,0,
2016,1898956,186642,LFTLR,LFTLR,9,10,106,00-0023564,7306,Darren Sproles,RB,PHI,0,0,,0,,,-10.8,-6,0.04,0,
2016,1898911,186639,Team JoeBa,Team JoeBa,9,11,107,00-0031407,27531,Blake Bortles,QB,JAX,0,0,,1.56,,,20.9,11.6,0,0,
2016,1898881,186637,Pung & Tralie,Pung & Tralie,9,12,108,00-0031545,28395,Kevin White,WR,CHI,0,0,,-12.79,,,10.3,5.7,0,0,
2016,1898882,186637,Pung & Tralie,Pung & Tralie,10,1,109,00-0029689,25774,Dwayne Allen,TE,IND,0,0,,-3.02,,,-22.2,-12.3,0,0,
2016,1898912,186639,Team JoeBa,Team JoeBa,10,2,110,DEF-0005,100029,Carolina Panthers,DEF,CAR,0,0,,1.09,,,-13.6,-7.6,0,0,
2016,1898957,186642,LFTLR,LFTLR,10,3,111,00-0032940,29377,DeAndre Washington,RB,LV,0,0,,-6.37,,,-15.2,-8.4,0,0,
2016,1898867,186636,Richie,Richie,10,4,112,00-0030432,26685,Christine Michael,RB,SEA,0,0,,-1.87,,,12.4,6.9,0,0,
2016,1898837,186634,GaTTa,GaTTa,10,5,113,00-0026201,8838,Martellus Bennett,TE,NE,0,0,,4.77,,,-4.3,-2.4,0.72,0,
2016,1898807,186632,Nolan & Vinny,Nolan & Vinny,10,6,114,00-0032764,29279,Derrick Henry,RB,TEN,0,0,,-5.19,,,35.5,19.7,0,0,
2016,1898897,186638,Rob & GregBo,Rob & GregBo,10,7,115,00-0027996,24845,Torrey Smith,WR,SF,0,0,,-10.08,,,-12.3,-6.8,0.08,0,
2016,1898792,186631,Ronnie,Ronnie,10,8,116,00-0033009,29288,Tyler Boyd,WR,CIN,0,0,,-5.98,,,-21.6,-12,0,0,
2016,1898852,186635,Cambrias,Cambrias,10,9,117,00-0027155,9514,Rashad Jennings,RB,NYG,0,0,,-2.4,,,42.1,23.4,0,0,
2016,1898822,186633,Frank & Julian,Frank & Julian,10,10,118,00-0026373,9010,Justin Forsett,RB,BAL,0,0,,-8.03,,,27.3,15.2,0,0,
2016,1898927,186640,Chris & Dom,Chris & Dom,10,11,119,00-0023500,7241,Frank Gore,RB,IND,0,0,,13.54,,,,,,0,
2016,1898942,186641,Antdell & Ernie,Antdell & Ernie,10,12,120,00-0028067,24916,Julius Thomas,TE,JAX,0,0,,-3.93,,,22,12.2,0,0,
2016,1898943,186641,Antdell & Ernie,Antdell & Ernie,11,1,121,DEF-0001,100022,Arizona Cardinals,DEF,ARI,0,0,,3.35,,,11.1,6.2,0,0,
2016,1898928,186640,Chris & Dom,Chris & Dom,11,2,122,00-0031590,28537,Jay Ajayi,RB,FA,0,0,,13.43,,,10.7,5.9,0,0,
2016,1898823,186633,Frank & Julian,Frank & Julian,11,3,123,00-0027061,9353,Jared Cook,TE,GB,0,0,,-5.52,,,-14,-7.8,0.26,0,
2016,1898853,186635,Cambrias,Cambrias,11,4,124,00-0027973,24822,Andy Dalton,QB,CIN,0,0,,-0.29,,,-8.7,-4.8,0.22,0,
2016,1898793,186631,Ronnie,Ronnie,11,5,125,DEF-0007,100004,Cincinnati Bengals,DEF,CIN,0,0,,-1.94,,,-35.9,-19.9,0,0,
2016,1898898,186638,Rob & GregBo,Rob & GregBo,11,6,126,DEF-0026,100021,Philadelphia Eagles,DEF,PHI,0,0,,2.26,,,-39.4,-21.9,0,0,
2016,1898808,186632,Nolan & Vinny,Nolan & Vinny,11,7,127,00-0025944,9066,Steven Hauschka,K,SEA,0,0,,-0.11,,,-25.1,-13.9,0,0,
2016,1898838,186634,GaTTa,GaTTa,11,8,128,00-0020337,5521,Steve Smith,WR,BAL,0,0,,-0.94,,,3.4,1.9,0.74,0,
2016,1898868,186636,Richie,Richie,11,9,129,DEF-0016,100012,Kansas City Chiefs,DEF,KC,0,0,,10.23,,,-4.4,-2.4,0.51,0,
2016,1898958,186642,LFTLR,LFTLR,11,10,130,00-0030663,28026,Willie Snead,WR,NO,0,0,,-0.83,,,37.9,21.1,0,0,
2016,1898913,186639,Team JoeBa,Team JoeBa,11,11,131,00-0027696,24070,Jimmy Graham,TE,SEA,0,0,,11.85,,,-13.3,-7.4,0.25,0,
2016,1898883,186637,Pung & Tralie,Pung & Tralie,11,12,132,00-0030525,26631,Tavon Austin,WR,LAR,0,0,,-3.17,,,22.2,12.3,0,0,
2016,1898884,186637,Pung & Tralie,Pung & Tralie,12,1,133,00-0031280,27564,Derek Carr,QB,LV,0,0,,4.68,,,29.5,16.4,0,0,
2016,1898914,186639,Team JoeBa,Team JoeBa,12,2,134,00-0029665,25712,Robert Griffin III,QB,CLE,0,0,,-13.32,,,,,,0,
2016,1898959,186642,LFTLR,LFTLR,12,3,135,DEF-0012,100009,Green Bay Packers,DEF,GB,0,0,,-0.78,,,-32.1,-17.8,0,0,
2016,1898869,186636,Richie,Richie,12,4,136,00-0031376,27624,Jerick McKinnon,RB,MIN,0,0,,-2.22,,,-12.8,-7.1,0.09,0,
2016,1898839,186634,GaTTa,GaTTa,12,5,137,00-0032218,28428,Dorial Green-Beckham,WR,PHI,0,0,,-6.95,,,-22.3,-12.4,0,0,
2016,1898809,186632,Nolan & Vinny,Nolan & Vinny,12,6,138,00-0026901,9348,Mike Wallace,WR,BAL,0,0,,0.75,,,-15.2,-8.4,0,0,
2016,1898899,186638,Rob & GregBo,Rob & GregBo,12,7,139,00-0022127,6405,Jason Witten,TE,DAL,0,0,,4.32,,,-12.2,-6.8,0.43,0,
2016,1898794,186631,Ronnie,Ronnie,12,8,140,00-0024333,7867,Stephen Gostkowski,K,NE,0,0,,0.99,,,-2.6,-1.4,0.84,0,
2016,1898854,186635,Cambrias,Cambrias,12,9,141,DEF-0021,100016,Minnesota Vikings,DEF,MIN,0,0,,2.62,,,,,,0,
2016,1898824,186633,Frank & Julian,Frank & Julian,12,10,142,00-0029597,26534,Justin Tucker,K,BAL,0,0,,12.96,,,-16.8,-9.3,0,0,
2016,1898929,186640,Chris & Dom,Chris & Dom,12,11,143,00-0028660,25427,Dan Bailey,K,DAL,0,0,,1.58,,,-19,-10.6,0,0,
2016,1898944,186641,Antdell & Ernie,Antdell & Ernie,12,12,144,00-0025580,8447,Mason Crosby,K,GB,0,0,,-0.27,,,-25.9,-14.4,0,0,
2016,1898945,186641,Antdell & Ernie,Antdell & Ernie,13,1,145,00-0032966,29249,Corey Coleman,WR,CLE,0,0,,-6.25,,,32.8,18.2,0,0,
2016,1898930,186640,Chris & Dom,Chris & Dom,13,2,146,00-0031387,27538,Eric Ebron,TE,DET,0,0,,-0.3,,,,,,0,
2016,1898825,186633,Frank & Julian,Frank & Julian,13,3,147,00-0033077,29369,Dak Prescott,QB,DAL,0,0,,9.82,,,2.2,1.2,0.88,0,
2016,1898855,186635,Cambrias,Cambrias,13,4,148,00-0027125,9444,Zach Miller,TE,CHI,0,0,,-1.02,,,,,,0,
2016,1898795,186631,Ronnie,Ronnie,13,5,149,00-0026143,8780,Matt Ryan,QB,ATL,0,0,,19.48,,,2.5,1.4,0.8,0,
2016,1898900,186638,Rob & GregBo,Rob & GregBo,13,6,150,00-0030896,28103,Chandler Catanzaro,K,ARI,0,0,,-1.24,,,-13.4,-7.4,0,0,
2016,1898810,186632,Nolan & Vinny,Nolan & Vinny,13,7,151,00-0027791,24169,James Starks,RB,GB,0,0,,-5.09,,,-3.9,-2.2,0.74,0,
2016,1898840,186634,GaTTa,GaTTa,13,8,152,00-0031062,27658,James White,RB,NE,0,0,,-0.16,,,61.1,33.9,0,0,
2016,1898870,186636,Richie,Richie,13,9,153,00-0016919,3727,Adam Vinatieri,K,IND,0,0,,4.59,,,-17.5,-9.7,0,0,
2016,1898960,186642,LFTLR,LFTLR,13,10,154,00-0028237,25178,Chris Hogan,WR,NE,0,0,,-3.41,,,11.4,6.3,0,0,
2016,1898915,186639,Team JoeBa,Team JoeBa,13,11,155,00-0032972,29370,Devontae Booker,RB,DEN,0,0,,-1.84,,,14.1,7.8,0,0,
2016,1898885,186637,Pung & Tralie,Pung & Tralie,13,12,156,00-0029275,25820,Ladarius Green,TE,FA,0,0,,-3.87,,,,,,0,
2016,1898886,186637,Pung & Tralie,Pung & Tralie,14,1,157,00-0031203,28227,Cairo Santos,K,KC,0,0,,-0.03,,,-16.4,-9.1,0,0,
2016,1898916,186639,Team JoeBa,Team JoeBa,14,2,158,00-0026858,9526,Graham Gano,K,CAR,0,0,,2.52,,,-2.6,-1.4,0.75,0,
2016,1898961,186642,LFTLR,LFTLR,14,3,159,00-0023096,7505,Nick Novak,K,HOU,0,0,,2.83,,,,,,0,
2016,1898871,186636,Richie,Richie,14,4,160,00-0031503,28389,Jameis Winston,QB,TB,0,0,,-0.2,,,36.6,20.3,0,0,
2016,1898841,186634,GaTTa,GaTTa,14,5,161,00-0023496,7237,Vincent Jackson,WR,TB,0,0,,-6.49,,,41.1,22.8,0,0,
2016,1898811,186632,Nolan & Vinny,Nolan & Vinny,14,6,162,00-0031390,27597,Charles Sims,RB,TB,0,0,,-3.28,,,74.8,41.6,0,0,
2016,1898901,186638,Rob & GregBo,Rob & GregBo,14,7,163,00-0029701,25718,Ryan Tannehill,QB,MIA,0,0,,-2.3,,,5.6,3.1,0.57,0,
2016,1898796,186631,Ronnie,Ronnie,14,8,164,00-0032400,29346,Malcolm Mitchell,WR,NE,0,0,,-3.49,,,,,,0,
2016,1898856,186635,Cambrias,Cambrias,14,9,165,00-0032256,28456,Clive Walford,TE,LV,0,0,,-1.85,,,,,,0,
2016,1898826,186633,Frank & Julian,Frank & Julian,14,10,166,00-0028825,25681,Terrelle Pryor,WR,CLE,0,0,,1.26,,,8.3,4.6,0.56,0,
2016,1898931,186640,Chris & Dom,Chris & Dom,14,11,167,00-0032166,28475,Sammie Coates,WR,PIT,0,0,,-3.59,,,10.9,6.1,0.19,0,
2016,1898946,186641,Antdell & Ernie,Antdell & Ernie,14,12,168,00-0026498,9265,Matthew Stafford,QB,DET,0,0,,2.67,,,49.4,27.4,0,0,
2016,1898947,186641,Antdell & Ernie,Antdell & Ernie,15,1,169,00-0030107,26822,Theo Riddick,RB,DET,0,0,,1.19,,,69.2,38.4,0,0,
2016,1898932,186640,Chris & Dom,Chris & Dom,15,2,170,00-0028064,24913,Bilal Powell,RB,NYJ,0,0,,5.64,,,64.1,35.6,0,0,
2016,1898827,186633,Frank & Julian,Frank & Julian,15,3,171,DEF-0022,100017,New England Patriots,DEF,NE,0,0,,3.99,,,18.8,10.4,0,0,
2016,1898857,186635,Cambrias,Cambrias,15,4,172,00-0021940,6558,Josh Brown,K,LAR,0,0,,-1.73,,,,,,0,
2016,1898797,186631,Ronnie,Ronnie,15,5,173,00-0029141,25883,Alfred Morris,RB,DAL,0,0,,-2.31,,,42.8,23.8,0,0,
2016,1898902,186638,Rob & GregBo,Rob & GregBo,15,6,174,00-0032058,28461,Tevin Coleman,RB,ATL,0,0,,5.64,,,54.5,30.3,0,0,
2016,1898812,186632,Nolan & Vinny,Nolan & Vinny,15,7,175,00-0031381,27581,Davante Adams,WR,GB,0,0,,9.48,,,,,,0,
2016,1898842,186634,GaTTa,GaTTa,15,8,176,DEF-0017,100013,Las Vegas Raiders,DEF,LV,0,0,,-0.18,,,11.3,6.3,0,0,
2016,1898872,186636,Richie,Richie,15,9,177,00-0026345,8982,Pierre Garcon,WR,WAS,0,0,,-0.06,,,,,,0,
2016,1898962,186642,LFTLR,LFTLR,15,10,178,00-0028040,24889,Jordan Cameron,TE,MIA,0,0,,-0.63,,,,,,0,
2016,1898917,186639,Team JoeBa,Team JoeBa,15,11,179,00-0032208,28417,Phillip Dorsett,WR,IND,0,0,,-0.23,,,30.1,16.7,0,0,
2016,1898887,186637,Pung & Tralie,Pung & Tralie,15,12,180,DEF-0004,100002,Buffalo Bills,DEF,BUF,0,0,,-0,,,,,,0,
2017,1898768,186630,LFTLR,LFTLR,1,1,1,00-0032187,28474,David Johnson,RB,ARI,0,0,,-16.52,,,-0.3,-0.2,0.5,0,
2017,1898678,186624,Cambrias,Cambrias,1,2,2,00-0030496,26671,Le'Veon Bell,RB,PIT,0,0,,21.01,,,-0.3,-0.2,0.63,0,
2017,1898693,186625,Pung & Tralie,Pung & Tralie,1,3,3,00-0027793,24171,Antonio Brown,WR,PIT,0,0,,15.99,,,-0.7,-0.4,0.3,0,
2017,1898753,186629,Antdell & Ernie,Antdell & Ernie,1,4,4,00-0027944,24793,Julio Jones,WR,ATL,0,0,,8.18,,,-1.7,-0.9,0.47,0,
2017,1898603,186619,Richie,Richie,1,5,5,00-0026176,8813,Jordy Nelson,WR,GB,0,0,,-3.81,,,-6.4,-3.6,0,0,
2017,1898723,186627,Team JoeBa,Team JoeBa,1,6,6,00-0031408,27535,Mike Evans,WR,TB,0,0,,2.7,,,-1.9,-1.1,0.14,0,
2017,1898663,186623,Phil Baldino,Phil Baldino,1,7,7,00-0031235,27540,Odell Beckham,WR,MIA,0,0,,-11.51,,,0.6,0.3,0.63,0,
2017,1898738,186628,Chris & Dom,Chris & Dom,1,8,8,00-0027942,24791,A.J. Green,WR,CIN,0,0,,7.14,,,-2,-1.1,0.09,0,
2017,1898618,186620,Ronnie,Ronnie,1,9,9,00-0027029,9317,LeSean McCoy,RB,BUF,0,0,,14.76,,,1.2,0.7,0.4,0,
2017,1898633,186621,Nolan & Vinny,Nolan & Vinny,1,10,10,00-0031285,27631,Devonta Freeman,RB,ATL,0,0,,3.45,,,3,1.7,0,0,
2017,1898648,186622,Frank & Julian,Frank & Julian,1,11,11,00-0027902,23999,Dez Bryant,WR,DAL,0,0,,1.68,,,-9.5,-5.3,0,0,
2017,1898708,186626,Rob & GregBo,Rob & GregBo,1,12,12,00-0032765,29281,Michael Thomas,WR,NO,0,0,,11.09,,,-1.3,-0.7,0.41,0,
2017,1898709,186626,Rob & GregBo,Rob & GregBo,2,1,13,00-0032144,28403,Melvin Gordon,RB,LAC,0,0,,17.58,,,2.9,1.6,0,0,
2017,1898649,186622,Frank & Julian,Frank & Julian,2,2,14,00-0028434,25105,Doug Baldwin,WR,SEA,0,0,,4.56,,,-8.4,-4.7,0,0,
2017,1898634,186621,Nolan & Vinny,Nolan & Vinny,2,3,15,00-0031544,28392,Amari Cooper,WR,LV,0,0,,-3.53,,,-6.3,-3.5,0,0,
2017,1898619,186620,Ronnie,Ronnie,2,4,16,00-0031236,27548,Brandin Cooks,WR,NE,0,0,,4.9,,,-1.1,-0.6,0.66,0,
2017,1898739,186628,Chris & Dom,Chris & Dom,2,5,17,00-0033045,29238,Ezekiel Elliott,RB,DAL,0,0,,5.15,,,10.8,6,0,0,
2017,1898664,186623,Phil Baldino,Phil Baldino,2,6,18,00-0032241,28398,Todd Gurley,RB,LAR,0,0,,37.82,,,-1.4,-0.8,0.52,0,
2017,1898724,186627,Team JoeBa,Team JoeBa,2,7,19,00-0028009,24858,DeMarco Murray,RB,TEN,0,0,,3.4,,,3.8,2.1,0,0,
2017,1898604,186619,Richie,Richie,2,8,20,00-0031590,28537,Jay Ajayi,RB,FA,0,0,,-1.8,,,6.2,3.4,0,0,
2017,1898754,186629,Antdell & Ernie,Antdell & Ernie,2,9,21,00-0032780,29384,Jordan Howard,RB,CHI,0,0,,7.68,,,4.2,2.3,0,0,
2017,1898694,186625,Pung & Tralie,Pung & Tralie,2,10,22,00-0023459,7200,Aaron Rodgers,QB,GB,0,0,,-13,,,-1.4,-0.8,0.77,0,
2017,1898679,186624,Cambrias,Cambrias,2,11,23,00-0027656,24017,Rob Gronkowski,TE,NE,0,0,,17.36,,,4.9,2.7,0,0,
2017,1898769,186630,LFTLR,LFTLR,2,12,24,00-0030564,26650,DeAndre Hopkins,WR,HOU,0,0,,24.7,,,-7.7,-4.3,0,0,
2017,1898770,186630,LFTLR,LFTLR,3,1,25,00-0019596,5228,Tom Brady,QB,NE,0,0,,6.53,,,-4.6,-2.6,0.21,0,
2017,1898680,186624,Cambrias,Cambrias,3,2,26,00-0029608,25802,T.Y. Hilton,WR,IND,0,0,,0.16,,,-2.8,-1.6,0.22,0,
2017,1898695,186625,Pung & Tralie,Pung & Tralie,3,3,27,00-0033856,30117,Leonard Fournette,RB,JAX,0,0,,11.01,,,0,0,1,0,
2017,1898755,186629,Antdell & Ernie,Antdell & Ernie,3,4,28,00-0030506,26686,Travis Kelce,TE,KC,0,0,,19.46,,,-10.9,-6.1,0,0,
2017,1898605,186619,Richie,Richie,3,5,29,00-0029615,25807,Lamar Miller,RB,HOU,0,0,,7.02,,,-6.2,-3.4,0,0,
2017,1898725,186627,Team JoeBa,Team JoeBa,3,6,30,00-0026143,8780,Matt Ryan,QB,ATL,0,0,,-3.74,,,-26.4,-14.7,0,0,
2017,1898665,186623,Phil Baldino,Phil Baldino,3,7,31,00-0027874,23997,Demaryius Thomas,WR,DEN,0,0,,3.37,,,-3.5,-1.9,0.13,0,
2017,1898740,186628,Chris & Dom,Chris & Dom,3,8,32,00-0028825,25681,Terrelle Pryor,WR,WAS,0,0,,-13.5,,,1.8,1,0.6,0,
2017,1898620,186620,Ronnie,Ronnie,3,9,33,00-0033280,30121,Christian McCaffrey,RB,CAR,0,0,,13.31,,,10.1,5.6,0,0,
2017,1898635,186621,Nolan & Vinny,Nolan & Vinny,3,10,34,00-0029137,25755,Alshon Jeffery,WR,PHI,0,0,,4.6,,,-5.1,-2.8,0,0,
2017,1898650,186622,Frank & Julian,Frank & Julian,3,11,35,00-0033893,30154,Dalvin Cook,RB,MIN,0,0,,-9.43,,,7.5,4.2,0,0,
2017,1898710,186626,Rob & GregBo,Rob & GregBo,3,12,36,00-0031045,27585,Carlos Hyde,RB,SF,0,0,,12.23,,,0.8,0.4,0.82,0,
2017,1898711,186626,Rob & GregBo,Rob & GregBo,4,1,37,00-0020531,5479,Drew Brees,QB,NO,0,0,,1.22,,,-4.7,-2.6,0.46,0,
2017,1898651,186622,Frank & Julian,Frank & Julian,4,2,38,00-0033923,30199,Kareem Hunt,RB,KC,0,0,,26.95,,,19.3,10.7,0,0,
2017,1898636,186621,Nolan & Vinny,Nolan & Vinny,4,3,39,00-0032200,28482,Ty Montgomery,RB,GB,0,0,,-6.57,,,6.4,3.6,0,0,
2017,1898621,186620,Ronnie,Ronnie,4,4,40,00-0030279,26699,Keenan Allen,WR,LAC,0,0,,16.95,,,14.2,7.9,0,0,
2017,1898741,186628,Chris & Dom,Chris & Dom,4,5,41,00-0030656,28014,Isaiah Crowell,RB,CLE,0,0,,-0.69,,,11.2,6.2,0,0,
2017,1898666,186623,Phil Baldino,Phil Baldino,4,6,42,00-0025399,8266,Marshawn Lynch,RB,LV,0,0,,-0.05,,,5.6,3.1,0.07,0,
2017,1898726,186627,Team JoeBa,Team JoeBa,4,7,43,00-0026986,9274,Michael Crabtree,WR,LV,0,0,,-0.13,,,-0.7,-0.4,0.85,0,
2017,1898606,186619,Richie,Richie,4,8,44,00-0027891,24035,Golden Tate,WR,DET,0,0,,6.21,,,-3.8,-2.1,0.31,0,
2017,1898756,186629,Antdell & Ernie,Antdell & Ernie,4,9,45,00-0029263,25785,Russell Wilson,QB,SEA,0,0,,18.69,,,-19.3,-10.7,0,0,
2017,1898696,186625,Pung & Tralie,Pung & Tralie,4,10,46,00-0032104,28442,Ameer Abdullah,RB,DET,0,0,,-3.88,,,-7,-3.9,0,0,
2017,1898681,186624,Cambrias,Cambrias,4,11,47,00-0033897,30161,Joe Mixon,RB,CIN,0,0,,-1.89,,,4.5,2.5,0.08,0,
2017,1898771,186630,LFTLR,LFTLR,4,12,48,00-0031359,27556,Kelvin Benjamin,TE,CAR,0,0,,-0.07,,,,,,0,
2017,1898772,186630,LFTLR,LFTLR,5,1,49,00-0031325,27532,Sammy Watkins,WR,LAR,0,0,,-2.65,,,-21,-11.7,0,0,
2017,1898682,186624,Cambrias,Cambrias,5,2,50,00-0022921,6762,Larry Fitzgerald,WR,ARI,0,0,,16.59,,,1.6,0.9,0.69,0,
2017,1898697,186625,Pung & Tralie,Pung & Tralie,5,3,51,00-0025418,8285,Greg Olsen,TE,CAR,0,0,,-9.27,,,-0.5,-0.3,0.91,0,
2017,1898757,186629,Antdell & Ernie,Antdell & Ernie,5,4,52,00-0031381,27581,Davante Adams,WR,GB,0,0,,11.21,,,7.1,3.9,0,0,
2017,1898607,186619,Richie,Richie,5,5,53,00-0031588,28534,Stefon Diggs,WR,MIN,0,0,,2.47,,,-1.8,-1,0.69,0,
2017,1898727,186627,Team JoeBa,Team JoeBa,5,6,54,00-0029854,26878,C.J. Anderson,RB,DEN,0,0,,3.81,,,2.6,1.4,0.57,0,
2017,1898667,186623,Phil Baldino,Phil Baldino,5,7,55,00-0027696,24070,Jimmy Graham,TE,SEA,0,0,,8.1,,,-2.6,-1.4,0.49,0,
2017,1898742,186628,Chris & Dom,Chris & Dom,5,8,56,00-0031428,27589,Allen Robinson,WR,JAX,0,0,,-17.47,,,-1,-0.6,0.84,0,
2017,1898622,186620,Ronnie,Ronnie,5,9,57,00-0026995,9283,Jeremy Maclin,WR,BAL,0,0,,-7.16,,,-26.4,-14.7,0,0,
2017,1898637,186621,Nolan & Vinny,Nolan & Vinny,5,10,58,00-0030472,26708,Jordan Reed,TE,WAS,0,0,,-6.79,,,3.9,2.2,0.33,0,
2017,1898652,186622,Frank & Julian,Frank & Julian,5,11,59,00-0031373,27646,Martavis Bryant,WR,PIT,0,0,,-5.16,,,18.1,10.1,0,0,
2017,1898712,186626,Rob & GregBo,Rob & GregBo,5,12,60,00-0031547,28402,DeVante Parker,WR,FA,0,0,,-5.39,,,8.1,4.5,0,0,
2017,1898713,186626,Rob & GregBo,Rob & GregBo,6,1,61,00-0031941,28493,Jamison Crowder,WR,WAS,0,0,,-0.96,,,-0.2,-0.1,0.96,0,
2017,1898653,186622,Frank & Julian,Frank & Julian,6,2,62,00-0033040,29399,Tyreek Hill,WR,KC,0,0,,17.27,,,16.5,9.2,0,0,
2017,1898638,186621,Nolan & Vinny,Nolan & Vinny,6,3,63,00-0031382,27591,Jarvis Landry,WR,FA,0,0,,16.33,,,-1,-0.6,0.85,0,
2017,1898623,186620,Ronnie,Ronnie,6,4,64,00-0032966,29249,Corey Coleman,WR,CLE,0,0,,-10.85,,,-32.4,-18,0,0,
2017,1898743,186628,Chris & Dom,Chris & Dom,6,5,65,00-0026144,8781,Darren McFadden,RB,FA,0,0,,-15.27,,,-10.3,-5.7,0,0,
2017,1898668,186623,Phil Baldino,Phil Baldino,6,6,66,00-0032417,29383,Paul Perkins,RB,NYG,0,0,,-13.31,,,-17.4,-9.7,0,0,
2017,1898728,186627,Team JoeBa,Team JoeBa,6,7,67,00-0030549,26644,Tyler Eifert,TE,CIN,0,0,,-11.91,,,-3.4,-1.9,0.55,0,
2017,1898608,186619,Richie,Richie,6,8,68,00-0030663,28026,Willie Snead,WR,MIA,0,0,,-15.21,,,-15.8,-8.8,0,0,
2017,1898758,186629,Antdell & Ernie,Antdell & Ernie,6,9,69,00-0027966,24815,Mark Ingram,RB,NO,0,0,,27.78,,,11.4,6.3,0,0,
2017,1898698,186625,Pung & Tralie,Pung & Tralie,6,10,70,00-0024334,7868,Brandon Marshall,WR,NYG,0,0,,-13.5,,,4.8,2.7,0.19,0,
2017,1898683,186624,Cambrias,Cambrias,6,11,71,00-0026345,8982,Pierre Garcon,WR,SF,0,0,,-7.98,,,4.6,2.6,0.25,0,
2017,1898773,186630,LFTLR,LFTLR,6,12,72,00-0030433,26787,Mike Gillislee,RB,NE,0,0,,-8.12,,,6.7,3.7,0.07,0,
2017,1898774,186630,LFTLR,LFTLR,7,1,73,00-0026189,8826,DeSean Jackson,WR,FA,0,0,,-3.19,,,-17.4,-9.7,0,0,
2017,1898684,186624,Cambrias,Cambrias,7,2,74,00-0029613,25741,Doug Martin,RB,FA,0,0,,-7.33,,,25,13.9,0,0,
2017,1898699,186625,Pung & Tralie,Pung & Tralie,7,3,75,00-0028237,25178,Chris Hogan,WR,NE,0,0,,-5.87,,,-1.5,-0.8,0.8,0,
2017,1898759,186629,Antdell & Ernie,Antdell & Ernie,7,4,76,00-0028064,24913,Bilal Powell,RB,NYJ,0,0,,-1.08,,,27.4,15.2,0,0,
2017,1898609,186619,Richie,Richie,7,5,77,00-0026019,9560,Danny Woodhead,RB,BAL,0,0,,-9.31,,,15.3,8.5,0,0,
2017,1898729,186627,Team JoeBa,Team JoeBa,7,6,78,00-0029293,25876,Marvin Jones,WR,DET,0,0,,8.8,,,-28.3,-15.7,0,0,
2017,1898669,186623,Phil Baldino,Phil Baldino,7,7,79,00-0031339,27618,Donte Moncrief,WR,IND,0,0,,-8.77,,,-26.7,-14.8,0,0,
2017,1898744,186628,Chris & Dom,Chris & Dom,7,8,80,00-0029604,25812,Kirk Cousins,QB,WAS,0,0,,6.87,,,-6.3,-3.5,0.28,0,
2017,1898624,186620,Ronnie,Ronnie,7,9,81,00-0031503,28389,Jameis Winston,QB,CLE,0,0,,-5.98,,,-1.4,-0.8,0.82,0,
2017,1898639,186621,Nolan & Vinny,Nolan & Vinny,7,10,82,00-0032268,28390,Marcus Mariota,QB,TEN,0,0,,-4.16,,,5.2,2.9,0.25,0,
2017,1898654,186622,Frank & Julian,Frank & Julian,7,11,83,00-0024389,7924,Delanie Walker,TE,TEN,0,0,,11.42,,,3.1,1.7,0.68,0,
2017,1898714,186626,Rob & GregBo,Rob & GregBo,7,12,84,00-0026201,8838,Martellus Bennett,TE,GB,0,0,,-6.46,,,-3.6,-2,0.7,0,
2017,1898715,186626,Rob & GregBo,Rob & GregBo,8,1,85,00-0023564,7306,Darren Sproles,RB,PHI,0,0,,-12.12,,,-31.3,-17.4,0,0,
2017,1898655,186622,Frank & Julian,Frank & Julian,8,2,86,00-0022924,6770,Ben Roethlisberger,QB,PIT,0,0,,4.39,,,-15,-8.3,0,0,
2017,1898640,186621,Nolan & Vinny,Nolan & Vinny,8,3,87,00-0027685,24057,Emmanuel Sanders,WR,DEN,0,0,,-5.03,,,13.1,7.3,0,0,
2017,1898625,186620,Ronnie,Ronnie,8,4,88,00-0033090,29269,Hunter Henry,TE,NE,0,0,,-0.11,,,-18.1,-10.1,0,0,
2017,1898745,186628,Chris & Dom,Chris & Dom,8,5,89,00-0030035,27277,Adam Thielen,WR,MIN,0,0,,14.67,,,-9.6,-5.3,0,0,
2017,1898670,186623,Phil Baldino,Phil Baldino,8,6,90,00-0029668,25711,Andrew Luck,QB,FA,0,0,,-22.01,,,-10.3,-5.7,0,0,
2017,1898730,186627,Team JoeBa,Team JoeBa,8,7,91,00-0032058,28461,Tevin Coleman,RB,ATL,0,0,,2.89,,,17.8,9.9,0,0,
2017,1898610,186619,Richie,Richie,8,8,92,00-0023500,7241,Frank Gore,RB,IND,0,0,,1.99,,,,,,0,
2017,1898760,186629,Antdell & Ernie,Antdell & Ernie,8,9,93,00-0030107,26822,Theo Riddick,RB,DET,0,0,,0,,,10,5.6,0,0,
2017,1898700,186625,Pung & Tralie,Pung & Tralie,8,10,94,00-0025394,8261,Adrian Peterson,RB,NO,0,0,,-6.37,,,,,,0,
2017,1898685,186624,Cambrias,Cambrias,8,11,95,00-0032371,29694,Rob Kelley,RB,WAS,0,0,,-9.58,,,28,15.6,0,0,
2017,1898775,186630,LFTLR,LFTLR,8,12,96,00-0033879,30132,O.J. Howard,TE,FA,0,0,,-2.27,,,-56.7,-31.5,0,0,
2017,1898776,186630,LFTLR,LFTLR,9,1,97,00-0030061,26658,Zach Ertz,TE,PHI,0,0,,18.86,,,24.2,13.4,0,0,
2017,1898686,186624,Cambrias,Cambrias,9,2,98,00-0022942,6763,Philip Rivers,QB,LAC,0,0,,0,,,-10.7,-5.9,0,0,
2017,1898701,186625,Pung & Tralie,Pung & Tralie,9,3,99,00-0028002,24851,Randall Cobb,WR,GB,0,0,,-2.43,,,6.8,3.8,0.33,0,
2017,1898761,186629,Antdell & Ernie,Antdell & Ernie,9,4,100,DEF-0010,100007,Denver Broncos,DEF,DEN,0,0,,-1.2,,,-5.5,-3.1,0.44,0,
2017,1898611,186619,Richie,Richie,9,5,101,00-0027981,24830,Kyle Rudolph,TE,MIN,0,0,,8.44,,,17.4,9.7,0,0,
2017,1898731,186627,Team JoeBa,Team JoeBa,9,6,102,00-0029580,25937,Rishard Matthews,WR,TEN,0,0,,-1.26,,,-14,-7.8,0,0,
2017,1898671,186623,Phil Baldino,Phil Baldino,9,7,103,00-0027690,24062,Eric Decker,WR,TEN,0,0,,-5.04,,,14.3,7.9,0,0,
2017,1898746,186628,Chris & Dom,Chris & Dom,9,8,104,00-0031062,27658,James White,RB,NE,0,0,,-1.41,,,1.3,0.7,0.84,0,
2017,1898626,186620,Ronnie,Ronnie,9,9,105,00-0032764,29279,Derrick Henry,RB,TEN,0,0,,-2.96,,,27.1,15.1,0,0,
2017,1898641,186621,Nolan & Vinny,Nolan & Vinny,9,10,106,DEF-0016,100012,Kansas City Chiefs,DEF,KC,0,0,,-0.66,,,-17.9,-9.9,0,0,
2017,1898656,186622,Frank & Julian,Frank & Julian,9,11,107,00-0030485,26684,Eddie Lacy,RB,SEA,0,0,,-10.14,,,0.4,0.2,0.96,0,
2017,1898716,186626,Rob & GregBo,Rob & GregBo,9,12,108,00-0032160,28691,Tyrell Williams,WR,LAC,0,0,,-3.86,,,13,7.2,0,0,
2017,1898717,186626,Rob & GregBo,Rob & GregBo,10,1,109,00-0031299,27570,Jordan Matthews,TE,BUF,0,0,,-5.6,,,,,,0,
2017,1898657,186622,Frank & Julian,Frank & Julian,10,2,110,DEF-0013,100034,Houston Texans,DEF,HOU,0,0,,-2.18,,,,,,0,
2017,1898642,186621,Nolan & Vinny,Nolan & Vinny,10,3,111,00-0032257,28465,Duke Johnson,RB,CLE,0,0,,12.76,,,16.8,9.3,0,0,
2017,1898627,186620,Ronnie,Ronnie,10,4,112,00-0033871,30118,Corey Davis,WR,TEN,0,0,,-7.87,,,1.1,0.6,0.88,0,
2017,1898747,186628,Chris & Dom,Chris & Dom,10,5,113,00-0030181,27299,Jack Doyle,TE,IND,0,0,,7.97,,,-19.6,-10.9,0.01,0,
2017,1898672,186623,Phil Baldino,Phil Baldino,10,6,114,00-0031375,27622,Terrance West,RB,BAL,0,0,,-9.64,,,27.2,15.1,0,0,
2017,1898732,186627,Team JoeBa,Team JoeBa,10,7,115,DEF-0029,100026,Seattle Seahawks,DEF,SEA,0,0,,5.51,,,4.7,2.6,0.45,0,
2017,1898612,186619,Richie,Richie,10,8,116,00-0026498,9265,Matthew Stafford,QB,DET,0,0,,1.13,,,-0.5,-0.3,0.95,0,
2017,1898762,186629,Antdell & Ernie,Antdell & Ernie,10,9,117,00-0027006,9294,Kenny Britt,WR,CLE,0,0,,-8.66,,,-19.2,-10.7,0,0,
2017,1898702,186625,Pung & Tralie,Pung & Tralie,10,10,118,00-0029632,25793,Mohamed Sanu,WR,ATL,0,0,,-0.77,,,-44.9,-24.9,0,0,
2017,1898687,186624,Cambrias,Cambrias,10,11,119,00-0031545,28395,Kevin White,WR,CHI,0,0,,-12.77,,,-8,-4.4,0.21,0,
2017,1898777,186630,LFTLR,LFTLR,10,12,120,00-0026184,8821,Matt Forte,RB,NYJ,0,0,,-2.13,,,-12.6,-7,0.14,0,
2017,1898778,186630,LFTLR,LFTLR,11,1,121,00-0031051,27619,John Brown,WR,ARI,0,0,,-7.55,,,12.4,6.9,0,0,
2017,1898688,186624,Cambrias,Cambrias,11,2,122,00-0033891,30150,Zay Jones,WR,BUF,0,0,,-7.77,,,0,0,1,0,
2017,1898703,186625,Pung & Tralie,Pung & Tralie,11,3,123,DEF-0021,100016,Minnesota Vikings,DEF,MIN,0,0,,0.56,,,,,,0,
2017,1898763,186629,Antdell & Ernie,Antdell & Ernie,11,4,124,00-0027325,24318,LeGarrette Blount,RB,PHI,0,0,,-3.63,,,32.1,17.8,0,0,
2017,1898613,186619,Richie,Richie,11,5,125,00-0032688,29785,Robbie Chosen,WR,NYJ,0,0,,8.57,,,-18.4,-10.2,0,0,
2017,1898733,186627,Team JoeBa,Team JoeBa,11,6,126,00-0028067,24916,Julius Thomas,TE,FA,0,0,,-2.02,,,,,,0,
2017,1898673,186623,Phil Baldino,Phil Baldino,11,7,127,00-0022803,6760,Eli Manning,QB,NYG,0,0,,-4.45,,,-10.1,-5.6,0.03,0,
2017,1898748,186628,Chris & Dom,Chris & Dom,11,8,128,00-0024333,7867,Stephen Gostkowski,K,NE,0,0,,11.35,,,-21.7,-12.1,0,0,
2017,1898628,186620,Ronnie,Ronnie,11,9,129,00-0033282,30153,Curtis Samuel,WR,BUF,0,0,,-9.5,,,,,,0,
2017,1898643,186621,Nolan & Vinny,Nolan & Vinny,11,10,130,00-0033908,30182,Cooper Kupp,WR,LAR,0,0,,2.73,,,8.7,4.8,0.14,0,
2017,1898658,186622,Frank & Julian,Frank & Julian,11,11,131,00-0029597,26534,Justin Tucker,K,BAL,0,0,,7.42,,,-14,-7.8,0,0,
2017,1898718,186626,Rob & GregBo,Rob & GregBo,11,12,132,DEF-0022,100017,New England Patriots,DEF,NE,0,0,,-0.34,,,4,2.2,0.3,0,
2017,1898719,186626,Rob & GregBo,Rob & GregBo,12,1,133,00-0033932,30209,Kenny Golladay,WR,DET,0,0,,-6.11,,,-18.6,-10.3,0,0,
2017,1898659,186622,Frank & Julian,Frank & Julian,12,2,134,00-0027939,24788,Cam Newton,QB,CAR,0,0,,13.35,,,44.1,24.5,0,0,
2017,1898644,186621,Nolan & Vinny,Nolan & Vinny,12,3,135,00-0033127,29255,Will Fuller,WR,FA,0,0,,-3.96,,,,,,0,
2017,1898629,186620,Ronnie,Ronnie,12,4,136,DEF-0005,100029,Carolina Panthers,DEF,CAR,0,0,,4.61,,,-25.5,-14.2,0,0,
2017,1898749,186628,Chris & Dom,Chris & Dom,12,5,137,DEF-0001,100022,Arizona Cardinals,DEF,ARI,0,0,,0,,,1.7,0.9,0.8,0,
2017,1898674,186623,Phil Baldino,Phil Baldino,12,6,138,00-0031301,27583,Jeremy Hill,RB,CIN,0,0,,-8.46,,,3.5,1.9,0.77,0,
2017,1898734,186627,Team JoeBa,Team JoeBa,12,7,139,00-0020578,6243,Matt Bryant,K,ATL,0,0,,4.93,,,-16.7,-9.3,0,0,
2017,1898614,186619,Richie,Richie,12,8,140,00-0032393,29324,C.J. Prosise,RB,SEA,0,0,,-8.26,,,10.6,5.9,0.11,0,
2017,1898764,186629,Antdell & Ernie,Antdell & Ernie,12,9,141,00-0025396,8263,Ted Ginn Jr.,WR,NO,0,0,,-1.04,,,24.1,13.4,0,0,
2017,1898704,186625,Pung & Tralie,Pung & Tralie,12,10,142,00-0022127,6405,Jason Witten,TE,DAL,0,0,,4.44,,,-8.5,-4.7,0.6,0,
2017,1898689,186624,Cambrias,Cambrias,12,11,143,00-0031280,27564,Derek Carr,QB,LV,0,0,,-2.63,,,68.8,38.2,0,0,
2017,1898779,186630,LFTLR,LFTLR,12,12,144,DEF-0024,100019,New York Giants,DEF,NYG,0,0,,-1.91,,,5.5,3.1,0.55,0,
2017,1898780,186630,LFTLR,LFTLR,13,1,145,00-0016919,3727,Adam Vinatieri,K,IND,0,0,,-0.63,,,-23.5,-13.1,0,0,
2017,1898690,186624,Cambrias,Cambrias,13,2,146,00-0028083,24932,Jacquizz Rodgers,RB,FA,0,0,,-6.07,,,50.1,27.8,0,0,
2017,1898705,186625,Pung & Tralie,Pung & Tralie,13,3,147,00-0033077,29369,Dak Prescott,QB,DAL,0,0,,1.32,,,34.2,19,0,0,
2017,1898765,186629,Antdell & Ernie,Antdell & Ernie,13,4,148,00-0031387,27538,Eric Ebron,TE,DET,0,0,,1.3,,,24,13.3,0,0,
2017,1898615,186619,Richie,Richie,13,5,149,00-0033906,30180,Alvin Kamara,RB,NO,0,0,,40.75,,,9,5,0.34,0,
2017,1898735,186627,Team JoeBa,Team JoeBa,13,6,150,00-0032950,29236,Carson Wentz,QB,PHI,0,0,,12.24,,,17.7,9.8,0,0,
2017,1898675,186623,Phil Baldino,Phil Baldino,13,7,151,00-0032760,29256,Josh Doctson,WR,FA,0,0,,-3.04,,,,,,0,
2017,1898750,186628,Chris & Dom,Chris & Dom,13,8,152,00-0024221,7755,Vernon Davis,TE,WAS,0,0,,-0.47,,,,,,0,
2017,1898630,186620,Ronnie,Ronnie,13,9,153,00-0028660,25427,Dan Bailey,K,DAL,0,0,,-2.22,,,-15.2,-8.4,0,0,
2017,1898645,186621,Nolan & Vinny,Nolan & Vinny,13,10,154,00-0025580,8447,Mason Crosby,K,GB,0,0,,-2.22,,,-8.6,-4.8,0,0,
2017,1898660,186622,Frank & Julian,Frank & Julian,13,11,155,00-0026213,8850,Jamaal Charles,RB,DEN,0,0,,-3.93,,,31.7,17.6,0,0,
2017,1898720,186626,Rob & GregBo,Rob & GregBo,13,12,156,00-0030288,26813,Rex Burkhead,RB,NE,0,0,,-1.01,,,42.6,23.7,0,0,
2017,1898721,186626,Rob & GregBo,Rob & GregBo,14,1,157,00-0027973,24822,Andy Dalton,QB,CIN,0,0,,-2.31,,,30.5,16.9,0,0,
2017,1898661,186622,Frank & Julian,Frank & Julian,14,2,158,00-0030513,26804,Latavius Murray,RB,MIN,0,0,,-0.82,,,3.6,2,0.79,0,
2017,1898646,186621,Nolan & Vinny,Nolan & Vinny,14,3,159,00-0032782,29387,Wendell Smallwood,RB,PHI,0,0,,-4.68,,,12.9,7.2,0.1,0,
2017,1898631,186620,Ronnie,Ronnie,14,4,160,00-0031273,28267,Cameron Brate,TE,FA,0,0,,3.11,,,,,,0,
2017,1898751,186628,Chris & Dom,Chris & Dom,14,5,161,00-0027996,24845,Torrey Smith,WR,PHI,0,0,,-3.17,,,,,,0,
2017,1898676,186623,Phil Baldino,Phil Baldino,14,6,162,DEF-0027,100023,Pittsburgh Steelers,DEF,PIT,0,0,,3.93,,,11.2,6.2,0.09,0,
2017,1898736,186627,Team JoeBa,Team JoeBa,14,7,163,00-0033526,30227,Samaje Perine,RB,DEN,0,0,,-1.62,,,36.2,20.1,0,0,
2017,1898616,186619,Richie,Richie,14,8,164,DEF-0026,100021,Philadelphia Eagles,DEF,PHI,0,0,,14.57,,,2.4,1.3,0.78,0,
2017,1898766,186629,Antdell & Ernie,Antdell & Ernie,14,9,165,00-0026901,9348,Mike Wallace,WR,BAL,0,0,,-1.13,,,39.1,21.7,0,0,
2017,1898706,186625,Pung & Tralie,Pung & Tralie,14,10,166,00-0030390,26789,Caleb Sturgis,K,PHI,0,0,,-3.68,,,,,,0,
2017,1898691,186624,Cambrias,Cambrias,14,11,167,DEF-0017,100013,Las Vegas Raiders,DEF,LV,0,0,,-1.3,,,,,,0,
2017,1898781,186630,LFTLR,LFTLR,14,12,168,00-0021429,6337,Carson Palmer,QB,ARI,0,0,,-4.13,,,25.7,14.3,0,0,
2017,1898782,186630,LFTLR,LFTLR,15,1,169,00-0023853,8565,Matt Prater,K,DET,0,0,,4.9,,,,,,0,
2017,1898692,186624,Cambrias,Cambrias,15,2,170,00-0019646,5046,Sebastian Janikowski,K,FA,0,0,,-3.22,,,-2.7,-1.5,0.49,0,
2017,1898707,186625,Pung & Tralie,Pung & Tralie,15,3,171,00-0026153,8790,Jonathan Stewart,RB,CAR,0,0,,-0.77,,,69.6,38.7,0,0,
2017,1898767,186629,Antdell & Ernie,Antdell & Ernie,15,4,172,00-0031203,28227,Cairo Santos,K,KC,0,0,,-2.15,,,,,,0,
2017,1898617,186619,Richie,Richie,15,5,173,00-0032569,29754,Wil Lutz,K,NO,0,0,,8.62,,,12,6.7,0,0,
2017,1898737,186627,Team JoeBa,Team JoeBa,15,6,174,00-0032385,29274,Sterling Shepard,WR,NYG,0,0,,-0.42,,,21.7,12.1,0,0,
2017,1898677,186623,Phil Baldino,Phil Baldino,15,7,175,00-0031136,28188,Chris Boswell,K,PIT,0,0,,8.96,,,,,,0,
2017,1898752,186628,Chris & Dom,Chris & Dom,15,8,176,00-0029689,25774,Dwayne Allen,TE,NE,0,0,,-1.19,,,,,,0,
2017,1898632,186620,Ronnie,Ronnie,15,9,177,00-0028118,24967,Tyrod Taylor,QB,BUF,0,0,,-0.31,,,14.6,8.1,0,0,
2017,1898647,186621,Nolan & Vinny,Nolan & Vinny,15,10,178,00-0021142,30120,,,NE,0,0,,,,,,,,0,
2017,1898662,186622,Frank & Julian,Frank & Julian,15,11,179,DEF-0015,100030,Jacksonville Jaguars,DEF,JAX,0,0,,24.24,,,,,,0,
2017,1898722,186626,Rob & GregBo,Rob & GregBo,15,12,180,00-0029822,27120,Brandon McManus,K,DEN,0,0,,-0,,,,,,0,
2018,1898469,186610,Frank & Julian,Frank & Julian,1,1,1,00-0032241,28398,Todd Gurley,RB,LAR,0,0,,23.01,,,-0.6,-0.3,0.25,0,
2018,1898544,186615,Team JoeBa,Team JoeBa,1,2,2,00-0030496,26671,Le'Veon Bell,RB,FA,0,0,,-19.07,,,-0.3,-0.2,0.67,0,
2018,1898514,186613,Pung & Tralie,Pung & Tralie,1,3,3,00-0033045,29238,Ezekiel Elliott,RB,DAL,0,0,,20.08,,,-1,-0.6,0.17,0,
2018,1898454,186609,Nolan & Vinny,Nolan & Vinny,1,4,4,00-0027793,24171,Antonio Brown,WR,PIT,0,0,,17.74,,,-1.2,-0.7,0.08,0,
2018,1898424,186607,Richie,Richie,1,5,5,00-0032187,28474,David Johnson,RB,ARI,0,0,,9.78,,,1.2,0.7,0.14,0,
2018,1898529,186614,Rob & GregBo,Rob & GregBo,1,6,6,00-0033906,30180,Alvin Kamara,RB,NO,0,0,,25.1,,,-0.3,-0.2,0.79,0,
2018,1898499,186612,Cambrias,Cambrias,1,7,7,00-0034844,30972,Saquon Barkley,RB,NYG,0,0,,26.91,,,0.2,0.1,0.89,0,
2018,1898559,186616,Chris & Dom,Chris & Dom,1,8,8,00-0030564,26650,DeAndre Hopkins,WR,HOU,0,0,,17.64,,,-1.8,-1,0.1,0,
2018,1898439,186608,Ronnie,Ronnie,1,9,9,00-0033923,30199,Kareem Hunt,RB,KC,0,0,,9.99,,,-2.3,-1.3,0,0,
2018,1898484,186611,Phil Baldino,Phil Baldino,1,10,10,00-0032144,28403,Melvin Gordon,RB,LAC,0,0,,15.27,,,1.6,0.9,0,0,
2018,1898589,186618,LFTLR,LFTLR,1,11,11,00-0033280,30121,Christian McCaffrey,RB,CAR,0,0,,32.45,,,-2,-1.1,0.05,0,
2018,1898574,186617,Antdell & Ernie,Antdell & Ernie,1,12,12,00-0031235,27540,Odell Beckham,WR,NYG,0,0,,8.15,,,0.4,0.2,0.81,0,
2018,1898575,186617,Antdell & Ernie,Antdell & Ernie,2,1,13,00-0027944,24793,Julio Jones,WR,ATL,0,0,,18.34,,,-1.4,-0.8,0.26,0,
2018,1898590,186618,LFTLR,LFTLR,2,2,14,00-0033856,30117,Leonard Fournette,RB,JAX,0,0,,-4.42,,,5,2.8,0,0,
2018,1898485,186611,Phil Baldino,Phil Baldino,2,3,15,00-0031381,27581,Davante Adams,WR,GB,0,0,,23.6,,,-4.1,-2.3,0,0,
2018,1898440,186608,Ronnie,Ronnie,2,4,16,00-0033893,30154,Dalvin Cook,RB,MIN,0,0,,-1.87,,,1,0.6,0.57,0,
2018,1898560,186616,Chris & Dom,Chris & Dom,2,5,17,00-0030279,26699,Keenan Allen,WR,LAC,0,0,,11.68,,,-0.8,-0.4,0.62,0,
2018,1898500,186612,Cambrias,Cambrias,2,6,18,00-0032765,29281,Michael Thomas,WR,NO,0,0,,21.15,,,1.7,0.9,0.19,0,
2018,1898530,186614,Rob & GregBo,Rob & GregBo,2,7,19,00-0027942,24791,A.J. Green,WR,CIN,0,0,,-3.45,,,-2.8,-1.6,0,0,
2018,1898425,186607,Richie,Richie,2,8,20,00-0031285,27631,Devonta Freeman,RB,ATL,0,0,,-16.66,,,0.8,0.4,0.69,0,
2018,1898455,186609,Nolan & Vinny,Nolan & Vinny,2,9,21,00-0032780,29384,Jordan Howard,RB,CHI,0,0,,-0.28,,,2.4,1.3,0.04,0,
2018,1898515,186613,Pung & Tralie,Pung & Tralie,2,10,22,00-0033040,29399,Tyreek Hill,WR,KC,0,0,,21.78,,,-4.2,-2.3,0,0,
2018,1898545,186615,Team JoeBa,Team JoeBa,2,11,23,00-0031408,27535,Mike Evans,WR,TB,0,0,,13.91,,,-1.7,-0.9,0.32,0,
2018,1898470,186610,Frank & Julian,Frank & Julian,2,12,24,00-0023459,7200,Aaron Rodgers,QB,GB,0,0,,9.76,,,-9.8,-5.5,0,0,
2018,1898471,186610,Frank & Julian,Frank & Julian,3,1,25,00-0027656,24017,Rob Gronkowski,TE,NE,0,0,,0.61,,,4.3,2.4,0,0,
2018,1898546,186615,Team JoeBa,Team JoeBa,3,2,26,00-0029608,25802,T.Y. Hilton,WR,IND,0,0,,9.72,,,-2.1,-1.2,0.22,0,
2018,1898516,186613,Pung & Tralie,Pung & Tralie,3,3,27,00-0031544,28392,Amari Cooper,WR,LV,0,0,,5.71,,,-7.1,-4,0,0,
2018,1898456,186609,Nolan & Vinny,Nolan & Vinny,3,4,28,00-0030061,26658,Zach Ertz,TE,PHI,0,0,,28.02,,,-13.8,-7.7,0,0,
2018,1898426,186607,Richie,Richie,3,5,29,00-0022921,6762,Larry Fitzgerald,WR,ARI,0,0,,-0.45,,,-9,-5,0,0,
2018,1898531,186614,Rob & GregBo,Rob & GregBo,3,6,30,00-0030506,26686,Travis Kelce,TE,KC,0,0,,30.38,,,-1.2,-0.7,0.71,0,
2018,1898501,186612,Cambrias,Cambrias,3,7,31,00-0033897,30161,Joe Mixon,RB,CIN,0,0,,14.19,,,8.3,4.6,0,0,
2018,1898561,186616,Chris & Dom,Chris & Dom,3,8,32,00-0027029,9317,LeSean McCoy,RB,BUF,0,0,,-4.85,,,3.2,1.8,0.16,0,
2018,1898441,186608,Ronnie,Ronnie,3,9,33,00-0028237,25178,Chris Hogan,WR,NE,0,0,,-9.44,,,-11.6,-6.5,0,0,
2018,1898486,186611,Phil Baldino,Phil Baldino,3,10,34,00-0033118,29307,Kenyan Drake,RB,MIA,0,0,,6.77,,,-0.3,-0.2,0.94,0,
2018,1898591,186618,LFTLR,LFTLR,3,11,35,00-0030035,27277,Adam Thielen,WR,MIN,0,0,,23.9,,,1.4,0.8,0.61,0,
2018,1898576,186617,Antdell & Ernie,Antdell & Ernie,3,12,36,00-0032426,29405,Alex Collins,RB,BAL,0,0,,-5.37,,,5.9,3.3,0,0,
2018,1898577,186617,Antdell & Ernie,Antdell & Ernie,4,1,37,00-0034838,31041,Royce Freeman,RB,DEN,0,0,,-8.3,,,6,3.4,0,0,
2018,1898487,186611,Phil Baldino,Phil Baldino,4,3,39,00-0033857,30175,JuJu Smith-Schuster,WR,PIT,0,0,,21.54,,,-1.7,-0.9,0.6,0,
2018,1898442,186608,Ronnie,Ronnie,4,4,40,00-0033537,30125,Deshaun Watson,QB,HOU,0,0,,11.13,,,-10.4,-5.8,0,0,
2018,1898562,186616,Chris & Dom,Chris & Dom,4,5,41,00-0025418,8285,Greg Olsen,TE,CAR,0,0,,-4.79,,,-20.2,-11.3,0,0,
2018,1898502,186612,Cambrias,Cambrias,4,6,42,00-0031588,28534,Stefon Diggs,WR,MIN,0,0,,14.42,,,15.9,8.9,0,0,
2018,1898532,186614,Rob & GregBo,Rob & GregBo,4,7,43,00-0027874,23997,Demaryius Thomas,WR,DEN,0,0,,-2.33,,,-4.5,-2.5,0,0,
2018,1898427,186607,Richie,Richie,4,8,44,00-0028087,24936,Dion Lewis,RB,TEN,0,0,,-0.28,,,-12.2,-6.8,0,0,
2018,1898457,186609,Nolan & Vinny,Nolan & Vinny,4,9,45,00-0031382,27591,Jarvis Landry,WR,CLE,0,0,,3.98,,,2.9,1.6,0.28,0,
2018,1898517,186613,Pung & Tralie,Pung & Tralie,4,10,46,00-0027891,24035,Golden Tate,WR,DET,0,0,,-0.16,,,-4,-2.2,0.09,0,
2018,1898547,186615,Team JoeBa,Team JoeBa,4,11,47,00-0029615,25807,Lamar Miller,RB,HOU,0,0,,0.21,,,8.4,4.7,0,0,
2018,1898472,186610,Frank & Julian,Frank & Julian,4,12,48,00-0031428,27589,Allen Robinson,WR,CHI,0,0,,-2.66,,,-4.1,-2.3,0.2,0,
2018,1898473,186610,Frank & Julian,Frank & Julian,5,1,49,00-0028434,25105,Doug Baldwin,WR,SEA,0,0,,-4.49,,,17.1,9.6,0,0,
2018,1898548,186615,Team JoeBa,Team JoeBa,5,2,50,00-0027696,24070,Jimmy Graham,TE,GB,0,0,,0.35,,,-2.7,-1.5,0.6,0,
2018,1898518,186613,Pung & Tralie,Pung & Tralie,5,3,51,00-0019596,5228,Tom Brady,QB,NE,0,0,,0,,,-4.5,-2.5,0.45,0,
2018,1898458,186609,Nolan & Vinny,Nolan & Vinny,5,4,52,00-0031236,27548,Brandin Cooks,WR,LAR,0,0,,9.25,,,0.8,0.4,0.85,0,
2018,1898428,186607,Richie,Richie,5,5,53,00-0029293,25876,Marvin Jones,WR,DET,0,0,,-6.57,,,-5.5,-3.1,0,0,
2018,1898533,186614,Rob & GregBo,Rob & GregBo,5,6,54,00-0031590,28537,Jay Ajayi,RB,PHI,0,0,,-11.84,,,10.8,6,0,0,
2018,1898503,186612,Cambrias,Cambrias,5,7,55,00-0029664,26561,Josh Gordon,WR,CLE,0,0,,-4.13,,,10.6,5.9,0,0,
2018,1898563,186616,Chris & Dom,Chris & Dom,5,8,56,00-0029263,25785,Russell Wilson,QB,SEA,0,0,,7.95,,,-5.5,-3.1,0.13,0,
2018,1898443,186608,Ronnie,Ronnie,5,9,57,00-0033881,30136,Evan Engram,TE,NYG,0,0,,-1.95,,,-17.1,-9.6,0,0,
2018,1898488,186611,Phil Baldino,Phil Baldino,5,10,58,00-0032764,29279,Derrick Henry,RB,TEN,0,0,,7.81,,,20.7,11.6,0,0,
2018,1898592,186618,LFTLR,LFTLR,5,11,59,00-0027966,24815,Mark Ingram,RB,FA,0,0,,-2.25,,,12.3,6.9,0,0,
2018,1898578,186617,Antdell & Ernie,Antdell & Ernie,5,12,60,00-0027939,24788,Cam Newton,QB,CAR,0,0,,6.06,,,-8.2,-4.6,0,0,
2018,1898579,186617,Antdell & Ernie,Antdell & Ernie,6,1,61,00-0024389,7924,Delanie Walker,TE,TEN,0,0,,-11.77,,,-19.3,-10.8,0,0,
2018,1898593,186618,LFTLR,LFTLR,6,2,62,00-0027685,24057,Emmanuel Sanders,WR,DEN,0,0,,4.45,,,-1.7,-0.9,0.71,0,
2018,1898489,186611,Phil Baldino,Phil Baldino,6,3,63,00-0030710,27789,Trey Burton,TE,CHI,0,0,,3.71,,,-7,-3.9,0.14,0,
2018,1898444,186608,Ronnie,Ronnie,6,4,64,00-0033908,30182,Cooper Kupp,WR,LAR,0,0,,-4.47,,,-19.6,-10.9,0,0,
2018,1898564,186616,Chris & Dom,Chris & Dom,6,5,65,00-0027150,9496,Julian Edelman,WR,FA,0,0,,2.48,,,-2.4,-1.3,0.63,0,
2018,1898504,186612,Cambrias,Cambrias,6,6,66,00-0020531,5479,Drew Brees,QB,NO,0,0,,11.53,,,-4.7,-2.6,0.3,0,
2018,1898534,186614,Rob & GregBo,Rob & GregBo,6,7,67,00-0026986,9274,Michael Crabtree,WR,BAL,0,0,,-4.96,,,-5.5,-3.1,0.21,0,
2018,1898429,186607,Richie,Richie,6,8,68,00-0030288,26813,Rex Burkhead,RB,NE,0,0,,-11.76,,,8.5,4.7,0,0,
2018,1898459,186609,Nolan & Vinny,Nolan & Vinny,6,9,69,00-0025399,8266,Marshawn Lynch,RB,LV,0,0,,-7.78,,,21.5,12,0,0,
2018,1898519,186613,Pung & Tralie,Pung & Tralie,6,10,70,00-0032741,29560,Peyton Barber,RB,TB,0,0,,-1.34,,,-6.5,-3.6,0.24,0,
2018,1898549,186615,Team JoeBa,Team JoeBa,6,11,71,00-0029668,25711,Andrew Luck,QB,IND,0,0,,11.98,,,-16.8,-9.4,0,0,
2018,1898474,186610,Frank & Julian,Frank & Julian,6,12,72,00-0033948,30247,Jamaal Williams,RB,GB,0,0,,-4.79,,,9.7,5.4,0,0,
2018,1898475,186610,Frank & Julian,Frank & Julian,7,1,73,00-0032055,28429,Devin Funchess,TE,CAR,0,0,,0,,,,,,0,
2018,1898550,186615,Team JoeBa,Team JoeBa,7,2,74,00-0029137,25755,Alshon Jeffery,WR,FA,0,0,,-1.05,,,3.6,2,0.52,0,
2018,1898520,186613,Pung & Tralie,Pung & Tralie,7,3,75,00-0031549,28408,Nelson Agholor,WR,PHI,0,0,,-3.18,,,-24.8,-13.9,0,0,
2018,1898460,186609,Nolan & Vinny,Nolan & Vinny,7,4,76,00-0026498,9265,Matthew Stafford,QB,DET,0,0,,-6.06,,,-26.6,-14.9,0,0,
2018,1898430,186607,Richie,Richie,7,5,77,00-0030068,26701,Marquise Goodwin,WR,SF,0,0,,-8.56,,,23.6,13.2,0,0,
2018,1898535,186614,Rob & GregBo,Rob & GregBo,7,6,78,00-0033594,30362,Chris Carson,RB,SEA,0,0,,5.84,,,10,5.6,0,0,
2018,1898505,186612,Cambrias,Cambrias,7,7,79,00-0033871,30118,Corey Davis,WR,TEN,0,0,,-0.12,,,16.7,9.3,0,0,
2018,1898565,186616,Chris & Dom,Chris & Dom,7,8,80,00-0032058,28461,Tevin Coleman,RB,ATL,0,0,,5.81,,,10.8,6,0,0,
2018,1898445,186608,Ronnie,Ronnie,7,9,81,00-0033127,29255,Will Fuller,WR,FA,0,0,,-6.91,,,5.4,3,0.3,0,
2018,1898490,186611,Phil Baldino,Phil Baldino,7,10,82,00-0031051,27619,John Brown,WR,BAL,0,0,,-3.39,,,-48,-26.8,0,0,
2018,1898594,186618,LFTLR,LFTLR,7,11,83,00-0031325,27532,Sammy Watkins,WR,KC,0,0,,-5.93,,,2.2,1.2,0.71,0,
2018,1898580,186617,Antdell & Ernie,Antdell & Ernie,7,12,84,00-0031941,28493,Jamison Crowder,WR,WAS,0,0,,-9.18,,,0.6,0.3,0.92,0,
2018,1898581,186617,Antdell & Ernie,Antdell & Ernie,8,1,85,00-0031045,27585,Carlos Hyde,RB,CLE,0,0,,-5.83,,,28.5,15.9,0,0,
2018,1898595,186618,LFTLR,LFTLR,8,2,86,00-0027981,24830,Kyle Rudolph,TE,MIN,0,0,,6.29,,,5.9,3.3,0.27,0,
2018,1898491,186611,Phil Baldino,Phil Baldino,8,3,87,DEF-0015,100030,Jacksonville Jaguars,DEF,JAX,0,0,,-0.28,,,-7.2,-4,0.31,0,
2018,1898446,186608,Ronnie,Ronnie,8,4,88,00-0034845,31001,Sony Michel,RB,FA,0,0,,-2.01,,,11.3,6.3,0,0,
2018,1898566,186616,Chris & Dom,Chris & Dom,8,5,89,00-0030404,26777,Chris Thompson,RB,WAS,0,0,,-6.66,,,3.8,2.1,0.53,0,
2018,1898506,186612,Cambrias,Cambrias,8,6,90,00-0030472,26708,Jordan Reed,TE,WAS,0,0,,-0.28,,,-1,-0.6,0.91,0,
2018,1898536,186614,Rob & GregBo,Rob & GregBo,8,7,91,00-0022942,6763,Philip Rivers,QB,LAC,0,0,,5.63,,,-17.4,-9.7,0,0,
2018,1898431,186607,Richie,Richie,8,8,92,00-0030431,26664,Robert Woods,WR,LAR,0,0,,21.89,,,-10.3,-5.8,0,0,
2018,1898461,186609,Nolan & Vinny,Nolan & Vinny,8,9,93,00-0034791,31005,Nick Chubb,RB,CLE,0,0,,8.76,,,-17,-9.5,0,0,
2018,1898521,186613,Pung & Tralie,Pung & Tralie,8,10,94,00-0032385,29274,Sterling Shepard,WR,NYG,0,0,,-0.55,,,-18.6,-10.4,0,0,
2018,1898551,186615,Team JoeBa,Team JoeBa,8,11,95,00-0030656,28014,Isaiah Crowell,RB,NYJ,0,0,,-1.45,,,11.9,6.6,0,0,
2018,1898476,186610,Frank & Julian,Frank & Julian,8,12,96,DEF-0021,100016,Minnesota Vikings,DEF,MIN,0,0,,5.8,,,,,,0,
2018,1898477,186610,Frank & Julian,Frank & Julian,9,1,97,00-0026176,8813,Jordy Nelson,WR,LV,0,0,,-3.35,,,-1.1,-0.6,0.88,0,
2018,1898552,186615,Team JoeBa,Team JoeBa,9,2,98,DEF-0026,100021,Philadelphia Eagles,DEF,PHI,0,0,,-1.92,,,-22.8,-12.7,0,0,
2018,1898522,186613,Pung & Tralie,Pung & Tralie,9,3,99,00-0033951,30256,Marlon Mack,RB,ARI,0,0,,0.88,,,9.5,5.3,0,0,
2018,1898462,186609,Nolan & Vinny,Nolan & Vinny,9,4,100,00-0034827,30994,D.J. Moore,WR,CAR,0,0,,-2.43,,,-20.6,-11.5,0,0,
2018,1898432,186607,Richie,Richie,9,5,101,00-0034349,31013,Kerryon Johnson,RB,DET,0,0,,-1.6,,,46.4,25.9,0,0,
2018,1898537,186614,Rob & GregBo,Rob & GregBo,9,6,102,00-0032688,29785,Robbie Chosen,WR,NYJ,0,0,,-2.06,,,16.7,9.3,0,0,
2018,1898507,186612,Cambrias,Cambrias,9,7,103,00-0032950,29236,Carson Wentz,QB,KC,0,0,,-5.06,,,21,11.7,0,0,
2018,1898567,186616,Chris & Dom,Chris & Dom,9,8,104,DEF-0018,100024,Los Angeles Chargers,DEF,LAC,0,0,,-1.26,,,,,,0,
2018,1898447,186608,Ronnie,Ronnie,9,9,105,DEF-0013,100034,Houston Texans,DEF,HOU,0,0,,8.12,,,,,,0,
2018,1898492,186611,Phil Baldino,Phil Baldino,9,10,106,00-0026143,8780,Matt Ryan,QB,ATL,0,0,,19.08,,,-7.5,-4.2,0.34,0,
2018,1898596,186618,LFTLR,LFTLR,9,11,107,00-0022924,6770,Ben Roethlisberger,QB,PIT,0,0,,19.8,,,-8,-4.5,0.16,0,
2018,1898582,186617,Antdell & Ernie,Antdell & Ernie,9,12,108,00-0031062,27658,James White,RB,NE,0,0,,28.01,,,-1.2,-0.7,0.88,0,
2018,1898583,186617,Antdell & Ernie,Antdell & Ernie,10,1,109,00-0033556,30232,Tarik Cohen,RB,CHI,0,0,,17.7,,,21,11.7,0,0,
2018,1898597,186618,LFTLR,LFTLR,10,2,110,00-0026345,8982,Pierre Garcon,WR,SF,0,0,,-9.53,,,5.2,2.9,0.43,0,
2018,1898493,186611,Phil Baldino,Phil Baldino,10,3,111,00-0033553,30218,James Conner,RB,PIT,0,0,,30.95,,,-45.8,-25.6,0,0,
2018,1898448,186608,Ronnie,Ronnie,10,4,112,00-0021142,30120,,,NE,0,0,,,,,,,,0,
2018,1898568,186616,Chris & Dom,Chris & Dom,10,5,113,00-0028002,24851,Randall Cobb,WR,GB,0,0,,-7.59,,,19,10.6,0,0,
2018,1898508,186612,Cambrias,Cambrias,10,6,114,00-0025394,8261,Adrian Peterson,RB,WAS,0,0,,8.86,,,,,,0,
2018,1898538,186614,Rob & GregBo,Rob & GregBo,10,7,115,00-0034400,31139,Jordan Wilkins,RB,IND,0,0,,-7.93,,,-26.5,-14.8,0,0,
2018,1898433,186607,Richie,Richie,10,8,116,00-0033681,30396,Keelan Cole,WR,JAX,0,0,,-7.66,,,-8.8,-4.9,0.39,0,
2018,1898463,186609,Nolan & Vinny,Nolan & Vinny,10,9,117,00-0030181,27299,Jack Doyle,TE,IND,0,0,,-4.74,,,-2.2,-1.2,0.87,0,
2018,1898523,186613,Pung & Tralie,Pung & Tralie,10,10,118,00-0033885,30142,David Njoku,TE,CLE,0,0,,3.3,,,15,8.4,0,0,
2018,1898553,186615,Team JoeBa,Team JoeBa,10,11,119,00-0033288,30259,George Kittle,TE,SF,0,0,,29.68,,,-16.9,-9.4,0,0,
2018,1898478,186610,Frank & Julian,Frank & Julian,10,12,120,00-0024333,7867,Stephen Gostkowski,K,NE,0,0,,3.65,,,-27.9,-15.6,0,0,
2018,1898479,186610,Frank & Julian,Frank & Julian,11,1,121,00-0029141,25883,Alfred Morris,RB,SF,0,0,,-8.1,,,-6.3,-3.5,0.76,0,
2018,1898554,186615,Team JoeBa,Team JoeBa,11,2,122,00-0029580,25937,Rishard Matthews,WR,FA,0,0,,-12.72,,,-40.7,-22.7,0,0,
2018,1898524,186613,Pung & Tralie,Pung & Tralie,11,3,123,DEF-0003,100033,Baltimore Ravens,DEF,BAL,0,0,,4.81,,,-11.1,-6.2,0,0,
2018,1898464,186609,Nolan & Vinny,Nolan & Vinny,11,4,124,00-0029597,26534,Justin Tucker,K,BAL,0,0,,7.94,,,-27.5,-15.4,0,0,
2018,1898434,186607,Richie,Richie,11,5,125,00-0034750,30997,Rashaad Penny,RB,SEA,0,0,,-6.37,,,50.7,28.3,0,0,
2018,1898539,186614,Rob & GregBo,Rob & GregBo,11,6,126,00-0030085,26767,Kenny Stills,WR,MIA,0,0,,-3.75,,,19.8,11.1,0,0,
2018,1898509,186612,Cambrias,Cambrias,11,7,127,00-0030456,26660,Giovani Bernard,RB,CIN,0,0,,-4.58,,,-16.7,-9.3,0,0,
2018,1898569,186616,Chris & Dom,Chris & Dom,11,8,128,00-0029621,25881,Greg Zuerlein,K,LAR,0,0,,-0.21,,,-17.5,-9.8,0,0,
2018,1898449,186608,Ronnie,Ronnie,11,9,129,00-0033293,30295,Aaron Jones,RB,MIN,0,0,,3.84,,,38.5,21.5,0,0,
2018,1898494,186611,Phil Baldino,Phil Baldino,11,10,130,00-0029632,25793,Mohamed Sanu,WR,ATL,0,0,,-1.11,,,-34,-19,0,0,
2018,1898598,186618,LFTLR,LFTLR,11,11,131,00-0031359,27556,Kelvin Benjamin,TE,BUF,0,0,,-3.8,,,,,,0,
2018,1898584,186617,Antdell & Ernie,Antdell & Ernie,11,12,132,00-0032257,28465,Duke Johnson,RB,CLE,0,0,,-1.85,,,34.4,19.2,0,0,
2018,1898585,186617,Antdell & Ernie,Antdell & Ernie,12,1,133,00-0033879,30132,O.J. Howard,TE,TB,0,0,,-0.09,,,-21.7,-12.1,0,0,
2018,1898599,186618,LFTLR,LFTLR,12,2,134,00-0027061,9353,Jared Cook,TE,LV,0,0,,19.09,,,,,,0,
2018,1898495,186611,Phil Baldino,Phil Baldino,12,3,135,00-0033106,29235,Jared Goff,QB,LAR,0,0,,9.89,,,7,3.9,0.36,0,
2018,1898450,186608,Ronnie,Ronnie,12,4,136,00-0031136,28188,Chris Boswell,K,PIT,0,0,,-1.54,,,-30,-16.8,0,0,
2018,1898570,186616,Chris & Dom,Chris & Dom,12,5,137,00-0029000,26060,Cole Beasley,WR,DAL,0,0,,-3.2,,,,,,0,
2018,1898510,186612,Cambrias,Cambrias,12,6,138,DEF-0023,100018,New Orleans Saints,DEF,NO,0,0,,2.04,,,-8.7,-4.9,0.24,0,
2018,1898540,186614,Rob & GregBo,Rob & GregBo,12,7,139,00-0034837,30996,Calvin Ridley,WR,ATL,0,0,,3.95,,,16,8.9,0,0,
2018,1898435,186607,Richie,Richie,12,8,140,00-0029604,25812,Kirk Cousins,QB,MIN,0,0,,4.94,,,50.9,28.4,0,0,
2018,1898465,186609,Nolan & Vinny,Nolan & Vinny,12,9,141,DEF-0019,100014,Los Angeles Rams,DEF,LAR,0,0,,8.81,,,,,,0,
2018,1898525,186613,Pung & Tralie,Pung & Tralie,12,10,142,00-0033308,30552,Matt Breida,RB,SF,0,0,,1.62,,,3.3,1.8,0.86,0,
2018,1898555,186615,Team JoeBa,Team JoeBa,12,11,143,00-0033787,30266,Jake Elliott,K,PHI,0,0,,-0.06,,,-22.6,-12.6,0,0,
2018,1898480,186610,Frank & Julian,Frank & Julian,12,12,144,00-0032972,29370,Devontae Booker,RB,DEN,0,0,,-4.48,,,-11.3,-6.3,0.37,0,
2018,1898481,186610,Frank & Julian,Frank & Julian,13,1,145,00-0031547,28402,DeVante Parker,WR,FA,0,0,,-6.71,,,4.2,2.3,0.69,0,
2018,1898556,186615,Team JoeBa,Team JoeBa,13,2,146,00-0031345,27590,Jimmy Garoppolo,QB,SF,0,0,,-11.64,,,43.4,24.2,0,0,
2018,1898526,186613,Pung & Tralie,Pung & Tralie,13,3,147,00-0027902,23999,Dez Bryant,WR,FA,0,0,,-9.84,,,,,,0,
2018,1898466,186609,Nolan & Vinny,Nolan & Vinny,13,4,148,00-0034860,31014,Dante Pettis,WR,SF,0,0,,-4.08,,,,,,0,
2018,1898436,186607,Richie,Richie,13,5,149,00-0021547,6663,Antonio Gates,TE,LAC,0,0,,-2.58,,,,,,0,
2018,1898541,186614,Rob & GregBo,Rob & GregBo,13,6,150,DEF-0010,100007,Denver Broncos,DEF,DEN,0,0,,3.88,,,2.8,1.6,0.76,0,
2018,1898511,186612,Cambrias,Cambrias,13,7,151,00-0034816,31008,Ronald Jones,RB,FA,0,0,,-7,,,54.1,30.2,0,0,
2018,1898571,186616,Chris & Dom,Chris & Dom,13,8,152,00-0030513,26804,Latavius Murray,RB,MIN,0,0,,-1.39,,,29.2,16.3,0,0,
2018,1898451,186608,Ronnie,Ronnie,13,9,153,00-0033932,30209,Kenny Golladay,WR,DET,0,0,,9.91,,,27.8,15.5,0,0,
2018,1898496,186611,Phil Baldino,Phil Baldino,13,10,154,00-0033699,30423,Austin Ekeler,RB,LAC,0,0,,0,,,-4.9,-2.7,0.67,0,
2018,1898600,186618,LFTLR,LFTLR,13,11,155,00-0033725,30707,Corey Clement,RB,PHI,0,0,,-3.58,,,38.6,21.6,0,0,
2018,1898586,186617,Antdell & Ernie,Antdell & Ernie,13,12,156,DEF-0006,100003,Chicago Bears,DEF,CHI,0,0,,23.86,,,-6.9,-3.9,0.46,0,
2018,1898587,186617,Antdell & Ernie,Antdell & Ernie,14,1,157,00-0020578,6243,Matt Bryant,K,ATL,0,0,,-0.88,,,-11,-6.1,0,0,
2018,1898601,186618,LFTLR,LFTLR,14,2,158,00-0023853,8565,Matt Prater,K,DET,0,0,,0,,,-12.2,-6.8,0,0,
2018,1898497,186611,Phil Baldino,Phil Baldino,14,3,159,00-0034764,31051,Michael Gallup,WR,DAL,0,0,,-3.81,,,26.1,14.6,0,0,
2018,1898452,186608,Ronnie,Ronnie,14,4,160,00-0031280,27564,Derek Carr,QB,LV,0,0,,-1.65,,,13.9,7.8,0.07,0,
2018,1898572,186616,Chris & Dom,Chris & Dom,14,5,161,00-0032211,28457,Tyler Lockett,WR,SEA,0,0,,8.8,,,31.4,17.5,0,0,
2018,1898512,186612,Cambrias,Cambrias,14,6,162,00-0032569,29754,Wil Lutz,K,NO,0,0,,9.76,,,1.1,0.6,0.73,0,
2018,1898542,186614,Rob & GregBo,Rob & GregBo,14,7,163,00-0025580,8447,Mason Crosby,K,GB,0,0,,8.56,,,-5.7,-3.2,0,0,
2018,1898437,186607,Richie,Richie,14,8,164,DEF-0022,100017,New England Patriots,DEF,NE,0,0,,1.53,,,-0.9,-0.5,0.92,0,
2018,1898467,186609,Nolan & Vinny,Nolan & Vinny,14,9,165,00-0027325,24318,LeGarrette Blount,RB,DET,0,0,,-2.41,,,29.3,16.4,0,0,
2018,1898527,186613,Pung & Tralie,Pung & Tralie,14,10,166,00-0033873,30123,Patrick Mahomes,QB,KC,0,0,,44.05,,,46.6,26,0,0,
2018,1898557,186615,Team JoeBa,Team JoeBa,14,11,167,00-0030821,27874,Allen Hurns,WR,DAL,0,0,,-3.65,,,43.9,24.5,0,0,
2018,1898482,186610,Frank & Julian,Frank & Julian,14,12,168,00-0033611,30494,Ricky Seals-Jones,TE,ARI,0,0,,-1.32,,,10.9,6.1,0.46,0,
2018,1898483,186610,Frank & Julian,Frank & Julian,15,1,169,00-0033839,30223,Dede Westbrook,WR,JAX,0,0,,1.05,,,17.4,9.7,0,0,
2018,1898558,186615,Team JoeBa,Team JoeBa,15,2,170,00-0028064,24913,Bilal Powell,RB,NYJ,0,0,,-2.28,,,41.7,23.3,0,0,
2018,1898528,186613,Pung & Tralie,Pung & Tralie,15,3,171,00-0033303,30346,Harrison Butker,K,KC,0,0,,7.74,,,1,0.6,0.85,0,
2018,1898468,186609,Nolan & Vinny,Nolan & Vinny,15,4,172,00-0034351,31019,Dallas Goedert,TE,PHI,0,0,,-0.76,,,,,,0,
2018,1898438,186607,Richie,Richie,15,5,173,00-0023252,7520,Robbie Gould,K,SF,0,0,,4.97,,,0.7,0.4,0.92,0,
2018,1898543,186614,Rob & GregBo,Rob & GregBo,15,6,174,00-0031387,27538,Eric Ebron,TE,IND,0,0,,25.91,,,20.9,11.7,0.15,0,
2018,1898513,186612,Cambrias,Cambrias,15,7,175,00-0034829,31012,Mike Gesicki,TE,MIA,0,0,,-1,,,18.3,10.2,0.03,0,
2018,1898573,186616,Chris & Dom,Chris & Dom,15,8,176,00-0034353,31021,Anthony Miller,WR,CHI,0,0,,-0.5,,,40.9,22.8,0,0,
2018,1898453,186608,Ronnie,Ronnie,15,9,177,00-0033460,30122,John Ross,WR,CIN,0,0,,-0.5,,,22.2,12.4,0,0,
2018,1898498,186611,Phil Baldino,Phil Baldino,15,10,178,00-0032087,28685,Josh Lambo,K,JAX,0,0,,-0.06,,,,,,0,
2018,1898602,186618,LFTLR,LFTLR,15,11,179,DEF-0027,100023,Pittsburgh Steelers,DEF,PIT,0,0,,0.63,,,15.1,8.4,0,0,
2018,1898588,186617,Antdell & Ernie,Antdell & Ernie,15,12,180,00-0033921,30197,Chris Godwin,WR,TB,0,0,,,,,37,20.7,0,0,
2019,1898364,186603,Ronnie,Ronnie,1,1,1,00-0033906,30180,Alvin Kamara,RB,NO,0,0,,7.82,,,-1.7,-0.9,0,0,
2019,1898409,186606,Frank & Julian,Frank & Julian,1,2,2,00-0034844,30972,Saquon Barkley,RB,NYG,0,0,,7.67,,,0.7,0.4,0,0,
2019,1898244,186595,Richie,Richie,1,3,3,00-0033280,30121,Christian McCaffrey,RB,CAR,0,0,,33.86,,,-0.1,-0.1,0.91,0,
2019,1898394,186605,Team JoeBa,Team JoeBa,1,4,4,00-0030564,26650,DeAndre Hopkins,WR,HOU,0,0,,9.14,,,-5.4,-3,0,0,
2019,1898379,186604,Cambrias,Cambrias,1,5,5,00-0033045,29238,Ezekiel Elliott,RB,DAL,0,0,,16.16,,,1.2,0.7,0,0,
2019,1898289,186598,Phil Baldino,Phil Baldino,1,6,6,00-0032187,28474,David Johnson,RB,ARI,0,0,,-1.49,,,-0.2,-0.1,0.88,0,
2019,1898274,186597,Chris & Dom,Chris & Dom,1,7,7,00-0033553,30218,James Conner,RB,PIT,0,0,,-0.9,,,0.2,0.1,0.88,0,
2019,1898319,186600,Nolan & Vinny,Nolan & Vinny,1,8,8,00-0031381,27581,Davante Adams,WR,GB,0,0,,-0.18,,,-1.1,-0.6,0.56,0,
2019,1898349,186602,Rob & GregBo,Rob & GregBo,1,9,9,00-0027944,24793,Julio Jones,WR,ATL,0,0,,9.52,,,-1.5,-0.8,0.21,0,
2019,1898259,186596,Antdell & Ernie,Antdell & Ernie,1,10,10,00-0034791,31005,Nick Chubb,RB,CLE,0,0,,13.46,,,1.3,0.7,0.35,0,
2019,1898304,186599,LFTLR,LFTLR,1,11,11,00-0030496,26671,Le'Veon Bell,RB,NYJ,0,0,,6.77,,,2.9,1.6,0,0,
2019,1898334,186601,Pung & Tralie,Pung & Tralie,1,12,12,00-0032241,28398,Todd Gurley,RB,LAR,0,0,,7.96,,,-3,-1.7,0,0,
2019,1898335,186601,Pung & Tralie,Pung & Tralie,2,1,13,00-0030506,26686,Travis Kelce,TE,KC,0,0,,19.3,,,-4.1,-2.3,0,0,
2019,1898305,186599,LFTLR,LFTLR,2,2,14,00-0032765,29281,Michael Thomas,WR,NO,0,0,,26.42,,,2.2,1.2,0.08,0,
2019,1898260,186596,Antdell & Ernie,Antdell & Ernie,2,3,15,00-0033857,30175,JuJu Smith-Schuster,WR,PIT,0,0,,-8.98,,,0.4,0.2,0.81,0,
2019,1898350,186602,Rob & GregBo,Rob & GregBo,2,4,16,00-0033893,30154,Dalvin Cook,RB,MIN,0,0,,21.56,,,3.3,1.8,0,0,
2019,1898320,186600,Nolan & Vinny,Nolan & Vinny,2,5,17,00-0031235,27540,Odell Beckham,WR,CLE,0,0,,-0.54,,,2,1.1,0.17,0,
2019,1898275,186597,Chris & Dom,Chris & Dom,2,6,18,00-0033040,29399,Tyreek Hill,WR,KC,0,0,,-1.58,,,1.3,0.7,0.5,0,
2019,1898290,186598,Phil Baldino,Phil Baldino,2,7,19,00-0033873,30123,Patrick Mahomes,QB,KC,0,0,,5.19,,,0.5,0.3,0.92,0,
2019,1898380,186604,Cambrias,Cambrias,2,8,20,00-0027793,24171,Antonio Brown,WR,FA,0,0,,-20.29,,,-3.3,-1.8,0,0,
2019,1898395,186605,Team JoeBa,Team JoeBa,2,9,21,00-0031408,27535,Mike Evans,WR,TB,0,0,,7.39,,,0.5,0.3,0.76,0,
2019,1898245,186595,Richie,Richie,2,10,22,00-0030279,26699,Keenan Allen,WR,LAC,0,0,,8.1,,,-3.4,-1.9,0,0,
2019,1898410,186606,Frank & Julian,Frank & Julian,2,11,23,00-0033897,30161,Joe Mixon,RB,CIN,0,0,,6.87,,,5.4,3,0,0,
2019,1898365,186603,Ronnie,Ronnie,2,12,24,00-0030035,27277,Adam Thielen,WR,MIN,0,0,,-8.81,,,0.2,0.1,0.92,0,
2019,1898366,186603,Ronnie,Ronnie,3,1,25,00-0030874,28115,Damien Williams,RB,KC,0,0,,-5.15,,,-1.4,-0.8,0.67,0,
2019,1898411,186606,Frank & Julian,Frank & Julian,3,2,26,00-0030061,26658,Zach Ertz,TE,PHI,0,0,,17.04,,,-9.7,-5.4,0,0,
2019,1898246,186595,Richie,Richie,3,3,27,00-0033288,30259,George Kittle,TE,SF,0,0,,16.6,,,-4.1,-2.3,0.07,0,
2019,1898396,186605,Team JoeBa,Team JoeBa,3,4,28,00-0033594,30362,Chris Carson,RB,SEA,0,0,,14.18,,,3.8,2.1,0.03,0,
2019,1898381,186604,Cambrias,Cambrias,3,5,29,00-0033293,30295,Aaron Jones,RB,GB,0,0,,26.68,,,1.7,0.9,0.55,0,
2019,1898291,186598,Phil Baldino,Phil Baldino,3,6,30,00-0033856,30117,Leonard Fournette,RB,JAX,0,0,,19.74,,,9.7,5.4,0,0,
2019,1898276,186597,Chris & Dom,Chris & Dom,3,7,31,00-0027150,9496,Julian Edelman,WR,NE,0,0,,11.07,,,-8.7,-4.8,0,0,
2019,1898321,186600,Nolan & Vinny,Nolan & Vinny,3,8,32,00-0035700,31856,Josh Jacobs,RB,LV,0,0,,7.13,,,-0.1,-0.1,0.97,0,
2019,1898351,186602,Rob & GregBo,Rob & GregBo,3,9,33,00-0031544,28392,Amari Cooper,WR,DAL,0,0,,7.82,,,-1.4,-0.8,0.65,0,
2019,1898261,186596,Antdell & Ernie,Antdell & Ernie,3,10,34,00-0031588,28534,Stefon Diggs,WR,MIN,0,0,,4.1,,,1.1,0.6,0.73,0,
2019,1898306,186599,LFTLR,LFTLR,3,11,35,00-0030431,26664,Robert Woods,WR,LAR,0,0,,4.27,,,-7.2,-4,0,0,
2019,1898336,186601,Pung & Tralie,Pung & Tralie,3,12,36,00-0031062,27658,James White,RB,NE,0,0,,7.16,,,-25.5,-14.2,0,0,
2019,1898337,186601,Pung & Tralie,Pung & Tralie,4,1,37,00-0032211,28457,Tyler Lockett,WR,SEA,0,0,,5,,,-6.8,-3.8,0,0,
2019,1898307,186599,LFTLR,LFTLR,4,2,38,00-0034845,31001,Sony Michel,RB,NE,0,0,,-1.63,,,2.6,1.4,0.13,0,
2019,1898262,186596,Antdell & Ernie,Antdell & Ernie,4,3,39,00-0031236,27548,Brandin Cooks,WR,LAR,0,0,,-8.89,,,0.4,0.2,0.89,0,
2019,1898352,186602,Rob & GregBo,Rob & GregBo,4,4,40,00-0034349,31013,Kerryon Johnson,RB,DET,0,0,,-8.86,,,10.4,5.8,0,0,
2019,1898322,186600,Nolan & Vinny,Nolan & Vinny,4,5,41,00-0032144,28403,Melvin Gordon,RB,FA,0,0,,0.92,,,1,0.6,0.79,0,
2019,1898277,186597,Chris & Dom,Chris & Dom,4,6,42,00-0031285,27631,Devonta Freeman,RB,ATL,0,0,,7.24,,,12.6,7,0,0,
2019,1898292,186598,Phil Baldino,Phil Baldino,4,7,43,00-0033921,30197,Chris Godwin,WR,TB,0,0,,18.48,,,0.1,0.1,0.98,0,
2019,1898382,186604,Cambrias,Cambrias,4,8,44,00-0033908,30182,Cooper Kupp,WR,LAR,0,0,,12.03,,,-2,-1.1,0.46,0,
2019,1898397,186605,Team JoeBa,Team JoeBa,4,9,45,00-0032764,29279,Derrick Henry,RB,TEN,0,0,,21.28,,,4.5,2.5,0.04,0,
2019,1898247,186595,Richie,Richie,4,10,46,00-0035685,31905,David Montgomery,RB,CHI,0,0,,0,,,15.5,8.6,0,0,
2019,1898412,186606,Frank & Julian,Frank & Julian,4,11,47,00-0029608,25802,T.Y. Hilton,WR,IND,0,0,,-8.21,,,-6.6,-3.7,0,0,
2019,1898367,186603,Ronnie,Ronnie,4,12,48,00-0031382,27591,Jarvis Landry,WR,CLE,0,0,,6.27,,,-21.1,-11.7,0,0,
2019,1898368,186603,Ronnie,Ronnie,5,1,49,00-0034837,30996,Calvin Ridley,WR,ATL,0,0,,1.1,,,-8.2,-4.6,0,0,
2019,1898413,186606,Frank & Julian,Frank & Julian,5,2,50,00-0033537,30125,Deshaun Watson,QB,HOU,0,0,,16.79,,,3.7,2.1,0.54,0,
2019,1898248,186595,Richie,Richie,5,3,51,00-0033009,29288,Tyler Boyd,WR,CIN,0,0,,4.81,,,-3.2,-1.8,0.27,0,
2019,1898398,186605,Team JoeBa,Team JoeBa,5,4,52,00-0023459,7200,Aaron Rodgers,QB,GB,0,0,,3.27,,,-4.3,-2.4,0.51,0,
2019,1898383,186604,Cambrias,Cambrias,5,5,53,00-0029137,25755,Alshon Jeffery,WR,PHI,0,0,,-7.29,,,-18.1,-10.1,0,0,
2019,1898293,186598,Phil Baldino,Phil Baldino,5,6,54,00-0033932,30209,Kenny Golladay,WR,DET,0,0,,11.05,,,5.7,3.2,0,0,
2019,1898278,186597,Chris & Dom,Chris & Dom,5,7,55,00-0032257,28465,Duke Johnson,RB,HOU,0,0,,-1.54,,,4.7,2.6,0.15,0,
2019,1898323,186600,Nolan & Vinny,Nolan & Vinny,5,8,56,00-0029664,26561,Josh Gordon,WR,NE,0,0,,-12.35,,,6.5,3.6,0,0,
2019,1898353,186602,Rob & GregBo,Rob & GregBo,5,9,57,00-0034109,31379,Phillip Lindsay,RB,DEN,0,0,,8.62,,,7.4,4.1,0,0,
2019,1898263,186596,Antdell & Ernie,Antdell & Ernie,5,10,58,00-0033951,30256,Marlon Mack,RB,IND,0,0,,1.47,,,14.1,7.8,0,0,
2019,1898308,186599,LFTLR,LFTLR,5,11,59,00-0033879,30132,O.J. Howard,TE,TB,0,0,,-3.24,,,4.5,2.5,0.3,0,
2019,1898338,186601,Pung & Tralie,Pung & Tralie,5,12,60,00-0033699,30423,Austin Ekeler,RB,LAC,0,0,,31.51,,,1.5,0.8,0.73,0,
2019,1898339,186601,Pung & Tralie,Pung & Tralie,6,1,61,00-0033839,30223,Dede Westbrook,WR,JAX,0,0,,-5.59,,,-2.9,-1.6,0.49,0,
2019,1898309,186599,LFTLR,LFTLR,6,2,62,00-0033556,30232,Tarik Cohen,RB,CHI,0,0,,-0.67,,,-14.6,-8.1,0,0,
2019,1898264,186596,Antdell & Ernie,Antdell & Ernie,6,3,63,00-0033881,30136,Evan Engram,TE,NYG,0,0,,-1.12,,,5,2.8,0.23,0,
2019,1898354,186602,Rob & GregBo,Rob & GregBo,6,4,64,00-0032950,29236,Carson Wentz,QB,PHI,0,0,,4.28,,,-10.4,-5.8,0,0,
2019,1898324,186600,Nolan & Vinny,Nolan & Vinny,6,5,65,00-0033090,29269,Hunter Henry,TE,LAC,0,0,,3.62,,,1.8,1,0.68,0,
2019,1898279,186597,Chris & Dom,Chris & Dom,6,6,66,00-0034827,30994,D.J. Moore,WR,CAR,0,0,,9.77,,,-0.7,-0.4,0.88,0,
2019,1898294,186598,Phil Baldino,Phil Baldino,6,7,67,00-0034358,31029,Derrius Guice,RB,WAS,0,0,,-9.74,,,-1.7,-0.9,0.78,0,
2019,1898384,186604,Cambrias,Cambrias,6,8,68,00-0027966,24815,Mark Ingram,RB,BAL,0,0,,20.94,,,30.4,16.9,0,0,
2019,1898399,186605,Team JoeBa,Team JoeBa,6,9,69,00-0027061,9353,Jared Cook,TE,NO,0,0,,8.47,,,-4.3,-2.4,0.39,0,
2019,1898249,186595,Richie,Richie,6,10,70,00-0035243,31885,Miles Sanders,RB,PHI,0,0,,13.26,,,16.9,9.4,0,0,
2019,1898414,186606,Frank & Julian,Frank & Julian,6,11,71,00-0032688,29785,Robbie Chosen,WR,NYJ,0,0,,-3.18,,,-2.2,-1.2,0.66,0,
2019,1898369,186603,Ronnie,Ronnie,6,12,72,00-0021142,30120,,,NE,0,0,,,,,,,,0,
2019,1898370,186603,Ronnie,Ronnie,7,1,73,00-0026143,8780,Matt Ryan,QB,ATL,0,0,,2.27,,,2.2,1.2,0.66,0,
2019,1898415,186606,Frank & Julian,Frank & Julian,7,2,74,00-0031428,27589,Allen Robinson,WR,CHI,0,0,,11.34,,,-2.1,-1.2,0.66,0,
2019,1898250,186595,Richie,Richie,7,3,75,00-0029293,25876,Marvin Jones,WR,DET,0,0,,0.97,,,-19.2,-10.7,0,0,
2019,1898400,186605,Team JoeBa,Team JoeBa,7,4,76,00-0027942,24791,A.J. Green,WR,FA,0,0,,-18.57,,,11.9,6.6,0,0,
2019,1898385,186604,Cambrias,Cambrias,7,5,77,00-0030470,26678,Vance McDonald,TE,PIT,0,0,,-3.83,,,0.2,0.1,0.97,0,
2019,1898295,186598,Phil Baldino,Phil Baldino,7,6,78,00-0035250,31906,Devin Singletary,RB,BUF,0,0,,-0.69,,,-6.1,-3.4,0.29,0,
2019,1898280,186597,Chris & Dom,Chris & Dom,7,7,79,00-0027685,24057,Emmanuel Sanders,WR,DEN,0,0,,-0.67,,,-7.2,-4,0,0,
2019,1898325,186600,Nolan & Vinny,Nolan & Vinny,7,8,80,00-0033106,29235,Jared Goff,QB,LAR,0,0,,-2.09,,,-3.5,-1.9,0.53,0,
2019,1898355,186602,Rob & GregBo,Rob & GregBo,7,9,81,00-0034775,31017,Christian Kirk,WR,ARI,0,0,,-3.52,,,-9.6,-5.3,0,0,
2019,1898265,186596,Antdell & Ernie,Antdell & Ernie,7,10,82,00-0030513,26804,Latavius Murray,RB,NO,0,0,,-0.6,,,14.1,7.8,0,0,
2019,1898310,186599,LFTLR,LFTLR,7,11,83,00-0032058,28461,Tevin Coleman,RB,SF,0,0,,-2.01,,,26.3,14.6,0,0,
2019,1898340,186601,Pung & Tralie,Pung & Tralie,7,12,84,00-0032385,29274,Sterling Shepard,WR,NYG,0,0,,-5.39,,,-9.6,-5.3,0,0,
2019,1898341,186601,Pung & Tralie,Pung & Tralie,8,1,85,00-0034855,30971,Baker Mayfield,QB,CLE,0,0,,-3.18,,,18.1,10.1,0,0,
2019,1898311,186599,LFTLR,LFTLR,8,2,86,00-0027939,24788,Cam Newton,QB,CAR,0,0,,-20.9,,,-10.1,-5.6,0,0,
2019,1898266,186596,Antdell & Ernie,Antdell & Ernie,8,3,87,00-0033308,30552,Matt Breida,RB,SF,0,0,,-4.9,,,7.6,4.2,0.16,0,
2019,1898356,186602,Rob & GregBo,Rob & GregBo,8,4,88,00-0033885,30142,David Njoku,TE,CLE,0,0,,-9.53,,,5.5,3.1,0.25,0,
2019,1898326,186600,Nolan & Vinny,Nolan & Vinny,8,5,89,00-0032780,29384,Jordan Howard,RB,PHI,0,0,,-3.97,,,-12.9,-7.2,0,0,
2019,1898281,186597,Chris & Dom,Chris & Dom,8,6,90,00-0020531,5479,Drew Brees,QB,NO,0,0,,-3.77,,,10.5,5.8,0,0,
2019,1898296,186598,Phil Baldino,Phil Baldino,8,7,91,00-0033871,30118,Corey Davis,WR,TEN,0,0,,-7.67,,,-17.7,-9.8,0,0,
2019,1898386,186604,Cambrias,Cambrias,8,8,92,00-0034975,31945,Justice Hill,RB,BAL,0,0,,-10.43,,,-20.8,-11.6,0,0,
2019,1898401,186605,Team JoeBa,Team JoeBa,8,9,93,00-0033118,29307,Kenyan Drake,RB,MIA,0,0,,10.84,,,8.8,4.9,0,0,
2019,1898251,186595,Richie,Richie,8,10,94,00-0033127,29255,Will Fuller,WR,HOU,0,0,,-5.22,,,9.9,5.5,0,0,
2019,1898416,186606,Frank & Julian,Frank & Julian,8,11,95,00-0027029,9317,LeSean McCoy,RB,KC,0,0,,-3.22,,,-10,-5.6,0.25,0,
2019,1898371,186603,Ronnie,Ronnie,8,12,96,00-0031941,28493,Jamison Crowder,WR,NYJ,0,0,,-1.04,,,-35.1,-19.5,0,0,
2019,1898372,186603,Ronnie,Ronnie,9,1,97,00-0034838,31041,Royce Freeman,RB,DEN,0,0,,-1.16,,,-2.1,-1.2,0.74,0,
2019,1898417,186606,Frank & Julian,Frank & Julian,9,2,98,00-0031325,27532,Sammy Watkins,WR,KC,0,0,,-4.79,,,0.3,0.2,0.97,0,
2019,1898252,186595,Richie,Richie,9,3,99,00-0034799,31100,Kalen Ballage,RB,MIA,0,0,,-8.92,,,-29,-16.1,0,0,
2019,1898402,186605,Team JoeBa,Team JoeBa,9,4,100,00-0034272,31144,Marquez Valdes-Scantling,WR,GB,0,0,,-9.59,,,-1.1,-0.6,0.82,0,
2019,1898387,186604,Cambrias,Cambrias,9,5,101,00-0034796,31002,Lamar Jackson,QB,BAL,0,0,,45.72,,,4.5,2.5,0.58,0,
2019,1898297,186598,Phil Baldino,Phil Baldino,9,6,102,00-0033282,30153,Curtis Samuel,WR,CAR,0,0,,-1.65,,,20.7,11.5,0,0,
2019,1898282,186597,Chris & Dom,Chris & Dom,9,7,103,DEF-0006,100003,Chicago Bears,DEF,CHI,0,0,,-2.28,,,12.3,6.8,0,0,
2019,1898327,186600,Nolan & Vinny,Nolan & Vinny,9,8,104,00-0031339,27618,Donte Moncrief,WR,PIT,0,0,,-15.69,,,-13.6,-7.6,0,0,
2019,1898357,186602,Rob & GregBo,Rob & GregBo,9,9,105,00-0034860,31014,Dante Pettis,WR,SF,0,0,,-13.2,,,0.3,0.2,0.96,0,
2019,1898267,186596,Antdell & Ernie,Antdell & Ernie,9,10,106,00-0032626,29719,Geronimo Allison,WR,FA,0,0,,-10.12,,,7.3,4.1,0.08,0,
2019,1898312,186599,LFTLR,LFTLR,9,11,107,00-0024389,7924,Delanie Walker,TE,TEN,0,0,,-5.43,,,2.4,1.3,0.86,0,
2019,1898342,186601,Pung & Tralie,Pung & Tralie,9,12,108,00-0035664,31902,Darrell Henderson,RB,LAR,0,0,,-10.77,,,9.6,5.3,0,0,
2019,1898343,186601,Pung & Tralie,Pung & Tralie,10,1,109,00-0032160,28691,Tyrell Williams,WR,LV,0,0,,-4.05,,,-24.6,-13.7,0,0,
2019,1898313,186599,LFTLR,LFTLR,10,2,110,00-0027891,24035,Golden Tate,WR,FA,0,0,,-4.64,,,-18.4,-10.2,0,0,
2019,1898268,186596,Antdell & Ernie,Antdell & Ernie,10,3,111,00-0031503,28389,Jameis Winston,QB,TB,0,0,,12.92,,,5.7,3.2,0.37,0,
2019,1898358,186602,Rob & GregBo,Rob & GregBo,10,4,112,00-0026189,8826,DeSean Jackson,WR,PHI,0,0,,-12.43,,,-10.4,-5.8,0,0,
2019,1898328,186600,Nolan & Vinny,Nolan & Vinny,10,5,113,00-0022921,6762,Larry Fitzgerald,WR,ARI,0,0,,-1.9,,,0.8,0.4,0.89,0,
2019,1898283,186597,Chris & Dom,Chris & Dom,10,6,114,00-0030710,27789,Trey Burton,TE,FA,0,0,,-7.63,,,-41,-22.8,0,0,
2019,1898298,186598,Phil Baldino,Phil Baldino,10,7,115,00-0032392,29315,Austin Hooper,TE,ATL,0,0,,16.71,,,-4.1,-2.3,0.74,0,
2019,1898388,186604,Cambrias,Cambrias,10,8,116,00-0035261,31960,Tony Pollard,RB,DAL,0,0,,-5.61,,,33.1,18.4,0,0,
2019,1898403,186605,Team JoeBa,Team JoeBa,10,9,117,DEF-0015,100030,Jacksonville Jaguars,DEF,JAX,0,0,,-2.38,,,1.2,0.7,0.84,0,
2019,1898253,186595,Richie,Richie,10,10,118,00-0034764,31051,Michael Gallup,WR,DAL,0,0,,-0.99,,,1.1,0.6,0.85,0,
2019,1898418,186606,Frank & Julian,Frank & Julian,10,11,119,DEF-0019,100014,Los Angeles Rams,DEF,LAR,0,0,,4.17,,,,,,0,
2019,1898373,186603,Ronnie,Ronnie,10,12,120,00-0025418,8285,Greg Olsen,TE,CAR,0,0,,0,,,-33.8,-18.8,0,0,
2019,1898374,186603,Ronnie,Ronnie,11,1,121,00-0034331,31135,Jaylen Samuels,RB,PIT,0,0,,-3.97,,,-3.5,-1.9,0.69,0,
2019,1898419,186606,Frank & Julian,Frank & Julian,11,2,122,00-0030085,26767,Kenny Stills,WR,HOU,0,0,,-5.31,,,,,,0,
2019,1898254,186595,Richie,Richie,11,3,123,00-0034750,30997,Rashaad Penny,RB,SEA,0,0,,-5.85,,,29.3,16.3,0,0,
2019,1898404,186605,Team JoeBa,Team JoeBa,11,4,124,00-0034351,31019,Dallas Goedert,TE,PHI,0,0,,4.41,,,,,,0,
2019,1898389,186604,Cambrias,Cambrias,11,5,125,00-0029263,25785,Russell Wilson,QB,SEA,0,0,,18.3,,,32.3,17.9,0,0,
2019,1898299,186598,Phil Baldino,Phil Baldino,11,6,126,00-0035640,31896,DK Metcalf,WR,SEA,0,0,,-1.78,,,-8.9,-4.9,0,0,
2019,1898284,186597,Chris & Dom,Chris & Dom,11,7,127,00-0034378,31096,Ito Smith,RB,ATL,0,0,,-8.4,,,-26.5,-14.7,0,0,
2019,1898329,186600,Nolan & Vinny,Nolan & Vinny,11,8,128,00-0029597,26534,Justin Tucker,K,BAL,0,0,,6.24,,,-16.8,-9.3,0,0,
2019,1898359,186602,Rob & GregBo,Rob & GregBo,11,9,129,00-0031051,27619,John Brown,WR,BUF,0,0,,7.65,,,-2.3,-1.3,0.67,0,
2019,1898269,186596,Antdell & Ernie,Antdell & Ernie,11,10,130,00-0034353,31021,Anthony Miller,WR,CHI,0,0,,-4.32,,,4.3,2.4,0.43,0,
2019,1898314,186599,LFTLR,LFTLR,11,11,131,00-0031045,27585,Carlos Hyde,RB,HOU,0,0,,-0.08,,,-20.6,-11.4,0,0,
2019,1898344,186601,Pung & Tralie,Pung & Tralie,11,12,132,00-0032009,29070,Adam Humphries,WR,TEN,0,0,,-7.16,,,,,,0,
2019,1898345,186601,Pung & Tralie,Pung & Tralie,12,1,133,00-0030404,26777,Chris Thompson,RB,WAS,0,0,,-4.24,,,,,,0,
2019,1898315,186599,LFTLR,LFTLR,12,2,134,00-0033787,30266,Jake Elliott,K,PHI,0,0,,-1.19,,,-32.1,-17.8,0,0,
2019,1898270,186596,Antdell & Ernie,Antdell & Ernie,12,3,135,00-0034440,31221,Justin Jackson,RB,LAC,0,0,,-8.14,,,30.3,16.8,0,0,
2019,1898360,186602,Rob & GregBo,Rob & GregBo,12,4,136,00-0032741,29560,Peyton Barber,RB,TB,0,0,,-2.78,,,2.5,1.4,0.79,0,
2019,1898330,186600,Nolan & Vinny,Nolan & Vinny,12,5,137,DEF-0021,100016,Minnesota Vikings,DEF,MIN,0,0,,5.2,,,,,,0,
2019,1898285,186597,Chris & Dom,Chris & Dom,12,6,138,00-0029621,25881,Greg Zuerlein,K,LAR,0,0,,2.03,,,-9.1,-5.1,0,0,
2019,1898300,186598,Phil Baldino,Phil Baldino,12,7,139,00-0024333,7867,Stephen Gostkowski,K,NE,0,0,,-5.03,,,-21.4,-11.9,0,0,
2019,1898390,186604,Cambrias,Cambrias,12,8,140,DEF-0003,100033,Baltimore Ravens,DEF,BAL,0,0,,4.94,,,21,11.7,0,0,
2019,1898405,186605,Team JoeBa,Team JoeBa,12,9,141,00-0032569,29754,Wil Lutz,K,NO,0,0,,12.53,,,-18,-10,0,0,
2019,1898255,186595,Richie,Richie,12,10,142,00-0034972,31934,Alexander Mattison,RB,MIN,0,0,,-5.17,,,12.7,7.1,0,0,
2019,1898420,186606,Frank & Julian,Frank & Julian,12,11,143,00-0028087,24936,Dion Lewis,RB,TEN,0,0,,-5.26,,,3.5,1.9,0.77,0,
2019,1898375,186603,Ronnie,Ronnie,12,12,144,DEF-0010,100007,Denver Broncos,DEF,DEN,0,0,,-1.39,,,-1,-0.6,0.93,0,
2019,1898376,186603,Ronnie,Ronnie,13,1,145,00-0033303,30346,Harrison Butker,K,KC,0,0,,12.92,,,-10.8,-6,0,0,
2019,1898421,186606,Frank & Julian,Frank & Julian,13,2,146,00-0030456,26660,Giovani Bernard,RB,CIN,0,0,,-4.84,,,-9.3,-5.2,0.43,0,
2019,1898256,186595,Richie,Richie,13,3,147,00-0033077,29369,Dak Prescott,QB,DAL,0,0,,18.78,,,20.3,11.3,0,0,
2019,1898406,186605,Team JoeBa,Team JoeBa,13,4,148,00-0031280,27564,Derek Carr,QB,LV,0,0,,-0.96,,,-14.1,-7.8,0.11,0,
2019,1898391,186604,Cambrias,Cambrias,13,5,149,00-0034676,31030,James Washington,WR,PIT,0,0,,-3.06,,,35.6,19.8,0,0,
2019,1898301,186598,Phil Baldino,Phil Baldino,13,6,150,DEF-0026,100021,Philadelphia Eagles,DEF,PHI,0,0,,-0.84,,,-10.9,-6.1,0.19,0,
2019,1898286,186597,Chris & Dom,Chris & Dom,13,7,151,00-0022942,6763,Philip Rivers,QB,LAC,0,0,,-1.27,,,32.1,17.8,0,0,
2019,1898331,186600,Nolan & Vinny,Nolan & Vinny,13,8,152,00-0025394,8261,Adrian Peterson,RB,FA,0,0,,-0.7,,,,,,0,
2019,1898361,186602,Rob & GregBo,Rob & GregBo,13,9,153,00-0019596,5228,Tom Brady,QB,NE,0,0,,1.61,,,41.9,23.3,0,0,
2019,1898271,186596,Antdell & Ernie,Antdell & Ernie,13,10,154,00-0035148,32046,Darwin Thompson,RB,KC,0,0,,-6.05,,,70.8,39.3,0,0,
2019,1898316,186599,LFTLR,LFTLR,13,11,155,00-0029604,25812,Kirk Cousins,QB,MIN,0,0,,0,,,21.6,12,0,0,
2019,1898346,186601,Pung & Tralie,Pung & Tralie,13,12,156,00-0035228,31833,Kyler Murray,QB,ARI,0,0,,8.94,,,45.6,25.3,0,0,
2019,1898347,186601,Pung & Tralie,Pung & Tralie,14,1,157,00-0023252,7520,Robbie Gould,K,SF,0,0,,-0.31,,,-11.7,-6.5,0,0,
2019,1898317,186599,LFTLR,LFTLR,14,2,158,DEF-0029,100026,Seattle Seahawks,DEF,SEA,0,0,,0.6,,,-4.4,-2.4,0.6,0,
2019,1898272,186596,Antdell & Ernie,Antdell & Ernie,14,3,159,DEF-0009,100006,Dallas Cowboys,DEF,DAL,0,0,,-1.19,,,12.9,7.2,0,0,
2019,1898362,186602,Rob & GregBo,Rob & GregBo,14,4,160,DEF-0018,100024,Los Angeles Chargers,DEF,LAC,0,0,,-1.65,,,,,,0,
2019,1898332,186600,Nolan & Vinny,Nolan & Vinny,14,5,161,00-0034366,31073,Keke Coutee,WR,FA,0,0,,-5.58,,,12.3,6.8,0,0,
2019,1898287,186597,Chris & Dom,Chris & Dom,14,6,162,00-0029632,25793,Mohamed Sanu,WR,ATL,0,0,,-2.82,,,-1.7,-0.9,0.86,0,
2019,1898302,186598,Phil Baldino,Phil Baldino,14,7,163,00-0022924,6770,Ben Roethlisberger,QB,PIT,0,0,,-8.6,,,45,25,0,0,
2019,1898392,186604,Cambrias,Cambrias,14,8,164,DEF-0022,100017,New England Patriots,DEF,NE,0,0,,33.39,,,12.6,7,0.26,0,
2019,1898407,186605,Team JoeBa,Team JoeBa,14,9,165,00-0035657,31919,Damien Harris,RB,FA,0,0,,-5.26,,,18.6,10.3,0,0,
2019,1898257,186595,Richie,Richie,14,10,166,00-0032726,29792,Ka'imi Fairbairn,K,HOU,0,0,,-0.2,,,2.5,1.4,0.39,0,
2019,1898422,186606,Frank & Julian,Frank & Julian,14,11,167,00-0031547,28402,DeVante Parker,WR,MIA,0,0,,10.25,,,,,,0,
2019,1898377,186603,Ronnie,Ronnie,14,12,168,00-0033923,30199,Kareem Hunt,RB,FA,0,0,,-1.73,,,63,35,0,0,
2019,1898378,186603,Ronnie,Ronnie,15,1,169,00-0033869,30115,Mitchell Trubisky,QB,CHI,0,0,,-1.23,,,28.4,15.8,0,0,
2019,1898423,186606,Frank & Julian,Frank & Julian,15,2,170,00-0025580,8447,Mason Crosby,K,GB,0,0,,-0.28,,,3.9,2.2,0.66,0,
2019,1898258,186595,Richie,Richie,15,3,171,DEF-0008,100005,Cleveland Browns,DEF,CLE,0,0,,-0.73,,,33.4,18.6,0,0,
2019,1898408,186605,Team JoeBa,Team JoeBa,15,4,172,00-0027874,23997,Demaryius Thomas,WR,FA,0,0,,-2.31,,,6.2,3.4,0.44,0,
2019,1898393,186604,Cambrias,Cambrias,15,5,173,00-0020578,6243,Matt Bryant,K,FA,0,0,,-1.27,,,,,,0,
2019,1898303,186598,Phil Baldino,Phil Baldino,15,6,174,00-0034816,31008,Ronald Jones,RB,TB,0,0,,0.19,,,19.3,10.7,0,0,
2019,1898288,186597,Chris & Dom,Chris & Dom,15,7,175,00-0034753,31056,Mark Andrews,TE,BAL,0,0,,27.09,,,42.4,23.6,0,0,
2019,1898333,186600,Nolan & Vinny,Nolan & Vinny,15,8,176,00-0030669,28046,Albert Wilson,WR,MIA,0,0,,-1.33,,,,,,0,
2019,1898363,186602,Rob & GregBo,Rob & GregBo,15,9,177,00-0016919,3727,Adam Vinatieri,K,IND,0,0,,-0.29,,,,,,0,
2019,1898273,186596,Antdell & Ernie,Antdell & Ernie,15,10,178,00-0030332,27369,Brett Maher,K,DAL,0,0,,-0.05,,,10,5.6,0.54,0,
2019,1898318,186599,LFTLR,LFTLR,15,11,179,00-0031387,27538,Eric Ebron,TE,IND,0,0,,-0.07,,,55,30.6,0,0,
2019,1898348,186601,Pung & Tralie,Pung & Tralie,15,12,180,DEF-0028,100025,San Francisco 49ers,DEF,SF,0,0,,13.07,,,,,,0,
2020,1898214,186593,Team JoeBa,Team JoeBa,1,1,1,00-0033280,30121,Christian McCaffrey,RB,CAR,0,0,,-8.01,,,-0.3,-0.2,0.4,0,
2020,1898169,186590,Rob & GregBo,Rob & GregBo,1,2,2,00-0034844,30972,Saquon Barkley,RB,NYG,0,0,,-17.14,,,-0.5,-0.3,0.29,0,
2020,1898109,186586,Phil Baldino,Phil Baldino,1,3,3,00-0033045,29238,Ezekiel Elliott,RB,DAL,0,0,,5.86,,,-0.7,-0.4,0.5,0,
2020,1898079,186584,Antdell & Ernie,Antdell & Ernie,1,4,4,00-0032764,29279,Derrick Henry,RB,TEN,0,0,,16.62,,,-2.6,-1.4,0,0,
2020,1898184,186591,Ronnie,Ronnie,1,5,5,00-0033893,30154,Dalvin Cook,RB,MIN,0,0,,22.05,,,-1.1,-0.6,0.31,0,
2020,1898139,186588,Nolan & Vinny,Nolan & Vinny,1,6,6,00-0033906,30180,Alvin Kamara,RB,NO,0,0,,28.05,,,1.5,0.8,0,0,
2020,1898064,186583,Richie,Richie,1,7,7,00-0036360,32702,Clyde Edwards-Helaire,RB,KC,0,0,,2.32,,,1.4,0.8,0.07,0,
2020,1898094,186585,Chris & Dom,Chris & Dom,1,8,8,00-0032765,29281,Michael Thomas,WR,NO,0,0,,-13.16,,,0.7,0.4,0.61,0,
2020,1898124,186587,LFTLR,LFTLR,1,9,9,00-0033897,30161,Joe Mixon,RB,CIN,0,0,,-6.84,,,-2.4,-1.3,0,0,
2020,1898154,186589,Pung & Tralie,Pung & Tralie,1,10,10,00-0031381,27581,Davante Adams,WR,GB,0,0,,20.54,,,-0.3,-0.2,0.83,0,
2020,1898229,186594,Frank & Julian,Frank & Julian,1,11,11,00-0033040,29399,Tyreek Hill,WR,KC,0,0,,19.71,,,-2.6,-1.4,0,0,
2020,1898199,186592,Cambrias,Cambrias,1,12,12,00-0035700,31856,Josh Jacobs,RB,LV,0,0,,7.56,,,2.9,1.6,0,0,
2020,1898200,186592,Cambrias,Cambrias,2,1,13,00-0035243,31885,Miles Sanders,RB,CAR,0,0,,2.04,,,-1.2,-0.7,0.54,0,
2020,1898230,186594,Frank & Julian,Frank & Julian,2,2,14,00-0027944,24793,Julio Jones,WR,ATL,0,0,,-5.74,,,-2.4,-1.3,0.17,0,
2020,1898155,186589,Pung & Tralie,Pung & Tralie,2,3,15,00-0033873,30123,Patrick Mahomes,QB,KC,0,0,,18.1,,,-3.3,-1.8,0.47,0,
2020,1898125,186587,LFTLR,LFTLR,2,4,16,00-0033288,30259,George Kittle,TE,SF,0,0,,-3.3,,,-8.7,-4.8,0,0,
2020,1898095,186585,Chris & Dom,Chris & Dom,2,5,17,00-0034791,31005,Nick Chubb,RB,CLE,0,0,,5.14,,,4.7,2.6,0,0,
2020,1898065,186583,Richie,Richie,2,6,18,00-0033118,29307,Kenyan Drake,RB,ARI,0,0,,4.28,,,4.8,2.7,0,0,
2020,1898140,186588,Nolan & Vinny,Nolan & Vinny,2,7,19,00-0030564,26650,DeAndre Hopkins,WR,ARI,0,0,,14.44,,,0.1,0.1,0.97,0,
2020,1898185,186591,Ronnie,Ronnie,2,8,20,00-0033293,30295,Aaron Jones,RB,GB,0,0,,13.61,,,2.6,1.4,0.07,0,
2020,1898080,186584,Antdell & Ernie,Antdell & Ernie,2,9,21,00-0033699,30423,Austin Ekeler,RB,LAC,0,0,,-1.09,,,5.8,3.2,0,0,
2020,1898110,186586,Phil Baldino,Phil Baldino,2,10,22,00-0030506,26686,Travis Kelce,TE,KC,0,0,,29.57,,,2.1,1.2,0.42,0,
2020,1898170,186590,Rob & GregBo,Rob & GregBo,2,11,23,00-0033553,30218,James Conner,RB,PIT,0,0,,-0.43,,,-0.5,-0.3,0.84,0,
2020,1898215,186593,Team JoeBa,Team JoeBa,2,12,24,00-0033921,30197,Chris Godwin,WR,TB,0,0,,-3.72,,,2,1.1,0.31,0,
2020,1898216,186593,Team JoeBa,Team JoeBa,3,1,25,00-0031235,27540,Odell Beckham,WR,CLE,0,0,,-12.19,,,-9.7,-5.4,0,0,
2020,1898171,186590,Rob & GregBo,Rob & GregBo,3,2,26,00-0031408,27535,Mike Evans,WR,TB,0,0,,8.17,,,-1.6,-0.9,0.52,0,
2020,1898111,186586,Phil Baldino,Phil Baldino,3,3,27,00-0033594,30362,Chris Carson,RB,SEA,0,0,,3.4,,,2.7,1.5,0.23,0,
2020,1898081,186584,Antdell & Ernie,Antdell & Ernie,3,4,28,00-0031428,27589,Allen Robinson,WR,CHI,0,0,,11.49,,,-5.3,-2.9,0,0,
2020,1898186,186591,Ronnie,Ronnie,3,5,29,00-0034796,31002,Lamar Jackson,QB,BAL,0,0,,9.39,,,7.6,4.2,0,0,
2020,1898141,186588,Nolan & Vinny,Nolan & Vinny,3,6,30,00-0032187,28474,David Johnson,RB,HOU,0,0,,0.06,,,0.7,0.4,0.8,0,
2020,1898066,186583,Richie,Richie,3,7,31,00-0033932,30209,Kenny Golladay,WR,FA,0,0,,-14.46,,,4.8,2.7,0,0,
2020,1898096,186585,Chris & Dom,Chris & Dom,3,8,32,00-0030035,27277,Adam Thielen,WR,MIN,0,0,,9.48,,,1.8,1,0.47,0,
2020,1898126,186587,LFTLR,LFTLR,3,9,33,00-0027966,24815,Mark Ingram,RB,BAL,0,0,,-12.18,,,-7.9,-4.4,0,0,
2020,1898156,186589,Pung & Tralie,Pung & Tralie,3,10,34,00-0032241,28398,Todd Gurley,RB,ATL,0,0,,0,,,2.9,1.6,0.26,0,
2020,1898231,186594,Frank & Julian,Frank & Julian,3,11,35,00-0034753,31056,Mark Andrews,TE,BAL,0,0,,4.8,,,-8.1,-4.5,0,0,
2020,1898201,186592,Cambrias,Cambrias,3,12,36,00-0033857,30175,JuJu Smith-Schuster,WR,PIT,0,0,,3.97,,,-4.8,-2.7,0,0,
2020,1898202,186592,Cambrias,Cambrias,4,1,37,00-0030061,26658,Zach Ertz,TE,PHI,0,0,,-7.01,,,-14.9,-8.3,0,0,
2020,1898232,186594,Frank & Julian,Frank & Julian,4,2,38,00-0030496,26671,Le'Veon Bell,RB,NYJ,0,0,,-9.21,,,5,2.8,0,0,
2020,1898157,186589,Pung & Tralie,Pung & Tralie,4,3,39,00-0032144,28403,Melvin Gordon,RB,DEN,0,0,,4.17,,,0.3,0.2,0.94,0,
2020,1898127,186587,LFTLR,LFTLR,4,4,40,00-0033908,30182,Cooper Kupp,WR,LAR,0,0,,3.71,,,1.2,0.7,0.74,0,
2020,1898097,186585,Chris & Dom,Chris & Dom,4,5,41,00-0036223,32711,Jonathan Taylor,RB,IND,0,0,,11.58,,,7.7,4.3,0,0,
2020,1898067,186583,Richie,Richie,4,6,42,00-0034827,30994,D.J. Moore,WR,CAR,0,0,,0.82,,,5.4,3,0,0,
2020,1898142,186588,Nolan & Vinny,Nolan & Vinny,4,7,43,00-0032211,28457,Tyler Lockett,WR,SEA,0,0,,7.87,,,-8.6,-4.8,0,0,
2020,1898187,186591,Ronnie,Ronnie,4,8,44,00-0035640,31896,DK Metcalf,WR,SEA,0,0,,15.81,,,-2.5,-1.4,0.32,0,
2020,1898082,186584,Antdell & Ernie,Antdell & Ernie,4,9,45,00-0031544,28392,Amari Cooper,WR,DAL,0,0,,7.2,,,9.4,5.2,0,0,
2020,1898112,186586,Phil Baldino,Phil Baldino,4,10,46,00-0034837,30996,Calvin Ridley,WR,ATL,0,0,,15.95,,,3.6,2,0.08,0,
2020,1898172,186590,Rob & GregBo,Rob & GregBo,4,11,47,00-0035659,31908,Terry McLaurin,WR,WAS,0,0,,3.06,,,-4.3,-2.4,0,0,
2020,1898217,186593,Team JoeBa,Team JoeBa,4,12,48,00-0031687,28654,Raheem Mostert,RB,SF,0,0,,-6.27,,,-0.3,-0.2,0.95,0,
2020,1898218,186593,Team JoeBa,Team JoeBa,5,1,49,00-0031610,28592,Darren Waller,TE,LV,0,0,,24.34,,,-15.4,-8.6,0,0,
2020,1898173,186590,Rob & GregBo,Rob & GregBo,5,2,50,00-0033881,30136,Evan Engram,TE,NYG,0,0,,0,,,-21.9,-12.2,0,0,
2020,1898113,186586,Phil Baldino,Phil Baldino,5,3,51,00-0036414,32722,Cam Akers,RB,LAR,0,0,,-7.11,,,-1.2,-0.7,0.8,0,
2020,1898083,186584,Antdell & Ernie,Antdell & Ernie,5,4,52,00-0034777,31031,D.J. Chark,WR,JAX,0,0,,-4.28,,,3.3,1.8,0.23,0,
2020,1898188,186591,Ronnie,Ronnie,5,5,53,00-0031588,28534,Stefon Diggs,WR,BUF,0,0,,26.34,,,-9.7,-5.4,0,0,
2020,1898143,186588,Nolan & Vinny,Nolan & Vinny,5,6,54,00-0029263,25785,Russell Wilson,QB,SEA,0,0,,18.36,,,-6.3,-3.5,0.26,0,
2020,1898068,186583,Richie,Richie,5,7,55,00-0030431,26664,Robert Woods,WR,LAR,0,0,,9.59,,,11,6.1,0,0,
2020,1898098,186585,Chris & Dom,Chris & Dom,5,8,56,00-0035676,31883,A.J. Brown,WR,TEN,0,0,,4.92,,,12.3,6.8,0,0,
2020,1898128,186587,LFTLR,LFTLR,5,9,57,00-0033537,30125,Deshaun Watson,QB,HOU,0,0,,19.07,,,-9.9,-5.5,0,0,
2020,1898158,186589,Pung & Tralie,Pung & Tralie,5,10,58,00-0030279,26699,Keenan Allen,WR,LAC,0,0,,11.46,,,8.3,4.6,0,0,
2020,1898233,186594,Frank & Julian,Frank & Julian,5,11,59,00-0033556,30232,Tarik Cohen,RB,CHI,0,0,,-14.48,,,-40.9,-22.7,0,0,
2020,1898203,186592,Cambrias,Cambrias,5,12,60,00-0033923,30199,Kareem Hunt,RB,CLE,0,0,,12.72,,,3.3,1.8,0.46,0,
2020,1898204,186592,Cambrias,Cambrias,6,1,61,00-0029608,25802,T.Y. Hilton,WR,IND,0,0,,-4.47,,,1.2,0.7,0.79,0,
2020,1898234,186594,Frank & Julian,Frank & Julian,6,2,62,00-0034348,31010,Courtland Sutton,WR,DEN,0,0,,-18.76,,,4.4,2.4,0.12,0,
2020,1898159,186589,Pung & Tralie,Pung & Tralie,6,3,63,00-0033009,29288,Tyler Boyd,WR,CIN,0,0,,-0.3,,,-13.7,-7.6,0,0,
2020,1898129,186587,LFTLR,LFTLR,6,4,64,DEF-0028,100025,San Francisco 49ers,DEF,SF,0,0,,-1.01,,,-39.1,-21.7,0,0,
2020,1898099,186585,Chris & Dom,Chris & Dom,6,5,65,00-0033077,29369,Dak Prescott,QB,DAL,0,0,,-12.46,,,12,6.7,0,0,
2020,1898069,186583,Richie,Richie,6,6,66,00-0027942,24791,A.J. Green,WR,CIN,0,0,,-8.42,,,-5.2,-2.9,0.21,0,
2020,1898144,186588,Nolan & Vinny,Nolan & Vinny,6,7,67,00-0034764,31051,Michael Gallup,WR,DAL,0,0,,-3.09,,,-2.7,-1.5,0.52,0,
2020,1898189,186591,Ronnie,Ronnie,6,8,68,00-0035662,31857,Marquise Brown,WR,BAL,0,0,,-3.23,,,8.1,4.5,0,0,
2020,1898084,186584,Antdell & Ernie,Antdell & Ernie,6,9,69,00-0033856,30117,Leonard Fournette,RB,TB,0,0,,-3.11,,,41.1,22.8,0,0,
2020,1898114,186586,Phil Baldino,Phil Baldino,6,10,70,00-0035228,31833,Kyler Murray,QB,ARI,0,0,,27.52,,,9.7,5.4,0,0,
2020,1898174,186590,Rob & GregBo,Rob & GregBo,6,11,71,00-0035685,31905,David Montgomery,RB,CHI,0,0,,18.92,,,17.8,9.9,0,0,
2020,1898219,186593,Team JoeBa,Team JoeBa,6,12,72,00-0031547,28402,DeVante Parker,WR,MIA,0,0,,-4.67,,,4.5,2.5,0.13,0,
2020,1898220,186593,Team JoeBa,Team JoeBa,7,1,73,00-0032950,29236,Carson Wentz,QB,PHI,0,0,,-5.98,,,-27.6,-15.3,0,0,
2020,1898175,186590,Rob & GregBo,Rob & GregBo,7,2,74,00-0026143,8780,Matt Ryan,QB,ATL,0,0,,0,,,-7.4,-4.1,0.01,0,
2020,1898115,186586,Phil Baldino,Phil Baldino,7,3,75,00-0031382,27591,Jarvis Landry,WR,CLE,0,0,,-2.3,,,-10.6,-5.9,0,0,
2020,1898085,186584,Antdell & Ernie,Antdell & Ernie,7,4,76,00-0033127,29255,Will Fuller,WR,HOU,0,0,,-0.53,,,2.1,1.2,0.71,0,
2020,1898190,186591,Ronnie,Ronnie,7,5,77,00-0027150,9496,Julian Edelman,WR,NE,0,0,,-13.2,,,-4.6,-2.6,0.34,0,
2020,1898145,186588,Nolan & Vinny,Nolan & Vinny,7,6,78,00-0027656,24017,Rob Gronkowski,TE,TB,0,0,,1.38,,,4.1,2.3,0.59,0,
2020,1898070,186583,Richie,Richie,7,7,79,00-0036328,32736,Antonio Gibson,RB,WAS,0,0,,8.51,,,-2.6,-1.4,0.64,0,
2020,1898100,186585,Chris & Dom,Chris & Dom,7,8,80,00-0033110,29344,Tyler Higbee,TE,LAR,0,0,,-1.77,,,-15.8,-8.8,0,0,
2020,1898130,186587,LFTLR,LFTLR,7,9,81,00-0029293,25876,Marvin Jones,WR,DET,0,0,,-0.53,,,-10.8,-6,0,0,
2020,1898160,186589,Pung & Tralie,Pung & Tralie,7,10,82,00-0036275,32705,D'Andre Swift,RB,DET,0,0,,3.78,,,19.3,10.7,0,0,
2020,1898235,186594,Frank & Julian,Frank & Julian,7,11,83,00-0034857,30977,Josh Allen,QB,BUF,0,0,,29.62,,,-9.7,-5.4,0,0,
2020,1898205,186592,Cambrias,Cambrias,7,12,84,00-0036251,32756,Zack Moss,RB,BUF,0,0,,-5.6,,,-2.5,-1.4,0.64,0,
2020,1898206,186592,Cambrias,Cambrias,8,1,85,00-0035719,31868,Deebo Samuel,WR,SF,0,0,,-10.53,,,-0.4,-0.2,0.95,0,
2020,1898236,186594,Frank & Julian,Frank & Julian,8,2,86,00-0036158,32725,J.K. Dobbins,RB,BAL,0,0,,-1.68,,,16.4,9.1,0,0,
2020,1898161,186589,Pung & Tralie,Pung & Tralie,8,3,87,DEF-0003,100033,Baltimore Ravens,DEF,BAL,0,0,,8.14,,,-36.1,-20.1,0,0,
2020,1898131,186587,LFTLR,LFTLR,8,4,88,00-0029597,26534,Justin Tucker,K,BAL,0,0,,2.81,,,-57.8,-32.1,0,0,
2020,1898101,186585,Chris & Dom,Chris & Dom,8,5,89,00-0034816,31008,Ronald Jones,RB,TB,0,0,,3.53,,,31.9,17.7,0,0,
2020,1898071,186583,Richie,Richie,8,6,90,00-0027061,9353,Jared Cook,TE,NO,0,0,,-2.19,,,-28.3,-15.7,0,0,
2020,1898146,186588,Nolan & Vinny,Nolan & Vinny,8,7,91,00-0034845,31001,Sony Michel,RB,NE,0,0,,-9.54,,,-9.8,-5.4,0,0,
2020,1898191,186591,Ronnie,Ronnie,8,8,92,00-0034109,31379,Phillip Lindsay,RB,DEN,0,0,,-8.21,,,15.9,8.8,0,0,
2020,1898086,186584,Antdell & Ernie,Antdell & Ernie,8,9,93,00-0031062,27658,James White,RB,NE,0,0,,-4.83,,,8.7,4.8,0,0,
2020,1898116,186586,Phil Baldino,Phil Baldino,8,10,94,00-0035250,31906,Devin Singletary,RB,BUF,0,0,,-1.45,,,51.5,28.6,0,0,
2020,1898176,186590,Rob & GregBo,Rob & GregBo,8,11,95,00-0035216,31898,Diontae Johnson,WR,PIT,0,0,,4.38,,,1,0.6,0.88,0,
2020,1898221,186593,Team JoeBa,Team JoeBa,8,12,96,00-0031051,27619,John Brown,WR,BUF,0,0,,-10.16,,,-35.4,-19.7,0,0,
2020,1898222,186593,Team JoeBa,Team JoeBa,9,1,97,00-0031941,28493,Jamison Crowder,WR,NYJ,0,0,,-2.57,,,-14,-7.8,0,0,
2020,1898177,186590,Rob & GregBo,Rob & GregBo,9,2,98,00-0033090,29269,Hunter Henry,TE,LAC,0,0,,1.71,,,2.4,1.3,0.78,0,
2020,1898117,186586,Phil Baldino,Phil Baldino,9,3,99,00-0031236,27548,Brandin Cooks,WR,HOU,0,0,,0,,,19.2,10.7,0,0,
2020,1898087,186584,Antdell & Ernie,Antdell & Ernie,9,4,100,00-0035229,31840,T.J. Hockenson,TE,DET,0,0,,8.2,,,-50.3,-27.9,0,0,
2020,1898192,186591,Ronnie,Ronnie,9,5,101,00-0036357,32682,Henry Ruggs,WR,LV,0,0,,-9.91,,,-13.1,-7.3,0,0,
2020,1898147,186588,Nolan & Vinny,Nolan & Vinny,9,6,102,00-0036358,32687,CeeDee Lamb,WR,DAL,0,0,,3.91,,,-0.6,-0.3,0.94,0,
2020,1898072,186583,Richie,Richie,9,7,103,00-0032385,29274,Sterling Shepard,WR,NYG,0,0,,-5.53,,,-14.2,-7.9,0,0,
2020,1898102,186585,Chris & Dom,Chris & Dom,9,8,104,DEF-0027,100023,Pittsburgh Steelers,DEF,PIT,0,0,,12.31,,,-10.6,-5.9,0,0,
2020,1898132,186587,LFTLR,LFTLR,9,9,105,00-0027685,24057,Emmanuel Sanders,WR,NO,0,0,,-4.16,,,7,3.9,0.21,0,
2020,1898162,186589,Pung & Tralie,Pung & Tralie,9,10,106,00-0032058,28461,Tevin Coleman,RB,SF,0,0,,-12.1,,,15.6,8.7,0,0,
2020,1898237,186594,Frank & Julian,Frank & Julian,9,11,107,DEF-0006,100003,Chicago Bears,DEF,CHI,0,0,,-0.41,,,-28.7,-15.9,0,0,
2020,1898207,186592,Cambrias,Cambrias,9,12,108,00-0019596,5228,Tom Brady,QB,TB,0,0,,12.96,,,8.3,4.6,0.23,0,
2020,1898208,186592,Cambrias,Cambrias,10,1,109,00-0034830,30995,Hayden Hurst,TE,ATL,0,0,,-0.2,,,27.3,15.2,0,0,
2020,1898238,186594,Frank & Julian,Frank & Julian,10,2,110,00-0033303,30346,Harrison Butker,K,KC,0,0,,1.36,,,-37,-20.6,0,0,
2020,1898163,186589,Pung & Tralie,Pung & Tralie,10,3,111,00-0035140,31888,Mecole Hardman,WR,KC,0,0,,-5.56,,,13.6,7.6,0,0,
2020,1898133,186587,LFTLR,LFTLR,10,4,112,00-0034351,31019,Dallas Goedert,TE,PHI,0,0,,-1.86,,,,,,0,
2020,1898103,186585,Chris & Dom,Chris & Dom,10,5,113,00-0035535,32003,Darius Slayton,WR,NYG,0,0,,-4.64,,,9.4,5.2,0,0,
2020,1898073,186583,Richie,Richie,10,6,114,00-0032780,29384,Jordan Howard,RB,MIA,0,0,,-10.06,,,37.9,21.1,0,0,
2020,1898148,186588,Nolan & Vinny,Nolan & Vinny,10,7,115,DEF-0023,100018,New Orleans Saints,DEF,NO,0,0,,3.03,,,-45.9,-25.5,0,0,
2020,1898193,186591,Ronnie,Ronnie,10,8,116,00-0033951,30256,Marlon Mack,RB,IND,0,0,,-11.62,,,46.3,25.7,0,0,
2020,1898088,186584,Antdell & Ernie,Antdell & Ernie,10,9,117,00-0034829,31012,Mike Gesicki,TE,MIA,0,0,,2.71,,,-22.5,-12.5,0,0,
2020,1898118,186586,Phil Baldino,Phil Baldino,10,10,118,00-0036442,32671,Joe Burrow,QB,CIN,0,0,,-6.56,,,-25.8,-14.3,0,0,
2020,1898178,186590,Rob & GregBo,Rob & GregBo,10,11,119,00-0036322,32692,Justin Jefferson,WR,MIN,0,0,,15.98,,,-16.4,-9.1,0,0,
2020,1898223,186593,Team JoeBa,Team JoeBa,10,12,120,00-0034349,31013,Kerryon Johnson,RB,DET,0,0,,-6.53,,,38.8,21.6,0,0,
2020,1898224,186593,Team JoeBa,Team JoeBa,11,1,121,00-0033308,30552,Matt Breida,RB,MIA,0,0,,-8.69,,,28.2,15.7,0,0,
2020,1898179,186590,Rob & GregBo,Rob & GregBo,11,2,122,00-0035256,31944,Bryce Love,RB,FA,0,0,,-11.73,,,-9.4,-5.2,0.02,0,
2020,1898119,186586,Phil Baldino,Phil Baldino,11,3,123,00-0035624,31864,N'Keal Harry,WR,NE,0,0,,-8.95,,,-29.6,-16.4,0,0,
2020,1898089,186584,Antdell & Ernie,Antdell & Ernie,11,4,124,00-0026498,9265,Matthew Stafford,QB,DET,0,0,,-1.58,,,12.2,6.8,0,0,
2020,1898194,186591,Ronnie,Ronnie,11,5,125,00-0035644,31852,Noah Fant,TE,DEN,0,0,,0.2,,,10.2,5.7,0.31,0,
2020,1898149,186588,Nolan & Vinny,Nolan & Vinny,11,6,126,00-0032569,29754,Wil Lutz,K,NO,0,0,,-0.07,,,-29,-16.1,0,0,
2020,1898074,186583,Richie,Richie,11,7,127,00-0026189,8826,DeSean Jackson,WR,PHI,0,0,,-10.51,,,3.7,2.1,0.48,0,
2020,1898104,186585,Chris & Dom,Chris & Dom,11,8,128,00-0029621,25881,Greg Zuerlein,K,DAL,0,0,,3.12,,,-26.9,-14.9,0,0,
2020,1898134,186587,LFTLR,LFTLR,11,9,129,00-0027939,24788,Cam Newton,QB,NE,0,0,,-2.58,,,5.1,2.8,0.43,0,
2020,1898164,186589,Pung & Tralie,Pung & Tralie,11,10,130,00-0022921,6762,Larry Fitzgerald,WR,ARI,0,0,,-6.42,,,-29.9,-16.6,0,0,
2020,1898239,186594,Frank & Julian,Frank & Julian,11,11,131,00-0035664,31902,Darrell Henderson,RB,LAR,0,0,,-1.96,,,16.7,9.3,0,0,
2020,1898209,186592,Cambrias,Cambrias,11,12,132,00-0034775,31017,Christian Kirk,WR,ARI,0,0,,-3.3,,,34.9,19.4,0,0,
2020,1898210,186592,Cambrias,Cambrias,12,1,133,DEF-0004,100002,Buffalo Bills,DEF,BUF,0,0,,-0.07,,,5.5,3.1,0.08,0,
2020,1898240,186594,Frank & Julian,Frank & Julian,12,2,134,00-0034521,31268,Allen Lazard,WR,GB,0,0,,-6.67,,,7.3,4.1,0.12,0,
2020,1898165,186589,Pung & Tralie,Pung & Tralie,12,3,135,00-0032392,29315,Austin Hooper,TE,CLE,0,0,,-2.44,,,5.8,3.2,0.65,0,
2020,1898135,186587,LFTLR,LFTLR,12,4,136,00-0030513,26804,Latavius Murray,RB,NO,0,0,,-1.45,,,37.6,20.9,0,0,
2020,1898105,186585,Chris & Dom,Chris & Dom,12,5,137,00-0020531,5479,Drew Brees,QB,NO,0,0,,-4.47,,,48.2,26.8,0,0,
2020,1898075,186583,Richie,Richie,12,6,138,00-0034353,31021,Anthony Miller,WR,CHI,0,0,,-5.6,,,3.6,2,0.64,0,
2020,1898150,186588,Nolan & Vinny,Nolan & Vinny,12,7,139,00-0036407,32685,Jerry Jeudy,WR,DEN,0,0,,-3.78,,,27.4,15.2,0,0,
2020,1898195,186591,Ronnie,Ronnie,12,8,140,DEF-0016,100012,Kansas City Chiefs,DEF,KC,0,0,,3.2,,,-11.8,-6.6,0,0,
2020,1898090,186584,Antdell & Ernie,Antdell & Ernie,12,9,141,00-0034681,31104,Chase Edmonds,RB,ARI,0,0,,1.69,,,34.2,19,0,0,
2020,1898120,186586,Phil Baldino,Phil Baldino,12,10,142,00-0036387,32691,Jalen Reagor,WR,PHI,0,0,,-6.54,,,29.6,16.4,0,0,
2020,1898180,186590,Rob & GregBo,Rob & GregBo,12,11,143,00-0035350,32447,Preston Williams,WR,MIA,0,0,,-6.97,,,15.6,8.7,0,0,
2020,1898225,186593,Team JoeBa,Team JoeBa,12,12,144,00-0032257,28465,Duke Johnson,RB,HOU,0,0,,-4.31,,,4.9,2.7,0.61,0,
2020,1898226,186593,Team JoeBa,Team JoeBa,13,1,145,DEF-0021,100016,Minnesota Vikings,DEF,MIN,0,0,,-2.23,,,,,,0,
2020,1898181,186590,Rob & GregBo,Rob & GregBo,13,2,146,00-0034367,31074,Nyheim Hines,RB,IND,0,0,,6.71,,,-1,-0.6,0.93,0,
2020,1898121,186586,Phil Baldino,Phil Baldino,13,3,147,00-0035261,31960,Tony Pollard,RB,DAL,0,0,,-2.39,,,27.9,15.5,0,0,
2020,1898091,186584,Antdell & Ernie,Antdell & Ernie,13,4,148,00-0035639,31891,Parris Campbell,WR,IND,0,0,,-9.76,,,-2,-1.1,0.84,0,
2020,1898196,186591,Ronnie,Ronnie,13,5,149,00-0035849,33211,Rodrigo Blankenship,K,IND,0,0,,4.73,,,,,,0,
2020,1898151,186588,Nolan & Vinny,Nolan & Vinny,13,6,150,00-0030404,26777,Chris Thompson,RB,JAX,0,0,,-6.08,,,1.8,1,0.92,0,
2020,1898076,186583,Richie,Richie,13,7,151,00-0022924,6770,Ben Roethlisberger,QB,PIT,0,0,,2.52,,,23.2,12.9,0,0,
2020,1898106,186585,Chris & Dom,Chris & Dom,13,8,152,00-0033658,30784,Blake Jarwin,TE,DAL,0,0,,-6.93,,,-5.5,-3.1,0.67,0,
2020,1898136,186587,LFTLR,LFTLR,13,9,153,00-0027029,9317,LeSean McCoy,RB,TB,0,0,,-6.44,,,-2.6,-1.4,0.84,0,
2020,1898166,186589,Pung & Tralie,Pung & Tralie,13,10,154,00-0032688,29785,Robbie Chosen,WR,CAR,0,0,,6.48,,,-3.3,-1.8,0.86,0,
2020,1898241,186594,Frank & Julian,Frank & Julian,13,11,155,00-0035710,31838,Daniel Jones,QB,NYG,0,0,,-4.44,,,34.1,18.9,0,0,
2020,1898211,186592,Cambrias,Cambrias,13,12,156,00-0034414,31171,Boston Scott,RB,PHI,0,0,,-3.36,,,39.1,21.7,0,0,
2020,1898212,186592,Cambrias,Cambrias,14,1,157,00-0031325,27532,Sammy Watkins,WR,KC,0,0,,-4.71,,,16.4,9.1,0,0,
2020,1898242,186594,Frank & Julian,Frank & Julian,14,2,158,00-0021142,30120,,,NE,0,0,,,,,,,,0,
2020,1898167,186589,Pung & Tralie,Pung & Tralie,14,3,159,00-0023459,7200,Aaron Rodgers,QB,GB,0,0,,29.36,,,73.3,40.7,0,0,
2020,1898137,186587,LFTLR,LFTLR,14,4,160,00-0036261,32695,Brandon Aiyuk,WR,SF,0,0,,-0.33,,,5.4,3,0.65,0,
2020,1898107,186585,Chris & Dom,Chris & Dom,14,5,161,00-0025394,8261,Adrian Peterson,RB,DET,0,0,,-1.85,,,,,,0,
2020,1898077,186583,Richie,Richie,14,6,162,DEF-0022,100017,New England Patriots,DEF,NE,0,0,,0.61,,,26.7,14.8,0,0,
2020,1898152,186588,Nolan & Vinny,Nolan & Vinny,14,7,163,00-0029137,25755,Alshon Jeffery,WR,FA,0,0,,-6.38,,,-0.9,-0.5,0.94,0,
2020,1898197,186591,Ronnie,Ronnie,14,8,164,00-0036252,32704,Michael Pittman,WR,IND,0,0,,-3.57,,,6,3.3,0.66,0,
2020,1898092,186584,Antdell & Ernie,Antdell & Ernie,14,9,165,DEF-0019,100014,Los Angeles Rams,DEF,LAR,0,0,,10.03,,,,,,0,
2020,1898122,186586,Phil Baldino,Phil Baldino,14,10,166,DEF-0026,100021,Philadelphia Eagles,DEF,PHI,0,0,,-0.1,,,-3.2,-1.8,0.63,0,
2020,1898182,186590,Rob & GregBo,Rob & GregBo,14,11,167,00-0034855,30971,Baker Mayfield,QB,CLE,0,0,,-0.85,,,26.2,14.6,0,0,
2020,1898227,186593,Team JoeBa,Team JoeBa,14,12,168,00-0031345,27590,Jimmy Garoppolo,QB,SF,0,0,,-5.71,,,,,,0,
2020,1898228,186593,Team JoeBa,Team JoeBa,15,1,169,00-0023853,8565,Matt Prater,K,DET,0,0,,-0.44,,,0.2,0.1,0.97,0,
2020,1898183,186590,Rob & GregBo,Rob & GregBo,15,2,170,DEF-0031,100010,Tennessee Titans,DEF,TEN,0,0,,-0.87,,,,,,0,
2020,1898123,186586,Phil Baldino,Phil Baldino,15,3,171,00-0023252,7520,Robbie Gould,K,SF,0,0,,-0.47,,,6.6,3.7,0,0,
2020,1898093,186584,Antdell & Ernie,Antdell & Ernie,15,4,172,00-0033862,30337,Zane Gonzalez,K,ARI,0,0,,-0.6,,,1.4,0.8,0.78,0,
2020,1898198,186591,Ronnie,Ronnie,15,5,173,00-0033106,29235,Jared Goff,QB,LAR,0,0,,-0.36,,,26.7,14.8,0,0,
2020,1898153,186588,Nolan & Vinny,Nolan & Vinny,15,6,174,00-0033858,30213,Jonnu Smith,TE,TEN,0,0,,-0.01,,,23.2,12.9,0,0,
2020,1898078,186583,Richie,Richie,15,7,175,00-0033787,30266,Jake Elliott,K,PHI,0,0,,-0.76,,,3.3,1.8,0.62,0,
2020,1898108,186585,Chris & Dom,Chris & Dom,15,8,176,DEF-0010,100007,Denver Broncos,DEF,DEN,0,0,,-0.36,,,7.3,4.1,0.03,0,
2020,1898138,186587,LFTLR,LFTLR,15,9,177,DEF-0009,100006,Dallas Cowboys,DEF,DAL,0,0,,-0.22,,,8.4,4.7,0,0,
2020,1898168,186589,Pung & Tralie,Pung & Tralie,15,10,178,00-0024333,7867,Stephen Gostkowski,K,TEN,0,0,,-0.04,,,,,,0,
2020,1898243,186594,Frank & Julian,Frank & Julian,15,11,179,00-0034766,31077,Chris Herndon,TE,NYJ,0,0,,-0.18,,,24,13.3,0,0,
2020,1898213,186592,Cambrias,Cambrias,15,12,180,00-0033702,30426,Younghoe Koo,K,ATL,0,0,,10.27,,,12.1,6.7,0,0,
2021,1897959,186576,Nolan & Vinny,Nolan & Vinny,1,1,1,00-0033280,30121,Christian McCaffrey,RB,CAR,0,0,,-4.93,,,-0.3,-0.2,0.5,0,
2021,1897884,186571,Richie,Richie,1,2,2,00-0033893,30154,Dalvin Cook,RB,MIN,0,0,,3.04,,,-0.5,-0.3,0.29,0,
2021,1897974,186577,Pung & Tralie,Pung & Tralie,1,3,3,00-0033906,30180,Alvin Kamara,RB,NO,0,0,,5.51,,,-0.6,-0.3,0.5,0,
2021,1897944,186575,John Juliano,John Juliano,1,4,4,00-0033045,29238,Ezekiel Elliott,RB,DAL,0,0,,8.76,,,-1.2,-0.7,0,0,
2021,1897899,186572,Antdell & Ernie,Antdell & Ernie,1,5,5,00-0030506,26686,Travis Kelce,TE,KC,0,0,,12.69,,,-3.7,-2.1,0,0,
2021,1897914,186573,Chris & Dom,Chris & Dom,1,6,6,00-0032764,29279,Derrick Henry,RB,TEN,0,0,,3.01,,,2.3,1.3,0,0,
2021,1898034,186581,Team JoeBa,Team JoeBa,1,7,7,00-0031381,27581,Davante Adams,WR,GB,0,0,,17.28,,,0,0,1,0,
2021,1897929,186574,Phil Baldino,Phil Baldino,1,8,8,00-0033699,30423,Austin Ekeler,RB,LAC,0,0,,19.45,,,-2.7,-1.5,0,0,
2021,1898049,186582,Frank & Julian,Frank & Julian,1,9,9,00-0033293,30295,Aaron Jones,RB,GB,0,0,,8.15,,,2.5,1.4,0,0,
2021,1898019,186580,Cambrias,Cambrias,1,10,10,00-0033040,29399,Tyreek Hill,WR,KC,0,0,,13.47,,,-1.2,-0.7,0.43,0,
2021,1898004,186579,Ronnie,Ronnie,1,11,11,00-0036223,32711,Jonathan Taylor,RB,IND,0,0,,27.38,,,-0.9,-0.5,0.63,0,
2021,1897989,186578,Rob & GregBo,Rob & GregBo,1,12,12,00-0031588,28534,Stefon Diggs,WR,BUF,0,0,,9.37,,,-3.6,-2,0,0,
2021,1897990,186578,Rob & GregBo,Rob & GregBo,2,1,13,00-0034791,31005,Nick Chubb,RB,CLE,0,0,,5.92,,,5.1,2.8,0,0,
2021,1898005,186579,Ronnie,Ronnie,2,2,14,00-0036893,33412,Najee Harris,RB,PIT,0,0,,18.92,,,0.7,0.4,0.72,0,
2021,1898020,186580,Cambrias,Cambrias,2,3,15,00-0034844,30972,Saquon Barkley,RB,NYG,0,0,,-3.36,,,4.8,2.7,0,0,
2021,1898050,186582,Frank & Julian,Frank & Julian,2,4,16,00-0030564,26650,DeAndre Hopkins,WR,ARI,0,0,,-6.27,,,-2.1,-1.2,0.12,0,
2021,1897930,186574,Phil Baldino,Phil Baldino,2,5,17,00-0031610,28592,Darren Waller,TE,LV,0,0,,-1.97,,,-5.6,-3.1,0,0,
2021,1898035,186581,Team JoeBa,Team JoeBa,2,6,18,00-0035640,31896,DK Metcalf,WR,SEA,0,0,,5.37,,,-2.3,-1.3,0,0,
2021,1897915,186573,Chris & Dom,Chris & Dom,2,7,19,00-0034837,30996,Calvin Ridley,WR,ATL,0,0,,-14.87,,,0,0,1,0,
2021,1897900,186572,Antdell & Ernie,Antdell & Ernie,2,8,20,00-0035676,31883,A.J. Brown,WR,TEN,0,0,,-3.81,,,-5.2,-2.9,0,0,
2021,1897945,186575,John Juliano,John Juliano,2,9,21,00-0036322,32692,Justin Jefferson,WR,MIN,0,0,,18.06,,,-2.2,-1.2,0.08,0,
2021,1897975,186577,Pung & Tralie,Pung & Tralie,2,10,22,00-0036328,32736,Antonio Gibson,RB,WAS,0,0,,6.57,,,7.6,4.2,0,0,
2021,1897885,186571,Richie,Richie,2,11,23,00-0033897,30161,Joe Mixon,RB,CIN,0,0,,20.56,,,5.7,3.2,0,0,
2021,1897960,186576,Nolan & Vinny,Nolan & Vinny,2,12,24,00-0036360,32702,Clyde Edwards-Helaire,RB,KC,0,0,,-5.91,,,5.7,3.2,0,0,
2021,1897961,186576,Nolan & Vinny,Nolan & Vinny,3,1,25,00-0030279,26699,Keenan Allen,WR,LAC,0,0,,8.38,,,-2.7,-1.5,0,0,
2021,1897886,186571,Richie,Richie,3,2,26,00-0031428,27589,Allen Robinson,WR,CHI,0,0,,-13.4,,,-7.7,-4.3,0,0,
2021,1897976,186577,Pung & Tralie,Pung & Tralie,3,3,27,00-0033873,30123,Patrick Mahomes,QB,KC,0,0,,16.21,,,5.8,3.2,0,0,
2021,1897946,186575,John Juliano,John Juliano,3,4,28,00-0035659,31908,Terry McLaurin,WR,WAS,0,0,,0.53,,,-1.5,-0.8,0.44,0,
2021,1897901,186572,Antdell & Ernie,Antdell & Ernie,3,5,29,00-0032211,28457,Tyler Lockett,WR,SEA,0,0,,2.6,,,-22.9,-12.7,0,0,
2021,1897916,186573,Chris & Dom,Chris & Dom,3,6,30,00-0033921,30197,Chris Godwin,WR,TB,0,0,,7.85,,,-15.2,-8.4,0,0,
2021,1898036,186581,Team JoeBa,Team JoeBa,3,7,31,00-0035243,31885,Miles Sanders,RB,PHI,0,0,,-5.85,,,-6.5,-3.6,0,0,
2021,1897931,186574,Phil Baldino,Phil Baldino,3,8,32,00-0035685,31905,David Montgomery,RB,CHI,0,0,,3.04,,,6.3,3.5,0,0,
2021,1898051,186582,Frank & Julian,Frank & Julian,3,9,33,00-0036358,32687,CeeDee Lamb,WR,DAL,0,0,,5.17,,,1.9,1.1,0.37,0,
2021,1898021,186580,Cambrias,Cambrias,3,10,34,00-0033288,30259,George Kittle,TE,SF,0,0,,8.84,,,4.6,2.6,0,0,
2021,1898006,186579,Ronnie,Ronnie,3,11,35,00-0030431,26664,Robert Woods,WR,LAR,0,0,,-6.97,,,-4.1,-2.3,0,0,
2021,1897991,186578,Rob & GregBo,Rob & GregBo,3,12,36,00-0034857,30977,Josh Allen,QB,BUF,0,0,,26.31,,,1.4,0.8,0.75,0,
2021,1897992,186578,Rob & GregBo,Rob & GregBo,4,1,37,00-0033908,30182,Cooper Kupp,WR,LAR,0,0,,42.14,,,-10.4,-5.8,0,0,
2021,1898007,186579,Ronnie,Ronnie,4,2,38,00-0031408,27535,Mike Evans,WR,TB,0,0,,7.25,,,-0.6,-0.3,0.83,0,
2021,1898022,186580,Cambrias,Cambrias,4,3,39,00-0033594,30362,Chris Carson,RB,SEA,0,0,,-13.26,,,14.8,8.2,0,0,
2021,1898052,186582,Frank & Julian,Frank & Julian,4,4,40,00-0034184,31424,Gus Edwards,RB,LAC,0,0,,-18.46,,,-27.2,-15.1,0,0,
2021,1897932,186574,Phil Baldino,Phil Baldino,4,5,41,00-0031544,28392,Amari Cooper,WR,DAL,0,0,,-1.27,,,-2.1,-1.2,0.5,0,
2021,1898037,186581,Team JoeBa,Team JoeBa,4,6,42,00-0036275,32705,D'Andre Swift,RB,DET,0,0,,5.08,,,8.3,4.6,0,0,
2021,1897917,186573,Chris & Dom,Chris & Dom,4,7,43,00-0035831,33138,James Robinson,RB,JAX,0,0,,1.41,,,12.7,7.1,0,0,
2021,1897902,186572,Antdell & Ernie,Antdell & Ernie,4,8,44,00-0034681,31104,Chase Edmonds,RB,ARI,0,0,,-2.67,,,-14.1,-7.8,0,0,
2021,1897947,186575,John Juliano,John Juliano,4,9,45,00-0036970,33392,Kyle Pitts,TE,ATL,0,0,,6.19,,,1,0.6,0.83,0,
2021,1897977,186577,Pung & Tralie,Pung & Tralie,4,10,46,00-0034827,30994,D.J. Moore,WR,CAR,0,0,,5.21,,,-13.9,-7.7,0,0,
2021,1897887,186571,Richie,Richie,4,11,47,00-0027944,24793,Julio Jones,WR,TEN,0,0,,-14.47,,,2.7,1.5,0.51,0,
2021,1897962,186576,Nolan & Vinny,Nolan & Vinny,4,12,48,00-0034753,31056,Mark Andrews,TE,BAL,0,0,,30.55,,,-5.1,-2.8,0.11,0,
2021,1897963,186576,Nolan & Vinny,Nolan & Vinny,5,1,49,00-0035216,31898,Diontae Johnson,WR,PIT,0,0,,13.34,,,0.3,0.2,0.93,0,
2021,1897888,186571,Richie,Richie,5,2,50,00-0035700,31856,Josh Jacobs,RB,LV,0,0,,7.58,,,22.6,12.6,0,0,
2021,1897978,186577,Pung & Tralie,Pung & Tralie,5,3,51,00-0030035,27277,Adam Thielen,WR,MIN,0,0,,-0.16,,,-1.9,-1.1,0.59,0,
2021,1897948,186575,John Juliano,John Juliano,5,4,52,00-0035657,31919,Damien Harris,RB,NE,0,0,,5.08,,,-1.8,-1,0.7,0,
2021,1897903,186572,Antdell & Ernie,Antdell & Ernie,5,5,53,00-0029263,25785,Russell Wilson,QB,SEA,0,0,,-2.94,,,-14.5,-8.1,0,0,
2021,1897918,186573,Chris & Dom,Chris & Dom,5,6,54,00-0035228,31833,Kyler Murray,QB,ARI,0,0,,7.92,,,13.5,7.5,0,0,
2021,1898038,186581,Team JoeBa,Team JoeBa,5,7,55,00-0034796,31002,Lamar Jackson,QB,BAL,0,0,,-0.62,,,6.5,3.6,0,0,
2021,1897933,186574,Phil Baldino,Phil Baldino,5,8,56,00-0035664,31902,Darrell Henderson,RB,LAR,0,0,,-0.64,,,20.3,11.3,0,0,
2021,1898053,186582,Frank & Julian,Frank & Julian,5,9,57,00-0033077,29369,Dak Prescott,QB,DAL,0,0,,9.64,,,-2.2,-1.2,0.64,0,
2021,1898023,186580,Cambrias,Cambrias,5,10,58,00-0036326,32719,Chase Claypool,WR,PIT,0,0,,-5.43,,,-3.3,-1.8,0.47,0,
2021,1898008,186579,Ronnie,Ronnie,5,11,59,00-0036261,32695,Brandon Aiyuk,WR,SF,0,0,,-4.89,,,3.2,1.8,0.29,0,
2021,1897993,186578,Rob & GregBo,Rob & GregBo,5,12,60,00-0036997,33423,Javonte Williams,RB,DEN,0,0,,6.37,,,2.6,1.4,0.62,0,
2021,1897994,186578,Rob & GregBo,Rob & GregBo,6,1,61,00-0033857,30175,JuJu Smith-Schuster,WR,PIT,0,0,,-16.96,,,-27,-15,0,0,
2021,1898009,186579,Ronnie,Ronnie,6,2,62,00-0023459,7200,Aaron Rodgers,QB,GB,0,0,,16.64,,,-2.9,-1.6,0.56,0,
2021,1898024,186580,Cambrias,Cambrias,6,3,63,00-0031687,28654,Raheem Mostert,RB,SF,0,0,,-16.95,,,11.7,6.5,0,0,
2021,1898054,186582,Frank & Julian,Frank & Julian,6,4,64,00-0032063,28514,Mike Davis,RB,ATL,0,0,,-3.35,,,22.9,12.7,0,0,
2021,1897934,186574,Phil Baldino,Phil Baldino,6,5,65,00-0019596,5228,Tom Brady,QB,TB,0,0,,24.03,,,-11.4,-6.3,0,0,
2021,1898039,186581,Team JoeBa,Team JoeBa,6,6,66,00-0035229,31840,T.J. Hockenson,TE,DET,0,0,,0,,,11.9,6.6,0,0,
2021,1897919,186573,Chris & Dom,Chris & Dom,6,7,67,00-0031235,27540,Odell Beckham,WR,MIA,0,0,,-7.38,,,-3.4,-1.9,0.4,0,
2021,1897904,186572,Antdell & Ernie,Antdell & Ernie,6,8,68,00-0035311,32066,Myles Gaskin,RB,MIA,0,0,,0,,,25.9,14.4,0,0,
2021,1897949,186575,John Juliano,John Juliano,6,9,69,00-0036355,32676,Justin Herbert,QB,LAC,0,0,,26.03,,,7.8,4.3,0,0,
2021,1897979,186577,Pung & Tralie,Pung & Tralie,6,10,70,00-0033923,30199,Kareem Hunt,RB,CLE,0,0,,-5.88,,,22.5,12.5,0,0,
2021,1897889,186571,Richie,Richie,6,11,71,00-0035719,31868,Deebo Samuel,WR,SF,0,0,,26.31,,,-17.2,-9.6,0,0,
2021,1897964,186576,Nolan & Vinny,Nolan & Vinny,6,12,72,00-0036389,32723,Jalen Hurts,QB,PHI,0,0,,15.71,,,-23.1,-12.8,0,0,
2021,1897965,186576,Nolan & Vinny,Nolan & Vinny,7,1,73,00-0036407,32685,Jerry Jeudy,WR,DEN,0,0,,-11.82,,,4.9,2.7,0.06,0,
2021,1897890,186571,Richie,Richie,7,2,74,00-0032688,29785,Robbie Chosen,WR,CAR,0,0,,-7.75,,,-10.1,-5.6,0,0,
2021,1897980,186577,Pung & Tralie,Pung & Tralie,7,3,75,00-0036410,32703,Tee Higgins,WR,CIN,0,0,,5.06,,,10.4,5.8,0,0,
2021,1897950,186575,John Juliano,John Juliano,7,4,76,00-0036984,33476,Trey Sermon,RB,IND,0,0,,-13.6,,,9,5,0,0,
2021,1897905,186572,Antdell & Ernie,Antdell & Ernie,7,5,77,00-0034845,31001,Sony Michel,RB,LAR,0,0,,-2.7,,,-37.1,-20.6,0,0,
2021,1897920,186573,Chris & Dom,Chris & Dom,7,6,78,00-0031260,27648,Logan Thomas,TE,WAS,0,0,,-8.95,,,8.4,4.7,0,0,
2021,1898040,186581,Team JoeBa,Team JoeBa,7,7,79,00-0027793,24171,Antonio Brown,WR,TB,0,0,,-7.63,,,-0.1,-0.1,0.99,0,
2021,1897935,186574,Phil Baldino,Phil Baldino,7,8,80,00-0032765,29281,Michael Thomas,WR,FA,0,0,,-19.06,,,15.4,8.6,0,0,
2021,1898055,186582,Frank & Julian,Frank & Julian,7,9,81,00-0034816,31008,Ronald Jones,RB,TB,0,0,,-8.52,,,6.5,3.6,0,0,
2021,1898025,186580,Cambrias,Cambrias,7,10,82,00-0036900,33393,Ja'Marr Chase,WR,CIN,0,0,,25.3,,,4.7,2.6,0.25,0,
2021,1898010,186579,Ronnie,Ronnie,7,11,83,00-0033757,30777,Robert Tonyan,TE,GB,0,0,,-9.05,,,-9,-5,0.2,0,
2021,1897995,186578,Rob & GregBo,Rob & GregBo,7,12,84,00-0034351,31019,Dallas Goedert,TE,PHI,0,0,,4.46,,,-4.1,-2.3,0.53,0,
2021,1897996,186578,Rob & GregBo,Rob & GregBo,8,1,85,00-0033009,29288,Tyler Boyd,WR,CIN,0,0,,-1.53,,,-9.3,-5.2,0,0,
2021,1898011,186579,Ronnie,Ronnie,8,2,86,00-0036252,32704,Michael Pittman,WR,IND,0,0,,4.66,,,-11.7,-6.5,0,0,
2021,1898026,186580,Cambrias,Cambrias,8,3,87,00-0029701,25718,Ryan Tannehill,QB,TEN,0,0,,0.17,,,-3.9,-2.2,0.52,0,
2021,1898056,186582,Frank & Julian,Frank & Julian,8,4,88,00-0035644,31852,Noah Fant,TE,DEN,0,0,,2.83,,,9.8,5.4,0,0,
2021,1897936,186574,Phil Baldino,Phil Baldino,8,5,89,00-0033871,30118,Corey Davis,WR,NYJ,0,0,,-8.73,,,-13.3,-7.4,0,0,
2021,1898041,186581,Team JoeBa,Team JoeBa,8,6,90,DEF-0019,100014,Los Angeles Rams,DEF,LAR,0,0,,0,,,,,,0,
2021,1897921,186573,Chris & Dom,Chris & Dom,8,7,91,00-0033948,30247,Jamaal Williams,RB,DET,0,0,,-5.04,,,-5.1,-2.8,0.33,0,
2021,1897906,186572,Antdell & Ernie,Antdell & Ernie,8,8,92,00-0031236,27548,Brandin Cooks,WR,HOU,0,0,,6.69,,,-11.3,-6.3,0,0,
2021,1897951,186575,John Juliano,John Juliano,8,9,93,00-0033932,30209,Kenny Golladay,WR,NYG,0,0,,-10.28,,,18.1,10.1,0,0,
2021,1897981,186577,Pung & Tralie,Pung & Tralie,8,10,94,DEF-0030,100027,Tampa Bay Buccaneers,DEF,TB,0,0,,5.2,,,-26.3,-14.6,0,0,
2021,1897891,186571,Richie,Richie,8,11,95,00-0037012,33391,Trey Lance,QB,SF,0,0,,-16.05,,,-20.8,-11.6,0,0,
2021,1897966,186576,Nolan & Vinny,Nolan & Vinny,8,12,96,00-0033553,30218,James Conner,RB,ARI,0,0,,16.17,,,8.5,4.7,0,0,
2021,1897967,186576,Nolan & Vinny,Nolan & Vinny,9,1,97,00-0036912,33398,DeVonta Smith,WR,PHI,0,0,,-1.55,,,15.6,8.7,0,0,
2021,1897892,186571,Richie,Richie,9,2,98,00-0033110,29344,Tyler Higbee,TE,LAR,0,0,,-2.07,,,-7.5,-4.2,0.39,0,
2021,1897982,186577,Pung & Tralie,Pung & Tralie,9,3,99,00-0036219,33109,Marquez Callaway,WR,NO,0,0,,-4.27,,,-14.2,-7.9,0,0,
2021,1897952,186575,John Juliano,John Juliano,9,4,100,00-0036268,32712,Laviska Shenault,WR,JAX,0,0,,-7.17,,,7.9,4.4,0,0,
2021,1897907,186572,Antdell & Ernie,Antdell & Ernie,9,5,101,00-0036251,32756,Zack Moss,RB,CIN,0,0,,-5.7,,,24.1,13.4,0,0,
2021,1897922,186573,Chris & Dom,Chris & Dom,9,6,102,00-0029597,26534,Justin Tucker,K,BAL,0,0,,6.39,,,-39.4,-21.9,0,0,
2021,1898042,186581,Team JoeBa,Team JoeBa,9,7,103,00-0034777,31031,D.J. Chark,WR,JAX,0,0,,-14.08,,,2.6,1.4,0.65,0,
2021,1897937,186574,Phil Baldino,Phil Baldino,9,8,104,00-0034348,31010,Courtland Sutton,WR,DEN,0,0,,-4.53,,,22.2,12.3,0,0,
2021,1898057,186582,Frank & Julian,Frank & Julian,9,9,105,00-0033127,29255,Will Fuller,WR,FA,0,0,,-16.06,,,-6.5,-3.6,0.25,0,
2021,1898027,186580,Cambrias,Cambrias,9,10,106,00-0032144,28403,Melvin Gordon,RB,DEN,0,0,,2.39,,,33.9,18.8,0,0,
2021,1898012,186579,Ronnie,Ronnie,9,11,107,00-0033856,30117,Leonard Fournette,RB,TB,0,0,,23.33,,,21.3,11.8,0,0,
2021,1897997,186578,Rob & GregBo,Rob & GregBo,9,12,108,00-0036501,33495,Michael Carter,DB,NYJ,0,0,,,,,,,,0,
2021,1897998,186578,Rob & GregBo,Rob & GregBo,10,1,109,00-0033895,30157,Gerald Everett,TE,SEA,0,0,,-2.64,,,-43.6,-24.2,0,0,
2021,1898013,186579,Ronnie,Ronnie,10,2,110,00-0036613,33394,Jaylen Waddle,WR,MIA,0,0,,10,,,4.8,2.7,0.38,0,
2021,1898028,186580,Cambrias,Cambrias,10,3,111,00-0033118,29307,Kenyan Drake,RB,LV,0,0,,-5.38,,,10.9,6.1,0,0,
2021,1898058,186582,Frank & Julian,Frank & Julian,10,4,112,00-0021142,30120,,,NE,0,0,,,,,,,,0,
2021,1897938,186574,Phil Baldino,Phil Baldino,10,5,113,00-0036265,32732,AJ Dillon,RB,GB,0,0,,2.27,,,34,18.9,0,0,
2021,1898043,186581,Team JoeBa,Team JoeBa,10,6,114,00-0035250,31906,Devin Singletary,RB,BUF,0,0,,1.1,,,25.2,14,0,0,
2021,1897923,186573,Chris & Dom,Chris & Dom,10,7,115,DEF-0032,100028,Washington Commanders,DEF,WAS,0,0,,-3.2,,,-4.8,-2.7,0.52,0,
2021,1897908,186572,Antdell & Ernie,Antdell & Ernie,10,8,116,00-0034764,31051,Michael Gallup,WR,DAL,0,0,,-8.51,,,-19.8,-11,0,0,
2021,1897953,186575,John Juliano,John Juliano,10,9,117,DEF-0027,100023,Pittsburgh Steelers,DEF,PIT,0,0,,-1.23,,,10,5.6,0.1,0,
2021,1897983,186577,Pung & Tralie,Pung & Tralie,10,10,118,00-0031382,27591,Jarvis Landry,WR,CLE,0,0,,-6.62,,,-2.6,-1.4,0.71,0,
2021,1897893,186571,Richie,Richie,10,11,119,00-0034367,31074,Nyheim Hines,RB,IND,0,0,,-4.31,,,-1.2,-0.7,0.91,0,
2021,1897968,186576,Nolan & Vinny,Nolan & Vinny,10,12,120,DEF-0003,100033,Baltimore Ravens,DEF,BAL,0,0,,-2.48,,,-9.5,-5.3,0.14,0,
2021,1897969,186576,Nolan & Vinny,Nolan & Vinny,11,1,121,00-0035261,31960,Tony Pollard,RB,DAL,0,0,,-0.52,,,19.9,11.1,0,0,
2021,1897894,186571,Richie,Richie,11,2,122,00-0029000,26060,Cole Beasley,WR,BUF,0,0,,-3.63,,,-34.8,-19.3,0,0,
2021,1897984,186577,Pung & Tralie,Pung & Tralie,11,3,123,00-0034829,31012,Mike Gesicki,TE,MIA,0,0,,4.35,,,20.6,11.4,0,0,
2021,1897954,186575,John Juliano,John Juliano,11,4,124,00-0032187,28474,David Johnson,RB,HOU,0,0,,-6.82,,,25.8,14.3,0,0,
2021,1897909,186572,Antdell & Ernie,Antdell & Ernie,11,5,125,00-0034960,32231,Jakobi Meyers,WR,NE,0,0,,-1.59,,,-10.2,-5.7,0.02,0,
2021,1897924,186573,Chris & Dom,Chris & Dom,11,6,126,00-0033282,30153,Curtis Samuel,WR,BUF,0,0,,-13.6,,,-4.6,-2.6,0.5,0,
2021,1898044,186581,Team JoeBa,Team JoeBa,11,7,127,00-0036945,33399,Justin Fields,QB,CHI,0,0,,-8.49,,,-5,-2.8,0.59,0,
2021,1897939,186574,Phil Baldino,Phil Baldino,11,8,128,DEF-0028,100025,San Francisco 49ers,DEF,SF,0,0,,-0.35,,,-9.8,-5.4,0.28,0,
2021,1898059,186582,Frank & Julian,Frank & Julian,11,9,129,00-0033303,30346,Harrison Butker,K,KC,0,0,,0,,,-4.6,-2.6,0.73,0,
2021,1898029,186580,Cambrias,Cambrias,11,10,130,00-0026498,9265,Matthew Stafford,QB,LAR,0,0,,18.6,,,44.8,24.9,0,0,
2021,1898014,186579,Ronnie,Ronnie,11,11,131,DEF-0004,100002,Buffalo Bills,DEF,BUF,0,0,,6.28,,,-31.8,-17.7,0,0,
2021,1897999,186578,Rob & GregBo,Rob & GregBo,11,12,132,00-0036357,32682,Henry Ruggs,WR,LV,0,0,,-7.86,,,9.5,5.3,0.14,0,
2021,1898000,186578,Rob & GregBo,Rob & GregBo,12,1,133,00-0031062,27658,James White,RB,NE,0,0,,-9.22,,,-19,-10.6,0,0,
2021,1898015,186579,Ronnie,Ronnie,12,2,134,00-0036162,32858,Tyler Bass,K,BUF,0,0,,0.86,,,-11.7,-6.5,0.24,0,
2021,1898030,186580,Cambrias,Cambrias,12,3,135,DEF-0022,100017,New England Patriots,DEF,NE,0,0,,12.38,,,-2.5,-1.4,0.79,0,
2021,1898060,186582,Frank & Julian,Frank & Julian,12,4,136,DEF-0008,100005,Cleveland Browns,DEF,CLE,0,0,,-1.16,,,-23.7,-13.2,0,0,
2021,1897940,186574,Phil Baldino,Phil Baldino,12,5,137,00-0036442,32671,Joe Burrow,QB,CIN,0,0,,20.03,,,26.8,14.9,0,0,
2021,1898045,186581,Team JoeBa,Team JoeBa,12,6,138,00-0029293,25876,Marvin Jones,WR,JAX,0,0,,-2.64,,,7,3.9,0.26,0,
2021,1897925,186573,Chris & Dom,Chris & Dom,12,7,139,00-0034972,31934,Alexander Mattison,RB,MIN,0,0,,-2.91,,,32.4,18,0,0,
2021,1897910,186572,Antdell & Ernie,Antdell & Ernie,12,8,140,00-0036365,32751,Bryan Edwards,WR,LV,0,0,,-6.25,,,-11.6,-6.4,0.16,0,
2021,1897955,186575,John Juliano,John Juliano,12,9,141,00-0033858,30213,Jonnu Smith,TE,NE,0,0,,-4.86,,,12.4,6.9,0.31,0,
2021,1897985,186577,Pung & Tralie,Pung & Tralie,12,10,142,00-0035662,31857,Marquise Brown,WR,BAL,0,0,,5.92,,,3.3,1.8,0.77,0,
2021,1897895,186571,Richie,Richie,12,11,143,00-0035639,31891,Parris Campbell,WR,IND,0,0,,-9.95,,,,,,0,
2021,1897970,186576,Nolan & Vinny,Nolan & Vinny,12,12,144,00-0036555,33514,Chuba Hubbard,RB,CAR,0,0,,-2.58,,,9.9,5.5,0.08,0,
2021,1897971,186576,Nolan & Vinny,Nolan & Vinny,13,1,145,00-0026968,9520,Ryan Succop,K,TB,0,0,,-0.23,,,-3.1,-1.7,0.82,0,
2021,1897896,186571,Richie,Richie,13,2,146,DEF-0010,100007,Denver Broncos,DEF,DEN,0,0,,1.18,,,-2.6,-1.4,0.83,0,
2021,1897986,186577,Pung & Tralie,Pung & Tralie,13,3,147,00-0032602,29650,J.D. McKissic,RB,WAS,0,0,,-2.25,,,23.1,12.8,0,0,
2021,1897956,186575,John Juliano,John Juliano,13,4,148,00-0035537,32018,Ty Johnson,RB,NYJ,0,0,,-2.8,,,-0.6,-0.3,0.97,0,
2021,1897911,186572,Antdell & Ernie,Antdell & Ernie,13,5,149,00-0032058,28461,Tevin Coleman,RB,NYJ,0,0,,-6.26,,,20.5,11.4,0,0,
2021,1897926,186573,Chris & Dom,Chris & Dom,13,6,150,00-0033881,30136,Evan Engram,TE,JAX,0,0,,-2.37,,,-2.9,-1.6,0.86,0,
2021,1898046,186581,Team JoeBa,Team JoeBa,13,7,151,00-0036309,32843,Darnell Mooney,WR,CHI,0,0,,-0.06,,,37.8,21,0,0,
2021,1897941,186574,Phil Baldino,Phil Baldino,13,8,152,00-0029621,25881,Greg Zuerlein,K,DAL,0,0,,0,,,5.8,3.2,0.64,0,
2021,1898061,186582,Frank & Julian,Frank & Julian,13,9,153,00-0032385,29274,Sterling Shepard,WR,NYG,0,0,,-5.95,,,,,,0,
2021,1898031,186580,Cambrias,Cambrias,13,10,154,00-0036980,33422,Elijah Moore,WR,NYJ,0,0,,-2.81,,,20,11.1,0,0,
2021,1898016,186579,Ronnie,Ronnie,13,11,155,00-0029604,25812,Kirk Cousins,QB,MIN,0,0,,9.72,,,0.9,0.5,0.94,0,
2021,1898001,186578,Rob & GregBo,Rob & GregBo,13,12,156,DEF-0014,100011,Indianapolis Colts,DEF,IND,0,0,,6.89,,,7.4,4.1,0.39,0,
2021,1898002,186578,Rob & GregBo,Rob & GregBo,14,1,157,00-0036971,33389,Trevor Lawrence,QB,JAX,0,0,,-2.9,,,30.3,16.8,0,0,
2021,1898017,186579,Ronnie,Ronnie,14,2,158,00-0036955,33447,Terrace Marshall,WR,CAR,0,0,,-7.36,,,-4.2,-2.3,0.78,0,
2021,1898032,186580,Cambrias,Cambrias,14,3,159,00-0034750,30997,Rashaad Penny,RB,SEA,0,0,,-3.1,,,31.6,17.6,0,0,
2021,1898062,186582,Frank & Julian,Frank & Julian,14,4,160,DEF-0016,100012,Kansas City Chiefs,DEF,KC,0,0,,2.41,,,-6.4,-3.6,0.79,0,
2021,1897942,186574,Phil Baldino,Phil Baldino,14,5,161,00-0036290,32713,Cole Kmet,TE,CHI,0,0,,-1.35,,,,,,0,
2021,1898047,186581,Team JoeBa,Team JoeBa,14,6,162,00-0033702,30426,Younghoe Koo,K,ATL,0,0,,-0.62,,,18.9,10.5,0,0,
2021,1897927,186573,Chris & Dom,Chris & Dom,14,7,163,00-0036457,33006,Ty'Son Williams,RB,BAL,0,0,,-4.76,,,,,,0,
2021,1897912,186572,Antdell & Ernie,Antdell & Ernie,14,8,164,DEF-0012,100009,Green Bay Packers,DEF,GB,0,0,,1.82,,,,,,0,
2021,1897957,186575,John Juliano,John Juliano,14,9,165,00-0031549,28408,Nelson Agholor,WR,NE,0,0,,-3.42,,,8.7,4.8,0.68,0,
2021,1897987,186577,Pung & Tralie,Pung & Tralie,14,10,166,00-0036387,32691,Jalen Reagor,WR,PHI,0,0,,-4.08,,,5,2.8,0.74,0,
2021,1897897,186571,Richie,Richie,14,11,167,00-0035269,31977,Matt Gay,K,LAR,0,0,,6.71,,,5.1,2.8,0.64,0,
2021,1897972,186576,Nolan & Vinny,Nolan & Vinny,14,12,168,00-0032160,28691,Tyrell Williams,WR,DET,0,0,,-5.79,,,12.3,6.8,0.6,0,
2021,1897973,186576,Nolan & Vinny,Nolan & Vinny,15,1,169,00-0032972,29370,Devontae Booker,RB,NYG,0,0,,-0.77,,,12.2,6.8,0.09,0,
2021,1897898,186571,Richie,Richie,15,2,170,00-0026143,8780,Matt Ryan,QB,ATL,0,0,,-0.89,,,46.2,25.7,0,0,
2021,1897988,186577,Pung & Tralie,Pung & Tralie,15,3,171,00-0034794,31199,Jason Sanders,K,MIA,0,0,,-0.59,,,22.5,12.5,0,0,
2021,1897958,186575,John Juliano,John Juliano,15,4,172,00-0023252,7520,Robbie Gould,K,SF,0,0,,-0.6,,,17.6,9.8,0,0,
2021,1897913,186572,Antdell & Ernie,Antdell & Ernie,15,5,173,00-0035849,33211,Rodrigo Blankenship,K,IND,0,0,,-1.63,,,25.6,14.2,0,0,
2021,1897928,186573,Chris & Dom,Chris & Dom,15,6,174,00-0031045,27585,Carlos Hyde,RB,JAX,0,0,,-2.08,,,-7.2,-4,0.71,0,
2021,1898048,186581,Team JoeBa,Team JoeBa,15,7,175,00-0034970,31882,Irv Smith,TE,KC,0,0,,-2.1,,,39.2,21.8,0,0,
2021,1897943,186574,Phil Baldino,Phil Baldino,15,8,176,00-0036196,32798,Gabriel Davis,WR,BUF,0,0,,-0.94,,,,,,0,
2021,1898063,186582,Frank & Julian,Frank & Julian,15,9,177,00-0028002,24851,Randall Cobb,WR,GB,0,0,,-0.9,,,16.2,9,0.41,0,
2021,1898033,186580,Cambrias,Cambrias,15,10,178,00-0034161,31137,Daniel Carlson,K,LV,0,0,,7.14,,,2.1,1.2,0.89,0,
2021,1898018,186579,Ronnie,Ronnie,15,11,179,00-0027061,9353,Jared Cook,TE,LAC,0,0,,-0.06,,,21.8,12.1,0.05,0,
2021,1898003,186578,Rob & GregBo,Rob & GregBo,15,12,180,00-0031492,28378,Jason Myers,K,SEA,0,0,,-0,,,7.7,4.3,0.47,0,
2022,1893849,186320,Rob & GregBo,Rob & GregBo,1,1,1,00-0036223,32711,Jonathan Taylor,RB,IND,0,0,,-2.52,,,-0.3,-0.2,0.5,0,
2022,1893879,186322,Cambrias,Cambrias,1,2,2,00-0033280,30121,Christian McCaffrey,RB,CAR,0,0,,19.05,,,-0.5,-0.3,0.38,0,
2022,1893759,186314,Antdell & Ernie,Antdell & Ernie,1,3,3,00-0036322,32692,Justin Jefferson,WR,MIN,0,0,,19.98,,,-1.8,-1,0,0,
2022,1893819,186318,Nolan & Vinny,Nolan & Vinny,1,4,4,00-0033699,30423,Austin Ekeler,RB,LAC,0,0,,23.64,,,,,,0,
2022,1893864,186321,Ronnie,Ronnie,1,5,5,00-0033893,30154,Dalvin Cook,RB,MIN,0,0,,8.58,,,-0.8,-0.4,0.5,0,
2022,1893909,186324,Frank & Julian,Frank & Julian,1,6,6,00-0033908,30182,Cooper Kupp,WR,LAR,0,0,,1.8,,,-0.6,-0.3,0.67,0,
2022,1893744,186313,Richie,Richie,1,7,7,00-0032764,29279,Derrick Henry,RB,TEN,0,0,,15.86,,,2.9,1.6,0,0,
2022,1893804,186317,John Juliano,John Juliano,1,8,8,00-0036893,33412,Najee Harris,RB,PIT,0,0,,5.76,,,0.5,0.3,0.76,0,
2022,1893834,186319,Pung & Tralie,Pung & Tralie,1,9,9,00-0036900,33393,Ja'Marr Chase,WR,CIN,0,0,,4.75,,,0.1,0.1,0.94,0,
2022,1893774,186315,Chris & Dom,Chris & Dom,1,10,10,00-0031588,28534,Stefon Diggs,WR,BUF,0,0,,14.59,,,-4.2,-2.3,0,0,
2022,1893789,186316,Phil Baldino,Phil Baldino,1,11,11,00-0033897,30161,Joe Mixon,RB,CIN,0,0,,7.93,,,1.5,0.8,0.29,0,
2022,1893894,186323,Mike Long,Mike Long,1,12,12,00-0033906,30180,Alvin Kamara,RB,NO,0,0,,4.72,,,0.9,0.5,0.57,0,
2022,1893895,186323,Mike Long,Mike Long,2,1,13,00-0031381,27581,Davante Adams,WR,LV,0,0,,20.2,,,0.6,0.3,0.77,0,
2022,1893790,186316,Phil Baldino,Phil Baldino,2,2,14,00-0034844,30972,Saquon Barkley,RB,NYG,0,0,,17.71,,,-1.4,-0.8,0.5,0,
2022,1893775,186315,Chris & Dom,Chris & Dom,2,3,15,00-0036275,32705,D'Andre Swift,RB,DET,0,0,,1.25,,,4.2,2.3,0,0,
2022,1893835,186319,Pung & Tralie,Pung & Tralie,2,4,16,00-0036358,32687,CeeDee Lamb,WR,DAL,0,0,,15.42,,,-3.2,-1.8,0,0,
2022,1893805,186317,John Juliano,John Juliano,2,5,17,00-0033293,30295,Aaron Jones,RB,GB,0,0,,11.71,,,0.6,0.3,0.78,0,
2022,1893745,186313,Richie,Richie,2,6,18,00-0033856,30117,Leonard Fournette,RB,TB,0,0,,9.44,,,-3,-1.7,0,0,
2022,1893910,186324,Frank & Julian,Frank & Julian,2,7,19,00-0031408,27535,Mike Evans,WR,TB,0,0,,6.61,,,-7.7,-4.3,0,0,
2022,1893865,186321,Ronnie,Ronnie,2,8,20,00-0036997,33423,Javonte Williams,RB,DEN,0,0,,-14.39,,,1.9,1.1,0.34,0,
2022,1893820,186318,Nolan & Vinny,Nolan & Vinny,2,9,21,00-0034791,31005,Nick Chubb,RB,CLE,0,0,,15.33,,,6.4,3.6,0,0,
2022,1893760,186314,Antdell & Ernie,Antdell & Ernie,2,10,22,00-0030506,26686,Travis Kelce,TE,KC,0,0,,30.83,,,4.8,2.7,0,0,
2022,1893880,186322,Cambrias,Cambrias,2,11,23,00-0033553,30218,James Conner,RB,ARI,0,0,,5.85,,,-2.1,-1.2,0.4,0,
2022,1893850,186320,Rob & GregBo,Rob & GregBo,2,12,24,00-0034753,31056,Mark Andrews,TE,BAL,0,0,,10.91,,,0.7,0.4,0.77,0,
2022,1893851,186320,Rob & GregBo,Rob & GregBo,3,1,25,00-0035676,31883,A.J. Brown,WR,PHI,0,0,,17.52,,,-3.4,-1.9,0,0,
2022,1893881,186322,Cambrias,Cambrias,3,2,26,00-0036252,32704,Michael Pittman,WR,IND,0,0,,3.46,,,-2.9,-1.6,0.06,0,
2022,1893761,186314,Antdell & Ernie,Antdell & Ernie,3,3,27,00-0036973,33413,Travis Etienne,RB,JAX,0,0,,5.49,,,-7.5,-4.2,0,0,
2022,1893821,186318,Nolan & Vinny,Nolan & Vinny,3,4,28,00-0033040,29399,Tyreek Hill,WR,MIA,0,0,,27.75,,,4.4,2.4,0,0,
2022,1893866,186321,Ronnie,Ronnie,3,5,29,00-0035719,31868,Deebo Samuel,WR,SF,0,0,,-2.71,,,7.7,4.3,0,0,
2022,1893911,186324,Frank & Julian,Frank & Julian,3,6,30,00-0033045,29238,Ezekiel Elliott,RB,DAL,0,0,,3.43,,,2.3,1.3,0.43,0,
2022,1893746,186313,Richie,Richie,3,7,31,00-0036970,33392,Kyle Pitts,TE,ATL,0,0,,-5.87,,,-0.8,-0.4,0.76,0,
2022,1893806,186317,John Juliano,John Juliano,3,8,32,00-0030279,26699,Keenan Allen,WR,LAC,0,0,,-6.05,,,0.8,0.4,0.68,0,
2022,1893836,186319,Pung & Tralie,Pung & Tralie,3,9,33,00-0037258,34063,Dameon Pierce,RB,HOU,0,0,,0,,,-43.4,-24.1,0,0,
2022,1893776,186315,Chris & Dom,Chris & Dom,3,10,34,00-0034857,30977,Josh Allen,QB,BUF,0,0,,26.82,,,12.3,6.8,0,0,
2022,1893791,186316,Phil Baldino,Phil Baldino,3,11,35,00-0021142,30120,,,NE,0,0,,,,,,,,0,
2022,1893896,186323,Mike Long,Mike Long,3,12,36,00-0034796,31002,Lamar Jackson,QB,BAL,0,0,,0,,,-11.3,-6.3,0,0,
2022,1893897,186323,Mike Long,Mike Long,4,1,37,00-0033288,30259,George Kittle,TE,SF,0,0,,11.78,,,-7.5,-4.2,0,0,
2022,1893792,186316,Phil Baldino,Phil Baldino,4,2,38,00-0036355,32676,Justin Herbert,QB,LAC,0,0,,5.27,,,4.1,2.3,0.21,0,
2022,1893777,186315,Chris & Dom,Chris & Dom,4,3,39,00-0034827,30994,D.J. Moore,WR,CAR,0,0,,1.79,,,-1.8,-1,0.56,0,
2022,1893837,186319,Pung & Tralie,Pung & Tralie,4,4,40,00-0034348,31010,Courtland Sutton,WR,DEN,0,0,,-4.15,,,-7.3,-4.1,0,0,
2022,1893807,186317,John Juliano,John Juliano,4,5,41,00-0036963,33500,Amon-Ra St. Brown,WR,DET,0,0,,13.79,,,-34.3,-19.1,0,0,
2022,1893747,186313,Richie,Richie,4,6,42,00-0036410,32703,Tee Higgins,WR,CIN,0,0,,6.17,,,8.8,4.9,0,0,
2022,1893912,186324,Frank & Julian,Frank & Julian,4,7,43,00-0036414,32722,Cam Akers,RB,LAR,0,0,,-4.52,,,11.6,6.4,0,0,
2022,1893867,186321,Ronnie,Ronnie,4,8,44,00-0031610,28592,Darren Waller,TE,LV,0,0,,-5.26,,,-7.8,-4.3,0,0,
2022,1893822,186318,Nolan & Vinny,Nolan & Vinny,4,9,45,00-0035659,31908,Terry McLaurin,WR,WAS,0,0,,5.54,,,2.7,1.5,0.27,0,
2022,1893762,186314,Antdell & Ernie,Antdell & Ernie,4,10,46,00-0031428,27589,Allen Robinson,WR,LAR,0,0,,-11.15,,,-12.3,-6.8,0,0,
2022,1893882,186322,Cambrias,Cambrias,4,11,47,00-0035685,31905,David Montgomery,RB,CHI,0,0,,1.74,,,8.9,4.9,0,0,
2022,1893852,186320,Rob & GregBo,Rob & GregBo,4,12,48,00-0033873,30123,Patrick Mahomes,QB,KC,0,0,,35.69,,,10,5.6,0,0,
2022,1893853,186320,Rob & GregBo,Rob & GregBo,5,1,49,00-0038120,33991,Breece Hall,RB,NYJ,0,0,,-5.44,,,5.4,3,0,0,
2022,1893883,186322,Cambrias,Cambrias,5,2,50,00-0035700,31856,Josh Jacobs,RB,LV,0,0,,33.86,,,-78.7,-43.7,0,0,
2022,1893763,186314,Antdell & Ernie,Antdell & Ernie,5,3,51,00-0034681,31104,Chase Edmonds,RB,MIA,0,0,,-10.18,,,-17.2,-9.6,0,0,
2022,1893823,186318,Nolan & Vinny,Nolan & Vinny,5,4,52,00-0036442,32671,Joe Burrow,QB,CIN,0,0,,22.34,,,,,,0,
2022,1893868,186321,Ronnie,Ronnie,5,5,53,00-0036550,33415,Rashod Bateman,WR,BAL,0,0,,-14.15,,,-32.4,-18,0,0,
2022,1893913,186324,Frank & Julian,Frank & Julian,5,6,54,00-0036613,33394,Jaylen Waddle,WR,MIA,0,0,,13.44,,,15.2,8.4,0,0,
2022,1893748,186313,Richie,Richie,5,7,55,00-0036265,32732,AJ Dillon,RB,GB,0,0,,-0.22,,,8.6,4.8,0,0,
2022,1893808,186317,John Juliano,John Juliano,5,8,56,00-0036389,32723,Jalen Hurts,QB,PHI,0,0,,30.1,,,-1.6,-0.9,0.75,0,
2022,1893838,186319,Pung & Tralie,Pung & Tralie,5,9,57,00-0036567,33582,Elijah Mitchell,RB,SF,0,0,,-14.59,,,15.2,8.4,0,0,
2022,1893778,186315,Chris & Dom,Chris & Dom,5,10,58,00-0036158,32725,J.K. Dobbins,RB,LAC,0,0,,-8.87,,,21.8,12.1,0,0,
2022,1893793,186316,Phil Baldino,Phil Baldino,5,11,59,00-0036360,32702,Clyde Edwards-Helaire,RB,KC,0,0,,-7.09,,,6.6,3.7,0,0,
2022,1893898,186323,Mike Long,Mike Long,5,12,60,00-0035657,31919,Damien Harris,RB,NE,0,0,,-8.45,,,6.5,3.6,0,0,
2022,1893899,186323,Mike Long,Mike Long,6,1,61,00-0036328,32736,Antonio Gibson,RB,WAS,0,0,,-0.15,,,-41.2,-22.9,0,0,
2022,1893794,186316,Phil Baldino,Phil Baldino,6,2,62,00-0031236,27548,Brandin Cooks,WR,HOU,0,0,,-6.62,,,4.5,2.5,0.1,0,
2022,1893779,186315,Chris & Dom,Chris & Dom,6,3,63,00-0034383,31107,Dalton Schultz,TE,DAL,0,0,,1.9,,,1.2,0.7,0.85,0,
2022,1893839,186319,Pung & Tralie,Pung & Tralie,6,4,64,00-0034351,31019,Dallas Goedert,TE,PHI,0,0,,0.79,,,-13.8,-7.7,0,0,
2022,1893809,186317,John Juliano,John Juliano,6,5,65,00-0033921,30197,Chris Godwin,WR,TB,0,0,,5.98,,,11.1,6.2,0,0,
2022,1893749,186313,Richie,Richie,6,6,66,00-0035662,31857,Marquise Brown,WR,ARI,0,0,,-3.19,,,-0.4,-0.2,0.94,0,
2022,1893914,186324,Frank & Julian,Frank & Julian,6,7,67,00-0035216,31898,Diontae Johnson,WR,PIT,0,0,,-1.43,,,16.1,8.9,0,0,
2022,1893869,186321,Ronnie,Ronnie,6,8,68,00-0036875,33508,Rhamondre Stevenson,RB,NE,0,0,,16.93,,,-7.6,-4.2,0.08,0,
2022,1893824,186318,Nolan & Vinny,Nolan & Vinny,6,9,69,00-0035229,31840,T.J. Hockenson,TE,DET,0,0,,20.12,,,-4.4,-2.4,0.49,0,
2022,1893764,186314,Antdell & Ernie,Antdell & Ernie,6,10,70,00-0036309,32843,Darnell Mooney,WR,CHI,0,0,,-8.45,,,-3.8,-2.1,0.24,0,
2022,1893884,186322,Cambrias,Cambrias,6,11,71,00-0036196,32798,Gabriel Davis,WR,BUF,0,0,,-2.21,,,,,,0,
2022,1893854,186320,Rob & GregBo,Rob & GregBo,6,12,72,00-0036407,32685,Jerry Jeudy,WR,DEN,0,0,,-0.81,,,8.4,4.7,0,0,
2022,1893855,186320,Rob & GregBo,Rob & GregBo,7,1,73,00-0033857,30175,JuJu Smith-Schuster,WR,KC,0,0,,-0.62,,,-7.5,-4.2,0.21,0,
2022,1893885,186322,Cambrias,Cambrias,7,2,74,00-0030061,26658,Zach Ertz,TE,ARI,0,0,,-1.22,,,-20.7,-11.5,0,0,
2022,1893765,186314,Antdell & Ernie,Antdell & Ernie,7,3,75,00-0035261,31960,Tony Pollard,RB,DAL,0,0,,19.37,,,5.7,3.2,0.07,0,
2022,1893825,186318,Nolan & Vinny,Nolan & Vinny,7,4,76,00-0032765,29281,Michael Thomas,WR,NO,0,0,,-13.29,,,28.9,16.1,0,0,
2022,1893870,186321,Ronnie,Ronnie,7,5,77,00-0035640,31896,DK Metcalf,WR,SEA,0,0,,7.51,,,30.3,16.8,0,0,
2022,1893915,186324,Frank & Julian,Frank & Julian,7,6,78,00-0029263,25785,Russell Wilson,QB,DEN,0,0,,-3.29,,,9.7,5.4,0,0,
2022,1893750,186313,Richie,Richie,7,7,79,00-0034983,31981,Hunter Renfrow,WR,LV,0,0,,-12.03,,,,,,0,
2022,1893810,186317,John Juliano,John Juliano,7,8,80,00-0035689,31928,Dawson Knox,TE,BUF,0,0,,-0.03,,,-77.9,-43.3,0,0,
2022,1893840,186319,Pung & Tralie,Pung & Tralie,7,9,81,00-0035243,31885,Miles Sanders,RB,PHI,0,0,,11.46,,,18.8,10.4,0,0,
2022,1893780,186315,Chris & Dom,Chris & Dom,7,10,82,00-0030564,26650,DeAndre Hopkins,WR,TEN,0,0,,-3.43,,,24.9,13.8,0,0,
2022,1893795,186316,Phil Baldino,Phil Baldino,7,11,83,00-0031544,28392,Amari Cooper,WR,CLE,0,0,,12.72,,,,,,0,
2022,1893900,186323,Mike Long,Mike Long,7,12,84,00-0030035,27277,Adam Thielen,WR,MIN,0,0,,-1.62,,,13.2,7.3,0,0,
2022,1893901,186323,Mike Long,Mike Long,8,1,85,DEF-0004,100002,Buffalo Bills,DEF,BUF,0,0,,7.58,,,-35.9,-19.9,0,0,
2022,1893796,186316,Phil Baldino,Phil Baldino,8,2,86,00-0036290,32713,Cole Kmet,TE,CHI,0,0,,1.88,,,-30.2,-16.8,0,0,
2022,1893781,186315,Chris & Dom,Chris & Dom,8,3,87,00-0036980,33422,Elijah Moore,WR,NYJ,0,0,,-9.38,,,-4.8,-2.7,0.38,0,
2022,1893841,186319,Pung & Tralie,Pung & Tralie,8,4,88,00-0030431,26664,Robert Woods,WR,TEN,0,0,,-7.26,,,-13.5,-7.5,0,0,
2022,1893811,186317,John Juliano,John Juliano,8,5,89,00-0034521,31268,Allen Lazard,WR,NYJ,0,0,,-2.5,,,-6.7,-3.7,0.07,0,
2022,1893751,186313,Richie,Richie,8,6,90,00-0033923,30199,Kareem Hunt,RB,CLE,0,0,,-4.2,,,25.1,13.9,0,0,
2022,1893916,186324,Frank & Julian,Frank & Julian,8,7,91,00-0030578,26652,Cordarrelle Patterson,RB,ATL,0,0,,-1.94,,,0.4,0.2,0.94,0,
2022,1893871,186321,Ronnie,Ronnie,8,8,92,00-0031280,27564,Derek Carr,QB,LV,0,0,,-1.61,,,-10.8,-6,0,0,
2022,1893826,186318,Nolan & Vinny,Nolan & Vinny,8,9,93,00-0036912,33398,DeVonta Smith,WR,PHI,0,0,,13.4,,,5.3,2.9,0.07,0,
2022,1893766,186314,Antdell & Ernie,Antdell & Ernie,8,10,94,00-0036261,32695,Brandon Aiyuk,WR,SF,0,0,,8.24,,,-1.6,-0.9,0.76,0,
2022,1893886,186322,Cambrias,Cambrias,8,11,95,00-0034775,31017,Christian Kirk,WR,JAX,0,0,,9.34,,,-6.3,-3.5,0.05,0,
2022,1893856,186320,Rob & GregBo,Rob & GregBo,8,12,96,00-0032144,28403,Melvin Gordon,RB,DEN,0,0,,-7.04,,,12.6,7,0,0,
2022,1893857,186320,Rob & GregBo,Rob & GregBo,9,1,97,00-0037238,33963,Drake London,WR,ATL,0,0,,-2.28,,,-18.7,-10.4,0,0,
2022,1893887,186322,Cambrias,Cambrias,9,2,98,00-0035228,31833,Kyler Murray,QB,ARI,0,0,,-3.17,,,41.1,22.8,0,0,
2022,1893767,186314,Antdell & Ernie,Antdell & Ernie,9,3,99,00-0037012,33391,Trey Lance,QB,SF,0,0,,-19.3,,,7.2,4,0.23,0,
2022,1893827,186318,Nolan & Vinny,Nolan & Vinny,9,4,100,00-0033009,29288,Tyler Boyd,WR,CIN,0,0,,-2.76,,,,,,0,
2022,1893872,186321,Ronnie,Ronnie,9,5,101,00-0036913,33408,Kadarius Toney,WR,NYG,0,0,,-12.14,,,-7.1,-3.9,0.1,0,
2022,1893917,186324,Frank & Julian,Frank & Julian,9,6,102,00-0035250,31906,Devin Singletary,RB,BUF,0,0,,2.87,,,27.2,15.1,0,0,
2022,1893752,186313,Richie,Richie,9,7,103,00-0035664,31902,Darrell Henderson,RB,LAR,0,0,,-7.84,,,-35.1,-19.5,0,0,
2022,1893812,186317,John Juliano,John Juliano,9,8,104,00-0037248,34019,James Cook,RB,BUF,0,0,,-5.69,,,11.1,6.2,0,0,
2022,1893842,186319,Pung & Tralie,Pung & Tralie,9,9,105,00-0034750,30997,Rashaad Penny,RB,SEA,0,0,,-9.6,,,44.4,24.7,0,0,
2022,1893782,186315,Chris & Dom,Chris & Dom,9,10,106,00-0033948,30247,Jamaal Williams,RB,DET,0,0,,10.57,,,,,,0,
2022,1893797,186316,Phil Baldino,Phil Baldino,9,11,107,00-0036894,33443,Pat Freiermuth,TE,PIT,0,0,,5.66,,,-4.5,-2.5,0.59,0,
2022,1893902,186323,Mike Long,Mike Long,9,12,108,00-0032211,28457,Tyler Lockett,WR,SEA,0,0,,9.93,,,1.5,0.8,0.82,0,
2022,1893903,186323,Mike Long,Mike Long,10,1,109,00-0033110,29344,Tyler Higbee,TE,LAR,0,0,,5.02,,,,,,0,
2022,1893798,186316,Phil Baldino,Phil Baldino,10,2,110,00-0033077,29369,Dak Prescott,QB,DAL,0,0,,-3.81,,,30.8,17.1,0,0,
2022,1893783,186315,Chris & Dom,Chris & Dom,10,3,111,DEF-0030,100027,Tampa Bay Buccaneers,DEF,TB,0,0,,-0.16,,,-7.5,-4.2,0.5,0,
2022,1893843,186319,Pung & Tralie,Pung & Tralie,10,4,112,00-0019596,5228,Tom Brady,QB,TB,0,0,,7.71,,,30,16.7,0,0,
2022,1893813,186317,John Juliano,John Juliano,10,5,113,00-0034972,31934,Alexander Mattison,RB,MIN,0,0,,-7.75,,,17.2,9.6,0,0,
2022,1893753,186313,Richie,Richie,10,6,114,00-0037239,33966,Chris Olave,WR,NO,0,0,,0,,,-0.2,-0.1,0.97,0,
2022,1893918,186324,Frank & Julian,Frank & Julian,10,7,115,00-0029597,26534,Justin Tucker,K,BAL,0,0,,6.33,,,-23.4,-13,0,0,
2022,1893873,186321,Ronnie,Ronnie,10,8,116,00-0037742,33973,Treylon Burks,WR,TEN,0,0,,-8.29,,,,,,0,
2022,1893828,186318,Nolan & Vinny,Nolan & Vinny,10,9,117,00-0036906,33605,Khalil Herbert,RB,CHI,0,0,,-4.19,,,,,,0,
2022,1893768,186314,Antdell & Ernie,Antdell & Ernie,10,10,118,00-0034367,31074,Nyheim Hines,RB,IND,0,0,,-7.4,,,19,10.6,0,0,
2022,1893888,186322,Cambrias,Cambrias,10,11,119,00-0036501,33495,Michael Carter,DB,NYJ,0,0,,,,,,,,0,
2022,1893858,186320,Rob & GregBo,Rob & GregBo,10,12,120,00-0034960,32231,Jakobi Meyers,WR,NE,0,0,,-1.21,,,,,,0,
2022,1893859,186320,Rob & GregBo,Rob & GregBo,11,1,121,00-0033090,29269,Hunter Henry,TE,NE,0,0,,-2.5,,,,,,0,
2022,1893889,186322,Cambrias,Cambrias,11,2,122,00-0027944,24793,Julio Jones,WR,TB,0,0,,-8.7,,,-4.2,-2.3,0.7,0,
2022,1893769,186314,Antdell & Ernie,Antdell & Ernie,11,3,123,00-0036919,33538,Kenneth Gainwell,RB,PHI,0,0,,-6.21,,,,,,0,
2022,1893829,186318,Nolan & Vinny,Nolan & Vinny,11,4,124,00-0035831,33138,James Robinson,RB,JAX,0,0,,-5.72,,,,,,0,
2022,1893874,186321,Ronnie,Ronnie,11,5,125,DEF-0028,100025,San Francisco 49ers,DEF,SF,0,0,,12.68,,,,,,0,
2022,1893919,186324,Frank & Julian,Frank & Julian,11,6,126,00-0033885,30142,David Njoku,TE,CLE,0,0,,-0.03,,,,,,0,
2022,1893754,186313,Richie,Richie,11,7,127,00-0032602,29650,J.D. McKissic,RB,WAS,0,0,,-7.82,,,,,,0,
2022,1893814,186317,John Juliano,John Juliano,11,8,128,00-0037247,34007,George Pickens,WR,PIT,0,0,,-2.66,,,6.9,3.8,0.38,0,
2022,1893844,186319,Pung & Tralie,Pung & Tralie,11,9,129,00-0038090,34009,Skyy Moore,WR,KC,0,0,,-9.6,,,,,,0,
2022,1893784,186315,Chris & Dom,Chris & Dom,11,10,130,00-0036854,33537,Evan McPherson,K,CIN,0,0,,-0.48,,,,,,0,
2022,1893799,186316,Phil Baldino,Phil Baldino,11,11,131,00-0034764,31051,Michael Gallup,WR,LV,0,0,,-5.77,,,,,,0,
2022,1893904,186323,Mike Long,Mike Long,11,12,132,00-0029604,25812,Kirk Cousins,QB,MIN,0,0,,12.01,,,24.6,13.7,0,0,
2022,1893905,186323,Mike Long,Mike Long,12,1,133,00-0034161,31137,Daniel Carlson,K,LV,0,0,,6.88,,,,,,0,
2022,1893800,186316,Phil Baldino,Phil Baldino,12,2,134,DEF-0019,100014,Los Angeles Rams,DEF,LAR,0,0,,-0.46,,,,,,0,
2022,1893785,186315,Chris & Dom,Chris & Dom,12,3,135,00-0023459,7200,Aaron Rodgers,QB,GB,0,0,,-0.59,,,39.4,21.9,0,0,
2022,1893845,186319,Pung & Tralie,Pung & Tralie,12,4,136,00-0026498,9265,Matthew Stafford,QB,LAR,0,0,,-8.22,,,50.2,27.9,0,0,
2022,1893815,186317,John Juliano,John Juliano,12,5,137,00-0038134,33996,Kenneth Walker III,RB,SEA,0,0,,6.27,,,,,,0,
2022,1893755,186313,Richie,Richie,12,6,138,00-0036971,33389,Trevor Lawrence,QB,JAX,0,0,,14.58,,,,,,0,
2022,1893920,186324,Frank & Julian,Frank & Julian,12,7,139,00-0037256,34047,Rachaad White,RB,TB,0,0,,-1.66,,,,,,0,
2022,1893875,186321,Ronnie,Ronnie,12,8,140,00-0036162,32858,Tyler Bass,K,BUF,0,0,,2.62,,,,,,0,
2022,1893830,186318,Nolan & Vinny,Nolan & Vinny,12,9,141,00-0035269,31977,Matt Gay,K,LAR,0,0,,-0.42,,,,,,0,
2022,1893770,186314,Antdell & Ernie,Antdell & Ernie,12,10,142,00-0037197,34207,Isiah Pacheco,RB,KC,0,0,,-2.61,,,32.2,17.9,0,0,
2022,1893890,186322,Cambrias,Cambrias,12,11,143,00-0037816,34088,Romeo Doubs,WR,GB,0,0,,-5.15,,,14.9,8.3,0,0,
2022,1893860,186320,Rob & GregBo,Rob & GregBo,12,12,144,00-0036326,32719,Chase Claypool,WR,PIT,0,0,,-5.05,,,,,,0,
2022,1893861,186320,Rob & GregBo,Rob & GregBo,13,1,145,00-0037263,34107,Tyler Allgeier,RB,ATL,0,0,,-1.17,,,45.8,25.4,0,0,
2022,1893891,186322,Cambrias,Cambrias,13,2,146,00-0033303,30346,Harrison Butker,K,KC,0,0,,-1.97,,,-0.9,-0.5,0.95,0,
2022,1893771,186314,Antdell & Ernie,Antdell & Ernie,13,3,147,00-0036423,32788,Albert Okwuegbunam,TE,DEN,0,0,,-5.68,,,,,,0,
2022,1893831,186318,Nolan & Vinny,Nolan & Vinny,13,4,148,00-0031687,28654,Raheem Mostert,RB,MIA,0,0,,-0.34,,,-3.1,-1.7,0.82,0,
2022,1893876,186321,Ronnie,Ronnie,13,5,149,00-0034829,31012,Mike Gesicki,TE,MIA,0,0,,-2.06,,,,,,0,
2022,1893921,186324,Frank & Julian,Frank & Julian,13,6,150,00-0031547,28402,DeVante Parker,WR,NE,0,0,,-5.83,,,,,,0,
2022,1893756,186313,Richie,Richie,13,7,151,00-0037240,33967,Jameson Williams,WR,DET,0,0,,-8.95,,,,,,0,
2022,1893816,186317,John Juliano,John Juliano,13,8,152,00-0033787,30266,Jake Elliott,K,PHI,0,0,,-1.36,,,,,,0,
2022,1893846,186319,Pung & Tralie,Pung & Tralie,13,9,153,00-0038124,33989,Christian Watson,WR,GB,0,0,,-2.06,,,,,,0,
2022,1893786,186315,Chris & Dom,Chris & Dom,13,10,154,00-0032063,28514,Mike Davis,RB,BAL,0,0,,-7.88,,,,,,0,
2022,1893801,186316,Phil Baldino,Phil Baldino,13,11,155,00-0037746,34054,Brian Robinson,RB,WAS,0,0,,-2.53,,,,,,0,
2022,1893906,186323,Mike Long,Mike Long,13,12,156,00-0034272,31144,Marquez Valdes-Scantling,WR,KC,0,0,,-3.25,,,,,,0,
2022,1893907,186323,Mike Long,Mike Long,14,1,157,00-0031325,27532,Sammy Watkins,WR,GB,0,0,,-6.72,,,,,,0,
2022,1893802,186316,Phil Baldino,Phil Baldino,14,2,158,DEF-0010,100007,Denver Broncos,DEF,DEN,0,0,,-0.22,,,,,,0,
2022,1893787,186315,Chris & Dom,Chris & Dom,14,3,159,00-0027966,24815,Mark Ingram,RB,NO,0,0,,-4.98,,,,,,0,
2022,1893847,186319,Pung & Tralie,Pung & Tralie,14,4,160,DEF-0031,100010,Tennessee Titans,DEF,TEN,0,0,,-0.12,,,,,,0,
2022,1893817,186317,John Juliano,John Juliano,14,5,161,DEF-0023,100018,New Orleans Saints,DEF,NO,0,0,,-0.04,,,,,,0,
2022,1893757,186313,Richie,Richie,14,6,162,DEF-0022,100017,New England Patriots,DEF,NE,0,0,,23.9,,,,,,0,
2022,1893922,186324,Frank & Julian,Frank & Julian,14,7,163,DEF-0014,100011,Indianapolis Colts,DEF,IND,0,0,,0,,,12.3,6.8,0.35,0,
2022,1893877,186321,Ronnie,Ronnie,14,8,164,00-0036936,33437,Rondale Moore,WR,ATL,0,0,,-3.61,,,,,,0,
2022,1893832,186318,Nolan & Vinny,Nolan & Vinny,14,9,165,00-0036554,33477,Nico Collins,WR,HOU,0,0,,-3.11,,,,,,0,
2022,1893772,186314,Antdell & Ernie,Antdell & Ernie,14,10,166,DEF-0003,100033,Baltimore Ravens,DEF,BAL,0,0,,8.22,,,,,,0,
2022,1893892,186322,Cambrias,Cambrias,14,11,167,DEF-0018,100024,Los Angeles Chargers,DEF,LAC,0,0,,-0.06,,,,,,0,
2022,1893862,186320,Rob & GregBo,Rob & GregBo,14,12,168,DEF-0026,100021,Philadelphia Eagles,DEF,PHI,0,0,,13.75,,,,,,0,
2022,1893863,186320,Rob & GregBo,Rob & GregBo,15,1,169,00-0026968,9520,Ryan Succop,K,TB,0,0,,-0.05,,,,,,0,
2022,1893893,186322,Cambrias,Cambrias,15,2,170,DEF-0012,100009,Green Bay Packers,DEF,GB,0,0,,3.68,,,,,,0,
2022,1893773,186314,Antdell & Ernie,Antdell & Ernie,15,3,171,00-0035849,33211,Rodrigo Blankenship,K,IND,0,0,,-2.59,,,,,,0,
2022,1893833,186318,Nolan & Vinny,Nolan & Vinny,15,4,172,DEF-0009,100006,Dallas Cowboys,DEF,DAL,0,0,,18.76,,,,,,0,
2022,1893878,186321,Ronnie,Ronnie,15,5,173,00-0031503,28389,Jameis Winston,QB,NO,0,0,,-3.71,,,,,,0,
2022,1893923,186324,Frank & Julian,Frank & Julian,15,6,174,00-0036945,33399,Justin Fields,QB,CHI,0,0,,18.17,,,37.7,20.9,0,0,
2022,1893758,186313,Richie,Richie,15,7,175,00-0030098,26800,Dustin Hopkins,K,LAC,0,0,,-1.27,,,,,,0,
2022,1893818,186317,John Juliano,John Juliano,15,8,176,00-0036555,33514,Chuba Hubbard,RB,CAR,0,0,,-0.97,,,,,,0,
2022,1893848,186319,Pung & Tralie,Pung & Tralie,15,9,177,00-0023853,8565,Matt Prater,K,ARI,0,0,,-0.26,,,,,,0,
2022,1893788,186315,Chris & Dom,Chris & Dom,15,10,178,00-0033466,30285,Isaiah McKenzie,WR,BUF,0,0,,-0.39,,,,,,0,
2022,1893803,186316,Phil Baldino,Phil Baldino,15,11,179,00-0029822,27120,Brandon McManus,K,DEN,0,0,,-0,,,,,,0,
2022,1893908,186323,Mike Long,Mike Long,15,12,180,00-0031382,27591,Jarvis Landry,WR,NO,0,0,,-0,,,,,,0,
2023,1893594,186303,Chris & Dom,Chris & Dom,1,1,1,00-0036322,32692,Justin Jefferson,WR,MIN,0,0,,-4.65,,,-0.4,-0.2,0.43,0,
2023,1893669,186308,Rob & GregBo,Rob & GregBo,1,2,2,00-0036900,33393,Ja'Marr Chase,WR,CIN,0,0,,5.51,,,-3.6,-2,0,0,
2023,1893684,186309,Ronnie,Ronnie,1,3,3,00-0033280,30121,Christian McCaffrey,RB,SF,0,0,,25.18,,,0.7,0.4,0.3,0,
2023,1893654,186307,Pung & Tralie,Pung & Tralie,1,4,4,00-0038542,40055,Bijan Robinson,RB,ATL,0,0,,5.69,,,-3.4,-1.9,0.13,0,
2023,1893639,186306,Nolan & Vinny,Nolan & Vinny,1,5,5,00-0033699,30423,Austin Ekeler,RB,LAC,0,0,,0,,,2.5,1.4,0,0,
2023,1893714,186311,Mike Long,Mike Long,1,6,6,00-0033040,29399,Tyreek Hill,WR,MIA,0,0,,19.06,,,1.4,0.8,0.36,0,
2023,1893579,186302,Antdell & Ernie,Antdell & Ernie,1,7,7,00-0034791,31005,Nick Chubb,RB,CLE,0,0,,-17.91,,,1,0.6,0.71,0,
2023,1893699,186310,Cambrias,Cambrias,1,8,8,00-0035261,31960,Tony Pollard,RB,DAL,0,0,,4.22,,,-5.5,-3.1,0.1,0,
2023,1893564,186301,Richie,Richie,1,9,9,00-0036358,32687,CeeDee Lamb,WR,DAL,0,0,,22.18,,,-6.4,-3.6,0.28,0,
2023,1893624,186305,John Juliano,John Juliano,1,10,10,00-0034844,30972,Saquon Barkley,RB,NYG,0,0,,3.51,,,0.3,0.2,0.94,0,
2023,1893729,186312,Frank & Julian,Frank & Julian,1,11,11,00-0031588,28534,Stefon Diggs,WR,BUF,0,0,,7.47,,,-0.1,-0.1,0.98,0,
2023,1893609,186304,Phil Baldino,Phil Baldino,1,12,12,00-0031381,27581,Davante Adams,WR,LV,0,0,,6.11,,,-5.3,-2.9,0.49,0,
2023,1893610,186304,Phil Baldino,Phil Baldino,2,1,13,00-0035700,31856,Josh Jacobs,RB,LV,0,0,,1.28,,,-6.1,-3.4,0.26,0,
2023,1893730,186312,Frank & Julian,Frank & Julian,2,2,14,00-0036963,33500,Amon-Ra St. Brown,WR,DET,0,0,,15.26,,,-3.1,-1.7,0.62,0,
2023,1893625,186305,John Juliano,John Juliano,2,3,15,00-0032764,29279,Derrick Henry,RB,TEN,0,0,,7.86,,,2.4,1.3,0.67,0,
2023,1893565,186301,Richie,Richie,2,4,16,00-0035676,31883,A.J. Brown,WR,PHI,0,0,,12.83,,,2.4,1.3,0.61,0,
2023,1893700,186310,Cambrias,Cambrias,2,5,17,00-0030506,26686,Travis Kelce,TE,KC,0,0,,13.64,,,11.7,6.5,0,0,
2023,1893580,186302,Antdell & Ernie,Antdell & Ernie,2,6,18,00-0037740,33965,Garrett Wilson,WR,NYJ,0,0,,0.45,,,0.7,0.4,0.9,0,
2023,1893715,186311,Mike Long,Mike Long,2,7,19,00-0037239,33966,Chris Olave,WR,NO,0,0,,1.43,,,-4.2,-2.3,0.53,0,
2023,1893640,186306,Nolan & Vinny,Nolan & Vinny,2,8,20,00-0036613,33394,Jaylen Waddle,WR,MIA,0,0,,-0.85,,,-2.8,-1.6,0.77,0,
2023,1893655,186307,Pung & Tralie,Pung & Tralie,2,9,21,00-0033908,30182,Cooper Kupp,WR,LAR,0,0,,-4.93,,,12.1,6.7,0,0,
2023,1893685,186309,Ronnie,Ronnie,2,10,22,00-0036973,33413,Travis Etienne,RB,JAX,0,0,,16.45,,,-6.4,-3.6,0.3,0,
2023,1893670,186308,Rob & GregBo,Rob & GregBo,2,11,23,00-0036893,33412,Najee Harris,RB,PIT,0,0,,-0.38,,,-4.1,-2.3,0.66,0,
2023,1893595,186303,Chris & Dom,Chris & Dom,2,12,24,00-0036410,32703,Tee Higgins,WR,CIN,0,0,,-8.11,,,-4.5,-2.5,0.62,0,
2023,1893596,186303,Chris & Dom,Chris & Dom,3,1,25,00-0036912,33398,DeVonta Smith,WR,PHI,0,0,,3.65,,,-5.1,-2.8,0.28,0,
2023,1893671,186308,Rob & GregBo,Rob & GregBo,3,2,26,00-0036389,32723,Jalen Hurts,QB,PHI,0,0,,19.19,,,0.3,0.2,0.97,0,
2023,1893686,186309,Ronnie,Ronnie,3,3,27,00-0035719,31868,Deebo Samuel,WR,SF,0,0,,5.34,,,-6.5,-3.6,0.1,0,
2023,1893656,186307,Pung & Tralie,Pung & Tralie,3,4,28,00-0033873,30123,Patrick Mahomes,QB,KC,0,0,,5.69,,,9.6,5.3,0.13,0,
2023,1893641,186306,Nolan & Vinny,Nolan & Vinny,3,5,29,00-0034857,30977,Josh Allen,QB,BUF,0,0,,22.81,,,3.9,2.2,0.63,0,
2023,1893716,186311,Mike Long,Mike Long,3,6,30,00-0035640,31896,DK Metcalf,WR,SEA,0,0,,3.06,,,-5.1,-2.8,0.06,0,
2023,1893581,186302,Antdell & Ernie,Antdell & Ernie,3,7,31,00-0034837,30996,Calvin Ridley,WR,JAX,0,0,,-0.08,,,-5.1,-2.8,0.51,0,
2023,1893701,186310,Cambrias,Cambrias,3,8,32,00-0033897,30161,Joe Mixon,RB,CIN,0,0,,12.89,,,1,0.6,0.82,0,
2023,1893566,186301,Richie,Richie,3,9,33,00-0039139,40059,Jahmyr Gibbs,RB,DET,0,0,,11.24,,,-3.1,-1.7,0.46,0,
2023,1893626,186305,John Juliano,John Juliano,3,10,34,00-0036875,33508,Rhamondre Stevenson,RB,NE,0,0,,-3.19,,,8.5,4.7,0.38,0,
2023,1893731,186312,Frank & Julian,Frank & Julian,3,11,35,00-0033293,30295,Aaron Jones,RB,GB,0,0,,-6.48,,,-0.8,-0.4,0.83,0,
2023,1893611,186304,Phil Baldino,Phil Baldino,3,12,36,00-0033906,30180,Alvin Kamara,RB,NO,0,0,,11.6,,,-30.1,-16.7,0,0,
2023,1893612,186304,Phil Baldino,Phil Baldino,4,1,37,00-0038134,33996,Kenneth Walker III,RB,SEA,0,0,,3.33,,,-2.5,-1.4,0.58,0,
2023,1893732,186312,Frank & Julian,Frank & Julian,4,2,38,00-0034796,31002,Lamar Jackson,QB,BAL,0,0,,16.3,,,2.1,1.2,0.64,0,
2023,1893627,186305,John Juliano,John Juliano,4,3,39,00-0036945,33399,Justin Fields,QB,CHI,0,0,,-3.12,,,-8.7,-4.8,0,0,
2023,1893567,186301,Richie,Richie,4,4,40,00-0030279,26699,Keenan Allen,WR,LAC,0,0,,14.17,,,-2.7,-1.5,0.43,0,
2023,1893702,186310,Cambrias,Cambrias,4,5,41,00-0030564,26650,DeAndre Hopkins,WR,TEN,0,0,,0,,,-11.7,-6.5,0,0,
2023,1893582,186302,Antdell & Ernie,Antdell & Ernie,4,6,42,00-0034753,31056,Mark Andrews,TE,BAL,0,0,,0.1,,,9.7,5.4,0,0,
2023,1893717,186311,Mike Long,Mike Long,4,7,43,00-0036158,32725,J.K. Dobbins,RB,BAL,0,0,,-17.57,,,-3,-1.7,0.35,0,
2023,1893642,186306,Nolan & Vinny,Nolan & Vinny,4,8,44,00-0031544,28392,Amari Cooper,WR,CLE,0,0,,3.96,,,12.8,7.1,0,0,
2023,1893657,186307,Pung & Tralie,Pung & Tralie,4,9,45,00-0037258,34063,Dameon Pierce,RB,HOU,0,0,,-9.85,,,-5.7,-3.2,0,0,
2023,1893687,186309,Ronnie,Ronnie,4,10,46,00-0038124,33989,Christian Watson,WR,GB,0,0,,-11.41,,,-3.1,-1.7,0.44,0,
2023,1893672,186308,Rob & GregBo,Rob & GregBo,4,11,47,00-0034972,31934,Alexander Mattison,RB,MIN,0,0,,-4.71,,,-3.2,-1.8,0.42,0,
2023,1893597,186303,Chris & Dom,Chris & Dom,4,12,48,00-0036442,32671,Joe Burrow,QB,CIN,0,0,,-10.84,,,7.1,3.9,0,0,
2023,1893598,186303,Chris & Dom,Chris & Dom,5,1,49,00-0035229,31840,T.J. Hockenson,TE,MIN,0,0,,18.31,,,-3.6,-2,0.46,0,
2023,1893673,186308,Rob & GregBo,Rob & GregBo,5,2,50,00-0031610,28592,Darren Waller,TE,NYG,0,0,,-3.19,,,-20.3,-11.3,0,0,
2023,1893688,186309,Ronnie,Ronnie,5,3,51,00-0036355,32676,Justin Herbert,QB,LAC,0,0,,-1.68,,,6.1,3.4,0,0,
2023,1893658,186307,Pung & Tralie,Pung & Tralie,5,4,52,00-0035216,31898,Diontae Johnson,WR,PIT,0,0,,-7.79,,,-19.4,-10.8,0,0,
2023,1893643,186306,Nolan & Vinny,Nolan & Vinny,5,5,53,00-0034351,31019,Dallas Goedert,TE,PHI,0,0,,0,,,-29.4,-16.3,0,0,
2023,1893718,186311,Mike Long,Mike Long,5,6,54,00-0036971,33389,Trevor Lawrence,QB,JAX,0,0,,-0.29,,,-2.1,-1.2,0.61,0,
2023,1893583,186302,Antdell & Ernie,Antdell & Ernie,5,7,55,00-0034827,30994,D.J. Moore,WR,CHI,0,0,,16.27,,,13.3,7.4,0,0,
2023,1893703,186310,Cambrias,Cambrias,5,8,56,00-0038120,33991,Breece Hall,RB,NYJ,0,0,,19.92,,,24.9,13.8,0,0,
2023,1893568,186301,Richie,Richie,5,9,57,00-0035243,31885,Miles Sanders,RB,CAR,0,0,,-9.16,,,11.1,6.2,0,0,
2023,1893628,186305,John Juliano,John Juliano,5,10,58,00-0037238,33963,Drake London,WR,ATL,0,0,,-4.09,,,1.8,1,0.71,0,
2023,1893733,186312,Frank & Julian,Frank & Julian,5,11,59,00-0037256,34047,Rachaad White,RB,TB,0,0,,18.43,,,-4.2,-2.3,0.25,0,
2023,1893613,186304,Phil Baldino,Phil Baldino,5,12,60,00-0037247,34007,George Pickens,WR,PIT,0,0,,0,,,-16.5,-9.2,0,0,
2023,1893614,186304,Phil Baldino,Phil Baldino,6,1,61,00-0033288,30259,George Kittle,TE,SF,0,0,,15.9,,,2,1.1,0.68,0,
2023,1893734,186312,Frank & Julian,Frank & Julian,6,2,62,00-0037248,34019,James Cook,RB,BUF,0,0,,11.76,,,-9.6,-5.3,0,0,
2023,1893629,186305,John Juliano,John Juliano,6,3,63,00-0033553,30218,James Conner,RB,ARI,0,0,,-0.34,,,5.8,3.2,0,0,
2023,1893569,186301,Richie,Richie,6,4,64,00-0032211,28457,Tyler Lockett,WR,SEA,0,0,,-2.09,,,1.3,0.7,0.8,0,
2023,1893704,186310,Cambrias,Cambrias,6,5,65,00-0033921,30197,Chris Godwin,WR,TB,0,0,,-0.98,,,-3.1,-1.7,0.62,0,
2023,1893584,186302,Antdell & Ernie,Antdell & Ernie,6,6,66,00-0036414,32722,Cam Akers,RB,LAR,0,0,,-12.79,,,17.4,9.7,0,0,
2023,1893719,186311,Mike Long,Mike Long,6,7,67,00-0037197,34207,Isiah Pacheco,RB,KC,0,0,,9.29,,,7.4,4.1,0,0,
2023,1893644,186306,Nolan & Vinny,Nolan & Vinny,6,8,68,00-0036997,33423,Javonte Williams,RB,DEN,0,0,,-1.57,,,2.3,1.3,0.66,0,
2023,1893659,186307,Pung & Tralie,Pung & Tralie,6,9,69,00-0036223,32711,Jonathan Taylor,RB,IND,0,0,,-4.52,,,44.2,24.6,0,0,
2023,1893689,186309,Ronnie,Ronnie,6,10,70,00-0036275,32705,D'Andre Swift,RB,PHI,0,0,,5.92,,,0.7,0.4,0.93,0,
2023,1893674,186308,Rob & GregBo,Rob & GregBo,6,11,71,00-0034775,31017,Christian Kirk,WR,JAX,0,0,,-5.67,,,7,3.9,0,0,
2023,1893599,186303,Chris & Dom,Chris & Dom,6,12,72,00-0033893,30154,Dalvin Cook,RB,NYJ,0,0,,-13.14,,,,,,0,
2023,1893600,186303,Chris & Dom,Chris & Dom,7,1,73,00-0035685,31905,David Montgomery,RB,DET,0,0,,5.73,,,10.6,5.9,0,0,
2023,1893675,186308,Rob & GregBo,Rob & GregBo,7,2,74,00-0021142,30120,,,NE,0,0,,,,,,,,0,
2023,1893690,186309,Ronnie,Ronnie,7,3,75,00-0037741,33971,Jahan Dotson,WR,WAS,0,0,,-8.5,,,-3.8,-2.1,0.54,0,
2023,1893660,186307,Pung & Tralie,Pung & Tralie,7,4,76,00-0034348,31010,Courtland Sutton,WR,DEN,0,0,,-1.93,,,-16.9,-9.4,0,0,
2023,1893645,186306,Nolan & Vinny,Nolan & Vinny,7,5,77,00-0031408,27535,Mike Evans,WR,TB,0,0,,17.02,,,10.8,6,0,0,
2023,1893720,186311,Mike Long,Mike Long,7,6,78,00-0037746,34054,Brian Robinson,RB,WAS,0,0,,3.48,,,-1.5,-0.8,0.82,0,
2023,1893585,186302,Antdell & Ernie,Antdell & Ernie,7,7,79,00-0036261,32695,Brandon Aiyuk,WR,SF,0,0,,8.83,,,20.1,11.2,0,0,
2023,1893705,186310,Cambrias,Cambrias,7,8,80,00-0036906,33605,Khalil Herbert,RB,CHI,0,0,,-6.45,,,-18.1,-10.1,0,0,
2023,1893570,186301,Richie,Richie,7,9,81,00-0035659,31908,Terry McLaurin,WR,WAS,0,0,,-1.26,,,29.4,16.3,0,0,
2023,1893630,186305,John Juliano,John Juliano,7,10,82,00-0036252,32704,Michael Pittman,WR,IND,0,0,,8.7,,,6.3,3.5,0.45,0,
2023,1893735,186312,Frank & Julian,Frank & Julian,7,11,83,00-0036407,32685,Jerry Jeudy,WR,CLE,0,0,,-7.76,,,37.6,20.9,0,0,
2023,1893615,186304,Phil Baldino,Phil Baldino,7,12,84,00-0036212,32675,Tua Tagovailoa,QB,MIA,0,0,,4.18,,,2.8,1.6,0.72,0,
2023,1893616,186304,Phil Baldino,Phil Baldino,8,1,85,00-0038994,40042,Jordan Addison,WR,MIN,0,0,,0.15,,,-0.4,-0.2,0.95,0,
2023,1893736,186312,Frank & Julian,Frank & Julian,8,2,86,00-0032765,29281,Michael Thomas,WR,NO,0,0,,-10.89,,,-21,-11.7,0,0,
2023,1893631,186305,John Juliano,John Juliano,8,3,87,00-0035662,31857,Marquise Brown,WR,ARI,0,0,,-6.63,,,16.2,9,0,0,
2023,1893571,186301,Richie,Richie,8,4,88,00-0036328,32736,Antonio Gibson,RB,WAS,0,0,,-4.77,,,0.4,0.2,0.95,0,
2023,1893706,186310,Cambrias,Cambrias,8,5,89,00-0036970,33392,Kyle Pitts,TE,ATL,0,0,,-0.03,,,15.5,8.6,0,0,
2023,1893586,186302,Antdell & Ernie,Antdell & Ernie,8,6,90,00-0031687,28654,Raheem Mostert,RB,MIA,0,0,,23.94,,,-20.2,-11.2,0,0,
2023,1893721,186311,Mike Long,Mike Long,8,7,91,00-0036894,33443,Pat Freiermuth,TE,PIT,0,0,,-5.1,,,-7.5,-4.2,0.27,0,
2023,1893646,186306,Nolan & Vinny,Nolan & Vinny,8,8,92,00-0036913,33408,Kadarius Toney,WR,KC,0,0,,-13.97,,,-6.1,-3.4,0.36,0,
2023,1893661,186307,Pung & Tralie,Pung & Tralie,8,9,93,00-0033881,30136,Evan Engram,TE,JAX,0,0,,19.31,,,-15.9,-8.8,0,0,
2023,1893691,186309,Ronnie,Ronnie,8,10,94,00-0033885,30142,David Njoku,TE,CLE,0,0,,17.76,,,-20.5,-11.4,0,0,
2023,1893676,186308,Rob & GregBo,Rob & GregBo,8,11,95,00-0031236,27548,Brandin Cooks,WR,DAL,0,0,,-4.59,,,3.5,1.9,0.51,0,
2023,1893601,186303,Chris & Dom,Chris & Dom,8,12,96,00-0033948,30247,Jamaal Williams,RB,NO,0,0,,-11.06,,,7.4,4.1,0,0,
2023,1893602,186303,Chris & Dom,Chris & Dom,9,1,97,00-0029597,26534,Justin Tucker,K,BAL,0,0,,6.03,,,-38.5,-21.4,0,0,
2023,1893677,186308,Rob & GregBo,Rob & GregBo,9,2,98,00-0039040,40118,De'Von Achane,RB,MIA,0,0,,0.82,,,,,,0,
2023,1893692,186309,Ronnie,Ronnie,9,3,99,00-0037742,33973,Treylon Burks,WR,TEN,0,0,,-14.59,,,8.3,4.6,0.09,0,
2023,1893662,186307,Pung & Tralie,Pung & Tralie,9,4,100,00-0038543,40041,Jaxon Smith-Njigba,WR,SEA,0,0,,-5.29,,,10.5,5.8,0,0,
2023,1893647,186306,Nolan & Vinny,Nolan & Vinny,9,5,101,00-0039064,40039,Zay Flowers,WR,BAL,0,0,,-0.14,,,-3.8,-2.1,0.56,0,
2023,1893722,186311,Mike Long,Mike Long,9,6,102,00-0033702,30426,Younghoe Koo,K,ATL,0,0,,0,,,-44.3,-24.6,0,0,
2023,1893587,186302,Antdell & Ernie,Antdell & Ernie,9,7,103,00-0033526,30227,Samaje Perine,RB,DEN,0,0,,-4.95,,,9.1,5.1,0,0,
2023,1893707,186310,Cambrias,Cambrias,9,8,104,00-0038090,34009,Skyy Moore,WR,KC,0,0,,-12.86,,,-17.7,-9.8,0,0,
2023,1893572,186301,Richie,Richie,9,9,105,00-0036196,32798,Gabriel Davis,WR,BUF,0,0,,-3.72,,,,,,0,
2023,1893632,186305,John Juliano,John Juliano,9,10,106,00-0039165,40075,Zach Charbonnet,RB,SEA,0,0,,-6.33,,,8.8,4.9,0,0,
2023,1893737,186312,Frank & Julian,Frank & Julian,9,11,107,DEF-0028,100025,San Francisco 49ers,DEF,SF,0,0,,3.51,,,-16.3,-9.1,0,0,
2023,1893617,186304,Phil Baldino,Phil Baldino,9,12,108,00-0036265,32732,AJ Dillon,RB,GB,0,0,,-4.66,,,22.8,12.7,0,0,
2023,1893618,186304,Phil Baldino,Phil Baldino,10,1,109,00-0033857,30175,JuJu Smith-Schuster,WR,NE,0,0,,-11.87,,,-1.7,-0.9,0.83,0,
2023,1893738,186312,Frank & Julian,Frank & Julian,10,2,110,00-0031235,27540,Odell Beckham,WR,BAL,0,0,,-8.16,,,-4.5,-2.5,0.54,0,
2023,1893633,186305,John Juliano,John Juliano,10,3,111,DEF-0004,100002,Buffalo Bills,DEF,BUF,0,0,,6.27,,,-24.6,-13.7,0,0,
2023,1893573,186301,Richie,Richie,10,4,112,DEF-0026,100021,Philadelphia Eagles,DEF,PHI,0,0,,-2.15,,,-27.3,-15.2,0,0,
2023,1893708,186310,Cambrias,Cambrias,10,5,113,00-0033537,30125,Deshaun Watson,QB,CLE,0,0,,-12.77,,,41.7,23.2,0,0,
2023,1893588,186302,Antdell & Ernie,Antdell & Ernie,10,6,114,00-0036567,33582,Elijah Mitchell,RB,SF,0,0,,-11.13,,,13.4,7.4,0,0,
2023,1893723,186311,Mike Long,Mike Long,10,7,115,DEF-0025,100020,New York Jets,DEF,NYJ,0,0,,3.3,,,,,,0,
2023,1893648,186306,Nolan & Vinny,Nolan & Vinny,10,8,116,DEF-0009,100006,Dallas Cowboys,DEF,DAL,0,0,,10.49,,,-16.3,-9.1,0.15,0,
2023,1893663,186307,Pung & Tralie,Pung & Tralie,10,9,117,00-0038544,40051,Quentin Johnston,WR,LAC,0,0,,-9.09,,,21.2,11.8,0,0,
2023,1893693,186309,Ronnie,Ronnie,10,10,118,00-0036162,32858,Tyler Bass,K,BUF,0,0,,-0.23,,,-23.6,-13.1,0,0,
2023,1893678,186308,Rob & GregBo,Rob & GregBo,10,11,119,00-0036554,33477,Nico Collins,WR,HOU,0,0,,5.81,,,-7.4,-4.1,0.24,0,
2023,1893603,186303,Chris & Dom,Chris & Dom,10,12,120,DEF-0003,100033,Baltimore Ravens,DEF,BAL,0,0,,11.7,,,-30.2,-16.8,0,0,
2023,1893604,186303,Chris & Dom,Chris & Dom,11,1,121,00-0030035,27277,Adam Thielen,WR,CAR,0,0,,5.25,,,-4.5,-2.5,0.54,0,
2023,1893679,186308,Rob & GregBo,Rob & GregBo,11,2,122,00-0034750,30997,Rashaad Penny,RB,CAR,0,0,,-12.66,,,38.9,21.6,0,0,
2023,1893694,186309,Ronnie,Ronnie,11,3,123,00-0034983,31981,Hunter Renfrow,WR,FA,0,0,,-11.69,,,-20.1,-11.2,0,0,
2023,1893664,186307,Pung & Tralie,Pung & Tralie,11,4,124,00-0037263,34107,Tyler Allgeier,RB,ATL,0,0,,-3.11,,,14.8,8.2,0,0,
2023,1893649,186306,Nolan & Vinny,Nolan & Vinny,11,5,125,00-0034161,31137,Daniel Carlson,K,LV,0,0,,-1.58,,,-14.9,-8.3,0.32,0,
2023,1893724,186311,Mike Long,Mike Long,11,6,126,00-0036290,32713,Cole Kmet,TE,CHI,0,0,,11.75,,,-6.7,-3.7,0.55,0,
2023,1893589,186302,Antdell & Ernie,Antdell & Ernie,11,7,127,00-0036980,33422,Elijah Moore,WR,CLE,0,0,,-5.3,,,25.6,14.2,0,0,
2023,1893709,186310,Cambrias,Cambrias,11,8,128,00-0031376,27624,Jerick McKinnon,RB,KC,0,0,,-6.32,,,7.4,4.1,0.23,0,
2023,1893574,186301,Richie,Richie,11,9,129,00-0033303,30346,Harrison Butker,K,KC,0,0,,3.7,,,-11.1,-6.2,0.5,0,
2023,1893634,186305,John Juliano,John Juliano,11,10,130,00-0038938,40128,Jalin Hyatt,WR,NYG,0,0,,-10.25,,,-35.5,-19.7,0,0,
2023,1893739,186312,Frank & Julian,Frank & Julian,11,11,131,00-0036854,33537,Evan McPherson,K,CIN,0,0,,-0.07,,,-18.7,-10.4,0.1,0,
2023,1893619,186304,Phil Baldino,Phil Baldino,11,12,132,DEF-0022,100017,New England Patriots,DEF,NE,0,0,,-1.28,,,-20.4,-11.3,0,0,
2023,1893620,186304,Phil Baldino,Phil Baldino,12,1,133,00-0038933,40048,Dalton Kincaid,TE,BUF,0,0,,0.57,,,-16.9,-9.4,0.16,0,
2023,1893740,186312,Frank & Julian,Frank & Julian,12,2,134,00-0037228,34447,Jaylen Warren,RB,PIT,0,0,,3.99,,,5.2,2.9,0.55,0,
2023,1893635,186305,John Juliano,John Juliano,12,3,135,00-0033110,29344,Tyler Higbee,TE,LAR,0,0,,-1.59,,,-17.7,-9.8,0.05,0,
2023,1893575,186301,Richie,Richie,12,4,136,00-0038551,40108,Kendre Miller,RB,NO,0,0,,-9.41,,,,,,0,
2023,1893710,186310,Cambrias,Cambrias,12,5,137,00-0023459,7200,Aaron Rodgers,QB,NYJ,0,0,,-15.92,,,36.1,20.1,0,0,
2023,1893590,186302,Antdell & Ernie,Antdell & Ernie,12,6,138,00-0037240,33967,Jameson Williams,WR,DET,0,0,,-8.09,,,25.8,14.3,0,0,
2023,1893725,186311,Mike Long,Mike Long,12,7,139,00-0036345,32846,K.J. Osborn,WR,MIN,0,0,,-5.46,,,-24,-13.3,0,0,
2023,1893650,186306,Nolan & Vinny,Nolan & Vinny,12,8,140,00-0038555,40095,Tank Bigsby,RB,JAX,0,0,,-9.09,,,3,1.7,0.78,0,
2023,1893665,186307,Pung & Tralie,Pung & Tralie,12,9,141,00-0033787,30266,Jake Elliott,K,PHI,0,0,,5.53,,,-4.9,-2.7,0.79,0,
2023,1893695,186309,Ronnie,Ronnie,12,10,142,00-0034521,31268,Allen Lazard,WR,NYJ,0,0,,-8.82,,,21.4,11.9,0,0,
2023,1893680,186308,Rob & GregBo,Rob & GregBo,12,11,143,00-0036040,33113,Juwan Johnson,TE,NO,0,0,,-2.53,,,,,,0,
2023,1893605,186303,Chris & Dom,Chris & Dom,12,12,144,00-0036493,33798,Deon Jackson,RB,IND,0,0,,-9.88,,,,,,0,
2023,1893606,186303,Chris & Dom,Chris & Dom,13,1,145,00-0036309,32843,Darnell Mooney,WR,CHI,0,0,,-7.28,,,22.5,12.5,0,0,
2023,1893681,186308,Rob & GregBo,Rob & GregBo,13,2,146,00-0034960,32231,Jakobi Meyers,WR,LV,0,0,,-0.62,,,13.1,7.3,0,0,
2023,1893696,186309,Ronnie,Ronnie,13,3,147,DEF-0027,100023,Pittsburgh Steelers,DEF,PIT,0,0,,2.06,,,-12.6,-7,0.34,0,
2023,1893666,186307,Pung & Tralie,Pung & Tralie,13,4,148,00-0033045,29238,Ezekiel Elliott,RB,NE,0,0,,-0.66,,,,,,0,
2023,1893651,186306,Nolan & Vinny,Nolan & Vinny,13,5,149,00-0033009,29288,Tyler Boyd,WR,CIN,0,0,,-3.45,,,14.4,8,0,0,
2023,1893726,186311,Mike Long,Mike Long,13,6,150,00-0038622,40240,Deuce Vaughn,RB,DAL,0,0,,-8.36,,,,,,0,
2023,1893591,186302,Antdell & Ernie,Antdell & Ernie,13,7,151,00-0029604,25812,Kirk Cousins,QB,MIN,0,0,,-5.16,,,60.4,33.6,0,0,
2023,1893711,186310,Cambrias,Cambrias,13,8,152,DEF-0023,100018,New Orleans Saints,DEF,NO,0,0,,3.27,,,6.2,3.4,0.7,0,
2023,1893576,186301,Richie,Richie,13,9,153,00-0039164,40040,Anthony Richardson,QB,IND,0,0,,-8.76,,,19.8,11,0,0,
2023,1893636,186305,John Juliano,John Juliano,13,10,154,00-0039067,40084,Rashee Rice,WR,KC,0,0,,1.94,,,,,,0,
2023,1893741,186312,Frank & Julian,Frank & Julian,13,11,155,00-0035657,31919,Damien Harris,RB,BUF,0,0,,-7.34,,,58.8,32.7,0,0,
2023,1893621,186304,Phil Baldino,Phil Baldino,13,12,156,00-0033077,29369,Dak Prescott,QB,DAL,0,0,,20.53,,,79.4,44.1,0,0,
2023,1893622,186304,Phil Baldino,Phil Baldino,14,1,157,00-0033891,30150,Zay Jones,WR,JAX,0,0,,-6.31,,,13.3,7.4,0,0,
2023,1893742,186312,Frank & Julian,Frank & Julian,14,2,158,00-0034115,31394,Jeffery Wilson,RB,MIA,0,0,,-6.02,,,,,,0,
2023,1893637,186305,John Juliano,John Juliano,14,3,159,00-0031492,28378,Jason Myers,K,SEA,0,0,,5.42,,,-11.9,-6.6,0.44,0,
2023,1893577,186301,Richie,Richie,14,4,160,00-0033895,30157,Gerald Everett,TE,LAC,0,0,,-1.04,,,6.4,3.6,0.62,0,
2023,1893712,186310,Cambrias,Cambrias,14,5,161,DEF-0032,100028,Washington Commanders,DEF,WAS,0,0,,-2.39,,,-7.9,-4.4,0.65,0,
2023,1893592,186302,Antdell & Ernie,Antdell & Ernie,14,6,162,00-0035710,31838,Daniel Jones,QB,NYG,0,0,,-7.4,,,67.9,37.7,0,0,
2023,1893727,186311,Mike Long,Mike Long,14,7,163,00-0031280,27564,Derek Carr,QB,NO,0,0,,-1.32,,,14.3,7.9,0.24,0,
2023,1893652,186306,Nolan & Vinny,Nolan & Vinny,14,8,164,00-0033106,29235,Jared Goff,QB,DET,0,0,,5.82,,,43.3,24.1,0,0,
2023,1893667,186307,Pung & Tralie,Pung & Tralie,14,9,165,DEF-0015,100030,Jacksonville Jaguars,DEF,JAX,0,0,,-0.24,,,,,,0,
2023,1893697,186309,Ronnie,Ronnie,14,10,166,00-0036360,32702,Clyde Edwards-Helaire,RB,KC,0,0,,-3.47,,,37.5,20.8,0,0,
2023,1893682,186308,Rob & GregBo,Rob & GregBo,14,11,167,DEF-0020,100015,Miami Dolphins,DEF,MIA,0,0,,5.8,,,1.9,1.1,0.89,0,
2023,1893607,186303,Chris & Dom,Chris & Dom,14,12,168,00-0034184,31424,Gus Edwards,RB,BAL,0,0,,3.27,,,26.7,14.8,0,0,
2023,1893608,186303,Chris & Dom,Chris & Dom,15,1,169,00-0037816,34088,Romeo Doubs,WR,GB,0,0,,-0.89,,,21,11.7,0,0,
2023,1893683,186308,Rob & GregBo,Rob & GregBo,15,2,170,00-0026858,9526,Graham Gano,K,NYG,0,0,,-2.12,,,6.9,3.8,0.73,0,
2023,1893698,186309,Ronnie,Ronnie,15,3,171,00-0034764,31051,Michael Gallup,WR,DAL,0,0,,-2.81,,,16,8.9,0.02,0,
2023,1893668,186307,Pung & Tralie,Pung & Tralie,15,4,172,00-0036251,32756,Zack Moss,RB,CIN,0,0,,-0.17,,,1.5,0.8,0.92,0,
2023,1893653,186306,Nolan & Vinny,Nolan & Vinny,15,5,173,00-0035250,31906,Devin Singletary,RB,HOU,0,0,,-0.37,,,51,28.3,0,0,
2023,1893728,186311,Mike Long,Mike Long,15,6,174,00-0036919,33538,Kenneth Gainwell,RB,PHI,0,0,,-1.4,,,59.9,33.3,0,0,
2023,1893593,186302,Antdell & Ernie,Antdell & Ernie,15,7,175,00-0034450,31538,Greg Joseph,K,MIN,0,0,,-0.33,,,,,,0,
2023,1893713,186310,Cambrias,Cambrias,15,8,176,00-0034794,31199,Jason Sanders,K,MIA,0,0,,3.4,,,8.8,4.9,0.54,0,
2023,1893578,186301,Richie,Richie,15,9,177,00-0030565,26662,Geno Smith,QB,SEA,0,0,,-0.37,,,72.9,40.5,0,0,
2023,1893638,186305,John Juliano,John Juliano,15,10,178,00-0039065,40064,Sam LaPorta,TE,DET,0,0,,28.86,,,22.5,12.5,0,0,
2023,1893743,186312,Frank & Julian,Frank & Julian,15,11,179,00-0029263,25785,Russell Wilson,QB,DEN,0,0,,2.42,,,50.9,28.3,0,0,
2023,1893623,186304,Phil Baldino,Phil Baldino,15,12,180,00-0037224,34344,Cameron Dicker,K,LAC,0,0,,0.93,,,,,,0,
2024,3821522,330551,John Juliano,John Juliano,1,1,1,00-0033280,30121,Christian McCaffrey,RB,SF,0,0,,-17.88,,,-0.3,-0.2,0.5,0,
2024,3821606,330557,Mike Long,Mike Long,1,2,2,00-0033040,29399,Tyreek Hill,WR,MIA,0,0,,2.07,,,-1.9,-1.1,0,0,
2024,3821620,330558,Frank & Julian,Frank & Julian,1,3,3,00-0036358,32687,CeeDee Lamb,WR,DAL,0,0,,8.56,,,0.4,0.2,0.5,0,
2024,3821550,330553,Pung & Tralie,Pung & Tralie,1,4,4,00-0038542,40055,Bijan Robinson,RB,ATL,0,0,,17.33,,,2,1.2,0,0,
2024,3821564,330554,Rob & GregBo,Rob & GregBo,1,5,5,00-0036963,33500,Amon-Ra St. Brown,WR,DET,0,0,,14.64,,,-1.9,-1.1,0,0,
2024,3821536,330552,Nolan & Vinny,Nolan & Vinny,1,6,6,00-0036900,33393,Ja'Marr Chase,WR,CIN,0,0,,25.62,,,-0.3,-0.2,0.75,0,
2024,3821480,330548,Antdell & Ernie,Antdell & Ernie,1,7,7,00-0038120,33991,Breece Hall,RB,NYJ,0,0,,6.13,,,2.6,1.5,0,0,
2024,3821578,330555,Ronnie,Ronnie,1,8,8,00-0036223,32711,Jonathan Taylor,RB,IND,0,0,,6.15,,,-3.3,-2,0,0,
2024,3821466,330547,Richie,Richie,1,9,9,00-0035676,31883,A.J. Brown,WR,PHI,0,0,,2.83,,,-2.2,-1.3,0,0,
2024,3821508,330550,Phil Baldino,Phil Baldino,1,10,10,00-0036322,32692,Justin Jefferson,WR,MIN,0,0,,17.24,,,1.7,1,0,0,
2024,3821592,330556,Cambrias,Cambrias,1,11,11,00-0034844,30972,Saquon Barkley,RB,PHI,0,0,,27.82,,,1.5,0.9,0.21,0,
2024,3821494,330549,Chris & Dom,Chris & Dom,1,12,12,00-0037740,33965,Garrett Wilson,WR,NYJ,0,0,,7.22,,,-1.3,-0.8,0.41,0,
2024,3821495,330549,Chris & Dom,Chris & Dom,2,1,13,00-0031381,27581,Davante Adams,WR,LV,0,0,,3.84,,,-8,-4.8,0,0,
2024,3821593,330556,Cambrias,Cambrias,2,2,14,00-0032764,29279,Derrick Henry,RB,BAL,0,0,,21.05,,,0.9,0.5,0.61,0,
2024,3821509,330550,Phil Baldino,Phil Baldino,2,3,15,00-0039139,40059,Jahmyr Gibbs,RB,DET,0,0,,22.03,,,6.4,3.8,0,0,
2024,3821467,330547,Richie,Richie,2,4,16,00-0037840,34120,Kyren Williams,RB,LAR,0,0,,15.99,,,1.2,0.7,0.5,0,
2024,3821579,330555,Ronnie,Ronnie,2,5,17,00-0036973,33413,Travis Etienne,RB,JAX,0,0,,-7.61,,,0.1,0.1,0.96,0,
2024,3821481,330548,Antdell & Ernie,Antdell & Ernie,2,6,18,00-0037238,33963,Drake London,WR,ATL,0,0,,8.05,,,-7.1,-4.2,0,0,
2024,3821537,330552,Nolan & Vinny,Nolan & Vinny,2,7,19,00-0039849,40893,Marvin Harrison Jr.,WR,ARI,0,0,,-2.45,,,2.9,1.7,0,0,
2024,3821565,330554,Rob & GregBo,Rob & GregBo,2,8,20,00-0030506,26686,Travis Kelce,TE,KC,0,0,,9.57,,,-12,-7.1,0,0,
2024,3821551,330553,Pung & Tralie,Pung & Tralie,2,9,21,00-0039075,40168,Puka Nacua,WR,LAR,0,0,,1.74,,,6.1,3.6,0,0,
2024,3821621,330558,Frank & Julian,Frank & Julian,2,10,22,00-0037197,34207,Isiah Pacheco,RB,KC,0,0,,-15.81,,,1,0.6,0.7,0,
2024,3821607,330557,Mike Long,Mike Long,2,11,23,00-0036554,33477,Nico Collins,WR,HOU,0,0,,-0.25,,,-8.3,-4.9,0,0,
2024,3821523,330551,John Juliano,John Juliano,2,12,24,00-0037239,33966,Chris Olave,WR,NO,0,0,,-15.24,,,-1.3,-0.8,0.61,0,
2024,3821524,330551,John Juliano,John Juliano,3,1,25,00-0039040,40118,De'Von Achane,RB,MIA,0,0,,19.94,,,,,,0,
2024,3821608,330557,Mike Long,Mike Long,3,2,26,00-0037256,34047,Rachaad White,RB,TB,0,0,,3.73,,,-3.1,-1.8,0,0,
2024,3821622,330558,Frank & Julian,Frank & Julian,3,3,27,00-0031408,27535,Mike Evans,WR,TB,0,0,,4.86,,,-2.1,-1.3,0.34,0,
2024,3821552,330553,Pung & Tralie,Pung & Tralie,3,4,28,00-0035700,31856,Josh Jacobs,RB,GB,0,0,,20.53,,,8.1,4.8,0,0,
2024,3821566,330554,Rob & GregBo,Rob & GregBo,3,5,29,00-0033906,30180,Alvin Kamara,RB,NO,0,0,,17.42,,,-18.4,-11,0,0,
2024,3821538,330552,Nolan & Vinny,Nolan & Vinny,3,6,30,00-0033897,30161,Joe Mixon,RB,HOU,0,0,,11.67,,,1.6,1,0.57,0,
2024,3821482,330548,Antdell & Ernie,Antdell & Ernie,3,7,31,00-0033908,30182,Cooper Kupp,WR,LAR,0,0,,-3.01,,,8.4,5,0,0,
2024,3821580,330555,Ronnie,Ronnie,3,8,32,00-0037248,34019,James Cook,RB,BUF,0,0,,16.15,,,0,0,1,0,
2024,3821468,330547,Richie,Richie,3,9,33,00-0035719,31868,Deebo Samuel,WR,SF,0,0,,-5.13,,,14.8,8.8,0,0,
2024,3821510,330550,Phil Baldino,Phil Baldino,3,10,34,00-0036252,32704,Michael Pittman,WR,IND,0,0,,-5.49,,,-12.2,-7.3,0,0,
2024,3821594,330556,Cambrias,Cambrias,3,11,35,00-0038134,33996,Kenneth Walker III,RB,SEA,0,0,,0.63,,,7.9,4.7,0,0,
2024,3821496,330549,Chris & Dom,Chris & Dom,3,12,36,00-0039065,40064,Sam LaPorta,TE,DET,0,0,,4.08,,,2.6,1.5,0.38,0,
2024,3821497,330549,Chris & Dom,Chris & Dom,4,1,37,00-0033293,30295,Aaron Jones,RB,MIN,0,0,,10.95,,,-5.7,-3.4,0,0,
2024,3821595,330556,Cambrias,Cambrias,4,2,38,00-0036613,33394,Jaylen Waddle,WR,MIA,0,0,,-7.12,,,7.1,4.2,0,0,
2024,3821511,330550,Phil Baldino,Phil Baldino,4,3,39,00-0033873,30123,Patrick Mahomes,QB,KC,0,0,,5.51,,,2.8,1.7,0.59,0,
2024,3821469,330547,Richie,Richie,4,4,40,00-0036389,32723,Jalen Hurts,QB,PHI,0,0,,12.99,,,6.1,3.6,0.12,0,
2024,3821581,330555,Ronnie,Ronnie,4,5,41,00-0031588,28534,Stefon Diggs,WR,HOU,0,0,,-9.17,,,-3.2,-1.9,0.26,0,
2024,3821483,330548,Antdell & Ernie,Antdell & Ernie,4,6,42,00-0036912,33398,DeVonta Smith,WR,PHI,0,0,,0.25,,,1.8,1.1,0.54,0,
2024,3821539,330552,Nolan & Vinny,Nolan & Vinny,4,7,43,00-0036275,32705,D'Andre Swift,RB,CHI,0,0,,4.76,,,-14.9,-8.9,0,0,
2024,3821567,330554,Rob & GregBo,Rob & GregBo,4,8,44,00-0034796,31002,Lamar Jackson,QB,BAL,0,0,,34.93,,,3.4,2,0.48,0,
2024,3821553,330553,Pung & Tralie,Pung & Tralie,4,9,45,00-0036261,32695,Brandon Aiyuk,WR,SF,0,0,,-16.23,,,4.5,2.7,0.08,0,
2024,3821623,330558,Frank & Julian,Frank & Julian,4,10,46,00-0037744,34010,Trey McBride,TE,ARI,0,0,,18.67,,,-12.9,-7.7,0,0,
2024,3821609,330557,Mike Long,Mike Long,4,11,47,00-0039163,40030,C.J. Stroud,QB,HOU,0,0,,-5.18,,,2.8,1.7,0.64,0,
2024,3821525,330551,John Juliano,John Juliano,4,12,48,00-0034857,30977,Josh Allen,QB,BUF,0,0,,27.28,,,20.7,12.3,0,0,
2024,3821526,330551,John Juliano,John Juliano,5,1,49,00-0039337,40899,Malik Nabers,WR,NYG,0,0,,13.58,,,-3.5,-2.1,0.48,0,
2024,3821610,330557,Mike Long,Mike Long,5,2,50,00-0039146,40063,Jayden Reed,WR,GB,0,0,,-0.86,,,-13.1,-7.8,0,0,
2024,3821624,330558,Frank & Julian,Frank & Julian,5,3,51,00-0034827,30994,D.J. Moore,WR,CHI,0,0,,4.27,,,13.1,7.8,0,0,
2024,3821554,330553,Pung & Tralie,Pung & Tralie,5,4,52,00-0031544,28392,Amari Cooper,WR,CLE,0,0,,-8.86,,,2.5,1.5,0.4,0,
2024,3821568,330554,Rob & GregBo,Rob & GregBo,5,5,53,00-0035640,31896,DK Metcalf,WR,SEA,0,0,,-2.58,,,17.5,10.4,0,0,
2024,3821540,330552,Nolan & Vinny,Nolan & Vinny,5,6,54,00-0038977,40097,Tank Dell,WR,HOU,0,0,,-6.47,,,5.5,3.3,0,0,
2024,3821484,330548,Antdell & Ernie,Antdell & Ernie,5,7,55,00-0039164,40040,Anthony Richardson,QB,IND,0,0,,-10.76,,,-9.4,-5.6,0,0,
2024,3821582,330555,Ronnie,Ronnie,5,8,56,00-0038933,40048,Dalton Kincaid,TE,BUF,0,0,,-4.99,,,-11,-6.5,0,0,
2024,3821470,330547,Richie,Richie,5,9,57,00-0034753,31056,Mark Andrews,TE,BAL,0,0,,7.19,,,7.3,4.3,0,0,
2024,3821512,330550,Phil Baldino,Phil Baldino,5,10,58,00-0033288,30259,George Kittle,TE,SF,0,0,,22.64,,,-14.4,-8.6,0,0,
2024,3821596,330556,Cambrias,Cambrias,5,11,59,00-0036410,32703,Tee Higgins,WR,CIN,0,0,,3.65,,,10.5,6.3,0,0,
2024,3821498,330549,Chris & Dom,Chris & Dom,5,12,60,00-0033553,30218,James Conner,RB,ARI,0,0,,19.75,,,15,8.9,0,0,
2024,3821499,330549,Chris & Dom,Chris & Dom,6,1,61,00-0037247,34007,George Pickens,WR,PIT,0,0,,-3.9,,,6.3,3.8,0,0,
2024,3821597,330556,Cambrias,Cambrias,6,2,62,00-0039067,40084,Rashee Rice,WR,KC,0,0,,-14.42,,,-2.1,-1.3,0.74,0,
2024,3821513,330550,Phil Baldino,Phil Baldino,6,3,63,00-0036875,33508,Rhamondre Stevenson,RB,NE,0,0,,-0.6,,,1.1,0.7,0.78,0,
2024,3821471,330547,Richie,Richie,6,4,64,00-0035685,31905,David Montgomery,RB,DET,0,0,,10.43,,,12.9,7.7,0,0,
2024,3821583,330555,Ronnie,Ronnie,6,5,65,00-0035659,31908,Terry McLaurin,WR,WAS,0,0,,12.78,,,-5.6,-3.3,0.11,0,
2024,3821485,330548,Antdell & Ernie,Antdell & Ernie,6,6,66,00-0036893,33412,Najee Harris,RB,PIT,0,0,,2.01,,,10.1,6,0,0,
2024,3821541,330552,Nolan & Vinny,Nolan & Vinny,6,7,67,00-0036970,33392,Kyle Pitts,TE,ATL,0,0,,-1.84,,,-16.3,-9.7,0,0,
2024,3821569,330554,Rob & GregBo,Rob & GregBo,6,8,68,00-0038040,34078,Zamir White,RB,LV,0,0,,-16.52,,,3.2,1.9,0.56,0,
2024,3821555,330553,Pung & Tralie,Pung & Tralie,6,9,69,00-0030279,26699,Keenan Allen,WR,CHI,0,0,,-1.99,,,7.1,4.2,0,0,
2024,3821625,330558,Frank & Julian,Frank & Julian,6,10,70,00-0034775,31017,Christian Kirk,WR,JAX,0,0,,-13.62,,,15.8,9.4,0,0,
2024,3821611,330557,Mike Long,Mike Long,6,11,71,00-0036997,33423,Javonte Williams,RB,DEN,0,0,,-3.56,,,-46.7,-27.8,0,0,
2024,3821527,330551,John Juliano,John Juliano,6,12,72,00-0033881,30136,Evan Engram,TE,JAX,0,0,,-5.78,,,-17.3,-10.3,0,0,
2024,3821528,330551,John Juliano,John Juliano,7,1,73,00-0034837,30996,Calvin Ridley,WR,TEN,0,0,,-0.89,,,-1.2,-0.7,0.78,0,
2024,3821612,330557,Mike Long,Mike Long,7,2,74,00-0036212,32675,Tua Tagovailoa,QB,MIA,0,0,,-8.02,,,-15.6,-9.3,0,0,
2024,3821626,330558,Frank & Julian,Frank & Julian,7,3,75,00-0033077,29369,Dak Prescott,QB,DAL,0,0,,-14.89,,,18.3,10.9,0,0,
2024,3821556,330553,Pung & Tralie,Pung & Tralie,7,4,76,00-0039894,40877,Xavier Worthy,WR,KC,0,0,,-1.16,,,-2.8,-1.7,0.59,0,
2024,3821570,330554,Rob & GregBo,Rob & GregBo,7,5,77,00-0039064,40039,Zay Flowers,WR,BAL,0,0,,2.21,,,20.1,12,0,0,
2024,3821542,330552,Nolan & Vinny,Nolan & Vinny,7,6,78,00-0035228,31833,Kyler Murray,QB,ARI,0,0,,3.01,,,9.6,5.7,0,0,
2024,3821486,330548,Antdell & Ernie,Antdell & Ernie,7,7,79,00-0035261,31960,Tony Pollard,RB,TEN,0,0,,3.9,,,3.1,1.8,0.61,0,
2024,3821584,330555,Ronnie,Ronnie,7,8,80,00-0039919,40901,Rome Odunze,WR,CHI,0,0,,-5.88,,,-53.8,-32,0,0,
2024,3821472,330547,Richie,Richie,7,9,81,00-0033921,30197,Chris Godwin,WR,TB,0,0,,-6.09,,,9.5,5.7,0,0,
2024,3821514,330550,Phil Baldino,Phil Baldino,7,10,82,00-0035216,31898,Diontae Johnson,WR,CAR,0,0,,-11.44,,,-23.7,-14.1,0,0,
2024,3821598,330556,Cambrias,Cambrias,7,11,83,00-0039338,40878,Brock Bowers,TE,LV,0,0,,29.52,,,-25.1,-14.9,0,0,
2024,3821500,330549,Chris & Dom,Chris & Dom,7,12,84,00-0036442,32671,Joe Burrow,QB,CIN,0,0,,28.34,,,3,1.8,0.63,0,
2024,3821501,330549,Chris & Dom,Chris & Dom,8,1,85,00-0031687,28654,Raheem Mostert,RB,MIA,0,0,,-11.06,,,17,10.1,0,0,
2024,3821599,330556,Cambrias,Cambrias,8,2,86,00-0034791,31005,Nick Chubb,RB,CLE,0,0,,-11.46,,,28.2,16.8,0,0,
2024,3821515,330550,Phil Baldino,Phil Baldino,8,3,87,00-0035250,31906,Devin Singletary,RB,NYG,0,0,,-8.56,,,-22.7,-13.5,0,0,
2024,3821473,330547,Richie,Richie,8,4,88,00-0039032,40119,Tyjae Spears,RB,TEN,0,0,,-6.47,,,-1.9,-1.1,0.7,0,
2024,3821585,330555,Ronnie,Ronnie,8,5,89,00-0039915,40908,Ladd McConkey,WR,LAC,0,0,,7.69,,,0.5,0.3,0.91,0,
2024,3821487,330548,Antdell & Ernie,Antdell & Ernie,8,6,90,00-0038041,34085,Jake Ferguson,TE,DAL,0,0,,-4.03,,,-4.3,-2.6,0.44,0,
2024,3821543,330552,Nolan & Vinny,Nolan & Vinny,8,7,91,00-0035662,31857,Marquise Brown,WR,KC,0,0,,-17.55,,,12.8,7.6,0,0,
2024,3821571,330554,Rob & GregBo,Rob & GregBo,8,8,92,00-0039901,40911,Keon Coleman,WR,BUF,0,0,,-8.93,,,10.5,6.3,0,0,
2024,3821557,330553,Pung & Tralie,Pung & Tralie,8,9,93,00-0036251,32756,Zack Moss,RB,CIN,0,0,,-9.46,,,17.7,10.5,0,0,
2024,3821627,330558,Frank & Julian,Frank & Julian,8,10,94,00-0037267,34112,Jerome Ford,RB,CLE,0,0,,-4.5,,,-1.9,-1.1,0.79,0,
2024,3821613,330557,Mike Long,Mike Long,8,11,95,00-0033885,30142,David Njoku,TE,CLE,0,0,,2.29,,,-7.9,-4.7,0.12,0,
2024,3821529,330551,John Juliano,John Juliano,8,12,96,00-0039344,40926,Jonathon Brooks,RB,CAR,0,0,,-16.32,,,13.3,7.9,0,0,
2024,3821530,330551,John Juliano,John Juliano,9,1,97,00-0038543,40041,Jaxon Smith-Njigba,WR,SEA,0,0,,15.25,,,2.3,1.4,0.7,0,
2024,3821614,330557,Mike Long,Mike Long,9,2,98,00-0037228,34447,Jaylen Warren,RB,PIT,0,0,,-5.5,,,15.5,9.2,0,0,
2024,3821628,330558,Frank & Julian,Frank & Julian,9,3,99,00-0039921,40958,Trey Benson,RB,ARI,0,0,,-12.18,,,-3.2,-1.9,0.55,0,
2024,3821558,330553,Pung & Tralie,Pung & Tralie,9,4,100,00-0034351,31019,Dallas Goedert,TE,PHI,0,0,,-4.53,,,-33.8,-20.1,0,0,
2024,3821572,330554,Rob & GregBo,Rob & GregBo,9,5,101,00-0038597,40196,Chase Brown,RB,CIN,0,0,,21.69,,,7.7,4.6,0,0,
2024,3821544,330552,Nolan & Vinny,Nolan & Vinny,9,6,102,00-0037746,34054,Brian Robinson,RB,WAS,0,0,,-2.13,,,11.8,7,0,0,
2024,3821488,330548,Antdell & Ernie,Antdell & Ernie,9,7,103,00-0037816,34088,Romeo Doubs,WR,GB,0,0,,-5.93,,,3,1.8,0.53,0,
2024,3821586,330555,Ronnie,Ronnie,9,8,104,00-0033699,30423,Austin Ekeler,RB,WAS,0,0,,-4.82,,,15.3,9.1,0,0,
2024,3821474,330547,Richie,Richie,9,9,105,00-0038124,33989,Christian Watson,WR,GB,0,0,,-8.03,,,22.2,13.2,0,0,
2024,3821516,330550,Phil Baldino,Phil Baldino,9,10,106,00-0030564,26650,DeAndre Hopkins,WR,TEN,0,0,,-4.49,,,14.3,8.5,0,0,
2024,3821600,330556,Cambrias,Cambrias,9,11,107,00-0039893,40883,Brian Thomas Jr.,WR,JAX,0,0,,20.46,,,-35.9,-21.4,0,0,
2024,3821502,330549,Chris & Dom,Chris & Dom,9,12,108,00-0036139,33100,Rico Dowdle,RB,DAL,0,0,,0.33,,,-6,-3.6,0.23,0,
2024,3821503,330549,Chris & Dom,Chris & Dom,10,1,109,00-0033106,29235,Jared Goff,QB,DET,0,0,,17.4,,,16.7,9.9,0,0,
2024,3821601,330556,Cambrias,Cambrias,10,2,110,00-0036264,32696,Jordan Love,QB,GB,0,0,,-2.31,,,31.3,18.6,0,0,
2024,3821517,330550,Phil Baldino,Phil Baldino,10,3,111,00-0034184,31424,Gus Edwards,RB,LAC,0,0,,-9.86,,,24.1,14.3,0,0,
2024,3821475,330547,Richie,Richie,10,4,112,00-0033045,29238,Ezekiel Elliott,RB,DAL,0,0,,-10.28,,,-19.2,-11.4,0,0,
2024,3821587,330555,Ronnie,Ronnie,10,5,113,00-0036988,33465,Joshua Palmer,WR,LAC,0,0,,-7.6,,,-9.5,-5.7,0.14,0,
2024,3821489,330548,Antdell & Ernie,Antdell & Ernie,10,6,114,00-0039165,40075,Zach Charbonnet,RB,SEA,0,0,,-0.16,,,-0.6,-0.4,0.95,0,
2024,3821545,330552,Nolan & Vinny,Nolan & Vinny,10,7,115,00-0039738,40962,Blake Corum,RB,LAR,0,0,,-12.26,,,9.8,5.8,0,0,
2024,3821573,330554,Rob & GregBo,Rob & GregBo,10,8,116,00-0036555,33514,Chuba Hubbard,RB,CAR,0,0,,18.45,,,-5.3,-3.2,0.48,0,
2024,3821559,330553,Pung & Tralie,Pung & Tralie,10,9,117,DEF-0025,100020,New York Jets,DEF,NYJ,0,0,,-2.07,,,-24.9,-14.8,0,0,
2024,3821629,330558,Frank & Julian,Frank & Julian,10,10,118,00-0038994,40042,Jordan Addison,WR,MIN,0,0,,4.37,,,-9.3,-5.5,0.18,0,
2024,3821615,330557,Mike Long,Mike Long,10,11,119,DEF-0009,100006,Dallas Cowboys,DEF,DAL,0,0,,-0.39,,,-26.7,-15.9,0,0,
2024,3821531,330551,John Juliano,John Juliano,10,12,120,00-0039890,40915,Adonai Mitchell,WR,IND,0,0,,-11.25,,,-38.2,-22.7,0,0,
2024,3821532,330551,John Juliano,John Juliano,11,1,121,00-0034348,31010,Courtland Sutton,WR,DEN,0,0,,6.87,,,20.1,12,0,0,
2024,3821616,330557,Mike Long,Mike Long,11,2,122,00-0037240,33967,Jameson Williams,WR,DET,0,0,,1.71,,,22.1,13.2,0,0,
2024,3821630,330558,Frank & Julian,Frank & Julian,11,3,123,00-0039918,40900,Caleb Williams,QB,CHI,0,0,,-1.1,,,10.1,6,0,0,
2024,3821560,330553,Pung & Tralie,Pung & Tralie,11,4,124,00-0036158,32725,J.K. Dobbins,RB,LAC,0,0,,0,,,3.7,2.2,0.61,0,
2024,3821574,330554,Rob & GregBo,Rob & GregBo,11,5,125,00-0036290,32713,Cole Kmet,TE,CHI,0,0,,-1.86,,,,,,0,
2024,3821546,330552,Nolan & Vinny,Nolan & Vinny,11,6,126,DEF-0028,100025,San Francisco 49ers,DEF,SF,0,0,,-1.44,,,-10.3,-6.1,0.41,0,
2024,3821490,330548,Antdell & Ernie,Antdell & Ernie,11,7,127,00-0037261,34104,Khalil Shakir,WR,BUF,0,0,,-1.2,,,22.3,13.3,0,0,
2024,3821588,330555,Ronnie,Ronnie,11,8,128,DEF-0003,100033,Baltimore Ravens,DEF,BAL,0,0,,-0.28,,,-6,-3.6,0.67,0,
2024,3821476,330547,Richie,Richie,11,9,129,00-0037263,34107,Tyler Allgeier,RB,ATL,0,0,,-5.62,,,15.7,9.3,0,0,
2024,3821518,330550,Phil Baldino,Phil Baldino,11,10,130,00-0035229,31840,T.J. Hockenson,TE,MIN,0,0,,-4.18,,,21.4,12.7,0,0,
2024,3821602,330556,Cambrias,Cambrias,11,11,131,00-0029597,26534,Justin Tucker,K,BAL,0,0,,1.9,,,-6.5,-3.9,0.67,0,
2024,3821504,330549,Chris & Dom,Chris & Dom,11,12,132,DEF-0008,100005,Cleveland Browns,DEF,CLE,0,0,,-1.73,,,-20.2,-12,0,0,
2024,3821505,330549,Chris & Dom,Chris & Dom,12,1,133,00-0037692,40819,Brandon Aubrey,K,DAL,0,0,,14.62,,,-3.5,-2.1,0.79,0,
2024,3821603,330556,Cambrias,Cambrias,12,2,134,DEF-0027,100023,Pittsburgh Steelers,DEF,PIT,0,0,,9.24,,,-27.8,-16.5,0,0,
2024,3821519,330550,Phil Baldino,Phil Baldino,12,3,135,00-0037834,34218,Brock Purdy,QB,SF,0,0,,3.03,,,73.3,43.6,0,0,
2024,3821477,330547,Richie,Richie,12,4,136,00-0033282,30153,Curtis Samuel,WR,BUF,0,0,,-9.09,,,23.2,13.8,0,0,
2024,3821589,330555,Ronnie,Ronnie,12,5,137,00-0033303,30346,Harrison Butker,K,KC,0,0,,-1.96,,,-4.1,-2.4,0.76,0,
2024,3821491,330548,Antdell & Ernie,Antdell & Ernie,12,6,138,00-0039874,41010,Jaylen Wright,RB,MIA,0,0,,-9.28,,,-21.6,-12.9,0,0,
2024,3821547,330552,Nolan & Vinny,Nolan & Vinny,12,7,139,00-0033787,30266,Jake Elliott,K,PHI,0,0,,0.32,,,-22.5,-13.4,0,0,
2024,3821575,330554,Rob & GregBo,Rob & GregBo,12,8,140,00-0038562,40129,Jake Moody,K,SF,0,0,,-1.27,,,-13.8,-8.2,0.19,0,
2024,3821561,330553,Pung & Tralie,Pung & Tralie,12,9,141,00-0036355,32676,Justin Herbert,QB,LAC,0,0,,0,,,37.4,22.3,0,0,
2024,3821631,330558,Frank & Julian,Frank & Julian,12,10,142,00-0036854,33537,Evan McPherson,K,CIN,0,0,,-2.11,,,-11.7,-7,0.32,0,
2024,3821617,330557,Mike Long,Mike Long,12,11,143,00-0037545,34659,Rashid Shaheed,WR,NO,0,0,,-6.2,,,14.2,8.5,0,0,
2024,3821533,330551,John Juliano,John Juliano,12,12,144,00-0033702,30426,Younghoe Koo,K,ATL,0,0,,-0.63,,,-11.2,-6.7,0.24,0,
2024,3821534,330551,John Juliano,John Juliano,13,1,145,DEF-0006,100003,Chicago Bears,DEF,CHI,0,0,,0,,,-11.2,-6.7,0.43,0,
2024,3821618,330557,Mike Long,Mike Long,13,2,146,00-0037224,34344,Cameron Dicker,K,LAC,0,0,,10.44,,,,,,0,
2024,3821632,330558,Frank & Julian,Frank & Julian,13,3,147,DEF-0032,100028,Washington Commanders,DEF,WAS,0,0,,-1.02,,,,,,0,
2024,3821562,330553,Pung & Tralie,Pung & Tralie,13,4,148,00-0039910,40896,Jayden Daniels,QB,WAS,0,0,,30.69,,,31.3,18.6,0,0,
2024,3821576,330554,Rob & GregBo,Rob & GregBo,13,5,149,DEF-0026,100021,Philadelphia Eagles,DEF,PHI,0,0,,6.89,,,,,,0,
2024,3821548,330552,Nolan & Vinny,Nolan & Vinny,13,6,150,00-0037276,34125,Ty Chandler,RB,MIN,0,0,,-6.76,,,11.8,7,0.07,0,
2024,3821492,330548,Antdell & Ernie,Antdell & Ernie,13,7,151,00-0039907,40914,Ja'Lynn Polk,WR,NE,0,0,,-7.1,,,,,,0,
2024,3821590,330555,Ronnie,Ronnie,13,8,152,00-0026498,9265,Matthew Stafford,QB,LAR,0,0,,-1.79,,,32.9,19.6,0,0,
2024,3821478,330547,Richie,Richie,13,9,153,DEF-0029,100026,Seattle Seahawks,DEF,SEA,0,0,,7.6,,,,,,0,
2024,3821520,330550,Phil Baldino,Phil Baldino,13,10,154,DEF-0016,100012,Kansas City Chiefs,DEF,KC,0,0,,0.66,,,-7.3,-4.3,0.6,0,
2024,3821604,330556,Cambrias,Cambrias,13,11,155,00-0033357,30614,Taysom Hill,QB,NO,0,0,,-5.4,,,,,,0,
2024,3821506,330549,Chris & Dom,Chris & Dom,13,12,156,00-0034960,32231,Jakobi Meyers,WR,LV,0,0,,-0.2,,,-4.4,-2.6,0.76,0,
2024,3821507,330549,Chris & Dom,Chris & Dom,14,1,157,00-0034383,31107,Dalton Schultz,TE,HOU,0,0,,-1.02,,,13.3,7.9,0.27,0,
2024,3821605,330556,Cambrias,Cambrias,14,2,158,00-0036971,33389,Trevor Lawrence,QB,JAX,0,0,,-3.28,,,24.3,14.5,0,0,
2024,3821521,330550,Phil Baldino,Phil Baldino,14,3,159,00-0032726,29792,Ka'imi Fairbairn,K,HOU,0,0,,11.68,,,19.8,11.8,0,0,
2024,3821479,330547,Richie,Richie,14,4,160,00-0036309,32843,Darnell Mooney,WR,ATL,0,0,,-0.15,,,,,,0,
2024,3821591,330555,Ronnie,Ronnie,14,5,161,00-0023459,7200,Aaron Rodgers,QB,NYJ,0,0,,-0.59,,,44.6,26.5,0,0,
2024,3821493,330548,Antdell & Ernie,Antdell & Ernie,14,6,162,00-0038794,40696,Jaleel McLaughlin,RB,DEN,0,0,,-1.74,,,33.9,20.2,0,0,
2024,3821549,330552,Nolan & Vinny,Nolan & Vinny,14,7,163,00-0036407,32685,Jerry Jeudy,WR,CLE,0,0,,10.18,,,35.3,21,0,0,
2024,3821577,330554,Rob & GregBo,Rob & GregBo,14,8,164,00-0029604,25812,Kirk Cousins,QB,ATL,0,0,,-1.08,,,34.6,20.6,0,0,
2024,3821563,330553,Pung & Tralie,Pung & Tralie,14,9,165,00-0034794,31199,Jason Sanders,K,MIA,0,0,,8.77,,,4.8,2.9,0.73,0,
2024,3821633,330558,Frank & Julian,Frank & Julian,14,10,166,00-0039342,40890,Xavier Legette,WR,CAR,0,0,,-0.48,,,,,,0,
2024,3821619,330557,Mike Long,Mike Long,14,11,167,00-0036196,32798,Gabriel Davis,WR,JAX,0,0,,-0.35,,,,,,0,
2024,3821535,330551,John Juliano,John Juliano,14,12,168,00-0036567,33582,Elijah Mitchell,RB,SF,0,0,,-0,,,,,,0,
2025,5358277,330559,Richie,Richie,1,1,1,00-0036900,7564,Ja'Marr Chase,WR,CIN,0,0,,12.46,,,-0.8,-0.5,0,0,
2025,5358278,330560,John Juliano,John Juliano,1,2,2,00-0038542,9509,Bijan Robinson,RB,ATL,0,0,,24.65,,,-0.3,-0.2,0.57,0,
2025,5358279,330569,Ronnie,Ronnie,1,3,3,00-0039139,9221,Jahmyr Gibbs,RB,DET,0,0,,23.47,,,-0.9,-0.5,0.31,0,
2025,5358280,330563,Cambrias,Cambrias,1,4,4,00-0034844,4866,Saquon Barkley,RB,PHI,0,0,,9.2,,,1.8,1.1,0,0,
2025,5358281,330562,Nolan & Vinny,Nolan & Vinny,1,5,5,00-0036358,6786,CeeDee Lamb,WR,DAL,0,0,,2.1,,,-1.8,-1.1,0,0,
2025,5358282,330565,Antdell & Ernie,Antdell & Ernie,1,6,6,00-0036322,6794,Justin Jefferson,WR,MIN,0,0,,-0.13,,,0.1,0.1,0.94,0,
2025,5358283,330561,Mike Long,Mike Long,1,7,7,00-0033280,4034,Christian McCaffrey,RB,SF,0,0,,35.04,,,0.1,0.1,0.94,0,
2025,5358284,330566,Frank & Julian,Frank & Julian,1,8,8,00-0036963,7547,Amon-Ra St. Brown,WR,DET,0,0,,17.07,,,-8,-4.8,0,0,
2025,5358285,330567,Phil Baldino,Phil Baldino,1,9,9,00-0039337,11632,Malik Nabers,WR,NYG,0,0,,-16.69,,,-2.2,-1.3,0,0,
2025,5358286,330568,Rob & GregBo,Rob & GregBo,1,10,10,00-0032764,3198,Derrick Henry,RB,BAL,0,0,,16.22,,,4.9,2.9,0,0,
2025,5358287,330564,Pung & Tralie,Pung & Tralie,1,11,11,00-0036554,7569,Nico Collins,WR,HOU,0,0,,6.69,,,1,0.6,0.33,0,
2025,5358288,330570,Chris & Dom,Chris & Dom,1,12,12,espn-4890973,12527,Ashton Jeanty,RB,LV,0,0,,11.36,,,,,,0,
2025,5358289,330570,Chris & Dom,Chris & Dom,2,1,13,00-0039075,9493,Puka Nacua,WR,LAR,0,0,,27.27,,,-0.5,-0.3,0.76,0,
2025,5358290,330564,Pung & Tralie,Pung & Tralie,2,2,14,00-0037238,8112,Drake London,WR,ATL,0,0,,0,,,-3.5,-2.1,0,0,
2025,5358291,330568,Rob & GregBo,Rob & GregBo,2,3,15,00-0035676,5859,A.J. Brown,WR,PHI,0,0,,6.2,,,-6.5,-3.9,0,0,
2025,5358292,330567,Phil Baldino,Phil Baldino,2,4,16,00-0035700,5850,Josh Jacobs,RB,GB,0,0,,12.96,,,4.1,2.4,0,0,
2025,5358293,330566,Frank & Julian,Frank & Julian,2,5,17,00-0038597,9224,Chase Brown,RB,CIN,0,0,,17.85,,,-3.4,-2,0.13,0,
2025,5358294,330561,Mike Long,Mike Long,2,6,18,00-0037840,8150,Kyren Williams,RB,LAR,0,0,,16.08,,,0.1,0.1,0.94,0,
2025,5358295,330565,Antdell & Ernie,Antdell & Ernie,2,7,19,00-0036223,6813,Jonathan Taylor,RB,IND,0,0,,35.3,,,5.3,3.2,0,0,
2025,5358296,330562,Nolan & Vinny,Nolan & Vinny,2,8,20,00-0039338,11604,Brock Bowers,TE,LV,0,0,,5.97,,,-13.7,-8.2,0,0,
2025,5358297,330563,Cambrias,Cambrias,2,9,21,00-0039040,9226,De'Von Achane,RB,MIA,0,0,,29.97,,,,,,0,
2025,5358298,330569,Ronnie,Ronnie,2,10,22,00-0039893,11631,Brian Thomas Jr.,WR,JAX,0,0,,-6.76,,,6.2,3.7,0,0,
2025,5358299,330560,John Juliano,John Juliano,2,11,23,00-0039915,11635,Ladd McConkey,WR,LAC,0,0,,-0.41,,,-2.6,-1.5,0.13,0,
2025,5358300,330559,Richie,Richie,2,12,24,00-0039361,11584,Bucky Irving,RB,TB,0,0,,-4.42,,,5,3,0,0,
2025,5358301,330559,Richie,Richie,3,1,25,espn-4685382,12507,Omarion Hampton,RB,LAC,0,0,,-3.4,,,,,,0,
2025,5358302,330560,John Juliano,John Juliano,3,2,26,00-0034857,4984,Josh Allen,QB,BUF,0,0,,25.72,,,1.8,1.1,0.49,0,
2025,5358303,330569,Ronnie,Ronnie,3,3,27,00-0037248,8138,James Cook,RB,BUF,0,0,,27.71,,,-2,-1.2,0.49,0,
2025,5358304,330563,Cambrias,Cambrias,3,4,28,00-0037744,8130,Trey McBride,TE,ARI,0,0,,32.16,,,-13.7,-8.2,0,0,
2025,5358305,330562,Nolan & Vinny,Nolan & Vinny,3,5,29,00-0033906,4035,Alvin Kamara,RB,NO,0,0,,-7.72,,,-7.9,-4.7,0,0,
2025,5358306,330565,Antdell & Ernie,Antdell & Ernie,3,6,30,00-0036410,6801,Tee Higgins,WR,CIN,0,0,,1.82,,,4.9,2.9,0,0,
2025,5358307,330561,Mike Long,Mike Long,3,7,31,00-0031408,2216,Mike Evans,WR,TB,0,0,,-12.97,,,3.2,1.9,0,0,
2025,5358308,330566,Frank & Julian,Frank & Julian,3,8,32,espn-4432710,12529,TreVeyon Henderson,RB,NE,0,0,,5.52,,,,,,0,
2025,5358309,330567,Phil Baldino,Phil Baldino,3,9,33,00-0034796,4881,Lamar Jackson,QB,BAL,0,0,,-5.01,,,14.3,8.5,0,0,
2025,5358310,330568,Rob & GregBo,Rob & GregBo,3,10,34,00-0038543,9488,Jaxon Smith-Njigba,WR,SEA,0,0,,34.62,,,-5.6,-3.3,0,0,
2025,5358311,330564,Pung & Tralie,Pung & Tralie,3,11,35,00-0036442,6770,Joe Burrow,QB,CIN,0,0,,-14.91,,,5.1,3,0,0,
2025,5358312,330570,Chris & Dom,Chris & Dom,3,12,36,00-0036555,7594,Chuba Hubbard,RB,CAR,0,0,,-5,,,0.9,0.5,0.77,0,
2025,5358313,330570,Chris & Dom,Chris & Dom,4,1,37,00-0036389,6904,Jalen Hurts,QB,PHI,0,0,,14.49,,,1.1,0.7,0.7,0,
2025,5358314,330564,Pung & Tralie,Pung & Tralie,4,2,38,00-0038120,8155,Breece Hall,RB,NYJ,0,0,,9.96,,,-10.6,-6.3,0,0,
2025,5358315,330568,Rob & GregBo,Rob & GregBo,4,3,39,00-0033288,4217,George Kittle,TE,SF,0,0,,2.17,,,-11.7,-7,0,0,
2025,5358316,330567,Phil Baldino,Phil Baldino,4,4,40,00-0038134,8151,Kenneth Walker III,RB,SEA,0,0,,2.68,,,-3.6,-2.1,0.45,0,
2025,5358317,330566,Frank & Julian,Frank & Julian,4,5,41,00-0039910,11566,Jayden Daniels,QB,WAS,0,0,,-14.52,,,12.4,7.4,0,0,
2025,5358318,330561,Mike Long,Mike Long,4,6,42,00-0035659,5927,Terry McLaurin,WR,WAS,0,0,,-9.53,,,7.7,4.6,0,0,
2025,5358319,330565,Antdell & Ernie,Antdell & Ernie,4,7,43,00-0037197,8205,Isiah Pacheco,RB,KC,0,0,,-9,,,-21,-12.5,0,0,
2025,5358320,330562,Nolan & Vinny,Nolan & Vinny,4,8,44,00-0031381,2133,Davante Adams,WR,LV,0,0,,8.97,,,14.1,8.4,0,0,
2025,5358321,330563,Cambrias,Cambrias,4,9,45,00-0033553,4137,James Conner,RB,ARI,0,0,,-15.34,,,9.8,5.8,0,0,
2025,5358322,330569,Ronnie,Ronnie,4,10,46,00-0039894,11624,Xavier Worthy,WR,KC,0,0,,-8.77,,,-0.5,-0.3,0.91,0,
2025,5358323,330560,John Juliano,John Juliano,4,11,47,00-0035640,5846,DK Metcalf,WR,SEA,0,0,,0.73,,,,,,0,
2025,5358324,330559,Richie,Richie,4,12,48,00-0039849,11628,Marvin Harrison Jr.,WR,ARI,0,0,,-6.61,,,12.8,7.6,0,0,
2025,5358325,330559,Richie,Richie,5,1,49,00-0037740,8146,Garrett Wilson,WR,NYJ,0,0,,-9.89,,,7.3,4.3,0,0,
2025,5358326,330560,John Juliano,John Juliano,5,2,50,00-0035261,5967,Tony Pollard,RB,TEN,0,0,,3.27,,,-7.3,-4.3,0,0,
2025,5358327,330569,Ronnie,Ronnie,5,3,51,00-0034348,5045,Courtland Sutton,WR,DEN,0,0,,8.23,,,1.3,0.8,0.77,0,
2025,5358328,330563,Cambrias,Cambrias,5,4,52,00-0033040,3321,Tyreek Hill,WR,MIA,0,0,,-15.11,,,21.7,12.9,0,0,
2025,5358329,330562,Nolan & Vinny,Nolan & Vinny,5,5,53,00-0033873,4046,Patrick Mahomes,QB,KC,0,0,,12.34,,,-1.7,-1,0.72,0,
2025,5358330,330565,Antdell & Ernie,Antdell & Ernie,5,6,54,00-0036912,7525,DeVonta Smith,WR,PHI,0,0,,2.33,,,5.8,3.5,0,0,
2025,5358331,330561,Mike Long,Mike Long,5,7,55,00-0034855,4892,Baker Mayfield,QB,TB,0,0,,5.82,,,3.9,2.3,0.65,0,
2025,5358332,330566,Frank & Julian,Frank & Julian,5,8,56,00-0035685,5892,David Montgomery,RB,DET,0,0,,-0.26,,,-2.2,-1.3,0.65,0,
2025,5358333,330567,Phil Baldino,Phil Baldino,5,9,57,00-0036275,6790,D'Andre Swift,RB,CHI,0,0,,14.99,,,-0.8,-0.5,0.81,0,
2025,5358334,330568,Rob & GregBo,Rob & GregBo,5,10,58,espn-4568490,12489,RJ Harvey,RB,DEN,0,0,,9.93,,,,,,0,
2025,5358335,330564,Pung & Tralie,Pung & Tralie,5,11,59,00-0033293,4199,Aaron Jones,RB,MIN,0,0,,-4.96,,,-7.3,-4.3,0,0,
2025,5358336,330570,Chris & Dom,Chris & Dom,5,12,60,00-0034827,4983,D.J. Moore,WR,CHI,0,0,,-1.57,,,15.9,9.5,0,0,
2025,5358337,330570,Chris & Dom,Chris & Dom,6,1,61,00-0037247,8137,George Pickens,WR,PIT,0,0,,26.95,,,-0.4,-0.2,0.91,0,
2025,5358338,330564,Pung & Tralie,Pung & Tralie,6,2,62,00-0039065,10859,Sam LaPorta,TE,DET,0,0,,-4.12,,,-6,-3.6,0.18,0,
2025,5358339,330568,Rob & GregBo,Rob & GregBo,6,3,63,espn-4685472,12526,Tetairoa McMillan,WR,CAR,0,0,,4.32,,,,,,0,
2025,5358340,330567,Phil Baldino,Phil Baldino,6,4,64,00-0034837,4981,Calvin Ridley,WR,TEN,0,0,,-15.12,,,6.4,3.8,0,0,
2025,5358341,330566,Frank & Julian,Frank & Julian,6,5,65,00-0036613,7526,Jaylen Waddle,WR,MIA,0,0,,2.6,,,-2,-1.2,0.67,0,
2025,5358342,330561,Mike Long,Mike Long,6,6,66,00-0037261,8134,Khalil Shakir,WR,BUF,0,0,,-1.94,,,-24.5,-14.6,0,0,
2025,5358343,330565,Antdell & Ernie,Antdell & Ernie,6,7,67,00-0037240,8148,Jameson Williams,WR,DET,0,0,,5.86,,,13.4,8,0,0,
2025,5358344,330562,Nolan & Vinny,Nolan & Vinny,6,8,68,00-0030506,1466,Travis Kelce,TE,KC,0,0,,11.85,,,-5.1,-3,0.07,0,
2025,5358345,330563,Cambrias,Cambrias,6,9,69,espn-4685415,12530,Travis Hunter,WR,JAX,0,0,,-13.02,,,,,,0,
2025,5358346,330569,Ronnie,Ronnie,6,10,70,00-0039732,11563,Bo Nix,QB,DEN,0,0,,15.67,,,0.3,0.2,0.96,0,
2025,5358347,330560,John Juliano,John Juliano,6,11,71,00-0035229,5844,T.J. Hockenson,TE,MIN,0,0,,-3.34,,,,,,0,
2025,5358348,330559,Richie,Richie,6,12,72,espn-4819231,12504,Kaleb Johnson,RB,PIT,0,0,,-16.43,,,,,,0,
2025,5358349,330559,Richie,Richie,7,1,73,espn-4567750,12514,Emeka Egbuka,WR,TB,0,0,,2.63,,,,,,0,
2025,5358350,330560,John Juliano,John Juliano,7,2,74,00-0036407,6783,Jerry Jeudy,WR,CLE,0,0,,-7.15,,,12.4,7.4,0,0,
2025,5358351,330569,Ronnie,Ronnie,7,3,75,00-0034753,5012,Mark Andrews,TE,BAL,0,0,,-1.72,,,-9.5,-5.7,0,0,
2025,5358352,330563,Cambrias,Cambrias,7,4,76,espn-4701936,12501,Matthew Golden,WR,GB,0,0,,-12.15,,,,,,0,
2025,5358353,330562,Nolan & Vinny,Nolan & Vinny,7,5,77,00-0039384,11655,Tyrone Tracy,RB,NYG,0,0,,-3.11,,,7.1,4.2,0,0,
2025,5358354,330565,Antdell & Ernie,Antdell & Ernie,7,6,78,00-0039064,9997,Zay Flowers,WR,BAL,0,0,,8.04,,,14.4,8.6,0,0,
2025,5358355,330561,Mike Long,Mike Long,7,7,79,00-0038996,9484,Tucker Kraft,TE,GB,0,0,,-2.76,,,-29.5,-17.6,0,0,
2025,5358356,330566,Frank & Julian,Frank & Julian,7,8,80,00-0033881,4066,Evan Engram,TE,JAX,0,0,,-5,,,-30.1,-17.9,0,0,
2025,5358357,330567,Phil Baldino,Phil Baldino,7,9,81,00-0033885,4033,David Njoku,TE,CLE,0,0,,-5.89,,,,,,0,
2025,5358358,330568,Rob & GregBo,Rob & GregBo,7,10,82,00-0035719,5872,Deebo Samuel,WR,SF,0,0,,0,,,14.1,8.4,0,0,
2025,5358359,330564,Pung & Tralie,Pung & Tralie,7,11,83,00-0039916,11638,Ricky Pearsall,WR,SF,0,0,,-9.67,,,8.7,5.2,0,0,
2025,5358360,330570,Chris & Dom,Chris & Dom,7,12,84,espn-4431459,12518,Tyler Warren,TE,IND,0,0,,10.33,,,,,,0,
2025,5358361,330570,Chris & Dom,Chris & Dom,8,1,85,00-0034791,4988,Nick Chubb,RB,CLE,0,0,,-7.45,,,-53.3,-31.7,0,0,
2025,5358362,330564,Pung & Tralie,Pung & Tralie,8,2,86,00-0039919,11620,Rome Odunze,WR,CHI,0,0,,-3.79,,,7.4,4.4,0,0,
2025,5358363,330568,Rob & GregBo,Rob & GregBo,8,3,87,00-0037228,8228,Jaylen Warren,RB,PIT,0,0,,11.14,,,9.4,5.6,0,0,
2025,5358364,330567,Phil Baldino,Phil Baldino,8,4,88,00-0039067,10229,Rashee Rice,WR,KC,0,0,,-3.35,,,-8.2,-4.9,0.02,0,
2025,5358365,330566,Frank & Julian,Frank & Julian,8,5,89,00-0031588,2449,Stefon Diggs,WR,HOU,0,0,,5.37,,,5.6,3.3,0,0,
2025,5358366,330561,Mike Long,Mike Long,8,6,90,00-0039165,9753,Zach Charbonnet,RB,SEA,0,0,,0,,,-9.1,-5.4,0.04,0,
2025,5358367,330565,Antdell & Ernie,Antdell & Ernie,8,7,91,00-0037239,8144,Chris Olave,WR,NO,0,0,,23.97,,,18.3,10.9,0,0,
2025,5358368,330562,Nolan & Vinny,Nolan & Vinny,8,8,92,00-0033699,4663,Austin Ekeler,RB,WAS,0,0,,-14.4,,,7.3,4.3,0,0,
2025,5358369,330563,Cambrias,Cambrias,8,9,93,espn-4685702,12512,Quinshon Judkins,RB,CLE,0,0,,2.04,,,,,,0,
2025,5358370,330569,Ronnie,Ronnie,8,10,94,espn-4711533,12495,Ollie Gordon,RB,MIA,0,0,,-15.47,,,,,,0,
2025,5358371,330560,John Juliano,John Juliano,8,11,95,00-0036973,7543,Travis Etienne,RB,JAX,0,0,,24.99,,,-15.5,-9.2,0,0,
2025,5358372,330559,Richie,Richie,8,12,96,00-0037525,8408,Jordan Mason,RB,SF,0,0,,-4.06,,,3.5,2.1,0.61,0,
2025,5358373,330559,Richie,Richie,9,1,97,00-0036259,7049,Jauan Jennings,WR,SF,0,0,,-1.71,,,14.5,8.6,0,0,
2025,5358374,330560,John Juliano,John Juliano,9,2,98,00-0033908,4039,Cooper Kupp,WR,LAR,0,0,,-6.74,,,3.5,2.1,0.48,0,
2025,5358375,330569,Ronnie,Ronnie,9,3,99,00-0036970,7553,Kyle Pitts,TE,ATL,0,0,,16.13,,,-51.1,-30.4,0,0,
2025,5358376,330563,Cambrias,Cambrias,9,4,100,espn-4575131,12533,Jacory Croskey-Merritt,RB,WAS,0,0,,-2.31,,,,,,0,
2025,5358377,330562,Nolan & Vinny,Nolan & Vinny,9,5,101,00-0034960,5947,Jakobi Meyers,WR,LV,0,0,,-1.61,,,24.2,14.4,0,0,
2025,5358378,330565,Antdell & Ernie,Antdell & Ernie,9,6,102,00-0036158,6806,J.K. Dobbins,RB,LAC,0,0,,-4.22,,,13.2,7.9,0,0,
2025,5358379,330561,Mike Long,Mike Long,9,7,103,00-0037692,11533,Brandon Aubrey,K,DAL,0,0,,13.61,,,-27.5,-16.4,0,0,
2025,5358380,330566,Frank & Julian,Frank & Julian,9,8,104,DEF-0010,DEN,Denver Broncos,DEF,DEN,0,0,,3.86,,,-7.8,-4.6,0,0,
2025,5358381,330567,Phil Baldino,Phil Baldino,9,9,105,00-0036252,6819,Michael Pittman,WR,IND,0,0,,4.52,,,,,,0,
2025,5358382,330568,Rob & GregBo,Rob & GregBo,9,10,106,00-0038997,9500,Josh Downs,WR,IND,0,0,,-4.84,,,,,,0,
2025,5358383,330564,Pung & Tralie,Pung & Tralie,9,11,107,00-0038994,9756,Jordan Addison,WR,MIN,0,0,,-4.41,,,7.2,4.3,0.17,0,
2025,5358384,330570,Chris & Dom,Chris & Dom,9,12,108,00-0033897,4018,Joe Mixon,RB,HOU,0,0,,-14.03,,,-32.2,-19.2,0.07,0,
2025,5358385,330570,Chris & Dom,Chris & Dom,10,1,109,yahoo-40835,11539,Jake Bates,K,DET,0,0,,0.6,,,,,,0,
2025,5358386,330564,Pung & Tralie,Pung & Tralie,10,2,110,00-0036875,7611,Rhamondre Stevenson,RB,NE,0,0,,-1.63,,,-13.4,-8,0.01,0,
2025,5358387,330568,Rob & GregBo,Rob & GregBo,10,3,111,espn-4696981,12481,Cam Skattebo,RB,NYG,0,0,,-2.94,,,,,,0,
2025,5358388,330567,Phil Baldino,Phil Baldino,10,4,112,00-0036997,7588,Javonte Williams,RB,DEN,0,0,,24.27,,,-0.8,-0.5,0.93,0,
2025,5358389,330566,Frank & Julian,Frank & Julian,10,5,113,00-0037746,8154,Brian Robinson,RB,WAS,0,0,,-8.36,,,,,,0,
2025,5358390,330561,Mike Long,Mike Long,10,6,114,00-0038555,9225,Tank Bigsby,RB,JAX,0,0,,-10.36,,,-13.4,-8,0.19,0,
2025,5358391,330565,Antdell & Ernie,Antdell & Ernie,10,7,115,00-0033077,3294,Dak Prescott,QB,DAL,0,0,,23.8,,,29.7,17.7,0,0,
2025,5358392,330562,Nolan & Vinny,Nolan & Vinny,10,8,116,00-0037224,8259,Cameron Dicker,K,LAC,0,0,,9.49,,,,,,0,
2025,5358393,330563,Cambrias,Cambrias,10,9,117,00-0035228,5849,Kyler Murray,QB,ARI,0,0,,-12.53,,,29.2,17.4,0,0,
2025,5358394,330569,Ronnie,Ronnie,10,10,118,00-0039875,11575,Ray Davis,RB,BUF,0,0,,-9.78,,,,,,0,
2025,5358395,330560,John Juliano,John Juliano,10,11,119,00-0036261,6803,Brandon Aiyuk,WR,SF,0,0,,-14.37,,,-21.2,-12.6,0,0,
2025,5358396,330559,Richie,Richie,10,12,120,00-0036355,6797,Justin Herbert,QB,LAC,0,0,,15.99,,,9.8,5.8,0.04,0,
2025,5358397,330559,Richie,Richie,11,1,121,00-0030279,1479,Keenan Allen,WR,CHI,0,0,,-0.92,,,1.8,1.1,0.83,0,
2025,5358398,330560,John Juliano,John Juliano,11,2,122,00-0031136,1945,Chris Boswell,K,PIT,0,0,,1.55,,,,,,0,
2025,5358399,330569,Ronnie,Ronnie,11,3,123,00-0039901,11637,Keon Coleman,WR,BUF,0,0,,-6.78,,,28.9,17.2,0,0,
2025,5358400,330563,Cambrias,Cambrias,11,4,124,DEF-0026,PHI,Philadelphia Eagles,DEF,PHI,0,0,,6.86,,,8.7,5.2,0,0,
2025,5358401,330562,Nolan & Vinny,Nolan & Vinny,11,5,125,00-0037545,8676,Rashid Shaheed,WR,NO,0,0,,-2.1,,,,,,0,
2025,5358402,330565,Antdell & Ernie,Antdell & Ernie,11,6,126,00-0038041,8110,Jake Ferguson,TE,DAL,0,0,,13.37,,,5.9,3.5,0.7,0,
2025,5358403,330561,Mike Long,Mike Long,11,7,127,00-0030035,1689,Adam Thielen,WR,CAR,0,0,,-10.82,,,-29.6,-17.6,0,0,
2025,5358404,330566,Frank & Julian,Frank & Julian,11,8,128,00-0036893,7528,Najee Harris,RB,PIT,0,0,,-10.63,,,,,,0,
2025,5358405,330567,Phil Baldino,Phil Baldino,11,9,129,DEF-0003,BAL,Baltimore Ravens,DEF,BAL,0,0,,-1.11,,,7.7,4.6,0.56,0,
2025,5358406,330568,Rob & GregBo,Rob & GregBo,11,10,130,00-0039851,11564,Drake Maye,QB,NE,0,0,,31.93,,,13.9,8.3,0,0,
2025,5358407,330564,Pung & Tralie,Pung & Tralie,11,11,131,espn-4877706,12484,Jayden Higgins,WR,HOU,0,0,,-4.38,,,,,,0,
2025,5358408,330570,Chris & Dom,Chris & Dom,11,12,132,DEF-0027,PIT,Pittsburgh Steelers,DEF,PIT,0,0,,5.08,,,5.9,3.5,0,0,
2025,5358409,330570,Chris & Dom,Chris & Dom,12,1,133,00-0037267,8143,Jerome Ford,RB,CLE,0,0,,-7.8,,,-1.6,-1,0.87,0,
2025,5358410,330564,Pung & Tralie,Pung & Tralie,12,2,134,espn-5081397,12469,Dylan Sampson,RB,CLE,0,0,,-5.26,,,,,,0,
2025,5358411,330568,Rob & GregBo,Rob & GregBo,12,3,135,00-0038933,10236,Dalton Kincaid,TE,BUF,0,0,,-1.62,,,-4.2,-2.5,0.85,0,
2025,5358412,330567,Phil Baldino,Phil Baldino,12,4,136,00-0039921,11589,Trey Benson,RB,ARI,0,0,,-7.94,,,-6.2,-3.7,0.58,0,
2025,5358413,330566,Frank & Julian,Frank & Julian,12,5,137,00-0033921,4037,Chris Godwin,WR,TB,0,0,,-6.31,,,33.5,19.9,0,0,
2025,5358414,330561,Mike Long,Mike Long,12,6,138,DEF-0016,KC,Kansas City Chiefs,DEF,KC,0,0,,-1.68,,,,,,0,
2025,5358415,330565,Antdell & Ernie,Antdell & Ernie,12,7,139,espn-4882093,12490,Bhayshul Tuten,RB,JAX,0,0,,-4.86,,,,,,0,
2025,5358416,330562,Nolan & Vinny,Nolan & Vinny,12,8,140,DEF-0004,BUF,Buffalo Bills,DEF,BUF,0,0,,-0.23,,,,,,0,
2025,5358417,330563,Cambrias,Cambrias,12,9,141,00-0039146,10222,Jayden Reed,WR,GB,0,0,,-7.68,,,,,,0,
2025,5358418,330569,Ronnie,Ronnie,12,10,142,espn-4613202,12547,Kyle Williams,WR,NE,0,0,,-7.5,,,,,,0,
2025,5358419,330560,John Juliano,John Juliano,12,11,143,espn-4685279,12457,Jaydon Blue,RB,DAL,0,0,,-8.38,,,,,,0,
2025,5358420,330559,Richie,Richie,12,12,144,DEF-0021,MIN,Minnesota Vikings,DEF,MIN,0,0,,5.2,,,,,,0,
2025,5358421,330559,Richie,Richie,13,1,145,00-0033787,4195,Jake Elliott,K,PHI,0,0,,-1.29,,,,,,0,
2025,5358422,330560,John Juliano,John Juliano,13,2,146,00-0039794,11576,Braelon Allen,RB,NYJ,0,0,,-7.39,,,0.3,0.2,0.99,0,
2025,5358423,330569,Ronnie,Ronnie,13,3,147,00-0039918,11560,Caleb Williams,QB,CHI,0,0,,21.72,,,45.2,26.9,0,0,
2025,5358424,330563,Cambrias,Cambrias,13,4,148,00-0038976,9494,Marvin Mims,WR,DEN,0,0,,-4.36,,,33.1,19.7,0,0,
2025,5358425,330562,Nolan & Vinny,Nolan & Vinny,13,5,149,espn-5123663,12535,Isaac TeSlaa,WR,DET,0,0,,-5.08,,,,,,0,
2025,5358426,330565,Antdell & Ernie,Antdell & Ernie,13,6,150,DEF-0013,HOU,Houston Texans,DEF,HOU,0,0,,14.13,,,,,,0,
2025,5358427,330561,Mike Long,Mike Long,13,7,151,00-0030564,1426,DeAndre Hopkins,WR,TEN,0,0,,-4.99,,,,,,0,
2025,5358428,330566,Frank & Julian,Frank & Julian,13,8,152,00-0035358,6650,Chase McLaughlin,K,TB,0,0,,2.97,,,11,6.5,0.37,0,
2025,5358429,330567,Phil Baldino,Phil Baldino,13,9,153,00-0037834,8183,Brock Purdy,QB,SF,0,0,,-2.47,,,,,,0,
2025,5358430,330568,Rob & GregBo,Rob & GregBo,13,10,154,DEF-0012,GB,Green Bay Packers,DEF,GB,0,0,,-1.31,,,24,14.3,0,0,
2025,5358431,330564,Pung & Tralie,Pung & Tralie,13,11,155,DEF-0028,SF,San Francisco 49ers,DEF,SF,0,0,,-1.31,,,-5.5,-3.3,0.72,0,
2025,5358432,330570,Chris & Dom,Chris & Dom,13,12,156,espn-4883647,12499,Elic Ayomanor,WR,TEN,0,0,,-2.54,,,,,,0,
2025,5358433,330570,Chris & Dom,Chris & Dom,14,1,157,00-0033106,3163,Jared Goff,QB,DET,0,0,,15.53,,,61.6,36.7,0,0,
2025,5358434,330564,Pung & Tralie,Pung & Tralie,14,2,158,00-0033303,4227,Harrison Butker,K,KC,0,0,,-0.06,,,,,,0,
2025,5358435,330568,Rob & GregBo,Rob & GregBo,14,3,159,00-0039409,11786,Cam Little,K,JAX,0,0,,4.34,,,,,,0,
2025,5358436,330567,Phil Baldino,Phil Baldino,14,4,160,00-0033702,4666,Younghoe Koo,K,ATL,0,0,,-2.54,,,,,,0,
2025,5358437,330566,Frank & Julian,Frank & Julian,14,5,161,espn-4723086,12517,Colston Loveland,TE,CHI,0,0,,-0.09,,,,,,0,
2025,5358438,330561,Mike Long,Mike Long,14,6,162,00-0039342,11626,Xavier Legette,WR,CAR,0,0,,-1.93,,,,,,0,
2025,5358439,330565,Antdell & Ernie,Antdell & Ernie,14,7,163,00-0039404,11792,Will Reichard,K,MIN,0,0,,4.03,,,,,,0,
2025,5358440,330562,Nolan & Vinny,Nolan & Vinny,14,8,164,00-0037263,8132,Tyler Allgeier,RB,ATL,0,0,,-0.56,,,,,,0,
2025,5358441,330563,Cambrias,Cambrias,14,9,165,00-0036854,7839,Evan McPherson,K,CIN,0,0,,0,,,,,,0,
2025,5358442,330569,Ronnie,Ronnie,14,10,166,DEF-0011,DET,Detroit Lions,DEF,DET,0,0,,-0.1,,,,,,0,
2025,5358443,330560,John Juliano,John Juliano,14,11,167,DEF-0022,NE,New England Patriots,DEF,NE,0,0,,2.03,,,,,,0,
2025,5358444,330559,Richie,Richie,14,12,168,00-0034351,5022,Dallas Goedert,TE,PHI,0,0,,13.96,,,34.4,20.5,0,0,
