season,transaction_id,week,date,transaction_type,team,direction,item_type,player,position,nfl_team,pick_season,pick_round,budget_amount,value,player_id
2025,22442919,16,2025-12-22 11:37:19,add/drop,Cambrias,gain,player,Rhamondre Stevenson,RB,NE,,,,2.64,00-0036875
2025,22442919,16,2025-12-22 11:37:19,add/drop,Cambrias,loss,player,Devin Neal,RB,NO,,,,-2.66,espn-4682652
2025,22442920,16,2025-12-21 20:56:59,add/drop,Cambrias,gain,player,Michael Carter,RB,ARI,,,,-1.15,00-0036924
2025,22442920,16,2025-12-21 20:56:59,add/drop,Cambrias,loss,player,Jayden Higgins,WR,HOU,,,,-0.44,espn-4877706
2025,22442921,16,2025-12-21 04:48:43,add/drop,Rob & GregBo,gain,player,Minnesota Vikings,DEF,MIN,,,,2.35,DEF-0021
2025,22442921,16,2025-12-21 04:48:43,add/drop,Rob & GregBo,loss,player,Tyrod Taylor,QB,NYJ,,,,-3.55,00-0028118
2025,22442922,16,2025-12-19 21:23:23,add/drop,Antdell & Ernie,gain,player,Andres Borregales,K,NE,,,,0,espn-4569923
2025,22442922,16,2025-12-19 21:23:23,add/drop,Antdell & Ernie,loss,player,Chris Boswell,K,PIT,,,,0,00-0031136
2025,22442923,16,2025-12-18 05:35:39,add/drop,Rob & GregBo,gain,player,Eddy Pineiro,K,CAR,,,,0,00-0034173
2025,22442923,16,2025-12-18 05:35:39,add/drop,Rob & GregBo,loss,player,Matt Prater,K,BUF,,,,0,00-0023853
2025,22442924,16,2025-12-17 21:13:50,add/drop,Mike Long,gain,player,Jalen Coker,WR,CAR,,,,-1.4,00-0039491
2025,22442924,16,2025-12-17 21:13:50,add/drop,Mike Long,loss,player,Brian Robinson,RB,SF,,,,-1.98,00-0037746
2025,22442912,15,2025-12-16 18:23:50,add/drop,Antdell & Ernie,gain,player,New Orleans Saints,DEF,NO,,,,3,DEF-0023
2025,22442912,15,2025-12-16 18:23:50,add/drop,Antdell & Ernie,loss,player,Tampa Bay Buccaneers,DEF,TB,,,,-1.94,DEF-0030
2025,22442913,15,2025-12-14 20:10:59,add/drop,Mike Long,gain,player,Trevor Lawrence,QB,JAX,,,,7.93,00-0036971
2025,22442913,15,2025-12-14 20:10:59,add/drop,Mike Long,loss,player,J.J. McCarthy,QB,MIN,,,,-3.85,00-0039923
2025,22442914,15,2025-12-14 15:02:43,add/drop,Chris & Dom,gain,player,Andrei Iosivas,WR,CIN,,,,-4.06,00-0038619
2025,22442914,15,2025-12-14 15:02:43,add/drop,Chris & Dom,loss,player,Jaylen Wright,RB,MIA,,,,-2.82,00-0039874
2025,22442915,15,2025-12-13 21:06:13,add/drop,Mike Long,gain,player,Brian Robinson,RB,SF,,,,-4.96,00-0037746
2025,22442915,15,2025-12-13 21:06:13,add/drop,Mike Long,loss,player,Marquise Brown,WR,KC,,,,-4.82,00-0035662
2025,22442916,15,2025-12-11 12:13:27,add/drop,Nolan & Vinny,gain,player,Dallas Cowboys,DEF,DAL,,,,-2.82,DEF-0009
2025,22442916,15,2025-12-11 12:13:27,add/drop,Nolan & Vinny,loss,player,Isaac TeSlaa,WR,DET,,,,-0.9,espn-5123663
2025,22442917,15,2025-12-11 10:01:31,add/drop,Mike Long,gain,player,J.J. McCarthy,QB,MIN,,,,-3.85,00-0039923
2025,22442917,15,2025-12-11 10:01:31,add/drop,Mike Long,loss,player,Trevor Lawrence,QB,JAX,,,,7.93,00-0036971
2025,22442918,15,2025-12-10 10:46:20,add/drop,Chris & Dom,gain,player,Jaylen Wright,RB,MIA,,,,-2.82,00-0039874
2025,22442918,15,2025-12-10 10:46:20,add/drop,Chris & Dom,loss,player,Adonai Mitchell,WR,IND,,,,-0.76,00-0039890
2025,22442899,14,2025-12-09 05:08:48,add/drop,Cambrias,gain,player,Devin Neal,RB,NO,,,,-10.28,espn-4682652
2025,22442899,14,2025-12-09 05:08:48,add/drop,Cambrias,loss,player,Tank Bigsby,RB,JAX,,,,-6.12,00-0038555
2025,22442900,14,2025-12-09 05:05:15,add/drop,Cambrias,gain,player,New England Patriots,DEF,NE,,,,-4,DEF-0022
2025,22442900,14,2025-12-09 05:05:15,add/drop,Cambrias,loss,player,Daniel Jones,QB,IND,,,,-15.51,00-0035710
2025,22442901,14,2025-12-08 20:37:26,add/drop,Richie,gain,player,Jacksonville Jaguars,DEF,JAX,,,,1.41,DEF-0015
2025,22442901,14,2025-12-08 20:37:26,add/drop,Richie,loss,player,Troy Franklin,WR,DEN,,,,-0.64,00-0039868
2025,22442902,14,2025-12-07 18:05:43,add/drop,John Juliano,gain,player,Jayden Reed,WR,GB,,,,-2.09,00-0039146
2025,22442902,14,2025-12-07 18:05:43,add/drop,John Juliano,loss,player,Rhamondre Stevenson,RB,NE,,,,2.82,00-0036875
2025,22442903,14,2025-12-07 15:11:56,add/drop,Nolan & Vinny,gain,player,Colston Loveland,TE,CHI,,,,2.52,espn-4723086
2025,22442903,14,2025-12-07 15:11:56,add/drop,Nolan & Vinny,loss,player,Oronde Gadsden,TE,LAC,,,,-9.34,espn-4595342
2025,22442904,14,2025-12-05 02:41:43,add/drop,Rob & GregBo,gain,player,Tyrod Taylor,QB,NYJ,,,,-16.11,00-0028118
2025,22442904,14,2025-12-05 02:41:43,add/drop,Rob & GregBo,loss,player,Jacksonville Jaguars,DEF,JAX,,,,1.41,DEF-0015
2025,22442905,14,2025-12-04 15:58:51,add/drop,Richie,gain,player,Miami Dolphins,DEF,MIA,,,,0.24,DEF-0020
2025,22442905,14,2025-12-04 15:58:51,add/drop,Richie,loss,player,New England Patriots,DEF,NE,,,,-4,DEF-0022
2025,22442906,14,2025-12-03 22:23:23,add/drop,Pung & Tralie,gain,player,Zonovan Knight,RB,NYJ,,,,-8.82,00-0037157
2025,22442906,14,2025-12-03 22:23:23,add/drop,Pung & Tralie,loss,player,Cam Ward,QB,TEN,,,,-1.31,espn-4688380
2025,22442907,14,2025-12-03 21:08:23,add/drop,Antdell & Ernie,gain,player,Jordan Mason,RB,MIN,,,,-6.47,00-0037525
2025,22442907,14,2025-12-03 21:08:23,add/drop,Antdell & Ernie,loss,player,Dallas Cowboys,DEF,DAL,,,,-6.12,DEF-0009
2025,22442908,14,2025-12-03 15:48:45,add/drop,Chris & Dom,gain,player,Brenton Strange,TE,JAX,,,,-1.67,00-0038935
2025,22442908,14,2025-12-03 15:48:45,add/drop,Chris & Dom,loss,player,Devin Neal,RB,NO,,,,-10.28,espn-4682652
2025,22442909,14,2025-12-03 15:48:25,add/drop,Nolan & Vinny,gain,player,Isaac TeSlaa,WR,DET,,,,-1.13,espn-5123663
2025,22442909,14,2025-12-03 15:48:25,add/drop,Nolan & Vinny,loss,player,Ricky Pearsall,WR,SF,,,,-3.48,00-0039916
2025,22442910,14,2025-12-03 15:47:58,add/drop,Nolan & Vinny,gain,player,Devin Singletary,RB,NYG,,,,-4.4,00-0035250
2025,22442910,14,2025-12-03 15:47:58,add/drop,Nolan & Vinny,loss,player,Sean Tucker,RB,TB,,,,-4.94,00-0038951
2025,22442911,14,2025-12-03 15:21:59,add/drop,Antdell & Ernie,gain,player,Dallas Cowboys,DEF,DAL,,,,-6.12,DEF-0009
2025,22442911,14,2025-12-03 15:21:59,add/drop,Antdell & Ernie,loss,player,Los Angeles Chargers,DEF,LAC,,,,1.65,DEF-0018
2025,22442885,13,2025-12-02 23:59:49,add/drop,Chris & Dom,gain,player,Adonai Mitchell,WR,IND,,,,1.68,00-0039890
2025,22442885,13,2025-12-02 23:59:49,add/drop,Chris & Dom,loss,player,Darnell Mooney,WR,ATL,,,,-8.62,00-0036309
2025,22442886,13,2025-12-02 11:15:51,add/drop,Richie,gain,player,Zach Ertz,TE,WAS,,,,-7.26,00-0030061
2025,22442886,13,2025-12-02 11:15:51,add/drop,Richie,loss,player,Colston Loveland,TE,CHI,,,,2.59,espn-4723086
2025,22442887,13,2025-11-30 20:30:15,add/drop,Cambrias,gain,player,Daniel Jones,QB,IND,,,,-18.76,00-0035710
2025,22442887,13,2025-11-30 20:30:15,add/drop,Cambrias,loss,player,Atlanta Falcons,DEF,ATL,,,,-1.47,DEF-0002
2025,22442888,13,2025-11-30 15:53:09,add/drop,John Juliano,gain,player,Darren Waller,TE,MIA,,,,-1.29,00-0031610
2025,22442888,13,2025-11-30 15:53:09,add/drop,John Juliano,loss,player,Devin Singletary,RB,NYG,,,,-3.12,00-0035250
2025,22442889,13,2025-11-29 21:56:37,add/drop,John Juliano,gain,player,John Metchie,WR,PHI,,,,-6.85,00-0037614
2025,22442889,13,2025-11-29 21:56:37,add/drop,John Juliano,loss,player,Kayshon Boutte,WR,NE,,,,-9.32,00-0038608
2025,22442890,13,2025-11-29 12:33:03,add/drop,Mike Long,gain,player,Trevor Lawrence,QB,JAX,,,,17.31,00-0036971
2025,22442890,13,2025-11-29 12:33:03,add/drop,Mike Long,loss,player,Darius Slayton,WR,NYG,,,,-6.18,00-0035535
2025,22442891,13,2025-11-26 15:11:40,add/drop,Rob & GregBo,gain,player,Jacksonville Jaguars,DEF,JAX,,,,3.82,DEF-0015
2025,22442891,13,2025-11-26 15:11:40,add/drop,Rob & GregBo,loss,player,New York Jets,DEF,NYJ,,,,-7.35,DEF-0025
2025,22442892,13,2025-11-26 14:25:27,add/drop,Cambrias,gain,player,Evan McPherson,K,CIN,,,,0,00-0036854
2025,22442892,13,2025-11-26 14:25:27,add/drop,Cambrias,loss,player,Will Reichard,K,MIN,,,,0,00-0039404
2025,22442893,13,2025-11-26 14:21:04,add/drop,Cambrias,gain,player,Tank Bigsby,RB,JAX,,,,-10.91,00-0038555
2025,22442893,13,2025-11-26 14:21:04,add/drop,Cambrias,loss,player,Bhayshul Tuten,RB,JAX,,,,-11.21,espn-4882093
2025,22442894,13,2025-11-26 14:20:11,add/drop,Cambrias,gain,player,Jayden Higgins,WR,HOU,,,,-3.82,espn-4877706
2025,22442894,13,2025-11-26 14:20:11,add/drop,Cambrias,loss,player,Andrei Iosivas,WR,CIN,,,,-7.94,00-0038619
2025,22442895,13,2025-11-26 14:18:37,add/drop,Cambrias,gain,player,Mike Evans,WR,TB,,,,-1.88,00-0031408
2025,22442895,13,2025-11-26 14:18:37,add/drop,Cambrias,loss,player,Chris Godwin,WR,TB,,,,4.5,00-0033921
2025,22442896,13,2025-11-26 13:14:17,add/drop,Chris & Dom,gain,player,Chris Rodriguez,RB,WAS,,,,-7.53,00-0038611
2025,22442896,13,2025-11-26 13:14:17,add/drop,Chris & Dom,loss,player,Cade Otton,TE,TB,,,,-8.47,00-0038129
2025,22442897,13,2025-11-26 13:09:39,add/drop,Chris & Dom,gain,player,Devin Neal,RB,NO,,,,-16.12,espn-4682652
2025,22442897,13,2025-11-26 13:09:39,add/drop,Chris & Dom,loss,player,Las Vegas Raiders,DEF,LV,,,,-7.35,DEF-0017
2025,22442898,13,2025-11-26 12:53:51,add/drop,Pung & Tralie,gain,player,Mark Andrews,TE,BAL,,,,-6.41,00-0034753
2025,22442898,13,2025-11-26 12:53:51,add/drop,Pung & Tralie,loss,player,Mason Taylor,TE,NYJ,,,,-9.76,espn-4808766
2025,22442867,12,2025-11-24 16:49:30,add/drop,Pung & Tralie,gain,player,Cam Ward,QB,TEN,,,,-1.67,espn-4688380
2025,22442867,12,2025-11-24 16:49:30,add/drop,Pung & Tralie,loss,player,Daniel Jones,QB,IND,,,,-22.02,00-0035710
2025,22442868,12,2025-11-24 02:13:32,add,Mike Long,gain,player,Kyle Monangai,RB,CHI,,,,0,espn-4608686
2025,22442869,12,2025-11-23 19:47:57,add/drop,Phil Baldino,gain,player,Jauan Jennings,WR,SF,,,,4.62,00-0036259
2025,22442869,12,2025-11-23 19:47:57,add/drop,Phil Baldino,loss,player,Tre Tucker,WR,LV,,,,-10.73,00-0038563
2025,22442870,12,2025-11-23 14:47:16,add/drop,Frank & Julian,gain,player,Chicago Bears,DEF,CHI,,,,0,DEF-0006
2025,22442870,12,2025-11-23 14:47:16,add/drop,Frank & Julian,loss,player,Rashid Shaheed,WR,NO,,,,-7.8,00-0037545
2025,22442871,12,2025-11-23 03:49:13,add/drop,Frank & Julian,gain,player,Cairo Santos,K,CHI,,,,0,00-0031203
2025,22442871,12,2025-11-23 03:49:13,add/drop,Frank & Julian,loss,player,Eddy Pineiro,K,CAR,,,,0,00-0034173
2025,22442872,12,2025-11-22 16:08:40,add/drop,Nolan & Vinny,gain,player,Hunter Henry,TE,NE,,,,4.06,00-0033090
2025,22442872,12,2025-11-22 16:08:40,add/drop,Nolan & Vinny,loss,player,Mark Andrews,TE,BAL,,,,-10.16,00-0034753
2025,22442873,12,2025-11-21 18:50:17,add/drop,Ronnie,gain,player,Sam Darnold,QB,SEA,,,,-5.72,00-0034869
2025,22442873,12,2025-11-21 18:50:17,add/drop,Ronnie,loss,player,Hunter Henry,TE,NE,,,,4.06,00-0033090
2025,22442874,12,2025-11-21 16:17:35,add/drop,Cambrias,gain,player,Andrei Iosivas,WR,CIN,,,,-10.41,00-0038619
2025,22442874,12,2025-11-21 16:17:35,add/drop,Cambrias,loss,player,Tez Johnson,WR,TB,,,,-22.91,espn-4608810
2025,22442875,12,2025-11-21 00:36:17,add/drop,Nolan & Vinny,gain,player,Tyler Loop,K,BAL,,,,0,espn-4697745
2025,22442875,12,2025-11-21 00:36:17,add/drop,Nolan & Vinny,loss,player,Jauan Jennings,WR,SF,,,,4.62,00-0036259
2025,22442876,12,2025-11-20 16:32:17,add/drop,Pung & Tralie,gain,player,D.J. Moore,WR,CHI,,,,3.64,00-0034827
2025,22442876,12,2025-11-20 16:32:17,add/drop,Pung & Tralie,loss,player,Sam LaPorta,TE,DET,,,,-19.94,00-0039065
2025,22442877,12,2025-11-20 13:16:45,add/drop,Chris & Dom,gain,player,Las Vegas Raiders,DEF,LV,,,,-9.53,DEF-0017
2025,22442877,12,2025-11-20 13:16:45,add/drop,Chris & Dom,loss,player,D.J. Moore,WR,CHI,,,,3.64,00-0034827
2025,22442878,12,2025-11-19 17:07:36,add/drop,John Juliano,gain,player,Buffalo Bills,DEF,BUF,,,,2.47,DEF-0004
2025,22442878,12,2025-11-19 17:07:36,add/drop,John Juliano,loss,player,Daniel Carlson,K,LV,,,,0,00-0034161
2025,22442879,12,2025-11-19 16:18:27,drop,Pung & Tralie,loss,player,Dallas Cowboys,DEF,DAL,,,,-11.65,DEF-0009
2025,22442880,12,2025-11-19 16:16:48,add/drop,Pung & Tralie,gain,player,Mason Taylor,TE,NYJ,,,,-13.13,espn-4808766
2025,22442880,12,2025-11-19 16:16:48,add/drop,Pung & Tralie,loss,player,Jonnu Smith,TE,PIT,,,,-9.88,00-0033858
2025,22442881,12,2025-11-19 15:46:55,add/drop,Frank & Julian,gain,player,Jacoby Brissett,QB,ARI,,,,3.13,00-0033119
2025,22442881,12,2025-11-19 15:46:55,add/drop,Frank & Julian,loss,player,J.J. McCarthy,QB,MIN,,,,-15.33,00-0039923
2025,22442882,12,2025-11-19 15:44:10,add/drop,Richie,gain,player,Michael Wilson,WR,ARI,,,,17.72,00-0038559
2025,22442882,12,2025-11-19 15:44:10,add/drop,Richie,loss,player,Garrett Wilson,WR,NYJ,,,,-22.91,00-0037740
2025,22442883,12,2025-11-19 15:42:34,add/drop,Richie,gain,player,Kenneth Gainwell,RB,PIT,,,,10.34,00-0036919
2025,22442883,12,2025-11-19 15:42:34,add/drop,Richie,loss,player,Jacory Croskey-Merritt,RB,WAS,,,,-3.53,espn-4575131
2025,22442884,12,2025-11-19 13:32:29,add/drop,Chris & Dom,gain,player,Darnell Mooney,WR,ATL,,,,-9.18,00-0036309
2025,22442884,12,2025-11-19 13:32:29,add/drop,Chris & Dom,loss,player,Dalton Schultz,TE,HOU,,,,1.41,00-0034383
2025,22442840,11,2025-11-19 00:03:49,add/drop,Phil Baldino,gain,player,Harrison Butker,K,KC,,,,0,00-0033303
2025,22442840,11,2025-11-19 00:03:49,add/drop,Phil Baldino,loss,player,Wil Lutz,K,DEN,,,,0,00-0032569
2025,22442841,11,2025-11-19 00:02:44,add/drop,Phil Baldino,gain,player,Emanuel Wilson,RB,GB,,,,-7.16,00-0038797
2025,22442841,11,2025-11-19 00:02:44,add/drop,Phil Baldino,loss,player,Cooper Kupp,WR,SEA,,,,-12.39,00-0033908
2025,22442842,11,2025-11-18 15:55:08,add,Antdell & Ernie,gain,player,Cleveland Browns,DEF,CLE,,,,0.41,DEF-0008
2025,22442843,11,2025-11-18 15:20:05,drop,Antdell & Ernie,loss,player,Brian Robinson,RB,SF,,,,-22.15,00-0037746
2025,22442844,11,2025-11-18 11:54:33,add/drop,John Juliano,gain,player,Devin Singletary,RB,NYG,,,,-2.26,00-0035250
2025,22442844,11,2025-11-18 11:54:33,add/drop,John Juliano,loss,player,Emari Demercado,RB,ARI,,,,-24.29,00-0038705
2025,22442845,11,2025-11-18 11:00:03,add/drop,John Juliano,gain,player,Kayshon Boutte,WR,NE,,,,-21.08,00-0038608
2025,22442845,11,2025-11-18 11:00:03,add/drop,John Juliano,loss,player,Jerry Jeudy,WR,CLE,,,,-10.62,00-0036407
2025,22442846,11,2025-11-18 02:32:55,add/drop,Cambrias,gain,player,Chris Godwin,WR,TB,,,,-1.98,00-0033921
2025,22442846,11,2025-11-18 02:32:55,add/drop,Cambrias,loss,player,Parker Washington,WR,JAX,,,,1.94,00-0038606
2025,22442847,11,2025-11-18 02:28:25,add/drop,Cambrias,gain,player,Bhayshul Tuten,RB,JAX,,,,-16.59,espn-4882093
2025,22442847,11,2025-11-18 02:28:25,add/drop,Cambrias,loss,player,Joe Flacco,QB,CLE,,,,-34.46,00-0026158
2025,22442848,11,2025-11-16 14:18:08,add/drop,Pung & Tralie,gain,player,Jonnu Smith,TE,PIT,,,,-14.91,00-0033858
2025,22442848,11,2025-11-16 14:18:08,add/drop,Pung & Tralie,loss,player,Dawson Knox,TE,BUF,,,,-2.02,00-0035689
2025,22442849,11,2025-11-15 14:21:26,add/drop,Nolan & Vinny,gain,player,Sean Tucker,RB,TB,,,,-4.04,00-0038951
2025,22442849,11,2025-11-15 14:21:26,add/drop,Nolan & Vinny,loss,player,Ty Johnson,RB,BUF,,,,-6.71,00-0035537
2025,22442850,11,2025-11-15 00:23:30,add/drop,Pung & Tralie,gain,player,Dawson Knox,TE,BUF,,,,-2.02,00-0035689
2025,22442850,11,2025-11-15 00:23:30,add/drop,Pung & Tralie,loss,player,J.K. Dobbins,RB,DEN,,,,-29.69,00-0036158
2025,22442851,11,2025-11-14 21:12:53,add/drop,John Juliano,gain,player,Jerry Jeudy,WR,CLE,,,,-10.62,00-0036407
2025,22442851,11,2025-11-14 21:12:53,add/drop,John Juliano,loss,player,Tyjae Spears,RB,TEN,,,,-5.72,00-0039032
2025,22442852,11,2025-11-14 19:54:09,add/drop,Ronnie,gain,player,Jake Bates,K,DET,,,,0,yahoo-40835
2025,22442852,11,2025-11-14 19:54:09,add/drop,Ronnie,loss,player,Mike Badgley,K,DET,,,,0,00-0034084
2025,22442853,11,2025-11-14 04:26:34,add/drop,Frank & Julian,gain,player,Jakobi Meyers,WR,LV,,,,6.71,00-0034960
2025,22442853,11,2025-11-14 04:26:34,add/drop,Frank & Julian,loss,player,Kyle Monangai,RB,CHI,,,,0.16,espn-4608686
2025,22442854,11,2025-11-13 22:06:42,add/drop,John Juliano,gain,player,Daniel Carlson,K,LV,,,,0,00-0034161
2025,22442854,11,2025-11-13 22:06:42,add/drop,John Juliano,loss,player,Jerry Jeudy,WR,CLE,,,,-10.62,00-0036407
2025,22442855,11,2025-11-13 21:49:45,add/drop,Pung & Tralie,gain,player,Dallas Cowboys,DEF,DAL,,,,-12.76,DEF-0009
2025,22442855,11,2025-11-13 21:49:45,add/drop,Pung & Tralie,loss,player,Chicago Bears,DEF,CHI,,,,-0.82,DEF-0006
2025,22442856,11,2025-11-13 18:42:38,add,Cambrias,gain,player,Brock Purdy,QB,SF,,,,13.7,00-0037834
2025,22442857,11,2025-11-13 14:50:08,add/drop,Nolan & Vinny,gain,player,Ricky Pearsall,WR,SF,,,,-15.85,00-0039916
2025,22442857,11,2025-11-13 14:50:08,add/drop,Nolan & Vinny,loss,player,Jordan Mason,RB,MIN,,,,-14.58,00-0037525
2025,22442858,11,2025-11-12 22:47:18,trade,Nolan & Vinny,gain,player,Ty Johnson,RB,BUF,,,,-6.71,00-0035537
2025,22442858,11,2025-11-12 22:47:18,trade,Nolan & Vinny,gain,player,Joe Burrow,QB,CIN,,,,-2.89,00-0036442
2025,22442858,11,2025-11-12 22:47:18,trade,Nolan & Vinny,loss,player,Caleb Williams,QB,CHI,,,,6.13,00-0039918
2025,22442858,11,2025-11-12 22:47:18,trade,Nolan & Vinny,loss,player,Tyler Allgeier,RB,ATL,,,,-9.06,00-0037263
2025,22442936,11,2025-11-12 22:47:18,trade,Pung & Tralie,loss,player,Ty Johnson,RB,BUF,,,,-6.71,00-0035537
2025,22442936,11,2025-11-12 22:47:18,trade,Pung & Tralie,loss,player,Joe Burrow,QB,CIN,,,,-2.89,00-0036442
2025,22442936,11,2025-11-12 22:47:18,trade,Pung & Tralie,gain,player,Caleb Williams,QB,CHI,,,,6.13,00-0039918
2025,22442936,11,2025-11-12 22:47:18,trade,Pung & Tralie,gain,player,Tyler Allgeier,RB,ATL,,,,-9.06,00-0037263
2025,22442859,11,2025-11-12 20:14:12,drop,Mike Long,loss,player,Chad Ryland,K,ARI,,,,0,00-0038567
2025,22442860,11,2025-11-12 20:13:53,add/drop,Mike Long,gain,player,Christian Watson,WR,GB,,,,12.68,00-0038124
2025,22442860,11,2025-11-12 20:13:53,add/drop,Mike Long,loss,player,Jacksonville Jaguars,DEF,JAX,,,,7.41,DEF-0015
2025,22442861,11,2025-11-12 17:06:51,add/drop,John Juliano,gain,player,Tyjae Spears,RB,TEN,,,,-5.72,00-0039032
2025,22442861,11,2025-11-12 17:06:51,add/drop,John Juliano,loss,player,Tony Pollard,RB,TEN,,,,6.14,00-0035261
2025,22442862,11,2025-11-12 17:06:01,add/drop,John Juliano,gain,player,Pittsburgh Steelers,DEF,PIT,,,,5.76,DEF-0027
2025,22442862,11,2025-11-12 17:06:01,add/drop,John Juliano,loss,player,Buffalo Bills,DEF,BUF,,,,1.65,DEF-0004
2025,22442863,11,2025-11-12 17:00:40,add/drop,John Juliano,gain,player,Jerry Jeudy,WR,CLE,,,,-10.62,00-0036407
2025,22442863,11,2025-11-12 17:00:40,add/drop,John Juliano,loss,player,Jakobi Meyers,WR,LV,,,,6.71,00-0034960
2025,22442864,11,2025-11-12 15:51:37,add/drop,Antdell & Ernie,gain,player,Brian Robinson,RB,SF,,,,-22.15,00-0037746
2025,22442864,11,2025-11-12 15:51:37,add/drop,Antdell & Ernie,loss,player,Bhayshul Tuten,RB,JAX,,,,-16.59,espn-4882093
2025,22442865,11,2025-11-12 12:27:12,add/drop,Chris & Dom,gain,player,Dalton Schultz,TE,HOU,,,,2.84,00-0034383
2025,22442865,11,2025-11-12 12:27:12,add/drop,Chris & Dom,loss,player,Pittsburgh Steelers,DEF,PIT,,,,5.76,DEF-0027
2025,22442866,11,2025-11-12 12:26:43,add/drop,Chris & Dom,gain,player,Cade Otton,TE,TB,,,,-14.49,00-0038129
2025,22442866,11,2025-11-12 12:26:43,add/drop,Chris & Dom,loss,player,Luke Musgrave,TE,GB,,,,-15.89,00-0039144
2025,22442807,10,2025-11-12 01:47:07,trade,Richie,gain,player,Davante Adams,WR,LAR,,,,4.61,00-0031381
2025,22442807,10,2025-11-12 01:47:07,trade,Richie,gain,player,Alvin Kamara,RB,NO,,,,-29.93,00-0033906
2025,22442807,10,2025-11-12 01:47:07,trade,Richie,gain,player,Kenneth Walker III,RB,SEA,,,,4.61,00-0038134
2025,22442807,10,2025-11-12 01:47:07,trade,Richie,loss,player,Omarion Hampton,RB,LAC,,,,-10.78,espn-4685382
2025,22442807,10,2025-11-12 01:47:07,trade,Richie,loss,player,Emeka Egbuka,WR,TB,,,,-4.33,espn-4567750
2025,22442807,10,2025-11-12 01:47:07,trade,Richie,loss,player,Jordan Mason,RB,MIN,,,,-19.2,00-0037525
2025,22442933,10,2025-11-12 01:47:07,trade,Nolan & Vinny,loss,player,Davante Adams,WR,LAR,,,,4.61,00-0031381
2025,22442933,10,2025-11-12 01:47:07,trade,Nolan & Vinny,loss,player,Alvin Kamara,RB,NO,,,,-29.93,00-0033906
2025,22442933,10,2025-11-12 01:47:07,trade,Nolan & Vinny,loss,player,Kenneth Walker III,RB,SEA,,,,4.61,00-0038134
2025,22442933,10,2025-11-12 01:47:07,trade,Nolan & Vinny,gain,player,Omarion Hampton,RB,LAC,,,,-10.78,espn-4685382
2025,22442933,10,2025-11-12 01:47:07,trade,Nolan & Vinny,gain,player,Emeka Egbuka,WR,TB,,,,-4.33,espn-4567750
2025,22442933,10,2025-11-12 01:47:07,trade,Nolan & Vinny,gain,player,Jordan Mason,RB,MIN,,,,-19.2,00-0037525
2025,22442808,10,2025-11-11 20:51:47,add/drop,John Juliano,gain,player,Ka'imi Fairbairn,K,HOU,,,,0,00-0032726
2025,22442808,10,2025-11-11 20:51:47,add/drop,John Juliano,loss,player,Cairo Santos,K,CHI,,,,0,00-0031203
2025,22442809,10,2025-11-11 20:36:20,drop,Cambrias,loss,player,Travis Hunter,WR,JAX,,,,-37.65,espn-4685415
2025,22442810,10,2025-11-11 19:15:14,add/drop,Antdell & Ernie,gain,player,Los Angeles Chargers,DEF,LAC,,,,0,DEF-0018
2025,22442810,10,2025-11-11 19:15:14,add/drop,Antdell & Ernie,loss,player,Carolina Panthers,DEF,CAR,,,,-4.71,DEF-0005
2025,22442811,10,2025-11-11 19:14:12,add,Antdell & Ernie,gain,player,Tampa Bay Buccaneers,DEF,TB,,,,-15.06,DEF-0030
2025,22442812,10,2025-11-11 19:11:17,add,Antdell & Ernie,gain,player,Joe Burrow,QB,CIN,,,,-8.05,00-0036442
2025,22442813,10,2025-11-11 18:29:57,drop,John Juliano,loss,player,Devin Singletary,RB,NYG,,,,-2.21,00-0035250
2025,22442814,10,2025-11-11 18:16:05,add,Cambrias,gain,player,Tez Johnson,WR,TB,,,,-37.65,espn-4608810
2025,22442815,10,2025-11-11 13:07:59,drop,Antdell & Ernie,loss,player,Sam Darnold,QB,SEA,,,,-11.96,00-0034869
2025,22442816,10,2025-11-11 12:20:35,add/drop,Pung & Tralie,gain,player,Cam Little,K,JAX,,,,0,00-0039409
2025,22442816,10,2025-11-11 12:20:35,add/drop,Pung & Tralie,loss,player,Brandon McManus,K,GB,,,,0,00-0029822
2025,22442817,10,2025-11-11 10:14:03,add,Cambrias,gain,player,Joe Flacco,QB,CLE,,,,-44.12,00-0026158
2025,22442818,10,2025-11-11 10:12:51,drop,Cambrias,loss,player,Cleveland Browns,DEF,CLE,,,,-0.47,DEF-0008
2025,22442819,10,2025-11-11 10:12:47,drop,Cambrias,loss,player,Ollie Gordon,RB,MIA,,,,-38.4,espn-4711533
2025,22442820,10,2025-11-10 23:07:10,trade,John Juliano,gain,player,Rome Odunze,WR,CHI,,,,-19.86,00-0039919
2025,22442820,10,2025-11-10 23:07:10,trade,John Juliano,gain,player,Jake Ferguson,TE,DAL,,,,-4.89,00-0038041
2025,22442820,10,2025-11-10 23:07:10,trade,John Juliano,gain,player,Breece Hall,RB,NYJ,,,,7.06,00-0038120
2025,22442820,10,2025-11-10 23:07:10,trade,John Juliano,loss,player,DK Metcalf,WR,PIT,,,,0.71,00-0035640
2025,22442820,10,2025-11-10 23:07:10,trade,John Juliano,loss,player,Bijan Robinson,RB,ATL,,,,53.22,00-0038542
2025,22442934,10,2025-11-10 23:07:10,trade,Antdell & Ernie,loss,player,Rome Odunze,WR,CHI,,,,-19.86,00-0039919
2025,22442934,10,2025-11-10 23:07:10,trade,Antdell & Ernie,loss,player,Jake Ferguson,TE,DAL,,,,-4.89,00-0038041
2025,22442934,10,2025-11-10 23:07:10,trade,Antdell & Ernie,loss,player,Breece Hall,RB,NYJ,,,,7.06,00-0038120
2025,22442934,10,2025-11-10 23:07:10,trade,Antdell & Ernie,gain,player,DK Metcalf,WR,PIT,,,,0.71,00-0035640
2025,22442934,10,2025-11-10 23:07:10,trade,Antdell & Ernie,gain,player,Bijan Robinson,RB,ATL,,,,53.22,00-0038542
2025,22442821,10,2025-11-09 17:31:40,add/drop,Phil Baldino,gain,player,Cooper Kupp,WR,SEA,,,,-12.19,00-0033908
2025,22442821,10,2025-11-09 17:31:40,add/drop,Phil Baldino,loss,player,Samaje Perine,RB,CIN,,,,-21.51,00-0033526
2025,22442822,10,2025-11-09 11:46:26,add/drop,Nolan & Vinny,gain,player,Jauan Jennings,WR,SF,,,,11.53,00-0036259
2025,22442822,10,2025-11-09 11:46:26,add/drop,Nolan & Vinny,loss,player,Christian Watson,WR,GB,,,,15.11,00-0038124
2025,22442823,10,2025-11-09 06:22:37,add/drop,Rob & GregBo,gain,player,New York Jets,DEF,NYJ,,,,-11.76,DEF-0025
2025,22442823,10,2025-11-09 06:22:37,add/drop,Rob & GregBo,loss,player,Cam Little,K,JAX,,,,0,00-0039409
2025,22442824,10,2025-11-08 23:44:39,add,Antdell & Ernie,gain,player,Bhayshul Tuten,RB,JAX,,,,-22.49,espn-4882093
2025,22442825,10,2025-11-08 21:23:43,add/drop,Frank & Julian,gain,player,J.J. McCarthy,QB,MIN,,,,-19.35,00-0039923
2025,22442825,10,2025-11-08 21:23:43,add/drop,Frank & Julian,loss,player,Chris Godwin,WR,TB,,,,-4.71,00-0033921
2025,22442826,10,2025-11-08 15:50:39,drop,Ronnie,loss,player,Elic Ayomanor,WR,TEN,,,,-19.67,espn-4883647
2025,22442827,10,2025-11-08 03:09:42,trade,Antdell & Ernie,gain,player,Kyle Pitts,TE,ATL,,,,20.33,00-0036970
2025,22442827,10,2025-11-08 03:09:42,trade,Antdell & Ernie,loss,player,Hunter Henry,TE,NE,,,,4.61,00-0033090
2025,22442827,10,2025-11-08 03:09:42,trade,Antdell & Ernie,loss,player,Aaron Jones,RB,MIN,,,,1.08,00-0033293
2025,22442935,10,2025-11-08 03:09:42,trade,Ronnie,loss,player,Kyle Pitts,TE,ATL,,,,20.33,00-0036970
2025,22442935,10,2025-11-08 03:09:42,trade,Ronnie,gain,player,Hunter Henry,TE,NE,,,,4.61,00-0033090
2025,22442935,10,2025-11-08 03:09:42,trade,Ronnie,gain,player,Aaron Jones,RB,MIN,,,,1.08,00-0033293
2025,22442828,10,2025-11-07 22:57:09,add/drop,John Juliano,gain,player,Devin Singletary,RB,NYG,,,,-2.21,00-0035250
2025,22442828,10,2025-11-07 22:57:09,add/drop,John Juliano,loss,player,Tez Johnson,WR,TB,,,,-37.65,espn-4608810
2025,22442829,10,2025-11-07 16:02:06,add/drop,Cambrias,gain,player,Atlanta Falcons,DEF,ATL,,,,1.88,DEF-0002
2025,22442829,10,2025-11-07 16:02:06,add/drop,Cambrias,loss,player,Zonovan Knight,RB,NYJ,,,,-12.52,00-0037157
2025,22442830,10,2025-11-07 16:00:50,add/drop,Cambrias,gain,player,Will Reichard,K,MIN,,,,0,00-0039404
2025,22442830,10,2025-11-07 16:00:50,add/drop,Cambrias,loss,player,Ka'imi Fairbairn,K,HOU,,,,0,00-0032726
2025,22442831,10,2025-11-06 21:57:27,add/drop,Pung & Tralie,gain,player,Ty Johnson,RB,BUF,,,,-9.98,00-0035537
2025,22442831,10,2025-11-06 21:57:27,add/drop,Pung & Tralie,loss,player,Tyjae Spears,RB,TEN,,,,-11.01,00-0039032
2025,22442832,10,2025-11-06 16:04:29,add,Mike Long,gain,player,Jacksonville Jaguars,DEF,JAX,,,,10.35,DEF-0015
2025,22442833,10,2025-11-06 00:22:45,add/drop,John Juliano,gain,player,Emari Demercado,RB,ARI,,,,-25.93,00-0038705
2025,22442833,10,2025-11-06 00:22:45,add/drop,John Juliano,loss,player,Brandon Aiyuk,WR,SF,,,,-37.65,00-0036261
2025,22442834,10,2025-11-05 19:37:32,add,Mike Long,gain,player,Chad Ryland,K,ARI,,,,0,00-0038567
2025,22442835,10,2025-11-05 19:35:46,drop,Mike Long,loss,player,Kayshon Boutte,WR,NE,,,,-26.54,00-0038608
2025,22442836,10,2025-11-05 19:33:28,drop,Mike Long,loss,player,Aaron Rodgers,QB,PIT,,,,-16.34,00-0023459
2025,22442837,10,2025-11-05 16:30:21,add/drop,John Juliano,gain,player,Buffalo Bills,DEF,BUF,,,,0,DEF-0004
2025,22442837,10,2025-11-05 16:30:21,add/drop,John Juliano,loss,player,Jerry Jeudy,WR,CLE,,,,-5.27,00-0036407
2025,22442838,10,2025-11-05 15:53:45,add/drop,Frank & Julian,gain,player,Alec Pierce,WR,IND,,,,0,00-0037664
2025,22442838,10,2025-11-05 15:53:45,add/drop,Frank & Julian,loss,player,Jonnu Smith,TE,PIT,,,,-18.21,00-0033858
2025,22442839,10,2025-11-05 12:24:54,add/drop,Chris & Dom,gain,player,Luke Musgrave,TE,GB,,,,-17.51,00-0039144
2025,22442839,10,2025-11-05 12:24:54,add/drop,Chris & Dom,loss,player,Jake Bates,K,DET,,,,0,yahoo-40835
2025,22442781,9,2025-11-05 04:19:17,add/drop,Antdell & Ernie,gain,player,Hunter Henry,TE,NE,,,,3.92,00-0033090
2025,22442781,9,2025-11-05 04:19:17,add/drop,Antdell & Ernie,loss,player,David Njoku,TE,CLE,,,,-31.13,00-0033885
2025,22442782,9,2025-11-05 04:17:07,add/drop,Antdell & Ernie,gain,player,Sam Darnold,QB,SEA,,,,-5.37,00-0034869
2025,22442782,9,2025-11-05 04:17:07,add/drop,Antdell & Ernie,loss,player,Brock Purdy,QB,SF,,,,5.97,00-0037834
2025,22442783,9,2025-11-05 04:12:30,add/drop,Antdell & Ernie,gain,player,Carolina Panthers,DEF,CAR,,,,-3.18,DEF-0005
2025,22442783,9,2025-11-05 04:12:30,add/drop,Antdell & Ernie,loss,player,Los Angeles Chargers,DEF,LAC,,,,0,DEF-0018
2025,22442784,9,2025-11-05 03:37:54,add/drop,Phil Baldino,gain,player,Seattle Seahawks,DEF,SEA,,,,21.71,DEF-0029
2025,22442784,9,2025-11-05 03:37:54,add/drop,Phil Baldino,loss,player,Brashard Smith,RB,KC,,,,-38.65,espn-4596602
2025,22442785,9,2025-11-05 03:37:17,add/drop,Phil Baldino,gain,player,Tre Tucker,WR,LV,,,,-19.06,00-0038563
2025,22442785,9,2025-11-05 03:37:17,add/drop,Phil Baldino,loss,player,Darnell Mooney,WR,ATL,,,,-24.88,00-0036309
2025,22442786,9,2025-11-04 21:50:22,add/drop,Mike Long,gain,player,Darius Slayton,WR,NYG,,,,-20.81,00-0035535
2025,22442786,9,2025-11-04 21:50:22,add/drop,Mike Long,loss,player,Tucker Kraft,TE,GB,,,,-40.29,00-0038996
2025,22442787,9,2025-11-04 19:41:35,add/drop,Cambrias,gain,player,Cleveland Browns,DEF,CLE,,,,-3.18,DEF-0008
2025,22442787,9,2025-11-04 19:41:35,add/drop,Cambrias,loss,player,Jacksonville Jaguars,DEF,JAX,,,,10.59,DEF-0015
2025,22442788,9,2025-11-04 18:57:53,add/drop,Pung & Tralie,gain,player,Isiah Pacheco,RB,KC,,,,-35.84,00-0037197
2025,22442788,9,2025-11-04 18:57:53,add/drop,Pung & Tralie,loss,player,Devin Singletary,RB,NYG,,,,-5.72,00-0035250
2025,22442789,9,2025-11-04 15:59:10,trade,Nolan & Vinny,gain,player,Caleb Williams,QB,CHI,,,,30.01,00-0039918
2025,22442789,9,2025-11-04 15:59:10,trade,Nolan & Vinny,gain,player,Mark Andrews,TE,BAL,,,,-5.14,00-0034753
2025,22442789,9,2025-11-04 15:59:10,trade,Nolan & Vinny,gain,player,James Cook,RB,BUF,,,,35.84,00-0037248
2025,22442789,9,2025-11-04 15:59:10,trade,Nolan & Vinny,loss,player,Travis Kelce,TE,KC,,,,3.44,00-0030506
2025,22442789,9,2025-11-04 15:59:10,trade,Nolan & Vinny,loss,player,Michael Pittman,WR,IND,,,,-12.6,00-0036252
2025,22442789,9,2025-11-04 15:59:10,trade,Nolan & Vinny,loss,player,Wan'Dale Robinson,WR,NYG,,,,11.01,00-0038117
2025,22442931,9,2025-11-04 15:59:10,trade,Ronnie,loss,player,Caleb Williams,QB,CHI,,,,30.01,00-0039918
2025,22442931,9,2025-11-04 15:59:10,trade,Ronnie,loss,player,Mark Andrews,TE,BAL,,,,-5.14,00-0034753
2025,22442931,9,2025-11-04 15:59:10,trade,Ronnie,loss,player,James Cook,RB,BUF,,,,35.84,00-0037248
2025,22442931,9,2025-11-04 15:59:10,trade,Ronnie,gain,player,Travis Kelce,TE,KC,,,,3.44,00-0030506
2025,22442931,9,2025-11-04 15:59:10,trade,Ronnie,gain,player,Michael Pittman,WR,IND,,,,-12.6,00-0036252
2025,22442931,9,2025-11-04 15:59:10,trade,Ronnie,gain,player,Wan'Dale Robinson,WR,NYG,,,,11.01,00-0038117
2025,22442790,9,2025-11-04 11:16:26,add/drop,Richie,gain,player,Colston Loveland,TE,CHI,,,,19.75,espn-4723086
2025,22442790,9,2025-11-04 11:16:26,add/drop,Richie,loss,player,Zach Ertz,TE,WAS,,,,-16.52,00-0030061
2025,22442791,9,2025-11-02 16:04:45,add/drop,Antdell & Ernie,gain,player,Brock Purdy,QB,SF,,,,5.97,00-0037834
2025,22442791,9,2025-11-02 16:04:45,add/drop,Antdell & Ernie,loss,player,Isiah Pacheco,RB,KC,,,,-35.84,00-0037197
2025,22442792,9,2025-11-02 14:53:27,add/drop,Nolan & Vinny,gain,player,Christian Watson,WR,GB,,,,11.86,00-0038124
2025,22442792,9,2025-11-02 14:53:27,add/drop,Nolan & Vinny,loss,player,Kenneth Gainwell,RB,PIT,,,,18.85,00-0036919
2025,22442793,9,2025-11-01 20:33:38,add/drop,Cambrias,gain,player,Parker Washington,WR,JAX,,,,8.95,00-0038606
2025,22442793,9,2025-11-01 20:33:38,add/drop,Cambrias,loss,player,Matthew Golden,WR,GB,,,,-42.41,espn-4701936
2025,22442794,9,2025-10-31 22:47:42,add/drop,Pung & Tralie,gain,player,Devin Singletary,RB,NYG,,,,-5.72,00-0035250
2025,22442794,9,2025-10-31 22:47:42,add/drop,Pung & Tralie,loss,player,Evan Engram,TE,DEN,,,,-20.65,00-0033881
2025,22442795,9,2025-10-31 19:28:48,add/drop,John Juliano,gain,player,Cairo Santos,K,CHI,,,,0,00-0031203
2025,22442795,9,2025-10-31 19:28:48,add/drop,John Juliano,loss,player,Evan McPherson,K,CIN,,,,0,00-0036854
2025,22442796,9,2025-10-31 18:58:42,add/drop,Phil Baldino,gain,player,Samaje Perine,RB,CIN,,,,-30.92,00-0033526
2025,22442796,9,2025-10-31 18:58:42,add/drop,Phil Baldino,loss,player,Hunter Henry,TE,NE,,,,3.92,00-0033090
2025,22442797,9,2025-10-31 13:48:59,add/drop,Antdell & Ernie,gain,player,David Njoku,TE,CLE,,,,-31.13,00-0033885
2025,22442797,9,2025-10-31 13:48:59,add/drop,Antdell & Ernie,loss,player,Bhayshul Tuten,RB,JAX,,,,-27.21,espn-4882093
2025,22442798,9,2025-10-30 18:34:29,add/drop,Pung & Tralie,gain,player,Brandon McManus,K,GB,,,,0,00-0029822
2025,22442798,9,2025-10-30 18:34:29,add/drop,Pung & Tralie,loss,player,Harrison Butker,K,KC,,,,0,00-0033303
2025,22442799,9,2025-10-30 18:32:01,trade,John Juliano,gain,player,Rhamondre Stevenson,RB,NE,,,,-13.82,00-0036875
2025,22442799,9,2025-10-30 18:32:01,trade,John Juliano,loss,player,Indianapolis Colts,DEF,IND,,,,-15.35,DEF-0014
2025,22442932,9,2025-10-30 18:32:01,trade,Pung & Tralie,loss,player,Rhamondre Stevenson,RB,NE,,,,-13.82,00-0036875
2025,22442932,9,2025-10-30 18:32:01,trade,Pung & Tralie,gain,player,Indianapolis Colts,DEF,IND,,,,-15.35,DEF-0014
2025,22442800,9,2025-10-30 13:50:02,add/drop,Mike Long,gain,player,Aaron Rodgers,QB,PIT,,,,-18.28,00-0023459
2025,22442800,9,2025-10-30 13:50:02,add/drop,Mike Long,loss,player,Mike Evans,WR,TB,,,,-27.58,00-0031408
2025,22442801,9,2025-10-30 10:45:00,add/drop,Richie,gain,player,Jason Myers,K,SEA,,,,0,00-0031492
2025,22442801,9,2025-10-30 10:45:00,add/drop,Richie,loss,player,Jake Elliott,K,PHI,,,,0,00-0033787
2025,22442802,9,2025-10-30 00:07:40,add/drop,Frank & Julian,gain,player,Jonnu Smith,TE,PIT,,,,-23.66,00-0033858
2025,22442802,9,2025-10-30 00:07:40,add/drop,Frank & Julian,loss,player,Joe Flacco,QB,CLE,,,,-39.7,00-0026158
2025,22442803,9,2025-10-29 19:15:36,add/drop,John Juliano,gain,player,Juwan Johnson,TE,NO,,,,8.42,00-0036040
2025,22442803,9,2025-10-29 19:15:36,add/drop,John Juliano,loss,player,David Njoku,TE,CLE,,,,-31.13,00-0033885
2025,22442804,9,2025-10-29 17:51:18,add/drop,Phil Baldino,gain,player,Jameson Williams,WR,DET,,,,27,00-0037240
2025,22442804,9,2025-10-29 17:51:18,add/drop,Phil Baldino,loss,player,Kirk Cousins,QB,ATL,,,,-21.4,00-0029604
2025,22442805,9,2025-10-29 15:52:59,add/drop,Nolan & Vinny,gain,player,Kenneth Gainwell,RB,PIT,,,,18.85,00-0036919
2025,22442805,9,2025-10-29 15:52:59,add/drop,Nolan & Vinny,loss,player,Buffalo Bills,DEF,BUF,,,,0,DEF-0004
2025,22442806,9,2025-10-29 14:32:30,add/drop,Antdell & Ernie,gain,player,Chris Boswell,K,PIT,,,,0,00-0031136
2025,22442806,9,2025-10-29 14:32:30,add/drop,Antdell & Ernie,loss,player,Will Reichard,K,MIN,,,,0,00-0039404
2025,22442756,8,2025-10-29 04:03:06,add/drop,John Juliano,gain,player,David Njoku,TE,CLE,,,,-26.53,00-0033885
2025,22442756,8,2025-10-29 04:03:06,add/drop,John Juliano,loss,player,Dalton Schultz,TE,HOU,,,,16.41,00-0034383
2025,22442757,8,2025-10-29 03:20:02,add/drop,Rob & GregBo,gain,player,Tyrone Tracy,RB,NYG,,,,0.24,00-0039384
2025,22442757,8,2025-10-29 03:20:02,add/drop,Rob & GregBo,loss,player,Cam Skattebo,RB,NYG,,,,-53.59,espn-4696981
2025,22442758,8,2025-10-29 02:23:29,add/drop,Antdell & Ernie,gain,player,Blake Corum,RB,LAR,,,,-10.35,00-0039738
2025,22442758,8,2025-10-29 02:23:29,add/drop,Antdell & Ernie,loss,player,Atlanta Falcons,DEF,ATL,,,,2.94,DEF-0002
2025,22442759,8,2025-10-28 17:57:54,add/drop,John Juliano,gain,player,Jakobi Meyers,WR,LV,,,,-1.12,00-0034960
2025,22442759,8,2025-10-28 17:57:54,add/drop,John Juliano,loss,player,Calvin Ridley,WR,TEN,,,,-61.24,00-0034837
2025,22442760,8,2025-10-28 17:37:23,add/drop,Phil Baldino,gain,player,Hunter Henry,TE,NE,,,,8.88,00-0033090
2025,22442760,8,2025-10-28 17:37:23,add/drop,Phil Baldino,loss,player,Cade Otton,TE,TB,,,,-14.94,00-0038129
2025,22442761,8,2025-10-28 17:36:47,add/drop,Phil Baldino,gain,player,Baltimore Ravens,DEF,BAL,,,,12.35,DEF-0003
2025,22442761,8,2025-10-28 17:36:47,add/drop,Phil Baldino,loss,player,Tampa Bay Buccaneers,DEF,TB,,,,-8.82,DEF-0030
2025,22442762,8,2025-10-28 11:50:35,add/drop,Cambrias,gain,player,Zonovan Knight,RB,NYJ,,,,-23.18,00-0037157
2025,22442762,8,2025-10-28 11:50:35,add/drop,Cambrias,loss,player,Mason Taylor,TE,NYJ,,,,-22.35,espn-4808766
2025,22442763,8,2025-10-28 11:48:49,add/drop,Cambrias,gain,player,Jacksonville Jaguars,DEF,JAX,,,,9.41,DEF-0015
2025,22442763,8,2025-10-28 11:48:49,add/drop,Cambrias,loss,player,Jauan Jennings,WR,SF,,,,12.18,00-0036259
2025,22442764,8,2025-10-27 20:06:45,add/drop,Pung & Tralie,gain,player,Tyjae Spears,RB,TEN,,,,-9.71,00-0039032
2025,22442764,8,2025-10-27 20:06:45,add/drop,Pung & Tralie,loss,player,Jameson Williams,WR,DET,,,,24.76,00-0037240
2025,22442765,8,2025-10-26 16:03:37,add/drop,Richie,gain,player,Troy Franklin,WR,DEN,,,,0.88,00-0039868
2025,22442765,8,2025-10-26 16:03:37,add/drop,Richie,loss,player,Zonovan Knight,RB,NYJ,,,,-23.18,00-0037157
2025,22442766,8,2025-10-26 14:52:39,add/drop,Frank & Julian,gain,player,Joe Flacco,QB,CLE,,,,-35.52,00-0026158
2025,22442766,8,2025-10-26 14:52:39,add/drop,Frank & Julian,loss,player,Brian Robinson,RB,SF,,,,-35.29,00-0037746
2025,22442767,8,2025-10-26 10:50:23,add/drop,Phil Baldino,gain,player,Kirk Cousins,QB,ATL,,,,-25.31,00-0029604
2025,22442767,8,2025-10-26 10:50:23,add/drop,Phil Baldino,loss,player,Jakobi Meyers,WR,LV,,,,-1.12,00-0034960
2025,22442768,8,2025-10-25 21:34:02,add/drop,Mike Long,gain,player,Kayshon Boutte,WR,NE,,,,-39,00-0038608
2025,22442768,8,2025-10-25 21:34:02,add/drop,Mike Long,loss,player,Sterling Shepard,WR,TB,,,,-47.76,00-0032385
2025,22442769,8,2025-10-24 03:05:51,add/drop,Frank & Julian,gain,player,Rashid Shaheed,WR,NO,,,,-17.12,00-0037545
2025,22442769,8,2025-10-24 03:05:51,add/drop,Frank & Julian,loss,player,Tyjae Spears,RB,TEN,,,,-9.71,00-0039032
2025,22442770,8,2025-10-24 00:45:14,add/drop,Ronnie,gain,player,San Francisco 49ers,DEF,SF,,,,-15.29,DEF-0028
2025,22442770,8,2025-10-24 00:45:14,add/drop,Ronnie,loss,player,Alec Pierce,WR,IND,,,,0,00-0037664
2025,22442771,8,2025-10-23 23:50:35,add/drop,Frank & Julian,gain,player,Kyle Monangai,RB,CHI,,,,3.18,espn-4608686
2025,22442771,8,2025-10-23 23:50:35,add/drop,Frank & Julian,loss,player,Hunter Henry,TE,NE,,,,8.88,00-0033090
2025,22442772,8,2025-10-23 23:40:39,add/drop,Chris & Dom,gain,player,Chase McLaughlin,K,TB,,,,0,00-0035358
2025,22442772,8,2025-10-23 23:40:39,add/drop,Chris & Dom,loss,player,Nick Chubb,RB,HOU,,,,-37.29,00-0034791
2025,22442773,8,2025-10-23 22:53:24,add/drop,Rob & GregBo,gain,player,Matt Prater,K,BUF,,,,0,00-0023853
2025,22442773,8,2025-10-23 22:53:24,add/drop,Rob & GregBo,loss,player,Dallas Cowboys,DEF,DAL,,,,-21.18,DEF-0009
2025,22442774,8,2025-10-22 19:31:02,add/drop,John Juliano,gain,player,Calvin Ridley,WR,TEN,,,,-61.24,00-0034837
2025,22442774,8,2025-10-22 19:31:02,add/drop,John Juliano,loss,player,Darren Waller,TE,MIA,,,,-21.82,00-0031610
2025,22442775,8,2025-10-22 19:17:27,add/drop,Richie,gain,player,Zonovan Knight,RB,NYJ,,,,-23.18,00-0037157
2025,22442775,8,2025-10-22 19:17:27,add/drop,Richie,loss,player,Luke McCaffrey,WR,WAS,,,,-59.41,00-0039355
2025,22442776,8,2025-10-22 15:04:29,add/drop,Phil Baldino,gain,player,Tampa Bay Buccaneers,DEF,TB,,,,-8.82,DEF-0030
2025,22442776,8,2025-10-22 15:04:29,add/drop,Phil Baldino,loss,player,Miami Dolphins,DEF,MIA,,,,2.94,DEF-0020
2025,22442777,8,2025-10-22 14:14:25,add/drop,Nolan & Vinny,gain,player,Oronde Gadsden,TE,LAC,,,,-47.12,espn-4595342
2025,22442777,8,2025-10-22 14:14:25,add/drop,Nolan & Vinny,loss,player,Tyrone Tracy,RB,NYG,,,,0.24,00-0039384
2025,22442778,8,2025-10-22 14:08:52,add/drop,Nolan & Vinny,gain,player,Buffalo Bills,DEF,BUF,,,,7.65,DEF-0004
2025,22442778,8,2025-10-22 14:08:52,add/drop,Nolan & Vinny,loss,player,Emanuel Wilson,RB,GB,,,,-18,00-0038797
2025,22442779,8,2025-10-22 12:23:05,add/drop,Chris & Dom,gain,player,Houston Texans,DEF,HOU,,,,15.88,DEF-0013
2025,22442779,8,2025-10-22 12:23:05,add/drop,Chris & Dom,loss,player,Kendrick Bourne,WR,NE,,,,-45.76,00-0033307
2025,22442780,8,2025-10-22 10:27:02,add/drop,Ronnie,gain,player,Mike Badgley,K,DET,,,,0,00-0034084
2025,22442780,8,2025-10-22 10:27:02,add/drop,Ronnie,loss,player,Daniel Carlson,K,LV,,,,0,00-0034161
2025,22442732,7,2025-10-22 04:06:10,add/drop,Phil Baldino,gain,player,Brashard Smith,RB,KC,,,,-49.44,espn-4596602
2025,22442732,7,2025-10-22 04:06:10,add/drop,Phil Baldino,loss,player,Kenneth Gainwell,RB,PIT,,,,16.37,00-0036919
2025,22442733,7,2025-10-22 02:38:15,add/drop,Antdell & Ernie,gain,player,Los Angeles Chargers,DEF,LAC,,,,-2.59,DEF-0018
2025,22442733,7,2025-10-22 02:38:15,add/drop,Antdell & Ernie,loss,player,Seattle Seahawks,DEF,SEA,,,,24.59,DEF-0029
2025,22442734,7,2025-10-22 02:29:18,add/drop,Antdell & Ernie,gain,player,Will Reichard,K,MIN,,,,0,00-0039404
2025,22442734,7,2025-10-22 02:29:18,add/drop,Antdell & Ernie,loss,player,Matt Gay,K,WAS,,,,0,00-0035269
2025,22442735,7,2025-10-22 02:17:12,add/drop,Antdell & Ernie,gain,player,Atlanta Falcons,DEF,ATL,,,,0.65,DEF-0002
2025,22442735,7,2025-10-22 02:17:12,add/drop,Antdell & Ernie,loss,player,Cleveland Browns,DEF,CLE,,,,10.35,DEF-0008
2025,22442736,7,2025-10-22 00:06:12,add/drop,Richie,gain,player,Jaxson Dart,QB,NYG,,,,-94.46,espn-4689114
2025,22442736,7,2025-10-22 00:06:12,add/drop,Richie,loss,player,Justin Fields,QB,NYJ,,,,-61.33,00-0036945
2025,22442737,7,2025-10-21 21:47:48,add/drop,John Juliano,gain,player,Tez Johnson,WR,TB,,,,-78.35,espn-4608810
2025,22442737,7,2025-10-21 21:47:48,add/drop,John Juliano,loss,player,Jalen Coker,WR,CAR,,,,-30.66,00-0039491
2025,22442738,7,2025-10-21 21:43:54,add/drop,John Juliano,gain,player,Dalton Schultz,TE,HOU,,,,17.54,00-0034383
2025,22442738,7,2025-10-21 21:43:54,add/drop,John Juliano,loss,player,Aaron Rodgers,QB,PIT,,,,-9.51,00-0023459
2025,22442739,7,2025-10-21 19:09:53,add/drop,Phil Baldino,gain,player,Darnell Mooney,WR,ATL,,,,-37.97,00-0036309
2025,22442739,7,2025-10-21 19:09:53,add/drop,Phil Baldino,loss,player,Kendre Miller,RB,NO,,,,-72.08,00-0038551
2025,22442740,7,2025-10-21 11:22:39,add/drop,Pung & Tralie,gain,player,Evan Engram,TE,DEN,,,,-27.05,00-0033881
2025,22442740,7,2025-10-21 11:22:39,add/drop,Pung & Tralie,loss,player,Ricky Pearsall,WR,SF,,,,-54.86,00-0039916
2025,22442741,7,2025-10-21 08:21:25,add/drop,John Juliano,gain,player,Evan McPherson,K,CIN,,,,0,00-0036854
2025,22442741,7,2025-10-21 08:21:25,add/drop,John Juliano,loss,player,Chase McLaughlin,K,TB,,,,0,00-0035358
2025,22442742,7,2025-10-19 20:10:34,add/drop,Richie,gain,player,Luke McCaffrey,WR,WAS,,,,-74.85,00-0039355
2025,22442742,7,2025-10-19 20:10:34,add/drop,Richie,loss,player,Chris Moore,WR,WAS,,,,-68.51,00-0032398
2025,22442743,7,2025-10-19 19:43:21,add/drop,Richie,gain,player,Chris Moore,WR,WAS,,,,-68.51,00-0032398
2025,22442743,7,2025-10-19 19:43:21,add/drop,Richie,loss,player,Hassan Haskins,RB,LAC,,,,-70.01,00-0037617
2025,22442744,7,2025-10-19 12:56:35,add/drop,Nolan & Vinny,gain,player,Emanuel Wilson,RB,GB,,,,-25.3,00-0038797
2025,22442744,7,2025-10-19 12:56:35,add/drop,Nolan & Vinny,loss,player,Darnell Mooney,WR,ATL,,,,-37.97,00-0036309
2025,22442745,7,2025-10-19 09:45:54,add/drop,Richie,gain,player,Zach Ertz,TE,WAS,,,,-21.03,00-0030061
2025,22442745,7,2025-10-19 09:45:54,add/drop,Richie,loss,player,AJ Barner,TE,SEA,,,,-11.45,00-0039793
2025,22442746,7,2025-10-18 18:14:24,add/drop,Cambrias,gain,player,Jauan Jennings,WR,SF,,,,8.49,00-0036259
2025,22442746,7,2025-10-18 18:14:24,add/drop,Cambrias,loss,player,Rashid Shaheed,WR,NO,,,,-23.15,00-0037545
2025,22442747,7,2025-10-18 10:30:54,add/drop,Ronnie,gain,player,Elic Ayomanor,WR,TEN,,,,-39.59,espn-4883647
2025,22442747,7,2025-10-18 10:30:54,add/drop,Ronnie,loss,player,Jauan Jennings,WR,SF,,,,8.49,00-0036259
2025,22442748,7,2025-10-17 02:16:56,add/drop,Phil Baldino,gain,player,Miami Dolphins,DEF,MIA,,,,-0.65,DEF-0020
2025,22442748,7,2025-10-17 02:16:56,add/drop,Phil Baldino,loss,player,Buffalo Bills,DEF,BUF,,,,3.24,DEF-0004
2025,22442749,7,2025-10-16 23:19:53,add/drop,Ronnie,gain,player,Alec Pierce,WR,IND,,,,0.08,00-0037664
2025,22442749,7,2025-10-16 23:19:53,add/drop,Ronnie,loss,player,Darius Slayton,WR,NYG,,,,-37.71,00-0035535
2025,22442750,7,2025-10-16 12:12:21,add/drop,Antdell & Ernie,gain,player,Seattle Seahawks,DEF,SEA,,,,24.59,DEF-0029
2025,22442750,7,2025-10-16 12:12:21,add/drop,Antdell & Ernie,loss,player,Los Angeles Chargers,DEF,LAC,,,,-2.59,DEF-0018
2025,22442751,7,2025-10-15 21:49:53,add/drop,Phil Baldino,gain,player,Cade Otton,TE,TB,,,,-20.38,00-0038129
2025,22442751,7,2025-10-15 21:49:53,add/drop,Phil Baldino,loss,player,Jake Tonges,TE,SF,,,,-46.46,00-0037112
2025,22442752,7,2025-10-15 21:46:57,add/drop,Phil Baldino,gain,player,Wil Lutz,K,DEN,,,,0,00-0032569
2025,22442752,7,2025-10-15 21:46:57,add/drop,Phil Baldino,loss,player,Matt Prater,K,BUF,,,,0,00-0023853
2025,22442753,7,2025-10-15 11:47:59,add/drop,Ronnie,gain,player,Josh Downs,WR,IND,,,,-29.75,00-0038997
2025,22442753,7,2025-10-15 11:47:59,add/drop,Ronnie,loss,player,Tyquan Thornton,WR,KC,,,,-63.72,00-0038104
2025,22442754,7,2025-10-15 10:24:35,add,Antdell & Ernie,gain,player,Los Angeles Chargers,DEF,LAC,,,,-2.59,DEF-0018
2025,22442755,7,2025-10-15 10:16:57,add,Antdell & Ernie,gain,player,Aaron Jones,RB,MIN,,,,-7.38,00-0033293
2025,22442710,6,2025-10-15 06:02:07,add/drop,John Juliano,gain,player,Jalen Coker,WR,CAR,,,,-39.23,00-0039491
2025,22442710,6,2025-10-15 06:02:07,add/drop,John Juliano,loss,player,David Njoku,TE,CLE,,,,-47.58,00-0033885
2025,22442711,6,2025-10-15 00:24:49,add/drop,Phil Baldino,gain,player,Kenneth Gainwell,RB,PIT,,,,24,00-0036919
2025,22442711,6,2025-10-15 00:24:49,add/drop,Phil Baldino,loss,player,Michael Carter,RB,ARI,,,,-27.74,00-0036924
2025,22442712,6,2025-10-14 19:04:57,add/drop,Chris & Dom,gain,player,Kendrick Bourne,WR,NE,,,,-55.12,00-0033307
2025,22442712,6,2025-10-14 19:04:57,add/drop,Chris & Dom,loss,player,Seattle Seahawks,DEF,SEA,,,,30.35,DEF-0029
2025,22442713,6,2025-10-14 16:46:42,add/drop,Pung & Tralie,gain,player,Chicago Bears,DEF,CHI,,,,2.12,DEF-0006
2025,22442713,6,2025-10-14 16:46:42,add/drop,Pung & Tralie,loss,player,Arizona Cardinals,DEF,ARI,,,,-24,DEF-0001
2025,22442714,6,2025-10-14 14:31:55,drop,Pung & Tralie,loss,player,Emari Demercado,RB,ARI,,,,-54.78,00-0038705
2025,22442715,6,2025-10-14 14:31:11,drop,Pung & Tralie,loss,player,Joe Burrow,QB,CIN,,,,-51.49,00-0036442
2025,22442716,6,2025-10-14 14:24:27,trade,Pung & Tralie,gain,player,J.K. Dobbins,RB,DEN,,,,-49.13,00-0036158
2025,22442716,6,2025-10-14 14:24:27,trade,Pung & Tralie,gain,player,DeVonta Smith,WR,PHI,,,,4.32,00-0036912
2025,22442716,6,2025-10-14 14:24:27,trade,Pung & Tralie,gain,player,Travis Etienne,RB,JAX,,,,42.85,00-0036973
2025,22442716,6,2025-10-14 14:24:27,trade,Pung & Tralie,gain,player,Jameson Williams,WR,DET,,,,26.7,00-0037240
2025,22442716,6,2025-10-14 14:24:27,trade,Pung & Tralie,loss,player,Rome Odunze,WR,CHI,,,,-44.32,00-0039919
2025,22442716,6,2025-10-14 14:24:27,trade,Pung & Tralie,loss,player,Breece Hall,RB,NYJ,,,,20.87,00-0038120
2025,22442927,6,2025-10-14 14:24:27,trade,Antdell & Ernie,loss,player,J.K. Dobbins,RB,DEN,,,,-49.13,00-0036158
2025,22442927,6,2025-10-14 14:24:27,trade,Antdell & Ernie,loss,player,DeVonta Smith,WR,PHI,,,,4.32,00-0036912
2025,22442927,6,2025-10-14 14:24:27,trade,Antdell & Ernie,loss,player,Travis Etienne,RB,JAX,,,,42.85,00-0036973
2025,22442927,6,2025-10-14 14:24:27,trade,Antdell & Ernie,loss,player,Jameson Williams,WR,DET,,,,26.7,00-0037240
2025,22442927,6,2025-10-14 14:24:27,trade,Antdell & Ernie,gain,player,Rome Odunze,WR,CHI,,,,-44.32,00-0039919
2025,22442927,6,2025-10-14 14:24:27,trade,Antdell & Ernie,gain,player,Breece Hall,RB,NYJ,,,,20.87,00-0038120
2025,22442717,6,2025-10-14 14:12:13,add/drop,John Juliano,gain,player,Aaron Rodgers,QB,PIT,,,,-15.26,00-0023459
2025,22442717,6,2025-10-14 14:12:13,add/drop,John Juliano,loss,player,Christian Watson,WR,GB,,,,2.2,00-0038124
2025,22442718,6,2025-10-14 07:52:20,add/drop,Cambrias,gain,player,Ka'imi Fairbairn,K,HOU,,,,0,00-0032726
2025,22442718,6,2025-10-14 07:52:20,add/drop,Cambrias,loss,player,Tyler Loop,K,BAL,,,,0,espn-4697745
2025,22442719,6,2025-10-14 00:29:33,commissioner,Pung & Tralie,gain,player,Rome Odunze,WR,CHI,,,,-44.32,00-0039919
2025,22442719,6,2025-10-14 00:29:33,commissioner,Pung & Tralie,gain,player,Breece Hall,RB,NYJ,,,,20.87,00-0038120
2025,22442719,6,2025-10-14 00:29:33,commissioner,Pung & Tralie,loss,player,J.K. Dobbins,RB,DEN,,,,-49.13,00-0036158
2025,22442719,6,2025-10-14 00:29:33,commissioner,Pung & Tralie,loss,player,DeVonta Smith,WR,PHI,,,,4.32,00-0036912
2025,22442719,6,2025-10-14 00:29:33,commissioner,Pung & Tralie,loss,player,Travis Etienne,RB,JAX,,,,42.85,00-0036973
2025,22442719,6,2025-10-14 00:29:33,commissioner,Pung & Tralie,loss,player,Jameson Williams,WR,DET,,,,26.7,00-0037240
2025,22442720,6,2025-10-13 21:11:31,trade,Pung & Tralie,gain,player,J.K. Dobbins,RB,DEN,,,,-49.13,00-0036158
2025,22442720,6,2025-10-13 21:11:31,trade,Pung & Tralie,gain,player,DeVonta Smith,WR,PHI,,,,4.32,00-0036912
2025,22442720,6,2025-10-13 21:11:31,trade,Pung & Tralie,gain,player,Travis Etienne,RB,JAX,,,,42.85,00-0036973
2025,22442720,6,2025-10-13 21:11:31,trade,Pung & Tralie,gain,player,Jameson Williams,WR,DET,,,,26.7,00-0037240
2025,22442720,6,2025-10-13 21:11:31,trade,Pung & Tralie,loss,player,Rome Odunze,WR,CHI,,,,-44.32,00-0039919
2025,22442720,6,2025-10-13 21:11:31,trade,Pung & Tralie,loss,player,Breece Hall,RB,NYJ,,,,20.87,00-0038120
2025,22442928,6,2025-10-13 21:11:31,trade,Antdell & Ernie,loss,player,J.K. Dobbins,RB,DEN,,,,-49.13,00-0036158
2025,22442928,6,2025-10-13 21:11:31,trade,Antdell & Ernie,loss,player,DeVonta Smith,WR,PHI,,,,4.32,00-0036912
2025,22442928,6,2025-10-13 21:11:31,trade,Antdell & Ernie,loss,player,Travis Etienne,RB,JAX,,,,42.85,00-0036973
2025,22442928,6,2025-10-13 21:11:31,trade,Antdell & Ernie,loss,player,Jameson Williams,WR,DET,,,,26.7,00-0037240
2025,22442928,6,2025-10-13 21:11:31,trade,Antdell & Ernie,gain,player,Rome Odunze,WR,CHI,,,,-44.32,00-0039919
2025,22442928,6,2025-10-13 21:11:31,trade,Antdell & Ernie,gain,player,Breece Hall,RB,NYJ,,,,20.87,00-0038120
2025,22442721,6,2025-10-12 19:30:45,add/drop,Frank & Julian,gain,player,Eddy Pineiro,K,CAR,,,,0,00-0034173
2025,22442721,6,2025-10-12 19:30:45,add/drop,Frank & Julian,loss,player,Brandon McManus,K,GB,,,,0,00-0029822
2025,22442722,6,2025-10-12 09:38:21,trade,John Juliano,gain,player,Tee Higgins,WR,CIN,,,,16.11,00-0036410
2025,22442722,6,2025-10-12 09:38:21,trade,John Juliano,loss,player,Travis Etienne,RB,JAX,,,,42.85,00-0036973
2025,22442929,6,2025-10-12 09:38:21,trade,Antdell & Ernie,loss,player,Tee Higgins,WR,CIN,,,,16.11,00-0036410
2025,22442929,6,2025-10-12 09:38:21,trade,Antdell & Ernie,gain,player,Travis Etienne,RB,JAX,,,,42.85,00-0036973
2025,22442723,6,2025-10-11 01:09:37,add/drop,Nolan & Vinny,gain,player,Kimani Vidal,RB,LAC,,,,0,00-0039391
2025,22442723,6,2025-10-11 01:09:37,add/drop,Nolan & Vinny,loss,player,Zach Ertz,TE,WAS,,,,-17.44,00-0030061
2025,22442724,6,2025-10-10 21:25:11,add/drop,Phil Baldino,gain,player,Jake Tonges,TE,SF,,,,-48.35,00-0037112
2025,22442724,6,2025-10-10 21:25:11,add/drop,Phil Baldino,loss,player,Calvin Ridley,WR,TEN,,,,-87.66,00-0034837
2025,22442725,6,2025-10-09 22:39:58,add/drop,John Juliano,gain,player,Christian Watson,WR,GB,,,,2.2,00-0038124
2025,22442725,6,2025-10-09 22:39:58,add/drop,John Juliano,loss,player,Kendrick Bourne,WR,NE,,,,-55.12,00-0033307
2025,22442726,6,2025-10-09 15:38:07,add,Richie,gain,player,Justin Fields,QB,NYJ,,,,-80.68,00-0036945
2025,22442727,6,2025-10-09 12:56:18,drop,Cambrias,loss,player,Kyler Murray,QB,ARI,,,,-120.28,00-0035228
2025,22442728,6,2025-10-09 10:44:40,trade,Richie,gain,player,Jacory Croskey-Merritt,RB,WAS,,,,-25.62,espn-4575131
2025,22442728,6,2025-10-09 10:44:40,trade,Richie,loss,player,Ollie Gordon,RB,MIA,,,,-79.76,espn-4711533
2025,22442728,6,2025-10-09 10:44:40,trade,Richie,loss,player,Keenan Allen,WR,LAC,,,,-23.35,00-0030279
2025,22442930,6,2025-10-09 10:44:40,trade,Cambrias,loss,player,Jacory Croskey-Merritt,RB,WAS,,,,-25.62,espn-4575131
2025,22442930,6,2025-10-09 10:44:40,trade,Cambrias,gain,player,Ollie Gordon,RB,MIA,,,,-79.76,espn-4711533
2025,22442930,6,2025-10-09 10:44:40,trade,Cambrias,gain,player,Keenan Allen,WR,LAC,,,,-23.35,00-0030279
2025,22442729,6,2025-10-09 01:08:47,add/drop,Antdell & Ernie,gain,player,Matt Gay,K,WAS,,,,0,00-0035269
2025,22442729,6,2025-10-09 01:08:47,add/drop,Antdell & Ernie,loss,player,Joey Slye,K,TEN,,,,0,00-0035192
2025,22442730,6,2025-10-08 16:10:46,add/drop,Phil Baldino,gain,player,Justin Herbert,QB,LAC,,,,19.78,00-0036355
2025,22442730,6,2025-10-08 16:10:46,add/drop,Phil Baldino,loss,player,Justin Fields,QB,NYJ,,,,-80.68,00-0036945
2025,22442731,6,2025-10-08 10:45:15,add/drop,Antdell & Ernie,gain,player,Joey Slye,K,TEN,,,,0,00-0035192
2025,22442731,6,2025-10-08 10:45:15,add/drop,Antdell & Ernie,loss,player,Will Reichard,K,MIN,,,,0,00-0039404
2025,22442690,5,2025-10-08 01:56:23,add/drop,Richie,gain,player,Matthew Stafford,QB,LAR,,,,41.63,00-0026498
2025,22442690,5,2025-10-08 01:56:23,add/drop,Richie,loss,player,Justin Herbert,QB,LAC,,,,12.19,00-0036355
2025,22442691,5,2025-10-08 01:52:09,add/drop,Richie,gain,player,AJ Barner,TE,SEA,,,,-0,00-0039793
2025,22442691,5,2025-10-08 01:52:09,add/drop,Richie,loss,player,Brenton Strange,TE,JAX,,,,-40.38,00-0038935
2025,22442692,5,2025-10-07 22:11:52,add/drop,Frank & Julian,gain,player,Brandon McManus,K,GB,,,,0,00-0029822
2025,22442692,5,2025-10-07 22:11:52,add/drop,Frank & Julian,loss,player,Spencer Shrader,K,IND,,,,0,espn-4571557
2025,22442693,5,2025-10-07 09:59:42,add/drop,Richie,gain,player,Hassan Haskins,RB,LAC,,,,-85.65,00-0037617
2025,22442693,5,2025-10-07 09:59:42,add/drop,Richie,loss,player,Minnesota Vikings,DEF,MIN,,,,-0.76,DEF-0021
2025,22442694,5,2025-10-07 02:31:34,add/drop,Cambrias,gain,player,Mason Taylor,TE,NYJ,,,,-37.7,espn-4808766
2025,22442694,5,2025-10-07 02:31:34,add/drop,Cambrias,loss,player,Troy Franklin,WR,DEN,,,,-2.68,00-0039868
2025,22442695,5,2025-10-05 15:37:50,add/drop,John Juliano,gain,player,David Njoku,TE,CLE,,,,-43.51,00-0033885
2025,22442695,5,2025-10-05 15:37:50,add/drop,John Juliano,loss,player,Juwan Johnson,TE,NO,,,,6.12,00-0036040
2025,22442696,5,2025-10-05 06:48:58,add/drop,Rob & GregBo,gain,player,Dallas Cowboys,DEF,DAL,,,,-22.94,DEF-0009
2025,22442696,5,2025-10-05 06:48:58,add/drop,Rob & GregBo,loss,player,Josh Downs,WR,IND,,,,-25.39,00-0038997
2025,22442697,5,2025-10-03 22:35:30,add/drop,Mike Long,gain,player,Marquise Brown,WR,KC,,,,-43.21,00-0035662
2025,22442697,5,2025-10-03 22:35:30,add/drop,Mike Long,loss,player,DeAndre Hopkins,WR,BAL,,,,-74.25,00-0030564
2025,22442698,5,2025-10-03 01:35:34,add/drop,Phil Baldino,gain,player,Buffalo Bills,DEF,BUF,,,,3.82,DEF-0004
2025,22442698,5,2025-10-03 01:35:34,add/drop,Phil Baldino,loss,player,Baltimore Ravens,DEF,BAL,,,,4.59,DEF-0003
2025,22442699,5,2025-10-02 20:22:53,add/drop,Chris & Dom,gain,player,Seattle Seahawks,DEF,SEA,,,,27.53,DEF-0029
2025,22442699,5,2025-10-02 20:22:53,add/drop,Chris & Dom,loss,player,Elic Ayomanor,WR,TEN,,,,-50.85,espn-4883647
2025,22442700,5,2025-10-02 19:40:06,add/drop,Chris & Dom,gain,player,Rico Dowdle,RB,CAR,,,,53.76,00-0036139
2025,22442700,5,2025-10-02 19:40:06,add/drop,Chris & Dom,loss,player,Joe Mixon,RB,HOU,,,,-93.06,00-0033897
2025,22442701,5,2025-10-02 05:24:43,add,Phil Baldino,gain,player,Michael Carter,RB,ARI,,,,-22.71,00-0036924
2025,22442702,5,2025-10-02 00:48:49,add/drop,Nolan & Vinny,gain,player,Los Angeles Rams,DEF,LAR,,,,8.41,DEF-0019
2025,22442702,5,2025-10-02 00:48:49,add/drop,Nolan & Vinny,loss,player,Buffalo Bills,DEF,BUF,,,,3.82,DEF-0004
2025,22442703,5,2025-10-01 23:28:42,add/drop,John Juliano,gain,player,Kendrick Bourne,WR,NE,,,,-46.26,00-0033307
2025,22442703,5,2025-10-01 23:28:42,add/drop,John Juliano,loss,player,T.J. Hockenson,TE,MIN,,,,-26.08,00-0035229
2025,22442704,5,2025-10-01 23:21:45,add/drop,Pung & Tralie,gain,player,Emari Demercado,RB,ARI,,,,-61.33,00-0038705
2025,22442704,5,2025-10-01 23:21:45,add/drop,Pung & Tralie,loss,player,Rico Dowdle,RB,CAR,,,,53.76,00-0036139
2025,22442705,5,2025-10-01 21:20:41,add/drop,Mike Long,gain,player,Dallas Goedert,TE,PHI,,,,20.88,00-0034351
2025,22442705,5,2025-10-01 21:20:41,add/drop,Mike Long,loss,player,Adam Thielen,WR,MIN,,,,-86.64,00-0030035
2025,22442706,5,2025-10-01 21:01:54,drop,Phil Baldino,loss,player,Malik Nabers,WR,NYG,,,,-103.92,00-0039337
2025,22442707,5,2025-10-01 19:25:40,add/drop,Richie,gain,player,New England Patriots,DEF,NE,,,,0,DEF-0022
2025,22442707,5,2025-10-01 19:25:40,add/drop,Richie,loss,player,Kayshon Boutte,WR,NE,,,,-37.24,00-0038608
2025,22442708,5,2025-10-01 16:18:47,add/drop,Antdell & Ernie,gain,player,Cleveland Browns,DEF,CLE,,,,9.94,DEF-0008
2025,22442708,5,2025-10-01 16:18:47,add/drop,Antdell & Ernie,loss,player,Houston Texans,DEF,HOU,,,,29.06,DEF-0013
2025,22442709,5,2025-10-01 08:27:21,add/drop,Phil Baldino,gain,player,Kendre Miller,RB,NO,,,,-84.81,00-0038551
2025,22442709,5,2025-10-01 08:27:21,add/drop,Phil Baldino,loss,player,New England Patriots,DEF,NE,,,,0,DEF-0022
2025,22442670,4,2025-10-01 05:51:10,add/drop,John Juliano,gain,player,Darren Waller,TE,MIA,,,,-32.86,00-0031610
2025,22442670,4,2025-10-01 05:51:10,add/drop,John Juliano,loss,player,Tre Tucker,WR,LV,,,,-43.24,00-0038563
2025,22442671,4,2025-10-01 02:57:48,add/drop,Frank & Julian,gain,player,Tyjae Spears,RB,TEN,,,,-25.04,00-0039032
2025,22442671,4,2025-10-01 02:57:48,add/drop,Frank & Julian,loss,player,Geno Smith,QB,LV,,,,-69.56,00-0030565
2025,22442672,4,2025-10-01 00:54:03,add,Cambrias,gain,player,Stefon Diggs,WR,NE,,,,24.05,00-0031588
2025,22442673,4,2025-09-30 20:25:59,add/drop,Ronnie,gain,player,Darius Slayton,WR,NYG,,,,-62.01,00-0035535
2025,22442673,4,2025-09-30 20:25:59,add/drop,Ronnie,loss,player,Keon Coleman,WR,BUF,,,,-75.68,00-0039901
2025,22442674,4,2025-09-30 19:21:44,add/drop,Phil Baldino,gain,player,Justin Fields,QB,NYJ,,,,-84.38,00-0036945
2025,22442674,4,2025-09-30 19:21:44,add/drop,Phil Baldino,loss,player,David Njoku,TE,CLE,,,,-54.35,00-0033885
2025,22442675,4,2025-09-30 18:35:24,trade,Phil Baldino,gain,player,Brian Thomas Jr.,WR,JAX,,,,-36.32,00-0039893
2025,22442675,4,2025-09-30 18:35:24,trade,Phil Baldino,loss,player,Javonte Williams,RB,DAL,,,,43.48,00-0036997
2025,22442926,4,2025-09-30 18:35:24,trade,Ronnie,loss,player,Brian Thomas Jr.,WR,JAX,,,,-36.32,00-0039893
2025,22442926,4,2025-09-30 18:35:24,trade,Ronnie,gain,player,Javonte Williams,RB,DAL,,,,43.48,00-0036997
2025,22442676,4,2025-09-30 12:53:44,add,Cambrias,gain,player,Troy Franklin,WR,DEN,,,,-6.34,00-0039868
2025,22442677,4,2025-09-30 12:48:09,drop,Cambrias,loss,player,Tyreek Hill,WR,MIA,,,,-112.74,00-0033040
2025,22442678,4,2025-09-30 12:42:55,drop,Cambrias,loss,player,Tory Horton,WR,SEA,,,,-93.8,espn-4597703
2025,22442679,4,2025-09-30 10:26:27,add/drop,Pung & Tralie,gain,player,Arizona Cardinals,DEF,ARI,,,,-26.35,DEF-0001
2025,22442679,4,2025-09-30 10:26:27,add/drop,Pung & Tralie,loss,player,Los Angeles Chargers,DEF,LAC,,,,-2.47,DEF-0018
2025,22442680,4,2025-09-29 23:02:32,add/drop,John Juliano,gain,player,Chase McLaughlin,K,TB,,,,0,00-0035358
2025,22442680,4,2025-09-29 23:02:32,add/drop,John Juliano,loss,player,Chris Boswell,K,PIT,,,,0,00-0031136
2025,22442681,4,2025-09-27 14:14:07,add/drop,Frank & Julian,gain,player,Geno Smith,QB,LV,,,,-69.56,00-0030565
2025,22442681,4,2025-09-27 14:14:07,add/drop,Frank & Julian,loss,player,Stefon Diggs,WR,NE,,,,24.05,00-0031588
2025,22442682,4,2025-09-26 03:20:49,add/drop,Pung & Tralie,gain,player,Rico Dowdle,RB,CAR,,,,52.38,00-0036139
2025,22442682,4,2025-09-26 03:20:49,add/drop,Pung & Tralie,loss,player,Dylan Sampson,RB,CLE,,,,-65.55,espn-5081397
2025,22442683,4,2025-09-26 02:14:47,add/drop,Nolan & Vinny,gain,player,Darnell Mooney,WR,ATL,,,,-69.75,00-0036309
2025,22442683,4,2025-09-26 02:14:47,add/drop,Nolan & Vinny,loss,player,Isaac TeSlaa,WR,DET,,,,-73.05,espn-5123663
2025,22442684,4,2025-09-25 03:02:25,add/drop,Pung & Tralie,gain,player,Woody Marks,RB,HOU,,,,-4.2,espn-4429059
2025,22442684,4,2025-09-25 03:02:25,add/drop,Pung & Tralie,loss,player,Marquise Brown,WR,KC,,,,-47.27,00-0035662
2025,22442685,4,2025-09-25 02:03:43,add/drop,Cambrias,gain,player,Tory Horton,WR,SEA,,,,-93.8,espn-4597703
2025,22442685,4,2025-09-25 02:03:43,add/drop,Cambrias,loss,player,James Conner,RB,ARI,,,,-109.04,00-0033553
2025,22442686,4,2025-09-24 18:15:19,add,Nolan & Vinny,gain,player,Zach Ertz,TE,WAS,,,,-32.12,00-0030061
2025,22442687,4,2025-09-24 16:37:54,add/drop,Phil Baldino,gain,player,New England Patriots,DEF,NE,,,,4.12,DEF-0022
2025,22442687,4,2025-09-24 16:37:54,add/drop,Phil Baldino,loss,player,Tampa Bay Buccaneers,DEF,TB,,,,-13.18,DEF-0030
2025,22442688,4,2025-09-24 14:22:24,add/drop,Cambrias,gain,player,Rashid Shaheed,WR,NO,,,,-22.15,00-0037545
2025,22442688,4,2025-09-24 14:22:24,add/drop,Cambrias,loss,player,Seattle Seahawks,DEF,SEA,,,,33.76,DEF-0029
2025,22442689,4,2025-09-24 11:46:36,add/drop,John Juliano,gain,player,Tre Tucker,WR,LV,,,,-43.24,00-0038563
2025,22442689,4,2025-09-24 11:46:36,add/drop,John Juliano,loss,player,Cooper Kupp,WR,SEA,,,,-51.72,00-0033908
2025,22442657,3,2025-09-24 04:27:14,add/drop,Pung & Tralie,gain,player,Los Angeles Chargers,DEF,LAC,,,,-6.18,DEF-0018
2025,22442657,3,2025-09-24 04:27:14,add/drop,Pung & Tralie,loss,player,San Francisco 49ers,DEF,SF,,,,-32.65,DEF-0028
2025,22442658,3,2025-09-24 00:24:03,add/drop,Frank & Julian,gain,player,Hunter Henry,TE,NE,,,,16.68,00-0033090
2025,22442658,3,2025-09-24 00:24:03,add/drop,Frank & Julian,loss,player,Aaron Rodgers,QB,PIT,,,,-37.92,00-0023459
2025,22442659,3,2025-09-24 00:21:54,add/drop,Richie,gain,player,Ollie Gordon,RB,MIA,,,,-132.71,espn-4711533
2025,22442659,3,2025-09-24 00:21:54,add/drop,Richie,loss,player,Kaleb Johnson,RB,PIT,,,,-124.85,espn-4819231
2025,22442660,3,2025-09-24 00:15:41,add/drop,Mike Long,gain,player,Sterling Shepard,WR,TB,,,,-79.15,00-0032385
2025,22442660,3,2025-09-24 00:15:41,add/drop,Mike Long,loss,player,Xavier Legette,WR,CAR,,,,-68.91,00-0039342
2025,22442661,3,2025-09-23 02:02:53,add/drop,Ronnie,gain,player,Mark Andrews,TE,BAL,,,,-10.68,00-0034753
2025,22442661,3,2025-09-23 02:02:53,add/drop,Ronnie,loss,player,Zach Ertz,TE,WAS,,,,-35.65,00-0030061
2025,22442662,3,2025-09-23 01:09:53,add/drop,Ronnie,gain,player,Tyquan Thornton,WR,KC,,,,-85.24,00-0038104
2025,22442662,3,2025-09-23 01:09:53,add/drop,Ronnie,loss,player,Troy Franklin,WR,DEN,,,,-11.21,00-0039868
2025,22442663,3,2025-09-23 00:52:23,trade,Nolan & Vinny,gain,player,Michael Pittman,WR,IND,,,,12.26,00-0036252
2025,22442663,3,2025-09-23 00:52:23,trade,Nolan & Vinny,gain,player,Kenneth Walker III,RB,SEA,,,,0,00-0038134
2025,22442663,3,2025-09-23 00:52:23,trade,Nolan & Vinny,loss,player,Brock Bowers,TE,LV,,,,13.5,00-0039338
2025,22442663,3,2025-09-23 00:52:23,trade,Nolan & Vinny,loss,player,Jakobi Meyers,WR,LV,,,,-18.97,00-0034960
2025,22442925,3,2025-09-23 00:52:23,trade,Phil Baldino,loss,player,Michael Pittman,WR,IND,,,,12.26,00-0036252
2025,22442925,3,2025-09-23 00:52:23,trade,Phil Baldino,loss,player,Kenneth Walker III,RB,SEA,,,,0,00-0038134
2025,22442925,3,2025-09-23 00:52:23,trade,Phil Baldino,gain,player,Brock Bowers,TE,LV,,,,13.5,00-0039338
2025,22442925,3,2025-09-23 00:52:23,trade,Phil Baldino,gain,player,Jakobi Meyers,WR,LV,,,,-18.97,00-0034960
2025,22442664,3,2025-09-21 23:22:01,add/drop,John Juliano,gain,player,Indianapolis Colts,DEF,IND,,,,-7.94,DEF-0014
2025,22442664,3,2025-09-21 23:22:01,add/drop,John Juliano,loss,player,New England Patriots,DEF,NE,,,,0,DEF-0022
2025,22442665,3,2025-09-21 14:30:46,add/drop,Frank & Julian,gain,player,Aaron Rodgers,QB,PIT,,,,-37.92,00-0023459
2025,22442665,3,2025-09-21 14:30:46,add/drop,Frank & Julian,loss,player,Cedric Tillman,WR,CLE,,,,-112.15,00-0038979
2025,22442666,3,2025-09-18 16:21:24,add/drop,John Juliano,gain,player,Kareem Hunt,RB,KC,,,,-18.09,00-0033923
2025,22442666,3,2025-09-18 16:21:24,add/drop,John Juliano,loss,player,Jaydon Blue,RB,DAL,,,,-125.65,espn-4685279
2025,22442667,3,2025-09-18 08:59:40,add/drop,Phil Baldino,gain,player,Tampa Bay Buccaneers,DEF,TB,,,,-7.94,DEF-0030
2025,22442667,3,2025-09-18 08:59:40,add/drop,Phil Baldino,loss,player,Brock Purdy,QB,SF,,,,-53.65,00-0037834
2025,22442668,3,2025-09-17 21:51:32,add/drop,Frank & Julian,gain,player,Spencer Shrader,K,IND,,,,0,espn-4571557
2025,22442668,3,2025-09-17 21:51:32,add/drop,Frank & Julian,loss,player,Chase McLaughlin,K,TB,,,,0,00-0035358
2025,22442669,3,2025-09-17 21:49:52,add/drop,Frank & Julian,gain,player,Romeo Doubs,WR,GB,,,,-11.12,00-0037816
2025,22442669,3,2025-09-17 21:49:52,add/drop,Frank & Julian,loss,player,Evan Engram,TE,DEN,,,,-43.06,00-0033881
2025,22442638,2,2025-09-17 00:09:10,add/drop,Nolan & Vinny,gain,player,Wan'Dale Robinson,WR,NYG,,,,35.48,00-0038117
2025,22442638,2,2025-09-17 00:09:10,add/drop,Nolan & Vinny,loss,player,Justin Fields,QB,NYJ,,,,-101.7,00-0036945
2025,22442639,2,2025-09-17 00:08:31,add,Pung & Tralie,gain,player,Daniel Jones,QB,IND,,,,-22.81,00-0035710
2025,22442640,2,2025-09-17 00:04:49,drop,Pung & Tralie,loss,player,Aaron Jones,RB,MIN,,,,-46.23,00-0033293
2025,22442641,2,2025-09-16 11:25:09,add/drop,Ronnie,gain,player,Jauan Jennings,WR,SF,,,,-6.12,00-0036259
2025,22442641,2,2025-09-16 11:25:09,add/drop,Ronnie,loss,player,Ray Davis,RB,BUF,,,,-107.78,00-0039875
2025,22442642,2,2025-09-16 11:24:06,add/drop,Ronnie,gain,player,Zach Ertz,TE,WAS,,,,-24.75,00-0030061
2025,22442642,2,2025-09-16 11:24:06,add/drop,Ronnie,loss,player,Mark Andrews,TE,BAL,,,,-14.12,00-0034753
2025,22442643,2,2025-09-16 11:19:12,add/drop,Ronnie,gain,player,Troy Franklin,WR,DEN,,,,-0,00-0039868
2025,22442643,2,2025-09-16 11:19:12,add/drop,Ronnie,loss,player,Ollie Gordon,RB,MIA,,,,-143.17,espn-4711533
2025,22442644,2,2025-09-16 10:10:41,drop,Nolan & Vinny,loss,player,Austin Ekeler,RB,WAS,,,,-139.03,00-0033699
2025,22442645,2,2025-09-16 02:49:00,add/drop,Cambrias,gain,player,Seattle Seahawks,DEF,SEA,,,,52.71,DEF-0029
2025,22442645,2,2025-09-16 02:49:00,add/drop,Cambrias,loss,player,Los Angeles Rams,DEF,LAR,,,,10.35,DEF-0019
2025,22442646,2,2025-09-16 02:45:45,add/drop,Cambrias,gain,player,Jordan Love,QB,GB,,,,-1.86,00-0036264
2025,22442646,2,2025-09-16 02:45:45,add/drop,Cambrias,loss,player,Jayden Reed,WR,GB,,,,-125.84,00-0039146
2025,22442647,2,2025-09-16 01:18:27,add/drop,Mike Long,gain,player,Rachaad White,RB,TB,,,,-16.77,00-0037256
2025,22442647,2,2025-09-16 01:18:27,add/drop,Mike Long,loss,player,Tank Bigsby,RB,JAX,,,,-110.23,00-0038555
2025,22442648,2,2025-09-15 13:49:38,add/drop,Cambrias,gain,player,Tyler Loop,K,BAL,,,,0,espn-4697745
2025,22442648,2,2025-09-15 13:49:38,add/drop,Cambrias,loss,player,Evan McPherson,K,CIN,,,,0,00-0036854
2025,22442649,2,2025-09-13 21:13:04,add,Phil Baldino,gain,player,Matt Prater,K,BUF,,,,0,00-0023853
2025,22442650,2,2025-09-13 21:12:56,drop,Phil Baldino,loss,player,Younghoe Koo,K,ATL,,,,0,00-0033702
2025,22442651,2,2025-09-12 19:58:09,add/drop,Richie,gain,player,Brenton Strange,TE,JAX,,,,-47.25,00-0038935
2025,22442651,2,2025-09-12 19:58:09,add/drop,Richie,loss,player,Dallas Goedert,TE,PHI,,,,30.68,00-0034351
2025,22442652,2,2025-09-12 17:46:48,add/drop,Cambrias,gain,player,Los Angeles Rams,DEF,LAR,,,,10.35,DEF-0019
2025,22442652,2,2025-09-12 17:46:48,add/drop,Cambrias,loss,player,Dont'e Thornton,WR,LV,,,,-158.78,espn-4432775
2025,22442653,2,2025-09-10 13:59:22,add/drop,Pung & Tralie,gain,player,Marquise Brown,WR,KC,,,,-56.75,00-0035662
2025,22442653,2,2025-09-10 13:59:22,add/drop,Pung & Tralie,loss,player,Jayden Higgins,WR,HOU,,,,-51.48,espn-4877706
2025,22442654,2,2025-09-10 13:30:28,add/drop,Nolan & Vinny,gain,player,Justin Fields,QB,NYJ,,,,-101.7,00-0036945
2025,22442654,2,2025-09-10 13:30:28,add/drop,Nolan & Vinny,loss,player,Rashid Shaheed,WR,NO,,,,-21.27,00-0037545
2025,22442655,2,2025-09-10 11:42:31,add/drop,Cambrias,gain,player,Dont'e Thornton,WR,LV,,,,-158.78,espn-4432775
2025,22442655,2,2025-09-10 11:42:31,add/drop,Cambrias,loss,player,Marvin Mims,WR,DEN,,,,-76.14,00-0038976
2025,22442656,2,2025-09-10 07:38:23,add/drop,Chris & Dom,gain,player,Quentin Johnston,WR,LAC,,,,-21.08,00-0038544
2025,22442656,2,2025-09-10 07:38:23,add/drop,Chris & Dom,loss,player,Jerome Ford,RB,CLE,,,,-103.55,00-0037267
2025,22442633,1,2025-09-10 02:31:52,add/drop,Frank & Julian,gain,player,Cedric Tillman,WR,CLE,,,,-127.4,00-0038979
2025,22442633,1,2025-09-10 02:31:52,add/drop,Frank & Julian,loss,player,Najee Harris,RB,LAC,,,,-151.1,00-0036893
2025,22442634,1,2025-09-10 02:31:06,add/drop,Frank & Julian,gain,player,Harold Fannin,TE,CLE,,,,-143.9,espn-5083076
2025,22442634,1,2025-09-10 02:31:06,add/drop,Frank & Julian,loss,player,Colston Loveland,TE,CHI,,,,-3.9,espn-4723086
2025,22442635,1,2025-09-10 01:49:48,add/drop,John Juliano,gain,player,Juwan Johnson,TE,NO,,,,28.9,00-0036040
2025,22442635,1,2025-09-10 01:49:48,add/drop,John Juliano,loss,player,Braelon Allen,RB,NYJ,,,,-147.4,00-0039794
2025,22442636,1,2025-09-10 01:39:59,add/drop,Richie,gain,player,Kayshon Boutte,WR,NE,,,,-64.4,00-0038608
2025,22442636,1,2025-09-10 01:39:59,add/drop,Richie,loss,player,Jauan Jennings,WR,SF,,,,-18.3,00-0036259
2025,22442637,1,2025-09-04 01:22:14,add/drop,Ronnie,gain,player,Daniel Carlson,K,LV,,,,0,00-0034161
2025,22442637,1,2025-09-04 01:22:14,add/drop,Ronnie,loss,player,Kyle Williams,WR,NE,,,,-135.4,espn-4613202
2024,8576095,17,2024-12-26 03:56:05,add/drop,Phil Baldino,gain,player,Zach Charbonnet,RB,SEA,,,,0.08,00-0039165
2024,8576095,17,2024-12-26 03:56:05,add/drop,Phil Baldino,loss,player,T.J. Hockenson,TE,MIN,,,,0,00-0035229
2024,8576096,17,2024-12-25 08:35:30,add/drop,Phil Baldino,gain,player,Seattle Seahawks,DEF,SEA,,,,0.41,DEF-0029
2024,8576096,17,2024-12-25 08:35:30,add/drop,Phil Baldino,loss,player,Michael Pittman,WR,IND,,,,0.49,00-0036252
2024,8576097,17,2024-12-25 08:35:30,add/drop,Phil Baldino,gain,player,Tyjae Spears,RB,TEN,,,,0.24,00-0039032
2024,8576097,17,2024-12-25 08:35:30,add/drop,Phil Baldino,loss,player,Jaylen Warren,RB,PIT,,,,0.41,00-0037228
2024,8576118,17,2024-12-25 08:35:30,add/drop,John Juliano,gain,player,Anthony Richardson,QB,IND,,,,-1.29,00-0039164
2024,8576118,17,2024-12-25 08:35:30,add/drop,John Juliano,loss,player,Patrick Taylor,RB,SF,,,,-0.55,00-0035973
2024,8576119,17,2024-12-25 08:35:30,add/drop,John Juliano,gain,player,Marquise Brown,WR,KC,,,,-0.53,00-0035662
2024,8576119,17,2024-12-25 08:35:30,add/drop,John Juliano,loss,player,Zach Charbonnet,RB,SEA,,,,0.08,00-0039165
2024,8576120,16,2024-12-20 06:55:47,add/drop,John Juliano,gain,player,Atlanta Falcons,DEF,ATL,,,,1.88,DEF-0002
2024,8576120,16,2024-12-20 06:55:47,add/drop,John Juliano,loss,player,Kenny McIntosh,RB,SEA,,,,-1.36,00-0038636
2024,8576121,16,2024-12-19 20:47:45,add/drop,John Juliano,gain,player,Kendre Miller,RB,NO,,,,-1.42,00-0038551
2024,8576121,16,2024-12-19 20:47:45,add/drop,John Juliano,loss,player,Marquise Brown,WR,KC,,,,-1.42,00-0035662
2024,8576122,16,2024-12-19 17:10:42,add/drop,John Juliano,gain,player,Patrick Taylor,RB,SF,,,,-1.95,00-0035973
2024,8576122,16,2024-12-19 17:10:42,add/drop,John Juliano,loss,player,Ty Johnson,RB,BUF,,,,-1.48,00-0035537
2024,8576123,16,2024-12-19 06:04:19,add/drop,John Juliano,gain,player,Kenny McIntosh,RB,SEA,,,,-1.36,00-0038636
2024,8576123,16,2024-12-19 06:04:19,add/drop,John Juliano,loss,player,Craig Reynolds,RB,DET,,,,-0.96,00-0035567
2024,8576124,16,2024-12-18 08:30:52,add/drop,John Juliano,gain,player,Marquise Brown,WR,KC,,,,-1.42,00-0035662
2024,8576124,16,2024-12-18 08:30:52,add/drop,John Juliano,loss,player,Nick Westbrook-Ikhine,WR,TEN,,,,-1.62,00-0036182
2024,8576125,16,2024-12-18 08:30:52,add/drop,John Juliano,gain,player,Craig Reynolds,RB,DET,,,,-0.96,00-0035567
2024,8576125,16,2024-12-18 08:30:52,add/drop,John Juliano,loss,player,Harrison Butker,K,KC,,,,-0.35,00-0033303
2024,8576126,16,2024-12-18 08:30:52,add/drop,John Juliano,gain,player,Ty Johnson,RB,BUF,,,,-1.48,00-0035537
2024,8576126,16,2024-12-18 08:30:52,add/drop,John Juliano,loss,player,Patrick Taylor,RB,SF,,,,-1.95,00-0035973
2024,8576304,16,2024-12-18 08:30:52,add/drop,Cambrias,gain,player,Jalen McMillan,WR,TB,,,,1.12,00-0039855
2024,8576304,16,2024-12-18 08:30:52,add/drop,Cambrias,loss,player,Nick Chubb,RB,CLE,,,,-2.36,00-0034791
2024,8576127,15,2024-12-14 19:36:13,add/drop,John Juliano,gain,player,Harrison Butker,K,KC,,,,-1.59,00-0033303
2024,8576127,15,2024-12-14 19:36:13,add/drop,John Juliano,loss,player,Anders Carlson,K,GB,,,,-3,00-0038402
2024,8576128,15,2024-12-13 22:37:16,add,John Juliano,gain,player,Anders Carlson,K,GB,,,,-3,00-0038402
2024,8576129,15,2024-12-13 19:22:20,drop,John Juliano,loss,player,Evan Engram,TE,JAX,,,,-4.73,00-0033881
2024,8576305,15,2024-12-11 12:23:04,add/drop,Cambrias,gain,player,Cincinnati Bengals,DEF,CIN,,,,3.71,DEF-0007
2024,8576305,15,2024-12-11 12:23:04,add/drop,Cambrias,loss,player,Younghoe Koo,K,ATL,,,,-3.18,00-0033702
2024,8576069,15,2024-12-11 08:37:39,add/drop,Chris & Dom,gain,player,Green Bay Packers,DEF,GB,,,,2.65,DEF-0012
2024,8576069,15,2024-12-11 08:37:39,add/drop,Chris & Dom,loss,player,Houston Texans,DEF,HOU,,,,-0.35,DEF-0013
2024,8576070,15,2024-12-11 08:37:39,add/drop,Chris & Dom,gain,player,Baltimore Ravens,DEF,BAL,,,,3,DEF-0003
2024,8576070,15,2024-12-11 08:37:39,add/drop,Chris & Dom,loss,player,Calvin Austin III,WR,PIT,,,,-2.59,00-0037837
2024,8576098,15,2024-12-11 08:37:39,add/drop,Phil Baldino,gain,player,Buffalo Bills,DEF,BUF,,,,1.41,DEF-0004
2024,8576098,15,2024-12-11 08:37:39,add/drop,Phil Baldino,loss,player,Cincinnati Bengals,DEF,CIN,,,,3.71,DEF-0007
2024,8576130,15,2024-12-11 08:37:39,add/drop,John Juliano,gain,player,Patrick Taylor,RB,SF,,,,-4.24,00-0035973
2024,8576130,15,2024-12-11 08:37:39,add/drop,John Juliano,loss,player,Noah Gray,TE,KC,,,,-2.31,00-0036637
2024,8576192,15,2024-12-11 08:37:39,add/drop,Nolan & Vinny,gain,player,Ka'imi Fairbairn,K,HOU,,,,-1.94,00-0032726
2024,8576192,15,2024-12-11 08:37:39,add/drop,Nolan & Vinny,loss,player,Jake Moody,K,SF,,,,-1.59,00-0038562
2024,8576006,14,2024-12-09 01:02:38,add,Antdell & Ernie,gain,player,Quentin Johnston,WR,LAC,,,,-2.33,00-0038544
2024,8575971,14,2024-12-08 21:18:36,drop,Richie,loss,player,Tyjae Spears,RB,TEN,,,,6.75,00-0039032
2024,8576071,14,2024-12-08 17:15:56,add/drop,Chris & Dom,gain,player,Calvin Austin III,WR,PIT,,,,-6.19,00-0037837
2024,8576071,14,2024-12-08 17:15:56,add/drop,Chris & Dom,loss,player,Tennessee Titans,DEF,TEN,,,,-2.12,DEF-0031
2024,8576345,14,2024-12-08 16:47:22,add/drop,Frank & Julian,gain,player,San Francisco 49ers,DEF,SF,,,,-2.35,DEF-0028
2024,8576345,14,2024-12-08 16:47:22,add/drop,Frank & Julian,loss,player,Raheem Mostert,RB,MIA,,,,-5.2,00-0031687
2024,8576007,14,2024-12-07 22:44:32,add/drop,Antdell & Ernie,gain,player,Dallas Cowboys,DEF,DAL,,,,-0.71,DEF-0009
2024,8576007,14,2024-12-07 22:44:32,add/drop,Antdell & Ernie,loss,player,Luke Schoonmaker,TE,DAL,,,,-7.01,00-0038547
2024,8576008,14,2024-12-07 22:43:33,add,Antdell & Ernie,gain,player,Rome Odunze,WR,CHI,,,,-4.35,00-0039919
2024,8576270,14,2024-12-07 18:10:04,add,Ronnie,gain,player,Miami Dolphins,DEF,MIA,,,,0.47,DEF-0020
2024,8576271,14,2024-12-07 18:09:44,add,Ronnie,gain,player,Matthew Wright,K,CAR,,,,-2.82,00-0035189
2024,8576272,14,2024-12-07 18:09:31,add,Ronnie,gain,player,Grant Calcaterra,TE,PHI,,,,-4.02,00-0037086
2024,8576273,14,2024-12-07 18:08:31,drop,Ronnie,loss,player,Spencer Shrader,K,IND,,,,-8.24,00-0039576
2024,8576274,14,2024-12-07 18:08:07,drop,Ronnie,loss,player,Baltimore Ravens,DEF,BAL,,,,2.59,DEF-0003
2024,8576193,14,2024-12-05 23:56:41,add/drop,Nolan & Vinny,gain,player,Sincere McCormick,RB,LV,,,,-5.25,00-0037509
2024,8576193,14,2024-12-05 23:56:41,add/drop,Nolan & Vinny,loss,player,Ameer Abdullah,RB,LV,,,,4.68,00-0032104
2024,8576131,14,2024-12-05 23:19:51,add/drop,John Juliano,gain,player,Nick Westbrook-Ikhine,WR,TEN,,,,-7.91,00-0036182
2024,8576131,14,2024-12-05 23:19:51,add/drop,John Juliano,loss,player,Cedric Tillman,WR,CLE,,,,-13.36,00-0038979
2024,8576264,14,2024-12-05 15:42:46,add/drop,Rob & GregBo,gain,player,Sam Darnold,QB,MIN,,,,7.67,00-0034869
2024,8576264,14,2024-12-05 15:42:46,add/drop,Rob & GregBo,loss,player,Kirk Cousins,QB,ATL,,,,-10.52,00-0029604
2024,8576099,14,2024-12-04 15:03:38,add/drop,Phil Baldino,gain,player,Brandon McManus,K,GB,,,,0.47,00-0029822
2024,8576099,14,2024-12-04 15:03:38,add/drop,Phil Baldino,loss,player,Ka'imi Fairbairn,K,HOU,,,,-4.47,00-0032726
2024,8576100,14,2024-12-04 15:03:08,add/drop,Phil Baldino,gain,player,Adam Thielen,WR,CAR,,,,3.72,00-0030035
2024,8576100,14,2024-12-04 15:03:08,add/drop,Phil Baldino,loss,player,Jeremy McNichols,RB,WAS,,,,-5.76,00-0033955
2024,8576194,14,2024-12-04 11:21:02,add/drop,Nolan & Vinny,gain,player,Arizona Cardinals,DEF,ARI,,,,-4.47,DEF-0001
2024,8576194,14,2024-12-04 11:21:02,add/drop,Nolan & Vinny,loss,player,Washington Commanders,DEF,WAS,,,,-2.12,DEF-0032
2024,8576195,14,2024-12-04 11:17:26,add/drop,Nolan & Vinny,gain,player,Jerome Ford,RB,CLE,,,,3.46,00-0037267
2024,8576195,14,2024-12-04 11:17:26,add/drop,Nolan & Vinny,loss,player,Quentin Johnston,WR,LAC,,,,-2.33,00-0038544
2024,8575972,14,2024-12-04 10:41:24,add,Richie,gain,player,Juwan Johnson,TE,NO,,,,0.05,00-0036040
2024,8575973,14,2024-12-04 08:46:12,add,Richie,gain,player,Tyjae Spears,RB,TEN,,,,6.75,00-0039032
2024,8575974,14,2024-12-04 08:46:12,add,Richie,gain,player,Ray Davis,RB,BUF,,,,-4.85,00-0039875
2024,8576072,14,2024-12-04 08:46:12,add/drop,Chris & Dom,gain,player,Tennessee Titans,DEF,TEN,,,,-2.12,DEF-0031
2024,8576072,14,2024-12-04 08:46:12,add/drop,Chris & Dom,loss,player,Geno Smith,QB,SEA,,,,-3.18,00-0030565
2024,8576101,14,2024-12-04 08:46:12,add/drop,Phil Baldino,gain,player,Cincinnati Bengals,DEF,CIN,,,,5.41,DEF-0007
2024,8576101,14,2024-12-04 08:46:12,add/drop,Phil Baldino,loss,player,Dallas Cowboys,DEF,DAL,,,,-0.71,DEF-0009
2024,8576102,14,2024-12-04 08:46:12,add/drop,Phil Baldino,gain,player,Darnell Mooney,WR,ATL,,,,-4.16,00-0036309
2024,8576102,14,2024-12-04 08:46:12,add/drop,Phil Baldino,loss,player,Diontae Johnson,WR,CAR,,,,-13.36,00-0035216
2024,8576132,14,2024-12-04 08:46:12,add/drop,John Juliano,gain,player,Noah Gray,TE,KC,,,,-3.53,00-0036637
2024,8576132,14,2024-12-04 08:46:12,add/drop,John Juliano,loss,player,Marquez Valdes-Scantling,WR,BUF,,,,-9.15,00-0034272
2024,8576196,14,2024-12-04 08:46:12,add,Nolan & Vinny,gain,player,Ameer Abdullah,RB,LV,,,,4.68,00-0032104
2024,8576265,14,2024-12-04 08:46:12,add/drop,Rob & GregBo,gain,player,Isaac Guerendo,RB,SF,,,,3.41,00-0039363
2024,8576265,14,2024-12-04 08:46:12,add/drop,Rob & GregBo,loss,player,Seattle Seahawks,DEF,SEA,,,,0.24,DEF-0029
2024,8576306,14,2024-12-04 08:46:12,add/drop,Cambrias,gain,player,Younghoe Koo,K,ATL,,,,-4.47,00-0033702
2024,8576306,14,2024-12-04 08:46:12,add/drop,Cambrias,loss,player,Kansas City Chiefs,DEF,KC,,,,4.47,DEF-0016
2024,8576009,14,2024-12-04 03:29:07,drop,Antdell & Ernie,loss,player,Buffalo Bills,DEF,BUF,,,,-0.47,DEF-0004
2024,8576010,14,2024-12-04 03:29:03,drop,Antdell & Ernie,loss,player,San Francisco 49ers,DEF,SF,,,,-2.35,DEF-0028
2024,8576133,14,2024-12-03 23:36:51,drop,John Juliano,loss,player,Matthew Stafford,QB,LAR,,,,-3.95,00-0026498
2024,8575975,14,2024-12-03 11:22:31,drop,Richie,loss,player,Jordan Mason,RB,SF,,,,-8.87,00-0037525
2024,8575976,14,2024-12-03 11:22:23,drop,Richie,loss,player,Christian McCaffrey,RB,SF,,,,-8.87,00-0033280
2024,8576011,13,2024-12-01 20:39:04,add,Antdell & Ernie,gain,player,New Orleans Saints,DEF,NO,,,,-3.82,DEF-0023
2024,8576012,13,2024-12-01 20:38:40,add/drop,Antdell & Ernie,gain,player,San Francisco 49ers,DEF,SF,,,,-7.06,DEF-0028
2024,8576012,13,2024-12-01 20:38:40,add/drop,Antdell & Ernie,loss,player,Rome Odunze,WR,CHI,,,,-8.62,00-0039919
2024,8576103,13,2024-12-01 17:32:43,add,Phil Baldino,gain,player,Jeremy McNichols,RB,WAS,,,,-8.94,00-0033955
2024,8576134,13,2024-12-01 16:03:58,add,John Juliano,gain,player,Matthew Stafford,QB,LAR,,,,-5.84,00-0026498
2024,8576135,13,2024-11-29 17:21:19,add/drop,John Juliano,gain,player,Tyler Bass,K,BUF,,,,0.29,00-0036162
2024,8576135,13,2024-11-29 17:21:19,add/drop,John Juliano,loss,player,Younghoe Koo,K,ATL,,,,-5,00-0033702
2024,8576266,13,2024-11-29 00:53:51,add/drop,Rob & GregBo,gain,player,Seattle Seahawks,DEF,SEA,,,,1.47,DEF-0029
2024,8576266,13,2024-11-29 00:53:51,add/drop,Rob & GregBo,loss,player,Roschon Johnson,RB,CHI,,,,-13.53,00-0039021
2024,8575977,13,2024-11-27 19:56:58,add/drop,Richie,gain,player,Braelon Allen,RB,NYJ,,,,-7.32,00-0039794
2024,8575977,13,2024-11-27 19:56:58,add/drop,Richie,loss,player,Darnell Mooney,WR,ATL,,,,-8.24,00-0036309
2024,8576104,13,2024-11-27 08:19:56,add/drop,Phil Baldino,gain,player,Dallas Cowboys,DEF,DAL,,,,1.18,DEF-0009
2024,8576104,13,2024-11-27 08:19:56,add/drop,Phil Baldino,loss,player,Miami Dolphins,DEF,MIA,,,,-2.65,DEF-0020
2024,8576105,13,2024-11-27 08:19:56,add/drop,Phil Baldino,gain,player,Jaylen Warren,RB,PIT,,,,1.68,00-0037228
2024,8576105,13,2024-11-27 08:19:56,add/drop,Phil Baldino,loss,player,Audric Estime,RB,DEN,,,,-8.03,00-0039373
2024,8576136,13,2024-11-27 08:19:56,add/drop,John Juliano,gain,player,Younghoe Koo,K,ATL,,,,-5,00-0033702
2024,8576136,13,2024-11-27 08:19:56,add/drop,John Juliano,loss,player,Matt Gay,K,IND,,,,-3.24,00-0035269
2024,8576137,13,2024-11-27 08:19:56,add/drop,John Juliano,gain,player,Marquez Valdes-Scantling,WR,BUF,,,,-12.53,00-0034272
2024,8576137,13,2024-11-27 08:19:56,add/drop,John Juliano,loss,player,Anthony Richardson,QB,IND,,,,-7.02,00-0039164
2024,8576138,13,2024-11-27 08:19:56,add/drop,John Juliano,gain,player,Keenan Allen,WR,CHI,,,,4.41,00-0030279
2024,8576138,13,2024-11-27 08:19:56,add/drop,John Juliano,loss,player,Hunter Henry,TE,NE,,,,-2.79,00-0033090
2024,8576307,13,2024-11-27 08:19:56,add/drop,Cambrias,gain,player,Indianapolis Colts,DEF,IND,,,,-6.18,DEF-0014
2024,8576307,13,2024-11-27 08:19:56,add/drop,Cambrias,loss,player,New York Jets,DEF,NYJ,,,,-4.71,DEF-0025
2024,8576346,13,2024-11-26 16:33:49,drop,Frank & Julian,loss,player,Wan'Dale Robinson,WR,NYG,,,,-6.65,00-0038117
2024,8576013,13,2024-11-26 15:29:32,drop,Antdell & Ernie,loss,player,Green Bay Packers,DEF,GB,,,,2.65,DEF-0012
2024,8576014,12,2024-11-25 00:50:29,add/drop,Antdell & Ernie,gain,player,Buffalo Bills,DEF,BUF,,,,-1.41,DEF-0004
2024,8576014,12,2024-11-25 00:50:29,add/drop,Antdell & Ernie,loss,player,Ameer Abdullah,RB,LV,,,,7.62,00-0032104
2024,8576106,12,2024-11-24 17:32:19,add/drop,Phil Baldino,gain,player,Miami Dolphins,DEF,MIA,,,,-0.35,DEF-0020
2024,8576106,12,2024-11-24 17:32:19,add/drop,Phil Baldino,loss,player,San Francisco 49ers,DEF,SF,,,,-10.59,DEF-0028
2024,8576015,12,2024-11-23 16:35:53,add,Antdell & Ernie,gain,player,Ameer Abdullah,RB,LV,,,,7.62,00-0032104
2024,8576275,12,2024-11-23 16:26:11,add/drop,Ronnie,gain,player,Romeo Doubs,WR,GB,,,,-13.91,00-0037816
2024,8576275,12,2024-11-23 16:26:11,add/drop,Ronnie,loss,player,Ray-Ray McCloud,WR,ATL,,,,-14.79,00-0034407
2024,8576016,12,2024-11-23 13:43:25,add,Antdell & Ernie,gain,player,Green Bay Packers,DEF,GB,,,,6,DEF-0012
2024,8576139,12,2024-11-23 11:41:28,add/drop,John Juliano,gain,player,Matt Gay,K,IND,,,,-2.82,00-0035269
2024,8576139,12,2024-11-23 11:41:28,add/drop,John Juliano,loss,player,Jason Myers,K,SEA,,,,3.18,00-0031492
2024,8576267,12,2024-11-22 01:22:01,add/drop,Rob & GregBo,gain,player,Roschon Johnson,RB,CHI,,,,-18.28,00-0039021
2024,8576267,12,2024-11-22 01:22:01,add/drop,Rob & GregBo,loss,player,Seattle Seahawks,DEF,SEA,,,,7.41,DEF-0029
2024,8576330,12,2024-11-21 23:03:32,add/drop,Mike Long,gain,player,Pat Freiermuth,TE,PIT,,,,3.49,00-0036894
2024,8576330,12,2024-11-21 23:03:32,add/drop,Mike Long,loss,player,Alexander Mattison,RB,LV,,,,-13.41,00-0034972
2024,8576308,12,2024-11-20 13:38:44,add/drop,Cambrias,gain,player,Kansas City Chiefs,DEF,KC,,,,4.59,DEF-0016
2024,8576308,12,2024-11-20 13:38:44,add/drop,Cambrias,loss,player,Mike Gesicki,TE,CIN,,,,-5.29,00-0034829
2024,8576234,12,2024-11-20 13:32:21,add,Pung & Tralie,gain,player,Tampa Bay Buccaneers,DEF,TB,,,,2.12,DEF-0030
2024,8576235,12,2024-11-20 13:31:33,drop,Pung & Tralie,loss,player,Green Bay Packers,DEF,GB,,,,6,DEF-0012
2024,8576236,12,2024-11-20 13:31:24,drop,Pung & Tralie,loss,player,Khalil Herbert,RB,CHI,,,,-19.27,00-0036906
2024,8575978,12,2024-11-20 12:24:59,add/drop,Richie,gain,player,Trey Benson,RB,ARI,,,,-17.96,00-0039921
2024,8575978,12,2024-11-20 12:24:59,add/drop,Richie,loss,player,Blake Corum,RB,LAR,,,,-16.84,00-0039738
2024,8576017,12,2024-11-20 12:20:30,add/drop,Antdell & Ernie,gain,player,Amari Cooper,WR,CLE,,,,-17.4,00-0031544
2024,8576017,12,2024-11-20 12:20:30,add/drop,Antdell & Ernie,loss,player,Jaylen Warren,RB,PIT,,,,2.51,00-0037228
2024,8576197,12,2024-11-20 11:50:19,add/drop,Nolan & Vinny,gain,player,Zach Ertz,TE,WAS,,,,0.28,00-0030061
2024,8576197,12,2024-11-20 11:50:19,add/drop,Nolan & Vinny,loss,player,Dawson Knox,TE,BUF,,,,-13.59,00-0035689
2024,8575979,12,2024-11-20 11:07:31,add/drop,Richie,gain,player,Chase McLaughlin,K,TB,,,,6.71,00-0035358
2024,8575979,12,2024-11-20 11:07:31,add/drop,Richie,loss,player,Tyler Bass,K,BUF,,,,-0.71,00-0036162
2024,8576140,12,2024-11-20 09:13:20,add/drop,John Juliano,gain,player,Hunter Henry,TE,NE,,,,-5.33,00-0033090
2024,8576140,12,2024-11-20 09:13:20,add/drop,John Juliano,loss,player,Amari Cooper,WR,CLE,,,,-17.4,00-0031544
2024,8576141,12,2024-11-20 08:42:58,add/drop,John Juliano,gain,player,Jason Myers,K,SEA,,,,3.18,00-0031492
2024,8576141,12,2024-11-20 08:42:58,add/drop,John Juliano,loss,player,Younghoe Koo,K,ATL,,,,-7.06,00-0033702
2024,8576142,12,2024-11-20 08:42:12,add/drop,John Juliano,gain,player,Jonnu Smith,TE,MIA,,,,15.04,00-0033858
2024,8576142,12,2024-11-20 08:42:12,add/drop,John Juliano,loss,player,Hunter Henry,TE,NE,,,,-5.33,00-0033090
2024,8576018,12,2024-11-20 08:39:42,add/drop,Antdell & Ernie,gain,player,Luke Schoonmaker,TE,DAL,,,,-10.98,00-0038547
2024,8576018,12,2024-11-20 08:39:42,add/drop,Antdell & Ernie,loss,player,Los Angeles Rams,DEF,LAR,,,,-1.06,DEF-0019
2024,8576019,12,2024-11-20 08:39:42,add/drop,Antdell & Ernie,gain,player,Rome Odunze,WR,CHI,,,,-11.96,00-0039919
2024,8576019,12,2024-11-20 08:39:42,add/drop,Antdell & Ernie,loss,player,Ricky Pearsall,WR,SF,,,,-15.92,00-0039916
2024,8576073,12,2024-11-20 08:39:42,add/drop,Chris & Dom,gain,player,Geno Smith,QB,SEA,,,,-7.52,00-0030565
2024,8576073,12,2024-11-20 08:39:42,add/drop,Chris & Dom,loss,player,Jonnu Smith,TE,MIA,,,,15.04,00-0033858
2024,8576198,12,2024-11-20 08:39:42,add/drop,Nolan & Vinny,gain,player,Washington Commanders,DEF,WAS,,,,-4.24,DEF-0032
2024,8576198,12,2024-11-20 08:39:42,add/drop,Nolan & Vinny,loss,player,Miami Dolphins,DEF,MIA,,,,-0.35,DEF-0020
2024,8576199,12,2024-11-20 08:39:42,add/drop,Nolan & Vinny,gain,player,Quentin Johnston,WR,LAC,,,,-12.53,00-0038544
2024,8576199,12,2024-11-20 08:39:42,add/drop,Nolan & Vinny,loss,player,Sam Darnold,QB,MIN,,,,14.36,00-0034869
2024,8576276,12,2024-11-20 08:39:42,add/drop,Ronnie,gain,player,Spencer Shrader,K,IND,,,,-10.94,00-0039576
2024,8576276,12,2024-11-20 08:39:42,add/drop,Ronnie,loss,player,Zach Ertz,TE,WAS,,,,0.28,00-0030061
2024,8576277,12,2024-11-20 08:39:42,add/drop,Ronnie,gain,player,Jordan Addison,WR,MIN,,,,14.12,00-0038994
2024,8576277,12,2024-11-20 08:39:42,add/drop,Ronnie,loss,player,Romeo Doubs,WR,GB,,,,-13.91,00-0037816
2024,8576200,12,2024-11-20 03:11:32,drop,Nolan & Vinny,loss,player,Buffalo Bills,DEF,BUF,,,,-1.41,DEF-0004
2024,8576074,12,2024-11-19 23:52:53,drop,Chris & Dom,loss,player,Dalton Schultz,TE,HOU,,,,-5.44,00-0034383
2024,8576143,12,2024-11-19 08:11:28,drop,John Juliano,loss,player,Quentin Johnston,WR,LAC,,,,-12.53,00-0038544
2024,8576237,11,2024-11-17 22:43:47,add,Pung & Tralie,gain,player,Khalil Herbert,RB,CHI,,,,-26.76,00-0036906
2024,8576278,11,2024-11-17 20:00:03,add,Ronnie,gain,player,Evan McPherson,K,CIN,,,,-13.59,00-0036854
2024,8576279,11,2024-11-17 19:59:56,drop,Ronnie,loss,player,Ryan Izzo,TE,FA,,,,-25.82,00-0034439
2024,8576280,11,2024-11-17 19:59:24,drop,Ronnie,loss,player,Harrison Butker,K,KC,,,,-13.18,00-0033303
2024,8576281,11,2024-11-17 19:59:19,drop,Ronnie,loss,player,Zack Moss,RB,CIN,,,,-29.32,00-0036251
2024,8576282,11,2024-11-17 19:56:12,add,Ronnie,gain,player,Joshua Palmer,WR,LAC,,,,-18.98,00-0036988
2024,8576283,11,2024-11-17 19:55:54,add,Ronnie,gain,player,Ray-Ray McCloud,WR,ATL,,,,-16.88,00-0034407
2024,8576107,11,2024-11-17 16:50:08,add/drop,Phil Baldino,gain,player,San Francisco 49ers,DEF,SF,,,,-11.94,DEF-0028
2024,8576107,11,2024-11-17 16:50:08,add/drop,Phil Baldino,loss,player,Kansas City Chiefs,DEF,KC,,,,3.29,DEF-0016
2024,8576201,11,2024-11-17 13:50:54,add,Nolan & Vinny,gain,player,Miami Dolphins,DEF,MIA,,,,-0.41,DEF-0020
2024,8576202,11,2024-11-16 15:17:03,add/drop,Nolan & Vinny,gain,player,Dawson Knox,TE,BUF,,,,-13.92,00-0035689
2024,8576202,11,2024-11-16 15:17:03,add/drop,Nolan & Vinny,loss,player,Tyler Allgeier,RB,ATL,,,,-17.91,00-0037263
2024,8576144,11,2024-11-16 08:35:54,add,John Juliano,gain,player,Hunter Henry,TE,NE,,,,-2.51,00-0033090
2024,8576020,11,2024-11-16 04:48:27,trade,Antdell & Ernie,loss,player,Cedric Tillman,WR,CLE,,,,-34.92,00-0038979
2024,8576020,11,2024-11-16 04:48:27,trade,Antdell & Ernie,loss,player,Tee Higgins,WR,CIN,,,,15.4,00-0036410
2024,8576020,11,2024-11-16 04:48:27,trade,Antdell & Ernie,loss,player,Mike Evans,WR,TB,,,,13.05,00-0031408
2024,8576020,11,2024-11-16 04:48:27,trade,Antdell & Ernie,gain,player,Kyren Williams,RB,LAR,,,,16.43,00-0037840
2024,8576020,11,2024-11-16 04:48:27,trade,Antdell & Ernie,gain,player,Jerry Jeudy,WR,CLE,,,,21.21,00-0036407
2024,8576145,11,2024-11-16 04:48:27,drop,John Juliano,loss,player,Marquez Valdes-Scantling,WR,BUF,,,,-19.81,00-0034272
2024,8576146,11,2024-11-16 04:48:27,trade,John Juliano,gain,player,Cedric Tillman,WR,CLE,,,,-34.92,00-0038979
2024,8576146,11,2024-11-16 04:48:27,trade,John Juliano,gain,player,Tee Higgins,WR,CIN,,,,15.4,00-0036410
2024,8576146,11,2024-11-16 04:48:27,trade,John Juliano,gain,player,Mike Evans,WR,TB,,,,13.05,00-0031408
2024,8576146,11,2024-11-16 04:48:27,trade,John Juliano,loss,player,Kyren Williams,RB,LAR,,,,16.43,00-0037840
2024,8576146,11,2024-11-16 04:48:27,trade,John Juliano,loss,player,Jerry Jeudy,WR,CLE,,,,21.21,00-0036407
2024,8576075,11,2024-11-15 21:08:12,add,Chris & Dom,gain,player,Jonnu Smith,TE,MIA,,,,27.75,00-0033858
2024,8576347,11,2024-11-15 13:44:19,add/drop,Frank & Julian,gain,player,Jason Sanders,K,MIA,,,,12.76,00-0034794
2024,8576347,11,2024-11-15 13:44:19,add/drop,Frank & Julian,loss,player,Evan McPherson,K,CIN,,,,-13.59,00-0036854
2024,8576147,11,2024-11-14 13:01:38,add/drop,John Juliano,gain,player,Anthony Richardson,QB,IND,,,,-5.62,00-0039164
2024,8576147,11,2024-11-14 13:01:38,add/drop,John Juliano,loss,player,Keenan Allen,WR,CHI,,,,9.68,00-0030279
2024,8576348,11,2024-11-13 21:25:06,add/drop,Frank & Julian,gain,player,Gus Edwards,RB,LAC,,,,-10.34,00-0034184
2024,8576348,11,2024-11-13 21:25:06,add/drop,Frank & Julian,loss,player,San Francisco 49ers,DEF,SF,,,,-11.94,DEF-0028
2024,8576203,11,2024-11-13 17:18:50,add/drop,Nolan & Vinny,gain,player,Bo Nix,QB,DEN,,,,2.16,00-0039732
2024,8576203,11,2024-11-13 17:18:50,add/drop,Nolan & Vinny,loss,player,Jonnu Smith,TE,MIA,,,,27.75,00-0033858
2024,8576204,11,2024-11-13 17:17:32,drop,Nolan & Vinny,loss,player,Ray Davis,RB,BUF,,,,-16.18,00-0039875
2024,8576349,11,2024-11-13 13:21:20,add/drop,Frank & Julian,gain,player,Will Dissly,TE,LAC,,,,-11.53,00-0034159
2024,8576349,11,2024-11-13 13:21:20,add/drop,Frank & Julian,loss,player,Jordan Addison,WR,MIN,,,,18.69,00-0038994
2024,8576076,11,2024-11-13 08:30:44,add/drop,Chris & Dom,gain,player,Dalton Schultz,TE,HOU,,,,-4.28,00-0034383
2024,8576076,11,2024-11-13 08:30:44,add/drop,Chris & Dom,loss,player,Chicago Bears,DEF,CHI,,,,-7.41,DEF-0006
2024,8576108,11,2024-11-13 08:30:44,add/drop,Phil Baldino,gain,player,Audric Estime,RB,DEN,,,,-18.41,00-0039373
2024,8576108,11,2024-11-13 08:30:44,add/drop,Phil Baldino,loss,player,Devin Singletary,RB,NYG,,,,-16.8,00-0035250
2024,8576148,11,2024-11-13 08:30:44,add/drop,John Juliano,gain,player,Marquez Valdes-Scantling,WR,BUF,,,,-19.81,00-0034272
2024,8576148,11,2024-11-13 08:30:44,add/drop,John Juliano,loss,player,Rome Odunze,WR,CHI,,,,-12.81,00-0039919
2024,8576238,11,2024-11-13 08:30:44,add/drop,Pung & Tralie,gain,player,Jake Bates,K,DET,,,,-20.59,yahoo-40835
2024,8576238,11,2024-11-13 08:30:44,add/drop,Pung & Tralie,loss,player,Chase McLaughlin,K,TB,,,,5.35,00-0035358
2024,8576239,11,2024-11-13 08:30:44,add/drop,Pung & Tralie,gain,player,Christian Watson,WR,GB,,,,-17.25,00-0038124
2024,8576239,11,2024-11-13 08:30:44,add/drop,Pung & Tralie,loss,player,New England Patriots,DEF,NE,,,,-14.41,DEF-0022
2024,8576240,11,2024-11-13 08:30:44,add/drop,Pung & Tralie,gain,player,Derek Carr,QB,NO,,,,-27.28,00-0031280
2024,8576240,11,2024-11-13 08:30:44,add/drop,Pung & Tralie,loss,player,Hunter Henry,TE,NE,,,,-2.51,00-0033090
2024,8576021,11,2024-11-12 23:07:32,drop,Antdell & Ernie,loss,player,Atlanta Falcons,DEF,ATL,,,,5.35,DEF-0002
2024,8575980,10,2024-11-11 15:09:18,trade,Richie,gain,player,Darnell Mooney,WR,ATL,,,,-19.67,00-0036309
2024,8575980,10,2024-11-11 15:09:18,trade,Richie,loss,player,David Njoku,TE,CLE,,,,3.91,00-0033885
2024,8576241,10,2024-11-11 15:09:18,trade,Pung & Tralie,loss,player,Darnell Mooney,WR,ATL,,,,-19.67,00-0036309
2024,8576241,10,2024-11-11 15:09:18,trade,Pung & Tralie,gain,player,David Njoku,TE,CLE,,,,3.91,00-0033885
2024,8576242,10,2024-11-11 13:36:42,add,Pung & Tralie,gain,player,Green Bay Packers,DEF,GB,,,,4.24,DEF-0012
2024,8576149,10,2024-11-10 17:44:31,add,John Juliano,gain,player,Keenan Allen,WR,CHI,,,,10.82,00-0030279
2024,8576077,10,2024-11-10 14:29:29,drop,Chris & Dom,loss,player,New York Giants,DEF,NYG,,,,-12.24,DEF-0024
2024,8576243,10,2024-11-10 13:45:07,add,Pung & Tralie,gain,player,New England Patriots,DEF,NE,,,,-12.71,DEF-0022
2024,8576205,10,2024-11-10 11:14:03,add,Nolan & Vinny,gain,player,Jonnu Smith,TE,MIA,,,,30.07,00-0033858
2024,8576206,10,2024-11-09 21:25:51,add/drop,Nolan & Vinny,gain,player,Jake Moody,K,SF,,,,-4.71,00-0038562
2024,8576206,10,2024-11-09 21:25:51,add/drop,Nolan & Vinny,loss,player,Sean Tucker,RB,TB,,,,-27.44,00-0038951
2024,8576350,10,2024-11-09 21:01:25,drop,Frank & Julian,loss,player,Dak Prescott,QB,DAL,,,,-59.42,00-0033077
2024,8576022,10,2024-11-09 20:26:52,add,Antdell & Ernie,gain,player,Los Angeles Rams,DEF,LAR,,,,-0.47,DEF-0019
2024,8576150,10,2024-11-09 00:31:30,trade,John Juliano,loss,player,Tyrone Tracy,RB,NYG,,,,5.55,00-0039384
2024,8576150,10,2024-11-09 00:31:30,trade,John Juliano,gain,player,Amari Cooper,WR,CLE,,,,-28.89,00-0031544
2024,8576244,10,2024-11-09 00:31:30,trade,Pung & Tralie,gain,player,Tyrone Tracy,RB,NYG,,,,5.55,00-0039384
2024,8576244,10,2024-11-09 00:31:30,trade,Pung & Tralie,loss,player,Amari Cooper,WR,CLE,,,,-28.89,00-0031544
2024,8576245,10,2024-11-08 22:12:27,drop,Pung & Tralie,loss,player,Khalil Herbert,RB,CHI,,,,-33.84,00-0036906
2024,8576351,10,2024-11-07 21:23:55,add/drop,Frank & Julian,gain,player,Justin Herbert,QB,LAC,,,,8.75,00-0036355
2024,8576351,10,2024-11-07 21:23:55,add/drop,Frank & Julian,loss,player,Julius Chestnut,RB,TEN,,,,-34.78,00-0037594
2024,8576284,10,2024-11-07 19:00:46,add/drop,Ronnie,gain,player,Xavier Worthy,WR,KC,,,,2.73,00-0039894
2024,8576284,10,2024-11-07 19:00:46,add/drop,Ronnie,loss,player,Dalvin Cook,RB,BAL,,,,-36.75,00-0033893
2024,8576023,10,2024-11-07 17:35:12,drop,Antdell & Ernie,loss,player,Adam Thielen,WR,CAR,,,,0,00-0030035
2024,8575981,10,2024-11-07 00:16:33,drop,Richie,loss,player,Kimani Vidal,RB,LAC,,,,-29.98,00-0039391
2024,8576352,10,2024-11-06 20:44:20,add,Frank & Julian,gain,player,Jordan Addison,WR,MIN,,,,19.01,00-0038994
2024,8576246,10,2024-11-06 18:22:36,add/drop,Pung & Tralie,gain,player,Khalil Herbert,RB,CHI,,,,-33.84,00-0036906
2024,8576246,10,2024-11-06 18:22:36,add/drop,Pung & Tralie,loss,player,Washington Commanders,DEF,WAS,,,,-8.47,DEF-0032
2024,8576247,10,2024-11-06 18:22:04,drop,Pung & Tralie,loss,player,JuJu Smith-Schuster,WR,KC,,,,-38.68,00-0033857
2024,8576207,10,2024-11-06 13:13:57,add/drop,Nolan & Vinny,gain,player,Ray Davis,RB,BUF,,,,-21.46,00-0039875
2024,8576207,10,2024-11-06 13:13:57,add/drop,Nolan & Vinny,loss,player,Samaje Perine,RB,KC,,,,-20,00-0033526
2024,8576208,10,2024-11-06 13:12:53,drop,Nolan & Vinny,loss,player,Carson Steele,RB,KC,,,,-34.73,00-0039325
2024,8576353,10,2024-11-06 13:11:00,add,Frank & Julian,gain,player,San Francisco 49ers,DEF,SF,,,,-16,DEF-0028
2024,8576331,10,2024-11-06 11:15:15,add/drop,Mike Long,gain,player,Cameron Dicker,K,LAC,,,,11.76,00-0037224
2024,8576331,10,2024-11-06 11:15:15,add/drop,Mike Long,loss,player,Daniel Carlson,K,LV,,,,0,00-0034161
2024,8576332,10,2024-11-06 11:14:42,add/drop,Mike Long,gain,player,Taysom Hill,QB,NO,,,,-32.02,00-0033357
2024,8576332,10,2024-11-06 11:14:42,add/drop,Mike Long,loss,player,Isaiah Likely,TE,BAL,,,,-12.19,00-0037838
2024,8576309,10,2024-11-06 09:31:58,add/drop,Cambrias,gain,player,New York Jets,DEF,NYJ,,,,-14.59,DEF-0025
2024,8576309,10,2024-11-06 09:31:58,add/drop,Cambrias,loss,player,Xavier Worthy,WR,KC,,,,2.73,00-0039894
2024,8576151,10,2024-11-06 08:31:34,add/drop,John Juliano,gain,player,Quentin Johnston,WR,LAC,,,,-15.01,00-0038544
2024,8576151,10,2024-11-06 08:31:34,add/drop,John Juliano,loss,player,Jordan Addison,WR,MIN,,,,19.01,00-0038994
2024,8576024,10,2024-11-06 08:30:58,add,Antdell & Ernie,gain,player,Atlanta Falcons,DEF,ATL,,,,2.82,DEF-0002
2024,8576025,10,2024-11-06 08:30:58,add,Antdell & Ernie,gain,player,Jaylen Warren,RB,PIT,,,,4.75,00-0037228
2024,8576026,10,2024-11-06 08:30:58,add,Antdell & Ernie,gain,player,Ricky Pearsall,WR,SF,,,,-22.31,00-0039916
2024,8576078,10,2024-11-06 08:30:58,add,Chris & Dom,gain,player,Chicago Bears,DEF,CHI,,,,-10.35,DEF-0006
2024,8576079,10,2024-11-06 08:30:58,add,Chris & Dom,gain,player,New York Giants,DEF,NYG,,,,-12.24,DEF-0024
2024,8576152,10,2024-11-06 08:30:58,add/drop,John Juliano,gain,player,Rome Odunze,WR,CHI,,,,-16.8,00-0039919
2024,8576152,10,2024-11-06 08:30:58,add/drop,John Juliano,loss,player,Isaac Guerendo,RB,SF,,,,-8.14,00-0039363
2024,8576310,10,2024-11-06 08:30:58,add/drop,Cambrias,gain,player,Mike Gesicki,TE,CIN,,,,-10.49,00-0034829
2024,8576310,10,2024-11-06 08:30:58,add/drop,Cambrias,loss,player,New Orleans Saints,DEF,NO,,,,-8.94,DEF-0023
2024,8576354,10,2024-11-05 13:49:37,drop,Frank & Julian,loss,player,Tennessee Titans,DEF,TEN,,,,-10.82,DEF-0031
2024,8575982,10,2024-11-05 09:59:58,drop,Richie,loss,player,Justice Hill,RB,BAL,,,,-12.28,00-0034975
2024,8576027,10,2024-11-05 09:59:31,add,Antdell & Ernie,gain,player,Bucky Irving,RB,TB,,,,24.28,00-0039361
2024,8576028,10,2024-11-05 08:53:24,drop,Antdell & Ernie,loss,player,Cameron Dicker,K,LAC,,,,11.76,00-0037224
2024,8576029,10,2024-11-05 08:49:54,drop,Antdell & Ernie,loss,player,Caleb Williams,QB,CHI,,,,1.25,00-0039918
2024,8576030,10,2024-11-05 08:49:46,drop,Antdell & Ernie,loss,player,Bucky Irving,RB,TB,,,,24.28,00-0039361
2024,8576031,10,2024-11-05 08:49:34,drop,Antdell & Ernie,loss,player,Cincinnati Bengals,DEF,CIN,,,,0.94,DEF-0007
2024,8576080,10,2024-11-05 08:19:54,trade,Chris & Dom,loss,player,Aaron Jones,RB,MIN,,,,13.65,00-0033293
2024,8576080,10,2024-11-05 08:19:54,trade,Chris & Dom,loss,player,Davante Adams,WR,LV,,,,15.48,00-0031381
2024,8576080,10,2024-11-05 08:19:54,trade,Chris & Dom,gain,player,Rachaad White,RB,TB,,,,7.44,00-0037256
2024,8576080,10,2024-11-05 08:19:54,trade,Chris & Dom,gain,player,Nico Collins,WR,HOU,,,,-7.11,00-0036554
2024,8576333,10,2024-11-05 08:19:54,drop,Mike Long,loss,player,Chicago Bears,DEF,CHI,,,,-10.35,DEF-0006
2024,8576334,10,2024-11-05 08:19:54,trade,Mike Long,gain,player,Aaron Jones,RB,MIN,,,,13.65,00-0033293
2024,8576334,10,2024-11-05 08:19:54,trade,Mike Long,gain,player,Davante Adams,WR,LV,,,,15.48,00-0031381
2024,8576334,10,2024-11-05 08:19:54,trade,Mike Long,loss,player,Rachaad White,RB,TB,,,,7.44,00-0037256
2024,8576334,10,2024-11-05 08:19:54,trade,Mike Long,loss,player,Nico Collins,WR,HOU,,,,-7.11,00-0036554
2024,8576032,9,2024-11-04 20:28:58,add/drop,Antdell & Ernie,gain,player,Chris Boswell,K,PIT,,,,6.88,00-0031136
2024,8576032,9,2024-11-04 20:28:58,add/drop,Antdell & Ernie,loss,player,Braelon Allen,RB,NYJ,,,,-33.25,00-0039794
2024,8576209,9,2024-11-04 13:48:54,add/drop,Nolan & Vinny,gain,player,Carson Steele,RB,KC,,,,-45.21,00-0039325
2024,8576209,9,2024-11-04 13:48:54,add/drop,Nolan & Vinny,loss,player,San Francisco 49ers,DEF,SF,,,,-22.76,DEF-0028
2024,8576210,9,2024-11-04 13:48:23,add/drop,Nolan & Vinny,gain,player,Samaje Perine,RB,KC,,,,-21.97,00-0033526
2024,8576210,9,2024-11-04 13:48:23,add/drop,Nolan & Vinny,loss,player,Keaton Mitchell,RB,BAL,,,,-44.89,00-0038454
2024,8576211,9,2024-11-04 13:47:08,add/drop,Nolan & Vinny,gain,player,Sean Tucker,RB,TB,,,,-36.05,00-0038951
2024,8576211,9,2024-11-04 13:47:08,add/drop,Nolan & Vinny,loss,player,Ricky Pearsall,WR,SF,,,,-30.76,00-0039916
2024,8576081,9,2024-11-04 08:05:23,drop,Chris & Dom,loss,player,Ty Chandler,RB,MIN,,,,-46.32,00-0037276
2024,8576355,9,2024-11-02 20:26:52,add/drop,Frank & Julian,gain,player,Julius Chestnut,RB,TEN,,,,-44.58,00-0037594
2024,8576355,9,2024-11-02 20:26:52,add/drop,Frank & Julian,loss,player,Jalen McMillan,WR,TB,,,,-14.93,00-0039855
2024,8576212,9,2024-10-31 23:49:04,add/drop,Nolan & Vinny,gain,player,Buffalo Bills,DEF,BUF,,,,0.53,DEF-0004
2024,8576212,9,2024-10-31 23:49:04,add/drop,Nolan & Vinny,loss,player,Jaylen Warren,RB,PIT,,,,-1.27,00-0037228
2024,8576248,9,2024-10-31 23:30:42,add/drop,Pung & Tralie,gain,player,Washington Commanders,DEF,WAS,,,,-12.18,DEF-0032
2024,8576248,9,2024-10-31 23:30:42,add/drop,Pung & Tralie,loss,player,New York Jets,DEF,NYJ,,,,-13.76,DEF-0025
2024,8575983,9,2024-10-31 19:38:38,add/drop,Richie,gain,player,Justice Hill,RB,BAL,,,,-15.78,00-0034975
2024,8575983,9,2024-10-31 19:38:38,add/drop,Richie,loss,player,Kendre Miller,RB,NO,,,,-36.42,00-0038551
2024,8576356,9,2024-10-30 18:09:40,add,Frank & Julian,gain,player,Tennessee Titans,DEF,TEN,,,,-11.12,DEF-0031
2024,8576109,9,2024-10-30 15:29:45,add/drop,Phil Baldino,gain,player,Austin Ekeler,RB,WAS,,,,-17.58,00-0033699
2024,8576109,9,2024-10-30 15:29:45,add/drop,Phil Baldino,loss,player,Jaleel McLaughlin,RB,DEN,,,,-27.9,00-0038794
2024,8576285,9,2024-10-30 09:53:20,add/drop,Ronnie,gain,player,Zach Ertz,TE,WAS,,,,4.82,00-0030061
2024,8576285,9,2024-10-30 09:53:20,add/drop,Ronnie,loss,player,Colby Parkinson,TE,LAR,,,,-31.24,00-0036244
2024,8576033,9,2024-10-30 09:11:44,add,Antdell & Ernie,gain,player,Adam Thielen,WR,CAR,,,,-5.66,00-0030035
2024,8576034,9,2024-10-30 07:25:59,add/drop,Antdell & Ernie,gain,player,Cedric Tillman,WR,CLE,,,,-45.48,00-0038979
2024,8576034,9,2024-10-30 07:25:59,add/drop,Antdell & Ernie,loss,player,Anthony Richardson,QB,IND,,,,-21.31,00-0039164
2024,8576153,9,2024-10-30 07:25:59,add/drop,John Juliano,gain,player,Isaac Guerendo,RB,SF,,,,-15.78,00-0039363
2024,8576153,9,2024-10-30 07:25:59,add/drop,John Juliano,loss,player,Green Bay Packers,DEF,GB,,,,1.06,DEF-0012
2024,8576286,9,2024-10-30 07:25:59,add,Ronnie,gain,player,Xavier Legette,WR,CAR,,,,-30.97,00-0039342
2024,8576287,9,2024-10-30 07:25:59,add,Ronnie,gain,player,Dalvin Cook,RB,BAL,,,,-47.54,00-0033893
2024,8576311,9,2024-10-30 07:25:59,add/drop,Cambrias,gain,player,New Orleans Saints,DEF,NO,,,,-13.24,DEF-0023
2024,8576311,9,2024-10-30 07:25:59,add/drop,Cambrias,loss,player,Austin Ekeler,RB,WAS,,,,-17.58,00-0033699
2024,8576249,9,2024-10-30 03:29:22,drop,Pung & Tralie,loss,player,Geno Smith,QB,SEA,,,,-14.82,00-0030565
2024,8576288,9,2024-10-30 00:47:54,drop,Ronnie,loss,player,Stefon Diggs,WR,HOU,,,,-61.36,00-0031588
2024,8576035,9,2024-10-29 14:31:37,drop,Antdell & Ernie,loss,player,Ray Davis,RB,BUF,,,,-21.76,00-0039875
2024,8576110,9,2024-10-29 13:24:32,drop,Phil Baldino,loss,player,Buffalo Bills,DEF,BUF,,,,0.53,DEF-0004
2024,8576357,9,2024-10-29 11:59:27,drop,Frank & Julian,loss,player,Christian Kirk,WR,JAX,,,,-61.36,00-0034775
2024,8575984,8,2024-10-27 17:27:13,add,Richie,gain,player,Kendre Miller,RB,NO,,,,-47.35,00-0038551
2024,8575985,8,2024-10-24 23:32:07,add/drop,Richie,gain,player,Blake Corum,RB,LAR,,,,-48.12,00-0039738
2024,8575985,8,2024-10-24 23:32:07,add/drop,Richie,loss,player,Tyler Goodson,RB,IND,,,,-54.41,00-0037120
2024,8576335,8,2024-10-24 22:01:32,add/drop,Mike Long,gain,player,Tyler Lockett,WR,SEA,,,,-51.59,00-0032211
2024,8576335,8,2024-10-24 22:01:32,add/drop,Mike Long,loss,player,Gabriel Davis,WR,JAX,,,,-72.53,00-0036196
2024,8576154,8,2024-10-24 21:44:07,add/drop,John Juliano,gain,player,Green Bay Packers,DEF,GB,,,,0.59,DEF-0012
2024,8576154,8,2024-10-24 21:44:07,add/drop,John Juliano,loss,player,Tyler Lockett,WR,SEA,,,,-51.59,00-0032211
2024,8576213,8,2024-10-24 18:03:56,add/drop,Nolan & Vinny,gain,player,Jaylen Warren,RB,PIT,,,,-4.59,00-0037228
2024,8576213,8,2024-10-24 18:03:56,add/drop,Nolan & Vinny,loss,player,Sean Tucker,RB,TB,,,,-46.41,00-0038951
2024,8575986,8,2024-10-23 20:19:45,add/drop,Richie,gain,player,Detroit Lions,DEF,DET,,,,-1.76,DEF-0011
2024,8575986,8,2024-10-23 20:19:45,add/drop,Richie,loss,player,New England Patriots,DEF,NE,,,,-21.76,DEF-0022
2024,8576214,8,2024-10-23 14:46:24,add/drop,Nolan & Vinny,gain,player,Ricky Pearsall,WR,SF,,,,-35.29,00-0039916
2024,8576214,8,2024-10-23 14:46:24,add/drop,Nolan & Vinny,loss,player,Christian Watson,WR,GB,,,,-35,00-0038124
2024,8576358,8,2024-10-23 13:27:22,add/drop,Frank & Julian,gain,player,Russell Wilson,QB,PIT,,,,-12.98,00-0029263
2024,8576358,8,2024-10-23 13:27:22,add/drop,Frank & Julian,loss,player,Daniel Jones,QB,NYG,,,,-67.2,00-0035710
2024,8576289,8,2024-10-23 12:52:13,drop,Ronnie,loss,player,Brandon Aiyuk,WR,SF,,,,-76.18,00-0036261
2024,8576036,8,2024-10-23 07:54:39,add/drop,Antdell & Ernie,gain,player,Cameron Dicker,K,LAC,,,,12.35,00-0037224
2024,8576036,8,2024-10-23 07:54:39,add/drop,Antdell & Ernie,loss,player,Chris Boswell,K,PIT,,,,10.59,00-0031136
2024,8576037,8,2024-10-23 07:42:20,add/drop,Antdell & Ernie,gain,player,Ladd McConkey,WR,LAC,,,,20.24,00-0039915
2024,8576037,8,2024-10-23 07:42:20,add/drop,Antdell & Ernie,loss,player,Ricky Pearsall,WR,SF,,,,-35.29,00-0039916
2024,8575987,8,2024-10-23 07:26:37,add/drop,Richie,gain,player,Jauan Jennings,WR,SF,,,,-8,00-0036259
2024,8575987,8,2024-10-23 07:26:37,add/drop,Richie,loss,player,Chris Godwin,WR,TB,,,,-76.18,00-0033921
2024,8576038,8,2024-10-23 07:26:37,add,Antdell & Ernie,gain,player,Ricky Pearsall,WR,SF,,,,-35.29,00-0039916
2024,8576039,8,2024-10-23 07:26:37,add,Antdell & Ernie,gain,player,Caleb Williams,QB,CHI,,,,-6.13,00-0039918
2024,8576082,8,2024-10-23 07:26:37,add/drop,Chris & Dom,gain,player,Cade Otton,TE,TB,,,,0.74,00-0038129
2024,8576082,8,2024-10-23 07:26:37,add/drop,Chris & Dom,loss,player,Cameron Dicker,K,LAC,,,,12.35,00-0037224
2024,8576155,8,2024-10-23 07:26:37,add/drop,John Juliano,gain,player,Tyler Lockett,WR,SEA,,,,-51.59,00-0032211
2024,8576155,8,2024-10-23 07:26:37,add/drop,John Juliano,loss,player,Trey Sermon,RB,IND,,,,-52.24,00-0036984
2024,8576250,8,2024-10-23 07:26:37,add/drop,Pung & Tralie,gain,player,Geno Smith,QB,SEA,,,,-23.69,00-0030565
2024,8576250,8,2024-10-23 07:26:37,add/drop,Pung & Tralie,loss,player,Ladd McConkey,WR,LAC,,,,20.24,00-0039915
2024,8576251,8,2024-10-23 07:26:37,add/drop,Pung & Tralie,gain,player,Hunter Henry,TE,NE,,,,-1.96,00-0033090
2024,8576251,8,2024-10-23 07:26:37,add/drop,Pung & Tralie,loss,player,Bub Means,WR,NO,,,,-73.47,00-0039386
2024,8576359,8,2024-10-23 07:26:37,add/drop,Frank & Julian,gain,player,Jalen McMillan,WR,TB,,,,-19.18,00-0039855
2024,8576359,8,2024-10-23 07:26:37,add/drop,Frank & Julian,loss,player,Antonio Gibson,RB,NE,,,,-33.24,00-0036328
2024,8576083,8,2024-10-22 20:38:04,drop,Chris & Dom,loss,player,Los Angeles Rams,DEF,LAR,,,,7.06,DEF-0019
2024,8576156,8,2024-10-22 13:35:03,drop,John Juliano,loss,player,New Orleans Saints,DEF,NO,,,,-15.29,DEF-0023
2024,8576312,8,2024-10-22 11:05:49,drop,Cambrias,loss,player,Emanuel Wilson,RB,GB,,,,-35.76,00-0038797
2024,8576040,8,2024-10-22 08:26:26,drop,Antdell & Ernie,loss,player,Dalton Schultz,TE,HOU,,,,-4.85,00-0034383
2024,8576084,7,2024-10-20 12:55:34,add,Chris & Dom,gain,player,Los Angeles Rams,DEF,LAR,,,,15.53,DEF-0019
2024,8576215,7,2024-10-19 20:17:19,add/drop,Nolan & Vinny,gain,player,Tyler Allgeier,RB,ATL,,,,-39.47,00-0037263
2024,8576215,7,2024-10-19 20:17:19,add/drop,Nolan & Vinny,loss,player,Geno Smith,QB,SEA,,,,-18.79,00-0030565
2024,8576313,7,2024-10-19 12:54:45,add/drop,Cambrias,gain,player,Emanuel Wilson,RB,GB,,,,-43.35,00-0038797
2024,8576313,7,2024-10-19 12:54:45,add/drop,Cambrias,loss,player,Isaac Guerendo,RB,SF,,,,-19.09,00-0039363
2024,8576157,7,2024-10-19 09:07:19,add,John Juliano,gain,player,Trey Sermon,RB,IND,,,,-58.36,00-0036984
2024,8576360,7,2024-10-18 18:07:20,add/drop,Frank & Julian,gain,player,Daniel Jones,QB,NYG,,,,-74.3,00-0035710
2024,8576360,7,2024-10-18 18:07:20,add/drop,Frank & Julian,loss,player,Trey Benson,RB,ARI,,,,-49.24,00-0039921
2024,8575988,7,2024-10-18 17:11:54,add/drop,Richie,gain,player,Tyler Goodson,RB,IND,,,,-57.39,00-0037120
2024,8575988,7,2024-10-18 17:11:54,add/drop,Richie,loss,player,Tyjae Spears,RB,TEN,,,,-21.74,00-0039032
2024,8576252,7,2024-10-17 23:01:12,add/drop,Pung & Tralie,gain,player,Bub Means,WR,NO,,,,-78.81,00-0039386
2024,8576252,7,2024-10-17 23:01:12,add/drop,Pung & Tralie,loss,player,Rashid Shaheed,WR,NO,,,,-86.12,00-0037545
2024,8576158,7,2024-10-17 20:45:45,add/drop,John Juliano,gain,player,New Orleans Saints,DEF,NO,,,,-18.76,DEF-0023
2024,8576158,7,2024-10-17 20:45:45,add/drop,John Juliano,loss,player,Jalen Tolbert,WR,DAL,,,,-38.11,00-0037666
2024,8576290,7,2024-10-17 20:22:00,add/drop,Ronnie,gain,player,Colby Parkinson,TE,LAR,,,,-42.77,00-0036244
2024,8576290,7,2024-10-17 20:22:00,add/drop,Ronnie,loss,player,Allen Lazard,WR,NYJ,,,,-74.15,00-0034521
2024,8576291,7,2024-10-17 20:15:32,add/drop,Ronnie,gain,player,Romeo Doubs,WR,GB,,,,-32.22,00-0037816
2024,8576291,7,2024-10-17 20:15:32,add/drop,Ronnie,loss,player,Rome Odunze,WR,CHI,,,,-25.75,00-0039919
2024,8576085,7,2024-10-17 18:36:35,add/drop,Chris & Dom,gain,player,Cameron Dicker,K,LAC,,,,20.06,00-0037224
2024,8576085,7,2024-10-17 18:36:35,add/drop,Chris & Dom,loss,player,Tyler Goodson,RB,IND,,,,-57.39,00-0037120
2024,8576216,7,2024-10-17 02:27:10,add/drop,Nolan & Vinny,gain,player,Sean Tucker,RB,TB,,,,-52.67,00-0038951
2024,8576216,7,2024-10-17 02:27:10,add/drop,Nolan & Vinny,loss,player,Roschon Johnson,RB,CHI,,,,-51.31,00-0039021
2024,8576086,7,2024-10-16 23:33:08,add,Chris & Dom,gain,player,Tyler Goodson,RB,IND,,,,-57.39,00-0037120
2024,8576292,7,2024-10-16 16:37:59,add/drop,Ronnie,gain,player,Ryan Izzo,TE,FA,,,,-61.08,00-0034439
2024,8576292,7,2024-10-16 16:37:59,add/drop,Ronnie,loss,player,Derek Carr,QB,NO,,,,-55.56,00-0031280
2024,8576314,7,2024-10-16 10:52:57,add/drop,Cambrias,gain,player,Isaac Guerendo,RB,SF,,,,-19.09,00-0039363
2024,8576314,7,2024-10-16 10:52:57,add/drop,Cambrias,loss,player,Trey Sermon,RB,IND,,,,-58.36,00-0036984
2024,8576336,7,2024-10-16 09:04:08,add/drop,Mike Long,gain,player,Los Angeles Chargers,DEF,LAC,,,,3.88,DEF-0018
2024,8576336,7,2024-10-16 09:04:08,add/drop,Mike Long,loss,player,Jaylen Warren,RB,PIT,,,,-4.66,00-0037228
2024,8576159,7,2024-10-16 07:49:05,add/drop,John Juliano,gain,player,Jerry Jeudy,WR,CLE,,,,28.28,00-0036407
2024,8576159,7,2024-10-16 07:49:05,add/drop,John Juliano,loss,player,Los Angeles Chargers,DEF,LAC,,,,3.88,DEF-0018
2024,8575989,7,2024-10-16 07:24:19,add/drop,Richie,gain,player,David Njoku,TE,CLE,,,,24.72,00-0033885
2024,8575989,7,2024-10-16 07:24:19,add/drop,Richie,loss,player,Dontayvion Wicks,WR,GB,,,,-48.4,00-0038393
2024,8576041,7,2024-10-16 07:24:19,add/drop,Antdell & Ernie,gain,player,Cincinnati Bengals,DEF,CIN,,,,1.94,DEF-0007
2024,8576041,7,2024-10-16 07:24:19,add/drop,Antdell & Ernie,loss,player,Tampa Bay Buccaneers,DEF,TB,,,,-9.71,DEF-0030
2024,8576042,7,2024-10-16 07:24:19,add,Antdell & Ernie,gain,player,Dalton Schultz,TE,HOU,,,,-9.32,00-0034383
2024,8576043,7,2024-10-16 07:24:19,add/drop,Antdell & Ernie,gain,player,Ray Davis,RB,BUF,,,,-30.48,00-0039875
2024,8576043,7,2024-10-16 07:24:19,add/drop,Antdell & Ernie,loss,player,Justin Fields,QB,PIT,,,,-103.01,00-0036945
2024,8576111,7,2024-10-16 07:24:19,add/drop,Phil Baldino,gain,player,Buffalo Bills,DEF,BUF,,,,6.47,DEF-0004
2024,8576111,7,2024-10-16 07:24:19,add/drop,Phil Baldino,loss,player,Atlanta Falcons,DEF,ATL,,,,-3.24,DEF-0002
2024,8576217,7,2024-10-16 07:24:19,add/drop,Nolan & Vinny,gain,player,Christian Watson,WR,GB,,,,-39.21,00-0038124
2024,8576217,7,2024-10-16 07:24:19,add/drop,Nolan & Vinny,loss,player,Alec Pierce,WR,IND,,,,-31.84,00-0037664
2024,8576337,7,2024-10-16 07:24:19,add/drop,Mike Long,gain,player,Alexander Mattison,RB,LV,,,,-32.48,00-0034972
2024,8576337,7,2024-10-16 07:24:19,add/drop,Mike Long,loss,player,Colby Parkinson,TE,LAR,,,,-42.77,00-0036244
2024,8576361,7,2024-10-16 07:24:19,add/drop,Frank & Julian,gain,player,Demario Douglas,WR,NE,,,,-29.89,00-0038621
2024,8576361,7,2024-10-16 07:24:19,add/drop,Frank & Julian,loss,player,Jerome Ford,RB,CLE,,,,-24.78,00-0037267
2024,8576253,7,2024-10-15 20:42:28,add,Pung & Tralie,gain,player,Amari Cooper,WR,CLE,,,,-46.2,00-0031544
2024,8576254,7,2024-10-15 15:42:47,drop,Pung & Tralie,loss,player,Amari Cooper,WR,CLE,,,,-46.2,00-0031544
2024,8576255,7,2024-10-15 15:42:47,trade,Pung & Tralie,loss,player,Josh Jacobs,RB,GB,,,,64.58,00-0035700
2024,8576255,7,2024-10-15 15:42:47,trade,Pung & Tralie,loss,player,Xavier Worthy,WR,KC,,,,-2.59,00-0039894
2024,8576255,7,2024-10-15 15:42:47,trade,Pung & Tralie,gain,player,Brian Thomas Jr.,WR,JAX,,,,30.35,00-0039893
2024,8576255,7,2024-10-15 15:42:47,trade,Pung & Tralie,gain,player,Tank Bigsby,RB,JAX,,,,-23.88,00-0038555
2024,8576255,7,2024-10-15 15:42:47,trade,Pung & Tralie,gain,player,Jonathon Brooks,RB,CAR,,,,-67.1,00-0039344
2024,8576315,7,2024-10-15 15:42:47,trade,Cambrias,gain,player,Josh Jacobs,RB,GB,,,,64.58,00-0035700
2024,8576315,7,2024-10-15 15:42:47,trade,Cambrias,gain,player,Xavier Worthy,WR,KC,,,,-2.59,00-0039894
2024,8576315,7,2024-10-15 15:42:47,trade,Cambrias,loss,player,Brian Thomas Jr.,WR,JAX,,,,30.35,00-0039893
2024,8576315,7,2024-10-15 15:42:47,trade,Cambrias,loss,player,Tank Bigsby,RB,JAX,,,,-23.88,00-0038555
2024,8576315,7,2024-10-15 15:42:47,trade,Cambrias,loss,player,Jonathon Brooks,RB,CAR,,,,-67.1,00-0039344
2024,8576160,7,2024-10-15 14:25:09,drop,John Juliano,loss,player,Darius Slayton,WR,NYG,,,,-53.84,00-0035535
2024,8576256,7,2024-10-15 12:58:52,trade,Pung & Tralie,loss,player,J.K. Dobbins,RB,LAC,,,,-5.63,00-0036158
2024,8576256,7,2024-10-15 12:58:52,trade,Pung & Tralie,loss,player,Brandon Aiyuk,WR,SF,,,,-83.34,00-0036261
2024,8576256,7,2024-10-15 12:58:52,trade,Pung & Tralie,gain,player,Terry McLaurin,WR,WAS,,,,17.92,00-0035659
2024,8576256,7,2024-10-15 12:58:52,trade,Pung & Tralie,gain,player,Rashid Shaheed,WR,NO,,,,-86.12,00-0037545
2024,8576293,7,2024-10-15 12:58:52,trade,Ronnie,gain,player,J.K. Dobbins,RB,LAC,,,,-5.63,00-0036158
2024,8576293,7,2024-10-15 12:58:52,trade,Ronnie,gain,player,Brandon Aiyuk,WR,SF,,,,-83.34,00-0036261
2024,8576293,7,2024-10-15 12:58:52,trade,Ronnie,loss,player,Terry McLaurin,WR,WAS,,,,17.92,00-0035659
2024,8576293,7,2024-10-15 12:58:52,trade,Ronnie,loss,player,Rashid Shaheed,WR,NO,,,,-86.12,00-0037545
2024,8576044,7,2024-10-15 12:49:04,drop,Antdell & Ernie,loss,player,Pat Freiermuth,TE,PIT,,,,0,00-0036894
2024,8576087,7,2024-10-15 10:31:14,trade,Chris & Dom,gain,player,Jonathan Taylor,RB,IND,,,,25.17,00-0036223
2024,8576087,7,2024-10-15 10:31:14,trade,Chris & Dom,gain,player,James Cook,RB,BUF,,,,40.44,00-0037248
2024,8576087,7,2024-10-15 10:31:14,trade,Chris & Dom,loss,player,Rico Dowdle,RB,DAL,,,,3.56,00-0036139
2024,8576087,7,2024-10-15 10:31:14,trade,Chris & Dom,loss,player,Jared Goff,QB,DET,,,,41.55,00-0033106
2024,8576087,7,2024-10-15 10:31:14,trade,Chris & Dom,loss,player,James Conner,RB,ARI,,,,43.03,00-0033553
2024,8576294,7,2024-10-15 10:31:14,drop,Ronnie,loss,player,Ty Johnson,RB,BUF,,,,-32.68,00-0035537
2024,8576295,7,2024-10-15 10:31:14,trade,Ronnie,loss,player,Jonathan Taylor,RB,IND,,,,25.17,00-0036223
2024,8576295,7,2024-10-15 10:31:14,trade,Ronnie,loss,player,James Cook,RB,BUF,,,,40.44,00-0037248
2024,8576295,7,2024-10-15 10:31:14,trade,Ronnie,gain,player,Rico Dowdle,RB,DAL,,,,3.56,00-0036139
2024,8576295,7,2024-10-15 10:31:14,trade,Ronnie,gain,player,Jared Goff,QB,DET,,,,41.55,00-0033106
2024,8576295,7,2024-10-15 10:31:14,trade,Ronnie,gain,player,James Conner,RB,ARI,,,,43.03,00-0033553
2024,8576045,7,2024-10-15 05:05:15,drop,Antdell & Ernie,loss,player,Kendre Miller,RB,NO,,,,-53.12,00-0038551
2024,8576296,6,2024-10-14 22:56:21,add/drop,Ronnie,gain,player,Ty Johnson,RB,BUF,,,,-43.84,00-0035537
2024,8576296,6,2024-10-14 22:56:21,add/drop,Ronnie,loss,player,Ryan Izzo,TE,FA,,,,-69.18,00-0034439
2024,8576161,6,2024-10-13 18:52:30,add/drop,John Juliano,gain,player,Los Angeles Chargers,DEF,LAC,,,,6.35,DEF-0018
2024,8576161,6,2024-10-13 18:52:30,add/drop,John Juliano,loss,player,Alexander Mattison,RB,LV,,,,-33.32,00-0034972
2024,8575990,6,2024-10-13 14:56:28,add/drop,Richie,gain,player,Kimani Vidal,RB,LAC,,,,-66,00-0039391
2024,8575990,6,2024-10-13 14:56:28,add/drop,Richie,loss,player,Joe Flacco,QB,IND,,,,-95.21,00-0026158
2024,8576088,6,2024-10-12 21:40:29,add/drop,Chris & Dom,gain,player,Courtland Sutton,WR,DEN,,,,23.44,00-0034348
2024,8576088,6,2024-10-12 21:40:29,add/drop,Chris & Dom,loss,player,Cleveland Browns,DEF,CLE,,,,-21.88,DEF-0008
2024,8576112,6,2024-10-12 21:39:04,add/drop,Phil Baldino,gain,player,Kansas City Chiefs,DEF,KC,,,,-0.71,DEF-0016
2024,8576112,6,2024-10-12 21:39:04,add/drop,Phil Baldino,loss,player,Courtland Sutton,WR,DEN,,,,23.44,00-0034348
2024,8576113,6,2024-10-12 21:37:24,add/drop,Phil Baldino,gain,player,Courtland Sutton,WR,DEN,,,,23.44,00-0034348
2024,8576113,6,2024-10-12 21:37:24,add/drop,Phil Baldino,loss,player,Kansas City Chiefs,DEF,KC,,,,-0.71,DEF-0016
2024,8576218,6,2024-10-12 20:22:58,add/drop,Nolan & Vinny,gain,player,Roschon Johnson,RB,CHI,,,,-62.12,00-0039021
2024,8576218,6,2024-10-12 20:22:58,add/drop,Nolan & Vinny,loss,player,Jauan Jennings,WR,SF,,,,-14.33,00-0036259
2024,8576046,6,2024-10-11 22:46:33,trade,Antdell & Ernie,gain,player,Bucky Irving,RB,TB,,,,43.41,00-0039361
2024,8576046,6,2024-10-11 22:46:33,trade,Antdell & Ernie,gain,player,Mike Evans,WR,TB,,,,0,00-0031408
2024,8576046,6,2024-10-11 22:46:33,trade,Antdell & Ernie,loss,player,Tony Pollard,RB,TEN,,,,7.76,00-0035261
2024,8576046,6,2024-10-11 22:46:33,trade,Antdell & Ernie,loss,player,Khalil Shakir,WR,BUF,,,,-8.89,00-0037261
2024,8576362,6,2024-10-11 22:46:33,trade,Frank & Julian,loss,player,Bucky Irving,RB,TB,,,,43.41,00-0039361
2024,8576362,6,2024-10-11 22:46:33,trade,Frank & Julian,loss,player,Mike Evans,WR,TB,,,,0,00-0031408
2024,8576362,6,2024-10-11 22:46:33,trade,Frank & Julian,gain,player,Tony Pollard,RB,TEN,,,,7.76,00-0035261
2024,8576362,6,2024-10-11 22:46:33,trade,Frank & Julian,gain,player,Khalil Shakir,WR,BUF,,,,-8.89,00-0037261
2024,8576162,6,2024-10-11 15:52:35,add,John Juliano,gain,player,Darius Slayton,WR,NYG,,,,-56.68,00-0035535
2024,8576363,6,2024-10-10 20:18:32,add/drop,Frank & Julian,gain,player,Antonio Gibson,RB,NE,,,,-48.85,00-0036328
2024,8576363,6,2024-10-10 20:18:32,add/drop,Frank & Julian,loss,player,Tyler Goodson,RB,IND,,,,-65.79,00-0037120
2024,8575991,6,2024-10-10 09:10:23,drop,Richie,loss,player,Antonio Gibson,RB,NE,,,,-48.85,00-0036328
2024,8576219,6,2024-10-09 22:07:21,add,Nolan & Vinny,gain,player,Alec Pierce,WR,IND,,,,-40.94,00-0037664
2024,8576114,6,2024-10-09 22:02:24,add/drop,Phil Baldino,gain,player,Atlanta Falcons,DEF,ATL,,,,-2.82,DEF-0002
2024,8576114,6,2024-10-09 22:02:24,add/drop,Phil Baldino,loss,player,Gus Edwards,RB,LAC,,,,-52.66,00-0034184
2024,8576364,6,2024-10-09 20:15:21,add/drop,Frank & Julian,gain,player,Tyler Goodson,RB,IND,,,,-65.79,00-0037120
2024,8576364,6,2024-10-09 20:15:21,add/drop,Frank & Julian,loss,player,Carson Steele,RB,KC,,,,-82.52,00-0039325
2024,8576220,6,2024-10-09 17:32:27,add/drop,Nolan & Vinny,gain,player,Geno Smith,QB,SEA,,,,-20.71,00-0030565
2024,8576220,6,2024-10-09 17:32:27,add/drop,Nolan & Vinny,loss,player,Tyler Allgeier,RB,ATL,,,,-39.67,00-0037263
2024,8576221,6,2024-10-09 17:08:01,trade,Nolan & Vinny,loss,player,Tank Dell,WR,HOU,,,,-20.89,00-0038977
2024,8576221,6,2024-10-09 17:08:01,trade,Nolan & Vinny,loss,player,D'Andre Swift,RB,CHI,,,,4.87,00-0036275
2024,8576221,6,2024-10-09 17:08:01,trade,Nolan & Vinny,gain,player,Tyreek Hill,WR,MIA,,,,9.6,00-0033040
2024,8576338,6,2024-10-09 17:08:01,trade,Mike Long,gain,player,Tank Dell,WR,HOU,,,,-20.89,00-0038977
2024,8576338,6,2024-10-09 17:08:01,trade,Mike Long,gain,player,D'Andre Swift,RB,CHI,,,,4.87,00-0036275
2024,8576338,6,2024-10-09 17:08:01,trade,Mike Long,loss,player,Tyreek Hill,WR,MIA,,,,9.6,00-0033040
2024,8576222,6,2024-10-09 16:53:55,drop,Nolan & Vinny,loss,player,Cam Akers,RB,MIN,,,,-51.04,00-0036414
2024,8576047,6,2024-10-09 11:46:51,add,Antdell & Ernie,gain,player,Kendre Miller,RB,NO,,,,-68.54,00-0038551
2024,8576048,6,2024-10-09 11:44:42,add,Antdell & Ernie,gain,player,Tampa Bay Buccaneers,DEF,TB,,,,-1.41,DEF-0030
2024,8576049,6,2024-10-09 11:44:20,add/drop,Antdell & Ernie,gain,player,Tua Tagovailoa,QB,MIA,,,,-13.64,00-0036212
2024,8576049,6,2024-10-09 11:44:20,add/drop,Antdell & Ernie,loss,player,Indianapolis Colts,DEF,IND,,,,-12.71,DEF-0014
2024,8576050,6,2024-10-09 11:39:35,add/drop,Antdell & Ernie,gain,player,Indianapolis Colts,DEF,IND,,,,-12.71,DEF-0014
2024,8576050,6,2024-10-09 11:39:35,add/drop,Antdell & Ernie,loss,player,Courtland Sutton,WR,DEN,,,,23.44,00-0034348
2024,8576339,6,2024-10-09 08:56:15,add/drop,Mike Long,gain,player,Chicago Bears,DEF,CHI,,,,-19.06,DEF-0006
2024,8576339,6,2024-10-09 08:56:15,add/drop,Mike Long,loss,player,Dallas Cowboys,DEF,DAL,,,,-1.41,DEF-0009
2024,8576089,6,2024-10-09 07:24:19,add/drop,Chris & Dom,gain,player,Houston Texans,DEF,HOU,,,,16.94,DEF-0013
2024,8576089,6,2024-10-09 07:24:19,add/drop,Chris & Dom,loss,player,Tre Tucker,WR,LV,,,,-47.01,00-0038563
2024,8576090,6,2024-10-09 07:24:19,add,Chris & Dom,gain,player,Ty Chandler,RB,MIN,,,,-86.61,00-0037276
2024,8576163,6,2024-10-09 07:24:19,add/drop,John Juliano,gain,player,Jalen Tolbert,WR,DAL,,,,-41.93,00-0037666
2024,8576163,6,2024-10-09 07:24:19,add/drop,John Juliano,loss,player,Brenton Strange,TE,JAX,,,,-37.34,00-0038935
2024,8576257,6,2024-10-09 07:24:19,add/drop,Pung & Tralie,gain,player,JuJu Smith-Schuster,WR,KC,,,,-83.93,00-0033857
2024,8576257,6,2024-10-09 07:24:19,add/drop,Pung & Tralie,loss,player,Jerry Jeudy,WR,CLE,,,,27.81,00-0036407
2024,8576268,6,2024-10-09 07:24:19,add/drop,Rob & GregBo,gain,player,Jake Elliott,K,PHI,,,,12,00-0033787
2024,8576268,6,2024-10-09 07:24:19,add/drop,Rob & GregBo,loss,player,Jake Moody,K,SF,,,,-31.06,00-0038562
2024,8576316,6,2024-10-09 07:24:19,add,Cambrias,gain,player,Tank Bigsby,RB,JAX,,,,-34.94,00-0038555
2024,8576340,6,2024-10-09 07:24:19,add/drop,Mike Long,gain,player,Isaiah Likely,TE,BAL,,,,-23.36,00-0037838
2024,8576340,6,2024-10-09 07:24:19,add/drop,Mike Long,loss,player,David Njoku,TE,CLE,,,,30.14,00-0033885
2024,8576051,6,2024-10-08 23:44:12,drop,Antdell & Ernie,loss,player,Chicago Bears,DEF,CHI,,,,-19.06,DEF-0006
2024,8576317,6,2024-10-08 22:19:16,drop,Cambrias,loss,player,Rashee Rice,WR,KC,,,,-100.16,00-0039067
2024,8576091,6,2024-10-08 18:23:12,drop,Chris & Dom,loss,player,Dalton Schultz,TE,HOU,,,,-7.98,00-0034383
2024,8576092,6,2024-10-08 18:22:48,drop,Chris & Dom,loss,player,Geno Smith,QB,SEA,,,,-20.71,00-0030565
2024,8576052,5,2024-10-06 19:50:10,drop,Antdell & Ernie,loss,player,Jordan Whittington,WR,LAR,,,,-101.09,00-0039751
2024,8576223,5,2024-10-06 15:12:43,add/drop,Nolan & Vinny,gain,player,Austin Seibert,K,WAS,,,,-24.47,00-0035145
2024,8576223,5,2024-10-06 15:12:43,add/drop,Nolan & Vinny,loss,player,Matt Prater,K,ARI,,,,-80.29,00-0023853
2024,8576093,5,2024-10-06 14:46:47,add,Chris & Dom,gain,player,Tre Tucker,WR,LV,,,,-52.61,00-0038563
2024,8576164,5,2024-10-06 09:37:19,add/drop,John Juliano,gain,player,Brenton Strange,TE,JAX,,,,-38.01,00-0038935
2024,8576164,5,2024-10-06 09:37:19,add/drop,John Juliano,loss,player,Ty Chandler,RB,MIN,,,,-97.73,00-0037276
2024,8575992,5,2024-10-06 09:17:33,add/drop,Richie,gain,player,Joe Flacco,QB,IND,,,,-100.88,00-0026158
2024,8575992,5,2024-10-06 09:17:33,add/drop,Richie,loss,player,Isaiah Likely,TE,BAL,,,,-19.88,00-0037838
2024,8576053,5,2024-10-04 22:43:20,add,Antdell & Ernie,gain,player,Jordan Whittington,WR,LAR,,,,-101.09,00-0039751
2024,8576224,5,2024-10-04 19:24:30,add,Nolan & Vinny,gain,player,Cam Akers,RB,MIN,,,,-53.99,00-0036414
2024,8576165,5,2024-10-04 13:12:53,add/drop,John Juliano,gain,player,Tyrone Tracy,RB,NYG,,,,20.26,00-0039384
2024,8576165,5,2024-10-04 13:12:53,add/drop,John Juliano,loss,player,Keenan Allen,WR,CHI,,,,14.84,00-0030279
2024,8576341,5,2024-10-02 22:34:50,add/drop,Mike Long,gain,player,Daniel Carlson,K,LV,,,,-3.06,00-0034161
2024,8576341,5,2024-10-02 22:34:50,add/drop,Mike Long,loss,player,Cameron Dicker,K,LAC,,,,20.65,00-0037224
2024,8575993,5,2024-10-02 18:10:08,add,Richie,gain,player,Antonio Gibson,RB,NE,,,,-56.28,00-0036328
2024,8576365,5,2024-10-02 16:10:37,add/drop,Frank & Julian,gain,player,Denver Broncos,DEF,DEN,,,,29.06,DEF-0010
2024,8576365,5,2024-10-02 16:10:37,add/drop,Frank & Julian,loss,player,Miami Dolphins,DEF,MIA,,,,-14.53,DEF-0020
2024,8576269,5,2024-10-02 16:08:13,add/drop,Rob & GregBo,gain,player,Seattle Seahawks,DEF,SEA,,,,13.76,DEF-0029
2024,8576269,5,2024-10-02 16:08:13,add/drop,Rob & GregBo,loss,player,Zamir White,RB,LV,,,,-96.12,00-0038040
2024,8576366,5,2024-10-02 16:07:22,add/drop,Frank & Julian,gain,player,Raheem Mostert,RB,MIA,,,,-53.68,00-0031687
2024,8576366,5,2024-10-02 16:07:22,add/drop,Frank & Julian,loss,player,Mike Gesicki,TE,CIN,,,,-7.8,00-0034829
2024,8576166,5,2024-10-02 14:20:21,add/drop,John Juliano,gain,player,Ty Chandler,RB,MIN,,,,-97.73,00-0037276
2024,8576166,5,2024-10-02 14:20:21,add/drop,John Juliano,loss,player,Quentin Johnston,WR,LAC,,,,-37.62,00-0038544
2024,8576225,5,2024-10-02 14:19:43,add/drop,Nolan & Vinny,gain,player,Tucker Kraft,TE,GB,,,,13.38,00-0038996
2024,8576225,5,2024-10-02 14:19:43,add/drop,Nolan & Vinny,loss,player,Ty Chandler,RB,MIN,,,,-97.73,00-0037276
2024,8575994,5,2024-10-02 09:04:06,add/drop,Richie,gain,player,New England Patriots,DEF,NE,,,,-32.88,DEF-0022
2024,8575994,5,2024-10-02 09:04:06,add/drop,Richie,loss,player,Tennessee Titans,DEF,TEN,,,,-29.82,DEF-0031
2024,8575995,5,2024-10-02 07:24:31,add/drop,Richie,gain,player,Josh Downs,WR,IND,,,,-9.41,00-0038997
2024,8575995,5,2024-10-02 07:24:31,add/drop,Richie,loss,player,Ezekiel Elliott,RB,DAL,,,,-79.07,00-0033045
2024,8575996,5,2024-10-02 07:24:31,add/drop,Richie,gain,player,Dontayvion Wicks,WR,GB,,,,-65.38,00-0038393
2024,8575996,5,2024-10-02 07:24:31,add/drop,Richie,loss,player,Christian Watson,WR,GB,,,,-46.95,00-0038124
2024,8576054,5,2024-10-02 07:24:31,add/drop,Antdell & Ernie,gain,player,Chicago Bears,DEF,CHI,,,,-14.53,DEF-0006
2024,8576054,5,2024-10-02 07:24:31,add/drop,Antdell & Ernie,loss,player,Houston Texans,DEF,HOU,,,,15.29,DEF-0013
2024,8576094,5,2024-10-02 07:24:31,add/drop,Chris & Dom,gain,player,Geno Smith,QB,SEA,,,,-23.61,00-0030565
2024,8576094,5,2024-10-02 07:24:31,add/drop,Chris & Dom,loss,player,Raheem Mostert,RB,MIA,,,,-53.68,00-0031687
2024,8576297,5,2024-10-02 07:24:31,add/drop,Ronnie,gain,player,Ryan Izzo,TE,FA,,,,-81.98,00-0034439
2024,8576297,5,2024-10-02 07:24:31,add/drop,Ronnie,loss,player,Andrei Iosivas,WR,CIN,,,,-55.36,00-0038619
2024,8576318,5,2024-10-02 07:24:31,add/drop,Cambrias,gain,player,Trey Sermon,RB,IND,,,,-71.88,00-0036984
2024,8576318,5,2024-10-02 07:24:31,add/drop,Cambrias,loss,player,Roschon Johnson,RB,CHI,,,,-64.62,00-0039021
2024,8576367,5,2024-10-02 07:24:31,add/drop,Frank & Julian,gain,player,Wan'Dale Robinson,WR,NYG,,,,-26.08,00-0038117
2024,8576367,5,2024-10-02 07:24:31,add/drop,Frank & Julian,loss,player,Cam Akers,RB,MIN,,,,-53.99,00-0036414
2024,8576167,5,2024-10-01 12:05:26,drop,John Juliano,loss,player,Brenton Strange,TE,JAX,,,,-38.01,00-0038935
2024,8576168,5,2024-10-01 08:27:45,drop,John Juliano,loss,player,Hunter Henry,TE,NE,,,,7.19,00-0033090
2024,8576169,5,2024-10-01 08:27:45,trade,John Juliano,gain,player,Quentin Johnston,WR,LAC,,,,-37.62,00-0038544
2024,8576169,5,2024-10-01 08:27:45,trade,John Juliano,gain,player,Kenneth Walker III,RB,SEA,,,,-4.97,00-0038134
2024,8576169,5,2024-10-01 08:27:45,trade,John Juliano,loss,player,Jonathon Brooks,RB,CAR,,,,-99.18,00-0039344
2024,8576169,5,2024-10-01 08:27:45,trade,John Juliano,loss,player,Deebo Samuel,WR,SF,,,,-29.82,00-0035719
2024,8576319,5,2024-10-01 08:27:45,trade,Cambrias,loss,player,Quentin Johnston,WR,LAC,,,,-37.62,00-0038544
2024,8576319,5,2024-10-01 08:27:45,trade,Cambrias,loss,player,Kenneth Walker III,RB,SEA,,,,-4.97,00-0038134
2024,8576319,5,2024-10-01 08:27:45,trade,Cambrias,gain,player,Jonathon Brooks,RB,CAR,,,,-99.18,00-0039344
2024,8576319,5,2024-10-01 08:27:45,trade,Cambrias,gain,player,Deebo Samuel,WR,SF,,,,-29.82,00-0035719
2024,8576055,4,2024-09-29 20:48:02,drop,Antdell & Ernie,loss,player,Kendre Miller,RB,NO,,,,-104.51,00-0038551
2024,8576170,4,2024-09-29 15:53:56,add,John Juliano,gain,player,Brenton Strange,TE,JAX,,,,-47.27,00-0038935
2024,8576368,4,2024-09-29 15:45:32,drop,Frank & Julian,loss,player,Demarcus Robinson,WR,LAR,,,,-52.46,00-0032775
2024,8576171,4,2024-09-28 20:03:27,add/drop,John Juliano,gain,player,Keenan Allen,WR,CHI,,,,11.86,00-0030279
2024,8576171,4,2024-09-28 20:03:27,add/drop,John Juliano,loss,player,Josh Downs,WR,IND,,,,0,00-0038997
2024,8576172,4,2024-09-28 08:47:58,add/drop,John Juliano,gain,player,Hunter Henry,TE,NE,,,,0,00-0033090
2024,8576172,4,2024-09-28 08:47:58,add/drop,John Juliano,loss,player,Brenton Strange,TE,JAX,,,,-47.27,00-0038935
2024,8576056,4,2024-09-27 22:21:04,add,Antdell & Ernie,gain,player,Courtland Sutton,WR,DEN,,,,29.4,00-0034348
2024,8576369,4,2024-09-27 16:47:40,add,Frank & Julian,gain,player,Mike Gesicki,TE,CIN,,,,-18.69,00-0034829
2024,8576226,4,2024-09-26 22:26:12,add/drop,Nolan & Vinny,gain,player,Tyler Allgeier,RB,ATL,,,,-56.41,00-0037263
2024,8576226,4,2024-09-26 22:26:12,add/drop,Nolan & Vinny,loss,player,Hunter Henry,TE,NE,,,,0,00-0033090
2024,8575997,4,2024-09-26 16:32:43,add,Richie,gain,player,Tennessee Titans,DEF,TEN,,,,-29.65,DEF-0031
2024,8575998,4,2024-09-26 16:32:25,drop,Richie,loss,player,Tyler Allgeier,RB,ATL,,,,-56.41,00-0037263
2024,8575999,4,2024-09-26 16:32:08,drop,Richie,loss,player,Seattle Seahawks,DEF,SEA,,,,9.88,DEF-0029
2024,8576370,4,2024-09-25 23:45:36,add/drop,Frank & Julian,gain,player,Miami Dolphins,DEF,MIA,,,,-19.76,DEF-0020
2024,8576370,4,2024-09-25 23:45:36,add/drop,Frank & Julian,loss,player,Los Angeles Chargers,DEF,LAC,,,,3.29,DEF-0018
2024,8576227,4,2024-09-25 22:07:02,add/drop,Nolan & Vinny,gain,player,Matt Prater,K,ARI,,,,-89.76,00-0023853
2024,8576227,4,2024-09-25 22:07:02,add/drop,Nolan & Vinny,loss,player,Jake Elliott,K,PHI,,,,3.29,00-0033787
2024,8576320,4,2024-09-25 16:37:14,add/drop,Cambrias,gain,player,Roschon Johnson,RB,CHI,,,,-77.99,00-0039021
2024,8576320,4,2024-09-25 16:37:14,add/drop,Cambrias,loss,player,Samaje Perine,RB,KC,,,,-71.89,00-0033526
2024,8576298,4,2024-09-25 12:06:43,add/drop,Ronnie,gain,player,Andrei Iosivas,WR,CIN,,,,-64.56,00-0038619
2024,8576298,4,2024-09-25 12:06:43,add/drop,Ronnie,loss,player,Matthew Stafford,QB,LAR,,,,-28.23,00-0026498
2024,8576057,4,2024-09-25 08:39:58,add/drop,Antdell & Ernie,gain,player,Justin Fields,QB,PIT,,,,-113.05,00-0036945
2024,8576057,4,2024-09-25 08:39:58,add/drop,Antdell & Ernie,loss,player,Jaylen Wright,RB,MIA,,,,-107.88,00-0039874
2024,8576115,4,2024-09-25 07:25:14,add/drop,Phil Baldino,gain,player,Jaleel McLaughlin,RB,DEN,,,,-66.21,00-0038794
2024,8576115,4,2024-09-25 07:25:14,add/drop,Phil Baldino,loss,player,Mike Gesicki,TE,CIN,,,,-18.69,00-0034829
2024,8576228,4,2024-09-25 07:25:14,add/drop,Nolan & Vinny,gain,player,Sam Darnold,QB,MIN,,,,23.75,00-0034869
2024,8576228,4,2024-09-25 07:25:14,add/drop,Nolan & Vinny,loss,player,Blake Corum,RB,LAR,,,,-105.82,00-0039738
2024,8576229,4,2024-09-25 07:25:14,add/drop,Nolan & Vinny,gain,player,Jauan Jennings,WR,SF,,,,-19.68,00-0036259
2024,8576229,4,2024-09-25 07:25:14,add/drop,Nolan & Vinny,loss,player,Jordan Whittington,WR,LAR,,,,-106.98,00-0039751
2024,8576258,4,2024-09-25 07:25:14,add/drop,Pung & Tralie,gain,player,Darnell Mooney,WR,ATL,,,,-1.07,00-0036309
2024,8576258,4,2024-09-25 07:25:14,add/drop,Pung & Tralie,loss,player,Keenan Allen,WR,CHI,,,,11.86,00-0030279
2024,8576299,4,2024-09-25 07:25:14,add/drop,Ronnie,gain,player,Allen Lazard,WR,NYJ,,,,-76.18,00-0034521
2024,8576299,4,2024-09-25 07:25:14,add/drop,Ronnie,loss,player,Erick All,TE,CIN,,,,-80.21,00-0039814
2024,8576173,4,2024-09-24 20:24:47,drop,John Juliano,loss,player,Tampa Bay Buccaneers,DEF,TB,,,,0,DEF-0030
2024,8576321,3,2024-09-22 20:50:32,add/drop,Cambrias,gain,player,Samaje Perine,RB,KC,,,,-76.06,00-0033526
2024,8576321,3,2024-09-22 20:50:32,add/drop,Cambrias,loss,player,Alec Pierce,WR,IND,,,,-53.29,00-0037664
2024,8576000,3,2024-09-22 17:07:31,add,Richie,gain,player,Tyler Allgeier,RB,ATL,,,,-62.82,00-0037263
2024,8576116,3,2024-09-22 16:21:03,add/drop,Phil Baldino,gain,player,Mike Gesicki,TE,CIN,,,,-14.91,00-0034829
2024,8576116,3,2024-09-22 16:21:03,add/drop,Phil Baldino,loss,player,Ray Davis,RB,BUF,,,,-59.82,00-0039875
2024,8576174,3,2024-09-21 21:16:39,add/drop,John Juliano,gain,player,Brenton Strange,TE,JAX,,,,-45.09,00-0038935
2024,8576174,3,2024-09-21 21:16:39,add/drop,John Juliano,loss,player,Mike Gesicki,TE,CIN,,,,-14.91,00-0034829
2024,8576175,3,2024-09-21 10:00:01,add,John Juliano,gain,player,Tampa Bay Buccaneers,DEF,TB,,,,-1.76,DEF-0030
2024,8576322,3,2024-09-20 20:23:19,add,Cambrias,gain,player,Austin Ekeler,RB,WAS,,,,-49.85,00-0033699
2024,8576259,3,2024-09-20 14:27:55,add/drop,Pung & Tralie,gain,player,Jerry Jeudy,WR,CLE,,,,28.06,00-0036407
2024,8576259,3,2024-09-20 14:27:55,add/drop,Pung & Tralie,loss,player,Justin Herbert,QB,LAC,,,,7.02,00-0036355
2024,8576260,3,2024-09-20 12:28:33,trade,Pung & Tralie,gain,player,Ladd McConkey,WR,LAC,,,,29.03,00-0039915
2024,8576260,3,2024-09-20 12:28:33,trade,Pung & Tralie,gain,player,Dalton Kincaid,TE,BUF,,,,-27.62,00-0038933
2024,8576260,3,2024-09-20 12:28:33,trade,Pung & Tralie,loss,player,Zack Moss,RB,CIN,,,,-88.06,00-0036251
2024,8576260,3,2024-09-20 12:28:33,trade,Pung & Tralie,loss,player,Dallas Goedert,TE,PHI,,,,-36.62,00-0034351
2024,8576300,3,2024-09-20 12:28:33,trade,Ronnie,loss,player,Ladd McConkey,WR,LAC,,,,29.03,00-0039915
2024,8576300,3,2024-09-20 12:28:33,trade,Ronnie,loss,player,Dalton Kincaid,TE,BUF,,,,-27.62,00-0038933
2024,8576300,3,2024-09-20 12:28:33,trade,Ronnie,gain,player,Zack Moss,RB,CIN,,,,-88.06,00-0036251
2024,8576300,3,2024-09-20 12:28:33,trade,Ronnie,gain,player,Dallas Goedert,TE,PHI,,,,-36.62,00-0034351
2024,8576301,3,2024-09-19 21:59:14,trade,Ronnie,loss,player,Travis Etienne,RB,JAX,,,,-58.59,00-0036973
2024,8576301,3,2024-09-19 21:59:14,trade,Ronnie,gain,player,Rashid Shaheed,WR,NO,,,,-111.53,00-0037545
2024,8576342,3,2024-09-19 21:59:14,trade,Mike Long,gain,player,Travis Etienne,RB,JAX,,,,-58.59,00-0036973
2024,8576342,3,2024-09-19 21:59:14,trade,Mike Long,loss,player,Rashid Shaheed,WR,NO,,,,-111.53,00-0037545
2024,8576058,3,2024-09-19 21:24:03,trade,Antdell & Ernie,loss,player,Cooper Kupp,WR,LAR,,,,-34.15,00-0033908
2024,8576058,3,2024-09-19 21:24:03,trade,Antdell & Ernie,gain,player,Tee Higgins,WR,CIN,,,,35.12,00-0036410
2024,8576323,3,2024-09-19 21:24:03,trade,Cambrias,gain,player,Cooper Kupp,WR,LAR,,,,-34.15,00-0033908
2024,8576323,3,2024-09-19 21:24:03,trade,Cambrias,loss,player,Tee Higgins,WR,CIN,,,,35.12,00-0036410
2024,8576371,3,2024-09-19 19:29:38,add/drop,Frank & Julian,gain,player,Cam Akers,RB,MIN,,,,-70.24,00-0036414
2024,8576371,3,2024-09-19 19:29:38,add/drop,Frank & Julian,loss,player,Caleb Williams,QB,CHI,,,,0,00-0039918
2024,8576261,3,2024-09-18 15:39:32,add/drop,Pung & Tralie,gain,player,Chase McLaughlin,K,TB,,,,13.24,00-0035358
2024,8576261,3,2024-09-18 15:39:32,add/drop,Pung & Tralie,loss,player,Jason Sanders,K,MIA,,,,27.35,00-0034794
2024,8576262,3,2024-09-18 15:37:00,add/drop,Pung & Tralie,gain,player,Kareem Hunt,RB,KC,,,,-5.74,00-0033923
2024,8576262,3,2024-09-18 15:37:00,add/drop,Pung & Tralie,loss,player,Tank Bigsby,RB,JAX,,,,-43.59,00-0038555
2024,8576059,3,2024-09-18 11:18:02,add/drop,Antdell & Ernie,gain,player,Braelon Allen,RB,NYJ,,,,-91.15,00-0039794
2024,8576059,3,2024-09-18 11:18:02,add/drop,Antdell & Ernie,loss,player,Jaleel McLaughlin,RB,DEN,,,,-68.74,00-0038794
2024,8576176,3,2024-09-18 11:18:02,add/drop,John Juliano,gain,player,Minnesota Vikings,DEF,MIN,,,,23.82,DEF-0021
2024,8576176,3,2024-09-18 11:18:02,add/drop,John Juliano,loss,player,Indianapolis Colts,DEF,IND,,,,-14.12,DEF-0014
2024,8576177,3,2024-09-18 11:18:02,add/drop,John Juliano,gain,player,Jordan Addison,WR,MIN,,,,29.12,00-0038994
2024,8576177,3,2024-09-18 11:18:02,add/drop,John Juliano,loss,player,Jeffery Wilson,RB,MIA,,,,-138.26,00-0034115
2024,8576178,3,2024-09-18 11:18:02,add/drop,John Juliano,gain,player,Josh Downs,WR,IND,,,,-8.12,00-0038997
2024,8576178,3,2024-09-18 11:18:02,add/drop,John Juliano,loss,player,Courtland Sutton,WR,DEN,,,,30.97,00-0034348
2024,8576230,3,2024-09-18 11:18:02,add/drop,Nolan & Vinny,gain,player,Hunter Henry,TE,NE,,,,0,00-0033090
2024,8576230,3,2024-09-18 11:18:02,add/drop,Nolan & Vinny,loss,player,Brandin Cooks,WR,DAL,,,,-111.62,00-0031236
2024,8576302,3,2024-09-18 11:18:02,add/drop,Ronnie,gain,player,Erick All,TE,CIN,,,,-83.03,00-0039814
2024,8576302,3,2024-09-18 11:18:02,add/drop,Ronnie,loss,player,Joshua Palmer,WR,LAC,,,,-65.29,00-0036988
2024,8576303,3,2024-09-18 11:18:02,add/drop,Ronnie,gain,player,Derek Carr,QB,NO,,,,-106.99,00-0031280
2024,8576303,3,2024-09-18 11:18:02,add/drop,Ronnie,loss,player,Austin Ekeler,RB,WAS,,,,-49.85,00-0033699
2024,8576324,3,2024-09-18 11:18:02,add,Cambrias,gain,player,Alec Pierce,WR,IND,,,,-53.29,00-0037664
2024,8576325,3,2024-09-18 11:18:02,add,Cambrias,gain,player,Quentin Johnston,WR,LAC,,,,-51.88,00-0038544
2024,8576372,3,2024-09-18 11:18:02,add,Frank & Julian,gain,player,Carson Steele,RB,KC,,,,-126.53,00-0039325
2024,8576326,3,2024-09-18 01:54:01,drop,Cambrias,loss,player,Trevor Lawrence,QB,JAX,,,,-94.34,00-0036971
2024,8576327,3,2024-09-18 01:53:50,drop,Cambrias,loss,player,Taysom Hill,QB,NO,,,,-114.88,00-0033357
2024,8576060,3,2024-09-17 23:28:03,drop,Antdell & Ernie,loss,player,Justin Fields,QB,PIT,,,,-117.55,00-0036945
2024,8576343,3,2024-09-17 20:06:46,drop,Mike Long,loss,player,Tua Tagovailoa,QB,MIA,,,,-62.28,00-0036212
2024,8576061,2,2024-09-15 16:53:27,add,Antdell & Ernie,gain,player,Justin Fields,QB,PIT,,,,-132.52,00-0036945
2024,8576179,2,2024-09-15 16:12:38,add,John Juliano,gain,player,Mike Gesicki,TE,CIN,,,,-16.19,00-0034829
2024,8576231,2,2024-09-15 04:04:15,add/drop,Nolan & Vinny,gain,player,Brandin Cooks,WR,DAL,,,,-125.08,00-0031236
2024,8576231,2,2024-09-15 04:04:15,add/drop,Nolan & Vinny,loss,player,Jerry Jeudy,WR,CLE,,,,32.09,00-0036407
2024,8576180,2,2024-09-14 22:38:29,drop,John Juliano,loss,player,Marquise Brown,WR,KC,,,,-156.14,00-0035662
2024,8576001,2,2024-09-14 21:59:14,add,Richie,gain,player,Jaxon Smith-Njigba,WR,SEA,,,,59.11,00-0038543
2024,8576373,2,2024-09-13 15:52:14,add/drop,Frank & Julian,gain,player,Demarcus Robinson,WR,LAR,,,,-72.38,00-0032775
2024,8576373,2,2024-09-13 15:52:14,add/drop,Frank & Julian,loss,player,Jordan Addison,WR,MIN,,,,21.65,00-0038994
2024,8576181,2,2024-09-12 21:05:02,add,John Juliano,gain,player,Marquise Brown,WR,KC,,,,-156.14,00-0035662
2024,8576232,2,2024-09-12 18:13:01,add/drop,Nolan & Vinny,gain,player,Jordan Whittington,WR,LAR,,,,-135.81,00-0039751
2024,8576232,2,2024-09-12 18:13:01,add/drop,Nolan & Vinny,loss,player,Marquise Brown,WR,KC,,,,-156.14,00-0035662
2024,8576002,2,2024-09-12 12:09:09,drop,Richie,loss,player,Tyler Allgeier,RB,ATL,,,,-64.94,00-0037263
2024,8576003,2,2024-09-12 12:09:09,trade,Richie,gain,player,Isaiah Likely,TE,BAL,,,,-45.46,00-0037838
2024,8576003,2,2024-09-12 12:09:09,trade,Richie,gain,player,Calvin Ridley,WR,TEN,,,,-1.04,00-0034837
2024,8576003,2,2024-09-12 12:09:09,trade,Richie,gain,player,Christian McCaffrey,RB,SF,,,,-112.38,00-0033280
2024,8576003,2,2024-09-12 12:09:09,trade,Richie,loss,player,Kyren Williams,RB,LAR,,,,86.12,00-0037840
2024,8576003,2,2024-09-12 12:09:09,trade,Richie,loss,player,Deebo Samuel,WR,SF,,,,-42.45,00-0035719
2024,8576182,2,2024-09-12 12:09:09,trade,John Juliano,loss,player,Isaiah Likely,TE,BAL,,,,-45.46,00-0037838
2024,8576182,2,2024-09-12 12:09:09,trade,John Juliano,loss,player,Calvin Ridley,WR,TEN,,,,-1.04,00-0034837
2024,8576182,2,2024-09-12 12:09:09,trade,John Juliano,loss,player,Christian McCaffrey,RB,SF,,,,-112.38,00-0033280
2024,8576182,2,2024-09-12 12:09:09,trade,John Juliano,gain,player,Kyren Williams,RB,LAR,,,,86.12,00-0037840
2024,8576182,2,2024-09-12 12:09:09,trade,John Juliano,gain,player,Deebo Samuel,WR,SF,,,,-42.45,00-0035719
2024,8576344,2,2024-09-11 20:26:38,add,Mike Long,gain,player,Colby Parkinson,TE,LAR,,,,-79.06,00-0036244
2024,8576263,2,2024-09-11 15:24:56,add,Pung & Tralie,gain,player,Tank Bigsby,RB,JAX,,,,-51.48,00-0038555
2024,8576183,2,2024-09-11 15:14:33,add/drop,John Juliano,gain,player,Jeffery Wilson,RB,MIA,,,,-149.46,00-0034115
2024,8576183,2,2024-09-11 15:14:33,add/drop,John Juliano,loss,player,Tyler Lockett,WR,SEA,,,,-76.71,00-0032211
2024,8576184,2,2024-09-11 12:02:04,add/drop,John Juliano,gain,player,Indianapolis Colts,DEF,IND,,,,-16.94,DEF-0014
2024,8576184,2,2024-09-11 12:02:04,add/drop,John Juliano,loss,player,Atlanta Falcons,DEF,ATL,,,,-1.88,DEF-0002
2024,8576062,2,2024-09-11 07:12:26,add/drop,Antdell & Ernie,gain,player,Houston Texans,DEF,HOU,,,,22.59,DEF-0013
2024,8576062,2,2024-09-11 07:12:26,add/drop,Antdell & Ernie,loss,player,Cincinnati Bengals,DEF,CIN,,,,-4.71,DEF-0007
2024,8576063,2,2024-09-11 07:12:26,add/drop,Antdell & Ernie,gain,player,Chris Boswell,K,PIT,,,,32.94,00-0031136
2024,8576063,2,2024-09-11 07:12:26,add/drop,Antdell & Ernie,loss,player,Jason Myers,K,SEA,,,,-0.94,00-0031492
2024,8576064,2,2024-09-11 07:12:26,add/drop,Antdell & Ernie,gain,player,Pat Freiermuth,TE,PIT,,,,0,00-0036894
2024,8576064,2,2024-09-11 07:12:26,add/drop,Antdell & Ernie,loss,player,Ryan Izzo,TE,FA,,,,-130.92,00-0034439
2024,8576185,2,2024-09-11 07:12:26,add/drop,John Juliano,gain,player,Tyler Lockett,WR,SEA,,,,-76.71,00-0032211
2024,8576185,2,2024-09-11 07:12:26,add/drop,John Juliano,loss,player,Jaxon Smith-Njigba,WR,SEA,,,,59.11,00-0038543
2024,8576186,2,2024-09-11 07:12:26,add/drop,John Juliano,gain,player,Alexander Mattison,RB,LV,,,,-49.51,00-0034972
2024,8576186,2,2024-09-11 07:12:26,add/drop,John Juliano,loss,player,Dalvin Cook,RB,BAL,,,,-153.6,00-0033893
2024,8576187,2,2024-09-11 07:12:26,add/drop,John Juliano,gain,player,Isaiah Likely,TE,BAL,,,,-45.46,00-0037838
2024,8576187,2,2024-09-11 07:12:26,add/drop,John Juliano,loss,player,Adonai Mitchell,WR,IND,,,,-123.71,00-0039890
2024,8576328,2,2024-09-11 07:12:26,add/drop,Cambrias,gain,player,Baker Mayfield,QB,TB,,,,62.59,00-0034855
2024,8576328,2,2024-09-11 07:12:26,add/drop,Cambrias,loss,player,New Orleans Saints,DEF,NO,,,,-17.88,DEF-0023
2024,8576374,2,2024-09-11 07:12:26,add/drop,Frank & Julian,gain,player,Los Angeles Chargers,DEF,LAC,,,,10.35,DEF-0018
2024,8576374,2,2024-09-11 07:12:26,add/drop,Frank & Julian,loss,player,Washington Commanders,DEF,WAS,,,,-9.41,DEF-0032
2024,8576375,2,2024-09-11 07:12:26,add/drop,Frank & Julian,gain,player,Bucky Irving,RB,TB,,,,49.13,00-0039361
2024,8576375,2,2024-09-11 07:12:26,add/drop,Frank & Julian,loss,player,Xavier Legette,WR,CAR,,,,-66.26,00-0039342
2024,8576065,1,2024-09-09 14:34:58,add/drop,Antdell & Ernie,gain,player,Ryan Izzo,TE,FA,,,,-144.6,00-0034439
2024,8576065,1,2024-09-09 14:34:58,add/drop,Antdell & Ernie,loss,player,Ja'Lynn Polk,WR,NE,,,,-166.6,00-0039907
2024,8576004,1,2024-09-08 16:02:39,add/drop,Richie,gain,player,Tyler Bass,K,BUF,,,,9,00-0036162
2024,8576004,1,2024-09-08 16:02:39,add/drop,Richie,loss,player,Darnell Mooney,WR,ATL,,,,-6.1,00-0036309
2024,8576066,1,2024-09-06 08:14:22,add,Antdell & Ernie,gain,player,Jason Myers,K,SEA,,,,0,00-0031492
2024,8576329,1,2024-09-05 13:58:40,add,Cambrias,gain,player,New Orleans Saints,DEF,NO,,,,-13,DEF-0023
2024,8576117,1,2024-09-05 12:40:52,add,Phil Baldino,gain,player,Ray Davis,RB,BUF,,,,-79.7,00-0039875
2024,8576067,0,2024-09-04 06:53:07,add/drop,Antdell & Ernie,gain,player,Kendre Miller,RB,NO,,,,-161.15,00-0038551
2024,8576067,0,2024-09-04 06:53:07,add/drop,Antdell & Ernie,loss,player,Romeo Doubs,WR,GB,,,,-70.09,00-0037816
2024,8576188,0,2024-09-03 20:00:12,add/drop,John Juliano,gain,player,Zach Charbonnet,RB,SEA,,,,-2.12,00-0039165
2024,8576188,0,2024-09-03 20:00:12,add/drop,John Juliano,loss,player,Chicago Bears,DEF,CHI,,,,0,DEF-0006
2024,8576233,0,2024-09-03 17:42:21,add,Nolan & Vinny,gain,player,Keaton Mitchell,RB,BAL,,,,-185.82,00-0038454
2024,8576068,0,2024-09-03 16:21:41,add/drop,Antdell & Ernie,gain,player,Cincinnati Bengals,DEF,CIN,,,,-11.65,DEF-0007
2024,8576068,0,2024-09-03 16:21:41,add/drop,Antdell & Ernie,loss,player,Zach Charbonnet,RB,SEA,,,,-2.12,00-0039165
2024,8576189,0,2024-08-29 10:10:19,add,John Juliano,gain,player,Atlanta Falcons,DEF,ATL,,,,-7.41,DEF-0002
2024,8576190,0,2024-08-29 09:02:52,drop,John Juliano,loss,player,Elijah Mitchell,RB,SF,,,,-191.96,00-0036567
2024,8576005,0,2024-08-27 20:48:52,add/drop,Richie,gain,player,Jordan Mason,RB,SF,,,,-70.2,00-0037525
2024,8576005,0,2024-08-27 20:48:52,add/drop,Richie,loss,player,Curtis Samuel,WR,BUF,,,,-154.38,00-0033282
2024,8576191,0,2024-08-27 19:36:24,add,John Juliano,gain,player,Dalvin Cook,RB,BAL,,,,-187.73,00-0033893
2023,2253825,17,2023-12-29 21:41:13,add/drop,Ronnie,gain,player,Jaren Hall,QB,MIN,,,,-1.05,00-0038598
2023,2253825,17,2023-12-29 21:41:13,add/drop,Ronnie,loss,player,Nick Mullens,QB,MIN,,,,-0.46,00-0033319
2023,2253612,17,2023-12-28 14:47:51,add/drop,Antdell & Ernie,gain,player,Chigoziem Okonkwo,TE,TEN,,,,-0.22,00-0037809
2023,2253612,17,2023-12-28 14:47:51,add/drop,Antdell & Ernie,loss,player,Jerick McKinnon,RB,KC,,,,,00-0031376
2023,2253826,17,2023-12-27 12:51:11,add/drop,Ronnie,gain,player,Cedrick Wilson,WR,NO,,,,-0.26,00-0034418
2023,2253826,17,2023-12-27 12:51:11,add/drop,Ronnie,loss,player,Odell Beckham,WR,BAL,,,,-0.64,00-0031235
2023,2253700,17,2023-12-27 08:19:18,add/drop,Phil Baldino,gain,player,Jake Moody,K,SF,,,,0,00-0038562
2023,2253700,17,2023-12-27 08:19:18,add/drop,Phil Baldino,loss,player,Greg Joseph,K,MIN,,,,-0.18,00-0034450
2023,2253827,17,2023-12-27 08:19:18,add/drop,Ronnie,gain,player,Jacksonville Jaguars,DEF,JAX,,,,0.53,DEF-0015
2023,2253827,17,2023-12-27 08:19:18,add/drop,Ronnie,loss,player,Houston Texans,DEF,HOU,,,,0.71,DEF-0013
2023,2253740,16,2023-12-21 22:36:29,add/drop,Nolan & Vinny,gain,player,Chase Brown,RB,CIN,,,,-1.84,00-0038597
2023,2253740,16,2023-12-21 22:36:29,add/drop,Nolan & Vinny,loss,player,Darren Waller,TE,NYG,,,,-0.42,00-0031610
2023,2253613,16,2023-12-20 21:39:35,add/drop,Antdell & Ernie,gain,player,Roschon Johnson,RB,CHI,,,,-0.19,00-0039021
2023,2253613,16,2023-12-20 21:39:35,add/drop,Antdell & Ernie,loss,player,Trey Sermon,RB,IND,,,,-2.16,00-0036984
2023,2253828,16,2023-12-20 14:55:29,add/drop,Ronnie,gain,player,Nick Mullens,QB,MIN,,,,-0.9,00-0033319
2023,2253828,16,2023-12-20 14:55:29,add/drop,Ronnie,loss,player,Elijah Moore,WR,CLE,,,,-0.78,00-0036980
2023,2253614,16,2023-12-20 13:50:07,add,Antdell & Ernie,gain,player,Trey Sermon,RB,IND,,,,-2.16,00-0036984
2023,2253615,16,2023-12-20 13:48:40,drop,Antdell & Ernie,loss,player,Keaton Mitchell,RB,BAL,,,,,00-0038454
2023,2253829,16,2023-12-20 13:39:28,add/drop,Ronnie,gain,player,Houston Texans,DEF,HOU,,,,1.65,DEF-0013
2023,2253829,16,2023-12-20 13:39:28,add/drop,Ronnie,loss,player,Cincinnati Bengals,DEF,CIN,,,,-1.18,DEF-0007
2023,2253830,16,2023-12-20 13:16:49,add/drop,Ronnie,gain,player,Dontayvion Wicks,WR,GB,,,,-1.96,00-0038393
2023,2253830,16,2023-12-20 13:16:49,add/drop,Ronnie,loss,player,Chase Brown,RB,CIN,,,,-1.84,00-0038597
2023,2253616,16,2023-12-20 08:20:25,add/drop,Antdell & Ernie,gain,player,Curtis Samuel,WR,WAS,,,,-2.15,00-0033282
2023,2253616,16,2023-12-20 08:20:25,add/drop,Antdell & Ernie,loss,player,Chigoziem Okonkwo,TE,TEN,,,,0.68,00-0037809
2023,2253617,16,2023-12-20 08:20:25,add/drop,Antdell & Ernie,gain,player,Tucker Kraft,TE,GB,,,,0.22,00-0038996
2023,2253617,16,2023-12-20 08:20:25,add/drop,Antdell & Ernie,loss,player,Zach Ertz,TE,ARI,,,,,00-0030061
2023,2253701,16,2023-12-20 08:20:25,add/drop,Phil Baldino,gain,player,Zamir White,RB,LV,,,,0.62,00-0038040
2023,2253701,16,2023-12-20 08:20:25,add/drop,Phil Baldino,loss,player,New England Patriots,DEF,NE,,,,1.18,DEF-0022
2023,2253702,16,2023-12-20 08:20:25,add/drop,Phil Baldino,gain,player,Buffalo Bills,DEF,BUF,,,,0.94,DEF-0004
2023,2253702,16,2023-12-20 08:20:25,add/drop,Phil Baldino,loss,player,AJ Dillon,RB,GB,,,,-1.75,00-0036265
2023,2253831,16,2023-12-20 08:20:25,add/drop,Ronnie,gain,player,Tyler Boyd,WR,CIN,,,,-1.39,00-0033009
2023,2253831,16,2023-12-20 08:20:25,add/drop,Ronnie,loss,player,Josh Downs,WR,IND,,,,-1.22,00-0038997
2023,2253741,15,2023-12-17 17:47:17,drop,Nolan & Vinny,loss,player,Sam Howell,QB,WAS,,,,-6.19,00-0037077
2023,2253805,15,2023-12-17 17:11:17,add/drop,Rob & GregBo,gain,player,Joe Flacco,QB,IND,,,,2.84,00-0026158
2023,2253805,15,2023-12-17 17:11:17,add/drop,Rob & GregBo,loss,player,Christian Kirk,WR,JAX,,,,,00-0034775
2023,2253742,15,2023-12-15 12:23:43,add/drop,Nolan & Vinny,gain,player,Denver Broncos,DEF,DEN,,,,-1.94,DEF-0010
2023,2253742,15,2023-12-15 12:23:43,add/drop,Nolan & Vinny,loss,player,Houston Texans,DEF,HOU,,,,3.18,DEF-0013
2023,2253618,15,2023-12-14 03:14:54,add/drop,Antdell & Ernie,gain,player,Chigoziem Okonkwo,TE,TEN,,,,0.62,00-0037809
2023,2253618,15,2023-12-14 03:14:54,add/drop,Antdell & Ernie,loss,player,Brevin Jordan,TE,HOU,,,,-1.91,00-0036556
2023,2253832,15,2023-12-13 12:33:06,add/drop,Ronnie,gain,player,Will Levis,QB,TEN,,,,-6.2,00-0039152
2023,2253832,15,2023-12-13 12:33:06,add/drop,Ronnie,loss,player,Justin Herbert,QB,LAC,,,,,00-0036355
2023,2253619,15,2023-12-13 08:24:20,add/drop,Antdell & Ernie,gain,player,Lucas Havrisik,K,FA,,,,-0.53,00-0038152
2023,2253619,15,2023-12-13 08:24:20,add/drop,Antdell & Ernie,loss,player,Younghoe Koo,K,ATL,,,,0,00-0033702
2023,2253620,15,2023-12-13 08:24:20,add/drop,Antdell & Ernie,gain,player,Brevin Jordan,TE,HOU,,,,-1.91,00-0036556
2023,2253620,15,2023-12-13 08:24:20,add/drop,Antdell & Ernie,loss,player,Roschon Johnson,RB,CHI,,,,-0.41,00-0039021
2023,2253833,15,2023-12-13 08:24:20,add/drop,Ronnie,gain,player,Tyler Bass,K,BUF,,,,-0.53,00-0036162
2023,2253833,15,2023-12-13 08:24:20,add/drop,Ronnie,loss,player,Wil Lutz,K,DEN,,,,-1.41,00-0032569
2023,2253834,15,2023-12-13 08:24:20,add/drop,Ronnie,gain,player,Chase Brown,RB,CIN,,,,-3.21,00-0038597
2023,2253834,15,2023-12-13 08:24:20,add/drop,Ronnie,loss,player,Joshua Kelley,RB,LAC,,,,-5.95,00-0036370
2023,2253860,15,2023-12-13 08:24:20,add/drop,Cambrias,gain,player,Geno Smith,QB,SEA,,,,-2.48,00-0030565
2023,2253860,15,2023-12-13 08:24:20,add/drop,Cambrias,loss,player,Khalil Herbert,RB,CHI,,,,1.18,00-0036906
2023,2253861,15,2023-12-13 08:24:20,add/drop,Cambrias,gain,player,Matthew Stafford,QB,LAR,,,,0.63,00-0026498
2023,2253861,15,2023-12-13 08:24:20,add/drop,Cambrias,loss,player,Kenneth Gainwell,RB,PHI,,,,-2.79,00-0036919
2023,2253586,14,2023-12-10 15:45:08,add/drop,Richie,gain,player,Jake Browning,QB,CIN,,,,3.87,00-0035100
2023,2253586,14,2023-12-10 15:45:08,add/drop,Richie,loss,player,D'Ernest Johnson,RB,JAX,,,,-9.27,00-0035628
2023,2253621,14,2023-12-09 00:30:16,add/drop,Antdell & Ernie,gain,player,Jerick McKinnon,RB,KC,,,,-3.77,00-0031376
2023,2253621,14,2023-12-09 00:30:16,add/drop,Antdell & Ernie,loss,player,Chigoziem Okonkwo,TE,TEN,,,,0.59,00-0037809
2023,2253934,14,2023-12-08 19:09:06,add/drop,Frank & Julian,gain,player,Clyde Edwards-Helaire,RB,KC,,,,-1.93,00-0036360
2023,2253934,14,2023-12-08 19:09:06,add/drop,Frank & Julian,loss,player,Miles Sanders,RB,CAR,,,,-6.64,00-0035243
2023,2253835,14,2023-12-08 18:41:41,add/drop,Ronnie,gain,player,Cincinnati Bengals,DEF,CIN,,,,-2.35,DEF-0007
2023,2253835,14,2023-12-08 18:41:41,add/drop,Ronnie,loss,player,Jacksonville Jaguars,DEF,JAX,,,,-0.47,DEF-0015
2023,2253836,14,2023-12-08 14:38:49,add/drop,Ronnie,gain,player,Joshua Kelley,RB,LAC,,,,-10,00-0036370
2023,2253836,14,2023-12-08 14:38:49,add/drop,Ronnie,loss,player,Royce Freeman,RB,DAL,,,,-9.98,00-0034838
2023,2253806,14,2023-12-06 18:57:56,add/drop,Rob & GregBo,gain,player,Green Bay Packers,DEF,GB,,,,-2.12,DEF-0012
2023,2253806,14,2023-12-06 18:57:56,add/drop,Rob & GregBo,loss,player,Los Angeles Chargers,DEF,LAC,,,,-4.94,DEF-0018
2023,2253837,14,2023-12-06 16:28:37,add/drop,Ronnie,gain,player,Elijah Moore,WR,CLE,,,,-4.28,00-0036980
2023,2253837,14,2023-12-06 16:28:37,add/drop,Ronnie,loss,player,Quentin Johnston,WR,LAC,,,,-3.95,00-0038544
2023,2253838,14,2023-12-06 14:40:13,add/drop,Ronnie,gain,player,Quentin Johnston,WR,LAC,,,,-3.95,00-0038544
2023,2253838,14,2023-12-06 14:40:13,add/drop,Ronnie,loss,player,Jahan Dotson,WR,WAS,,,,-10.07,00-0037741
2023,2253862,14,2023-12-06 12:07:29,add,Cambrias,gain,player,Kenneth Gainwell,RB,PHI,,,,-5.28,00-0036919
2023,2253622,14,2023-12-06 08:31:41,add,Antdell & Ernie,gain,player,Chigoziem Okonkwo,TE,TEN,,,,0.59,00-0037809
2023,2253743,14,2023-12-06 08:31:41,add/drop,Nolan & Vinny,gain,player,Houston Texans,DEF,HOU,,,,3.29,DEF-0013
2023,2253743,14,2023-12-06 08:31:41,add/drop,Nolan & Vinny,loss,player,Curtis Samuel,WR,WAS,,,,-4.64,00-0033282
2023,2253839,14,2023-12-06 08:31:41,add/drop,Ronnie,gain,player,Odell Beckham,WR,BAL,,,,-4.8,00-0031235
2023,2253839,14,2023-12-06 08:31:41,add/drop,Ronnie,loss,player,Tyler Bass,K,BUF,,,,-1.18,00-0036162
2023,2253863,14,2023-12-06 08:31:41,add,Cambrias,gain,player,Philadelphia Eagles,DEF,PHI,,,,-2.35,DEF-0026
2023,2253673,14,2023-12-06 08:31:40,add/drop,Chris & Dom,gain,player,Noah Brown,WR,HOU,,,,-4.54,00-0033591
2023,2253673,14,2023-12-06 08:31:40,add/drop,Chris & Dom,loss,player,Joe Burrow,QB,CIN,,,,,00-0036442
2023,2253864,14,2023-12-06 08:31:40,add,Cambrias,gain,player,Jaxon Smith-Njigba,WR,SEA,,,,-2,00-0038543
2023,2253865,14,2023-12-06 04:23:14,drop,Cambrias,loss,player,Dalvin Cook,RB,NYJ,,,,-9.67,00-0033893
2023,2253866,14,2023-12-06 04:20:40,drop,Cambrias,loss,player,Tampa Bay Buccaneers,DEF,TB,,,,-0.71,DEF-0030
2023,2253867,14,2023-12-06 04:20:18,drop,Cambrias,loss,player,Tank Dell,WR,HOU,,,,,00-0038977
2023,2253623,14,2023-12-05 15:21:44,drop,Antdell & Ernie,loss,player,Juwan Johnson,TE,NO,,,,3.34,00-0036040
2023,2253744,13,2023-12-03 14:51:43,add/drop,Nolan & Vinny,gain,player,Tyjae Spears,RB,TEN,,,,0.32,00-0039032
2023,2253744,13,2023-12-03 14:51:43,add/drop,Nolan & Vinny,loss,player,Demario Douglas,WR,NE,,,,-9.91,00-0038621
2023,2253709,13,2023-12-03 14:49:24,add/drop,John Juliano,gain,player,Gardner Minshew,QB,IND,,,,-0.36,00-0035289
2023,2253709,13,2023-12-03 14:49:24,add/drop,John Juliano,loss,player,Tyjae Spears,RB,TEN,,,,0.32,00-0039032
2023,2253674,13,2023-12-02 23:09:04,add/drop,Chris & Dom,gain,player,Harrison Butker,K,KC,,,,2.65,00-0033303
2023,2253674,13,2023-12-02 23:09:04,add/drop,Chris & Dom,loss,player,Noah Brown,WR,HOU,,,,-8.5,00-0033591
2023,2253675,13,2023-12-02 23:08:15,add/drop,Chris & Dom,gain,player,Cade Otton,TE,TB,,,,-7.24,00-0038129
2023,2253675,13,2023-12-02 23:08:15,add/drop,Chris & Dom,loss,player,Tyler Boyd,WR,CIN,,,,-7.38,00-0033009
2023,2253745,13,2023-12-02 15:19:58,add,Nolan & Vinny,gain,player,Curtis Samuel,WR,WAS,,,,-5.53,00-0033282
2023,2253868,13,2023-11-30 20:48:40,add/drop,Cambrias,gain,player,Dalvin Cook,RB,NYJ,,,,-13.35,00-0033893
2023,2253868,13,2023-11-30 20:48:40,add/drop,Cambrias,loss,player,Jaxon Smith-Njigba,WR,SEA,,,,-1.44,00-0038543
2023,2253587,13,2023-11-30 20:09:03,add/drop,Richie,gain,player,D'Ernest Johnson,RB,JAX,,,,-13.35,00-0035628
2023,2253587,13,2023-11-30 20:09:03,add/drop,Richie,loss,player,Geno Smith,QB,SEA,,,,-3.78,00-0030565
2023,2253807,13,2023-11-30 14:48:51,add/drop,Rob & GregBo,gain,player,Los Angeles Chargers,DEF,LAC,,,,-2.65,DEF-0018
2023,2253807,13,2023-11-30 14:48:51,add/drop,Rob & GregBo,loss,player,Detroit Lions,DEF,DET,,,,-1.47,DEF-0011
2023,2253588,13,2023-11-29 19:06:06,add/drop,Richie,gain,player,Atlanta Falcons,DEF,ATL,,,,-1.47,DEF-0002
2023,2253588,13,2023-11-29 19:06:06,add/drop,Richie,loss,player,Houston Texans,DEF,HOU,,,,5.59,DEF-0013
2023,2253935,13,2023-11-29 16:39:04,add,Frank & Julian,gain,player,Samaje Perine,RB,DEN,,,,-6.91,00-0033526
2023,2253936,13,2023-11-29 16:38:20,add/drop,Frank & Julian,gain,player,Derek Carr,QB,NO,,,,1.05,00-0031280
2023,2253936,13,2023-11-29 16:38:20,add/drop,Frank & Julian,loss,player,Evan McPherson,K,CIN,,,,0,00-0036854
2023,2253624,13,2023-11-29 11:51:19,add,Antdell & Ernie,gain,player,Juwan Johnson,TE,NO,,,,2.15,00-0036040
2023,2253746,13,2023-11-29 09:51:00,add/drop,Nolan & Vinny,gain,player,Darren Waller,TE,NYG,,,,-6.47,00-0031610
2023,2253746,13,2023-11-29 09:51:00,add/drop,Nolan & Vinny,loss,player,Minnesota Vikings,DEF,MIN,,,,-1.47,DEF-0021
2023,2253625,13,2023-11-29 08:53:38,add,Antdell & Ernie,gain,player,Gerald Everett,TE,LAC,,,,0,00-0033895
2023,2253626,13,2023-11-29 08:53:38,add,Antdell & Ernie,gain,player,Roschon Johnson,RB,CHI,,,,-5.59,00-0039021
2023,2253747,13,2023-11-29 08:53:38,add/drop,Nolan & Vinny,gain,player,Jayden Reed,WR,GB,,,,3.09,00-0039146
2023,2253747,13,2023-11-29 08:53:38,add/drop,Nolan & Vinny,loss,player,K.J. Osborn,WR,MIN,,,,-9.53,00-0036345
2023,2253808,13,2023-11-29 08:53:38,add/drop,Rob & GregBo,gain,player,Antonio Gibson,RB,WAS,,,,-5.09,00-0036328
2023,2253808,13,2023-11-29 08:53:38,add/drop,Rob & GregBo,loss,player,Luke Musgrave,TE,GB,,,,,00-0039144
2023,2253840,13,2023-11-29 08:53:38,add/drop,Ronnie,gain,player,Wil Lutz,K,DEN,,,,-3.53,00-0032569
2023,2253840,13,2023-11-29 08:53:38,add/drop,Ronnie,loss,player,Michael Gallup,WR,DAL,,,,-12.24,00-0034764
2023,2253841,13,2023-11-29 08:53:38,add/drop,Ronnie,gain,player,Jacksonville Jaguars,DEF,JAX,,,,-1.18,DEF-0015
2023,2253841,13,2023-11-29 08:53:38,add/drop,Ronnie,loss,player,Denver Broncos,DEF,DEN,,,,-1.76,DEF-0010
2023,2253589,13,2023-11-28 22:47:55,drop,Richie,loss,player,New York Giants,DEF,NYG,,,,-0.59,DEF-0024
2023,2253627,13,2023-11-28 13:25:59,drop,Antdell & Ernie,loss,player,Jonnu Smith,TE,MIA,,,,-5.97,00-0033858
2023,2253628,13,2023-11-28 13:25:48,drop,Antdell & Ernie,loss,player,Michael Mayer,TE,LV,,,,-8.53,00-0039066
2023,2253629,13,2023-11-28 13:25:30,drop,Antdell & Ernie,loss,player,Joshua Dobbs,QB,ARI,,,,-21.29,00-0033949
2023,2253630,12,2023-11-26 18:37:08,drop,Antdell & Ernie,loss,player,Jayden Reed,WR,GB,,,,2.86,00-0039146
2023,2253748,12,2023-11-25 21:17:42,add/drop,Nolan & Vinny,gain,player,K.J. Osborn,WR,MIN,,,,-15.32,00-0036345
2023,2253748,12,2023-11-25 21:17:42,add/drop,Nolan & Vinny,loss,player,Jaleel McLaughlin,RB,DEN,,,,-10.41,00-0038794
2023,2253782,12,2023-11-22 16:09:27,add/drop,Pung & Tralie,gain,player,Tennessee Titans,DEF,TEN,,,,0,DEF-0031
2023,2253782,12,2023-11-22 16:09:27,add/drop,Pung & Tralie,loss,player,Buffalo Bills,DEF,BUF,,,,-2.82,DEF-0004
2023,2253937,12,2023-11-22 14:58:38,drop,Frank & Julian,loss,player,Darrell Henderson,RB,FA,,,,,00-0035664
2023,2253749,12,2023-11-22 10:30:54,add/drop,Nolan & Vinny,gain,player,Minnesota Vikings,DEF,MIN,,,,-1.41,DEF-0021
2023,2253749,12,2023-11-22 10:30:54,add/drop,Nolan & Vinny,loss,player,Jerick McKinnon,RB,KC,,,,-11.66,00-0031376
2023,2253590,12,2023-11-22 10:22:53,add/drop,Richie,gain,player,New York Giants,DEF,NYG,,,,0,DEF-0024
2023,2253590,12,2023-11-22 10:22:53,add/drop,Richie,loss,player,Kenneth Gainwell,RB,PHI,,,,-8.51,00-0036919
2023,2253591,12,2023-11-22 08:43:31,add/drop,Richie,gain,player,Houston Texans,DEF,HOU,,,,3.88,DEF-0013
2023,2253591,12,2023-11-22 08:43:31,add/drop,Richie,loss,player,Washington Commanders,DEF,WAS,,,,-15.88,DEF-0032
2023,2253631,12,2023-11-22 08:43:31,add/drop,Antdell & Ernie,gain,player,Younghoe Koo,K,ATL,,,,-1.41,00-0033702
2023,2253631,12,2023-11-22 08:43:31,add/drop,Antdell & Ernie,loss,player,Wil Lutz,K,DEN,,,,-3.88,00-0032569
2023,2253632,12,2023-11-22 08:43:31,add,Antdell & Ernie,gain,player,Jayden Reed,WR,GB,,,,2.86,00-0039146
2023,2253633,12,2023-11-22 08:43:31,add,Antdell & Ernie,gain,player,Jonnu Smith,TE,MIA,,,,-9.25,00-0033858
2023,2253710,12,2023-11-22 08:43:31,add/drop,John Juliano,gain,player,Isaiah Likely,TE,BAL,,,,7.38,00-0037838
2023,2253710,12,2023-11-22 08:43:31,add/drop,John Juliano,loss,player,Darren Waller,TE,NYG,,,,-9.85,00-0031610
2023,2253842,12,2023-11-22 08:43:31,add/drop,Ronnie,gain,player,Denver Broncos,DEF,DEN,,,,0,DEF-0010
2023,2253842,12,2023-11-22 08:43:31,add/drop,Ronnie,loss,player,Jacksonville Jaguars,DEF,JAX,,,,-3.53,DEF-0015
2023,2253869,12,2023-11-22 08:43:31,add/drop,Cambrias,gain,player,Tampa Bay Buccaneers,DEF,TB,,,,-2.47,DEF-0030
2023,2253869,12,2023-11-22 08:43:31,add/drop,Cambrias,loss,player,Los Angeles Chargers,DEF,LAC,,,,-5.65,DEF-0018
2023,2253938,12,2023-11-22 08:43:31,add,Frank & Julian,gain,player,Miles Sanders,RB,CAR,,,,-13.59,00-0035243
2023,2253634,12,2023-11-22 01:17:48,drop,Antdell & Ernie,loss,player,Roschon Johnson,RB,CHI,,,,-5.51,00-0039021
2023,2253870,12,2023-11-21 12:35:51,drop,Cambrias,loss,player,Quentin Johnston,WR,LAC,,,,-11.26,00-0038544
2023,2253592,12,2023-11-21 00:02:19,add,Richie,gain,player,Kenneth Gainwell,RB,PHI,,,,-8.51,00-0036919
2023,2253635,11,2023-11-17 21:03:36,add/drop,Antdell & Ernie,gain,player,Michael Mayer,TE,LV,,,,-11.65,00-0039066
2023,2253635,11,2023-11-17 21:03:36,add/drop,Antdell & Ernie,loss,player,Miles Sanders,RB,CAR,,,,-16.35,00-0035243
2023,2253809,11,2023-11-17 20:43:52,add/drop,Rob & GregBo,gain,player,Romeo Doubs,WR,GB,,,,-5.68,00-0037816
2023,2253809,11,2023-11-17 20:43:52,add/drop,Rob & GregBo,loss,player,Antonio Gibson,RB,WAS,,,,-11.16,00-0036328
2023,2253593,11,2023-11-17 18:07:56,trade,Richie,loss,player,Saquon Barkley,RB,NYG,,,,9.84,00-0034844
2023,2253593,11,2023-11-17 18:07:56,trade,Richie,loss,player,Amari Cooper,WR,CLE,,,,7.25,00-0031544
2023,2253593,11,2023-11-17 18:07:56,trade,Richie,gain,player,Derrick Henry,RB,TEN,,,,12.51,00-0032764
2023,2253593,11,2023-11-17 18:07:56,trade,Richie,gain,player,Kyler Murray,QB,ARI,,,,0.99,00-0035228
2023,2253711,11,2023-11-17 18:07:56,trade,John Juliano,gain,player,Saquon Barkley,RB,NYG,,,,9.84,00-0034844
2023,2253711,11,2023-11-17 18:07:56,trade,John Juliano,gain,player,Amari Cooper,WR,CLE,,,,7.25,00-0031544
2023,2253711,11,2023-11-17 18:07:56,trade,John Juliano,loss,player,Derrick Henry,RB,TEN,,,,12.51,00-0032764
2023,2253711,11,2023-11-17 18:07:56,trade,John Juliano,loss,player,Kyler Murray,QB,ARI,,,,0.99,00-0035228
2023,2253676,11,2023-11-17 10:18:04,add/drop,Chris & Dom,gain,player,Baker Mayfield,QB,TB,,,,4.05,00-0034855
2023,2253676,11,2023-11-17 10:18:04,add/drop,Chris & Dom,loss,player,Curtis Samuel,WR,WAS,,,,-9.68,00-0033282
2023,2253677,11,2023-11-17 10:17:46,add/drop,Chris & Dom,gain,player,Jordan Love,QB,GB,,,,16.9,00-0036264
2023,2253677,11,2023-11-17 10:17:46,add/drop,Chris & Dom,loss,player,Justice Hill,RB,BAL,,,,-11.98,00-0034975
2023,2253810,11,2023-11-17 00:20:09,add/drop,Rob & GregBo,gain,player,Luke Musgrave,TE,GB,,,,-21.04,00-0039144
2023,2253810,11,2023-11-17 00:20:09,add/drop,Rob & GregBo,loss,player,Michael Mayer,TE,LV,,,,-11.65,00-0039066
2023,2253811,11,2023-11-17 00:16:49,add/drop,Rob & GregBo,gain,player,Detroit Lions,DEF,DET,,,,-6.59,DEF-0011
2023,2253811,11,2023-11-17 00:16:49,add/drop,Rob & GregBo,loss,player,Tampa Bay Buccaneers,DEF,TB,,,,-4.12,DEF-0030
2023,2253871,11,2023-11-16 14:48:01,trade,Cambrias,loss,player,Tony Pollard,RB,DAL,,,,9.8,00-0035261
2023,2253871,11,2023-11-16 14:48:01,trade,Cambrias,loss,player,Chris Godwin,WR,TB,,,,2.96,00-0033921
2023,2253871,11,2023-11-16 14:48:01,trade,Cambrias,gain,player,Michael Pittman,WR,IND,,,,1.73,00-0036252
2023,2253871,11,2023-11-16 14:48:01,trade,Cambrias,gain,player,Kyren Williams,RB,LAR,,,,30.72,00-0037840
2023,2253899,11,2023-11-16 14:48:01,drop,Mike Long,loss,player,Josh Reynolds,WR,DET,,,,-19.23,00-0033943
2023,2253900,11,2023-11-16 14:48:01,trade,Mike Long,gain,player,Tony Pollard,RB,DAL,,,,9.8,00-0035261
2023,2253900,11,2023-11-16 14:48:01,trade,Mike Long,gain,player,Chris Godwin,WR,TB,,,,2.96,00-0033921
2023,2253900,11,2023-11-16 14:48:01,trade,Mike Long,loss,player,Michael Pittman,WR,IND,,,,1.73,00-0036252
2023,2253900,11,2023-11-16 14:48:01,trade,Mike Long,loss,player,Kyren Williams,RB,LAR,,,,30.72,00-0037840
2023,2253750,11,2023-11-16 03:38:59,add,Nolan & Vinny,gain,player,Jerick McKinnon,RB,KC,,,,-15.21,00-0031376
2023,2253901,11,2023-11-15 19:31:21,add/drop,Mike Long,gain,player,Russell Wilson,QB,DEN,,,,-2.21,00-0029263
2023,2253901,11,2023-11-15 19:31:21,add/drop,Mike Long,loss,player,Atlanta Falcons,DEF,ATL,,,,-4.12,DEF-0002
2023,2253939,11,2023-11-15 15:38:56,drop,Frank & Julian,loss,player,Las Vegas Raiders,DEF,LV,,,,5.35,DEF-0017
2023,2253636,11,2023-11-15 15:14:20,add,Antdell & Ernie,gain,player,Wil Lutz,K,DEN,,,,0,00-0032569
2023,2253637,11,2023-11-15 15:13:41,add/drop,Antdell & Ernie,gain,player,Zach Ertz,TE,ARI,,,,,00-0030061
2023,2253637,11,2023-11-15 15:13:41,add/drop,Antdell & Ernie,loss,player,Wil Lutz,K,DEN,,,,0,00-0032569
2023,2253638,11,2023-11-15 14:32:37,add/drop,Antdell & Ernie,gain,player,Joshua Dobbs,QB,ARI,,,,-34.12,00-0033949
2023,2253638,11,2023-11-15 14:32:37,add/drop,Antdell & Ernie,loss,player,Deshaun Watson,QB,CLE,,,,,00-0033537
2023,2253594,11,2023-11-15 14:18:35,add/drop,Richie,gain,player,Pat Freiermuth,TE,PIT,,,,-4.32,00-0036894
2023,2253594,11,2023-11-15 14:18:35,add/drop,Richie,loss,player,Jonnu Smith,TE,MIA,,,,-13.55,00-0033858
2023,2253902,11,2023-11-15 14:00:08,add/drop,Mike Long,gain,player,Jason Myers,K,SEA,,,,4.12,00-0031492
2023,2253902,11,2023-11-15 14:00:08,add/drop,Mike Long,loss,player,Younghoe Koo,K,ATL,,,,-4.12,00-0033702
2023,2253595,11,2023-11-15 13:57:58,add/drop,Richie,gain,player,Jason Sanders,K,MIA,,,,11.94,00-0034794
2023,2253595,11,2023-11-15 13:57:58,add/drop,Richie,loss,player,Blake Grupe,K,NO,,,,-2.06,00-0038905
2023,2253596,11,2023-11-15 13:56:17,add/drop,Richie,gain,player,Washington Commanders,DEF,WAS,,,,-17.71,DEF-0032
2023,2253596,11,2023-11-15 13:56:17,add/drop,Richie,loss,player,Seattle Seahawks,DEF,SEA,,,,-9.88,DEF-0029
2023,2253639,11,2023-11-15 08:41:04,add,Antdell & Ernie,gain,player,Wil Lutz,K,DEN,,,,0,00-0032569
2023,2253640,11,2023-11-15 08:41:04,add,Antdell & Ernie,gain,player,Miles Sanders,RB,CAR,,,,-16.35,00-0035243
2023,2253783,11,2023-11-15 08:41:04,add,Pung & Tralie,gain,player,Latavius Murray,RB,BUF,,,,-19.31,00-0030513
2023,2253784,11,2023-11-15 08:41:04,add,Pung & Tralie,gain,player,Rico Dowdle,RB,DAL,,,,-15.11,00-0036139
2023,2253812,11,2023-11-15 08:41:04,add/drop,Rob & GregBo,gain,player,Michael Mayer,TE,LV,,,,-11.65,00-0039066
2023,2253812,11,2023-11-15 08:41:04,add/drop,Rob & GregBo,loss,player,Baker Mayfield,QB,TB,,,,4.05,00-0034855
2023,2253843,11,2023-11-15 08:41:04,add/drop,Ronnie,gain,player,Jacksonville Jaguars,DEF,JAX,,,,-4.12,DEF-0015
2023,2253843,11,2023-11-15 08:41:04,add/drop,Ronnie,loss,player,Cincinnati Bengals,DEF,CIN,,,,-9.06,DEF-0007
2023,2253872,11,2023-11-15 08:41:04,add/drop,Cambrias,gain,player,Quentin Johnston,WR,LAC,,,,-14.66,00-0038544
2023,2253872,11,2023-11-15 08:41:04,add/drop,Cambrias,loss,player,Luke Musgrave,TE,GB,,,,-21.04,00-0039144
2023,2253940,11,2023-11-15 08:41:04,add,Frank & Julian,gain,player,Riley Patterson,K,DET,,,,-14,00-0036816
2023,2253641,11,2023-11-15 00:21:33,drop,Antdell & Ernie,loss,player,Matt Gay,K,IND,,,,-0.41,00-0035269
2023,2253642,11,2023-11-15 00:20:21,drop,Antdell & Ernie,loss,player,Derek Carr,QB,NO,,,,-7.21,00-0031280
2023,2253751,11,2023-11-14 14:16:10,drop,Nolan & Vinny,loss,player,Khalil Shakir,WR,BUF,,,,-15.69,00-0037261
2023,2253785,11,2023-11-14 14:10:50,drop,Pung & Tralie,loss,player,Cameron Dicker,K,LAC,,,,0.82,00-0037224
2023,2253786,11,2023-11-14 14:10:17,drop,Pung & Tralie,loss,player,Will Levis,QB,TEN,,,,-19.83,00-0039152
2023,2253678,10,2023-11-13 21:20:15,add/drop,Chris & Dom,gain,player,Miami Dolphins,DEF,MIA,,,,11.76,DEF-0020
2023,2253678,10,2023-11-13 21:20:15,add/drop,Chris & Dom,loss,player,Emari Demercado,RB,ARI,,,,-27.11,00-0038705
2023,2253941,10,2023-11-13 20:54:20,drop,Frank & Julian,loss,player,Michael Thomas,WR,NO,,,,-44.75,00-0032765
2023,2253679,10,2023-11-12 14:29:39,add/drop,Chris & Dom,gain,player,Noah Brown,WR,HOU,,,,-19.76,00-0033591
2023,2253679,10,2023-11-12 14:29:39,add/drop,Chris & Dom,loss,player,Jordan Love,QB,GB,,,,20.87,00-0036264
2023,2253597,10,2023-11-12 13:43:35,add/drop,Richie,gain,player,Jonnu Smith,TE,MIA,,,,-17.93,00-0033858
2023,2253597,10,2023-11-12 13:43:35,add/drop,Richie,loss,player,Miles Sanders,RB,CAR,,,,-25.6,00-0035243
2023,2253680,10,2023-11-12 12:37:42,drop,Chris & Dom,loss,player,Kendrick Bourne,WR,NE,,,,,00-0033307
2023,2253681,10,2023-11-12 12:37:42,trade,Chris & Dom,gain,player,Austin Ekeler,RB,LAC,,,,0,00-0033699
2023,2253681,10,2023-11-12 12:37:42,trade,Chris & Dom,loss,player,Justin Jefferson,WR,MIN,,,,-18.78,00-0036322
2023,2253752,10,2023-11-12 12:37:42,trade,Nolan & Vinny,loss,player,Austin Ekeler,RB,LAC,,,,0,00-0033699
2023,2253752,10,2023-11-12 12:37:42,trade,Nolan & Vinny,gain,player,Justin Jefferson,WR,MIN,,,,-18.78,00-0036322
2023,2253682,10,2023-11-11 17:30:54,add/drop,Chris & Dom,gain,player,Curtis Samuel,WR,WAS,,,,-15.53,00-0033282
2023,2253682,10,2023-11-11 17:30:54,add/drop,Chris & Dom,loss,player,Craig Reynolds,RB,DET,,,,,00-0035567
2023,2253873,10,2023-11-11 06:04:03,add/drop,Cambrias,gain,player,Los Angeles Chargers,DEF,LAC,,,,-15.06,DEF-0018
2023,2253873,10,2023-11-11 06:04:03,add/drop,Cambrias,loss,player,Jerick McKinnon,RB,KC,,,,-25.71,00-0031376
2023,2253813,10,2023-11-09 02:12:35,add/drop,Rob & GregBo,gain,player,Baker Mayfield,QB,TB,,,,6.96,00-0034855
2023,2253813,10,2023-11-09 02:12:35,add/drop,Rob & GregBo,loss,player,Zach Ertz,TE,ARI,,,,,00-0030061
2023,2253598,10,2023-11-08 10:32:47,add/drop,Richie,gain,player,Blake Grupe,K,NO,,,,-3.76,00-0038905
2023,2253598,10,2023-11-08 10:32:47,add/drop,Richie,loss,player,Harrison Butker,K,KC,,,,0.47,00-0033303
2023,2253599,10,2023-11-08 10:31:10,add/drop,Richie,gain,player,Seattle Seahawks,DEF,SEA,,,,-12.71,DEF-0029
2023,2253599,10,2023-11-08 10:31:10,add/drop,Richie,loss,player,Philadelphia Eagles,DEF,PHI,,,,-15.06,DEF-0026
2023,2253753,10,2023-11-08 10:29:04,add/drop,Nolan & Vinny,gain,player,Khalil Shakir,WR,BUF,,,,-22.02,00-0037261
2023,2253753,10,2023-11-08 10:29:04,add/drop,Nolan & Vinny,loss,player,Wan'Dale Robinson,WR,NYG,,,,-15.34,00-0038117
2023,2253903,10,2023-11-08 09:54:07,add/drop,Mike Long,gain,player,Kansas City Chiefs,DEF,KC,,,,-11.76,DEF-0016
2023,2253903,10,2023-11-08 09:54:07,add/drop,Mike Long,loss,player,Baker Mayfield,QB,TB,,,,6.96,00-0034855
2023,2253643,10,2023-11-08 08:47:25,add/drop,Antdell & Ernie,gain,player,Deshaun Watson,QB,CLE,,,,-49.91,00-0033537
2023,2253643,10,2023-11-08 08:47:25,add/drop,Antdell & Ernie,loss,player,Elijah Moore,WR,CLE,,,,-9.41,00-0036980
2023,2253644,10,2023-11-08 08:47:25,add/drop,Antdell & Ernie,gain,player,Keaton Mitchell,RB,BAL,,,,-18.54,00-0038454
2023,2253644,10,2023-11-08 08:47:25,add/drop,Antdell & Ernie,loss,player,Cam Akers,RB,LAR,,,,,00-0036414
2023,2253754,10,2023-11-08 08:47:25,add/drop,Nolan & Vinny,gain,player,Wan'Dale Robinson,WR,NYG,,,,-15.34,00-0038117
2023,2253754,10,2023-11-08 08:47:25,add/drop,Nolan & Vinny,loss,player,Gardner Minshew,QB,IND,,,,-12.33,00-0035289
2023,2253787,10,2023-11-08 08:47:25,add/drop,Pung & Tralie,gain,player,Cameron Dicker,K,LAC,,,,1.88,00-0037224
2023,2253787,10,2023-11-08 08:47:25,add/drop,Pung & Tralie,loss,player,Leonard Fournette,RB,FA,,,,-40,00-0033856
2023,2253788,10,2023-11-08 08:47:25,add/drop,Pung & Tralie,gain,player,Buffalo Bills,DEF,BUF,,,,1.88,DEF-0004
2023,2253788,10,2023-11-08 08:47:25,add/drop,Pung & Tralie,loss,player,Los Angeles Chargers,DEF,LAC,,,,-15.06,DEF-0018
2023,2253789,10,2023-11-08 08:47:25,add/drop,Pung & Tralie,gain,player,Will Levis,QB,TEN,,,,-26.15,00-0039152
2023,2253789,10,2023-11-08 08:47:25,add/drop,Pung & Tralie,loss,player,Quentin Johnston,WR,LAC,,,,-16.14,00-0038544
2023,2253844,10,2023-11-08 08:47:25,add/drop,Ronnie,gain,player,Cincinnati Bengals,DEF,CIN,,,,-11.29,DEF-0007
2023,2253844,10,2023-11-08 08:47:25,add/drop,Ronnie,loss,player,Kansas City Chiefs,DEF,KC,,,,-11.76,DEF-0016
2023,2253874,10,2023-11-08 08:47:25,add/drop,Cambrias,gain,player,Jerick McKinnon,RB,KC,,,,-25.71,00-0031376
2023,2253874,10,2023-11-08 08:47:25,add/drop,Cambrias,loss,player,Romeo Doubs,WR,GB,,,,-6.49,00-0037816
2023,2253875,10,2023-11-08 08:47:25,add/drop,Cambrias,gain,player,Brandon McManus,K,JAX,,,,-3.76,00-0029822
2023,2253875,10,2023-11-08 08:47:25,add/drop,Cambrias,loss,player,Jason Sanders,K,MIA,,,,10.35,00-0034794
2023,2253876,10,2023-11-08 08:47:25,add/drop,Cambrias,gain,player,Luke Musgrave,TE,GB,,,,-23.06,00-0039144
2023,2253876,10,2023-11-08 08:47:25,add/drop,Cambrias,loss,player,Joshua Kelley,RB,LAC,,,,-34.73,00-0036370
2023,2253904,10,2023-11-08 08:47:25,add/drop,Mike Long,gain,player,Ty Chandler,RB,MIN,,,,-4.89,00-0037276
2023,2253904,10,2023-11-08 08:47:25,add/drop,Mike Long,loss,player,K.J. Osborn,WR,MIN,,,,-28.99,00-0036345
2023,2253712,10,2023-11-07 10:30:13,drop,John Juliano,loss,player,Green Bay Packers,DEF,GB,,,,-5.65,DEF-0012
2023,2253713,9,2023-11-05 17:39:48,add/drop,John Juliano,gain,player,Green Bay Packers,DEF,GB,,,,-2.65,DEF-0012
2023,2253713,9,2023-11-05 17:39:48,add/drop,John Juliano,loss,player,Keaontay Ingram,RB,ARI,,,,-48.65,00-0037299
2023,2253790,9,2023-11-05 01:15:06,add,Pung & Tralie,gain,player,Quentin Johnston,WR,LAC,,,,-21.34,00-0038544
2023,2253714,9,2023-11-04 21:11:17,add,John Juliano,gain,player,Keaontay Ingram,RB,ARI,,,,-48.65,00-0037299
2023,2253877,9,2023-11-04 18:01:40,add/drop,Cambrias,gain,player,Joshua Kelley,RB,LAC,,,,-40.5,00-0036370
2023,2253877,9,2023-11-04 18:01:40,add/drop,Cambrias,loss,player,Will Levis,QB,TEN,,,,-26.44,00-0039152
2023,2253600,9,2023-11-03 11:02:18,add/drop,Richie,gain,player,Devin Singletary,RB,HOU,,,,14.4,00-0035250
2023,2253600,9,2023-11-03 11:02:18,add/drop,Richie,loss,player,Elijah Mitchell,RB,SF,,,,-36.16,00-0036567
2023,2253905,9,2023-11-02 17:27:54,add/drop,Mike Long,gain,player,Baker Mayfield,QB,TB,,,,16.27,00-0034855
2023,2253905,9,2023-11-02 17:27:54,add/drop,Mike Long,loss,player,Mac Jones,QB,NE,,,,-56.85,00-0036972
2023,2253715,9,2023-11-02 17:10:11,add/drop,John Juliano,gain,player,Darren Waller,TE,NYG,,,,-28.01,00-0031610
2023,2253715,9,2023-11-02 17:10:11,add/drop,John Juliano,loss,player,Buffalo Bills,DEF,BUF,,,,0,DEF-0004
2023,2253814,9,2023-11-02 17:02:59,add/drop,Rob & GregBo,gain,player,Hunter Henry,TE,NE,,,,-7.99,00-0033090
2023,2253814,9,2023-11-02 17:02:59,add/drop,Rob & GregBo,loss,player,Darren Waller,TE,NYG,,,,-28.01,00-0031610
2023,2253683,9,2023-11-01 23:36:36,add/drop,Chris & Dom,gain,player,Justice Hill,RB,BAL,,,,-25.41,00-0034975
2023,2253683,9,2023-11-01 23:36:36,add/drop,Chris & Dom,loss,player,Tutu Atwell,WR,LAR,,,,-45.58,00-0036849
2023,2253755,9,2023-11-01 21:00:28,add/drop,Nolan & Vinny,gain,player,Demario Douglas,WR,NE,,,,-23.72,00-0038621
2023,2253755,9,2023-11-01 21:00:28,add/drop,Nolan & Vinny,loss,player,Curtis Samuel,WR,WAS,,,,-22.55,00-0033282
2023,2253906,9,2023-11-01 18:32:26,add,Mike Long,gain,player,Mac Jones,QB,NE,,,,-56.85,00-0036972
2023,2253907,9,2023-11-01 18:27:47,drop,Mike Long,loss,player,Desmond Ridder,QB,ATL,,,,-35.04,00-0038122
2023,2253908,9,2023-11-01 18:27:04,add,Mike Long,gain,player,Desmond Ridder,QB,ATL,,,,-35.04,00-0038122
2023,2253815,9,2023-11-01 16:00:09,add/drop,Rob & GregBo,gain,player,Chris Boswell,K,PIT,,,,1.06,00-0031136
2023,2253815,9,2023-11-01 16:00:09,add/drop,Rob & GregBo,loss,player,Brandon McManus,K,JAX,,,,-8.47,00-0029822
2023,2253942,9,2023-11-01 11:54:06,add,Frank & Julian,gain,player,Las Vegas Raiders,DEF,LV,,,,14.29,DEF-0017
2023,2253756,9,2023-11-01 10:14:02,add,Nolan & Vinny,gain,player,Sam Howell,QB,WAS,,,,-8.5,00-0037077
2023,2253645,9,2023-11-01 07:39:58,add/drop,Antdell & Ernie,gain,player,Matt Gay,K,IND,,,,0.53,00-0035269
2023,2253645,9,2023-11-01 07:39:58,add/drop,Antdell & Ernie,loss,player,Graham Gano,K,NYG,,,,,00-0026858
2023,2253646,9,2023-11-01 07:39:58,add,Antdell & Ernie,gain,player,Derek Carr,QB,NO,,,,-6.24,00-0031280
2023,2253791,9,2023-11-01 07:39:58,add/drop,Pung & Tralie,gain,player,Los Angeles Chargers,DEF,LAC,,,,-5.29,DEF-0018
2023,2253791,9,2023-11-01 07:39:58,add/drop,Pung & Tralie,loss,player,Jacksonville Jaguars,DEF,JAX,,,,-11.65,DEF-0015
2023,2253792,9,2023-11-01 07:39:58,add/drop,Pung & Tralie,gain,player,Leonard Fournette,RB,FA,,,,-48.12,00-0033856
2023,2253792,9,2023-11-01 07:39:58,add/drop,Pung & Tralie,loss,player,Seattle Seahawks,DEF,SEA,,,,-16.41,DEF-0029
2023,2253845,9,2023-11-01 07:39:58,add/drop,Ronnie,gain,player,Royce Freeman,RB,DAL,,,,-35.05,00-0034838
2023,2253845,9,2023-11-01 07:39:58,add/drop,Ronnie,loss,player,Joshua Kelley,RB,LAC,,,,-40.5,00-0036370
2023,2253878,9,2023-11-01 07:39:58,add/drop,Cambrias,gain,player,Will Levis,QB,TEN,,,,-26.44,00-0039152
2023,2253878,9,2023-11-01 07:39:58,add/drop,Cambrias,loss,player,Jamaal Williams,RB,NO,,,,-32.19,00-0033948
2023,2253943,9,2023-11-01 07:39:58,add,Frank & Julian,gain,player,Taysom Hill,QB,NO,,,,-33.71,00-0033357
2023,2253944,9,2023-10-31 13:36:52,drop,Frank & Julian,loss,player,Blake Grupe,K,NO,,,,-4.24,00-0038905
2023,2253793,9,2023-10-31 13:05:34,trade,Pung & Tralie,loss,player,Josh Reynolds,WR,DET,,,,-34.36,00-0033943
2023,2253793,9,2023-10-31 13:05:34,trade,Pung & Tralie,gain,player,Dalton Schultz,TE,HOU,,,,1.11,00-0034383
2023,2253909,9,2023-10-31 13:05:34,trade,Mike Long,gain,player,Josh Reynolds,WR,DET,,,,-34.36,00-0033943
2023,2253909,9,2023-10-31 13:05:34,trade,Mike Long,loss,player,Dalton Schultz,TE,HOU,,,,1.11,00-0034383
2023,2253945,9,2023-10-31 11:29:04,drop,Frank & Julian,loss,player,Kalif Raymond,WR,DET,,,,-36.26,00-0032464
2023,2253647,9,2023-10-31 10:37:40,drop,Antdell & Ernie,loss,player,Kirk Cousins,QB,MIN,,,,,00-0029604
2023,2253946,8,2023-10-29 20:09:06,add/drop,Frank & Julian,gain,player,Kalif Raymond,WR,DET,,,,-47.41,00-0032464
2023,2253946,8,2023-10-29 20:09:06,add/drop,Frank & Julian,loss,player,Devin Singletary,RB,HOU,,,,9.59,00-0035250
2023,2253684,8,2023-10-29 14:36:08,add/drop,Chris & Dom,gain,player,Emari Demercado,RB,ARI,,,,-42.24,00-0038705
2023,2253684,8,2023-10-29 14:36:08,add/drop,Chris & Dom,loss,player,Keaontay Ingram,RB,ARI,,,,-62.65,00-0037299
2023,2253947,8,2023-10-29 14:28:13,add,Frank & Julian,gain,player,Blake Grupe,K,NO,,,,-4.12,00-0038905
2023,2253948,8,2023-10-29 14:04:08,drop,Frank & Julian,loss,player,Taysom Hill,QB,NO,,,,-32.78,00-0033357
2023,2253757,8,2023-10-27 15:21:54,add,Nolan & Vinny,gain,player,Gardner Minshew,QB,IND,,,,-11.39,00-0035289
2023,2253758,8,2023-10-27 13:24:58,trade,Nolan & Vinny,loss,player,Javonte Williams,RB,DEN,,,,-0.65,00-0036997
2023,2253758,8,2023-10-27 13:24:58,trade,Nolan & Vinny,loss,player,Kyle Pitts,TE,ATL,,,,-3.76,00-0036970
2023,2253758,8,2023-10-27 13:24:58,trade,Nolan & Vinny,loss,player,Zay Flowers,WR,BAL,,,,-4.06,00-0039064
2023,2253758,8,2023-10-27 13:24:58,trade,Nolan & Vinny,gain,player,Isiah Pacheco,RB,KC,,,,0.35,00-0037197
2023,2253910,8,2023-10-27 13:24:58,drop,Mike Long,loss,player,Kenneth Gainwell,RB,PHI,,,,-32.89,00-0036919
2023,2253911,8,2023-10-27 13:24:58,drop,Mike Long,loss,player,Russell Wilson,QB,DEN,,,,0,00-0029263
2023,2253912,8,2023-10-27 13:24:58,trade,Mike Long,gain,player,Javonte Williams,RB,DEN,,,,-0.65,00-0036997
2023,2253912,8,2023-10-27 13:24:58,trade,Mike Long,gain,player,Kyle Pitts,TE,ATL,,,,-3.76,00-0036970
2023,2253912,8,2023-10-27 13:24:58,trade,Mike Long,gain,player,Zay Flowers,WR,BAL,,,,-4.06,00-0039064
2023,2253912,8,2023-10-27 13:24:58,trade,Mike Long,loss,player,Isiah Pacheco,RB,KC,,,,0.35,00-0037197
2023,2253879,8,2023-10-26 10:44:30,add/drop,Cambrias,gain,player,Jamaal Williams,RB,NO,,,,-43.06,00-0033948
2023,2253879,8,2023-10-26 10:44:30,add/drop,Cambrias,loss,player,Deshaun Watson,QB,CLE,,,,-61.56,00-0033537
2023,2253759,8,2023-10-26 10:40:44,add/drop,Nolan & Vinny,gain,player,Kyle Pitts,TE,ATL,,,,-3.76,00-0036970
2023,2253759,8,2023-10-26 10:40:44,add/drop,Nolan & Vinny,loss,player,Luke Musgrave,TE,GB,,,,-27.29,00-0039144
2023,2253880,8,2023-10-26 10:39:45,add/drop,Cambrias,gain,player,Zach Charbonnet,RB,SEA,,,,-19.12,00-0039165
2023,2253880,8,2023-10-26 10:39:45,add/drop,Cambrias,loss,player,Royce Freeman,RB,DAL,,,,-42.94,00-0034838
2023,2253881,8,2023-10-26 10:38:00,add/drop,Cambrias,gain,player,Tank Dell,WR,HOU,,,,-13.06,00-0038977
2023,2253881,8,2023-10-26 10:38:00,add/drop,Cambrias,loss,player,Kyle Pitts,TE,ATL,,,,-3.76,00-0036970
2023,2253949,8,2023-10-25 11:39:09,add,Frank & Julian,gain,player,Taysom Hill,QB,NO,,,,-32.78,00-0033357
2023,2253648,8,2023-10-25 11:38:13,drop,Antdell & Ernie,loss,player,Keaton Mitchell,RB,BAL,,,,-24.76,00-0038454
2023,2253601,8,2023-10-25 10:55:14,drop,Richie,loss,player,Justice Hill,RB,BAL,,,,-32.76,00-0034975
2023,2253760,8,2023-10-25 10:52:46,add/drop,Nolan & Vinny,gain,player,Trey McBride,TE,ARI,,,,34.41,00-0037744
2023,2253760,8,2023-10-25 10:52:46,add/drop,Nolan & Vinny,loss,player,Washington Commanders,DEF,WAS,,,,-34.12,DEF-0032
2023,2253649,8,2023-10-25 07:40:27,add/drop,Antdell & Ernie,gain,player,Pittsburgh Steelers,DEF,PIT,,,,-3.53,DEF-0027
2023,2253649,8,2023-10-25 07:40:27,add/drop,Antdell & Ernie,loss,player,Las Vegas Raiders,DEF,LV,,,,19.41,DEF-0017
2023,2253716,8,2023-10-25 07:40:27,add/drop,John Juliano,gain,player,Dallas Cowboys,DEF,DAL,,,,2.94,DEF-0009
2023,2253716,8,2023-10-25 07:40:27,add/drop,John Juliano,loss,player,Matthew Stafford,QB,LAR,,,,1.79,00-0026498
2023,2253717,8,2023-10-25 07:40:27,add/drop,John Juliano,gain,player,Logan Thomas,TE,WAS,,,,-6.18,00-0031260
2023,2253717,8,2023-10-25 07:40:27,add/drop,John Juliano,loss,player,Jonnu Smith,TE,MIA,,,,-17.18,00-0033858
2023,2253718,8,2023-10-25 07:40:27,add/drop,John Juliano,gain,player,Dustin Hopkins,K,CLE,,,,-2.35,00-0030098
2023,2253718,8,2023-10-25 07:40:27,add/drop,John Juliano,loss,player,Jake Moody,K,SF,,,,-5.88,00-0038562
2023,2253761,8,2023-10-25 07:40:27,add/drop,Nolan & Vinny,gain,player,Brandon Aubrey,K,DAL,,,,17.65,00-0037692
2023,2253761,8,2023-10-25 07:40:27,add/drop,Nolan & Vinny,loss,player,Brett Maher,K,LAR,,,,,00-0030332
2023,2253794,8,2023-10-25 07:40:27,add/drop,Pung & Tralie,gain,player,Seattle Seahawks,DEF,SEA,,,,-16.47,DEF-0029
2023,2253794,8,2023-10-25 07:40:27,add/drop,Pung & Tralie,loss,player,Zach Evans,RB,LAR,,,,-64.41,00-0039136
2023,2253846,8,2023-10-25 07:40:27,add/drop,Ronnie,gain,player,Joshua Kelley,RB,LAC,,,,-53.88,00-0036370
2023,2253846,8,2023-10-25 07:40:27,add/drop,Ronnie,loss,player,Jordan Mason,RB,SF,,,,-57.18,00-0037525
2023,2253847,8,2023-10-25 07:40:27,add/drop,Ronnie,gain,player,Josh Downs,WR,IND,,,,-34.53,00-0038997
2023,2253847,8,2023-10-25 07:40:27,add/drop,Ronnie,loss,player,Wan'Dale Robinson,WR,NYG,,,,-25.47,00-0038117
2023,2253913,8,2023-10-25 07:40:27,add/drop,Mike Long,gain,player,Atlanta Falcons,DEF,ATL,,,,-8.24,DEF-0002
2023,2253913,8,2023-10-25 07:40:27,add/drop,Mike Long,loss,player,Los Angeles Rams,DEF,LAR,,,,-15.88,DEF-0019
2023,2253795,8,2023-10-25 03:53:23,drop,Pung & Tralie,loss,player,Tank Dell,WR,HOU,,,,-13.06,00-0038977
2023,2253719,8,2023-10-24 14:57:15,trade,John Juliano,loss,player,Michael Pittman,WR,IND,,,,8.82,00-0036252
2023,2253719,8,2023-10-24 14:57:15,trade,John Juliano,loss,player,D'Onta Foreman,RB,CHI,,,,-37.65,00-0033925
2023,2253719,8,2023-10-24 14:57:15,trade,John Juliano,gain,player,Josh Allen,QB,BUF,,,,43.12,00-0034857
2023,2253914,8,2023-10-24 14:57:15,drop,Mike Long,loss,player,Kadarius Toney,WR,KC,,,,-61.29,00-0036913
2023,2253915,8,2023-10-24 14:57:15,trade,Mike Long,gain,player,Michael Pittman,WR,IND,,,,8.82,00-0036252
2023,2253915,8,2023-10-24 14:57:15,trade,Mike Long,gain,player,D'Onta Foreman,RB,CHI,,,,-37.65,00-0033925
2023,2253915,8,2023-10-24 14:57:15,trade,Mike Long,loss,player,Josh Allen,QB,BUF,,,,43.12,00-0034857
2023,2253950,8,2023-10-24 11:24:40,drop,Frank & Julian,loss,player,Daniel Carlson,K,LV,,,,-5.29,00-0034161
2023,2253762,7,2023-10-23 04:19:25,add/drop,Nolan & Vinny,gain,player,New York Jets,DEF,NYJ,,,,0,DEF-0025
2023,2253762,7,2023-10-23 04:19:25,add/drop,Nolan & Vinny,loss,player,Dallas Cowboys,DEF,DAL,,,,0,DEF-0009
2023,2253763,7,2023-10-23 03:51:56,add/drop,Nolan & Vinny,gain,player,Jake Ferguson,TE,DAL,,,,24.2,00-0038041
2023,2253763,7,2023-10-23 03:51:56,add/drop,Nolan & Vinny,loss,player,Brandon Aubrey,K,DAL,,,,14.88,00-0037692
2023,2253720,7,2023-10-22 16:40:22,add/drop,John Juliano,gain,player,Jonnu Smith,TE,MIA,,,,-16.63,00-0033858
2023,2253720,7,2023-10-22 16:40:22,add/drop,John Juliano,loss,player,Gerald Everett,TE,LAC,,,,-3.75,00-0033895
2023,2253882,7,2023-10-22 12:18:49,add/drop,Cambrias,gain,player,Royce Freeman,RB,DAL,,,,-44.78,00-0034838
2023,2253882,7,2023-10-22 12:18:49,add/drop,Cambrias,loss,player,Latavius Murray,RB,BUF,,,,-43.16,00-0030513
2023,2253650,7,2023-10-21 19:21:23,add,Antdell & Ernie,gain,player,Graham Gano,K,NYG,,,,-49.82,00-0026858
2023,2253816,7,2023-10-21 00:06:26,add/drop,Rob & GregBo,gain,player,Tampa Bay Buccaneers,DEF,TB,,,,-7.12,DEF-0030
2023,2253816,7,2023-10-21 00:06:26,add/drop,Rob & GregBo,loss,player,Miami Dolphins,DEF,MIA,,,,20.06,DEF-0020
2023,2253817,7,2023-10-20 22:48:20,add/drop,Rob & GregBo,gain,player,Julio Jones,WR,FA,,,,-63.93,00-0027944
2023,2253817,7,2023-10-20 22:48:20,add/drop,Rob & GregBo,loss,player,Jayden Reed,WR,GB,,,,14.43,00-0039146
2023,2253685,7,2023-10-20 20:56:28,add,Chris & Dom,gain,player,Tutu Atwell,WR,LAR,,,,-61.08,00-0036849
2023,2253686,7,2023-10-20 20:55:39,drop,Chris & Dom,loss,player,Jamaal Williams,RB,NO,,,,-48.27,00-0033948
2023,2253721,7,2023-10-20 15:53:49,add/drop,John Juliano,gain,player,Gerald Everett,TE,LAC,,,,-3.75,00-0033895
2023,2253721,7,2023-10-20 15:53:49,add/drop,John Juliano,loss,player,Pat Freiermuth,TE,PIT,,,,-21.61,00-0036894
2023,2253916,7,2023-10-19 16:22:58,add,Mike Long,gain,player,Kadarius Toney,WR,KC,,,,-71.76,00-0036913
2023,2253951,7,2023-10-19 16:14:20,add/drop,Frank & Julian,gain,player,Darrell Henderson,RB,FA,,,,-44.91,00-0035664
2023,2253951,7,2023-10-19 16:14:20,add/drop,Frank & Julian,loss,player,Pittsburgh Steelers,DEF,PIT,,,,-3.88,DEF-0027
2023,2253848,7,2023-10-19 13:56:10,add/drop,Ronnie,gain,player,Rashid Shaheed,WR,NO,,,,-36.56,00-0037545
2023,2253848,7,2023-10-19 13:56:10,add/drop,Ronnie,loss,player,Sam Howell,QB,WAS,,,,-1.19,00-0037077
2023,2253849,7,2023-10-19 13:51:08,add,Ronnie,gain,player,Jordan Mason,RB,SF,,,,-64.71,00-0037525
2023,2253850,7,2023-10-19 13:50:35,drop,Ronnie,loss,player,Clyde Edwards-Helaire,RB,KC,,,,-45.55,00-0036360
2023,2253851,7,2023-10-19 13:45:42,add,Ronnie,gain,player,Jameson Williams,WR,DET,,,,-43.42,00-0037240
2023,2253852,7,2023-10-19 13:45:21,drop,Ronnie,loss,player,Logan Thomas,TE,WAS,,,,-2.33,00-0031260
2023,2253722,7,2023-10-19 12:18:47,add/drop,John Juliano,gain,player,Matthew Stafford,QB,LAR,,,,3.47,00-0026498
2023,2253722,7,2023-10-19 12:18:47,add/drop,John Juliano,loss,player,Zach Charbonnet,RB,SEA,,,,-22.84,00-0039165
2023,2253723,7,2023-10-19 05:00:17,drop,John Juliano,loss,player,Jordan Mason,RB,SF,,,,-64.71,00-0037525
2023,2253952,7,2023-10-19 02:36:44,add/drop,Frank & Julian,gain,player,Devin Singletary,RB,HOU,,,,8.74,00-0035250
2023,2253952,7,2023-10-19 02:36:44,add/drop,Frank & Julian,loss,player,Matt Breida,RB,NYG,,,,-62.38,00-0033308
2023,2253724,7,2023-10-18 21:56:43,add,John Juliano,gain,player,D'Onta Foreman,RB,CHI,,,,-21.87,00-0033925
2023,2253818,7,2023-10-18 21:53:13,add/drop,Rob & GregBo,gain,player,Brandon McManus,K,JAX,,,,-3.88,00-0029822
2023,2253818,7,2023-10-18 21:53:13,add/drop,Rob & GregBo,loss,player,Graham Gano,K,NYG,,,,-49.82,00-0026858
2023,2253764,7,2023-10-18 18:53:33,add,Nolan & Vinny,gain,player,Brandon Aubrey,K,DAL,,,,14.88,00-0037692
2023,2253725,7,2023-10-18 17:10:31,add/drop,John Juliano,gain,player,Kyler Murray,QB,ARI,,,,-14.87,00-0035228
2023,2253725,7,2023-10-18 17:10:31,add/drop,John Juliano,loss,player,Jake Ferguson,TE,DAL,,,,24.2,00-0038041
2023,2253883,7,2023-10-18 15:48:14,add/drop,Cambrias,gain,player,Jaxon Smith-Njigba,WR,SEA,,,,-8.74,00-0038543
2023,2253883,7,2023-10-18 15:48:14,add/drop,Cambrias,loss,player,Jameson Williams,WR,DET,,,,-43.42,00-0037240
2023,2253819,7,2023-10-18 11:40:57,add/drop,Rob & GregBo,gain,player,Graham Gano,K,NYG,,,,-49.82,00-0026858
2023,2253819,7,2023-10-18 11:40:57,add/drop,Rob & GregBo,loss,player,Brandon Aubrey,K,DAL,,,,14.88,00-0037692
2023,2253953,7,2023-10-18 11:39:29,add/drop,Frank & Julian,gain,player,Daniel Carlson,K,LV,,,,-5.82,00-0034161
2023,2253953,7,2023-10-18 11:39:29,add/drop,Frank & Julian,loss,player,Kendre Miller,RB,NO,,,,-68.52,00-0038551
2023,2253884,7,2023-10-18 10:32:20,add/drop,Cambrias,gain,player,Latavius Murray,RB,BUF,,,,-43.16,00-0030513
2023,2253884,7,2023-10-18 10:32:20,add/drop,Cambrias,loss,player,Matthew Stafford,QB,LAR,,,,3.47,00-0026498
2023,2253602,7,2023-10-18 10:20:33,add/drop,Richie,gain,player,Elijah Mitchell,RB,SF,,,,-57.07,00-0036567
2023,2253602,7,2023-10-18 10:20:33,add/drop,Richie,loss,player,Hunter Henry,TE,NE,,,,-5.95,00-0033090
2023,2253765,7,2023-10-18 10:20:09,add/drop,Nolan & Vinny,gain,player,Luke Musgrave,TE,GB,,,,-26.92,00-0039144
2023,2253765,7,2023-10-18 10:20:09,add/drop,Nolan & Vinny,loss,player,D'Onta Foreman,RB,CHI,,,,-21.87,00-0033925
2023,2253766,7,2023-10-18 10:15:43,add/drop,Nolan & Vinny,gain,player,Washington Commanders,DEF,WAS,,,,-34.94,DEF-0032
2023,2253766,7,2023-10-18 10:15:43,add/drop,Nolan & Vinny,loss,player,Tank Bigsby,RB,JAX,,,,-69.62,00-0038555
2023,2253767,7,2023-10-18 10:15:17,add/drop,Nolan & Vinny,gain,player,Brett Maher,K,LAR,,,,-51.12,00-0030332
2023,2253767,7,2023-10-18 10:15:17,add/drop,Nolan & Vinny,loss,player,Ka'imi Fairbairn,K,HOU,,,,-26.53,00-0032726
2023,2253726,7,2023-10-18 09:42:37,add/drop,John Juliano,gain,player,Pat Freiermuth,TE,PIT,,,,-21.61,00-0036894
2023,2253726,7,2023-10-18 09:42:37,add/drop,John Juliano,loss,player,Jonnu Smith,TE,MIA,,,,-16.63,00-0033858
2023,2253727,7,2023-10-18 07:57:31,add/drop,John Juliano,gain,player,Jonnu Smith,TE,MIA,,,,-16.63,00-0033858
2023,2253727,7,2023-10-18 07:57:31,add/drop,John Juliano,loss,player,Salvon Ahmed,RB,MIA,,,,-58.62,00-0036020
2023,2253728,7,2023-10-18 07:56:05,add/drop,John Juliano,gain,player,Jordan Mason,RB,SF,,,,-64.71,00-0037525
2023,2253728,7,2023-10-18 07:56:05,add/drop,John Juliano,loss,player,Emari Demercado,RB,ARI,,,,-40.83,00-0038705
2023,2253687,7,2023-10-18 07:42:45,add/drop,Chris & Dom,gain,player,Kendrick Bourne,WR,NE,,,,-66.65,00-0033307
2023,2253687,7,2023-10-18 07:42:45,add/drop,Chris & Dom,loss,player,Ronnie Rivers,RB,LAR,,,,-70.85,00-0037557
2023,2253688,7,2023-10-18 07:42:45,add/drop,Chris & Dom,gain,player,Jordan Love,QB,GB,,,,38.01,00-0036264
2023,2253688,7,2023-10-18 07:42:45,add/drop,Chris & Dom,loss,player,Khari Blasingame,RB,CHI,,,,-71.69,00-0035099
2023,2253689,7,2023-10-18 07:42:45,add/drop,Chris & Dom,gain,player,Craig Reynolds,RB,DET,,,,-65.87,00-0035567
2023,2253689,7,2023-10-18 07:42:45,add/drop,Chris & Dom,loss,player,Baker Mayfield,QB,TB,,,,27.24,00-0034855
2023,2253729,7,2023-10-18 07:42:45,add/drop,John Juliano,gain,player,Salvon Ahmed,RB,MIA,,,,-58.62,00-0036020
2023,2253729,7,2023-10-18 07:42:45,add/drop,John Juliano,loss,player,Josh Downs,WR,IND,,,,-28.6,00-0038997
2023,2253768,7,2023-10-18 07:42:45,add/drop,Nolan & Vinny,gain,player,Kareem Hunt,RB,FA,,,,-12.1,00-0033923
2023,2253768,7,2023-10-18 07:42:45,add/drop,Nolan & Vinny,loss,player,Washington Commanders,DEF,WAS,,,,-34.94,DEF-0032
2023,2253796,7,2023-10-18 07:42:45,add/drop,Pung & Tralie,gain,player,Zach Evans,RB,LAR,,,,-72.66,00-0039136
2023,2253796,7,2023-10-18 07:42:45,add/drop,Pung & Tralie,loss,player,Jaxon Smith-Njigba,WR,SEA,,,,-8.74,00-0038543
2023,2253917,7,2023-10-18 07:42:45,add,Mike Long,gain,player,Russell Wilson,QB,DEN,,,,1.38,00-0029263
2023,2253918,7,2023-10-18 07:42:45,add,Mike Long,gain,player,Dalton Schultz,TE,HOU,,,,0,00-0034383
2023,2253651,7,2023-10-18 03:34:05,drop,Antdell & Ernie,loss,player,Matt Gay,K,IND,,,,3.24,00-0035269
2023,2253603,7,2023-10-18 02:34:02,trade,Richie,gain,player,Amari Cooper,WR,CLE,,,,19.67,00-0031544
2023,2253603,7,2023-10-18 02:34:02,trade,Richie,gain,player,Mike Evans,WR,TB,,,,41.93,00-0031408
2023,2253603,7,2023-10-18 02:34:02,trade,Richie,gain,player,Dallas Goedert,TE,PHI,,,,-1.68,00-0034351
2023,2253603,7,2023-10-18 02:34:02,trade,Richie,gain,player,DK Metcalf,WR,SEA,,,,15.4,00-0035640
2023,2253603,7,2023-10-18 02:34:02,trade,Richie,loss,player,D'Onta Foreman,RB,CHI,,,,-21.87,00-0033925
2023,2253603,7,2023-10-18 02:34:02,trade,Richie,loss,player,A.J. Brown,WR,PHI,,,,23.68,00-0035676
2023,2253603,7,2023-10-18 02:34:02,trade,Richie,loss,player,Jerome Ford,RB,CLE,,,,17.92,00-0037267
2023,2253769,7,2023-10-18 02:34:02,trade,Nolan & Vinny,loss,player,Amari Cooper,WR,CLE,,,,19.67,00-0031544
2023,2253769,7,2023-10-18 02:34:02,trade,Nolan & Vinny,loss,player,Mike Evans,WR,TB,,,,41.93,00-0031408
2023,2253769,7,2023-10-18 02:34:02,trade,Nolan & Vinny,loss,player,Dallas Goedert,TE,PHI,,,,-1.68,00-0034351
2023,2253769,7,2023-10-18 02:34:02,trade,Nolan & Vinny,loss,player,DK Metcalf,WR,SEA,,,,15.4,00-0035640
2023,2253769,7,2023-10-18 02:34:02,trade,Nolan & Vinny,gain,player,D'Onta Foreman,RB,CHI,,,,-21.87,00-0033925
2023,2253769,7,2023-10-18 02:34:02,trade,Nolan & Vinny,gain,player,A.J. Brown,WR,PHI,,,,23.68,00-0035676
2023,2253769,7,2023-10-18 02:34:02,trade,Nolan & Vinny,gain,player,Jerome Ford,RB,CLE,,,,17.92,00-0037267
2023,2253604,7,2023-10-18 02:33:11,drop,Richie,loss,player,Anthony Richardson,QB,IND,,,,,00-0039164
2023,2253919,7,2023-10-17 12:09:15,drop,Mike Long,loss,player,Braxton Berrios,WR,MIA,,,,-76.94,00-0034419
2023,2253920,7,2023-10-17 12:08:14,drop,Mike Long,loss,player,Atlanta Falcons,DEF,ATL,,,,-5.18,DEF-0002
2023,2253885,6,2023-10-15 14:20:07,drop,Cambrias,loss,player,Kareem Hunt,RB,FA,,,,-9.95,00-0033923
2023,2253886,6,2023-10-14 02:10:34,add,Cambrias,gain,player,Kareem Hunt,RB,FA,,,,-9.95,00-0033923
2023,2253690,6,2023-10-13 22:03:50,add/drop,Chris & Dom,gain,player,Khari Blasingame,RB,CHI,,,,-85.55,00-0035099
2023,2253690,6,2023-10-13 22:03:50,add/drop,Chris & Dom,loss,player,Detroit Lions,DEF,DET,,,,-19.06,DEF-0011
2023,2253887,6,2023-10-13 16:08:57,add,Cambrias,gain,player,Matthew Stafford,QB,LAR,,,,2.88,00-0026498
2023,2253888,6,2023-10-13 11:52:31,drop,Cambrias,loss,player,Marvin Mims,WR,DEN,,,,-84.56,00-0038976
2023,2253921,6,2023-10-13 10:05:29,drop,Mike Long,loss,player,Samaje Perine,RB,DEN,,,,-33.67,00-0033526
2023,2253954,6,2023-10-11 19:27:20,add/drop,Frank & Julian,gain,player,Pittsburgh Steelers,DEF,PIT,,,,-7.06,DEF-0027
2023,2253954,6,2023-10-11 19:27:20,add/drop,Frank & Julian,loss,player,Russell Wilson,QB,DEN,,,,-3.87,00-0029263
2023,2253820,6,2023-10-11 19:09:27,add/drop,Rob & GregBo,gain,player,Antonio Gibson,RB,WAS,,,,-21.32,00-0036328
2023,2253820,6,2023-10-11 19:09:27,add/drop,Rob & GregBo,loss,player,,,NE,,,,,00-0021142
2023,2253691,6,2023-10-11 18:49:21,add/drop,Chris & Dom,gain,player,Keaontay Ingram,RB,ARI,,,,-80.26,00-0037299
2023,2253691,6,2023-10-11 18:49:21,add/drop,Chris & Dom,loss,player,Kareem Hunt,RB,FA,,,,-9.95,00-0033923
2023,2253770,6,2023-10-11 10:41:46,add/drop,Nolan & Vinny,gain,player,Ka'imi Fairbairn,K,HOU,,,,-30.35,00-0032726
2023,2253770,6,2023-10-11 10:41:46,add/drop,Nolan & Vinny,loss,player,Brett Maher,K,LAR,,,,-52.24,00-0030332
2023,2253605,6,2023-10-11 10:15:32,add,Richie,gain,player,D'Onta Foreman,RB,CHI,,,,-26.54,00-0033925
2023,2253922,6,2023-10-11 09:51:38,add/drop,Mike Long,gain,player,Samaje Perine,RB,DEN,,,,-33.67,00-0033526
2023,2253922,6,2023-10-11 09:51:38,add/drop,Mike Long,loss,player,Daniel Jones,QB,NYG,,,,-115.89,00-0035710
2023,2253652,6,2023-10-11 07:48:34,add/drop,Antdell & Ernie,gain,player,Las Vegas Raiders,DEF,LV,,,,26.12,DEF-0017
2023,2253652,6,2023-10-11 07:48:34,add/drop,Antdell & Ernie,loss,player,New York Jets,DEF,NYJ,,,,4.94,DEF-0025
2023,2253730,6,2023-10-11 07:48:34,add,John Juliano,gain,player,Josh Downs,WR,IND,,,,-30.42,00-0038997
2023,2253731,6,2023-10-11 07:48:34,add/drop,John Juliano,gain,player,Emari Demercado,RB,ARI,,,,-50.75,00-0038705
2023,2253731,6,2023-10-11 07:48:34,add/drop,John Juliano,loss,player,Jordan Love,QB,GB,,,,31.21,00-0036264
2023,2253771,6,2023-10-11 07:48:34,add/drop,Nolan & Vinny,gain,player,Curtis Samuel,WR,WAS,,,,-37.41,00-0033282
2023,2253771,6,2023-10-11 07:48:34,add/drop,Nolan & Vinny,loss,player,Kalif Raymond,WR,DET,,,,-64.94,00-0032464
2023,2253955,6,2023-10-11 07:48:34,add/drop,Frank & Julian,gain,player,Kendre Miller,RB,NO,,,,-81.32,00-0038551
2023,2253955,6,2023-10-11 07:48:34,add/drop,Frank & Julian,loss,player,Tutu Atwell,WR,LAR,,,,-72.28,00-0036849
2023,2253653,6,2023-10-10 14:32:22,drop,Antdell & Ernie,loss,player,Michael Wilson,WR,ARI,,,,-68.75,00-0038559
2023,2253654,6,2023-10-10 14:32:22,trade,Antdell & Ernie,loss,player,D.J. Moore,WR,CHI,,,,15.6,00-0034827
2023,2253654,6,2023-10-10 14:32:22,trade,Antdell & Ernie,loss,player,Matt Breida,RB,NYG,,,,-75.25,00-0033308
2023,2253654,6,2023-10-10 14:32:22,trade,Antdell & Ernie,gain,player,Rachaad White,RB,TB,,,,59.29,00-0037256
2023,2253654,6,2023-10-10 14:32:22,trade,Antdell & Ernie,gain,player,Jerry Jeudy,WR,CLE,,,,-40.09,00-0036407
2023,2253654,6,2023-10-10 14:32:22,trade,Antdell & Ernie,gain,player,Jaylen Warren,RB,PIT,,,,9.88,00-0037228
2023,2253956,6,2023-10-10 14:32:22,trade,Frank & Julian,gain,player,D.J. Moore,WR,CHI,,,,15.6,00-0034827
2023,2253956,6,2023-10-10 14:32:22,trade,Frank & Julian,gain,player,Matt Breida,RB,NYG,,,,-75.25,00-0033308
2023,2253956,6,2023-10-10 14:32:22,trade,Frank & Julian,loss,player,Rachaad White,RB,TB,,,,59.29,00-0037256
2023,2253956,6,2023-10-10 14:32:22,trade,Frank & Julian,loss,player,Jerry Jeudy,WR,CLE,,,,-40.09,00-0036407
2023,2253956,6,2023-10-10 14:32:22,trade,Frank & Julian,loss,player,Jaylen Warren,RB,PIT,,,,9.88,00-0037228
2023,2253853,6,2023-10-10 12:04:46,trade,Ronnie,loss,player,Deebo Samuel,WR,SF,,,,16.94,00-0035719
2023,2253853,6,2023-10-10 12:04:46,trade,Ronnie,gain,player,Jaylen Waddle,WR,MIA,,,,5.22,00-0036613
2023,2253923,6,2023-10-10 12:04:46,trade,Mike Long,gain,player,Deebo Samuel,WR,SF,,,,16.94,00-0035719
2023,2253923,6,2023-10-10 12:04:46,trade,Mike Long,loss,player,Jaylen Waddle,WR,MIA,,,,5.22,00-0036613
2023,2253854,5,2023-10-08 15:57:29,add/drop,Ronnie,gain,player,Wan'Dale Robinson,WR,NYG,,,,-42.21,00-0038117
2023,2253854,5,2023-10-08 15:57:29,add/drop,Ronnie,loss,player,Rashod Bateman,WR,BAL,,,,-73.03,00-0036550
2023,2253772,5,2023-10-08 01:42:40,add/drop,Nolan & Vinny,gain,player,Kalif Raymond,WR,DET,,,,-76.24,00-0032464
2023,2253772,5,2023-10-08 01:42:40,add/drop,Nolan & Vinny,loss,player,Robert Woods,WR,HOU,,,,-81.75,00-0030431
2023,2253655,5,2023-10-06 12:56:14,add/drop,Antdell & Ernie,gain,player,Matt Breida,RB,NYG,,,,-85.95,00-0033308
2023,2253655,5,2023-10-06 12:56:14,add/drop,Antdell & Ernie,loss,player,Samaje Perine,RB,DEN,,,,-34.72,00-0033526
2023,2253656,5,2023-10-05 23:39:44,trade,Antdell & Ernie,loss,player,Calvin Ridley,WR,JAX,,,,0.08,00-0034837
2023,2253656,5,2023-10-05 23:39:44,trade,Antdell & Ernie,loss,player,Raheem Mostert,RB,MIA,,,,34.18,00-0031687
2023,2253656,5,2023-10-05 23:39:44,trade,Antdell & Ernie,loss,player,Daniel Jones,QB,NYG,,,,-133.01,00-0035710
2023,2253656,5,2023-10-05 23:39:44,trade,Antdell & Ernie,gain,player,Chris Olave,WR,NO,,,,3.06,00-0037239
2023,2253656,5,2023-10-05 23:39:44,trade,Antdell & Ernie,gain,player,Brian Robinson,RB,WAS,,,,-6.58,00-0037746
2023,2253656,5,2023-10-05 23:39:44,trade,Antdell & Ernie,gain,player,Brock Purdy,QB,SF,,,,30.16,00-0037834
2023,2253924,5,2023-10-05 23:39:44,trade,Mike Long,gain,player,Calvin Ridley,WR,JAX,,,,0.08,00-0034837
2023,2253924,5,2023-10-05 23:39:44,trade,Mike Long,gain,player,Raheem Mostert,RB,MIA,,,,34.18,00-0031687
2023,2253924,5,2023-10-05 23:39:44,trade,Mike Long,gain,player,Daniel Jones,QB,NYG,,,,-133.01,00-0035710
2023,2253924,5,2023-10-05 23:39:44,trade,Mike Long,loss,player,Chris Olave,WR,NO,,,,3.06,00-0037239
2023,2253924,5,2023-10-05 23:39:44,trade,Mike Long,loss,player,Brian Robinson,RB,WAS,,,,-6.58,00-0037746
2023,2253924,5,2023-10-05 23:39:44,trade,Mike Long,loss,player,Brock Purdy,QB,SF,,,,30.16,00-0037834
2023,2253925,5,2023-10-05 09:57:38,add/drop,Mike Long,gain,player,Atlanta Falcons,DEF,ATL,,,,-13.76,DEF-0002
2023,2253925,5,2023-10-05 09:57:38,add/drop,Mike Long,loss,player,Pat Freiermuth,TE,PIT,,,,-47.79,00-0036894
2023,2253692,5,2023-10-05 09:51:31,add/drop,Chris & Dom,gain,player,Ronnie Rivers,RB,LAR,,,,-97.73,00-0037557
2023,2253692,5,2023-10-05 09:51:31,add/drop,Chris & Dom,loss,player,Matt Breida,RB,NYG,,,,-85.95,00-0033308
2023,2253821,5,2023-10-05 02:14:56,add/drop,Rob & GregBo,gain,player,Zach Ertz,TE,ARI,,,,-70.2,00-0030061
2023,2253821,5,2023-10-05 02:14:56,add/drop,Rob & GregBo,loss,player,Kendre Miller,RB,NO,,,,-85.19,00-0038551
2023,2253703,5,2023-10-04 17:56:30,add/drop,Phil Baldino,gain,player,New England Patriots,DEF,NE,,,,-9.94,DEF-0022
2023,2253703,5,2023-10-04 17:56:30,add/drop,Phil Baldino,loss,player,JuJu Smith-Schuster,WR,NE,,,,-89.55,00-0033857
2023,2253855,5,2023-10-04 17:30:55,add/drop,Ronnie,gain,player,Kansas City Chiefs,DEF,KC,,,,-4.59,DEF-0016
2023,2253855,5,2023-10-04 17:30:55,add/drop,Ronnie,loss,player,Pittsburgh Steelers,DEF,PIT,,,,-3.06,DEF-0027
2023,2253889,5,2023-10-04 12:35:35,add/drop,Cambrias,gain,player,Marvin Mims,WR,DEN,,,,-102.16,00-0038976
2023,2253889,5,2023-10-04 12:35:35,add/drop,Cambrias,loss,player,Quentin Johnston,WR,LAC,,,,-61.02,00-0038544
2023,2253773,5,2023-10-04 11:31:15,add/drop,Nolan & Vinny,gain,player,Washington Commanders,DEF,WAS,,,,-46.65,DEF-0032
2023,2253773,5,2023-10-04 11:31:15,add/drop,Nolan & Vinny,loss,player,Joshua Kelley,RB,LAC,,,,-76.62,00-0036370
2023,2253657,5,2023-10-04 10:36:55,add/drop,Antdell & Ernie,gain,player,New York Jets,DEF,NYJ,,,,9.94,DEF-0025
2023,2253657,5,2023-10-04 10:36:55,add/drop,Antdell & Ernie,loss,player,Kansas City Chiefs,DEF,KC,,,,-4.59,DEF-0016
2023,2253774,5,2023-10-04 10:35:14,trade,Nolan & Vinny,gain,player,Tyreek Hill,WR,MIA,,,,73.18,00-0033040
2023,2253774,5,2023-10-04 10:35:14,trade,Nolan & Vinny,gain,player,DK Metcalf,WR,SEA,,,,5.74,00-0035640
2023,2253774,5,2023-10-04 10:35:14,trade,Nolan & Vinny,loss,player,Josh Allen,QB,BUF,,,,73.46,00-0034857
2023,2253774,5,2023-10-04 10:35:14,trade,Nolan & Vinny,loss,player,Jaylen Waddle,WR,MIA,,,,5.12,00-0036613
2023,2253926,5,2023-10-04 10:35:14,trade,Mike Long,loss,player,Tyreek Hill,WR,MIA,,,,73.18,00-0033040
2023,2253926,5,2023-10-04 10:35:14,trade,Mike Long,loss,player,DK Metcalf,WR,SEA,,,,5.74,00-0035640
2023,2253926,5,2023-10-04 10:35:14,trade,Mike Long,gain,player,Josh Allen,QB,BUF,,,,73.46,00-0034857
2023,2253926,5,2023-10-04 10:35:14,trade,Mike Long,gain,player,Jaylen Waddle,WR,MIA,,,,5.12,00-0036613
2023,2253927,5,2023-10-04 07:48:47,add/drop,Mike Long,gain,player,Braxton Berrios,WR,MIA,,,,-106.14,00-0034419
2023,2253927,5,2023-10-04 07:48:47,add/drop,Mike Long,loss,player,D.J. Chark,WR,LAC,,,,-56.66,00-0034777
2023,2253928,5,2023-10-04 07:48:47,add/drop,Mike Long,gain,player,Los Angeles Rams,DEF,LAR,,,,-25.24,DEF-0019
2023,2253928,5,2023-10-04 07:48:47,add/drop,Mike Long,loss,player,Cincinnati Bengals,DEF,CIN,,,,-10.71,DEF-0007
2023,2253658,5,2023-10-04 07:48:46,add/drop,Antdell & Ernie,gain,player,Michael Wilson,WR,ARI,,,,-83.96,00-0038559
2023,2253658,5,2023-10-04 07:48:46,add/drop,Antdell & Ernie,loss,player,Jerick McKinnon,RB,KC,,,,-57.31,00-0031376
2023,2253693,5,2023-10-04 07:48:46,add/drop,Chris & Dom,gain,player,Tyler Boyd,WR,CIN,,,,-34.72,00-0033009
2023,2253693,5,2023-10-04 07:48:46,add/drop,Chris & Dom,loss,player,Dalvin Cook,RB,NYJ,,,,-85.04,00-0033893
2023,2253694,5,2023-10-04 07:48:46,add/drop,Chris & Dom,gain,player,Detroit Lions,DEF,DET,,,,-24.47,DEF-0011
2023,2253694,5,2023-10-04 07:48:46,add/drop,Chris & Dom,loss,player,Tony Jones,RB,NO,,,,-96.74,00-0035860
2023,2253704,5,2023-10-04 07:48:46,add/drop,Phil Baldino,gain,player,Greg Joseph,K,MIN,,,,-6.12,00-0034450
2023,2253704,5,2023-10-04 07:48:46,add/drop,Phil Baldino,loss,player,Cameron Dicker,K,LAC,,,,3.06,00-0037224
2023,2253775,5,2023-10-04 07:48:46,add/drop,Nolan & Vinny,gain,player,Brett Maher,K,LAR,,,,-60.41,00-0030332
2023,2253775,5,2023-10-04 07:48:46,add/drop,Nolan & Vinny,loss,player,Daniel Carlson,K,LV,,,,-6.12,00-0034161
2023,2253776,5,2023-10-04 07:48:46,add/drop,Nolan & Vinny,gain,player,Jaleel McLaughlin,RB,DEN,,,,-42.75,00-0038794
2023,2253776,5,2023-10-04 07:48:46,add/drop,Nolan & Vinny,loss,player,Elijah Mitchell,RB,SF,,,,-83.51,00-0036567
2023,2253856,5,2023-10-04 07:48:46,add/drop,Ronnie,gain,player,Sam Howell,QB,WAS,,,,8.01,00-0037077
2023,2253856,5,2023-10-04 07:48:46,add/drop,Ronnie,loss,player,Treylon Burks,WR,TEN,,,,-104,00-0037742
2023,2253857,5,2023-10-04 07:48:46,add/drop,Ronnie,gain,player,Logan Thomas,TE,WAS,,,,-8.26,00-0031260
2023,2253857,5,2023-10-04 07:48:46,add/drop,Ronnie,loss,player,Gerald Everett,TE,LAC,,,,-18.43,00-0033895
2023,2253890,4,2023-10-01 16:52:45,add,Cambrias,gain,player,Ezekiel Elliott,RB,NE,,,,0,00-0033045
2023,2253659,4,2023-10-01 03:31:20,add,Antdell & Ernie,gain,player,Matt Gay,K,IND,,,,0.82,00-0035269
2023,2253660,4,2023-10-01 03:30:48,add/drop,Antdell & Ernie,gain,player,Keaton Mitchell,RB,BAL,,,,-60.28,00-0038454
2023,2253660,4,2023-10-01 03:30:48,add/drop,Antdell & Ernie,loss,player,Greg Joseph,K,MIN,,,,-12.35,00-0034450
2023,2253957,4,2023-10-01 02:42:11,add/drop,Frank & Julian,gain,player,Rashee Rice,WR,KC,,,,15.4,00-0039067
2023,2253957,4,2023-10-01 02:42:11,add/drop,Frank & Julian,loss,player,Kendrick Bourne,WR,NE,,,,-88.28,00-0033307
2023,2253858,4,2023-10-01 01:03:34,add/drop,Ronnie,gain,player,Gerald Everett,TE,LAC,,,,-20.84,00-0033895
2023,2253858,4,2023-10-01 01:03:34,add/drop,Ronnie,loss,player,Hunter Renfrow,WR,FA,,,,-103.6,00-0034983
2023,2253891,4,2023-09-28 15:14:20,add/drop,Cambrias,gain,player,Romeo Doubs,WR,GB,,,,-28.66,00-0037816
2023,2253891,4,2023-09-28 15:14:20,add/drop,Cambrias,loss,player,Skyy Moore,WR,KC,,,,-113.81,00-0038090
2023,2253892,4,2023-09-28 11:15:03,add/drop,Cambrias,gain,player,C.J. Stroud,QB,HOU,,,,-0,00-0039163
2023,2253892,4,2023-09-28 11:15:03,add/drop,Cambrias,loss,player,Matthew Stafford,QB,LAR,,,,1.22,00-0026498
2023,2253777,4,2023-09-27 09:27:56,add/drop,Nolan & Vinny,gain,player,Elijah Mitchell,RB,SF,,,,-97.75,00-0036567
2023,2253777,4,2023-09-27 09:27:56,add/drop,Nolan & Vinny,loss,player,Rashid Shaheed,WR,NO,,,,-51.47,00-0037545
2023,2253929,4,2023-09-27 09:22:15,add/drop,Mike Long,gain,player,Cincinnati Bengals,DEF,CIN,,,,-17.29,DEF-0007
2023,2253929,4,2023-09-27 09:22:15,add/drop,Mike Long,loss,player,New York Jets,DEF,NYJ,,,,6.59,DEF-0025
2023,2253797,4,2023-09-27 07:56:28,add/drop,Pung & Tralie,gain,player,Joshua Palmer,WR,LAC,,,,-75.68,00-0036988
2023,2253797,4,2023-09-27 07:56:28,add/drop,Pung & Tralie,loss,player,Zach Ertz,TE,ARI,,,,-69.67,00-0030061
2023,2253893,4,2023-09-27 07:56:28,add/drop,Cambrias,gain,player,Quentin Johnston,WR,LAC,,,,-70.16,00-0038544
2023,2253893,4,2023-09-27 07:56:28,add/drop,Cambrias,loss,player,New England Patriots,DEF,NE,,,,-18.12,DEF-0022
2023,2253930,4,2023-09-27 07:56:28,add,Mike Long,gain,player,Brock Purdy,QB,SF,,,,34.62,00-0037834
2023,2253931,4,2023-09-27 07:56:28,add/drop,Mike Long,gain,player,D.J. Chark,WR,LAC,,,,-63.82,00-0034777
2023,2253931,4,2023-09-27 07:56:28,add/drop,Mike Long,loss,player,Derek Carr,QB,NO,,,,-14.16,00-0031280
2023,2253661,4,2023-09-26 13:43:16,drop,Antdell & Ernie,loss,player,Antonio Gibson,RB,WAS,,,,-28.74,00-0036328
2023,2253695,3,2023-09-24 22:05:27,add/drop,Chris & Dom,gain,player,Baker Mayfield,QB,TB,,,,15.6,00-0034855
2023,2253695,3,2023-09-24 22:05:27,add/drop,Chris & Dom,loss,player,Deon Jackson,RB,IND,,,,-134.65,00-0036493
2023,2253662,3,2023-09-24 16:18:56,drop,Antdell & Ernie,loss,player,Nick Chubb,RB,CLE,,,,,00-0034791
2023,2253663,3,2023-09-24 06:24:39,add/drop,Antdell & Ernie,gain,player,Jerick McKinnon,RB,KC,,,,-66.74,00-0031376
2023,2253663,3,2023-09-24 06:24:39,add/drop,Antdell & Ernie,loss,player,Justin Watson,WR,KC,,,,-89.91,00-0034386
2023,2253696,3,2023-09-23 22:38:55,add,Chris & Dom,gain,player,Tony Jones,RB,NO,,,,-120.44,00-0035860
2023,2253664,3,2023-09-22 18:27:13,add,Antdell & Ernie,gain,player,Justin Watson,WR,KC,,,,-89.91,00-0034386
2023,2253859,3,2023-09-22 02:03:55,add/drop,Ronnie,gain,player,Rashod Bateman,WR,BAL,,,,-98.82,00-0036550
2023,2253859,3,2023-09-22 02:03:55,add/drop,Ronnie,loss,player,Allen Lazard,WR,NYJ,,,,-112.94,00-0034521
2023,2253798,3,2023-09-21 12:12:12,add/drop,Pung & Tralie,gain,player,Chuba Hubbard,RB,CAR,,,,-0.35,00-0036555
2023,2253798,3,2023-09-21 12:12:12,add/drop,Pung & Tralie,loss,player,Quentin Johnston,WR,LAC,,,,-81.26,00-0038544
2023,2253665,3,2023-09-21 12:05:09,add,Antdell & Ernie,gain,player,Antonio Gibson,RB,WAS,,,,-36.35,00-0036328
2023,2253822,3,2023-09-21 06:22:59,add/drop,Rob & GregBo,gain,player,Brandon Aubrey,K,DAL,,,,22.06,00-0037692
2023,2253822,3,2023-09-21 06:22:59,add/drop,Rob & GregBo,loss,player,Graham Gano,K,NYG,,,,-66.18,00-0026858
2023,2253823,3,2023-09-21 06:21:04,add/drop,Rob & GregBo,gain,player,Kendre Miller,RB,NO,,,,-109.76,00-0038551
2023,2253823,3,2023-09-21 06:21:04,add/drop,Rob & GregBo,loss,player,Rashaad Penny,RB,CAR,,,,-134.12,00-0034750
2023,2253824,3,2023-09-21 06:05:49,add/drop,Rob & GregBo,gain,player,Jayden Reed,WR,GB,,,,-1.32,00-0039146
2023,2253824,3,2023-09-21 06:05:49,add/drop,Rob & GregBo,loss,player,Juwan Johnson,TE,NO,,,,-34.41,00-0036040
2023,2253778,3,2023-09-20 14:31:01,add/drop,Nolan & Vinny,gain,player,Robert Woods,WR,HOU,,,,-99.71,00-0030431
2023,2253778,3,2023-09-20 14:31:01,add/drop,Nolan & Vinny,loss,player,Chigoziem Okonkwo,TE,TEN,,,,-17.29,00-0037809
2023,2253894,3,2023-09-20 10:29:40,add/drop,Cambrias,gain,player,New England Patriots,DEF,NE,,,,-17.65,DEF-0022
2023,2253894,3,2023-09-20 10:29:40,add/drop,Cambrias,loss,player,Jerick McKinnon,RB,KC,,,,-66.74,00-0031376
2023,2253697,3,2023-09-20 08:03:20,add/drop,Chris & Dom,gain,player,Matt Breida,RB,NYG,,,,-95.29,00-0033308
2023,2253697,3,2023-09-20 08:03:20,add/drop,Chris & Dom,loss,player,Romeo Doubs,WR,GB,,,,-23.29,00-0037816
2023,2253606,3,2023-09-20 08:01:19,add/drop,Richie,gain,player,Jerome Ford,RB,CLE,,,,24.26,00-0037267
2023,2253606,3,2023-09-20 08:01:19,add/drop,Richie,loss,player,Antonio Gibson,RB,WAS,,,,-36.35,00-0036328
2023,2253666,3,2023-09-20 08:01:19,add/drop,Antdell & Ernie,gain,player,Kansas City Chiefs,DEF,KC,,,,-7.94,DEF-0016
2023,2253666,3,2023-09-20 08:01:19,add/drop,Antdell & Ernie,loss,player,Denver Broncos,DEF,DEN,,,,-1.76,DEF-0010
2023,2253698,3,2023-09-20 08:01:19,add/drop,Chris & Dom,gain,player,Kareem Hunt,RB,FA,,,,-31.59,00-0033923
2023,2253698,3,2023-09-20 08:01:19,add/drop,Chris & Dom,loss,player,Darnell Mooney,WR,CHI,,,,-100.24,00-0036309
2023,2253732,3,2023-09-20 08:01:19,add/drop,John Juliano,gain,player,Adam Thielen,WR,CAR,,,,23.82,00-0030035
2023,2253732,3,2023-09-20 08:01:19,add/drop,John Juliano,loss,player,Rashee Rice,WR,KC,,,,17.38,00-0039067
2023,2253733,3,2023-09-20 08:01:19,add/drop,John Juliano,gain,player,Jake Ferguson,TE,DAL,,,,27.44,00-0038041
2023,2253733,3,2023-09-20 08:01:19,add/drop,John Juliano,loss,player,Hayden Hurst,TE,CAR,,,,-86.12,00-0034830
2023,2253799,3,2023-09-20 08:01:19,add/drop,Pung & Tralie,gain,player,Zach Ertz,TE,ARI,,,,-77.56,00-0030061
2023,2253799,3,2023-09-20 08:01:19,add/drop,Pung & Tralie,loss,player,Ezekiel Elliott,RB,NE,,,,0,00-0033045
2023,2253800,3,2023-09-20 08:01:19,add/drop,Pung & Tralie,gain,player,Tank Dell,WR,HOU,,,,-34.24,00-0038977
2023,2253800,3,2023-09-20 08:01:19,add/drop,Pung & Tralie,loss,player,New York Giants,DEF,NYG,,,,1.76,DEF-0024
2023,2253895,3,2023-09-20 08:01:19,add,Cambrias,gain,player,Jameson Williams,WR,DET,,,,-85.5,00-0037240
2023,2253896,3,2023-09-20 08:01:19,add,Cambrias,gain,player,Matthew Stafford,QB,LAR,,,,-1.01,00-0026498
2023,2253958,3,2023-09-20 08:01:19,add/drop,Frank & Julian,gain,player,Sam LaPorta,TE,DET,,,,75.26,00-0039065
2023,2253958,3,2023-09-20 08:01:19,add/drop,Frank & Julian,loss,player,Luke Musgrave,TE,GB,,,,-52.32,00-0039144
2023,2253897,2,2023-09-18 11:19:09,drop,Cambrias,loss,player,Washington Commanders,DEF,WAS,,,,-59.29,DEF-0032
2023,2253898,2,2023-09-18 11:18:29,drop,Cambrias,loss,player,Aaron Rodgers,QB,NYJ,,,,,00-0023459
2023,2253667,2,2023-09-17 12:46:59,drop,Antdell & Ernie,loss,player,Elijah Mitchell,RB,SF,,,,-126.87,00-0036567
2023,2253959,2,2023-09-17 01:03:08,add/drop,Frank & Julian,gain,player,Kendrick Bourne,WR,NE,,,,-110.02,00-0033307
2023,2253959,2,2023-09-17 01:03:08,add/drop,Frank & Julian,loss,player,Damien Harris,RB,BUF,,,,-142.59,00-0035657
2023,2253960,2,2023-09-17 00:56:32,add/drop,Frank & Julian,gain,player,Luke Musgrave,TE,GB,,,,-59.48,00-0039144
2023,2253960,2,2023-09-17 00:56:32,add/drop,Frank & Julian,loss,player,Isaiah Likely,TE,BAL,,,,-37.36,00-0037838
2023,2253961,2,2023-09-17 00:51:13,add/drop,Frank & Julian,gain,player,Tutu Atwell,WR,LAR,,,,-96.28,00-0036849
2023,2253961,2,2023-09-17 00:51:13,add/drop,Frank & Julian,loss,player,Odell Beckham,WR,BAL,,,,-85.36,00-0031235
2023,2253734,2,2023-09-15 15:56:11,add/drop,John Juliano,gain,player,Tyjae Spears,RB,TEN,,,,-35.95,00-0039032
2023,2253734,2,2023-09-15 15:56:11,add/drop,John Juliano,loss,player,Tyler Higbee,TE,LAR,,,,-26.07,00-0033110
2023,2253699,2,2023-09-14 11:20:19,add/drop,Chris & Dom,gain,player,Zack Moss,RB,CIN,,,,0,00-0036251
2023,2253699,2,2023-09-14 11:20:19,add/drop,Chris & Dom,loss,player,Adam Thielen,WR,CAR,,,,30.21,00-0030035
2023,2253779,2,2023-09-14 02:33:25,add/drop,Nolan & Vinny,gain,player,Rashid Shaheed,WR,NO,,,,-67.2,00-0037545
2023,2253779,2,2023-09-14 02:33:25,add/drop,Nolan & Vinny,loss,player,Tyler Boyd,WR,CIN,,,,-49.04,00-0033009
2023,2253735,2,2023-09-13 21:56:53,add/drop,John Juliano,gain,player,Jake Moody,K,SF,,,,-10.35,00-0038562
2023,2253735,2,2023-09-13 21:56:53,add/drop,John Juliano,loss,player,Jason Myers,K,SEA,,,,16,00-0031492
2023,2253607,2,2023-09-13 19:26:02,add/drop,Richie,gain,player,Justice Hill,RB,BAL,,,,-71.34,00-0034975
2023,2253607,2,2023-09-13 19:26:02,add/drop,Richie,loss,player,Taysom Hill,QB,NO,,,,-97.62,00-0033357
2023,2253608,2,2023-09-13 10:01:36,add/drop,Richie,gain,player,Hunter Henry,TE,NE,,,,-23.53,00-0033090
2023,2253608,2,2023-09-13 10:01:36,add/drop,Richie,loss,player,Gerald Everett,TE,LAC,,,,-21.55,00-0033895
2023,2253668,2,2023-09-13 08:00:49,add,Antdell & Ernie,gain,player,Roschon Johnson,RB,CHI,,,,-79.06,00-0039021
2023,2253705,2,2023-09-13 08:00:49,add/drop,Phil Baldino,gain,player,Cleveland Browns,DEF,CLE,,,,22.59,DEF-0008
2023,2253705,2,2023-09-13 08:00:49,add/drop,Phil Baldino,loss,player,New England Patriots,DEF,NE,,,,-16,DEF-0022
2023,2253706,2,2023-09-13 08:00:49,add/drop,Phil Baldino,gain,player,Puka Nacua,WR,LAR,,,,65.88,00-0039075
2023,2253706,2,2023-09-13 08:00:49,add/drop,Phil Baldino,loss,player,Zay Jones,WR,JAX,,,,-133.27,00-0033891
2023,2253736,2,2023-09-13 08:00:49,add/drop,John Juliano,gain,player,Jordan Love,QB,GB,,,,40.08,00-0036264
2023,2253736,2,2023-09-13 08:00:49,add/drop,John Juliano,loss,player,Jalin Hyatt,WR,NYG,,,,-125.84,00-0038938
2023,2253737,2,2023-09-13 08:00:49,add/drop,John Juliano,gain,player,Hayden Hurst,TE,CAR,,,,-95.06,00-0034830
2023,2253737,2,2023-09-13 08:00:49,add/drop,John Juliano,loss,player,Sam LaPorta,TE,DET,,,,83.01,00-0039065
2023,2253780,2,2023-09-13 08:00:49,add/drop,Nolan & Vinny,gain,player,Joshua Kelley,RB,LAC,,,,-113.04,00-0036370
2023,2253780,2,2023-09-13 08:00:49,add/drop,Nolan & Vinny,loss,player,Kadarius Toney,WR,KC,,,,-132.24,00-0036913
2023,2253801,2,2023-09-13 08:00:49,add/drop,Pung & Tralie,gain,player,Josh Reynolds,WR,DET,,,,-80.09,00-0033943
2023,2253801,2,2023-09-13 08:00:49,add/drop,Pung & Tralie,loss,player,Van Jefferson,WR,LAR,,,,-151.44,00-0036415
2023,2253932,2,2023-09-13 08:00:49,add/drop,Mike Long,gain,player,Kyren Williams,RB,LAR,,,,66.82,00-0037840
2023,2253932,2,2023-09-13 08:00:49,add/drop,Mike Long,loss,player,Deuce Vaughn,RB,DAL,,,,-143.44,00-0038622
2023,2253669,2,2023-09-12 12:48:04,drop,Antdell & Ernie,loss,player,Greg Dulcich,TE,DEN,,,,-119.53,00-0037252
2023,2253933,2,2023-09-12 10:56:26,drop,Mike Long,loss,player,J.K. Dobbins,RB,BAL,,,,,00-0036158
2023,2253802,1,2023-09-11 00:06:12,add/drop,Pung & Tralie,gain,player,New York Giants,DEF,NYG,,,,-10,DEF-0024
2023,2253802,1,2023-09-11 00:06:12,add/drop,Pung & Tralie,loss,player,Zack Moss,RB,CIN,,,,-6.9,00-0036251
2023,2253670,1,2023-09-10 16:52:12,add/drop,Antdell & Ernie,gain,player,Greg Dulcich,TE,DEN,,,,-129.4,00-0037252
2023,2253670,1,2023-09-10 16:52:12,add/drop,Antdell & Ernie,loss,player,Hayden Hurst,TE,CAR,,,,-92.5,00-0034830
2023,2253671,1,2023-09-10 16:22:30,add,Antdell & Ernie,gain,player,Hayden Hurst,TE,CAR,,,,-92.5,00-0034830
2023,2253609,1,2023-09-10 11:43:23,add/drop,Richie,gain,player,Taysom Hill,QB,NO,,,,-118.5,00-0033357
2023,2253609,1,2023-09-10 11:43:23,add/drop,Richie,loss,player,Kendre Miller,RB,NO,,,,-145.1,00-0038551
2023,2253962,1,2023-09-10 02:25:04,add,Frank & Julian,gain,player,Isaiah Likely,TE,BAL,,,,-44.9,00-0037838
2023,2253781,1,2023-09-09 12:44:09,add/drop,Nolan & Vinny,gain,player,Chigoziem Okonkwo,TE,TEN,,,,-27.1,00-0037809
2023,2253781,1,2023-09-09 12:44:09,add/drop,Nolan & Vinny,loss,player,Devin Singletary,RB,HOU,,,,-19.66,00-0035250
2023,2253803,1,2023-09-08 14:28:15,add/drop,Pung & Tralie,gain,player,Van Jefferson,WR,LAR,,,,-168.4,00-0036415
2023,2253803,1,2023-09-08 14:28:15,add/drop,Pung & Tralie,loss,player,Noah Gray,TE,KC,,,,-64.3,00-0036637
2023,2253672,1,2023-09-08 02:39:21,add/drop,Antdell & Ernie,gain,player,Denver Broncos,DEF,DEN,,,,-9,DEF-0010
2023,2253672,1,2023-09-08 02:39:21,add/drop,Antdell & Ernie,loss,player,Jameson Williams,WR,DET,,,,-126.1,00-0037240
2023,2253804,1,2023-09-06 12:23:29,add,Pung & Tralie,gain,player,Noah Gray,TE,KC,,,,-64.3,00-0036637
2023,2253610,1,2023-09-06 04:25:50,add,Richie,gain,player,Saquon Barkley,RB,NYG,,,,26,00-0034844
2023,2253738,1,2023-09-06 04:25:31,add,John Juliano,gain,player,Stefon Diggs,WR,BUF,,,,51.7,00-0031588
2023,2253739,1,2023-09-06 04:25:18,drop,John Juliano,loss,player,Saquon Barkley,RB,NYG,,,,26,00-0034844
2023,2253963,1,2023-09-06 04:24:34,add,Frank & Julian,gain,player,Davante Adams,WR,LV,,,,43.4,00-0031381
2023,2253964,1,2023-09-06 04:24:20,drop,Frank & Julian,loss,player,Stefon Diggs,WR,BUF,,,,51.7,00-0031588
2023,2253707,1,2023-09-06 04:23:16,add,Phil Baldino,gain,player,CeeDee Lamb,WR,DAL,,,,163.3,00-0036358
2023,2253708,1,2023-09-06 04:23:01,drop,Phil Baldino,loss,player,Davante Adams,WR,LV,,,,43.4,00-0031381
2023,2253611,1,2023-09-06 04:21:16,drop,Richie,loss,player,CeeDee Lamb,WR,DAL,,,,163.3,00-0036358
2022,2253966,17,2022-12-28 08:36:30,add/drop,Richie,gain,player,Cam Akers,RB,LAR,,,,0.26,00-0036414
2022,2253966,17,2022-12-28 08:36:30,add/drop,Richie,loss,player,Elijah Moore,WR,NYJ,,,,-0.47,00-0036980
2022,2253967,17,2022-12-28 08:36:30,add/drop,Richie,gain,player,New York Giants,DEF,NYG,,,,0.35,DEF-0024
2022,2253967,17,2022-12-28 08:36:30,add/drop,Richie,loss,player,Chris Moore,WR,HOU,,,,-0.39,00-0032398
2022,2253968,17,2022-12-28 08:36:30,add/drop,Richie,gain,player,Jared Goff,QB,DET,,,,0.36,00-0033106
2022,2253968,17,2022-12-28 08:36:30,add/drop,Richie,loss,player,Deon Jackson,RB,NYJ,,,,-0.52,00-0036493
2022,2254238,17,2022-12-28 08:36:30,add/drop,Cambrias,gain,player,Dallas Cowboys,DEF,DAL,,,,0.12,DEF-0009
2022,2254238,17,2022-12-28 08:36:30,add/drop,Cambrias,loss,player,Denver Broncos,DEF,DEN,,,,-0.12,DEF-0010
2022,2254239,16,2022-12-25 04:48:07,add/drop,Cambrias,gain,player,Courtland Sutton,WR,DEN,,,,-0.49,00-0034348
2022,2254239,16,2022-12-25 04:48:07,add/drop,Cambrias,loss,player,Jordan Mason,RB,SF,,,,-1.73,00-0037525
2022,2254140,16,2022-12-23 14:48:53,add/drop,Nolan & Vinny,gain,player,Chase McLaughlin,K,TB,,,,-1.06,00-0035358
2022,2254140,16,2022-12-23 14:48:53,add/drop,Nolan & Vinny,loss,player,Nick Folk,K,NE,,,,-1.29,00-0025565
2022,2254141,16,2022-12-21 09:04:29,add/drop,Nolan & Vinny,gain,player,Detroit Lions,DEF,DET,,,,-0.71,DEF-0011
2022,2254141,16,2022-12-21 09:04:29,add/drop,Nolan & Vinny,loss,player,Dallas Cowboys,DEF,DAL,,,,0,DEF-0009
2022,2253969,16,2022-12-21 08:40:44,add/drop,Richie,gain,player,Jacksonville Jaguars,DEF,JAX,,,,1.65,DEF-0015
2022,2253969,16,2022-12-21 08:40:44,add/drop,Richie,loss,player,Carolina Panthers,DEF,CAR,,,,-0.82,DEF-0005
2022,2253970,16,2022-12-21 08:40:44,add/drop,Richie,gain,player,Graham Gano,K,NYG,,,,0.59,00-0026858
2022,2253970,16,2022-12-21 08:40:44,add/drop,Richie,loss,player,Younghoe Koo,K,ATL,,,,0,00-0033702
2022,2253971,16,2022-12-21 08:40:44,add/drop,Richie,gain,player,Deon Jackson,RB,NYJ,,,,-2.01,00-0036493
2022,2253971,16,2022-12-21 08:40:44,add/drop,Richie,loss,player,Jeff Driskel,QB,HOU,,,,-3.01,00-0032436
2022,2254142,16,2022-12-21 08:40:44,add/drop,Nolan & Vinny,gain,player,Zack Moss,RB,BUF,,,,-0.78,00-0036251
2022,2254142,16,2022-12-21 08:40:44,add/drop,Nolan & Vinny,loss,player,Jason Myers,K,SEA,,,,-0.24,00-0031492
2022,2254143,16,2022-12-21 08:40:44,add/drop,Nolan & Vinny,gain,player,Evan Engram,TE,JAX,,,,0.13,00-0033881
2022,2254143,16,2022-12-21 08:40:44,add/drop,Nolan & Vinny,loss,player,Greg Dulcich,TE,DEN,,,,-0.85,00-0037252
2022,2254287,16,2022-12-21 08:40:44,add,Mike Long,gain,player,Marquise Goodwin,WR,SEA,,,,-2.82,00-0030068
2022,2254288,16,2022-12-20 23:07:24,drop,Mike Long,loss,player,Devin Duvernay,WR,BAL,,,,,00-0036331
2022,2253972,15,2022-12-17 17:12:29,add/drop,Richie,gain,player,Chris Moore,WR,HOU,,,,-3.92,00-0032398
2022,2253972,15,2022-12-17 17:12:29,add/drop,Richie,loss,player,Evan Engram,TE,JAX,,,,1.24,00-0033881
2022,2253973,15,2022-12-17 17:11:32,add/drop,Richie,gain,player,Younghoe Koo,K,ATL,,,,-0.53,00-0033702
2022,2253973,15,2022-12-17 17:11:32,add/drop,Richie,loss,player,Jason Sanders,K,MIA,,,,0,00-0034794
2022,2254289,15,2022-12-17 14:57:30,add/drop,Mike Long,gain,player,Tom Brady,QB,TB,,,,3.41,00-0019596
2022,2254289,15,2022-12-17 14:57:30,add/drop,Mike Long,loss,player,Courtland Sutton,WR,DEN,,,,-3.56,00-0034348
2022,2253974,15,2022-12-16 15:15:47,add/drop,Richie,gain,player,Jeff Driskel,QB,HOU,,,,-7.22,00-0032436
2022,2253974,15,2022-12-16 15:15:47,add/drop,Richie,loss,player,Jared Goff,QB,DET,,,,2.8,00-0033106
2022,2254009,15,2022-12-14 18:10:04,add,Antdell & Ernie,gain,player,Cleveland Browns,DEF,CLE,,,,1.24,DEF-0008
2022,2254010,15,2022-12-14 18:03:45,add/drop,Antdell & Ernie,gain,player,Khalil Herbert,RB,CHI,,,,-4.99,00-0036906
2022,2254010,15,2022-12-14 18:03:45,add/drop,Antdell & Ernie,loss,player,Pittsburgh Steelers,DEF,PIT,,,,0,DEF-0027
2022,2253975,15,2022-12-14 09:53:07,add/drop,Richie,gain,player,Elijah Moore,WR,NYJ,,,,-4.11,00-0036980
2022,2253975,15,2022-12-14 09:53:07,add/drop,Richie,loss,player,Cam Akers,RB,LAR,,,,4.99,00-0036414
2022,2253976,15,2022-12-14 09:53:07,add/drop,Richie,gain,player,Carolina Panthers,DEF,CAR,,,,-2.47,DEF-0005
2022,2253976,15,2022-12-14 09:53:07,add/drop,Richie,loss,player,Las Vegas Raiders,DEF,LV,,,,-1.76,DEF-0017
2022,2254011,15,2022-12-14 09:53:07,add/drop,Antdell & Ernie,gain,player,Cameron Dicker,K,LAC,,,,-0.35,00-0037224
2022,2254011,15,2022-12-14 09:53:07,add/drop,Antdell & Ernie,loss,player,Graham Gano,K,NYG,,,,1.76,00-0026858
2022,2254012,15,2022-12-14 09:53:07,add/drop,Antdell & Ernie,gain,player,Gus Edwards,RB,LAC,,,,-3.19,00-0034184
2022,2254012,15,2022-12-14 09:53:07,add/drop,Antdell & Ernie,loss,player,Brandin Cooks,WR,HOU,,,,-3.3,00-0031236
2022,2254013,15,2022-12-14 09:53:07,add/drop,Antdell & Ernie,gain,player,Chuba Hubbard,RB,CAR,,,,-0.35,00-0036555
2022,2254013,15,2022-12-14 09:53:07,add/drop,Antdell & Ernie,loss,player,Tom Brady,QB,TB,,,,3.41,00-0019596
2022,2254240,15,2022-12-14 09:53:07,add/drop,Cambrias,gain,player,Los Angeles Chargers,DEF,LAC,,,,1.94,DEF-0018
2022,2254240,15,2022-12-14 09:53:07,add/drop,Cambrias,loss,player,Minnesota Vikings,DEF,MIN,,,,-2.12,DEF-0021
2022,2254241,15,2022-12-14 09:53:07,add/drop,Cambrias,gain,player,Aaron Rodgers,QB,GB,,,,-0.98,00-0023459
2022,2254241,15,2022-12-14 09:53:07,add/drop,Cambrias,loss,player,Kyler Murray,QB,ARI,,,,,00-0035228
2022,2254014,15,2022-12-13 11:48:54,drop,Antdell & Ernie,loss,player,Seattle Seahawks,DEF,SEA,,,,-1.06,DEF-0029
2022,2254015,14,2022-12-11 16:46:31,add,Antdell & Ernie,gain,player,Tom Brady,QB,TB,,,,2.56,00-0019596
2022,2254313,14,2022-12-11 15:50:16,add/drop,Frank & Julian,gain,player,Demarcus Robinson,WR,BAL,,,,-4.8,00-0032775
2022,2254313,14,2022-12-11 15:50:16,add/drop,Frank & Julian,loss,player,Gus Edwards,RB,LAC,,,,-4.45,00-0034184
2022,2254173,14,2022-12-11 14:45:22,add/drop,Pung & Tralie,gain,player,Arizona Cardinals,DEF,ARI,,,,-2.12,DEF-0001
2022,2254173,14,2022-12-11 14:45:22,add/drop,Pung & Tralie,loss,player,Chicago Bears,DEF,CHI,,,,-5.65,DEF-0006
2022,2254242,14,2022-12-10 17:54:03,add/drop,Cambrias,gain,player,Darius Slayton,WR,NYG,,,,-4.75,00-0035535
2022,2254242,14,2022-12-10 17:54:03,add/drop,Cambrias,loss,player,Tom Brady,QB,TB,,,,2.56,00-0019596
2022,2254112,14,2022-12-10 11:44:27,add/drop,John Juliano,gain,player,Brandon McManus,K,DEN,,,,-1.41,00-0029822
2022,2254112,14,2022-12-10 11:44:27,add/drop,John Juliano,loss,player,Wil Lutz,K,NO,,,,-3.76,00-0032569
2022,2254314,14,2022-12-09 18:00:14,add/drop,Frank & Julian,gain,player,Travis Homer,RB,SEA,,,,-7.22,00-0035594
2022,2254314,14,2022-12-09 18:00:14,add/drop,Frank & Julian,loss,player,Nico Collins,WR,HOU,,,,,00-0036554
2022,2254144,14,2022-12-09 17:58:38,add/drop,Nolan & Vinny,gain,player,Kenneth Gainwell,RB,PHI,,,,-5.46,00-0036919
2022,2254144,14,2022-12-09 17:58:38,add/drop,Nolan & Vinny,loss,player,Foster Moreau,TE,NO,,,,-3.79,00-0034981
2022,2254145,14,2022-12-09 17:57:13,add/drop,Nolan & Vinny,gain,player,Joshua Kelley,RB,LAC,,,,-3.69,00-0036370
2022,2254145,14,2022-12-09 17:57:13,add/drop,Nolan & Vinny,loss,player,Odell Beckham,WR,MIA,,,,,00-0031235
2022,2253977,14,2022-12-09 17:55:54,add/drop,Richie,gain,player,D.J. Chark,WR,DET,,,,-0.09,00-0034777
2022,2253977,14,2022-12-09 17:55:54,add/drop,Richie,loss,player,Darius Slayton,WR,NYG,,,,-4.75,00-0035535
2022,2253978,14,2022-12-08 13:17:01,add/drop,Richie,gain,player,Las Vegas Raiders,DEF,LV,,,,-2.35,DEF-0017
2022,2253978,14,2022-12-08 13:17:01,add/drop,Richie,loss,player,Arizona Cardinals,DEF,ARI,,,,-2.12,DEF-0001
2022,2254016,14,2022-12-08 12:09:40,add/drop,Antdell & Ernie,gain,player,Green Bay Packers,DEF,GB,,,,3.06,DEF-0012
2022,2254016,14,2022-12-08 12:09:40,add/drop,Antdell & Ernie,loss,player,Las Vegas Raiders,DEF,LV,,,,-2.35,DEF-0017
2022,2254315,14,2022-12-07 15:53:42,add/drop,Frank & Julian,gain,player,Tyler Huntley,QB,CLE,,,,-7.16,00-0035993
2022,2254315,14,2022-12-07 15:53:42,add/drop,Frank & Julian,loss,player,Mike White,QB,MIA,,,,-11.89,00-0034401
2022,2254316,14,2022-12-07 15:50:51,drop,Frank & Julian,loss,player,Logan Thomas,TE,WAS,,,,-2.31,00-0031260
2022,2254017,14,2022-12-07 13:08:20,add,Antdell & Ernie,gain,player,Tennessee Titans,DEF,TEN,,,,-3.29,DEF-0031
2022,2253979,14,2022-12-07 08:30:33,add/drop,Richie,gain,player,Arizona Cardinals,DEF,ARI,,,,-2.12,DEF-0001
2022,2253979,14,2022-12-07 08:30:33,add/drop,Richie,loss,player,Washington Commanders,DEF,WAS,,,,-5.88,DEF-0032
2022,2253980,14,2022-12-07 08:30:33,add/drop,Richie,gain,player,Cam Akers,RB,LAR,,,,7.11,00-0036414
2022,2253980,14,2022-12-07 08:30:33,add/drop,Richie,loss,player,Treylon Burks,WR,TEN,,,,-7.74,00-0037742
2022,2253981,14,2022-12-07 08:30:33,add,Richie,gain,player,Jared Goff,QB,DET,,,,5.51,00-0033106
2022,2254018,14,2022-12-07 08:30:33,add/drop,Antdell & Ernie,gain,player,Pittsburgh Steelers,DEF,PIT,,,,-0.94,DEF-0027
2022,2254018,14,2022-12-07 08:30:33,add/drop,Antdell & Ernie,loss,player,Cleveland Browns,DEF,CLE,,,,0.94,DEF-0008
2022,2254219,14,2022-12-07 08:30:33,add/drop,Ronnie,gain,player,Cade Otton,TE,TB,,,,-3.72,00-0038129
2022,2254219,14,2022-12-07 08:30:33,add/drop,Ronnie,loss,player,Hayden Hurst,TE,CIN,,,,,00-0034830
2022,2254019,14,2022-12-06 13:13:22,drop,Antdell & Ernie,loss,player,JaMycal Hasty,RB,NE,,,,-3.91,00-0035806
2022,2254020,13,2022-12-05 18:04:16,drop,Antdell & Ernie,loss,player,Skyy Moore,WR,KC,,,,-14.62,00-0038090
2022,2253982,13,2022-12-05 00:59:51,drop,Richie,loss,player,Jimmy Garoppolo,QB,LAR,,,,-19.61,00-0031345
2022,2254021,13,2022-12-04 20:07:19,add/drop,Antdell & Ernie,gain,player,Las Vegas Raiders,DEF,LV,,,,-2.35,DEF-0017
2022,2254021,13,2022-12-04 20:07:19,add/drop,Antdell & Ernie,loss,player,Tyrion Davis-Price,RB,PHI,,,,-13.85,00-0037827
2022,2254022,13,2022-12-04 18:01:26,add,Antdell & Ernie,gain,player,Tyrion Davis-Price,RB,PHI,,,,-13.85,00-0037827
2022,2254023,13,2022-12-04 17:59:21,drop,Antdell & Ernie,loss,player,Tyler Conklin,TE,NYJ,,,,-1.71,00-0034270
2022,2254076,13,2022-12-04 15:18:25,add/drop,Chris & Dom,gain,player,Chase Claypool,WR,PIT,,,,-16.41,00-0036326
2022,2254076,13,2022-12-04 15:18:25,add/drop,Chris & Dom,loss,player,Benny Snell,RB,FA,,,,-13.44,00-0035217
2022,2254317,13,2022-12-04 14:20:49,add/drop,Frank & Julian,gain,player,Logan Thomas,TE,WAS,,,,-3.56,00-0031260
2022,2254317,13,2022-12-04 14:20:49,add/drop,Frank & Julian,loss,player,Cam Akers,RB,LAR,,,,11.68,00-0036414
2022,2254024,13,2022-12-02 21:26:08,add,Antdell & Ernie,gain,player,Skyy Moore,WR,KC,,,,-14.62,00-0038090
2022,2254025,13,2022-12-02 17:49:23,add/drop,Antdell & Ernie,gain,player,Tyler Conklin,TE,NYJ,,,,-1.71,00-0034270
2022,2254025,13,2022-12-02 17:49:23,add/drop,Antdell & Ernie,loss,player,Green Bay Packers,DEF,GB,,,,4.71,DEF-0012
2022,2254220,13,2022-12-01 15:06:08,add/drop,Ronnie,gain,player,Tyler Allgeier,RB,ATL,,,,2.76,00-0037263
2022,2254220,13,2022-12-01 15:06:08,add/drop,Ronnie,loss,player,Cade Otton,TE,TB,,,,-2.44,00-0038129
2022,2254243,13,2022-12-01 11:26:03,drop,Cambrias,loss,player,Elijah Mitchell,RB,SF,,,,,00-0036567
2022,2254318,13,2022-11-30 15:49:07,add/drop,Frank & Julian,gain,player,Mike White,QB,MIA,,,,-10.92,00-0034401
2022,2254318,13,2022-11-30 15:49:07,add/drop,Frank & Julian,loss,player,Demarcus Robinson,WR,BAL,,,,-7.03,00-0032775
2022,2254077,13,2022-11-30 12:40:36,add/drop,Chris & Dom,gain,player,Mack Hollins,WR,LV,,,,-6.53,00-0033555
2022,2254077,13,2022-11-30 12:40:36,add/drop,Chris & Dom,loss,player,Aaron Rodgers,QB,GB,,,,-4.26,00-0023459
2022,2254078,13,2022-11-30 12:38:19,add/drop,Chris & Dom,gain,player,Ameer Abdullah,RB,LV,,,,-11.29,00-0032104
2022,2254078,13,2022-11-30 12:38:19,add/drop,Chris & Dom,loss,player,Allen Robinson,WR,LAR,,,,,00-0031428
2022,2254146,13,2022-11-30 12:22:26,add/drop,Nolan & Vinny,gain,player,Zay Jones,WR,JAX,,,,1.79,00-0033891
2022,2254146,13,2022-11-30 12:22:26,add/drop,Nolan & Vinny,loss,player,James Robinson,RB,JAX,,,,-14.59,00-0035831
2022,2254026,13,2022-11-30 09:17:25,add/drop,Antdell & Ernie,gain,player,Seattle Seahawks,DEF,SEA,,,,-2.94,DEF-0029
2022,2254026,13,2022-11-30 09:17:25,add/drop,Antdell & Ernie,loss,player,Miami Dolphins,DEF,MIA,,,,-3.24,DEF-0020
2022,2254027,13,2022-11-30 09:17:25,add/drop,Antdell & Ernie,gain,player,Cleveland Browns,DEF,CLE,,,,7.35,DEF-0008
2022,2254027,13,2022-11-30 09:17:25,add/drop,Antdell & Ernie,loss,player,Parris Campbell,WR,IND,,,,-11.06,00-0035639
2022,2254028,13,2022-11-30 09:17:25,add/drop,Antdell & Ernie,gain,player,JaMycal Hasty,RB,NE,,,,-7.68,00-0035806
2022,2254028,13,2022-11-30 09:17:25,add/drop,Antdell & Ernie,loss,player,Marcus Mariota,QB,ATL,,,,-17.21,00-0032268
2022,2254079,13,2022-11-30 09:17:25,add/drop,Chris & Dom,gain,player,Benny Snell,RB,FA,,,,-13.44,00-0035217
2022,2254079,13,2022-11-30 09:17:25,add/drop,Chris & Dom,loss,player,New York Giants,DEF,NYG,,,,2.06,DEF-0024
2022,2254209,13,2022-11-30 09:17:25,add/drop,Rob & GregBo,gain,player,Zonovan Knight,RB,DET,,,,-2.09,00-0037157
2022,2254209,13,2022-11-30 09:17:25,add/drop,Rob & GregBo,loss,player,Jake Elliott,K,PHI,,,,-0.59,00-0033787
2022,2254221,13,2022-11-30 09:17:25,add,Ronnie,gain,player,DeAndre Carter,WR,LAC,,,,-15.68,00-0031763
2022,2254244,13,2022-11-30 09:17:25,add,Cambrias,gain,player,Jordan Mason,RB,SF,,,,-7.71,00-0037525
2022,2254290,13,2022-11-30 09:17:25,add/drop,Mike Long,gain,player,James Cook,RB,BUF,,,,-0.56,00-0037248
2022,2254290,13,2022-11-30 09:17:25,add/drop,Mike Long,loss,player,Tyler Allgeier,RB,ATL,,,,2.76,00-0037263
2022,2253983,13,2022-11-29 21:14:09,drop,Richie,loss,player,Ameer Abdullah,RB,LV,,,,-11.29,00-0032104
2022,2254029,12,2022-11-28 00:13:54,add/drop,Antdell & Ernie,gain,player,Green Bay Packers,DEF,GB,,,,3.53,DEF-0012
2022,2254029,12,2022-11-28 00:13:54,add/drop,Antdell & Ernie,loss,player,Keaontay Ingram,RB,KC,,,,-21.25,00-0037299
2022,2253984,12,2022-11-25 22:58:21,add/drop,Richie,gain,player,Ameer Abdullah,RB,LV,,,,-12.11,00-0032104
2022,2253984,12,2022-11-25 22:58:21,add/drop,Richie,loss,player,Darrell Henderson,RB,LAR,,,,,00-0035664
2022,2254094,12,2022-11-25 00:02:38,add/drop,Phil Baldino,gain,player,Robbie Gould,K,SF,,,,3.53,00-0023252
2022,2254094,12,2022-11-25 00:02:38,add/drop,Phil Baldino,loss,player,Greg Joseph,K,MIN,,,,0.35,00-0034450
2022,2253985,12,2022-11-23 09:54:14,add/drop,Richie,gain,player,Jason Sanders,K,MIA,,,,-0.35,00-0034794
2022,2253985,12,2022-11-23 09:54:14,add/drop,Richie,loss,player,Kyle Pitts,TE,ATL,,,,,00-0036970
2022,2253986,12,2022-11-23 09:53:01,add/drop,Richie,gain,player,Washington Commanders,DEF,WAS,,,,-8.12,DEF-0032
2022,2253986,12,2022-11-23 09:53:01,add/drop,Richie,loss,player,New Orleans Saints,DEF,NO,,,,0,DEF-0023
2022,2253987,12,2022-11-23 08:24:30,add/drop,Richie,gain,player,Taysom Hill,QB,NO,,,,-11.93,00-0033357
2022,2253987,12,2022-11-23 08:24:30,add/drop,Richie,loss,player,Greg Zuerlein,K,NYJ,,,,-1.06,00-0029621
2022,2254095,12,2022-11-23 08:24:30,add/drop,Phil Baldino,gain,player,Samaje Perine,RB,CIN,,,,-0.78,00-0033526
2022,2254095,12,2022-11-23 08:24:30,add/drop,Phil Baldino,loss,player,Clyde Edwards-Helaire,RB,KC,,,,,00-0036360
2022,2254147,12,2022-11-23 08:24:30,add,Nolan & Vinny,gain,player,Jason Myers,K,SEA,,,,-0.35,00-0031492
2022,2254174,12,2022-11-23 08:24:30,add/drop,Pung & Tralie,gain,player,Chicago Bears,DEF,CHI,,,,-13.06,DEF-0006
2022,2254174,12,2022-11-23 08:24:30,add/drop,Pung & Tralie,loss,player,Los Angeles Rams,DEF,LAR,,,,0,DEF-0019
2022,2254210,12,2022-11-23 08:24:30,add/drop,Rob & GregBo,gain,player,Latavius Murray,RB,BUF,,,,1.91,00-0030513
2022,2254210,12,2022-11-23 08:24:30,add/drop,Rob & GregBo,loss,player,Melvin Gordon,RB,DEN,,,,,00-0032144
2022,2254245,12,2022-11-23 08:24:30,add/drop,Cambrias,gain,player,Tom Brady,QB,TB,,,,8.96,00-0019596
2022,2254245,12,2022-11-23 08:24:30,add/drop,Cambrias,loss,player,Washington Commanders,DEF,WAS,,,,-8.12,DEF-0032
2022,2254319,12,2022-11-23 08:24:30,add/drop,Frank & Julian,gain,player,Demarcus Robinson,WR,BAL,,,,-11.15,00-0032775
2022,2254319,12,2022-11-23 08:24:30,add/drop,Frank & Julian,loss,player,Jack Stoll,TE,NYG,,,,-11.61,00-0036741
2022,2254320,12,2022-11-23 08:24:30,add/drop,Frank & Julian,gain,player,Cam Akers,RB,LAR,,,,11.65,00-0036414
2022,2254320,12,2022-11-23 08:24:30,add/drop,Frank & Julian,loss,player,Terrace Marshall,WR,CAR,,,,-17.05,00-0036955
2022,2254030,11,2022-11-21 00:18:28,add/drop,Antdell & Ernie,gain,player,Miami Dolphins,DEF,MIA,,,,-1.65,DEF-0020
2022,2254030,11,2022-11-21 00:18:28,add/drop,Antdell & Ernie,loss,player,Nyheim Hines,RB,IND,,,,-24.5,00-0034367
2022,2254148,11,2022-11-20 16:10:00,add,Nolan & Vinny,gain,player,Cooper Kupp,WR,LAR,,,,,00-0033908
2022,2254321,11,2022-11-20 16:06:52,add,Frank & Julian,gain,player,Nico Collins,WR,HOU,,,,-19.15,00-0036554
2022,2254322,11,2022-11-20 16:05:26,drop,Frank & Julian,loss,player,Cooper Kupp,WR,LAR,,,,,00-0033908
2022,2254175,11,2022-11-18 20:25:21,trade,Pung & Tralie,loss,player,Courtland Sutton,WR,DEN,,,,-13.55,00-0034348
2022,2254175,11,2022-11-18 20:25:21,trade,Pung & Tralie,gain,player,Tyler Higbee,TE,LAR,,,,5.02,00-0033110
2022,2254291,11,2022-11-18 20:25:21,trade,Mike Long,gain,player,Courtland Sutton,WR,DEN,,,,-13.55,00-0034348
2022,2254291,11,2022-11-18 20:25:21,trade,Mike Long,loss,player,Tyler Higbee,TE,LAR,,,,5.02,00-0033110
2022,2254080,11,2022-11-18 16:05:53,add/drop,Chris & Dom,gain,player,New York Giants,DEF,NYG,,,,-0.82,DEF-0024
2022,2254080,11,2022-11-18 16:05:53,add/drop,Chris & Dom,loss,player,Matt Gay,K,LAR,,,,4.12,00-0035269
2022,2254222,11,2022-11-18 14:13:34,add/drop,Ronnie,gain,player,Marquez Valdes-Scantling,WR,KC,,,,-15.77,00-0034272
2022,2254222,11,2022-11-18 14:13:34,add/drop,Ronnie,loss,player,Mecole Hardman,WR,KC,,,,,00-0035140
2022,2253988,11,2022-11-17 19:22:39,add/drop,Richie,gain,player,Darius Slayton,WR,NYG,,,,-5.97,00-0035535
2022,2253988,11,2022-11-17 19:22:39,add/drop,Richie,loss,player,Wan'Dale Robinson,WR,NYG,,,,-24.62,00-0038117
2022,2254031,11,2022-11-17 15:12:14,add/drop,Antdell & Ernie,gain,player,Keaontay Ingram,RB,KC,,,,-29.19,00-0037299
2022,2254031,11,2022-11-17 15:12:14,add/drop,Antdell & Ernie,loss,player,Tom Brady,QB,TB,,,,6.77,00-0019596
2022,2254176,11,2022-11-17 01:20:32,add/drop,Pung & Tralie,gain,player,Trey McBride,TE,ARI,,,,-1.11,00-0037744
2022,2254176,11,2022-11-17 01:20:32,add/drop,Pung & Tralie,loss,player,Younghoe Koo,K,ATL,,,,-0.41,00-0033702
2022,2254246,11,2022-11-16 19:57:10,add/drop,Cambrias,gain,player,Minnesota Vikings,DEF,MIN,,,,-11.12,DEF-0021
2022,2254246,11,2022-11-16 19:57:10,add/drop,Cambrias,loss,player,New York Giants,DEF,NYG,,,,-0.82,DEF-0024
2022,2254247,11,2022-11-16 19:56:30,add/drop,Cambrias,gain,player,Washington Commanders,DEF,WAS,,,,-3.71,DEF-0032
2022,2254247,11,2022-11-16 19:56:30,add/drop,Cambrias,loss,player,Tyler Conklin,TE,NYJ,,,,-1.85,00-0034270
2022,2254096,11,2022-11-16 19:41:26,trade,Phil Baldino,loss,player,New York Giants,DEF,NYG,,,,-0.82,DEF-0024
2022,2254096,11,2022-11-16 19:41:26,trade,Phil Baldino,loss,player,Tyler Conklin,TE,NYJ,,,,-1.85,00-0034270
2022,2254096,11,2022-11-16 19:41:26,trade,Phil Baldino,loss,player,Dak Prescott,QB,DAL,,,,14.03,00-0033077
2022,2254096,11,2022-11-16 19:41:26,trade,Phil Baldino,gain,player,Jeffery Wilson,RB,SF,,,,-15.19,00-0034115
2022,2254096,11,2022-11-16 19:41:26,trade,Phil Baldino,gain,player,Baltimore Ravens,DEF,BAL,,,,3.29,DEF-0003
2022,2254096,11,2022-11-16 19:41:26,trade,Phil Baldino,gain,player,Trevor Lawrence,QB,JAX,,,,12.28,00-0036971
2022,2254248,11,2022-11-16 19:41:26,trade,Cambrias,gain,player,New York Giants,DEF,NYG,,,,-0.82,DEF-0024
2022,2254248,11,2022-11-16 19:41:26,trade,Cambrias,gain,player,Tyler Conklin,TE,NYJ,,,,-1.85,00-0034270
2022,2254248,11,2022-11-16 19:41:26,trade,Cambrias,gain,player,Dak Prescott,QB,DAL,,,,14.03,00-0033077
2022,2254248,11,2022-11-16 19:41:26,trade,Cambrias,loss,player,Jeffery Wilson,RB,SF,,,,-15.19,00-0034115
2022,2254248,11,2022-11-16 19:41:26,trade,Cambrias,loss,player,Baltimore Ravens,DEF,BAL,,,,3.29,DEF-0003
2022,2254248,11,2022-11-16 19:41:26,trade,Cambrias,loss,player,Trevor Lawrence,QB,JAX,,,,12.28,00-0036971
2022,2254032,11,2022-11-16 18:14:56,add/drop,Antdell & Ernie,gain,player,Parris Campbell,WR,IND,,,,-16.51,00-0035639
2022,2254032,11,2022-11-16 18:14:56,add/drop,Antdell & Ernie,loss,player,Chase Edmonds,RB,MIA,,,,-22.81,00-0034681
2022,2254097,11,2022-11-16 14:09:40,add/drop,Phil Baldino,gain,player,Kansas City Chiefs,DEF,KC,,,,2.47,DEF-0016
2022,2254097,11,2022-11-16 14:09:40,add/drop,Phil Baldino,loss,player,Phillip Dorsett,WR,HOU,,,,-23.96,00-0032208
2022,2254323,11,2022-11-16 11:41:13,add/drop,Frank & Julian,gain,player,New York Jets,DEF,NYJ,,,,-4.94,DEF-0025
2022,2254323,11,2022-11-16 11:41:13,add/drop,Frank & Julian,loss,player,Robbie Gould,K,SF,,,,4.94,00-0023252
2022,2253989,11,2022-11-16 09:55:24,add/drop,Richie,gain,player,Greg Zuerlein,K,NYJ,,,,-2.06,00-0029621
2022,2253989,11,2022-11-16 09:55:24,add/drop,Richie,loss,player,Mack Hollins,WR,LV,,,,-5.06,00-0033555
2022,2253990,11,2022-11-16 09:48:25,add/drop,Richie,gain,player,Treylon Burks,WR,TEN,,,,-10.91,00-0037742
2022,2253990,11,2022-11-16 09:48:25,add/drop,Richie,loss,player,Jason Myers,K,SEA,,,,-2.88,00-0031492
2022,2254033,11,2022-11-16 08:30:49,add,Antdell & Ernie,gain,player,Marcus Mariota,QB,ATL,,,,-21.61,00-0032268
2022,2254081,11,2022-11-16 08:30:49,add/drop,Chris & Dom,gain,player,Allen Robinson,WR,LAR,,,,-26.56,00-0031428
2022,2254081,11,2022-11-16 08:30:49,add/drop,Chris & Dom,loss,player,Robert Tonyan,TE,GB,,,,-8.73,00-0033757
2022,2254113,11,2022-11-16 08:30:49,add/drop,John Juliano,gain,player,Cincinnati Bengals,DEF,CIN,,,,-2.06,DEF-0007
2022,2254113,11,2022-11-16 08:30:49,add/drop,John Juliano,loss,player,Tennessee Titans,DEF,TEN,,,,-8.65,DEF-0031
2022,2254149,11,2022-11-16 08:30:49,add,Nolan & Vinny,gain,player,Foster Moreau,TE,NO,,,,-5.27,00-0034981
2022,2254150,11,2022-11-16 08:30:49,add/drop,Nolan & Vinny,gain,player,Nick Folk,K,NE,,,,-1.65,00-0025565
2022,2254150,11,2022-11-16 08:30:49,add/drop,Nolan & Vinny,loss,player,Jason Sanders,K,MIA,,,,-2.88,00-0034794
2022,2254177,11,2022-11-16 08:30:49,add/drop,Pung & Tralie,gain,player,Daniel Jones,QB,NYG,,,,19.76,00-0035710
2022,2254177,11,2022-11-16 08:30:49,add/drop,Pung & Tralie,loss,player,Chase Claypool,WR,PIT,,,,-26.02,00-0036326
2022,2254178,11,2022-11-16 08:30:49,add/drop,Pung & Tralie,gain,player,Los Angeles Rams,DEF,LAR,,,,-0.41,DEF-0019
2022,2254178,11,2022-11-16 08:30:49,add/drop,Pung & Tralie,loss,player,Atlanta Falcons,DEF,ATL,,,,-8.65,DEF-0002
2022,2254179,11,2022-11-16 08:30:49,add/drop,Pung & Tralie,gain,player,Juwan Johnson,TE,NO,,,,-0.21,00-0036040
2022,2254179,11,2022-11-16 08:30:49,add/drop,Pung & Tralie,loss,player,Treylon Burks,WR,TEN,,,,-10.91,00-0037742
2022,2254292,11,2022-11-16 08:30:49,add,Mike Long,gain,player,Jerick McKinnon,RB,KC,,,,20.34,00-0031376
2022,2254324,11,2022-11-16 08:30:49,add/drop,Frank & Julian,gain,player,Jameson Williams,WR,DET,,,,-26.39,00-0037240
2022,2254324,11,2022-11-16 08:30:49,add/drop,Frank & Julian,loss,player,Arizona Cardinals,DEF,ARI,,,,-10.71,DEF-0001
2022,2254325,11,2022-11-16 08:30:49,add/drop,Frank & Julian,gain,player,Jack Stoll,TE,NYG,,,,-14.66,00-0036741
2022,2254325,11,2022-11-16 08:30:49,add/drop,Frank & Julian,loss,player,Kylen Granson,TE,IND,,,,-14.86,00-0036876
2022,2254151,11,2022-11-16 08:30:48,add/drop,Nolan & Vinny,gain,player,Christian Watson,WR,GB,,,,3.66,00-0038124
2022,2254151,11,2022-11-16 08:30:48,add/drop,Nolan & Vinny,loss,player,Khalil Herbert,RB,CHI,,,,-28.08,00-0036906
2022,2254098,11,2022-11-16 00:39:27,drop,Phil Baldino,loss,player,Jacksonville Jaguars,DEF,JAX,,,,3.71,DEF-0015
2022,2254034,11,2022-11-16 00:04:19,drop,Antdell & Ernie,loss,player,Kansas City Chiefs,DEF,KC,,,,2.47,DEF-0016
2022,2254035,11,2022-11-15 23:56:39,trade,Antdell & Ernie,loss,player,Christian Kirk,WR,JAX,,,,-8.36,00-0034775
2022,2254035,11,2022-11-15 23:56:39,trade,Antdell & Ernie,gain,player,T.J. Hockenson,TE,DET,,,,20.51,00-0035229
2022,2254035,11,2022-11-15 23:56:39,trade,Antdell & Ernie,gain,player,DeVonta Smith,WR,PHI,,,,21.25,00-0036912
2022,2254036,11,2022-11-15 23:56:39,drop,Antdell & Ernie,loss,player,Zach Ertz,TE,ARI,,,,,00-0030061
2022,2254152,11,2022-11-15 23:56:39,trade,Nolan & Vinny,gain,player,Christian Kirk,WR,JAX,,,,-8.36,00-0034775
2022,2254152,11,2022-11-15 23:56:39,trade,Nolan & Vinny,loss,player,T.J. Hockenson,TE,DET,,,,20.51,00-0035229
2022,2254152,11,2022-11-15 23:56:39,trade,Nolan & Vinny,loss,player,DeVonta Smith,WR,PHI,,,,21.25,00-0036912
2022,2254153,11,2022-11-15 13:16:40,drop,Nolan & Vinny,loss,player,Daniel Jones,QB,NYG,,,,19.76,00-0035710
2022,2254293,11,2022-11-15 12:04:14,drop,Mike Long,loss,player,Las Vegas Raiders,DEF,LV,,,,-2.88,DEF-0017
2022,2254211,10,2022-11-14 19:12:11,add/drop,Rob & GregBo,gain,player,Jake Elliott,K,PHI,,,,-2.35,00-0033787
2022,2254211,10,2022-11-14 19:12:11,add/drop,Rob & GregBo,loss,player,Caleb Huntley,RB,FA,,,,-36.42,00-0036829
2022,2254249,10,2022-11-13 23:21:32,drop,Cambrias,loss,player,Taysom Hill,QB,NO,,,,-31.69,00-0033357
2022,2254326,10,2022-11-13 17:09:46,add/drop,Frank & Julian,gain,player,Kylen Granson,TE,IND,,,,-18.26,00-0036876
2022,2254326,10,2022-11-13 17:09:46,add/drop,Frank & Julian,loss,player,Eno Benjamin,RB,ARI,,,,-39.25,00-0036383
2022,2254223,10,2022-11-12 13:15:02,add,Ronnie,gain,player,Jahan Dotson,WR,WAS,,,,-10.73,00-0037741
2022,2254250,10,2022-11-11 20:26:36,add/drop,Cambrias,gain,player,Donovan Peoples-Jones,WR,CLE,,,,0,00-0036233
2022,2254250,10,2022-11-11 20:26:36,add/drop,Cambrias,loss,player,Chuba Hubbard,RB,CAR,,,,-11.01,00-0036555
2022,2253991,10,2022-11-11 20:03:41,add/drop,Richie,gain,player,Mack Hollins,WR,LV,,,,-9.55,00-0033555
2022,2253991,10,2022-11-11 20:03:41,add/drop,Richie,loss,player,Hunter Renfrow,WR,LV,,,,-32.71,00-0034983
2022,2254082,10,2022-11-10 21:32:39,add/drop,Chris & Dom,gain,player,Matt Gay,K,LAR,,,,3.76,00-0035269
2022,2254082,10,2022-11-10 21:32:39,add/drop,Chris & Dom,loss,player,Cam Akers,RB,LAR,,,,7.48,00-0036414
2022,2254180,10,2022-11-10 18:03:26,add/drop,Pung & Tralie,gain,player,Treylon Burks,WR,TEN,,,,-15.48,00-0037742
2022,2254180,10,2022-11-10 18:03:26,add/drop,Pung & Tralie,loss,player,Parris Campbell,WR,IND,,,,-14.73,00-0035639
2022,2254251,10,2022-11-10 14:19:25,add/drop,Cambrias,gain,player,Trevor Lawrence,QB,JAX,,,,8.72,00-0036971
2022,2254251,10,2022-11-10 14:19:25,add/drop,Cambrias,loss,player,Deon Jackson,RB,NYJ,,,,-30.73,00-0036493
2022,2254327,10,2022-11-09 20:45:20,add/drop,Frank & Julian,gain,player,Arizona Cardinals,DEF,ARI,,,,-11.76,DEF-0001
2022,2254327,10,2022-11-09 20:45:20,add/drop,Frank & Julian,loss,player,Matthew Stafford,QB,LAR,,,,-52.68,00-0026498
2022,2254181,10,2022-11-09 18:19:20,add/drop,Pung & Tralie,gain,player,Jaylen Warren,RB,PIT,,,,-17.18,00-0037228
2022,2254181,10,2022-11-09 18:19:20,add/drop,Pung & Tralie,loss,player,Marquez Valdes-Scantling,WR,KC,,,,-16.52,00-0034272
2022,2254182,10,2022-11-09 15:22:28,add/drop,Pung & Tralie,gain,player,Atlanta Falcons,DEF,ATL,,,,-12.71,DEF-0002
2022,2254182,10,2022-11-09 15:22:28,add/drop,Pung & Tralie,loss,player,Indianapolis Colts,DEF,IND,,,,-3.76,DEF-0014
2022,2254328,10,2022-11-09 15:06:51,add/drop,Frank & Julian,gain,player,Terrace Marshall,WR,CAR,,,,-24.19,00-0036955
2022,2254328,10,2022-11-09 15:06:51,add/drop,Frank & Julian,loss,player,Minnesota Vikings,DEF,MIN,,,,-8.94,DEF-0021
2022,2254329,10,2022-11-09 11:49:46,add/drop,Frank & Julian,gain,player,Robbie Gould,K,SF,,,,7.06,00-0023252
2022,2254329,10,2022-11-09 11:49:46,add/drop,Frank & Julian,loss,player,Noah Fant,TE,SEA,,,,-2.82,00-0035644
2022,2254037,10,2022-11-09 10:49:38,add,Antdell & Ernie,gain,player,Kansas City Chiefs,DEF,KC,,,,2.35,DEF-0016
2022,2254252,10,2022-11-09 10:15:57,add,Cambrias,gain,player,Denver Broncos,DEF,DEN,,,,-8.47,DEF-0010
2022,2253992,10,2022-11-09 08:33:11,add/drop,Richie,gain,player,New Orleans Saints,DEF,NO,,,,0,DEF-0023
2022,2253992,10,2022-11-09 08:33:11,add/drop,Richie,loss,player,Cincinnati Bengals,DEF,CIN,,,,-5.65,DEF-0007
2022,2254099,10,2022-11-09 08:33:11,add/drop,Phil Baldino,gain,player,New York Giants,DEF,NYG,,,,0,DEF-0024
2022,2254099,10,2022-11-09 08:33:11,add/drop,Phil Baldino,loss,player,Robert Woods,WR,TEN,,,,-16.42,00-0030431
2022,2254114,10,2022-11-09 08:33:11,add/drop,John Juliano,gain,player,Tennessee Titans,DEF,TEN,,,,-7.53,DEF-0031
2022,2254114,10,2022-11-09 08:33:11,add/drop,John Juliano,loss,player,Miami Dolphins,DEF,MIA,,,,-2.35,DEF-0020
2022,2254154,10,2022-11-09 08:33:11,add,Nolan & Vinny,gain,player,Daniel Jones,QB,NYG,,,,16.02,00-0035710
2022,2254183,10,2022-11-09 08:33:11,add,Pung & Tralie,gain,player,Michael Gallup,WR,LV,,,,-8.99,00-0034764
2022,2254212,10,2022-11-09 08:33:11,add/drop,Rob & GregBo,gain,player,Cole Kmet,TE,CHI,,,,5.32,00-0036290
2022,2254212,10,2022-11-09 08:33:11,add/drop,Rob & GregBo,loss,player,Hunter Henry,TE,NE,,,,-8.33,00-0033090
2022,2254224,10,2022-11-09 08:33:11,add/drop,Ronnie,gain,player,Cade Otton,TE,TB,,,,-11.48,00-0038129
2022,2254224,10,2022-11-09 08:33:11,add/drop,Ronnie,loss,player,Green Bay Packers,DEF,GB,,,,3.76,DEF-0012
2022,2254225,10,2022-11-09 08:33:11,add/drop,Ronnie,gain,player,Darnell Mooney,WR,CHI,,,,-32.19,00-0036309
2022,2254225,10,2022-11-09 08:33:11,add/drop,Ronnie,loss,player,Romeo Doubs,WR,GB,,,,-32.42,00-0037816
2022,2254226,10,2022-11-09 08:33:11,add/drop,Ronnie,gain,player,Mecole Hardman,WR,KC,,,,,00-0035140
2022,2254226,10,2022-11-09 08:33:11,add/drop,Ronnie,loss,player,Jake Elliott,K,PHI,,,,-2.35,00-0033787
2022,2254294,10,2022-11-09 08:33:11,add,Mike Long,gain,player,Las Vegas Raiders,DEF,LV,,,,-5.18,DEF-0017
2022,2254184,10,2022-11-08 16:22:45,trade,Pung & Tralie,loss,player,Taysom Hill,QB,NO,,,,-31.69,00-0033357
2022,2254184,10,2022-11-08 16:22:45,trade,Pung & Tralie,loss,player,Elijah Mitchell,RB,SF,,,,-30.31,00-0036567
2022,2254184,10,2022-11-08 16:22:45,trade,Pung & Tralie,loss,player,CeeDee Lamb,WR,DAL,,,,36.52,00-0036358
2022,2254184,10,2022-11-08 16:22:45,trade,Pung & Tralie,gain,player,Gabriel Davis,WR,BUF,,,,-6.31,00-0036196
2022,2254184,10,2022-11-08 16:22:45,trade,Pung & Tralie,gain,player,Michael Pittman,WR,IND,,,,0.24,00-0036252
2022,2254253,10,2022-11-08 16:22:45,trade,Cambrias,gain,player,Taysom Hill,QB,NO,,,,-31.69,00-0033357
2022,2254253,10,2022-11-08 16:22:45,trade,Cambrias,gain,player,Elijah Mitchell,RB,SF,,,,-30.31,00-0036567
2022,2254253,10,2022-11-08 16:22:45,trade,Cambrias,gain,player,CeeDee Lamb,WR,DAL,,,,36.52,00-0036358
2022,2254253,10,2022-11-08 16:22:45,trade,Cambrias,loss,player,Gabriel Davis,WR,BUF,,,,-6.31,00-0036196
2022,2254253,10,2022-11-08 16:22:45,trade,Cambrias,loss,player,Michael Pittman,WR,IND,,,,0.24,00-0036252
2022,2254155,10,2022-11-08 12:33:12,drop,Nolan & Vinny,loss,player,Kansas City Chiefs,DEF,KC,,,,2.35,DEF-0016
2022,2254254,10,2022-11-08 10:37:51,drop,Cambrias,loss,player,Latavius Murray,RB,BUF,,,,2.31,00-0030513
2022,2254038,10,2022-11-08 09:42:38,drop,Antdell & Ernie,loss,player,Nick Folk,K,NE,,,,-5.18,00-0025565
2022,2254185,9,2022-11-06 15:29:15,add/drop,Pung & Tralie,gain,player,Marquez Valdes-Scantling,WR,KC,,,,-21.55,00-0034272
2022,2254185,9,2022-11-06 15:29:15,add/drop,Pung & Tralie,loss,player,Demarcus Robinson,WR,BAL,,,,-18.21,00-0032775
2022,2254213,9,2022-11-04 04:42:57,add/drop,Rob & GregBo,gain,player,Caleb Huntley,RB,FA,,,,-43.78,00-0036829
2022,2254213,9,2022-11-04 04:42:57,add/drop,Rob & GregBo,loss,player,Sam Ehlinger,QB,IND,,,,-67.48,00-0036879
2022,2254156,9,2022-11-03 21:19:40,add,Nolan & Vinny,gain,player,Odell Beckham,WR,MIA,,,,,00-0031235
2022,2254157,9,2022-11-03 21:03:25,drop,Nolan & Vinny,loss,player,Michael Thomas,WR,NO,,,,,00-0032765
2022,2254100,9,2022-11-03 20:25:07,add/drop,Phil Baldino,gain,player,Phillip Dorsett,WR,HOU,,,,-33.72,00-0032208
2022,2254100,9,2022-11-03 20:25:07,add/drop,Phil Baldino,loss,player,Alec Pierce,WR,IND,,,,-32.29,00-0037664
2022,2254255,9,2022-11-03 19:44:54,drop,Cambrias,loss,player,Rashod Bateman,WR,BAL,,,,,00-0036550
2022,2254256,9,2022-11-02 16:56:02,add/drop,Cambrias,gain,player,Deon Jackson,RB,NYJ,,,,-36.21,00-0036493
2022,2254256,9,2022-11-02 16:56:02,add/drop,Cambrias,loss,player,Allen Robinson,WR,LAR,,,,-37.22,00-0031428
2022,2254330,9,2022-11-02 14:38:10,add/drop,Frank & Julian,gain,player,Noah Fant,TE,SEA,,,,1.48,00-0035644
2022,2254330,9,2022-11-02 14:38:10,add/drop,Frank & Julian,loss,player,Juwan Johnson,TE,NO,,,,4.71,00-0036040
2022,2254039,9,2022-11-02 13:11:23,add/drop,Antdell & Ernie,gain,player,Nick Folk,K,NE,,,,0,00-0025565
2022,2254039,9,2022-11-02 13:11:23,add/drop,Antdell & Ernie,loss,player,Darnell Mooney,WR,CHI,,,,-31.08,00-0036309
2022,2254040,9,2022-11-02 13:10:49,add/drop,Antdell & Ernie,gain,player,Tom Brady,QB,TB,,,,0.55,00-0019596
2022,2254040,9,2022-11-02 13:10:49,add/drop,Antdell & Ernie,loss,player,Jared Goff,QB,DET,,,,10.12,00-0033106
2022,2254101,9,2022-11-02 11:40:11,add/drop,Phil Baldino,gain,player,Greg Joseph,K,MIN,,,,1.06,00-0034450
2022,2254101,9,2022-11-02 11:40:11,add/drop,Phil Baldino,loss,player,Brandon McManus,K,DEN,,,,-3.18,00-0029822
2022,2254257,9,2022-11-02 11:40:11,add,Cambrias,gain,player,Allen Robinson,WR,LAR,,,,-37.22,00-0031428
2022,2254258,9,2022-11-02 11:39:56,add/drop,Cambrias,gain,player,Rashod Bateman,WR,BAL,,,,,00-0036550
2022,2254258,9,2022-11-02 11:39:56,add/drop,Cambrias,loss,player,Allen Robinson,WR,LAR,,,,-37.22,00-0031428
2022,2254102,9,2022-11-02 11:39:28,add/drop,Phil Baldino,gain,player,Robert Woods,WR,TEN,,,,-22.61,00-0030431
2022,2254102,9,2022-11-02 11:39:28,add/drop,Phil Baldino,loss,player,Michael Gallup,WR,LV,,,,-14.24,00-0034764
2022,2254227,9,2022-11-02 11:38:40,add/drop,Ronnie,gain,player,Green Bay Packers,DEF,GB,,,,3.71,DEF-0012
2022,2254227,9,2022-11-02 11:38:40,add/drop,Ronnie,loss,player,Rashod Bateman,WR,BAL,,,,,00-0036550
2022,2254103,9,2022-11-02 11:38:13,add/drop,Phil Baldino,gain,player,Tyler Conklin,TE,NYJ,,,,-11.12,00-0034270
2022,2254103,9,2022-11-02 11:38:13,add/drop,Phil Baldino,loss,player,Los Angeles Rams,DEF,LAR,,,,-3.18,DEF-0019
2022,2254115,9,2022-11-02 09:24:19,add/drop,John Juliano,gain,player,Miami Dolphins,DEF,MIA,,,,0,DEF-0020
2022,2254115,9,2022-11-02 09:24:19,add/drop,John Juliano,loss,player,Tennessee Titans,DEF,TEN,,,,-6.88,DEF-0031
2022,2253993,9,2022-11-02 07:27:48,add/drop,Richie,gain,player,Justin Fields,QB,CHI,,,,17.23,00-0036945
2022,2253993,9,2022-11-02 07:27:48,add/drop,Richie,loss,player,Khalil Shakir,WR,BUF,,,,-48.55,00-0037261
2022,2254041,9,2022-11-02 07:27:48,add/drop,Antdell & Ernie,gain,player,Nyheim Hines,RB,IND,,,,-41.88,00-0034367
2022,2254041,9,2022-11-02 07:27:48,add/drop,Antdell & Ernie,loss,player,Trevor Lawrence,QB,JAX,,,,11.04,00-0036971
2022,2254116,9,2022-11-02 07:27:48,add/drop,John Juliano,gain,player,Garrett Wilson,WR,NYJ,,,,5.45,00-0037740
2022,2254116,9,2022-11-02 07:27:48,add/drop,John Juliano,loss,player,Harrison Bryant,TE,CLE,,,,-19.01,00-0036232
2022,2254158,9,2022-11-02 07:27:48,add/drop,Nolan & Vinny,gain,player,Kansas City Chiefs,DEF,KC,,,,2.65,DEF-0016
2022,2254158,9,2022-11-02 07:27:48,add/drop,Nolan & Vinny,loss,player,Daniel Jones,QB,NYG,,,,10.41,00-0035710
2022,2254186,9,2022-11-02 07:27:48,add/drop,Pung & Tralie,gain,player,Demarcus Robinson,WR,BAL,,,,-18.21,00-0032775
2022,2254186,9,2022-11-02 07:27:48,add/drop,Pung & Tralie,loss,player,Odell Beckham,WR,MIA,,,,,00-0031235
2022,2254228,9,2022-11-02 07:27:48,add/drop,Ronnie,gain,player,Jake Elliott,K,PHI,,,,-4.24,00-0033787
2022,2254228,9,2022-11-02 07:27:48,add/drop,Ronnie,loss,player,Corey Davis,WR,NYJ,,,,-37.06,00-0033871
2022,2254259,9,2022-11-02 07:27:48,add/drop,Cambrias,gain,player,Allen Robinson,WR,LAR,,,,-37.22,00-0031428
2022,2254259,9,2022-11-02 07:27:48,add/drop,Cambrias,loss,player,New York Jets,DEF,NYJ,,,,-6.88,DEF-0025
2022,2254331,9,2022-11-02 07:27:48,add/drop,Frank & Julian,gain,player,Minnesota Vikings,DEF,MIN,,,,-9,DEF-0021
2022,2254331,9,2022-11-02 07:27:48,add/drop,Frank & Julian,loss,player,Denver Broncos,DEF,DEN,,,,-11.65,DEF-0010
2022,2254042,9,2022-11-01 20:38:41,drop,Antdell & Ernie,loss,player,Elijah Moore,WR,NYJ,,,,-25.78,00-0036980
2022,2254260,9,2022-11-01 12:18:24,drop,Cambrias,loss,player,Irv Smith,TE,MIN,,,,,00-0034970
2022,2254187,8,2022-10-30 19:35:09,add/drop,Pung & Tralie,gain,player,Harrison Butker,K,KC,,,,-4.71,00-0033303
2022,2254187,8,2022-10-30 19:35:09,add/drop,Pung & Tralie,loss,player,Marquise Goodwin,WR,SEA,,,,-32.59,00-0030068
2022,2254188,8,2022-10-30 14:58:17,add/drop,Pung & Tralie,gain,player,Chase Claypool,WR,PIT,,,,-44.09,00-0036326
2022,2254188,8,2022-10-30 14:58:17,add/drop,Pung & Tralie,loss,player,Tom Brady,QB,TB,,,,6.91,00-0019596
2022,2254117,8,2022-10-29 20:08:19,add/drop,John Juliano,gain,player,Wil Lutz,K,NO,,,,-11.76,00-0032569
2022,2254117,8,2022-10-29 20:08:19,add/drop,John Juliano,loss,player,Harrison Butker,K,KC,,,,-4.71,00-0033303
2022,2254043,8,2022-10-29 17:14:21,trade,Antdell & Ernie,loss,player,Alec Pierce,WR,IND,,,,-36.29,00-0037664
2022,2254043,8,2022-10-29 17:14:21,trade,Antdell & Ernie,loss,player,Deebo Samuel,WR,SF,,,,-26.76,00-0035719
2022,2254043,8,2022-10-29 17:14:21,trade,Antdell & Ernie,gain,player,Isiah Pacheco,RB,KC,,,,-7.29,00-0037197
2022,2254043,8,2022-10-29 17:14:21,trade,Antdell & Ernie,gain,player,Brandin Cooks,WR,HOU,,,,-27.71,00-0031236
2022,2254104,8,2022-10-29 17:14:21,trade,Phil Baldino,gain,player,Alec Pierce,WR,IND,,,,-36.29,00-0037664
2022,2254104,8,2022-10-29 17:14:21,trade,Phil Baldino,gain,player,Deebo Samuel,WR,SF,,,,-26.76,00-0035719
2022,2254104,8,2022-10-29 17:14:21,trade,Phil Baldino,loss,player,Isiah Pacheco,RB,KC,,,,-7.29,00-0037197
2022,2254104,8,2022-10-29 17:14:21,trade,Phil Baldino,loss,player,Brandin Cooks,WR,HOU,,,,-27.71,00-0031236
2022,2254261,8,2022-10-28 19:45:51,add,Cambrias,gain,player,Jeffery Wilson,RB,SF,,,,-15.41,00-0034115
2022,2254105,8,2022-10-27 23:11:37,add,Phil Baldino,gain,player,George Pickens,WR,PIT,,,,-14.47,00-0037247
2022,2254159,8,2022-10-27 21:00:04,add/drop,Nolan & Vinny,gain,player,Jason Sanders,K,MIA,,,,-2.35,00-0034794
2022,2254159,8,2022-10-27 21:00:04,add/drop,Nolan & Vinny,loss,player,Matt Gay,K,LAR,,,,2.94,00-0035269
2022,2254118,8,2022-10-27 16:36:41,add/drop,John Juliano,gain,player,Kadarius Toney,WR,NYG,,,,-39.06,00-0036913
2022,2254118,8,2022-10-27 16:36:41,add/drop,John Juliano,loss,player,George Pickens,WR,PIT,,,,-14.47,00-0037247
2022,2254332,8,2022-10-27 15:18:27,add/drop,Frank & Julian,gain,player,Matthew Stafford,QB,LAR,,,,-61.67,00-0026498
2022,2254332,8,2022-10-27 15:18:27,add/drop,Frank & Julian,loss,player,Jameis Winston,QB,NO,,,,,00-0031503
2022,2254189,8,2022-10-27 13:30:53,add/drop,Pung & Tralie,gain,player,Parris Campbell,WR,IND,,,,-21.53,00-0035639
2022,2254189,8,2022-10-27 13:30:53,add/drop,Pung & Tralie,loss,player,Daniel Bellinger,TE,NYG,,,,-27.94,00-0038115
2022,2254214,8,2022-10-27 06:31:24,add/drop,Rob & GregBo,gain,player,Isaiah Likely,TE,BAL,,,,-12.06,00-0037838
2022,2254214,8,2022-10-27 06:31:24,add/drop,Rob & GregBo,loss,player,Breece Hall,RB,NYJ,,,,,00-0038120
2022,2253994,8,2022-10-26 17:58:51,add,Richie,gain,player,Khalil Shakir,WR,BUF,,,,-59.94,00-0037261
2022,2253995,8,2022-10-26 17:57:56,drop,Richie,loss,player,Jameson Williams,WR,DET,,,,-55.24,00-0037240
2022,2254083,8,2022-10-26 14:47:23,add/drop,Chris & Dom,gain,player,Cam Akers,RB,LAR,,,,-2.53,00-0036414
2022,2254083,8,2022-10-26 14:47:23,add/drop,Chris & Dom,loss,player,Nico Collins,WR,HOU,,,,-35.53,00-0036554
2022,2254333,8,2022-10-26 14:46:03,add/drop,Frank & Julian,gain,player,Juwan Johnson,TE,NO,,,,4.35,00-0036040
2022,2254333,8,2022-10-26 14:46:03,add/drop,Frank & Julian,loss,player,Cam Akers,RB,LAR,,,,-2.53,00-0036414
2022,2254190,8,2022-10-26 14:08:54,add/drop,Pung & Tralie,gain,player,Indianapolis Colts,DEF,IND,,,,-4.12,DEF-0014
2022,2254190,8,2022-10-26 14:08:54,add/drop,Pung & Tralie,loss,player,Miami Dolphins,DEF,MIA,,,,-3.53,DEF-0020
2022,2254044,8,2022-10-26 13:31:56,add,Antdell & Ernie,gain,player,Chase Edmonds,RB,MIA,,,,-50.24,00-0034681
2022,2254045,8,2022-10-26 13:31:41,add/drop,Antdell & Ernie,gain,player,Joshua Palmer,WR,LAC,,,,-3.53,00-0036988
2022,2254045,8,2022-10-26 13:31:41,add/drop,Antdell & Ernie,loss,player,Chase Edmonds,RB,MIA,,,,-50.24,00-0034681
2022,2254046,8,2022-10-26 13:29:26,add/drop,Antdell & Ernie,gain,player,Chase Edmonds,RB,MIA,,,,-50.24,00-0034681
2022,2254046,8,2022-10-26 13:29:26,add/drop,Antdell & Ernie,loss,player,Parris Campbell,WR,IND,,,,-21.53,00-0035639
2022,2254047,8,2022-10-26 13:12:38,add/drop,Antdell & Ernie,gain,player,Parris Campbell,WR,IND,,,,-21.53,00-0035639
2022,2254047,8,2022-10-26 13:12:38,add/drop,Antdell & Ernie,loss,player,Jeffery Wilson,RB,SF,,,,-15.41,00-0034115
2022,2254048,8,2022-10-26 13:12:03,add/drop,Antdell & Ernie,gain,player,Jared Goff,QB,DET,,,,18.45,00-0033106
2022,2254048,8,2022-10-26 13:12:03,add/drop,Antdell & Ernie,loss,player,Marcus Mariota,QB,ATL,,,,-33.99,00-0032268
2022,2254215,8,2022-10-26 09:24:31,add/drop,Rob & GregBo,gain,player,Sam Ehlinger,QB,IND,,,,-74.31,00-0036879
2022,2254215,8,2022-10-26 09:24:31,add/drop,Rob & GregBo,loss,player,Indianapolis Colts,DEF,IND,,,,-4.12,DEF-0014
2022,2254262,8,2022-10-26 09:21:54,add/drop,Cambrias,gain,player,New York Jets,DEF,NYJ,,,,-7.06,DEF-0025
2022,2254262,8,2022-10-26 09:21:54,add/drop,Cambrias,loss,player,Chase Claypool,WR,PIT,,,,-44.09,00-0036326
2022,2254119,8,2022-10-26 07:33:19,add/drop,John Juliano,gain,player,George Pickens,WR,PIT,,,,-14.47,00-0037247
2022,2254119,8,2022-10-26 07:33:19,add/drop,John Juliano,loss,player,Jared Goff,QB,DET,,,,18.45,00-0033106
2022,2254120,8,2022-10-26 07:33:19,add/drop,John Juliano,gain,player,Tennessee Titans,DEF,TEN,,,,-6.47,DEF-0031
2022,2254120,8,2022-10-26 07:33:19,add/drop,John Juliano,loss,player,New York Jets,DEF,NYJ,,,,-7.06,DEF-0025
2022,2254121,8,2022-10-26 07:33:19,add/drop,John Juliano,gain,player,Harrison Bryant,TE,CLE,,,,-24,00-0036232
2022,2254121,8,2022-10-26 07:33:19,add/drop,John Juliano,loss,player,Justice Hill,RB,BAL,,,,-51.35,00-0034975
2022,2254160,8,2022-10-26 07:33:19,add,Nolan & Vinny,gain,player,Daniel Jones,QB,NYG,,,,13.12,00-0035710
2022,2254191,8,2022-10-26 07:33:19,add/drop,Pung & Tralie,gain,player,Marquise Goodwin,WR,SEA,,,,-32.59,00-0030068
2022,2254191,8,2022-10-26 07:33:19,add/drop,Pung & Tralie,loss,player,Mike Boone,RB,DEN,,,,-57.88,00-0034208
2022,2254263,8,2022-10-26 07:33:19,add/drop,Cambrias,gain,player,Tyler Bass,K,BUF,,,,7.06,00-0036162
2022,2254263,8,2022-10-26 07:33:19,add/drop,Cambrias,loss,player,Cade York,K,CLE,,,,-10.59,00-0038097
2022,2254295,8,2022-10-26 07:33:19,add,Mike Long,gain,player,Tyler Allgeier,RB,ATL,,,,0,00-0037263
2022,2254334,8,2022-10-26 07:33:18,add/drop,Frank & Julian,gain,player,Jameis Winston,QB,NO,,,,,00-0031503
2022,2254334,8,2022-10-26 07:33:18,add/drop,Frank & Julian,loss,player,Matt Ryan,QB,IND,,,,-50.36,00-0026143
2022,2254296,8,2022-10-25 19:03:04,drop,Mike Long,loss,player,Las Vegas Raiders,DEF,LV,,,,-11.76,DEF-0017
2022,2254264,8,2022-10-25 18:54:31,drop,Cambrias,loss,player,Green Bay Packers,DEF,GB,,,,3.53,DEF-0012
2022,2254161,8,2022-10-25 09:28:49,drop,Nolan & Vinny,loss,player,Nick Folk,K,NE,,,,8.82,00-0025565
2022,2254122,7,2022-10-24 20:06:39,trade,John Juliano,loss,player,Allen Lazard,WR,NYJ,,,,-21.74,00-0034521
2022,2254122,7,2022-10-24 20:06:39,trade,John Juliano,gain,player,Michael Carter,DB,NYJ,,,,,00-0036501
2022,2254265,7,2022-10-24 20:06:39,trade,Cambrias,gain,player,Allen Lazard,WR,NYJ,,,,-21.74,00-0034521
2022,2254265,7,2022-10-24 20:06:39,trade,Cambrias,loss,player,Michael Carter,DB,NYJ,,,,,00-0036501
2022,2254266,7,2022-10-24 11:31:06,add,Cambrias,gain,player,Irv Smith,TE,MIN,,,,-45.16,00-0034970
2022,2254267,7,2022-10-24 11:29:03,drop,Cambrias,loss,player,Josh Reynolds,WR,DET,,,,-57.59,00-0033943
2022,2254106,7,2022-10-23 11:19:25,add/drop,Phil Baldino,gain,player,Isiah Pacheco,RB,KC,,,,-10.16,00-0037197
2022,2254106,7,2022-10-23 11:19:25,add/drop,Phil Baldino,loss,player,Garrett Wilson,WR,NYJ,,,,7.25,00-0037740
2022,2254216,7,2022-10-23 06:08:30,add/drop,Rob & GregBo,gain,player,Indianapolis Colts,DEF,IND,,,,-4.53,DEF-0014
2022,2254216,7,2022-10-23 06:08:30,add/drop,Rob & GregBo,loss,player,Tennessee Titans,DEF,TEN,,,,0,DEF-0031
2022,2254123,7,2022-10-21 21:50:37,add/drop,John Juliano,gain,player,Justice Hill,RB,BAL,,,,-61.02,00-0034975
2022,2254123,7,2022-10-21 21:50:37,add/drop,John Juliano,loss,player,George Pickens,WR,PIT,,,,-12.49,00-0037247
2022,2254268,7,2022-10-21 10:22:14,add/drop,Cambrias,gain,player,Chuba Hubbard,RB,CAR,,,,-23.42,00-0036555
2022,2254268,7,2022-10-21 10:22:14,add/drop,Cambrias,loss,player,Nyheim Hines,RB,IND,,,,-49.37,00-0034367
2022,2254269,7,2022-10-21 10:20:58,add/drop,Cambrias,gain,player,Latavius Murray,RB,BUF,,,,-0,00-0030513
2022,2254269,7,2022-10-21 10:20:58,add/drop,Cambrias,loss,player,Marquez Valdes-Scantling,WR,KC,,,,-32.09,00-0034272
2022,2254084,7,2022-10-21 03:21:48,add/drop,Chris & Dom,gain,player,D'Onta Foreman,RB,CAR,,,,3.88,00-0033925
2022,2254084,7,2022-10-21 03:21:48,add/drop,Chris & Dom,loss,player,Isaiah McKenzie,WR,BUF,,,,-37.34,00-0033466
2022,2254049,7,2022-10-20 21:39:39,add/drop,Antdell & Ernie,gain,player,Elijah Moore,WR,NYJ,,,,-46.39,00-0036980
2022,2254049,7,2022-10-20 21:39:39,add/drop,Antdell & Ernie,loss,player,Latavius Murray,RB,BUF,,,,-0,00-0030513
2022,2254162,7,2022-10-20 15:27:52,add/drop,Nolan & Vinny,gain,player,Greg Dulcich,TE,DEN,,,,-1.88,00-0037252
2022,2254162,7,2022-10-20 15:27:52,add/drop,Nolan & Vinny,loss,player,Irv Smith,TE,MIN,,,,-45.16,00-0034970
2022,2254050,7,2022-10-20 13:19:24,add/drop,Antdell & Ernie,gain,player,Marcus Mariota,QB,ATL,,,,-39.9,00-0032268
2022,2254050,7,2022-10-20 13:19:24,add/drop,Antdell & Ernie,loss,player,Deon Jackson,RB,NYJ,,,,-56.88,00-0036493
2022,2254192,7,2022-10-20 04:10:52,add/drop,Pung & Tralie,gain,player,Kyren Williams,RB,LAR,,,,-54.35,00-0037840
2022,2254192,7,2022-10-20 04:10:52,add/drop,Pung & Tralie,loss,player,James Cook,RB,BUF,,,,-24.14,00-0037248
2022,2253996,7,2022-10-19 14:56:40,add/drop,Richie,gain,player,Cincinnati Bengals,DEF,CIN,,,,-9.06,DEF-0007
2022,2253996,7,2022-10-19 14:56:40,add/drop,Richie,loss,player,Minnesota Vikings,DEF,MIN,,,,-14.24,DEF-0021
2022,2253997,7,2022-10-19 14:52:37,add/drop,Richie,gain,player,Wan'Dale Robinson,WR,NYG,,,,-54.61,00-0038117
2022,2253997,7,2022-10-19 14:52:37,add/drop,Richie,loss,player,Darius Slayton,WR,NYG,,,,-7.89,00-0035535
2022,2254335,7,2022-10-19 14:36:46,add,Frank & Julian,gain,player,Matt Ryan,QB,IND,,,,-59.3,00-0026143
2022,2254163,7,2022-10-19 11:29:19,add/drop,Nolan & Vinny,gain,player,Nick Folk,K,NE,,,,5.82,00-0025565
2022,2254163,7,2022-10-19 11:29:19,add/drop,Nolan & Vinny,loss,player,Teddy Bridgewater,QB,FA,,,,-99.89,00-0031237
2022,2254217,7,2022-10-19 10:50:55,add/drop,Rob & GregBo,gain,player,Tennessee Titans,DEF,TEN,,,,0,DEF-0031
2022,2254217,7,2022-10-19 10:50:55,add/drop,Rob & GregBo,loss,player,Tyler Allgeier,RB,ATL,,,,2.2,00-0037263
2022,2254107,7,2022-10-19 08:53:55,add/drop,Phil Baldino,gain,player,Jacksonville Jaguars,DEF,JAX,,,,0,DEF-0015
2022,2254107,7,2022-10-19 08:53:55,add/drop,Phil Baldino,loss,player,Cole Kmet,TE,CHI,,,,21.61,00-0036290
2022,2254108,7,2022-10-19 08:53:25,drop,Phil Baldino,loss,player,Tyler Conklin,TE,NYJ,,,,1.75,00-0034270
2022,2254085,7,2022-10-19 07:33:32,add/drop,Chris & Dom,gain,player,Nico Collins,WR,HOU,,,,-43.29,00-0036554
2022,2254085,7,2022-10-19 07:33:32,add/drop,Chris & Dom,loss,player,J.D. McKissic,RB,WAS,,,,-70.59,00-0032602
2022,2254124,7,2022-10-19 07:33:32,add/drop,John Juliano,gain,player,New York Jets,DEF,NYJ,,,,-8.41,DEF-0025
2022,2254124,7,2022-10-19 07:33:32,add/drop,John Juliano,loss,player,Indianapolis Colts,DEF,IND,,,,-4.53,DEF-0014
2022,2254193,7,2022-10-19 07:33:32,add/drop,Pung & Tralie,gain,player,Miami Dolphins,DEF,MIA,,,,-1.29,DEF-0020
2022,2254193,7,2022-10-19 07:33:32,add/drop,Pung & Tralie,loss,player,Chicago Bears,DEF,CHI,,,,-34.94,DEF-0006
2022,2254194,7,2022-10-19 07:33:32,add/drop,Pung & Tralie,gain,player,Daniel Bellinger,TE,NYG,,,,-31.51,00-0038115
2022,2254194,7,2022-10-19 07:33:32,add/drop,Pung & Tralie,loss,player,DeeJay Dallas,RB,ARI,,,,-50.34,00-0036425
2022,2254270,7,2022-10-19 07:33:32,add/drop,Cambrias,gain,player,Chase Claypool,WR,PIT,,,,-50.9,00-0036326
2022,2254270,7,2022-10-19 07:33:32,add/drop,Cambrias,loss,player,Jerick McKinnon,RB,KC,,,,24.26,00-0031376
2022,2254297,7,2022-10-19 07:33:32,add,Mike Long,gain,player,Las Vegas Raiders,DEF,LV,,,,-11.65,DEF-0017
2022,2254051,7,2022-10-19 07:33:31,add,Antdell & Ernie,gain,player,Latavius Murray,RB,BUF,,,,-0,00-0030513
2022,2254086,7,2022-10-19 07:33:31,add/drop,Chris & Dom,gain,player,Kenyan Drake,RB,BAL,,,,-36.3,00-0033118
2022,2254086,7,2022-10-19 07:33:31,add/drop,Chris & Dom,loss,player,Elijah Moore,WR,NYJ,,,,-46.39,00-0036980
2022,2254195,7,2022-10-19 07:33:31,add/drop,Pung & Tralie,gain,player,Tua Tagovailoa,QB,MIA,,,,0,00-0036212
2022,2254195,7,2022-10-19 07:33:31,add/drop,Pung & Tralie,loss,player,Matthew Stafford,QB,LAR,,,,-78.15,00-0026498
2022,2254229,7,2022-10-19 07:33:31,add/drop,Ronnie,gain,player,Brett Maher,K,DAL,,,,10.35,00-0030332
2022,2254229,7,2022-10-19 07:33:31,add/drop,Ronnie,loss,player,Tyler Bass,K,BUF,,,,2.59,00-0036162
2022,2254336,7,2022-10-18 14:00:14,drop,Frank & Julian,loss,player,Jacksonville Jaguars,DEF,JAX,,,,0,DEF-0015
2022,2254052,7,2022-10-18 12:56:18,drop,Antdell & Ernie,loss,player,Carson Wentz,QB,WAS,,,,-95.82,00-0032950
2022,2254298,7,2022-10-18 11:23:07,drop,Mike Long,loss,player,Los Angeles Chargers,DEF,LAC,,,,0,DEF-0018
2022,2254299,7,2022-10-18 11:20:11,drop,Mike Long,loss,player,Mason Crosby,K,GB,,,,-7.76,00-0025580
2022,2254109,6,2022-10-16 16:21:14,add/drop,Phil Baldino,gain,player,Tyler Conklin,TE,NYJ,,,,-0.49,00-0034270
2022,2254109,6,2022-10-16 16:21:14,add/drop,Phil Baldino,loss,player,Tua Tagovailoa,QB,MIA,,,,-2.96,00-0036212
2022,2253998,6,2022-10-16 14:30:03,add/drop,Richie,gain,player,Darius Slayton,WR,NYG,,,,-15.32,00-0035535
2022,2253998,6,2022-10-16 14:30:03,add/drop,Richie,loss,player,Jahan Dotson,WR,WAS,,,,-46.52,00-0037741
2022,2254125,6,2022-10-16 11:32:00,add/drop,John Juliano,gain,player,Jared Goff,QB,DET,,,,8.99,00-0033106
2022,2254125,6,2022-10-16 11:32:00,add/drop,John Juliano,loss,player,Joshua Kelley,RB,LAC,,,,-63.53,00-0036370
2022,2254271,6,2022-10-16 11:17:49,add,Cambrias,gain,player,Jerick McKinnon,RB,KC,,,,25.13,00-0031376
2022,2254053,6,2022-10-15 16:46:45,add/drop,Antdell & Ernie,gain,player,Deon Jackson,RB,NYJ,,,,-47.79,00-0036493
2022,2254053,6,2022-10-15 16:46:45,add/drop,Antdell & Ernie,loss,player,Chase Edmonds,RB,MIA,,,,-66.42,00-0034681
2022,2254087,6,2022-10-13 15:55:47,add/drop,Chris & Dom,gain,player,J.D. McKissic,RB,WAS,,,,-81.18,00-0032602
2022,2254087,6,2022-10-13 15:55:47,add/drop,Chris & Dom,loss,player,Chuba Hubbard,RB,CAR,,,,-29.93,00-0036555
2022,2254126,6,2022-10-13 14:02:08,add/drop,John Juliano,gain,player,Harrison Butker,K,KC,,,,-2.82,00-0033303
2022,2254126,6,2022-10-13 14:02:08,add/drop,John Juliano,loss,player,Brett Maher,K,DAL,,,,11.29,00-0030332
2022,2254054,6,2022-10-12 22:51:07,add/drop,Antdell & Ernie,gain,player,Chase Edmonds,RB,MIA,,,,-66.42,00-0034681
2022,2254054,6,2022-10-12 22:51:07,add/drop,Antdell & Ernie,loss,player,Kadarius Toney,WR,NYG,,,,-64.59,00-0036913
2022,2254164,6,2022-10-12 19:44:28,add/drop,Nolan & Vinny,gain,player,Irv Smith,TE,MIN,,,,-46.02,00-0034970
2022,2254164,6,2022-10-12 19:44:28,add/drop,Nolan & Vinny,loss,player,Cade Otton,TE,TB,,,,-6.14,00-0038129
2022,2254337,6,2022-10-12 17:03:45,add/drop,Frank & Julian,gain,player,Denver Broncos,DEF,DEN,,,,-18.35,DEF-0010
2022,2254337,6,2022-10-12 17:03:45,add/drop,Frank & Julian,loss,player,Tyler Conklin,TE,NYJ,,,,-0.49,00-0034270
2022,2253999,6,2022-10-12 15:16:05,add/drop,Richie,gain,player,Minnesota Vikings,DEF,MIN,,,,-9.88,DEF-0021
2022,2253999,6,2022-10-12 15:16:05,add/drop,Richie,loss,player,Denver Broncos,DEF,DEN,,,,-18.35,DEF-0010
2022,2254196,6,2022-10-12 14:42:34,add/drop,Pung & Tralie,gain,player,Chicago Bears,DEF,CHI,,,,-36.71,DEF-0006
2022,2254196,6,2022-10-12 14:42:34,add/drop,Pung & Tralie,loss,player,Minnesota Vikings,DEF,MIN,,,,-9.88,DEF-0021
2022,2254197,6,2022-10-12 14:05:17,add/drop,Pung & Tralie,gain,player,DeeJay Dallas,RB,ARI,,,,-60.42,00-0036425
2022,2254197,6,2022-10-12 14:05:17,add/drop,Pung & Tralie,loss,player,Robert Woods,WR,TEN,,,,-47.86,00-0030431
2022,2254000,6,2022-10-12 11:35:43,add/drop,Richie,gain,player,Jimmy Garoppolo,QB,LAR,,,,-42.23,00-0031345
2022,2254000,6,2022-10-12 11:35:43,add/drop,Richie,loss,player,Jared Goff,QB,DET,,,,8.99,00-0033106
2022,2254300,6,2022-10-12 11:23:49,add,Mike Long,gain,player,Los Angeles Chargers,DEF,LAC,,,,1.41,DEF-0018
2022,2254198,6,2022-10-12 10:41:37,add/drop,Pung & Tralie,gain,player,James Cook,RB,BUF,,,,-31.34,00-0037248
2022,2254198,6,2022-10-12 10:41:37,add/drop,Pung & Tralie,loss,player,Rashaad Penny,RB,SEA,,,,,00-0034750
2022,2254001,6,2022-10-12 07:40:16,add/drop,Richie,gain,player,Jason Myers,K,SEA,,,,10.59,00-0031492
2022,2254001,6,2022-10-12 07:40:16,add/drop,Richie,loss,player,Cameron Dicker,K,LAC,,,,-9.18,00-0037224
2022,2254055,6,2022-10-12 07:40:16,add/drop,Antdell & Ernie,gain,player,Carson Wentz,QB,WAS,,,,-104.56,00-0032950
2022,2254055,6,2022-10-12 07:40:16,add/drop,Antdell & Ernie,loss,player,Zamir White,RB,LV,,,,-83.08,00-0038040
2022,2254056,6,2022-10-12 07:40:16,add/drop,Antdell & Ernie,gain,player,Alec Pierce,WR,IND,,,,-46.73,00-0037664
2022,2254056,6,2022-10-12 07:40:16,add/drop,Antdell & Ernie,loss,player,Chase Edmonds,RB,MIA,,,,-66.42,00-0034681
2022,2254127,6,2022-10-12 07:40:16,add/drop,John Juliano,gain,player,Indianapolis Colts,DEF,IND,,,,-4.24,DEF-0014
2022,2254127,6,2022-10-12 07:40:16,add/drop,John Juliano,loss,player,Kansas City Chiefs,DEF,KC,,,,0.71,DEF-0016
2022,2254128,6,2022-10-12 07:40:16,add/drop,John Juliano,gain,player,Joshua Kelley,RB,LAC,,,,-63.53,00-0036370
2022,2254128,6,2022-10-12 07:40:16,add/drop,John Juliano,loss,player,Irv Smith,TE,MIN,,,,-46.02,00-0034970
2022,2254165,6,2022-10-12 07:40:16,add/drop,Nolan & Vinny,gain,player,Cade Otton,TE,TB,,,,-6.14,00-0038129
2022,2254165,6,2022-10-12 07:40:16,add/drop,Nolan & Vinny,loss,player,Mack Hollins,WR,LV,,,,-23.93,00-0033555
2022,2254230,6,2022-10-12 07:40:16,add/drop,Ronnie,gain,player,Geno Smith,QB,SEA,,,,17.46,00-0030565
2022,2254230,6,2022-10-12 07:40:16,add/drop,Ronnie,loss,player,Isiah Pacheco,RB,KC,,,,-13.98,00-0037197
2022,2254272,6,2022-10-12 07:40:16,add/drop,Cambrias,gain,player,Baltimore Ravens,DEF,BAL,,,,7.06,DEF-0003
2022,2254272,6,2022-10-12 07:40:16,add/drop,Cambrias,loss,player,Los Angeles Chargers,DEF,LAC,,,,1.41,DEF-0018
2022,2254273,6,2022-10-12 07:40:16,add/drop,Cambrias,gain,player,Marquez Valdes-Scantling,WR,KC,,,,-43.69,00-0034272
2022,2254273,6,2022-10-12 07:40:16,add/drop,Cambrias,loss,player,Julio Jones,WR,TB,,,,-54.35,00-0027944
2022,2254301,6,2022-10-12 07:40:16,add,Mike Long,gain,player,Mason Crosby,K,GB,,,,-9.18,00-0025580
2022,2254338,6,2022-10-12 07:40:16,add/drop,Frank & Julian,gain,player,Jacksonville Jaguars,DEF,JAX,,,,-4.24,DEF-0015
2022,2254338,6,2022-10-12 07:40:16,add/drop,Frank & Julian,loss,player,Tennessee Titans,DEF,TEN,,,,-3.53,DEF-0031
2022,2254339,6,2022-10-12 07:40:16,add/drop,Frank & Julian,gain,player,Eno Benjamin,RB,ARI,,,,-52.52,00-0036383
2022,2254339,6,2022-10-12 07:40:16,add/drop,Frank & Julian,loss,player,DeVante Parker,WR,NE,,,,-63.53,00-0031547
2022,2254274,6,2022-10-12 07:40:15,add/drop,Cambrias,gain,player,Kenneth Walker III,RB,SEA,,,,27.32,00-0038134
2022,2254274,6,2022-10-12 07:40:15,add/drop,Cambrias,loss,player,D'Onta Foreman,RB,CAR,,,,0,00-0033925
2022,2254302,6,2022-10-11 22:05:40,drop,Mike Long,loss,player,Mark Ingram,RB,NO,,,,-69.46,00-0027966
2022,2254057,6,2022-10-11 19:52:11,drop,Antdell & Ernie,loss,player,Jacksonville Jaguars,DEF,JAX,,,,-4.24,DEF-0015
2022,2254303,6,2022-10-11 01:56:08,drop,Mike Long,loss,player,Miami Dolphins,DEF,MIA,,,,-2.82,DEF-0020
2022,2254058,6,2022-10-11 00:10:26,add/drop,Antdell & Ernie,gain,player,Zamir White,RB,LV,,,,-83.08,00-0038040
2022,2254058,6,2022-10-11 00:10:26,add/drop,Antdell & Ernie,loss,player,Allen Robinson,WR,LAR,,,,-54.99,00-0031428
2022,2254199,5,2022-10-09 15:10:10,add/drop,Pung & Tralie,gain,player,Odell Beckham,WR,MIA,,,,,00-0031235
2022,2254199,5,2022-10-09 15:10:10,add/drop,Pung & Tralie,loss,player,Eno Benjamin,RB,ARI,,,,-49.86,00-0036383
2022,2254002,5,2022-10-09 13:11:56,add/drop,Richie,gain,player,Evan Engram,TE,JAX,,,,45.12,00-0033881
2022,2254002,5,2022-10-09 13:11:56,add/drop,Richie,loss,player,Kenneth Walker III,RB,SEA,,,,37.01,00-0038134
2022,2254003,5,2022-10-09 13:11:26,add/drop,Richie,gain,player,Cameron Dicker,K,LAC,,,,-9.18,00-0037224
2022,2254003,5,2022-10-09 13:11:26,add/drop,Richie,loss,player,Dustin Hopkins,K,LAC,,,,-64.24,00-0030098
2022,2254059,5,2022-10-08 21:05:51,add,Antdell & Ernie,gain,player,New England Patriots,DEF,NE,,,,55.06,DEF-0022
2022,2254060,5,2022-10-08 19:15:14,drop,Antdell & Ernie,loss,player,Treylon Burks,WR,TEN,,,,-63.01,00-0037742
2022,2254061,5,2022-10-08 14:47:00,trade,Antdell & Ernie,loss,player,Gerald Everett,TE,LAC,,,,-4.36,00-0033895
2022,2254061,5,2022-10-08 14:47:00,trade,Antdell & Ernie,gain,player,Jeffery Wilson,RB,SF,,,,-15.83,00-0034115
2022,2254129,5,2022-10-08 14:47:00,trade,John Juliano,gain,player,Gerald Everett,TE,LAC,,,,-4.36,00-0033895
2022,2254129,5,2022-10-08 14:47:00,trade,John Juliano,loss,player,Jeffery Wilson,RB,SF,,,,-15.83,00-0034115
2022,2254062,5,2022-10-07 19:13:09,add,Antdell & Ernie,gain,player,Treylon Burks,WR,TEN,,,,-63.01,00-0037742
2022,2254063,5,2022-10-07 18:51:41,add,Antdell & Ernie,gain,player,Deshaun Watson,QB,CLE,,,,-87.22,00-0033537
2022,2254064,5,2022-10-07 17:14:27,trade,Antdell & Ernie,loss,player,Romeo Doubs,WR,GB,,,,-66.84,00-0037816
2022,2254064,5,2022-10-07 17:14:27,trade,Antdell & Ernie,loss,player,Brandon Aiyuk,WR,SF,,,,29.67,00-0036261
2022,2254064,5,2022-10-07 17:14:27,trade,Antdell & Ernie,loss,player,Travis Etienne,RB,JAX,,,,30.36,00-0036973
2022,2254064,5,2022-10-07 17:14:27,trade,Antdell & Ernie,gain,player,Kadarius Toney,WR,NYG,,,,-74.86,00-0036913
2022,2254064,5,2022-10-07 17:14:27,trade,Antdell & Ernie,gain,player,Deebo Samuel,WR,SF,,,,-30.89,00-0035719
2022,2254231,5,2022-10-07 17:14:27,trade,Ronnie,gain,player,Romeo Doubs,WR,GB,,,,-66.84,00-0037816
2022,2254231,5,2022-10-07 17:14:27,trade,Ronnie,gain,player,Brandon Aiyuk,WR,SF,,,,29.67,00-0036261
2022,2254231,5,2022-10-07 17:14:27,trade,Ronnie,gain,player,Travis Etienne,RB,JAX,,,,30.36,00-0036973
2022,2254231,5,2022-10-07 17:14:27,trade,Ronnie,loss,player,Kadarius Toney,WR,NYG,,,,-74.86,00-0036913
2022,2254231,5,2022-10-07 17:14:27,trade,Ronnie,loss,player,Deebo Samuel,WR,SF,,,,-30.89,00-0035719
2022,2254232,5,2022-10-07 17:14:27,drop,Ronnie,loss,player,Jameis Winston,QB,NO,,,,,00-0031503
2022,2254130,5,2022-10-07 15:01:41,add/drop,John Juliano,gain,player,Irv Smith,TE,MIN,,,,-46.34,00-0034970
2022,2254130,5,2022-10-07 15:01:41,add/drop,John Juliano,loss,player,Jaylen Warren,RB,PIT,,,,-39.92,00-0037228
2022,2254304,5,2022-10-07 00:54:42,add,Mike Long,gain,player,Mark Ingram,RB,NO,,,,-76.39,00-0027966
2022,2254004,5,2022-10-05 23:47:00,add/drop,Richie,gain,player,Kenneth Walker III,RB,SEA,,,,37.01,00-0038134
2022,2254004,5,2022-10-05 23:47:00,add/drop,Richie,loss,player,J.D. McKissic,RB,WAS,,,,-85.19,00-0032602
2022,2254340,5,2022-10-05 15:32:31,add/drop,Frank & Julian,gain,player,Tennessee Titans,DEF,TEN,,,,-1.53,DEF-0031
2022,2254340,5,2022-10-05 15:32:31,add/drop,Frank & Julian,loss,player,New York Giants,DEF,NYG,,,,-6.12,DEF-0024
2022,2254065,5,2022-10-05 10:09:37,add/drop,Antdell & Ernie,gain,player,Graham Gano,K,NYG,,,,0.76,00-0026858
2022,2254065,5,2022-10-05 10:09:37,add/drop,Antdell & Ernie,loss,player,Chris Boswell,K,PIT,,,,-36.71,00-0031136
2022,2254066,5,2022-10-05 07:31:30,add/drop,Antdell & Ernie,gain,player,Darnell Mooney,WR,CHI,,,,-45.19,00-0036309
2022,2254066,5,2022-10-05 07:31:30,add/drop,Antdell & Ernie,loss,player,Marcus Mariota,QB,ATL,,,,-29.17,00-0032268
2022,2254067,5,2022-10-05 07:31:30,add/drop,Antdell & Ernie,gain,player,Jacksonville Jaguars,DEF,JAX,,,,-3.06,DEF-0015
2022,2254067,5,2022-10-05 07:31:30,add/drop,Antdell & Ernie,loss,player,Pittsburgh Steelers,DEF,PIT,,,,-18.35,DEF-0027
2022,2254131,5,2022-10-05 07:31:30,add/drop,John Juliano,gain,player,Brett Maher,K,DAL,,,,14.53,00-0030332
2022,2254131,5,2022-10-05 07:31:30,add/drop,John Juliano,loss,player,Jake Elliott,K,PHI,,,,-15.29,00-0033787
2022,2254132,5,2022-10-05 07:31:30,add/drop,John Juliano,gain,player,George Pickens,WR,PIT,,,,-13.69,00-0037247
2022,2254132,5,2022-10-05 07:31:30,add/drop,John Juliano,loss,player,Zay Jones,WR,JAX,,,,7.04,00-0033891
2022,2254166,5,2022-10-05 07:31:30,add,Nolan & Vinny,gain,player,Teddy Bridgewater,QB,FA,,,,-118.41,00-0031237
2022,2254200,5,2022-10-05 07:31:30,add/drop,Pung & Tralie,gain,player,Mike Boone,RB,DEN,,,,-79.38,00-0034208
2022,2254200,5,2022-10-05 07:31:30,add/drop,Pung & Tralie,loss,player,Samaje Perine,RB,CIN,,,,-8.72,00-0033526
2022,2254233,5,2022-10-05 07:31:30,add,Ronnie,gain,player,Corey Davis,WR,NYJ,,,,-75.48,00-0033871
2022,2254234,5,2022-10-05 07:31:30,add,Ronnie,gain,player,Isiah Pacheco,RB,KC,,,,-19.04,00-0037197
2022,2254235,5,2022-10-04 19:36:28,drop,Ronnie,loss,player,Treylon Burks,WR,TEN,,,,-63.01,00-0037742
2022,2254236,5,2022-10-04 15:54:53,drop,Ronnie,loss,player,Javonte Williams,RB,DEN,,,,,00-0036997
2022,2254275,5,2022-10-04 13:12:58,drop,Cambrias,loss,player,Joshua Palmer,WR,LAC,,,,-13.31,00-0036988
2022,2254305,4,2022-10-02 23:27:16,drop,Mike Long,loss,player,Robbie Chosen,WR,CAR,,,,-103.19,00-0032688
2022,2254167,4,2022-10-02 19:55:51,drop,Nolan & Vinny,loss,player,Carson Wentz,QB,WAS,,,,-117.91,00-0032950
2022,2254341,4,2022-10-02 13:44:28,add/drop,Frank & Julian,gain,player,New York Giants,DEF,NYG,,,,0,DEF-0024
2022,2254341,4,2022-10-02 13:44:28,add/drop,Frank & Julian,loss,player,Baltimore Ravens,DEF,BAL,,,,8.24,DEF-0003
2022,2254133,4,2022-10-01 20:25:02,add/drop,John Juliano,gain,player,Zay Jones,WR,JAX,,,,-0,00-0033891
2022,2254133,4,2022-10-01 20:25:02,add/drop,John Juliano,loss,player,D.J. Chark,WR,DET,,,,-64.81,00-0034777
2022,2254276,4,2022-09-30 20:24:07,add/drop,Cambrias,gain,player,Cade York,K,CLE,,,,-9.88,00-0038097
2022,2254276,4,2022-09-30 20:24:07,add/drop,Cambrias,loss,player,Harrison Butker,K,KC,,,,-15.65,00-0033303
2022,2254277,4,2022-09-30 20:20:51,add,Cambrias,gain,player,Joshua Palmer,WR,LAC,,,,-19.02,00-0036988
2022,2254134,4,2022-09-30 19:17:20,add/drop,John Juliano,gain,player,D.J. Chark,WR,DET,,,,-64.81,00-0034777
2022,2254134,4,2022-09-30 19:17:20,add/drop,John Juliano,loss,player,Kenneth Walker III,RB,SEA,,,,33.27,00-0038134
2022,2254201,4,2022-09-30 19:14:04,add/drop,Pung & Tralie,gain,player,Minnesota Vikings,DEF,MIN,,,,-12.35,DEF-0021
2022,2254201,4,2022-09-30 19:14:04,add/drop,Pung & Tralie,loss,player,Cleveland Browns,DEF,CLE,,,,-4.12,DEF-0008
2022,2254278,4,2022-09-30 15:57:20,add/drop,Cambrias,gain,player,Josh Reynolds,WR,DET,,,,-66.38,00-0033943
2022,2254278,4,2022-09-30 15:57:20,add/drop,Cambrias,loss,player,Darnell Mooney,WR,CHI,,,,-45.21,00-0036309
2022,2254279,4,2022-09-29 17:59:01,add/drop,Cambrias,gain,player,D'Onta Foreman,RB,CAR,,,,-13.26,00-0033925
2022,2254279,4,2022-09-29 17:59:01,add/drop,Cambrias,loss,player,Russell Gage,WR,TB,,,,-59.62,00-0034411
2022,2254088,4,2022-09-29 17:55:23,add/drop,Chris & Dom,gain,player,Chuba Hubbard,RB,CAR,,,,-48.51,00-0036555
2022,2254088,4,2022-09-29 17:55:23,add/drop,Chris & Dom,loss,player,Darrel Williams,RB,FA,,,,-109.28,00-0034301
2022,2254068,4,2022-09-28 15:59:15,add/drop,Antdell & Ernie,gain,player,Gerald Everett,TE,LAC,,,,0,00-0033895
2022,2254068,4,2022-09-28 15:59:15,add/drop,Antdell & Ernie,loss,player,Kenneth Gainwell,RB,PHI,,,,-58.31,00-0036919
2022,2254168,4,2022-09-28 13:05:22,add/drop,Nolan & Vinny,gain,player,Mack Hollins,WR,LV,,,,-35.58,00-0033555
2022,2254168,4,2022-09-28 13:05:22,add/drop,Nolan & Vinny,loss,player,Gerald Everett,TE,LAC,,,,0,00-0033895
2022,2254005,4,2022-09-28 07:32:13,add/drop,Richie,gain,player,Denver Broncos,DEF,DEN,,,,-17.29,DEF-0010
2022,2254005,4,2022-09-28 07:32:13,add/drop,Richie,loss,player,New England Patriots,DEF,NE,,,,61.76,DEF-0022
2022,2254069,4,2022-09-28 07:32:13,add/drop,Antdell & Ernie,gain,player,Trevor Lawrence,QB,JAX,,,,30.08,00-0036971
2022,2254069,4,2022-09-28 07:32:13,add/drop,Antdell & Ernie,loss,player,Albert Okwuegbunam,TE,DEN,,,,-68.11,00-0036423
2022,2254089,4,2022-09-28 07:32:13,add/drop,Chris & Dom,gain,player,Robert Tonyan,TE,GB,,,,-9.06,00-0033757
2022,2254089,4,2022-09-28 07:32:13,add/drop,Chris & Dom,loss,player,Irv Smith,TE,MIN,,,,-54.93,00-0034970
2022,2254202,4,2022-09-28 07:32:13,add/drop,Pung & Tralie,gain,player,Samaje Perine,RB,CIN,,,,-18.78,00-0033526
2022,2254202,4,2022-09-28 07:32:13,add/drop,Pung & Tralie,loss,player,Dontrell Hilliard,RB,TEN,,,,-73.29,00-0034253
2022,2254306,4,2022-09-28 07:32:13,add,Mike Long,gain,player,Miami Dolphins,DEF,MIA,,,,-13.18,DEF-0020
2022,2254342,4,2022-09-28 07:32:13,add/drop,Frank & Julian,gain,player,Tyler Conklin,TE,NYJ,,,,-6.18,00-0034270
2022,2254342,4,2022-09-28 07:32:13,add/drop,Frank & Julian,loss,player,Logan Thomas,TE,WAS,,,,-38.46,00-0031260
2022,2254307,4,2022-09-27 19:30:32,drop,Mike Long,loss,player,Sterling Shepard,WR,NYG,,,,,00-0032385
2022,2254280,4,2022-09-27 18:27:16,drop,Cambrias,loss,player,Greg Joseph,K,MIN,,,,-2.47,00-0034450
2022,2254070,4,2022-09-27 18:17:25,trade,Antdell & Ernie,loss,player,Darnell Mooney,WR,CHI,,,,-45.21,00-0036309
2022,2254070,4,2022-09-27 18:17:25,trade,Antdell & Ernie,loss,player,Nyheim Hines,RB,IND,,,,-79.55,00-0034367
2022,2254070,4,2022-09-27 18:17:25,trade,Antdell & Ernie,loss,player,Travis Kelce,TE,KC,,,,127.4,00-0030506
2022,2254070,4,2022-09-27 18:17:25,trade,Antdell & Ernie,loss,player,Russell Gage,WR,TB,,,,-59.62,00-0034411
2022,2254070,4,2022-09-27 18:17:25,trade,Antdell & Ernie,gain,player,Christian Kirk,WR,JAX,,,,7.91,00-0034775
2022,2254070,4,2022-09-27 18:17:25,trade,Antdell & Ernie,gain,player,Zach Ertz,TE,ARI,,,,-16.06,00-0030061
2022,2254070,4,2022-09-27 18:17:25,trade,Antdell & Ernie,gain,player,Josh Jacobs,RB,LV,,,,123.78,00-0035700
2022,2254070,4,2022-09-27 18:17:25,trade,Antdell & Ernie,gain,player,Romeo Doubs,WR,GB,,,,-68.27,00-0037816
2022,2254281,4,2022-09-27 18:17:25,trade,Cambrias,gain,player,Darnell Mooney,WR,CHI,,,,-45.21,00-0036309
2022,2254281,4,2022-09-27 18:17:25,trade,Cambrias,gain,player,Nyheim Hines,RB,IND,,,,-79.55,00-0034367
2022,2254281,4,2022-09-27 18:17:25,trade,Cambrias,gain,player,Travis Kelce,TE,KC,,,,127.4,00-0030506
2022,2254281,4,2022-09-27 18:17:25,trade,Cambrias,gain,player,Russell Gage,WR,TB,,,,-59.62,00-0034411
2022,2254281,4,2022-09-27 18:17:25,trade,Cambrias,loss,player,Christian Kirk,WR,JAX,,,,7.91,00-0034775
2022,2254281,4,2022-09-27 18:17:25,trade,Cambrias,loss,player,Zach Ertz,TE,ARI,,,,-16.06,00-0030061
2022,2254281,4,2022-09-27 18:17:25,trade,Cambrias,loss,player,Josh Jacobs,RB,LV,,,,123.78,00-0035700
2022,2254281,4,2022-09-27 18:17:25,trade,Cambrias,loss,player,Romeo Doubs,WR,GB,,,,-68.27,00-0037816
2022,2254343,3,2022-09-25 14:37:34,add/drop,Frank & Julian,gain,player,Baltimore Ravens,DEF,BAL,,,,14.12,DEF-0003
2022,2254343,3,2022-09-25 14:37:34,add/drop,Frank & Julian,loss,player,Indianapolis Colts,DEF,IND,,,,0.88,DEF-0014
2022,2254090,3,2022-09-25 14:36:15,add/drop,Chris & Dom,gain,player,Irv Smith,TE,MIN,,,,-64.15,00-0034970
2022,2254090,3,2022-09-25 14:36:15,add/drop,Chris & Dom,loss,player,Rex Burkhead,RB,HOU,,,,-79.15,00-0030288
2022,2254308,3,2022-09-24 22:07:56,add,Mike Long,gain,player,Robbie Chosen,WR,CAR,,,,-116.29,00-0032688
2022,2254309,3,2022-09-24 22:05:44,drop,Mike Long,loss,player,Sammy Watkins,WR,GB,,,,-120.97,00-0031325
2022,2254071,3,2022-09-23 22:47:39,add/drop,Antdell & Ernie,gain,player,Marcus Mariota,QB,ATL,,,,-39.37,00-0032268
2022,2254071,3,2022-09-23 22:47:39,add/drop,Antdell & Ernie,loss,player,Justin Fields,QB,CHI,,,,57.88,00-0036945
2022,2254169,3,2022-09-21 16:56:19,add/drop,Nolan & Vinny,gain,player,Dallas Cowboys,DEF,DAL,,,,49.41,DEF-0009
2022,2254169,3,2022-09-21 16:56:19,add/drop,Nolan & Vinny,loss,player,Cincinnati Bengals,DEF,CIN,,,,-5.29,DEF-0007
2022,2254006,3,2022-09-21 07:35:00,add/drop,Richie,gain,player,Jared Goff,QB,DET,,,,22.39,00-0033106
2022,2254006,3,2022-09-21 07:35:00,add/drop,Richie,loss,player,Trevor Lawrence,QB,JAX,,,,40.24,00-0036971
2022,2254072,3,2022-09-21 07:35:00,add/drop,Antdell & Ernie,gain,player,Russell Gage,WR,TB,,,,-49.94,00-0034411
2022,2254072,3,2022-09-21 07:35:00,add/drop,Antdell & Ernie,loss,player,Isiah Pacheco,RB,KC,,,,-31.15,00-0037197
2022,2254073,3,2022-09-21 07:35:00,add/drop,Antdell & Ernie,gain,player,Pittsburgh Steelers,DEF,PIT,,,,-26.47,DEF-0027
2022,2254073,3,2022-09-21 07:35:00,add/drop,Antdell & Ernie,loss,player,Baltimore Ravens,DEF,BAL,,,,14.12,DEF-0003
2022,2254074,3,2022-09-21 07:35:00,add/drop,Antdell & Ernie,gain,player,Justin Fields,QB,CHI,,,,57.88,00-0036945
2022,2254074,3,2022-09-21 07:35:00,add/drop,Antdell & Ernie,loss,player,Trey Lance,QB,SF,,,,,00-0037012
2022,2254091,3,2022-09-21 07:35:00,add/drop,Chris & Dom,gain,player,Darrel Williams,RB,FA,,,,-121.94,00-0034301
2022,2254091,3,2022-09-21 07:35:00,add/drop,Chris & Dom,loss,player,Kenyan Drake,RB,BAL,,,,-55.85,00-0033118
2022,2254110,3,2022-09-21 07:35:00,add/drop,Phil Baldino,gain,player,Tua Tagovailoa,QB,MIA,,,,-27.07,00-0036212
2022,2254110,3,2022-09-21 07:35:00,add/drop,Phil Baldino,loss,player,Denver Broncos,DEF,DEN,,,,-8.82,DEF-0010
2022,2254135,3,2022-09-21 07:35:00,add/drop,John Juliano,gain,player,Kansas City Chiefs,DEF,KC,,,,-1.76,DEF-0016
2022,2254135,3,2022-09-21 07:35:00,add/drop,John Juliano,loss,player,Miami Dolphins,DEF,MIA,,,,-10.59,DEF-0020
2022,2254203,3,2022-09-21 07:35:00,add/drop,Pung & Tralie,gain,player,Eno Benjamin,RB,ARI,,,,-64.41,00-0036383
2022,2254203,3,2022-09-21 07:35:00,add/drop,Pung & Tralie,loss,player,Skyy Moore,WR,KC,,,,-99.88,00-0038090
2022,2254218,3,2022-09-21 07:35:00,add/drop,Rob & GregBo,gain,player,Raheem Mostert,RB,MIA,,,,0,00-0031687
2022,2254218,3,2022-09-21 07:35:00,add/drop,Rob & GregBo,loss,player,Chase Claypool,WR,PIT,,,,-65.7,00-0036326
2022,2254310,3,2022-09-21 07:35:00,add/drop,Mike Long,gain,player,Sterling Shepard,WR,NYG,,,,-131.21,00-0032385
2022,2254310,3,2022-09-21 07:35:00,add/drop,Mike Long,loss,player,Marquez Valdes-Scantling,WR,KC,,,,-47.03,00-0034272
2022,2254282,3,2022-09-20 11:06:06,drop,Cambrias,loss,player,Parris Campbell,WR,IND,,,,-25.59,00-0035639
2022,2254283,2,2022-09-18 16:14:04,add,Cambrias,gain,player,Parris Campbell,WR,IND,,,,-37.65,00-0035639
2022,2254344,2,2022-09-16 23:21:10,add,Frank & Julian,gain,player,Logan Thomas,TE,WAS,,,,-52.14,00-0031260
2022,2254284,2,2022-09-14 18:30:34,add,Cambrias,gain,player,Greg Joseph,K,MIN,,,,-11.29,00-0034450
2022,2254170,2,2022-09-14 11:23:03,add/drop,Nolan & Vinny,gain,player,Cincinnati Bengals,DEF,CIN,,,,-7.53,DEF-0007
2022,2254170,2,2022-09-14 11:23:03,add/drop,Nolan & Vinny,loss,player,Dallas Cowboys,DEF,DAL,,,,53.65,DEF-0009
2022,2254007,2,2022-09-14 09:08:55,add/drop,Richie,gain,player,Jahan Dotson,WR,WAS,,,,-63.25,00-0037741
2022,2254007,2,2022-09-14 09:08:55,add/drop,Richie,loss,player,KJ Hamler,WR,DEN,,,,-135.34,00-0036412
2022,2254075,2,2022-09-14 07:39:55,add/drop,Antdell & Ernie,gain,player,Chris Boswell,K,PIT,,,,-41.41,00-0031136
2022,2254075,2,2022-09-14 07:39:55,add/drop,Antdell & Ernie,loss,player,Rodrigo Blankenship,K,IND,,,,-101.65,00-0035849
2022,2254204,2,2022-09-14 07:39:55,add/drop,Pung & Tralie,gain,player,Cleveland Browns,DEF,CLE,,,,-2.82,DEF-0008
2022,2254204,2,2022-09-14 07:39:55,add/drop,Pung & Tralie,loss,player,Tennessee Titans,DEF,TEN,,,,-10.35,DEF-0031
2022,2254285,2,2022-09-14 07:39:55,add/drop,Cambrias,gain,player,Los Angeles Chargers,DEF,LAC,,,,-13.18,DEF-0018
2022,2254285,2,2022-09-14 07:39:55,add/drop,Cambrias,loss,player,Cincinnati Bengals,DEF,CIN,,,,-7.53,DEF-0007
2022,2254092,2,2022-09-14 07:39:54,add/drop,Chris & Dom,gain,player,Rex Burkhead,RB,HOU,,,,-91.95,00-0030288
2022,2254092,2,2022-09-14 07:39:54,add/drop,Chris & Dom,loss,player,Mike Davis,RB,BAL,,,,-143.91,00-0032063
2022,2254136,2,2022-09-14 07:39:54,add/drop,John Juliano,gain,player,Miami Dolphins,DEF,MIA,,,,-20.71,DEF-0020
2022,2254136,2,2022-09-14 07:39:54,add/drop,John Juliano,loss,player,New Orleans Saints,DEF,NO,,,,-5.65,DEF-0023
2022,2254137,2,2022-09-14 07:39:54,add/drop,John Juliano,gain,player,Curtis Samuel,WR,WAS,,,,-12.14,00-0033282
2022,2254137,2,2022-09-14 07:39:54,add/drop,John Juliano,loss,player,George Pickens,WR,PIT,,,,-19.39,00-0037247
2022,2254138,2,2022-09-14 07:39:54,add/drop,John Juliano,gain,player,Jaylen Warren,RB,PIT,,,,-66.54,00-0037228
2022,2254138,2,2022-09-14 07:39:54,add/drop,John Juliano,loss,player,Chuba Hubbard,RB,CAR,,,,-69.18,00-0036555
2022,2254171,2,2022-09-14 07:39:54,add/drop,Nolan & Vinny,gain,player,Carson Wentz,QB,WAS,,,,-131.03,00-0032950
2022,2254171,2,2022-09-14 07:39:54,add/drop,Nolan & Vinny,loss,player,Nico Collins,WR,HOU,,,,-72.56,00-0036554
2022,2254172,2,2022-09-14 07:39:54,add/drop,Nolan & Vinny,gain,player,Gerald Everett,TE,LAC,,,,-5.93,00-0033895
2022,2254172,2,2022-09-14 07:39:54,add/drop,Nolan & Vinny,loss,player,Raheem Mostert,RB,MIA,,,,0,00-0031687
2022,2254205,2,2022-09-14 07:39:54,add/drop,Pung & Tralie,gain,player,Younghoe Koo,K,ATL,,,,0,00-0033702
2022,2254205,2,2022-09-14 07:39:54,add/drop,Pung & Tralie,loss,player,Matt Prater,K,ARI,,,,-19.76,00-0023853
2022,2254206,2,2022-09-14 07:39:54,add/drop,Pung & Tralie,gain,player,Dontrell Hilliard,RB,TEN,,,,-94.78,00-0034253
2022,2254206,2,2022-09-14 07:39:54,add/drop,Pung & Tralie,loss,player,Damien Williams,RB,ATL,,,,,00-0030874
2022,2254207,2,2022-09-14 07:39:54,add,Pung & Tralie,gain,player,Taysom Hill,QB,NO,,,,-91.58,00-0033357
2022,2254237,2,2022-09-14 07:39:54,add/drop,Ronnie,gain,player,Hayden Hurst,TE,CIN,,,,-29.36,00-0034830
2022,2254237,2,2022-09-14 07:39:54,add/drop,Ronnie,loss,player,Mike Gesicki,TE,MIA,,,,-31.15,00-0034829
2022,2254286,1,2022-09-11 12:51:27,add/drop,Cambrias,gain,player,Cincinnati Bengals,DEF,CIN,,,,-7,DEF-0007
2022,2254286,1,2022-09-11 12:51:27,add/drop,Cambrias,loss,player,Los Angeles Chargers,DEF,LAC,,,,-2,DEF-0018
2022,2254208,1,2022-09-10 13:30:33,add/drop,Pung & Tralie,gain,player,Damien Williams,RB,ATL,,,,-166.2,00-0030874
2022,2254208,1,2022-09-10 13:30:33,add/drop,Pung & Tralie,loss,player,Christian Watson,WR,GB,,,,-35.7,00-0038124
2022,2254345,1,2022-09-09 21:17:51,add/drop,Frank & Julian,gain,player,Gus Edwards,RB,LAC,,,,-108.7,00-0034184
2022,2254345,1,2022-09-09 21:17:51,add/drop,Frank & Julian,loss,player,Justin Fields,QB,CHI,,,,59.9,00-0036945
2022,2254139,1,2022-09-09 14:29:00,add/drop,John Juliano,gain,player,Jeffery Wilson,RB,SF,,,,-17.3,00-0034115
2022,2254139,1,2022-09-09 14:29:00,add/drop,John Juliano,loss,player,James Cook,RB,BUF,,,,-67.8,00-0037248
2022,2254093,1,2022-09-08 20:24:45,add/drop,Chris & Dom,gain,player,Kenyan Drake,RB,BAL,,,,-78.2,00-0033118
2022,2254093,1,2022-09-08 20:24:45,add/drop,Chris & Dom,loss,player,Mark Ingram,RB,NO,,,,-116.3,00-0027966
2022,2254311,1,2022-09-08 13:12:26,add,Mike Long,gain,player,Devin Duvernay,WR,BAL,,,,-67.1,00-0036331
2022,2254312,1,2022-09-08 13:12:02,drop,Mike Long,loss,player,Jarvis Landry,WR,NO,,,,-123,00-0031382
2022,2254008,1,2022-09-07 01:40:34,add,Richie,gain,player,KJ Hamler,WR,DEN,,,,-157.4,00-0036412
2022,2254111,1,2022-09-07 01:33:43,add,Phil Baldino,gain,player,Garrett Wilson,WR,NYJ,,,,14.6,00-0037740
2021,2266176,17,2021-12-31 22:51:55,add/drop,Rob & GregBo,gain,player,Chicago Bears,DEF,CHI,,,,0.88,DEF-0006
2021,2266176,17,2021-12-31 22:51:55,add/drop,Rob & GregBo,loss,player,Baltimore Ravens,DEF,BAL,,,,0.47,DEF-0003
2021,2266199,17,2021-12-29 08:16:56,add/drop,Ronnie,gain,player,Isaiah McKenzie,WR,BUF,,,,-0.73,00-0033466
2021,2266199,17,2021-12-29 08:16:56,add/drop,Ronnie,loss,player,Tyler Johnson,WR,TB,,,,-0.31,00-0036427
2021,2266045,16,2021-12-26 13:46:40,add/drop,Phil Baldino,gain,player,Jared Cook,TE,LAC,,,,-0.75,00-0027061
2021,2266045,16,2021-12-26 13:46:40,add/drop,Phil Baldino,loss,player,Brandon Bolden,RB,NE,,,,-1.45,00-0029239
2021,2266046,16,2021-12-25 19:32:53,add/drop,Phil Baldino,gain,player,Brandon Bolden,RB,NE,,,,-1.45,00-0029239
2021,2266046,16,2021-12-25 19:32:53,add/drop,Phil Baldino,loss,player,New Orleans Saints,DEF,NO,,,,0.94,DEF-0023
2021,2266200,16,2021-12-25 19:02:40,add,Ronnie,gain,player,Allen Lazard,WR,GB,,,,0.36,00-0034521
2021,2266047,16,2021-12-24 19:57:39,add/drop,Phil Baldino,gain,player,Emmanuel Sanders,WR,BUF,,,,-3.05,00-0027685
2021,2266047,16,2021-12-24 19:57:39,add/drop,Phil Baldino,loss,player,Gabriel Davis,WR,BUF,,,,-2.69,00-0036196
2021,2266152,16,2021-12-23 23:29:41,add,Pung & Tralie,gain,player,Cam Akers,RB,HOU,,,,,00-0036414
2021,2266048,16,2021-12-23 10:43:41,add/drop,Phil Baldino,gain,player,Ameer Abdullah,RB,MIN,,,,-0.95,00-0032104
2021,2266048,16,2021-12-23 10:43:41,add/drop,Phil Baldino,loss,player,David Njoku,TE,CLE,,,,-0.35,00-0033885
2021,2266049,16,2021-12-23 08:21:46,add/drop,Phil Baldino,gain,player,Cole Kmet,TE,CHI,,,,-0.16,00-0036290
2021,2266049,16,2021-12-23 08:21:46,add/drop,Phil Baldino,loss,player,Courtland Sutton,WR,DEN,,,,-1.6,00-0034348
2021,2266050,16,2021-12-23 08:21:46,add,Phil Baldino,gain,player,Seattle Seahawks,DEF,SEA,,,,-0.47,DEF-0029
2021,2266051,16,2021-12-23 08:21:46,add/drop,Phil Baldino,gain,player,Gabriel Davis,WR,BUF,,,,-2.69,00-0036196
2021,2266051,16,2021-12-23 08:21:46,add/drop,Phil Baldino,loss,player,Jamison Crowder,WR,WAS,,,,,00-0031941
2021,2266153,16,2021-12-23 08:21:46,add/drop,Pung & Tralie,gain,player,Mecole Hardman,WR,KC,,,,-1.35,00-0035140
2021,2266153,16,2021-12-23 08:21:46,add/drop,Pung & Tralie,loss,player,Corey Clement,RB,ARI,,,,-2.28,00-0033725
2021,2266201,16,2021-12-23 08:21:46,add/drop,Ronnie,gain,player,Tyler Johnson,WR,TB,,,,-2.46,00-0036427
2021,2266201,16,2021-12-23 08:21:46,add/drop,Ronnie,loss,player,Rashod Bateman,WR,BAL,,,,-0.53,00-0036550
2021,2266202,16,2021-12-23 08:21:46,add/drop,Ronnie,gain,player,Ronald Jones,RB,TB,,,,-0.16,00-0034816
2021,2266202,16,2021-12-23 08:21:46,add/drop,Ronnie,loss,player,Latavius Murray,RB,BAL,,,,-1.73,00-0030513
2021,2266052,16,2021-12-22 21:18:10,drop,Phil Baldino,loss,player,Arizona Cardinals,DEF,ARI,,,,-0.94,DEF-0001
2021,2266053,15,2021-12-19 23:00:32,add/drop,Phil Baldino,gain,player,New Orleans Saints,DEF,NO,,,,2.82,DEF-0023
2021,2266053,15,2021-12-19 23:00:32,add/drop,Phil Baldino,loss,player,Ronald Jones,RB,TB,,,,-0.56,00-0034816
2021,2265998,15,2021-12-17 02:50:12,add/drop,Chris & Dom,gain,player,Duke Johnson,RB,FA,,,,1.06,00-0032257
2021,2265998,15,2021-12-17 02:50:12,add/drop,Chris & Dom,loss,player,Austin Hooper,TE,CLE,,,,-2.38,00-0032392
2021,2265999,15,2021-12-16 21:24:02,add/drop,Chris & Dom,gain,player,Philadelphia Eagles,DEF,PHI,,,,0.35,DEF-0026
2021,2265999,15,2021-12-16 21:24:02,add/drop,Chris & Dom,loss,player,JaMycal Hasty,RB,SF,,,,-3.88,00-0035806
2021,2266054,15,2021-12-16 19:46:26,add/drop,Phil Baldino,gain,player,Ronald Jones,RB,TB,,,,-0.56,00-0034816
2021,2266054,15,2021-12-16 19:46:26,add/drop,Phil Baldino,loss,player,Elijah Moore,WR,NYJ,,,,,00-0036980
2021,2266000,15,2021-12-16 19:02:06,add/drop,Chris & Dom,gain,player,Gerald Everett,TE,SEA,,,,1.68,00-0033895
2021,2266000,15,2021-12-16 19:02:06,add/drop,Chris & Dom,loss,player,Godwin Igwebuike,RB,FA,,,,-5.47,00-0034614
2021,2266055,15,2021-12-16 14:24:24,add/drop,Phil Baldino,gain,player,David Njoku,TE,CLE,,,,-0.92,00-0033885
2021,2266055,15,2021-12-16 14:24:24,add/drop,Phil Baldino,loss,player,Foster Moreau,TE,NO,,,,0.39,00-0034981
2021,2266001,15,2021-12-16 03:29:29,add/drop,Chris & Dom,gain,player,Justin Jackson,RB,LAC,,,,3.9,00-0034440
2021,2266001,15,2021-12-16 03:29:29,add/drop,Chris & Dom,loss,player,DeAndre Hopkins,WR,ARI,,,,,00-0030564
2021,2266002,15,2021-12-15 18:32:11,add/drop,Chris & Dom,gain,player,Malcolm Brown,RB,MIA,,,,,00-0031806
2021,2266002,15,2021-12-15 18:32:11,add/drop,Chris & Dom,loss,player,Jermar Jefferson,RB,DET,,,,-5.51,00-0036670
2021,2266154,15,2021-12-15 13:19:11,add/drop,Pung & Tralie,gain,player,Corey Clement,RB,ARI,,,,-5.35,00-0033725
2021,2266154,15,2021-12-15 13:19:11,add/drop,Pung & Tralie,loss,player,Denver Broncos,DEF,DEN,,,,-1.94,DEF-0010
2021,2266056,15,2021-12-15 09:06:44,add/drop,Phil Baldino,gain,player,Amon-Ra St. Brown,WR,DET,,,,8.45,00-0036963
2021,2266056,15,2021-12-15 09:06:44,add/drop,Phil Baldino,loss,player,Emmanuel Sanders,WR,BUF,,,,-5.82,00-0027685
2021,2266077,15,2021-12-15 09:06:44,add/drop,John Juliano,gain,player,A.J. Green,WR,ARI,,,,-2.1,00-0027942
2021,2266077,15,2021-12-15 09:06:44,add/drop,John Juliano,loss,player,Matt Breida,RB,BUF,,,,-5.65,00-0033308
2021,2266078,15,2021-12-15 09:06:44,add/drop,John Juliano,gain,player,Nick Folk,K,NE,,,,-1.41,00-0025565
2021,2266078,15,2021-12-15 09:06:44,add/drop,John Juliano,loss,player,Dontrell Hilliard,RB,FA,,,,-0.35,00-0034253
2021,2265940,14,2021-12-13 20:57:35,add/drop,Richie,gain,player,Kendall Blanton,TE,FA,,,,-6.42,00-0035603
2021,2265940,14,2021-12-13 20:57:35,add/drop,Richie,loss,player,Cole Kmet,TE,CHI,,,,0,00-0036290
2021,2266217,14,2021-12-12 17:53:25,add/drop,Cambrias,gain,player,Antonio Brown,WR,TB,,,,-4.99,00-0027793
2021,2266217,14,2021-12-12 17:53:25,add/drop,Cambrias,loss,player,Jarvis Landry,WR,CLE,,,,-3.15,00-0031382
2021,2266259,14,2021-12-12 17:53:03,add/drop,Team JoeBa,gain,player,Rex Burkhead,RB,HOU,,,,4.16,00-0030288
2021,2266259,14,2021-12-12 17:53:03,add/drop,Team JoeBa,loss,player,Antonio Brown,WR,TB,,,,-4.99,00-0027793
2021,2266003,14,2021-12-12 17:37:36,add/drop,Chris & Dom,gain,player,Austin Hooper,TE,CLE,,,,-1.84,00-0032392
2021,2266003,14,2021-12-12 17:37:36,add/drop,Chris & Dom,loss,player,Jared Cook,TE,LAC,,,,-1.84,00-0027061
2021,2266079,14,2021-12-12 16:45:17,add/drop,John Juliano,gain,player,Rashaad Penny,RB,SEA,,,,10.31,00-0034750
2021,2266079,14,2021-12-12 16:45:17,add/drop,John Juliano,loss,player,Kadarius Toney,WR,NYG,,,,-9.44,00-0036913
2021,2266260,14,2021-12-12 16:38:46,add,Team JoeBa,gain,player,Mike Davis,RB,ATL,,,,-2,00-0032063
2021,2266261,14,2021-12-12 16:36:36,add/drop,Team JoeBa,gain,player,David Johnson,RB,HOU,,,,-8.87,00-0032187
2021,2266261,14,2021-12-12 16:36:36,add/drop,Team JoeBa,loss,player,Mason Crosby,K,GB,,,,0,00-0025580
2021,2266057,14,2021-12-12 02:01:51,add/drop,Phil Baldino,gain,player,Russell Gage,WR,ATL,,,,0.12,00-0034411
2021,2266057,14,2021-12-12 02:01:51,add/drop,Phil Baldino,loss,player,Nick Folk,K,NE,,,,-4.24,00-0025565
2021,2266058,14,2021-12-11 23:55:25,add,Phil Baldino,gain,player,Jamison Crowder,WR,WAS,,,,-7.76,00-0031941
2021,2266004,14,2021-12-10 21:44:46,add/drop,Chris & Dom,gain,player,JaMycal Hasty,RB,SF,,,,-6.42,00-0035806
2021,2266004,14,2021-12-10 21:44:46,add/drop,Chris & Dom,loss,player,Minnesota Vikings,DEF,MIN,,,,-0.71,DEF-0021
2021,2266005,14,2021-12-10 21:22:12,add/drop,Chris & Dom,gain,player,Jermar Jefferson,RB,DET,,,,-9.53,00-0036670
2021,2266005,14,2021-12-10 21:22:12,add/drop,Chris & Dom,loss,player,Mike Davis,RB,ATL,,,,-2,00-0032063
2021,2266080,14,2021-12-10 21:21:46,add/drop,John Juliano,gain,player,San Francisco 49ers,DEF,SF,,,,1.65,DEF-0028
2021,2266080,14,2021-12-10 21:21:46,add/drop,John Juliano,loss,player,Jermar Jefferson,RB,DET,,,,-9.53,00-0036670
2021,2266006,14,2021-12-10 21:21:27,add/drop,Chris & Dom,gain,player,Godwin Igwebuike,RB,FA,,,,-9.36,00-0034614
2021,2266006,14,2021-12-10 21:21:27,add/drop,Chris & Dom,loss,player,San Francisco 49ers,DEF,SF,,,,1.65,DEF-0028
2021,2266081,14,2021-12-10 21:18:35,add/drop,John Juliano,gain,player,Jermar Jefferson,RB,DET,,,,-9.53,00-0036670
2021,2266081,14,2021-12-10 21:18:35,add/drop,John Juliano,loss,player,Kendrick Bourne,WR,NE,,,,-4.24,00-0033307
2021,2266218,14,2021-12-09 13:58:21,add/drop,Cambrias,gain,player,Khalil Herbert,RB,CHI,,,,-5.65,00-0036906
2021,2266218,14,2021-12-09 13:58:21,add/drop,Cambrias,loss,player,Samaje Perine,RB,CIN,,,,-5.36,00-0033526
2021,2266122,14,2021-12-09 04:55:13,add/drop,Nolan & Vinny,gain,player,Tennessee Titans,DEF,TEN,,,,5.18,DEF-0031
2021,2266122,14,2021-12-09 04:55:13,add/drop,Nolan & Vinny,loss,player,Indianapolis Colts,DEF,IND,,,,-0.47,DEF-0014
2021,2266123,14,2021-12-09 04:42:12,add/drop,Nolan & Vinny,gain,player,Taysom Hill,QB,NO,,,,-1.52,00-0033357
2021,2266123,14,2021-12-09 04:42:12,add/drop,Nolan & Vinny,loss,player,Carson Wentz,QB,IND,,,,-5.95,00-0032950
2021,2266007,14,2021-12-08 21:48:46,add/drop,Chris & Dom,gain,player,Jared Cook,TE,LAC,,,,-1.84,00-0027061
2021,2266007,14,2021-12-08 21:48:46,add/drop,Chris & Dom,loss,player,Logan Thomas,TE,WAS,,,,,00-0031260
2021,2266219,14,2021-12-08 11:54:56,drop,Cambrias,loss,player,Rex Burkhead,RB,HOU,,,,4.16,00-0030288
2021,2266082,14,2021-12-08 08:18:57,add/drop,John Juliano,gain,player,Kansas City Chiefs,DEF,KC,,,,4,DEF-0016
2021,2266082,14,2021-12-08 08:18:57,add/drop,John Juliano,loss,player,Philadelphia Eagles,DEF,PHI,,,,0,DEF-0026
2021,2266177,14,2021-12-08 08:18:57,add/drop,Rob & GregBo,gain,player,Brandon McManus,K,DEN,,,,0,00-0029822
2021,2266177,14,2021-12-08 08:18:57,add/drop,Rob & GregBo,loss,player,Gerald Everett,TE,SEA,,,,2.82,00-0033895
2021,2266008,14,2021-12-08 08:18:56,add/drop,Chris & Dom,gain,player,Green Bay Packers,DEF,GB,,,,1.65,DEF-0012
2021,2266008,14,2021-12-08 08:18:56,add/drop,Chris & Dom,loss,player,Greg Joseph,K,MIN,,,,0.24,00-0034450
2021,2266059,14,2021-12-08 08:18:56,add/drop,Phil Baldino,gain,player,Matt Prater,K,ARI,,,,1.41,00-0023853
2021,2266059,14,2021-12-08 08:18:56,add/drop,Phil Baldino,loss,player,Corey Davis,WR,NYJ,,,,,00-0033871
2021,2266178,14,2021-12-08 08:18:56,add/drop,Rob & GregBo,gain,player,K.J. Osborn,WR,MIN,,,,1.72,00-0036345
2021,2266178,14,2021-12-08 08:18:56,add/drop,Rob & GregBo,loss,player,Matt Ryan,QB,ATL,,,,-3.43,00-0026143
2021,2266203,14,2021-12-08 08:18:56,add/drop,Ronnie,gain,player,Marquez Valdes-Scantling,WR,GB,,,,-4.66,00-0034272
2021,2266203,14,2021-12-08 08:18:56,add/drop,Ronnie,loss,player,Mecole Hardman,WR,KC,,,,-4.12,00-0035140
2021,2266220,13,2021-12-05 17:43:01,add/drop,Cambrias,gain,player,Samaje Perine,RB,CIN,,,,-7.62,00-0033526
2021,2266220,13,2021-12-05 17:43:01,add/drop,Cambrias,loss,player,Tevin Coleman,RB,NYJ,,,,-8.18,00-0032058
2021,2266221,13,2021-12-05 14:28:51,add/drop,Cambrias,gain,player,Jarvis Landry,WR,CLE,,,,-7.44,00-0031382
2021,2266221,13,2021-12-05 14:28:51,add/drop,Cambrias,loss,player,Kenneth Gainwell,RB,PHI,,,,-8.5,00-0036919
2021,2266155,13,2021-12-05 14:27:45,add/drop,Pung & Tralie,gain,player,DeVante Parker,WR,MIA,,,,-6.53,00-0031547
2021,2266155,13,2021-12-05 14:27:45,add/drop,Pung & Tralie,loss,player,Jarvis Landry,WR,CLE,,,,-7.44,00-0031382
2021,2266124,13,2021-12-04 23:27:06,add/drop,Nolan & Vinny,gain,player,Carson Wentz,QB,IND,,,,-7.01,00-0032950
2021,2266124,13,2021-12-04 23:27:06,add/drop,Nolan & Vinny,loss,player,Tennessee Titans,DEF,TEN,,,,4.41,DEF-0031
2021,2266222,13,2021-12-04 21:45:35,add,Cambrias,gain,player,Rex Burkhead,RB,HOU,,,,4.12,00-0030288
2021,2266083,13,2021-12-04 10:22:03,add/drop,John Juliano,gain,player,Kadarius Toney,WR,NYG,,,,-15.29,00-0036913
2021,2266083,13,2021-12-04 10:22:03,add/drop,John Juliano,loss,player,Rashaad Penny,RB,SEA,,,,12.29,00-0034750
2021,2266223,13,2021-12-03 22:26:56,add/drop,Cambrias,gain,player,Tevin Coleman,RB,NYJ,,,,-8.18,00-0032058
2021,2266223,13,2021-12-03 22:26:56,add/drop,Cambrias,loss,player,Carlos Hyde,RB,JAX,,,,-12.21,00-0031045
2021,2266224,13,2021-12-03 20:39:13,add/drop,Cambrias,gain,player,Kenneth Gainwell,RB,PHI,,,,-8.5,00-0036919
2021,2266224,13,2021-12-03 20:39:13,add/drop,Cambrias,loss,player,Kadarius Toney,WR,NYG,,,,-15.29,00-0036913
2021,2266225,13,2021-12-03 17:14:22,drop,Cambrias,loss,player,Christian McCaffrey,RB,CAR,,,,,00-0033280
2021,2266204,13,2021-12-03 14:07:37,add/drop,Ronnie,gain,player,Hunter Henry,TE,NE,,,,-0.62,00-0033090
2021,2266204,13,2021-12-03 14:07:37,add/drop,Ronnie,loss,player,Laviska Shenault,WR,JAX,,,,-9.74,00-0036268
2021,2266226,13,2021-12-02 20:55:34,add,Cambrias,gain,player,Carlos Hyde,RB,JAX,,,,-12.21,00-0031045
2021,2266009,13,2021-12-02 12:40:29,add/drop,Chris & Dom,gain,player,Minnesota Vikings,DEF,MIN,,,,-1.18,DEF-0021
2021,2266009,13,2021-12-02 12:40:29,add/drop,Chris & Dom,loss,player,Daniel Jones,QB,NYG,,,,,00-0035710
2021,2265941,13,2021-12-01 10:43:44,add/drop,Richie,gain,player,Evan McPherson,K,CIN,,,,2.65,00-0036854
2021,2265941,13,2021-12-01 10:43:44,add/drop,Richie,loss,player,Chase McLaughlin,K,CLE,,,,-9.41,00-0035358
2021,2266125,13,2021-12-01 10:26:11,add/drop,Nolan & Vinny,gain,player,Indianapolis Colts,DEF,IND,,,,2.65,DEF-0014
2021,2266125,13,2021-12-01 10:26:11,add/drop,Nolan & Vinny,loss,player,Houston Texans,DEF,HOU,,,,-1.76,DEF-0013
2021,2266060,13,2021-12-01 09:28:53,add/drop,Phil Baldino,gain,player,Foster Moreau,TE,NO,,,,-0.47,00-0034981
2021,2266060,13,2021-12-01 09:28:53,add/drop,Phil Baldino,loss,player,Kenny Golladay,WR,NYG,,,,-10.32,00-0033932
2021,2266084,13,2021-12-01 09:28:53,add/drop,John Juliano,gain,player,Rashaad Penny,RB,SEA,,,,12.29,00-0034750
2021,2266084,13,2021-12-01 09:28:53,add/drop,John Juliano,loss,player,Alex Collins,RB,FA,,,,-14.09,00-0032426
2021,2266085,13,2021-12-01 09:28:53,add/drop,John Juliano,gain,player,Kendrick Bourne,WR,NE,,,,-8.71,00-0033307
2021,2266085,13,2021-12-01 09:28:53,add/drop,John Juliano,loss,player,Donovan Peoples-Jones,WR,CLE,,,,-7.03,00-0036233
2021,2266156,13,2021-12-01 09:28:53,add/drop,Pung & Tralie,gain,player,Denver Broncos,DEF,DEN,,,,-1.76,DEF-0010
2021,2266156,13,2021-12-01 09:28:53,add/drop,Pung & Tralie,loss,player,Jimmy Garoppolo,QB,SF,,,,-1.82,00-0031345
2021,2266179,13,2021-12-01 09:28:53,add/drop,Rob & GregBo,gain,player,Sony Michel,RB,LAR,,,,9.44,00-0034845
2021,2266179,13,2021-12-01 09:28:53,add/drop,Rob & GregBo,loss,player,Sammy Watkins,WR,BAL,,,,-13.21,00-0031325
2021,2266262,13,2021-12-01 09:28:53,add/drop,Team JoeBa,gain,player,Matt Gay,K,LAR,,,,2.94,00-0035269
2021,2266262,13,2021-12-01 09:28:53,add/drop,Team JoeBa,loss,player,Justin Fields,QB,CHI,,,,-10,00-0036945
2021,2266263,13,2021-12-01 09:28:53,add/drop,Team JoeBa,gain,player,Jamaal Williams,RB,DET,,,,-6.03,00-0033948
2021,2266263,13,2021-12-01 09:28:53,add/drop,Team JoeBa,loss,player,Washington Commanders,DEF,WAS,,,,-2.06,DEF-0032
2021,2266061,13,2021-11-30 09:31:35,drop,Phil Baldino,loss,player,Chicago Bears,DEF,CHI,,,,0.88,DEF-0006
2021,2266273,12,2021-11-28 17:25:35,drop,Frank & Julian,loss,player,Brandon Bolden,RB,NE,,,,-10.62,00-0029239
2021,2266086,12,2021-11-28 15:11:41,add/drop,John Juliano,gain,player,Dontrell Hilliard,RB,FA,,,,-4.45,00-0034253
2021,2266086,12,2021-11-28 15:11:41,add/drop,John Juliano,loss,player,Rashaad Penny,RB,SEA,,,,10.62,00-0034750
2021,2266227,12,2021-11-27 22:30:37,add/drop,Cambrias,gain,player,Devontae Booker,RB,NYG,,,,-4.02,00-0032972
2021,2266227,12,2021-11-27 22:30:37,add/drop,Cambrias,loss,player,Tua Tagovailoa,QB,MIA,,,,-6.15,00-0036212
2021,2266010,12,2021-11-27 22:25:46,add/drop,Chris & Dom,gain,player,D'Onta Foreman,RB,CLE,,,,1.59,00-0033925
2021,2266010,12,2021-11-27 22:25:46,add/drop,Chris & Dom,loss,player,Devontae Booker,RB,NYG,,,,-4.02,00-0032972
2021,2266180,12,2021-11-27 21:22:41,add/drop,Rob & GregBo,gain,player,Boston Scott,RB,LAR,,,,-5.08,00-0034414
2021,2266180,12,2021-11-27 21:22:41,add/drop,Rob & GregBo,loss,player,Green Bay Packers,DEF,GB,,,,1.41,DEF-0012
2021,2266157,12,2021-11-26 18:45:03,drop,Pung & Tralie,loss,player,Tony Jones,RB,NO,,,,-19.52,00-0035860
2021,2266011,12,2021-11-26 00:11:57,add/drop,Chris & Dom,gain,player,Greg Joseph,K,MIN,,,,0.35,00-0034450
2021,2266011,12,2021-11-26 00:11:57,add/drop,Chris & Dom,loss,player,Hunter Henry,TE,NE,,,,-3.46,00-0033090
2021,2266126,12,2021-11-25 23:52:37,add/drop,Nolan & Vinny,gain,player,Devin Singletary,RB,BUF,,,,7.2,00-0035250
2021,2266126,12,2021-11-25 23:52:37,add/drop,Nolan & Vinny,loss,player,Zack Moss,RB,CIN,,,,-17.51,00-0036251
2021,2266274,12,2021-11-25 15:54:24,drop,Frank & Julian,loss,player,Adrian Peterson,RB,FA,,,,-19.31,00-0025394
2021,2266127,12,2021-11-24 09:59:51,add/drop,Nolan & Vinny,gain,player,Houston Texans,DEF,HOU,,,,-3.18,DEF-0013
2021,2266127,12,2021-11-24 09:59:51,add/drop,Nolan & Vinny,loss,player,A.J. Green,WR,ARI,,,,-7.62,00-0027942
2021,2266062,12,2021-11-24 08:22:35,add/drop,Phil Baldino,gain,player,Chicago Bears,DEF,CHI,,,,-0.71,DEF-0006
2021,2266062,12,2021-11-24 08:22:35,add/drop,Phil Baldino,loss,player,David Johnson,RB,HOU,,,,-18.04,00-0032187
2021,2266087,12,2021-11-24 08:22:35,add/drop,John Juliano,gain,player,Matt Breida,RB,BUF,,,,-16.13,00-0033308
2021,2266087,12,2021-11-24 08:22:35,add/drop,John Juliano,loss,player,Kendrick Bourne,WR,NE,,,,-4.94,00-0033307
2021,2266088,12,2021-11-24 08:22:35,add/drop,John Juliano,gain,player,Rashaad Penny,RB,SEA,,,,10.62,00-0034750
2021,2266088,12,2021-11-24 08:22:35,add/drop,John Juliano,loss,player,Samaje Perine,RB,CIN,,,,-12.39,00-0033526
2021,2266158,12,2021-11-24 08:22:35,add/drop,Pung & Tralie,gain,player,Greg Zuerlein,K,DAL,,,,1.76,00-0029621
2021,2266158,12,2021-11-24 08:22:35,add/drop,Pung & Tralie,loss,player,Randy Bullock,K,FA,,,,-3.53,00-0029421
2021,2266159,12,2021-11-24 08:22:35,add/drop,Pung & Tralie,gain,player,Tony Jones,RB,NO,,,,-19.52,00-0035860
2021,2266159,12,2021-11-24 08:22:35,add/drop,Pung & Tralie,loss,player,D'Onta Foreman,RB,CLE,,,,1.59,00-0033925
2021,2266205,12,2021-11-24 08:22:35,add/drop,Ronnie,gain,player,Latavius Murray,RB,BAL,,,,-12.95,00-0030513
2021,2266205,12,2021-11-24 08:22:35,add/drop,Ronnie,loss,player,New Orleans Saints,DEF,NO,,,,4.59,DEF-0023
2021,2266128,12,2021-11-24 05:00:19,drop,Nolan & Vinny,loss,player,Carson Wentz,QB,IND,,,,-3.8,00-0032950
2021,2266012,11,2021-11-21 20:30:32,add/drop,Chris & Dom,gain,player,Daniel Jones,QB,NYG,,,,-29.7,00-0035710
2021,2266012,11,2021-11-21 20:30:32,add/drop,Chris & Dom,loss,player,Tony Jones,RB,NO,,,,-25.08,00-0035860
2021,2266264,11,2021-11-21 14:36:30,add/drop,Team JoeBa,gain,player,Washington Commanders,DEF,WAS,,,,-6.18,DEF-0032
2021,2266264,11,2021-11-21 14:36:30,add/drop,Team JoeBa,loss,player,Devin Singletary,RB,BUF,,,,9.02,00-0035250
2021,2266181,11,2021-11-21 14:02:20,add/drop,Rob & GregBo,gain,player,Sammy Watkins,WR,BAL,,,,-21.91,00-0031325
2021,2266181,11,2021-11-21 14:02:20,add/drop,Rob & GregBo,loss,player,Boston Scott,RB,LAR,,,,-6.75,00-0034414
2021,2266182,11,2021-11-20 20:32:53,add/drop,Rob & GregBo,gain,player,Baltimore Ravens,DEF,BAL,,,,-2.47,DEF-0003
2021,2266182,11,2021-11-20 20:32:53,add/drop,Rob & GregBo,loss,player,Kenneth Gainwell,RB,PHI,,,,-16.55,00-0036919
2021,2266013,11,2021-11-20 19:41:22,add/drop,Chris & Dom,gain,player,Tony Jones,RB,NO,,,,-25.08,00-0035860
2021,2266013,11,2021-11-20 19:41:22,add/drop,Chris & Dom,loss,player,Baltimore Ravens,DEF,BAL,,,,-2.47,DEF-0003
2021,2266275,11,2021-11-20 13:51:22,add,Frank & Julian,gain,player,Adrian Peterson,RB,FA,,,,-22.28,00-0025394
2021,2266228,11,2021-11-20 04:01:32,drop,Cambrias,loss,player,Chris Carson,RB,SEA,,,,,00-0033594
2021,2266089,11,2021-11-19 22:01:30,add/drop,John Juliano,gain,player,Alex Collins,RB,FA,,,,-24.75,00-0032426
2021,2266089,11,2021-11-19 22:01:30,add/drop,John Juliano,loss,player,Jamal Agnew,WR,JAX,,,,-29.52,00-0033572
2021,2265942,11,2021-11-18 18:12:59,add/drop,Richie,gain,player,Los Angeles Chargers,DEF,LAC,,,,-1.65,DEF-0018
2021,2265942,11,2021-11-18 18:12:59,add/drop,Richie,loss,player,Denver Broncos,DEF,DEN,,,,-1.24,DEF-0010
2021,2265943,11,2021-11-18 18:10:42,add,Richie,gain,player,Cole Kmet,TE,CHI,,,,0,00-0036290
2021,2265944,11,2021-11-18 18:09:00,add/drop,Richie,gain,player,Chase McLaughlin,K,CLE,,,,-16.47,00-0035358
2021,2265944,11,2021-11-18 18:09:00,add/drop,Richie,loss,player,Matt Gay,K,LAR,,,,1.65,00-0035269
2021,2266160,11,2021-11-17 16:12:16,add/drop,Pung & Tralie,gain,player,Jimmy Garoppolo,QB,SF,,,,-2.05,00-0031345
2021,2266160,11,2021-11-17 16:12:16,add/drop,Pung & Tralie,loss,player,Nyheim Hines,RB,IND,,,,-14.04,00-0034367
2021,2266229,11,2021-11-17 13:16:47,add/drop,Cambrias,gain,player,Tua Tagovailoa,QB,MIA,,,,-7.52,00-0036212
2021,2266229,11,2021-11-17 13:16:47,add/drop,Cambrias,loss,player,Alex Collins,RB,FA,,,,-24.75,00-0032426
2021,2266090,11,2021-11-17 08:58:01,add/drop,John Juliano,gain,player,Philadelphia Eagles,DEF,PHI,,,,0,DEF-0026
2021,2266090,11,2021-11-17 08:58:01,add/drop,John Juliano,loss,player,Pittsburgh Steelers,DEF,PIT,,,,-2.47,DEF-0027
2021,2266014,11,2021-11-17 08:43:18,add/drop,Chris & Dom,gain,player,San Francisco 49ers,DEF,SF,,,,4.53,DEF-0028
2021,2266014,11,2021-11-17 08:43:18,add/drop,Chris & Dom,loss,player,Teddy Bridgewater,QB,DEN,,,,-19.22,00-0031237
2021,2266091,11,2021-11-17 08:43:18,add/drop,John Juliano,gain,player,Dustin Hopkins,K,WAS,,,,2.47,00-0030098
2021,2266091,11,2021-11-17 08:43:18,add/drop,John Juliano,loss,player,Matt Prater,K,ARI,,,,0,00-0023853
2021,2266092,11,2021-11-17 08:43:18,add/drop,John Juliano,gain,player,Jamal Agnew,WR,JAX,,,,-29.52,00-0033572
2021,2266092,11,2021-11-17 08:43:18,add/drop,John Juliano,loss,player,T.Y. Hilton,WR,FA,,,,-10.54,00-0029608
2021,2266093,11,2021-11-17 08:43:18,add/drop,John Juliano,gain,player,Kendrick Bourne,WR,NE,,,,-6.38,00-0033307
2021,2266093,11,2021-11-17 08:43:18,add/drop,John Juliano,loss,player,Ben Skowronek,WR,HOU,,,,-24.79,00-0036862
2021,2266161,11,2021-11-17 08:43:18,add/drop,Pung & Tralie,gain,player,Miami Dolphins,DEF,MIA,,,,10.29,DEF-0020
2021,2266161,11,2021-11-17 08:43:18,add/drop,Pung & Tralie,loss,player,Indianapolis Colts,DEF,IND,,,,2.88,DEF-0014
2021,2266162,11,2021-11-17 08:43:18,add/drop,Pung & Tralie,gain,player,D'Onta Foreman,RB,CLE,,,,1.52,00-0033925
2021,2266162,11,2021-11-17 08:43:18,add/drop,Pung & Tralie,loss,player,Adrian Peterson,RB,FA,,,,-22.28,00-0025394
2021,2266094,10,2021-11-15 05:17:25,add/drop,John Juliano,gain,player,Ben Skowronek,WR,HOU,,,,-31.53,00-0036862
2021,2266094,10,2021-11-15 05:17:25,add/drop,John Juliano,loss,player,Jeremy McNichols,RB,TEN,,,,-28.71,00-0033955
2021,2266183,10,2021-11-14 17:10:21,add/drop,Rob & GregBo,gain,player,Boston Scott,RB,LAR,,,,-6.02,00-0034414
2021,2266183,10,2021-11-14 17:10:21,add/drop,Rob & GregBo,loss,player,Jason Myers,K,SEA,,,,-7.53,00-0031492
2021,2266015,10,2021-11-14 16:59:35,add/drop,Chris & Dom,gain,player,Teddy Bridgewater,QB,DEN,,,,-22.44,00-0031237
2021,2266015,10,2021-11-14 16:59:35,add/drop,Chris & Dom,loss,player,Carlos Hyde,RB,JAX,,,,-30.54,00-0031045
2021,2266016,10,2021-11-14 16:39:30,add/drop,Chris & Dom,gain,player,Hunter Henry,TE,NE,,,,-0.66,00-0033090
2021,2266016,10,2021-11-14 16:39:30,add/drop,Chris & Dom,loss,player,Ricky Seals-Jones,TE,FA,,,,-21.84,00-0033611
2021,2266017,10,2021-11-14 15:17:55,add/drop,Chris & Dom,gain,player,Ricky Seals-Jones,TE,FA,,,,-21.84,00-0033611
2021,2266017,10,2021-11-14 15:17:55,add/drop,Chris & Dom,loss,player,Daniel Jones,QB,NYG,,,,-38.67,00-0035710
2021,2266276,10,2021-11-14 15:14:45,drop,Frank & Julian,loss,player,Jamaal Williams,RB,DET,,,,-15.29,00-0033948
2021,2266230,10,2021-11-14 13:36:20,add/drop,Cambrias,gain,player,Kadarius Toney,WR,NYG,,,,-31.76,00-0036913
2021,2266230,10,2021-11-14 13:36:20,add/drop,Cambrias,loss,player,Jamison Crowder,WR,WAS,,,,-18.02,00-0031941
2021,2266163,10,2021-11-14 13:34:38,add/drop,Pung & Tralie,gain,player,Nyheim Hines,RB,IND,,,,-17.93,00-0034367
2021,2266163,10,2021-11-14 13:34:38,add/drop,Pung & Tralie,loss,player,Kadarius Toney,WR,NYG,,,,-31.76,00-0036913
2021,2266206,10,2021-11-13 21:58:19,add/drop,Ronnie,gain,player,Mecole Hardman,WR,KC,,,,-20.8,00-0035140
2021,2266206,10,2021-11-13 21:58:19,add/drop,Ronnie,loss,player,Robert Woods,WR,LAR,,,,,00-0030431
2021,2266231,10,2021-11-13 17:46:15,add/drop,Cambrias,gain,player,Van Jefferson,WR,LAR,,,,-4.94,00-0036415
2021,2266231,10,2021-11-13 17:46:15,add/drop,Cambrias,loss,player,Hunter Henry,TE,NE,,,,-0.66,00-0033090
2021,2266232,10,2021-11-13 11:59:20,add/drop,Cambrias,gain,player,Jamison Crowder,WR,WAS,,,,-18.02,00-0031941
2021,2266232,10,2021-11-13 11:59:20,add/drop,Cambrias,loss,player,Jared Cook,TE,LAC,,,,-7.01,00-0027061
2021,2265945,10,2021-11-12 19:58:11,drop,Richie,loss,player,Taysom Hill,QB,NO,,,,-12.19,00-0033357
2021,2265946,10,2021-11-12 19:58:11,trade,Richie,loss,player,Deebo Samuel,WR,SF,,,,27.91,00-0035719
2021,2265946,10,2021-11-12 19:58:11,trade,Richie,loss,player,A.J. Green,WR,ARI,,,,-12.89,00-0027942
2021,2265946,10,2021-11-12 19:58:11,trade,Richie,gain,player,Diontae Johnson,WR,PIT,,,,27.01,00-0035216
2021,2265946,10,2021-11-12 19:58:11,trade,Richie,gain,player,DeVonta Smith,WR,PHI,,,,-4.94,00-0036912
2021,2266129,10,2021-11-12 19:58:11,trade,Nolan & Vinny,gain,player,Deebo Samuel,WR,SF,,,,27.91,00-0035719
2021,2266129,10,2021-11-12 19:58:11,trade,Nolan & Vinny,gain,player,A.J. Green,WR,ARI,,,,-12.89,00-0027942
2021,2266129,10,2021-11-12 19:58:11,trade,Nolan & Vinny,loss,player,Diontae Johnson,WR,PIT,,,,27.01,00-0035216
2021,2266129,10,2021-11-12 19:58:11,trade,Nolan & Vinny,loss,player,DeVonta Smith,WR,PHI,,,,-4.94,00-0036912
2021,2266184,10,2021-11-11 00:08:58,add/drop,Rob & GregBo,gain,player,Kenneth Gainwell,RB,PHI,,,,-21.98,00-0036919
2021,2266184,10,2021-11-11 00:08:58,add/drop,Rob & GregBo,loss,player,Nelson Agholor,WR,NE,,,,-25.04,00-0031549
2021,2266277,10,2021-11-10 17:22:23,add/drop,Frank & Julian,gain,player,Brandon Bolden,RB,NE,,,,-14.68,00-0029239
2021,2266277,10,2021-11-10 17:22:23,add/drop,Frank & Julian,loss,player,Derrick Gore,RB,FA,,,,-18.49,00-0035715
2021,2266278,10,2021-11-10 17:22:10,drop,Frank & Julian,loss,player,Khalil Herbert,RB,CHI,,,,-25.88,00-0036906
2021,2265947,10,2021-11-10 13:18:11,add/drop,Richie,gain,player,Mark Ingram,RB,HOU,,,,-14.96,00-0027966
2021,2265947,10,2021-11-10 13:18:11,add/drop,Richie,loss,player,Kenneth Gainwell,RB,PHI,,,,-21.98,00-0036919
2021,2265970,10,2021-11-10 12:30:48,add/drop,Antdell & Ernie,gain,player,Jordan Howard,RB,FA,,,,-21.32,00-0032780
2021,2265970,10,2021-11-10 12:30:48,add/drop,Antdell & Ernie,loss,player,Boston Scott,RB,LAR,,,,-6.02,00-0034414
2021,2265971,10,2021-11-10 12:29:50,add/drop,Antdell & Ernie,gain,player,Pat Freiermuth,TE,PIT,,,,0.66,00-0036894
2021,2265971,10,2021-11-10 12:29:50,add/drop,Antdell & Ernie,loss,player,Sony Michel,RB,LAR,,,,6.73,00-0034845
2021,2265972,10,2021-11-10 12:29:31,add/drop,Antdell & Ernie,gain,player,Chris Boswell,K,PIT,,,,7.06,00-0031136
2021,2265972,10,2021-11-10 12:29:31,add/drop,Antdell & Ernie,loss,player,Younghoe Koo,K,ATL,,,,-6.59,00-0033702
2021,2266233,10,2021-11-10 10:59:27,add/drop,Cambrias,gain,player,Daniel Carlson,K,LV,,,,6.12,00-0034161
2021,2266233,10,2021-11-10 10:59:27,add/drop,Cambrias,loss,player,Greg Zuerlein,K,DAL,,,,-0.47,00-0029621
2021,2266130,10,2021-11-10 09:29:04,add/drop,Nolan & Vinny,gain,player,Tennessee Titans,DEF,TEN,,,,0,DEF-0031
2021,2266130,10,2021-11-10 09:29:04,add/drop,Nolan & Vinny,loss,player,Miami Dolphins,DEF,MIA,,,,17.88,DEF-0020
2021,2265973,10,2021-11-10 08:22:18,add,Antdell & Ernie,gain,player,Eno Benjamin,RB,NO,,,,-32.56,00-0036383
2021,2266018,10,2021-11-10 08:22:18,add/drop,Chris & Dom,gain,player,Devonta Freeman,RB,FA,,,,6.49,00-0031285
2021,2266018,10,2021-11-10 08:22:18,add/drop,Chris & Dom,loss,player,Mecole Hardman,WR,KC,,,,-20.8,00-0035140
2021,2266019,10,2021-11-10 08:22:18,add/drop,Chris & Dom,gain,player,Baltimore Ravens,DEF,BAL,,,,-2.82,DEF-0003
2021,2266019,10,2021-11-10 08:22:18,add/drop,Chris & Dom,loss,player,Cincinnati Bengals,DEF,CIN,,,,0,DEF-0007
2021,2266063,10,2021-11-10 08:22:18,add/drop,Phil Baldino,gain,player,Elijah Moore,WR,NYJ,,,,-5.84,00-0036980
2021,2266063,10,2021-11-10 08:22:18,add/drop,Phil Baldino,loss,player,Michael Thomas,WR,FA,,,,,00-0032765
2021,2266095,10,2021-11-10 08:22:18,add/drop,John Juliano,gain,player,Donovan Peoples-Jones,WR,CLE,,,,-21.08,00-0036233
2021,2266095,10,2021-11-10 08:22:18,add/drop,John Juliano,loss,player,Darius Slayton,WR,NYG,,,,-30.4,00-0035535
2021,2266096,10,2021-11-10 08:22:18,add/drop,John Juliano,gain,player,Rhamondre Stevenson,RB,NE,,,,-0.47,00-0036875
2021,2266096,10,2021-11-10 08:22:18,add/drop,John Juliano,loss,player,Bryan Edwards,WR,LV,,,,-21.22,00-0036365
2021,2266131,10,2021-11-10 08:22:18,add,Nolan & Vinny,gain,player,Carson Wentz,QB,IND,,,,-10.37,00-0032950
2021,2266020,10,2021-11-09 17:42:39,drop,Chris & Dom,loss,player,C.J. Uzomah,TE,CIN,,,,-10.12,00-0032134
2021,2266132,10,2021-11-09 12:26:21,drop,Nolan & Vinny,loss,player,Evan McPherson,K,CIN,,,,10.82,00-0036854
2021,2265974,9,2021-11-08 17:51:21,drop,Antdell & Ernie,loss,player,Van Jefferson,WR,LAR,,,,-6.51,00-0036415
2021,2266021,9,2021-11-07 15:53:38,add/drop,Chris & Dom,gain,player,Daniel Jones,QB,NYG,,,,-45.55,00-0035710
2021,2266021,9,2021-11-07 15:53:38,add/drop,Chris & Dom,loss,player,Tua Tagovailoa,QB,MIA,,,,-14.79,00-0036212
2021,2266022,9,2021-11-07 14:59:53,add/drop,Chris & Dom,gain,player,Tua Tagovailoa,QB,MIA,,,,-14.79,00-0036212
2021,2266022,9,2021-11-07 14:59:53,add/drop,Chris & Dom,loss,player,Russell Gage,WR,ATL,,,,8.84,00-0034411
2021,2266023,9,2021-11-07 14:59:14,add/drop,Chris & Dom,gain,player,C.J. Uzomah,TE,CIN,,,,-12.49,00-0032134
2021,2266023,9,2021-11-07 14:59:14,add/drop,Chris & Dom,loss,player,Albert Okwuegbunam,TE,DEN,,,,-11.17,00-0036423
2021,2266024,9,2021-11-07 14:58:15,add,Chris & Dom,gain,player,Albert Okwuegbunam,TE,DEN,,,,-11.17,00-0036423
2021,2266025,9,2021-11-07 14:48:18,add,Chris & Dom,gain,player,Mecole Hardman,WR,KC,,,,-25.46,00-0035140
2021,2266279,9,2021-11-07 14:41:52,add/drop,Frank & Julian,gain,player,Dan Arnold,TE,CAR,,,,-24.56,00-0034011
2021,2266279,9,2021-11-07 14:41:52,add/drop,Frank & Julian,loss,player,C.J. Uzomah,TE,CIN,,,,-12.49,00-0032134
2021,2266133,9,2021-11-05 23:15:53,trade,Nolan & Vinny,loss,player,Christian McCaffrey,RB,CAR,,,,-8.95,00-0033280
2021,2266133,9,2021-11-05 23:15:53,trade,Nolan & Vinny,loss,player,Jerry Jeudy,WR,DEN,,,,-18.69,00-0036407
2021,2266133,9,2021-11-05 23:15:53,trade,Nolan & Vinny,loss,player,Chuba Hubbard,RB,CAR,,,,-21.71,00-0036555
2021,2266133,9,2021-11-05 23:15:53,trade,Nolan & Vinny,gain,player,Ja'Marr Chase,WR,CIN,,,,24.62,00-0036900
2021,2266133,9,2021-11-05 23:15:53,trade,Nolan & Vinny,gain,player,Darrel Williams,RB,KC,,,,10.59,00-0034301
2021,2266133,9,2021-11-05 23:15:53,trade,Nolan & Vinny,gain,player,Zack Moss,RB,CIN,,,,-31.61,00-0036251
2021,2266234,9,2021-11-05 23:15:53,trade,Cambrias,gain,player,Christian McCaffrey,RB,CAR,,,,-8.95,00-0033280
2021,2266234,9,2021-11-05 23:15:53,trade,Cambrias,gain,player,Jerry Jeudy,WR,DEN,,,,-18.69,00-0036407
2021,2266234,9,2021-11-05 23:15:53,trade,Cambrias,gain,player,Chuba Hubbard,RB,CAR,,,,-21.71,00-0036555
2021,2266234,9,2021-11-05 23:15:53,trade,Cambrias,loss,player,Ja'Marr Chase,WR,CIN,,,,24.62,00-0036900
2021,2266234,9,2021-11-05 23:15:53,trade,Cambrias,loss,player,Darrel Williams,RB,KC,,,,10.59,00-0034301
2021,2266234,9,2021-11-05 23:15:53,trade,Cambrias,loss,player,Zack Moss,RB,CIN,,,,-31.61,00-0036251
2021,2266235,9,2021-11-05 23:07:45,drop,Cambrias,loss,player,San Francisco 49ers,DEF,SF,,,,7.41,DEF-0028
2021,2266026,9,2021-11-05 20:10:12,drop,Chris & Dom,loss,player,Latavius Murray,RB,BAL,,,,-29.17,00-0030513
2021,2266027,9,2021-11-05 20:06:21,add/drop,Chris & Dom,gain,player,Russell Gage,WR,ATL,,,,8.84,00-0034411
2021,2266027,9,2021-11-05 20:06:21,add/drop,Chris & Dom,loss,player,Minnesota Vikings,DEF,MIN,,,,-2.65,DEF-0021
2021,2266280,9,2021-11-05 20:01:40,add,Frank & Julian,gain,player,Las Vegas Raiders,DEF,LV,,,,-21.18,DEF-0017
2021,2266281,9,2021-11-05 20:01:03,drop,Frank & Julian,loss,player,DeVante Parker,WR,MIA,,,,-30.49,00-0031547
2021,2266282,9,2021-11-05 15:33:57,add,Frank & Julian,gain,player,Brandon Aiyuk,WR,SF,,,,12.28,00-0036261
2021,2265975,9,2021-11-04 16:14:32,add/drop,Antdell & Ernie,gain,player,Van Jefferson,WR,LAR,,,,-6.51,00-0036415
2021,2265975,9,2021-11-04 16:14:32,add/drop,Antdell & Ernie,loss,player,Marlon Mack,RB,ARI,,,,,00-0033951
2021,2266236,9,2021-11-04 01:52:54,add,Cambrias,gain,player,Jared Cook,TE,LAC,,,,-6.67,00-0027061
2021,2266185,9,2021-11-03 19:17:44,add/drop,Rob & GregBo,gain,player,Nelson Agholor,WR,NE,,,,-32.88,00-0031549
2021,2266185,9,2021-11-03 19:17:44,add/drop,Rob & GregBo,loss,player,Henry Ruggs,WR,LV,,,,,00-0036357
2021,2266097,9,2021-11-03 18:20:49,add/drop,John Juliano,gain,player,Bryan Edwards,WR,LV,,,,-28.59,00-0036365
2021,2266097,9,2021-11-03 18:20:49,add/drop,John Juliano,loss,player,Kalif Raymond,WR,DET,,,,-29.44,00-0032464
2021,2266283,9,2021-11-03 16:28:06,add,Frank & Julian,gain,player,Derrick Gore,RB,FA,,,,-24.04,00-0035715
2021,2266284,9,2021-11-03 14:06:42,add,Frank & Julian,gain,player,Ty Johnson,RB,NYJ,,,,-14.93,00-0035537
2021,2266064,9,2021-11-03 14:06:01,add/drop,Phil Baldino,gain,player,Kenny Golladay,WR,NYG,,,,-29.38,00-0033932
2021,2266064,9,2021-11-03 14:06:01,add/drop,Phil Baldino,loss,player,Robert Tonyan,TE,GB,,,,,00-0033757
2021,2265948,9,2021-11-03 11:00:35,add/drop,Richie,gain,player,Taysom Hill,QB,NO,,,,-19.13,00-0033357
2021,2265948,9,2021-11-03 11:00:35,add/drop,Richie,loss,player,Deshaun Watson,QB,CLE,,,,,00-0033537
2021,2266028,9,2021-11-03 10:16:18,add/drop,Chris & Dom,gain,player,Carlos Hyde,RB,JAX,,,,-35.79,00-0031045
2021,2266028,9,2021-11-03 10:16:18,add/drop,Chris & Dom,loss,player,Ricky Seals-Jones,TE,FA,,,,-29.06,00-0033611
2021,2266134,9,2021-11-03 07:26:32,add/drop,Nolan & Vinny,gain,player,Evan McPherson,K,CIN,,,,11.12,00-0036854
2021,2266134,9,2021-11-03 07:26:32,add/drop,Nolan & Vinny,loss,player,Jared Cook,TE,LAC,,,,-6.67,00-0027061
2021,2265949,9,2021-11-03 07:26:31,add/drop,Richie,gain,player,Derek Carr,QB,LV,,,,-3.67,00-0031280
2021,2265949,9,2021-11-03 07:26:31,add/drop,Richie,loss,player,Teddy Bridgewater,QB,DEN,,,,-20,00-0031237
2021,2266029,9,2021-11-03 07:26:31,add/drop,Chris & Dom,gain,player,Hunter Renfrow,WR,LV,,,,30.76,00-0034983
2021,2266029,9,2021-11-03 07:26:31,add/drop,Chris & Dom,loss,player,Rashaad Penny,RB,SEA,,,,4.39,00-0034750
2021,2266098,9,2021-11-03 07:26:31,add/drop,John Juliano,gain,player,Jeremy McNichols,RB,TEN,,,,-33.62,00-0033955
2021,2266098,9,2021-11-03 07:26:31,add/drop,John Juliano,loss,player,Brandon Bolden,RB,NE,,,,-15.94,00-0029239
2021,2266135,9,2021-11-03 07:26:31,add/drop,Nolan & Vinny,gain,player,Miami Dolphins,DEF,MIA,,,,24.35,DEF-0020
2021,2266135,9,2021-11-03 07:26:31,add/drop,Nolan & Vinny,loss,player,Los Angeles Chargers,DEF,LAC,,,,-6.88,DEF-0018
2021,2266164,9,2021-11-03 07:26:31,add/drop,Pung & Tralie,gain,player,Adrian Peterson,RB,FA,,,,-31.45,00-0025394
2021,2266164,9,2021-11-03 07:26:31,add/drop,Pung & Tralie,loss,player,Randall Cobb,WR,GB,,,,-31.29,00-0028002
2021,2266186,9,2021-11-03 07:26:31,add/drop,Rob & GregBo,gain,player,Jake Elliott,K,PHI,,,,9,00-0033787
2021,2266186,9,2021-11-03 07:26:31,add/drop,Rob & GregBo,loss,player,Seattle Seahawks,DEF,SEA,,,,-7.94,DEF-0029
2021,2266285,9,2021-11-03 07:26:31,add,Frank & Julian,gain,player,DeVante Parker,WR,MIA,,,,-30.49,00-0031547
2021,2266286,9,2021-11-02 17:17:49,drop,Frank & Julian,loss,player,Daniel Jones,QB,NYG,,,,-45.55,00-0035710
2021,2266287,9,2021-11-02 12:58:47,drop,Frank & Julian,loss,player,Evan McPherson,K,CIN,,,,11.12,00-0036854
2021,2266288,8,2021-10-31 14:49:21,add/drop,Frank & Julian,gain,player,Daniel Jones,QB,NYG,,,,-48.68,00-0035710
2021,2266288,8,2021-10-31 14:49:21,add/drop,Frank & Julian,loss,player,Russell Gage,WR,ATL,,,,2.29,00-0034411
2021,2266207,8,2021-10-31 12:28:18,add/drop,Ronnie,gain,player,Tyler Conklin,TE,MIN,,,,4.47,00-0034270
2021,2266207,8,2021-10-31 12:28:18,add/drop,Ronnie,loss,player,Cole Kmet,TE,CHI,,,,0,00-0036290
2021,2266065,8,2021-10-30 09:14:14,add/drop,Phil Baldino,gain,player,David Johnson,RB,HOU,,,,-40.65,00-0032187
2021,2266065,8,2021-10-30 09:14:14,add/drop,Phil Baldino,loss,player,Robbie Chosen,WR,CAR,,,,-21.88,00-0032688
2021,2265950,8,2021-10-28 22:15:59,add/drop,Richie,gain,player,Teddy Bridgewater,QB,DEN,,,,-22.33,00-0031237
2021,2265950,8,2021-10-28 22:15:59,add/drop,Richie,loss,player,Tua Tagovailoa,QB,MIA,,,,-15.02,00-0036212
2021,2266165,8,2021-10-28 18:34:38,add,Pung & Tralie,gain,player,Randall Cobb,WR,GB,,,,-32.59,00-0028002
2021,2265976,8,2021-10-28 17:51:07,add/drop,Antdell & Ernie,gain,player,Boston Scott,RB,LAR,,,,-5.18,00-0034414
2021,2265976,8,2021-10-28 17:51:07,add/drop,Antdell & Ernie,loss,player,Marquez Valdes-Scantling,WR,GB,,,,-23.29,00-0034272
2021,2266099,8,2021-10-28 11:26:21,add/drop,John Juliano,gain,player,Kalif Raymond,WR,DET,,,,-40.24,00-0032464
2021,2266099,8,2021-10-28 11:26:21,add/drop,John Juliano,loss,player,Kendrick Bourne,WR,NE,,,,-5.59,00-0033307
2021,2266265,8,2021-10-28 03:16:14,add/drop,Team JoeBa,gain,player,Mason Crosby,K,GB,,,,-1.76,00-0025580
2021,2266265,8,2021-10-28 03:16:14,add/drop,Team JoeBa,loss,player,Brandon McManus,K,DEN,,,,-1.76,00-0029822
2021,2265951,8,2021-10-28 00:25:15,drop,Richie,loss,player,Tim Patrick,WR,DEN,,,,-27.71,00-0033375
2021,2265952,8,2021-10-28 00:25:15,trade,Richie,gain,player,J.D. McKissic,RB,WAS,,,,-24.24,00-0032602
2021,2265952,8,2021-10-28 00:25:15,trade,Richie,gain,player,Tee Higgins,WR,CIN,,,,29.12,00-0036410
2021,2265952,8,2021-10-28 00:25:15,trade,Richie,loss,player,Josh Jacobs,RB,LV,,,,19.53,00-0035700
2021,2266166,8,2021-10-28 00:25:15,trade,Pung & Tralie,loss,player,J.D. McKissic,RB,WAS,,,,-24.24,00-0032602
2021,2266166,8,2021-10-28 00:25:15,trade,Pung & Tralie,loss,player,Tee Higgins,WR,CIN,,,,29.12,00-0036410
2021,2266166,8,2021-10-28 00:25:15,trade,Pung & Tralie,gain,player,Josh Jacobs,RB,LV,,,,19.53,00-0035700
2021,2266136,8,2021-10-27 13:20:38,add/drop,Nolan & Vinny,gain,player,Christian Kirk,WR,ARI,,,,-0.93,00-0034775
2021,2266136,8,2021-10-27 13:20:38,add/drop,Nolan & Vinny,loss,player,Baltimore Ravens,DEF,BAL,,,,-12.94,DEF-0003
2021,2266289,8,2021-10-27 13:19:47,add/drop,Frank & Julian,gain,player,Evan McPherson,K,CIN,,,,14.71,00-0036854
2021,2266289,8,2021-10-27 13:19:47,add/drop,Frank & Julian,loss,player,Christian Kirk,WR,ARI,,,,-0.93,00-0034775
2021,2266137,8,2021-10-27 10:32:24,add/drop,Nolan & Vinny,gain,player,Los Angeles Chargers,DEF,LAC,,,,-9.41,DEF-0018
2021,2266137,8,2021-10-27 10:32:24,add/drop,Nolan & Vinny,loss,player,Mecole Hardman,WR,KC,,,,-29.18,00-0035140
2021,2266237,8,2021-10-27 10:30:29,add/drop,Cambrias,gain,player,San Francisco 49ers,DEF,SF,,,,8.24,DEF-0028
2021,2266237,8,2021-10-27 10:30:29,add/drop,Cambrias,loss,player,Hunter Renfrow,WR,LV,,,,26.65,00-0034983
2021,2265977,8,2021-10-27 10:05:46,add/drop,Antdell & Ernie,gain,player,Marquez Valdes-Scantling,WR,GB,,,,-23.29,00-0034272
2021,2265977,8,2021-10-27 10:05:46,add/drop,Antdell & Ernie,loss,player,Rondale Moore,WR,ARI,,,,-37.76,00-0036936
2021,2266187,8,2021-10-27 10:02:15,add/drop,Rob & GregBo,gain,player,Seattle Seahawks,DEF,SEA,,,,-4.71,DEF-0029
2021,2266187,8,2021-10-27 10:02:15,add/drop,Rob & GregBo,loss,player,Rhamondre Stevenson,RB,NE,,,,-1.35,00-0036875
2021,2266138,8,2021-10-27 07:25:50,add/drop,Nolan & Vinny,gain,player,Jared Cook,TE,LAC,,,,-7.18,00-0027061
2021,2266138,8,2021-10-27 07:25:50,add/drop,Nolan & Vinny,loss,player,Marquez Callaway,WR,NO,,,,-8.59,00-0036219
2021,2266238,8,2021-10-27 07:25:50,add/drop,Cambrias,gain,player,Greg Zuerlein,K,DAL,,,,-1.18,00-0029621
2021,2266238,8,2021-10-27 07:25:50,add/drop,Cambrias,loss,player,Daniel Carlson,K,LV,,,,8.24,00-0034161
2021,2265953,8,2021-10-27 07:25:49,add/drop,Richie,gain,player,Kenneth Gainwell,RB,PHI,,,,-32.76,00-0036919
2021,2265953,8,2021-10-27 07:25:49,add/drop,Richie,loss,player,Amon-Ra St. Brown,WR,DET,,,,28.12,00-0036963
2021,2266030,8,2021-10-27 07:25:49,add/drop,Chris & Dom,gain,player,Cincinnati Bengals,DEF,CIN,,,,-5.88,DEF-0007
2021,2266030,8,2021-10-27 07:25:49,add/drop,Chris & Dom,loss,player,Miami Dolphins,DEF,MIA,,,,23.53,DEF-0020
2021,2266100,8,2021-10-27 07:25:49,add/drop,John Juliano,gain,player,Kendrick Bourne,WR,NE,,,,-5.59,00-0033307
2021,2266100,8,2021-10-27 07:25:49,add/drop,John Juliano,loss,player,Donovan Peoples-Jones,WR,CLE,,,,-29.35,00-0036233
2021,2266101,8,2021-10-27 07:25:49,add/drop,John Juliano,gain,player,Brandon Bolden,RB,NE,,,,-21.47,00-0029239
2021,2266101,8,2021-10-27 07:25:49,add/drop,John Juliano,loss,player,New York Jets,DEF,NYJ,,,,-15.88,DEF-0025
2021,2266102,8,2021-10-27 07:25:49,add/drop,John Juliano,gain,player,Samaje Perine,RB,CIN,,,,-31.41,00-0033526
2021,2266102,8,2021-10-27 07:25:49,add/drop,John Juliano,loss,player,Derek Carr,QB,LV,,,,-11.61,00-0031280
2021,2266208,8,2021-10-27 07:25:49,add/drop,Ronnie,gain,player,Laviska Shenault,WR,JAX,,,,-29.29,00-0036268
2021,2266208,8,2021-10-27 07:25:49,add/drop,Ronnie,loss,player,Mason Crosby,K,GB,,,,-1.76,00-0025580
2021,2266290,8,2021-10-27 07:25:49,add,Frank & Julian,gain,player,C.J. Uzomah,TE,CIN,,,,-12,00-0032134
2021,2266291,8,2021-10-26 14:43:55,drop,Frank & Julian,loss,player,Jameis Winston,QB,NO,,,,-70.27,00-0031503
2021,2266292,8,2021-10-26 14:43:35,drop,Frank & Julian,loss,player,Will Fuller,WR,FA,,,,,00-0033127
2021,2266293,8,2021-10-26 13:53:08,drop,Frank & Julian,loss,player,Devonta Freeman,RB,FA,,,,7.12,00-0031285
2021,2266066,7,2021-10-25 21:04:55,drop,Phil Baldino,loss,player,San Francisco 49ers,DEF,SF,,,,7.12,DEF-0028
2021,2266294,7,2021-10-25 18:32:54,drop,Frank & Julian,loss,player,Sterling Shepard,WR,NYG,,,,-68.41,00-0032385
2021,2266295,7,2021-10-24 15:46:23,add,Frank & Julian,gain,player,Christian Kirk,WR,ARI,,,,0,00-0034775
2021,2266103,7,2021-10-24 15:38:41,add/drop,John Juliano,gain,player,Darius Slayton,WR,NYG,,,,-57.21,00-0035535
2021,2266103,7,2021-10-24 15:38:41,add/drop,John Juliano,loss,player,Christian Kirk,WR,ARI,,,,0,00-0034775
2021,2266296,7,2021-10-24 12:54:30,add/drop,Frank & Julian,gain,player,Russell Gage,WR,ATL,,,,4.65,00-0034411
2021,2266296,7,2021-10-24 12:54:30,add/drop,Frank & Julian,loss,player,Damien Williams,RB,CHI,,,,-65.87,00-0030874
2021,2266104,7,2021-10-24 12:52:50,add/drop,John Juliano,gain,player,New York Jets,DEF,NYJ,,,,-23.94,DEF-0025
2021,2266104,7,2021-10-24 12:52:50,add/drop,John Juliano,loss,player,Trey Sermon,RB,IND,,,,-65.94,00-0036984
2021,2266297,7,2021-10-24 12:48:25,drop,Frank & Julian,loss,player,Josh Gordon,WR,FA,,,,-70.09,00-0029664
2021,2266067,7,2021-10-24 12:43:34,add/drop,Phil Baldino,gain,player,Robert Tonyan,TE,GB,,,,-39.6,00-0033757
2021,2266067,7,2021-10-24 12:43:34,add/drop,Phil Baldino,loss,player,DeVante Parker,WR,MIA,,,,-43.56,00-0031547
2021,2266068,7,2021-10-24 11:30:19,add,Phil Baldino,gain,player,Robbie Chosen,WR,CAR,,,,-29.91,00-0032688
2021,2266298,7,2021-10-21 17:39:00,add,Frank & Julian,gain,player,Devonta Freeman,RB,FA,,,,7.51,00-0031285
2021,2266239,7,2021-10-21 15:24:23,drop,Cambrias,loss,player,Samaje Perine,RB,CIN,,,,-33.84,00-0033526
2021,2265978,7,2021-10-21 12:13:43,drop,Antdell & Ernie,loss,player,Chris Boswell,K,PIT,,,,11.65,00-0031136
2021,2265979,7,2021-10-21 12:13:29,add,Antdell & Ernie,gain,player,Younghoe Koo,K,ATL,,,,0.65,00-0033702
2021,2265980,7,2021-10-21 11:43:12,drop,Antdell & Ernie,loss,player,Younghoe Koo,K,ATL,,,,0.65,00-0033702
2021,2266188,7,2021-10-21 05:58:22,add/drop,Rob & GregBo,gain,player,Rhamondre Stevenson,RB,NE,,,,-10.16,00-0036875
2021,2266188,7,2021-10-21 05:58:22,add/drop,Rob & GregBo,loss,player,Nyheim Hines,RB,IND,,,,-25.95,00-0034367
2021,2266189,7,2021-10-21 05:52:13,add/drop,Rob & GregBo,gain,player,Matt Ryan,QB,ATL,,,,-15.22,00-0026143
2021,2266189,7,2021-10-21 05:52:13,add/drop,Rob & GregBo,loss,player,Teddy Bridgewater,QB,DEN,,,,-26.01,00-0031237
2021,2265954,7,2021-10-20 20:35:40,add/drop,Richie,gain,player,Deshaun Watson,QB,CLE,,,,,00-0033537
2021,2265954,7,2021-10-20 20:35:40,add/drop,Richie,loss,player,Trey Lance,QB,SF,,,,-81.7,00-0037012
2021,2266167,7,2021-10-20 15:10:37,add/drop,Pung & Tralie,gain,player,Randy Bullock,K,FA,,,,-1.94,00-0029421
2021,2266167,7,2021-10-20 15:10:37,add/drop,Pung & Tralie,loss,player,Greg Joseph,K,MIN,,,,5.18,00-0034450
2021,2266190,7,2021-10-20 14:49:41,add/drop,Rob & GregBo,gain,player,Teddy Bridgewater,QB,DEN,,,,-26.01,00-0031237
2021,2266190,7,2021-10-20 14:49:41,add/drop,Rob & GregBo,loss,player,Baker Mayfield,QB,CLE,,,,-36.48,00-0034855
2021,2266299,7,2021-10-20 14:10:00,add/drop,Frank & Julian,gain,player,Jameis Winston,QB,NO,,,,-76.74,00-0031503
2021,2266299,7,2021-10-20 14:10:00,add/drop,Frank & Julian,loss,player,Jared Cook,TE,LAC,,,,-13.91,00-0027061
2021,2265981,7,2021-10-20 12:13:28,add,Antdell & Ernie,gain,player,Younghoe Koo,K,ATL,,,,0.65,00-0033702
2021,2266069,7,2021-10-20 11:53:21,add/drop,Phil Baldino,gain,player,DeVante Parker,WR,MIA,,,,-43.56,00-0031547
2021,2266069,7,2021-10-20 11:53:21,add/drop,Phil Baldino,loss,player,Ronald Jones,RB,TB,,,,-33.19,00-0034816
2021,2266070,7,2021-10-20 11:47:23,add/drop,Phil Baldino,gain,player,Nick Folk,K,NE,,,,16.82,00-0025565
2021,2266070,7,2021-10-20 11:47:23,add/drop,Phil Baldino,loss,player,Greg Zuerlein,K,DAL,,,,-5.82,00-0029621
2021,2266191,7,2021-10-20 09:25:27,add/drop,Rob & GregBo,gain,player,Baker Mayfield,QB,CLE,,,,-36.48,00-0034855
2021,2266191,7,2021-10-20 09:25:27,add/drop,Rob & GregBo,loss,player,Teddy Bridgewater,QB,DEN,,,,-26.01,00-0031237
2021,2266105,7,2021-10-20 09:15:22,add/drop,John Juliano,gain,player,Donovan Peoples-Jones,WR,CLE,,,,-40.97,00-0036233
2021,2266105,7,2021-10-20 09:15:22,add/drop,John Juliano,loss,player,Kenny Golladay,WR,NYG,,,,-52.88,00-0033932
2021,2265955,7,2021-10-20 08:52:15,add/drop,Richie,gain,player,Tim Patrick,WR,DEN,,,,-36.83,00-0033375
2021,2265955,7,2021-10-20 08:52:15,add/drop,Richie,loss,player,Kenneth Gainwell,RB,PHI,,,,-35.59,00-0036919
2021,2266139,7,2021-10-20 07:38:11,add/drop,Nolan & Vinny,gain,player,Marquez Callaway,WR,NO,,,,-14.12,00-0036219
2021,2266139,7,2021-10-20 07:38:11,add/drop,Nolan & Vinny,loss,player,Cincinnati Bengals,DEF,CIN,,,,-7.12,DEF-0007
2021,2265956,7,2021-10-20 07:24:54,add/drop,Richie,gain,player,Tua Tagovailoa,QB,MIA,,,,-9.72,00-0036212
2021,2265956,7,2021-10-20 07:24:54,add/drop,Richie,loss,player,Taylor Heinicke,QB,WAS,,,,-17.51,00-0031800
2021,2266031,7,2021-10-20 07:24:54,add/drop,Chris & Dom,gain,player,Rashaad Penny,RB,SEA,,,,-8.09,00-0034750
2021,2266031,7,2021-10-20 07:24:54,add/drop,Chris & Dom,loss,player,Ty'Son Williams,RB,BAL,,,,-66.58,00-0036457
2021,2266106,7,2021-10-20 07:24:54,add/drop,John Juliano,gain,player,Christian Kirk,WR,ARI,,,,0,00-0034775
2021,2266106,7,2021-10-20 07:24:54,add/drop,John Juliano,loss,player,Laviska Shenault,WR,JAX,,,,-40.91,00-0036268
2021,2266107,7,2021-10-20 07:24:54,add/drop,John Juliano,gain,player,Derek Carr,QB,LV,,,,-10.83,00-0031280
2021,2266107,7,2021-10-20 07:24:54,add/drop,John Juliano,loss,player,Brandon Bolden,RB,NE,,,,-19.41,00-0029239
2021,2266140,7,2021-10-20 07:24:54,add,Nolan & Vinny,gain,player,Mecole Hardman,WR,KC,,,,-37.67,00-0035140
2021,2266209,7,2021-10-20 07:24:54,add/drop,Ronnie,gain,player,Cole Kmet,TE,CHI,,,,0,00-0036290
2021,2266209,7,2021-10-20 07:24:54,add/drop,Ronnie,loss,player,Dan Arnold,TE,CAR,,,,-29.12,00-0034011
2021,2266210,7,2021-10-20 07:24:54,add/drop,Ronnie,gain,player,New Orleans Saints,DEF,NO,,,,8.41,DEF-0023
2021,2266210,7,2021-10-20 07:24:54,add/drop,Ronnie,loss,player,Tim Patrick,WR,DEN,,,,-36.83,00-0033375
2021,2266211,7,2021-10-20 07:24:54,add/drop,Ronnie,gain,player,Mason Crosby,K,GB,,,,-2.59,00-0025580
2021,2266211,7,2021-10-20 07:24:54,add/drop,Ronnie,loss,player,K.J. Osborn,WR,MIN,,,,-26.61,00-0036345
2021,2266212,7,2021-10-20 07:24:54,add/drop,Ronnie,gain,player,Rashod Bateman,WR,BAL,,,,-18.13,00-0036550
2021,2266212,7,2021-10-20 07:24:54,add/drop,Ronnie,loss,player,Brandon Aiyuk,WR,SF,,,,6.07,00-0036261
2021,2266266,7,2021-10-20 07:24:54,add/drop,Team JoeBa,gain,player,Kenyan Drake,RB,LV,,,,-38.63,00-0033118
2021,2266266,7,2021-10-20 07:24:54,add/drop,Team JoeBa,loss,player,Younghoe Koo,K,ATL,,,,0.65,00-0033702
2021,2266108,6,2021-10-18 14:39:45,drop,John Juliano,loss,player,Rashod Bateman,WR,BAL,,,,-20.12,00-0036550
2021,2266192,6,2021-10-17 16:48:15,add/drop,Rob & GregBo,gain,player,Teddy Bridgewater,QB,DEN,,,,-26.41,00-0031237
2021,2266192,6,2021-10-17 16:48:15,add/drop,Rob & GregBo,loss,player,Trevor Lawrence,QB,JAX,,,,-37.85,00-0036971
2021,2265957,6,2021-10-17 16:45:50,add/drop,Richie,gain,player,D'Ernest Johnson,RB,JAX,,,,-20.61,00-0035628
2021,2265957,6,2021-10-17 16:45:50,add/drop,Richie,loss,player,Jamison Crowder,WR,WAS,,,,-34.02,00-0031941
2021,2266193,6,2021-10-17 14:57:28,add/drop,Rob & GregBo,gain,player,Nyheim Hines,RB,IND,,,,-28.66,00-0034367
2021,2266193,6,2021-10-17 14:57:28,add/drop,Rob & GregBo,loss,player,Mark Ingram,RB,HOU,,,,-22.94,00-0027966
2021,2266032,6,2021-10-17 13:01:02,add/drop,Chris & Dom,gain,player,Cole Beasley,WR,BUF,,,,-16.31,00-0029000
2021,2266032,6,2021-10-17 13:01:02,add/drop,Chris & Dom,loss,player,Olamide Zaccheaus,WR,WAS,,,,-48.42,00-0035208
2021,2266213,6,2021-10-17 04:46:39,add/drop,Ronnie,gain,player,Dan Arnold,TE,CAR,,,,-34.38,00-0034011
2021,2266213,6,2021-10-17 04:46:39,add/drop,Ronnie,loss,player,Robert Tonyan,TE,GB,,,,-47.01,00-0033757
2021,2266141,6,2021-10-16 17:54:44,drop,Nolan & Vinny,loss,player,Cole Beasley,WR,BUF,,,,-16.31,00-0029000
2021,2266109,6,2021-10-16 13:08:16,add/drop,John Juliano,gain,player,Brandon Bolden,RB,NE,,,,-22.94,00-0029239
2021,2266109,6,2021-10-16 13:08:16,add/drop,John Juliano,loss,player,Matt Ryan,QB,ATL,,,,-27.53,00-0026143
2021,2265982,6,2021-10-15 19:58:26,add/drop,Antdell & Ernie,gain,player,Chris Boswell,K,PIT,,,,16.24,00-0031136
2021,2265982,6,2021-10-15 19:58:26,add/drop,Antdell & Ernie,loss,player,Rodrigo Blankenship,K,IND,,,,,00-0035849
2021,2266194,6,2021-10-15 19:39:19,add/drop,Rob & GregBo,gain,player,Mark Ingram,RB,HOU,,,,-22.94,00-0027966
2021,2266194,6,2021-10-15 19:39:19,add/drop,Rob & GregBo,loss,player,James White,RB,NE,,,,,00-0031062
2021,2266110,6,2021-10-15 01:03:26,drop,John Juliano,loss,player,Robbie Chosen,WR,CAR,,,,-30.71,00-0032688
2021,2266142,6,2021-10-14 23:19:44,drop,Nolan & Vinny,loss,player,Chicago Bears,DEF,CHI,,,,-12,DEF-0006
2021,2266071,6,2021-10-14 22:51:21,drop,Phil Baldino,loss,player,Rhamondre Stevenson,RB,NE,,,,-2.96,00-0036875
2021,2265958,6,2021-10-14 21:44:25,add/drop,Richie,gain,player,Taylor Heinicke,QB,WAS,,,,-23.48,00-0031800
2021,2265958,6,2021-10-14 21:44:25,add/drop,Richie,loss,player,Sam Darnold,QB,CAR,,,,-84.3,00-0034869
2021,2266111,6,2021-10-14 11:40:47,add,John Juliano,gain,player,Robbie Chosen,WR,CAR,,,,-30.71,00-0032688
2021,2266143,6,2021-10-13 18:20:39,add,Nolan & Vinny,gain,player,Cincinnati Bengals,DEF,CIN,,,,-4.94,DEF-0007
2021,2266240,6,2021-10-13 17:47:48,add/drop,Cambrias,gain,player,Dallas Cowboys,DEF,DAL,,,,40.94,DEF-0009
2021,2266240,6,2021-10-13 17:47:48,add/drop,Cambrias,loss,player,Cincinnati Bengals,DEF,CIN,,,,-4.94,DEF-0007
2021,2266112,6,2021-10-13 17:29:21,add/drop,John Juliano,gain,player,T.Y. Hilton,WR,FA,,,,-42.07,00-0029608
2021,2266112,6,2021-10-13 17:29:21,add/drop,John Juliano,loss,player,Dallas Cowboys,DEF,DAL,,,,40.94,DEF-0009
2021,2266033,6,2021-10-13 16:20:38,add/drop,Chris & Dom,gain,player,Miami Dolphins,DEF,MIA,,,,26.82,DEF-0020
2021,2266033,6,2021-10-13 16:20:38,add/drop,Chris & Dom,loss,player,Washington Commanders,DEF,WAS,,,,-12.71,DEF-0032
2021,2266034,6,2021-10-13 11:31:03,add/drop,Chris & Dom,gain,player,Ricky Seals-Jones,TE,FA,,,,-32.89,00-0033611
2021,2266034,6,2021-10-13 11:31:03,add/drop,Chris & Dom,loss,player,Cameron Brate,TE,FA,,,,-24.64,00-0031273
2021,2265959,6,2021-10-13 09:06:59,add/drop,Richie,gain,player,A.J. Green,WR,ARI,,,,-22.16,00-0027942
2021,2265959,6,2021-10-13 09:06:59,add/drop,Richie,loss,player,Nyheim Hines,RB,IND,,,,-28.66,00-0034367
2021,2265960,6,2021-10-13 07:27:13,add/drop,Richie,gain,player,Amon-Ra St. Brown,WR,DET,,,,25.84,00-0036963
2021,2265960,6,2021-10-13 07:27:13,add/drop,Richie,loss,player,Robbie Chosen,WR,CAR,,,,-30.71,00-0032688
2021,2266113,6,2021-10-13 07:27:13,add/drop,John Juliano,gain,player,Matt Ryan,QB,ATL,,,,-27.53,00-0026143
2021,2266113,6,2021-10-13 07:27:13,add/drop,John Juliano,loss,player,Derek Carr,QB,LV,,,,-7.54,00-0031280
2021,2266195,6,2021-10-13 07:27:13,add/drop,Rob & GregBo,gain,player,Zach Ertz,TE,PHI,,,,25.06,00-0030061
2021,2266195,6,2021-10-13 07:27:13,add/drop,Rob & GregBo,loss,player,JuJu Smith-Schuster,WR,PIT,,,,,00-0033857
2021,2266241,6,2021-10-13 07:27:13,add,Cambrias,gain,player,Cincinnati Bengals,DEF,CIN,,,,-4.94,DEF-0007
2021,2266267,6,2021-10-13 07:27:13,add/drop,Team JoeBa,gain,player,Brandon McManus,K,DEN,,,,-7.06,00-0029822
2021,2266267,6,2021-10-13 07:27:13,add/drop,Team JoeBa,loss,player,Sammy Watkins,WR,BAL,,,,-73.84,00-0031325
2021,2266035,6,2021-10-13 07:27:12,add,Chris & Dom,gain,player,Devontae Booker,RB,NYG,,,,0,00-0032972
2021,2266168,6,2021-10-13 07:27:12,add/drop,Pung & Tralie,gain,player,Kadarius Toney,WR,NYG,,,,-66.59,00-0036913
2021,2266168,6,2021-10-13 07:27:12,add/drop,Pung & Tralie,loss,player,A.J. Green,WR,ARI,,,,-22.16,00-0027942
2021,2266242,6,2021-10-13 07:27:12,add,Cambrias,gain,player,Darrel Williams,RB,KC,,,,30.21,00-0034301
2021,2266243,6,2021-10-12 12:41:46,drop,Cambrias,loss,player,Tyler Conklin,TE,MIN,,,,0,00-0034270
2021,2266244,5,2021-10-09 21:18:51,add,Cambrias,gain,player,Hunter Henry,TE,NE,,,,13.84,00-0033090
2021,2265983,5,2021-10-08 22:21:21,add/drop,Antdell & Ernie,gain,player,Ryan Tannehill,QB,TEN,,,,0.89,00-0029701
2021,2265983,5,2021-10-08 22:21:21,add/drop,Antdell & Ernie,loss,player,Bryan Edwards,WR,LV,,,,-56.36,00-0036365
2021,2266245,5,2021-10-08 20:35:44,add/drop,Cambrias,gain,player,Tyler Conklin,TE,MIN,,,,-0.15,00-0034270
2021,2266245,5,2021-10-08 20:35:44,add/drop,Cambrias,loss,player,Ryan Tannehill,QB,TEN,,,,0.89,00-0029701
2021,2266268,5,2021-10-08 12:41:24,add/drop,Team JoeBa,gain,player,Evan Engram,TE,JAX,,,,-5.28,00-0033881
2021,2266268,5,2021-10-08 12:41:24,add/drop,Team JoeBa,loss,player,Quez Watkins,WR,PHI,,,,-57.66,00-0036271
2021,2266300,5,2021-10-07 22:39:22,add/drop,Frank & Julian,gain,player,Jared Cook,TE,LAC,,,,-13.92,00-0027061
2021,2266300,5,2021-10-07 22:39:22,add/drop,Frank & Julian,loss,player,Kansas City Chiefs,DEF,KC,,,,19.88,DEF-0016
2021,2266036,5,2021-10-07 17:40:24,add,Chris & Dom,gain,player,Olamide Zaccheaus,WR,WAS,,,,-58.81,00-0035208
2021,2266037,5,2021-10-07 16:00:24,trade,Chris & Dom,gain,player,DeAndre Hopkins,WR,ARI,,,,-38.54,00-0030564
2021,2266037,5,2021-10-07 16:00:24,trade,Chris & Dom,gain,player,Mike Davis,RB,ATL,,,,-26.15,00-0032063
2021,2266037,5,2021-10-07 16:00:24,trade,Chris & Dom,gain,player,Harrison Butker,K,KC,,,,4.59,00-0033303
2021,2266037,5,2021-10-07 16:00:24,trade,Chris & Dom,loss,player,James Robinson,RB,JAX,,,,-11.78,00-0035831
2021,2266037,5,2021-10-07 16:00:24,trade,Chris & Dom,loss,player,Odell Beckham,WR,MIA,,,,-25.69,00-0031235
2021,2266037,5,2021-10-07 16:00:24,trade,Chris & Dom,loss,player,Justin Tucker,K,BAL,,,,6.88,00-0029597
2021,2266037,5,2021-10-07 16:00:24,trade,Chris & Dom,loss,player,Jamaal Williams,RB,DET,,,,-49.63,00-0033948
2021,2266301,5,2021-10-07 16:00:24,trade,Frank & Julian,loss,player,DeAndre Hopkins,WR,ARI,,,,-38.54,00-0030564
2021,2266301,5,2021-10-07 16:00:24,trade,Frank & Julian,loss,player,Mike Davis,RB,ATL,,,,-26.15,00-0032063
2021,2266301,5,2021-10-07 16:00:24,trade,Frank & Julian,loss,player,Harrison Butker,K,KC,,,,4.59,00-0033303
2021,2266301,5,2021-10-07 16:00:24,trade,Frank & Julian,gain,player,James Robinson,RB,JAX,,,,-11.78,00-0035831
2021,2266301,5,2021-10-07 16:00:24,trade,Frank & Julian,gain,player,Odell Beckham,WR,MIA,,,,-25.69,00-0031235
2021,2266301,5,2021-10-07 16:00:24,trade,Frank & Julian,gain,player,Justin Tucker,K,BAL,,,,6.88,00-0029597
2021,2266301,5,2021-10-07 16:00:24,trade,Frank & Julian,gain,player,Jamaal Williams,RB,DET,,,,-49.63,00-0033948
2021,2266169,5,2021-10-07 12:53:07,add/drop,Pung & Tralie,gain,player,A.J. Green,WR,ARI,,,,-31.66,00-0027942
2021,2266169,5,2021-10-07 12:53:07,add/drop,Pung & Tralie,loss,player,Marquez Callaway,WR,NO,,,,-13,00-0036219
2021,2265984,5,2021-10-07 12:28:08,add/drop,Antdell & Ernie,gain,player,Marlon Mack,RB,ARI,,,,-89.85,00-0033951
2021,2265984,5,2021-10-07 12:28:08,add/drop,Antdell & Ernie,loss,player,Las Vegas Raiders,DEF,LV,,,,-30.59,DEF-0017
2021,2266072,5,2021-10-06 23:20:05,add/drop,Phil Baldino,gain,player,Arizona Cardinals,DEF,ARI,,,,-4.59,DEF-0001
2021,2266072,5,2021-10-06 23:20:05,add/drop,Phil Baldino,loss,player,New Orleans Saints,DEF,NO,,,,7.65,DEF-0023
2021,2266073,5,2021-10-06 18:15:31,add,Phil Baldino,gain,player,Ronald Jones,RB,TB,,,,-45.81,00-0034816
2021,2266302,5,2021-10-06 14:37:28,add/drop,Frank & Julian,gain,player,Khalil Herbert,RB,CHI,,,,-37.01,00-0036906
2021,2266302,5,2021-10-06 14:37:28,add/drop,Frank & Julian,loss,player,Mark Ingram,RB,HOU,,,,-31.96,00-0027966
2021,2265985,5,2021-10-06 11:39:20,add/drop,Antdell & Ernie,gain,player,Carolina Panthers,DEF,CAR,,,,-11.47,DEF-0005
2021,2265985,5,2021-10-06 11:39:20,add/drop,Antdell & Ernie,loss,player,A.J. Green,WR,ARI,,,,-31.66,00-0027942
2021,2265986,5,2021-10-06 11:38:02,add/drop,Antdell & Ernie,gain,player,A.J. Green,WR,ARI,,,,-31.66,00-0027942
2021,2265986,5,2021-10-06 11:38:02,add/drop,Antdell & Ernie,loss,player,J.J. Taylor,RB,HOU,,,,-83.2,00-0036096
2021,2265961,5,2021-10-06 07:24:32,add,Richie,gain,player,Jamison Crowder,WR,WAS,,,,-39.84,00-0031941
2021,2265987,5,2021-10-06 07:24:32,add/drop,Antdell & Ernie,gain,player,Las Vegas Raiders,DEF,LV,,,,-30.59,DEF-0017
2021,2265987,5,2021-10-06 07:24:32,add/drop,Antdell & Ernie,loss,player,Tennessee Titans,DEF,TEN,,,,23.71,DEF-0031
2021,2266038,5,2021-10-06 07:24:32,add/drop,Chris & Dom,gain,player,Minnesota Vikings,DEF,MIN,,,,0,DEF-0021
2021,2266038,5,2021-10-06 07:24:32,add/drop,Chris & Dom,loss,player,Cincinnati Bengals,DEF,CIN,,,,-6.88,DEF-0007
2021,2266114,5,2021-10-06 07:24:32,add/drop,John Juliano,gain,player,Matt Prater,K,ARI,,,,1.53,00-0023853
2021,2266114,5,2021-10-06 07:24:32,add/drop,John Juliano,loss,player,Brandon McManus,K,DEN,,,,-9.94,00-0029822
2021,2266144,5,2021-10-06 07:24:32,add/drop,Nolan & Vinny,gain,player,Dawson Knox,TE,BUF,,,,2.98,00-0035689
2021,2266144,5,2021-10-06 07:24:32,add/drop,Nolan & Vinny,loss,player,Zach Pascal,WR,IND,,,,-73.34,00-0033251
2021,2266246,5,2021-10-06 07:24:32,add,Cambrias,gain,player,Hunter Renfrow,WR,LV,,,,33.04,00-0034983
2021,2266247,5,2021-10-06 07:24:32,add,Cambrias,gain,player,Samaje Perine,RB,CIN,,,,-39.08,00-0033526
2021,2266248,5,2021-10-06 07:24:32,add,Cambrias,gain,player,Alex Collins,RB,FA,,,,-57.96,00-0032426
2021,2266269,5,2021-10-06 07:24:32,add/drop,Team JoeBa,gain,player,Quez Watkins,WR,PHI,,,,-57.66,00-0036271
2021,2266269,5,2021-10-06 07:24:32,add/drop,Team JoeBa,loss,player,Elijah Moore,WR,NYJ,,,,-12.62,00-0036980
2021,2266303,5,2021-10-06 07:24:32,add/drop,Frank & Julian,gain,player,Damien Williams,RB,CHI,,,,-78.38,00-0030874
2021,2266303,5,2021-10-06 07:24:32,add/drop,Frank & Julian,loss,player,Ronald Jones,RB,TB,,,,-45.81,00-0034816
2021,2266249,5,2021-10-05 19:55:18,drop,Cambrias,loss,player,Kenyan Drake,RB,LV,,,,-41.6,00-0033118
2021,2266250,5,2021-10-05 19:54:38,drop,Cambrias,loss,player,Christian Kirk,WR,ARI,,,,6.74,00-0034775
2021,2266251,5,2021-10-05 19:54:09,drop,Cambrias,loss,player,Miami Dolphins,DEF,MIA,,,,22.94,DEF-0020
2021,2265962,4,2021-10-04 23:26:33,drop,Richie,loss,player,Tony Jones,RB,NO,,,,-103.02,00-0035860
2021,2266170,4,2021-10-03 15:26:23,add/drop,Pung & Tralie,gain,player,Greg Joseph,K,MIN,,,,7.41,00-0034450
2021,2266170,4,2021-10-03 15:26:23,add/drop,Pung & Tralie,loss,player,Nick Folk,K,NE,,,,19.76,00-0025565
2021,2265988,4,2021-10-02 19:09:27,add/drop,Antdell & Ernie,gain,player,J.J. Taylor,RB,HOU,,,,-97.26,00-0036096
2021,2265988,4,2021-10-02 19:09:27,add/drop,Antdell & Ernie,loss,player,Marquez Valdes-Scantling,WR,GB,,,,-68.02,00-0034272
2021,2266039,4,2021-10-01 20:25:48,add/drop,Chris & Dom,gain,player,Cameron Brate,TE,FA,,,,-42.99,00-0031273
2021,2266039,4,2021-10-01 20:25:48,add/drop,Chris & Dom,loss,player,Carolina Panthers,DEF,CAR,,,,-23.06,DEF-0005
2021,2266270,4,2021-10-01 14:50:32,add,Team JoeBa,gain,player,Sammy Watkins,WR,BAL,,,,-92.56,00-0031325
2021,2266271,4,2021-10-01 14:48:29,drop,Team JoeBa,loss,player,D.J. Chark,WR,JAX,,,,,00-0034777
2021,2266252,4,2021-09-29 11:31:36,add/drop,Cambrias,gain,player,Miami Dolphins,DEF,MIA,,,,20.59,DEF-0020
2021,2266252,4,2021-09-29 11:31:36,add/drop,Cambrias,loss,player,Giovani Bernard,RB,TB,,,,-83.67,00-0030456
2021,2266115,4,2021-09-29 10:03:07,add/drop,John Juliano,gain,player,Brandon McManus,K,DEN,,,,-17.29,00-0029822
2021,2266115,4,2021-09-29 10:03:07,add/drop,John Juliano,loss,player,Robbie Gould,K,SF,,,,-23.06,00-0023252
2021,2266116,4,2021-09-29 09:38:17,add,John Juliano,gain,player,Dallas Cowboys,DEF,DAL,,,,51.06,DEF-0009
2021,2266117,4,2021-09-29 09:36:10,add/drop,John Juliano,gain,player,Rashod Bateman,WR,BAL,,,,-41.75,00-0036550
2021,2266117,4,2021-09-29 09:36:10,add/drop,John Juliano,loss,player,Nelson Agholor,WR,NE,,,,-63.33,00-0031549
2021,2265963,4,2021-09-29 08:10:35,add/drop,Richie,gain,player,Sam Darnold,QB,CAR,,,,-95.07,00-0034869
2021,2265963,4,2021-09-29 08:10:35,add/drop,Richie,loss,player,Daniel Jones,QB,NYG,,,,-77.99,00-0035710
2021,2266253,4,2021-09-29 07:25:00,add/drop,Cambrias,gain,player,Giovani Bernard,RB,TB,,,,-83.67,00-0030456
2021,2266253,4,2021-09-29 07:25:00,add/drop,Cambrias,loss,player,Larry Rountree,RB,LAC,,,,-100.47,00-0036650
2021,2266040,4,2021-09-29 07:24:59,add/drop,Chris & Dom,gain,player,Cincinnati Bengals,DEF,CIN,,,,-14,DEF-0007
2021,2266040,4,2021-09-29 07:24:59,add/drop,Chris & Dom,loss,player,Jimmy Garoppolo,QB,SF,,,,-23.95,00-0031345
2021,2266074,4,2021-09-29 07:24:59,add/drop,Phil Baldino,gain,player,Emmanuel Sanders,WR,BUF,,,,-49.99,00-0027685
2021,2266074,4,2021-09-29 07:24:59,add/drop,Phil Baldino,loss,player,Gabriel Davis,WR,BUF,,,,-38.13,00-0036196
2021,2266118,4,2021-09-29 07:24:59,add/drop,John Juliano,gain,player,Dalton Schultz,TE,DAL,,,,27.34,00-0034383
2021,2266118,4,2021-09-29 07:24:59,add/drop,John Juliano,loss,player,Jonnu Smith,TE,NE,,,,-57.07,00-0033858
2021,2266145,4,2021-09-29 07:24:59,add/drop,Nolan & Vinny,gain,player,Chuba Hubbard,RB,CAR,,,,-19.85,00-0036555
2021,2266145,4,2021-09-29 07:24:59,add/drop,Nolan & Vinny,loss,player,Zach Ertz,TE,PHI,,,,20.42,00-0030061
2021,2266171,4,2021-09-29 07:24:59,add/drop,Pung & Tralie,gain,player,Indianapolis Colts,DEF,IND,,,,19.76,DEF-0014
2021,2266171,4,2021-09-29 07:24:59,add/drop,Pung & Tralie,loss,player,Arizona Cardinals,DEF,ARI,,,,-8.24,DEF-0001
2021,2266196,4,2021-09-29 07:24:59,add,Rob & GregBo,gain,player,Green Bay Packers,DEF,GB,,,,16.47,DEF-0012
2021,2266214,4,2021-09-29 07:24:59,add/drop,Ronnie,gain,player,Tim Patrick,WR,DEN,,,,-41.59,00-0033375
2021,2266214,4,2021-09-29 07:24:59,add/drop,Ronnie,loss,player,Quintez Cephus,WR,DET,,,,-107.8,00-0036277
2021,2266197,4,2021-09-28 22:42:07,drop,Rob & GregBo,loss,player,Philadelphia Eagles,DEF,PHI,,,,3.29,DEF-0026
2021,2266041,3,2021-09-26 23:21:32,add/drop,Chris & Dom,gain,player,Jimmy Garoppolo,QB,SF,,,,-26.96,00-0031345
2021,2266041,3,2021-09-26 23:21:32,add/drop,Chris & Dom,loss,player,Justin Jackson,RB,LAC,,,,-53.29,00-0034440
2021,2266304,3,2021-09-26 15:42:44,add,Frank & Julian,gain,player,Josh Gordon,WR,FA,,,,-134.82,00-0029664
2021,2265964,3,2021-09-26 14:42:00,add,Richie,gain,player,Tony Jones,RB,NO,,,,-111.26,00-0035860
2021,2266305,3,2021-09-26 14:15:58,drop,Frank & Julian,loss,player,Tevin Coleman,RB,NYJ,,,,-81.97,00-0032058
2021,2266075,3,2021-09-25 10:45:16,add/drop,Phil Baldino,gain,player,New Orleans Saints,DEF,NO,,,,11.47,DEF-0023
2021,2266075,3,2021-09-25 10:45:16,add/drop,Phil Baldino,loss,player,Cole Kmet,TE,CHI,,,,-19.32,00-0036290
2021,2266215,3,2021-09-22 18:43:24,add/drop,Ronnie,gain,player,K.J. Osborn,WR,MIN,,,,-46.15,00-0036345
2021,2266215,3,2021-09-22 18:43:24,add/drop,Ronnie,loss,player,Jared Cook,TE,LAC,,,,-17.74,00-0027061
2021,2266172,3,2021-09-22 17:57:43,add,Pung & Tralie,gain,player,Arizona Cardinals,DEF,ARI,,,,0.88,DEF-0001
2021,2265965,3,2021-09-22 08:04:00,add/drop,Richie,gain,player,Jeffery Wilson,RB,MIA,,,,-77.21,00-0034115
2021,2265965,3,2021-09-22 08:04:00,add/drop,Richie,loss,player,Tony Jones,RB,NO,,,,-111.26,00-0035860
2021,2265966,3,2021-09-22 08:02:20,add/drop,Richie,gain,player,Daniel Jones,QB,NYG,,,,-83.22,00-0035710
2021,2265966,3,2021-09-22 08:02:20,add/drop,Richie,loss,player,Jameis Winston,QB,NO,,,,-116.08,00-0031503
2021,2265989,3,2021-09-22 07:22:41,add/drop,Antdell & Ernie,gain,player,Tennessee Titans,DEF,TEN,,,,15.88,DEF-0031
2021,2265989,3,2021-09-22 07:22:41,add/drop,Antdell & Ernie,loss,player,Green Bay Packers,DEF,GB,,,,15,DEF-0012
2021,2266119,3,2021-09-22 07:22:41,add/drop,John Juliano,gain,player,Derek Carr,QB,LV,,,,-15.49,00-0031280
2021,2266119,3,2021-09-22 07:22:41,add/drop,John Juliano,loss,player,J.J. Taylor,RB,HOU,,,,-106.59,00-0036096
2021,2266146,3,2021-09-22 07:22:41,add/drop,Nolan & Vinny,gain,player,Chicago Bears,DEF,CHI,,,,-16.76,DEF-0006
2021,2266146,3,2021-09-22 07:22:41,add/drop,Nolan & Vinny,loss,player,Arizona Cardinals,DEF,ARI,,,,0.88,DEF-0001
2021,2266173,3,2021-09-22 07:22:41,add/drop,Pung & Tralie,gain,player,Nick Folk,K,NE,,,,21.18,00-0025565
2021,2266173,3,2021-09-22 07:22:41,add/drop,Pung & Tralie,loss,player,Jason Sanders,K,MIA,,,,-13.24,00-0034794
2021,2266272,3,2021-09-22 07:22:41,add/drop,Team JoeBa,gain,player,Elijah Moore,WR,NYJ,,,,-33.71,00-0036980
2021,2266272,3,2021-09-22 07:22:41,add/drop,Team JoeBa,loss,player,Irv Smith,TE,KC,,,,,00-0034970
2021,2266042,3,2021-09-22 07:22:40,add/drop,Chris & Dom,gain,player,Carolina Panthers,DEF,CAR,,,,-26.47,DEF-0005
2021,2266042,3,2021-09-22 07:22:40,add/drop,Chris & Dom,loss,player,Curtis Samuel,WR,BUF,,,,-138.71,00-0033282
2021,2266120,3,2021-09-22 07:22:40,add/drop,John Juliano,gain,player,Cordarrelle Patterson,RB,ATL,,,,53.65,00-0030578
2021,2266120,3,2021-09-22 07:22:40,add/drop,John Juliano,loss,player,David Johnson,RB,HOU,,,,-73.06,00-0032187
2021,2266147,3,2021-09-22 07:22:40,add/drop,Nolan & Vinny,gain,player,Zach Pascal,WR,IND,,,,-96.44,00-0033251
2021,2266147,3,2021-09-22 07:22:40,add/drop,Nolan & Vinny,loss,player,Juwan Johnson,TE,NO,,,,-87.44,00-0036040
2021,2266216,3,2021-09-22 07:22:40,add/drop,Ronnie,gain,player,Quintez Cephus,WR,DET,,,,-128.91,00-0036277
2021,2266216,3,2021-09-22 07:22:40,add/drop,Ronnie,loss,player,Terrace Marshall,WR,CAR,,,,-127.5,00-0036955
2021,2266198,2,2021-09-18 06:31:59,add/drop,Rob & GregBo,gain,player,Philadelphia Eagles,DEF,PHI,,,,0,DEF-0026
2021,2266198,2,2021-09-18 06:31:59,add/drop,Rob & GregBo,loss,player,Indianapolis Colts,DEF,IND,,,,27.29,DEF-0014
2021,2266254,2,2021-09-18 03:07:22,add/drop,Cambrias,gain,player,Zack Moss,RB,CIN,,,,-51.95,00-0036251
2021,2266254,2,2021-09-18 03:07:22,add/drop,Cambrias,loss,player,Elijah Moore,WR,NYJ,,,,-47.06,00-0036980
2021,2266255,2,2021-09-18 03:05:15,add/drop,Cambrias,gain,player,Larry Rountree,RB,LAC,,,,-135.62,00-0036650
2021,2266255,2,2021-09-18 03:05:15,add/drop,Cambrias,loss,player,Le'Veon Bell,RB,FA,,,,-119.91,00-0030496
2021,2266148,2,2021-09-16 04:03:22,add/drop,Nolan & Vinny,gain,player,Juwan Johnson,TE,NO,,,,-93.46,00-0036040
2021,2266148,2,2021-09-16 04:03:22,add/drop,Nolan & Vinny,loss,player,Chuba Hubbard,RB,CAR,,,,-33.32,00-0036555
2021,2266149,2,2021-09-15 20:16:57,add,Nolan & Vinny,gain,player,Arizona Cardinals,DEF,ARI,,,,-0.94,DEF-0001
2021,2266256,2,2021-09-15 09:38:09,drop,Cambrias,loss,player,Raheem Mostert,RB,SF,,,,,00-0031687
2021,2266150,2,2021-09-15 08:35:52,add/drop,Nolan & Vinny,gain,player,Cole Beasley,WR,BUF,,,,-46.4,00-0029000
2021,2266150,2,2021-09-15 08:35:52,add/drop,Nolan & Vinny,loss,player,Tyrell Williams,WR,DET,,,,,00-0032160
2021,2266121,2,2021-09-15 07:25:39,add/drop,John Juliano,gain,player,J.J. Taylor,RB,HOU,,,,-130.35,00-0036096
2021,2266121,2,2021-09-15 07:25:39,add/drop,John Juliano,loss,player,Ty Johnson,RB,NYJ,,,,-40.94,00-0035537
2021,2265967,2,2021-09-15 07:25:38,add/drop,Richie,gain,player,Jameis Winston,QB,NO,,,,-132.52,00-0031503
2021,2265967,2,2021-09-15 07:25:38,add/drop,Richie,loss,player,Matt Ryan,QB,ATL,,,,-22.46,00-0026143
2021,2265968,2,2021-09-15 07:25:38,add/drop,Richie,gain,player,Kenneth Gainwell,RB,PHI,,,,-60.8,00-0036919
2021,2265968,2,2021-09-15 07:25:38,add/drop,Richie,loss,player,Parris Campbell,WR,IND,,,,-149.36,00-0035639
2021,2265990,2,2021-09-15 07:25:38,add/drop,Antdell & Ernie,gain,player,Marquez Valdes-Scantling,WR,GB,,,,-99.01,00-0034272
2021,2265990,2,2021-09-15 07:25:38,add/drop,Antdell & Ernie,loss,player,Rashod Bateman,WR,BAL,,,,-83.01,00-0036550
2021,2265991,2,2021-09-15 07:25:38,add/drop,Antdell & Ernie,gain,player,Elijah Mitchell,RB,SF,,,,-15.91,00-0036567
2021,2265991,2,2021-09-15 07:25:38,add/drop,Antdell & Ernie,loss,player,Zack Moss,RB,CIN,,,,-51.95,00-0036251
2021,2266257,2,2021-09-15 07:25:38,add,Cambrias,gain,player,Christian Kirk,WR,ARI,,,,-9.58,00-0034775
2021,2266306,2,2021-09-15 07:25:38,add/drop,Frank & Julian,gain,player,Mark Ingram,RB,HOU,,,,-59.2,00-0027966
2021,2266306,2,2021-09-15 07:25:38,add/drop,Frank & Julian,loss,player,Randall Cobb,WR,GB,,,,-90.54,00-0028002
2021,2265969,1,2021-09-11 23:25:32,add/drop,Richie,gain,player,Tony Jones,RB,NO,,,,-149.7,00-0035860
2021,2265969,1,2021-09-11 23:25:32,add/drop,Richie,loss,player,Cole Beasley,WR,BUF,,,,-48,00-0029000
2021,2266174,1,2021-09-10 11:44:37,add/drop,Pung & Tralie,gain,player,Rob Gronkowski,TE,TB,,,,5.2,00-0027656
2021,2266174,1,2021-09-10 11:44:37,add/drop,Pung & Tralie,loss,player,Tony Jones,RB,NO,,,,-149.7,00-0035860
2021,2266307,1,2021-09-10 00:56:54,add/drop,Frank & Julian,gain,player,Tevin Coleman,RB,NYJ,,,,-118.7,00-0032058
2021,2266307,1,2021-09-10 00:56:54,add/drop,Frank & Julian,loss,player,Gus Edwards,RB,LAC,,,,,00-0034184
2021,2266258,1,2021-09-09 20:01:42,add/drop,Cambrias,gain,player,Le'Veon Bell,RB,FA,,,,-140,00-0030496
2021,2266258,1,2021-09-09 20:01:42,add/drop,Cambrias,loss,player,Rashaad Penny,RB,SEA,,,,-72.9,00-0034750
2021,2266043,1,2021-09-09 20:00:19,add/drop,Chris & Dom,gain,player,Latavius Murray,RB,BAL,,,,-87,00-0030513
2021,2266043,1,2021-09-09 20:00:19,add/drop,Chris & Dom,loss,player,Carlos Hyde,RB,JAX,,,,-123.8,00-0031045
2021,2265992,1,2021-09-09 02:05:57,add/drop,Antdell & Ernie,gain,player,Rondale Moore,WR,ARI,,,,-89.1,00-0036936
2021,2265992,1,2021-09-09 02:05:57,add/drop,Antdell & Ernie,loss,player,Le'Veon Bell,RB,FA,,,,-140,00-0030496
2021,2266044,1,2021-09-08 23:38:40,add/drop,Chris & Dom,gain,player,Justin Jackson,RB,LAC,,,,-85.4,00-0034440
2021,2266044,1,2021-09-08 23:38:40,add/drop,Chris & Dom,loss,player,Evan Engram,TE,JAX,,,,-44.2,00-0033881
2021,2266175,1,2021-09-08 13:50:23,add/drop,Pung & Tralie,gain,player,Tony Jones,RB,NO,,,,-149.7,00-0035860
2021,2266175,1,2021-09-08 13:50:23,add/drop,Pung & Tralie,loss,player,Jalen Reagor,WR,PHI,,,,-127,00-0036387
2021,2265993,1,2021-09-07 22:46:28,add/drop,Antdell & Ernie,gain,player,Le'Veon Bell,RB,FA,,,,-140,00-0030496
2021,2265993,1,2021-09-07 22:46:28,add/drop,Antdell & Ernie,loss,player,Tevin Coleman,RB,NYJ,,,,-118.7,00-0032058
2021,2265994,1,2021-09-07 16:51:17,drop,Antdell & Ernie,loss,player,Tarik Cohen,RB,NYJ,,,,,00-0033556
2021,2265995,0,2021-09-04 20:45:39,add,Antdell & Ernie,gain,player,Tevin Coleman,RB,NYJ,,,,-125.68,00-0032058
2021,2265996,0,2021-09-04 20:22:00,add,Antdell & Ernie,gain,player,Tarik Cohen,RB,NYJ,,,,,00-0033556
2021,2265997,0,2021-09-04 20:19:42,add/drop,Antdell & Ernie,gain,player,Rashod Bateman,WR,BAL,,,,-106.84,00-0036550
2021,2265997,0,2021-09-04 20:19:42,add/drop,Antdell & Ernie,loss,player,Tevin Coleman,RB,NYJ,,,,-125.68,00-0032058
2021,2266151,0,2021-09-02 13:34:45,add/drop,Nolan & Vinny,gain,player,Zach Ertz,TE,PHI,,,,21.18,00-0030061
2021,2266151,0,2021-09-02 13:34:45,add/drop,Nolan & Vinny,loss,player,Devontae Booker,RB,NYG,,,,-31.87,00-0032972
2021,2266076,0,2021-09-01 02:27:39,add,Phil Baldino,gain,player,Rhamondre Stevenson,RB,NE,,,,-62.79,00-0036875
2020,2266464,16,2020-12-26 21:33:57,add/drop,Pung & Tralie,gain,player,Russell Gage,WR,ATL,,,,-0.53,00-0034411
2020,2266464,16,2020-12-26 21:33:57,add/drop,Pung & Tralie,loss,player,Tyler Boyd,WR,CIN,,,,,00-0033009
2020,2266524,15,2020-12-20 17:25:57,add/drop,Ronnie,gain,player,Cole Kmet,TE,CHI,,,,-1.94,00-0036290
2020,2266524,15,2020-12-20 17:25:57,add/drop,Ronnie,loss,player,Mike Gesicki,TE,MIA,,,,-1.6,00-0034829
2020,2266525,15,2020-12-20 16:47:35,add/drop,Ronnie,gain,player,Arizona Cardinals,DEF,ARI,,,,0.63,DEF-0001
2020,2266525,15,2020-12-20 16:47:35,add/drop,Ronnie,loss,player,Kansas City Chiefs,DEF,KC,,,,-0.25,DEF-0016
2020,2266607,15,2020-12-18 01:19:01,add/drop,Frank & Julian,gain,player,Irv Smith,TE,MIN,,,,0.98,00-0034970
2020,2266607,15,2020-12-18 01:19:01,add/drop,Frank & Julian,loss,player,Tyron Johnson,WR,FA,,,,-0.9,00-0035457
2020,2266608,15,2020-12-17 16:51:02,add/drop,Frank & Julian,gain,player,Tyron Johnson,WR,FA,,,,-0.9,00-0035457
2020,2266608,15,2020-12-17 16:51:02,add/drop,Frank & Julian,loss,player,Allen Lazard,WR,GB,,,,-1.74,00-0034521
2020,2266501,15,2020-12-17 13:36:55,add/drop,Rob & GregBo,gain,player,Mason Crosby,K,GB,,,,-0.5,00-0025580
2020,2266501,15,2020-12-17 13:36:55,add/drop,Rob & GregBo,loss,player,Brandon McManus,K,DEN,,,,-0.25,00-0029822
2020,2266332,15,2020-12-16 08:13:31,add/drop,Antdell & Ernie,gain,player,Buffalo Bills,DEF,BUF,,,,1,DEF-0004
2020,2266332,15,2020-12-16 08:13:31,add/drop,Antdell & Ernie,loss,player,Carolina Panthers,DEF,CAR,,,,1.88,DEF-0005
2020,2266526,15,2020-12-16 08:13:31,add/drop,Ronnie,gain,player,Nelson Agholor,WR,LV,,,,0.94,00-0031549
2020,2266526,15,2020-12-16 08:13:31,add/drop,Ronnie,loss,player,Keke Coutee,WR,FA,,,,-0.4,00-0034366
2020,2266609,15,2020-12-16 08:13:31,add/drop,Frank & Julian,gain,player,Jeffery Wilson,RB,MIA,,,,1.99,00-0034115
2020,2266609,15,2020-12-16 08:13:31,add/drop,Frank & Julian,loss,player,Austin Hooper,TE,CLE,,,,0.88,00-0032392
2020,2266610,15,2020-12-16 08:13:31,add,Frank & Julian,gain,player,Lynn Bowden,WR,NO,,,,-1.71,00-0036364
2020,2266429,14,2020-12-13 17:49:48,add/drop,Nolan & Vinny,gain,player,Peyton Barber,RB,WAS,,,,-4.07,00-0032741
2020,2266429,14,2020-12-13 17:49:48,add/drop,Nolan & Vinny,loss,player,Ty Johnson,RB,BUF,,,,-2.74,00-0035537
2020,2266395,14,2020-12-13 14:06:40,drop,Phil Baldino,loss,player,Carlos Hyde,RB,SEA,,,,-1.97,00-0031045
2020,2266430,14,2020-12-13 05:33:38,add,Nolan & Vinny,gain,player,Dalton Schultz,TE,DAL,,,,-1.48,00-0034383
2020,2266333,14,2020-12-12 23:17:49,add/drop,Antdell & Ernie,gain,player,DeAndre Washington,RB,FA,,,,-5.21,00-0032940
2020,2266333,14,2020-12-12 23:17:49,add/drop,Antdell & Ernie,loss,player,Jerick McKinnon,RB,SF,,,,-4.61,00-0031376
2020,2266334,14,2020-12-12 17:56:53,add,Antdell & Ernie,gain,player,Joey Slye,K,CAR,,,,-0.56,00-0035192
2020,2266502,14,2020-12-10 22:09:16,add/drop,Rob & GregBo,gain,player,Dallas Cowboys,DEF,DAL,,,,4.31,DEF-0009
2020,2266502,14,2020-12-10 22:09:16,add/drop,Rob & GregBo,loss,player,Las Vegas Raiders,DEF,LV,,,,-3.94,DEF-0017
2020,2266465,14,2020-12-10 15:48:22,drop,Pung & Tralie,loss,player,Kerryon Johnson,RB,DET,,,,-4.31,00-0034349
2020,2266431,14,2020-12-10 15:23:11,add/drop,Nolan & Vinny,gain,player,T.Y. Hilton,WR,IND,,,,1.2,00-0029608
2020,2266431,14,2020-12-10 15:23:11,add/drop,Nolan & Vinny,loss,player,Buffalo Bills,DEF,BUF,,,,2.06,DEF-0004
2020,2266432,14,2020-12-10 15:22:24,add/drop,Nolan & Vinny,gain,player,Anthony Firkser,TE,TEN,,,,-4.16,00-0033455
2020,2266432,14,2020-12-10 15:22:24,add/drop,Nolan & Vinny,loss,player,Trey Burton,TE,FA,,,,-4.16,00-0030710
2020,2266335,14,2020-12-10 15:12:55,add/drop,Antdell & Ernie,gain,player,Carolina Panthers,DEF,CAR,,,,1.5,DEF-0005
2020,2266335,14,2020-12-10 15:12:55,add/drop,Antdell & Ernie,loss,player,Chicago Bears,DEF,CHI,,,,1.5,DEF-0006
2020,2266433,14,2020-12-10 10:45:51,add/drop,Nolan & Vinny,gain,player,Ty Johnson,RB,BUF,,,,-2.74,00-0035537
2020,2266433,14,2020-12-10 10:45:51,add/drop,Nolan & Vinny,loss,player,Ito Smith,RB,ATL,,,,-3.39,00-0034378
2020,2266527,14,2020-12-10 08:15:54,add/drop,Ronnie,gain,player,Keke Coutee,WR,FA,,,,-0.6,00-0034366
2020,2266527,14,2020-12-10 08:15:54,add/drop,Ronnie,loss,player,Phillip Lindsay,RB,DEN,,,,-4.2,00-0034109
2020,2266611,14,2020-12-10 08:15:54,add/drop,Frank & Julian,gain,player,Logan Thomas,TE,WAS,,,,3.36,00-0031260
2020,2266611,14,2020-12-10 08:15:54,add/drop,Frank & Julian,loss,player,Jerry Jeudy,WR,DEN,,,,-3.39,00-0036407
2020,2266549,14,2020-12-10 02:07:57,drop,Cambrias,loss,player,Devontae Booker,RB,LV,,,,-4.69,00-0032972
2020,2266588,13,2020-12-06 17:25:10,add/drop,Team JoeBa,gain,player,Jason Myers,K,SEA,,,,1,00-0031492
2020,2266588,13,2020-12-06 17:25:10,add/drop,Team JoeBa,loss,player,Joey Slye,K,CAR,,,,-2.5,00-0035192
2020,2266589,13,2020-12-06 17:24:24,add/drop,Team JoeBa,gain,player,Kyle Rudolph,TE,MIN,,,,-9.93,00-0027981
2020,2266589,13,2020-12-06 17:24:24,add/drop,Team JoeBa,loss,player,DeeJay Dallas,RB,ARI,,,,-9.85,00-0036425
2020,2266434,13,2020-12-06 15:23:11,add/drop,Nolan & Vinny,gain,player,Ito Smith,RB,ATL,,,,-5.48,00-0034378
2020,2266434,13,2020-12-06 15:23:11,add/drop,Nolan & Vinny,loss,player,Kalen Ballage,RB,FA,,,,-5.4,00-0034799
2020,2266370,13,2020-12-06 15:16:17,drop,Chris & Dom,loss,player,Brian Hill,RB,ATL,,,,-6.78,00-0033567
2020,2266435,13,2020-12-05 23:39:11,drop,Nolan & Vinny,loss,player,Gus Edwards,RB,BAL,,,,2.3,00-0034184
2020,2266503,13,2020-12-05 23:30:17,add/drop,Rob & GregBo,gain,player,Tony Pollard,RB,DAL,,,,1.9,00-0035261
2020,2266503,13,2020-12-05 23:30:17,add/drop,Rob & GregBo,loss,player,Rex Burkhead,RB,NE,,,,,00-0030288
2020,2266550,13,2020-12-04 21:08:52,add,Cambrias,gain,player,Tyler Bass,K,BUF,,,,1.75,00-0036162
2020,2266396,13,2020-12-04 17:58:28,add/drop,Phil Baldino,gain,player,Harrison Butker,K,KC,,,,1.75,00-0033303
2020,2266396,13,2020-12-04 17:58:28,add/drop,Phil Baldino,loss,player,Chris Boswell,K,PIT,,,,-6.25,00-0031136
2020,2266336,13,2020-12-04 08:15:50,add/drop,Antdell & Ernie,gain,player,Chicago Bears,DEF,CHI,,,,1,DEF-0006
2020,2266336,13,2020-12-04 08:15:50,add/drop,Antdell & Ernie,loss,player,Arizona Cardinals,DEF,ARI,,,,2.25,DEF-0001
2020,2266337,13,2020-12-04 08:15:50,add,Antdell & Ernie,gain,player,Tim Patrick,WR,DEN,,,,-2.53,00-0033375
2020,2266436,13,2020-12-04 08:15:50,add/drop,Nolan & Vinny,gain,player,Trey Burton,TE,FA,,,,-7.75,00-0030710
2020,2266436,13,2020-12-04 08:15:50,add/drop,Nolan & Vinny,loss,player,Frank Gore,RB,NYJ,,,,-5.28,00-0023500
2020,2266504,13,2020-12-04 08:15:50,add/drop,Rob & GregBo,gain,player,Las Vegas Raiders,DEF,LV,,,,-5,DEF-0017
2020,2266504,13,2020-12-04 08:15:50,add/drop,Rob & GregBo,loss,player,Minnesota Vikings,DEF,MIN,,,,-3,DEF-0021
2020,2266338,13,2020-12-03 16:21:44,drop,Antdell & Ernie,loss,player,Will Fuller,WR,HOU,,,,,00-0033127
2020,2266612,13,2020-12-03 15:21:13,drop,Frank & Julian,loss,player,New York Giants,DEF,NYG,,,,-2.25,DEF-0024
2020,2266466,13,2020-12-03 13:29:48,drop,Pung & Tralie,loss,player,Jacksonville Jaguars,DEF,JAX,,,,-3.25,DEF-0015
2020,2266551,13,2020-12-03 12:13:29,drop,Cambrias,loss,player,Ryan Succop,K,TB,,,,-2.5,00-0026968
2020,2266552,13,2020-12-01 10:55:33,drop,Cambrias,loss,player,Jalen Reagor,WR,PHI,,,,-4.88,00-0036387
2020,2266308,12,2020-11-29 17:56:07,add/drop,Richie,gain,player,Ryan Fitzpatrick,QB,MIA,,,,-17.07,00-0023682
2020,2266308,12,2020-11-29 17:56:07,add/drop,Richie,loss,player,Salvon Ahmed,RB,MIA,,,,-9.72,00-0036020
2020,2266437,12,2020-11-29 17:48:14,add/drop,Nolan & Vinny,gain,player,Frank Gore,RB,NYJ,,,,-6.38,00-0023500
2020,2266437,12,2020-11-29 17:48:14,add/drop,Nolan & Vinny,loss,player,Willie Snead,WR,BAL,,,,-18.25,00-0030663
2020,2266467,12,2020-11-29 15:15:59,add,Pung & Tralie,gain,player,Jacksonville Jaguars,DEF,JAX,,,,-5,DEF-0015
2020,2266468,12,2020-11-29 14:10:37,add/drop,Pung & Tralie,gain,player,Robert Tonyan,TE,MIN,,,,4.47,00-0033757
2020,2266468,12,2020-11-29 14:10:37,add/drop,Pung & Tralie,loss,player,Devine Ozigbo,RB,FA,,,,-13.84,00-0035184
2020,2266528,12,2020-11-29 13:24:28,add/drop,Ronnie,gain,player,Mike Gesicki,TE,MIA,,,,7.13,00-0034829
2020,2266528,12,2020-11-29 13:24:28,add/drop,Ronnie,loss,player,Henry Ruggs,WR,LV,,,,-12.31,00-0036357
2020,2266371,12,2020-11-29 12:41:19,add,Chris & Dom,gain,player,Brian Hill,RB,ATL,,,,-10.16,00-0033567
2020,2266372,12,2020-11-28 18:56:13,add/drop,Chris & Dom,gain,player,Benny Snell,RB,PIT,,,,-5.53,00-0035217
2020,2266372,12,2020-11-28 18:56:13,add/drop,Chris & Dom,loss,player,Drew Brees,QB,NO,,,,-18.03,00-0020531
2020,2266373,12,2020-11-28 17:19:56,add/drop,Chris & Dom,gain,player,Jordan Wilkins,RB,FA,,,,-12.47,00-0034400
2020,2266373,12,2020-11-28 17:19:56,add/drop,Chris & Dom,loss,player,Jameis Winston,QB,CLE,,,,,00-0031503
2020,2266469,12,2020-11-26 16:28:25,add,Pung & Tralie,gain,player,Kerryon Johnson,RB,DET,,,,-8.5,00-0034349
2020,2266470,12,2020-11-26 11:18:35,add/drop,Pung & Tralie,gain,player,Devine Ozigbo,RB,FA,,,,-13.84,00-0035184
2020,2266470,12,2020-11-26 11:18:35,add/drop,Pung & Tralie,loss,player,Logan Thomas,TE,WAS,,,,12.35,00-0031260
2020,2266438,12,2020-11-25 15:33:03,add/drop,Nolan & Vinny,gain,player,Buffalo Bills,DEF,BUF,,,,2.19,DEF-0004
2020,2266438,12,2020-11-25 15:33:03,add/drop,Nolan & Vinny,loss,player,Sony Michel,RB,NE,,,,-9.06,00-0034845
2020,2266339,12,2020-11-25 15:29:42,add/drop,Antdell & Ernie,gain,player,Arizona Cardinals,DEF,ARI,,,,3.13,DEF-0001
2020,2266339,12,2020-11-25 15:29:42,add/drop,Antdell & Ernie,loss,player,Los Angeles Chargers,DEF,LAC,,,,-2.81,DEF-0018
2020,2266397,12,2020-11-25 08:18:49,add,Phil Baldino,gain,player,Devin Singletary,RB,BUF,,,,-0.81,00-0035250
2020,2266398,12,2020-11-25 08:18:49,add,Phil Baldino,gain,player,Seattle Seahawks,DEF,SEA,,,,4.38,DEF-0029
2020,2266529,12,2020-11-25 08:18:49,add/drop,Ronnie,gain,player,Philip Rivers,QB,IND,,,,-0.81,00-0022942
2020,2266529,12,2020-11-25 08:18:49,add/drop,Ronnie,loss,player,Matt Prater,K,DET,,,,-5,00-0023853
2020,2266613,12,2020-11-25 08:18:49,add/drop,Frank & Julian,gain,player,New York Giants,DEF,NYG,,,,-2.19,DEF-0024
2020,2266613,12,2020-11-25 08:18:49,add/drop,Frank & Julian,loss,player,Kirk Cousins,QB,MIN,,,,7.03,00-0029604
2020,2266374,11,2020-11-22 17:05:19,add/drop,Chris & Dom,gain,player,Derek Carr,QB,LV,,,,-0.17,00-0031280
2020,2266374,11,2020-11-22 17:05:19,add/drop,Chris & Dom,loss,player,Taysom Hill,QB,NO,,,,-0.75,00-0033357
2020,2266375,11,2020-11-20 15:35:18,add/drop,Chris & Dom,gain,player,Taysom Hill,QB,NO,,,,-0.75,00-0033357
2020,2266375,11,2020-11-20 15:35:18,add/drop,Chris & Dom,loss,player,Darius Slayton,WR,NYG,,,,-20.06,00-0035535
2020,2266421,11,2020-11-20 05:09:55,add,LFTLR,gain,player,New England Patriots,DEF,NE,,,,-0.38,DEF-0022
2020,2266439,11,2020-11-20 04:52:30,add/drop,Nolan & Vinny,gain,player,Willie Snead,WR,BAL,,,,-23.4,00-0030663
2020,2266439,11,2020-11-20 04:52:30,add/drop,Nolan & Vinny,loss,player,Robert Tonyan,TE,MIN,,,,8.36,00-0033757
2020,2266440,11,2020-11-20 04:38:58,add/drop,Nolan & Vinny,gain,player,Lamical Perine,RB,PIT,,,,-17.59,00-0036269
2020,2266440,11,2020-11-20 04:38:58,add/drop,Nolan & Vinny,loss,player,David Moore,WR,SEA,,,,-16.69,00-0033589
2020,2266614,11,2020-11-20 04:15:49,add/drop,Frank & Julian,gain,player,Kirk Cousins,QB,MIN,,,,10.14,00-0029604
2020,2266614,11,2020-11-20 04:15:49,add/drop,Frank & Julian,loss,player,Jimmy Graham,TE,CHI,,,,-2.59,00-0027696
2020,2266615,11,2020-11-20 04:11:25,add/drop,Frank & Julian,gain,player,Jason Sanders,K,MIA,,,,5.25,00-0034794
2020,2266615,11,2020-11-20 04:11:25,add/drop,Frank & Julian,loss,player,Harrison Butker,K,KC,,,,1.13,00-0033303
2020,2266309,11,2020-11-19 20:28:02,add/drop,Richie,gain,player,Washington Commanders,DEF,WAS,,,,9,DEF-0032
2020,2266309,11,2020-11-19 20:28:02,add/drop,Richie,loss,player,Arizona Cardinals,DEF,ARI,,,,1.88,DEF-0001
2020,2266505,11,2020-11-19 05:42:03,add/drop,Rob & GregBo,gain,player,Rex Burkhead,RB,NE,,,,-21.9,00-0030288
2020,2266505,11,2020-11-19 05:42:03,add/drop,Rob & GregBo,loss,player,Tua Tagovailoa,QB,MIA,,,,-9.57,00-0036212
2020,2266399,11,2020-11-18 23:27:38,add/drop,Phil Baldino,gain,player,Carlos Hyde,RB,SEA,,,,-3.98,00-0031045
2020,2266399,11,2020-11-18 23:27:38,add/drop,Phil Baldino,loss,player,Gerald Everett,TE,LAR,,,,-8.29,00-0033895
2020,2266400,11,2020-11-18 23:25:58,add/drop,Phil Baldino,gain,player,Chris Boswell,K,PIT,,,,-9.38,00-0031136
2020,2266400,11,2020-11-18 23:25:58,add/drop,Phil Baldino,loss,player,Robbie Gould,K,SF,,,,-5.63,00-0023252
2020,2266340,11,2020-11-18 16:19:07,add/drop,Antdell & Ernie,gain,player,Boston Scott,RB,PHI,,,,-13.84,00-0034414
2020,2266340,11,2020-11-18 16:19:07,add/drop,Antdell & Ernie,loss,player,New England Patriots,DEF,NE,,,,-0.38,DEF-0022
2020,2266376,11,2020-11-18 16:08:02,add/drop,Chris & Dom,gain,player,Jameis Winston,QB,CLE,,,,,00-0031503
2020,2266376,11,2020-11-18 16:08:02,add/drop,Chris & Dom,loss,player,Boston Scott,RB,PHI,,,,-13.84,00-0034414
2020,2266310,11,2020-11-18 08:15:57,add/drop,Richie,gain,player,Salvon Ahmed,RB,MIA,,,,-9.83,00-0036020
2020,2266310,11,2020-11-18 08:15:57,add/drop,Richie,loss,player,Tim Patrick,WR,DEN,,,,-6.3,00-0033375
2020,2266441,11,2020-11-18 08:15:57,add,Nolan & Vinny,gain,player,David Moore,WR,SEA,,,,-16.69,00-0033589
2020,2266530,11,2020-11-18 08:15:57,add,Ronnie,gain,player,Michael Pittman,WR,IND,,,,-11.55,00-0036252
2020,2266553,11,2020-11-18 08:15:57,add/drop,Cambrias,gain,player,Los Angeles Rams,DEF,LAR,,,,7.13,DEF-0019
2020,2266553,11,2020-11-18 08:15:57,add/drop,Cambrias,loss,player,Jordan Wilkins,RB,FA,,,,-16.05,00-0034400
2020,2266554,11,2020-11-18 08:15:57,add/drop,Cambrias,gain,player,Devontae Booker,RB,LV,,,,-15.41,00-0032972
2020,2266554,11,2020-11-18 08:15:57,add/drop,Cambrias,loss,player,Philadelphia Eagles,DEF,PHI,,,,-3.38,DEF-0026
2020,2266616,11,2020-11-17 03:18:45,drop,Frank & Julian,loss,player,Mason Crosby,K,GB,,,,-3.38,00-0025580
2020,2266471,10,2020-11-16 13:57:22,drop,Pung & Tralie,loss,player,Jason Sanders,K,MIA,,,,10.94,00-0034794
2020,2266472,10,2020-11-16 13:57:11,drop,Pung & Tralie,loss,player,Jared Goff,QB,LAR,,,,-8.37,00-0033106
2020,2266531,10,2020-11-15 18:01:38,drop,Ronnie,loss,player,Devonta Freeman,RB,FA,,,,,00-0031285
2020,2266617,10,2020-11-15 14:42:10,add/drop,Frank & Julian,gain,player,Austin Hooper,TE,CLE,,,,-3.63,00-0032392
2020,2266617,10,2020-11-15 14:42:10,add/drop,Frank & Julian,loss,player,Devin Singletary,RB,BUF,,,,-7.53,00-0035250
2020,2266590,10,2020-11-15 14:39:47,add/drop,Team JoeBa,gain,player,Malcolm Brown,RB,LAR,,,,-15.62,00-0031806
2020,2266590,10,2020-11-15 14:39:47,add/drop,Team JoeBa,loss,player,Austin Hooper,TE,CLE,,,,-3.63,00-0032392
2020,2266591,10,2020-11-15 14:37:44,add/drop,Team JoeBa,gain,player,DeeJay Dallas,RB,ARI,,,,-24.76,00-0036425
2020,2266591,10,2020-11-15 14:37:44,add/drop,Team JoeBa,loss,player,Matthew Stafford,QB,DET,,,,-7.07,00-0026498
2020,2266506,10,2020-11-15 07:11:48,add/drop,Rob & GregBo,gain,player,Minnesota Vikings,DEF,MIN,,,,-5.69,DEF-0021
2020,2266506,10,2020-11-15 07:11:48,add/drop,Rob & GregBo,loss,player,Seattle Seahawks,DEF,SEA,,,,4.81,DEF-0029
2020,2266618,10,2020-11-14 03:16:18,add/drop,Frank & Julian,gain,player,Wayne Gallman,RB,NYG,,,,0.18,00-0033950
2020,2266618,10,2020-11-14 03:16:18,add/drop,Frank & Julian,loss,player,Troymaine Pope,RB,FA,,,,-28.88,00-0033164
2020,2266555,10,2020-11-13 21:48:42,add,Cambrias,gain,player,Miami Dolphins,DEF,MIA,,,,7,DEF-0020
2020,2266311,10,2020-11-13 11:34:24,drop,Richie,loss,player,Joshua Kelley,RB,LAC,,,,-23.54,00-0036370
2020,2266507,10,2020-11-13 00:27:45,add/drop,Rob & GregBo,gain,player,Tua Tagovailoa,QB,MIA,,,,-11.64,00-0036212
2020,2266507,10,2020-11-13 00:27:45,add/drop,Rob & GregBo,loss,player,Dez Bryant,WR,FA,,,,-28.79,00-0027902
2020,2266422,10,2020-11-12 17:52:08,drop,LFTLR,loss,player,Greg Olsen,TE,SEA,,,,-20.91,00-0025418
2020,2266312,10,2020-11-12 13:12:07,add/drop,Richie,gain,player,Nyheim Hines,RB,IND,,,,10.98,00-0034367
2020,2266312,10,2020-11-12 13:12:07,add/drop,Richie,loss,player,Tevin Coleman,RB,SF,,,,-30.36,00-0032058
2020,2266341,10,2020-11-12 13:11:13,trade,Antdell & Ernie,gain,player,Jamaal Williams,RB,GB,,,,-11.77,00-0033948
2020,2266341,10,2020-11-12 13:11:13,trade,Antdell & Ernie,loss,player,Jalen Reagor,WR,PHI,,,,-13.83,00-0036387
2020,2266556,10,2020-11-12 13:11:13,trade,Cambrias,loss,player,Jamaal Williams,RB,GB,,,,-11.77,00-0033948
2020,2266556,10,2020-11-12 13:11:13,trade,Cambrias,gain,player,Jalen Reagor,WR,PHI,,,,-13.83,00-0036387
2020,2266442,10,2020-11-11 23:55:19,add/drop,Nolan & Vinny,gain,player,Gus Edwards,RB,BAL,,,,-1.05,00-0034184
2020,2266442,10,2020-11-11 23:55:19,add/drop,Nolan & Vinny,loss,player,DeeJay Dallas,RB,ARI,,,,-24.76,00-0036425
2020,2266443,10,2020-11-11 23:55:00,add/drop,Nolan & Vinny,gain,player,Kalen Ballage,RB,FA,,,,-8.66,00-0034799
2020,2266443,10,2020-11-11 23:55:00,add/drop,Nolan & Vinny,loss,player,Tony Pollard,RB,DAL,,,,-1.62,00-0035261
2020,2266342,10,2020-11-11 19:50:57,add/drop,Antdell & Ernie,gain,player,Los Angeles Chargers,DEF,LAC,,,,-5.69,DEF-0018
2020,2266342,10,2020-11-11 19:50:57,add/drop,Antdell & Ernie,loss,player,Mike Gesicki,TE,MIA,,,,10.02,00-0034829
2020,2266619,10,2020-11-11 16:46:32,add,Frank & Julian,gain,player,Mason Crosby,K,GB,,,,-2.63,00-0025580
2020,2266401,10,2020-11-11 10:12:17,add/drop,Phil Baldino,gain,player,Gerald Everett,TE,LAR,,,,-10.59,00-0033895
2020,2266401,10,2020-11-11 10:12:17,add/drop,Phil Baldino,loss,player,Houston Texans,DEF,HOU,,,,-10.5,DEF-0013
2020,2266377,10,2020-11-11 09:39:53,add/drop,Chris & Dom,gain,player,Duke Johnson,RB,HOU,,,,-10.81,00-0032257
2020,2266377,10,2020-11-11 09:39:53,add/drop,Chris & Dom,loss,player,Ka'imi Fairbairn,K,HOU,,,,-2.19,00-0032726
2020,2266378,10,2020-11-11 09:39:53,add/drop,Chris & Dom,gain,player,Mike Davis,RB,FA,,,,3.37,00-0032063
2020,2266378,10,2020-11-11 09:39:53,add/drop,Chris & Dom,loss,player,Trey Burton,TE,FA,,,,-9.54,00-0030710
2020,2266473,10,2020-11-11 09:39:53,add/drop,Pung & Tralie,gain,player,Jason Sanders,K,MIA,,,,10.94,00-0034794
2020,2266473,10,2020-11-11 09:39:53,add/drop,Pung & Tralie,loss,player,Washington Commanders,DEF,WAS,,,,7.88,DEF-0032
2020,2266532,10,2020-11-11 09:39:53,add,Ronnie,gain,player,New Orleans Saints,DEF,NO,,,,5.69,DEF-0023
2020,2266557,10,2020-11-11 09:39:53,add/drop,Cambrias,gain,player,Jamaal Williams,RB,GB,,,,-11.77,00-0033948
2020,2266557,10,2020-11-11 09:39:53,add/drop,Cambrias,loss,player,Nyheim Hines,RB,IND,,,,10.98,00-0034367
2020,2266558,10,2020-11-11 09:39:53,add/drop,Cambrias,gain,player,Philadelphia Eagles,DEF,PHI,,,,-5.25,DEF-0026
2020,2266558,10,2020-11-11 09:39:53,add/drop,Cambrias,loss,player,Los Angeles Chargers,DEF,LAC,,,,-5.69,DEF-0018
2020,2266559,10,2020-11-11 09:39:53,add,Cambrias,gain,player,Curtis Samuel,WR,CAR,,,,-2.01,00-0033282
2020,2266620,10,2020-11-10 21:36:44,drop,Frank & Julian,loss,player,JaMycal Hasty,RB,NE,,,,-29.66,00-0035806
2020,2266560,9,2020-11-09 11:14:27,drop,Cambrias,loss,player,Mike Davis,RB,FA,,,,5.5,00-0032063
2020,2266561,9,2020-11-09 11:14:06,drop,Cambrias,loss,player,Darnell Mooney,WR,CHI,,,,-17.48,00-0036309
2020,2266474,9,2020-11-08 16:48:20,add/drop,Pung & Tralie,gain,player,Jared Goff,QB,LAR,,,,-13.61,00-0033106
2020,2266474,9,2020-11-08 16:48:20,add/drop,Pung & Tralie,loss,player,Derek Carr,QB,LV,,,,-1.55,00-0031280
2020,2266475,9,2020-11-08 16:12:12,add/drop,Pung & Tralie,gain,player,Jakobi Meyers,WR,LV,,,,0,00-0034960
2020,2266475,9,2020-11-08 16:12:12,add/drop,Pung & Tralie,loss,player,Keelan Cole,WR,JAX,,,,-16.03,00-0033681
2020,2266508,9,2020-11-08 13:56:40,add/drop,Rob & GregBo,gain,player,Dez Bryant,WR,FA,,,,-37.93,00-0027902
2020,2266508,9,2020-11-08 13:56:40,add/drop,Rob & GregBo,loss,player,Tennessee Titans,DEF,TEN,,,,-6.5,DEF-0031
2020,2266379,9,2020-11-08 13:54:00,add/drop,Chris & Dom,gain,player,Ka'imi Fairbairn,K,HOU,,,,0,00-0032726
2020,2266379,9,2020-11-08 13:54:00,add/drop,Chris & Dom,loss,player,Rashard Higgins,WR,CLE,,,,-13.43,00-0032977
2020,2266533,9,2020-11-08 03:33:40,add,Ronnie,gain,player,Devonta Freeman,RB,FA,,,,,00-0031285
2020,2266444,9,2020-11-06 21:12:30,add/drop,Nolan & Vinny,gain,player,Tony Pollard,RB,DAL,,,,-1.15,00-0035261
2020,2266444,9,2020-11-06 21:12:30,add/drop,Nolan & Vinny,loss,player,Carlos Hyde,RB,SEA,,,,-12.55,00-0031045
2020,2266423,9,2020-11-06 00:47:02,add/drop,LFTLR,gain,player,Laviska Shenault,WR,JAX,,,,-19.43,00-0036268
2020,2266423,9,2020-11-06 00:47:02,add/drop,LFTLR,loss,player,Jake Elliott,K,PHI,,,,-12,00-0033787
2020,2266476,9,2020-11-05 13:32:15,add/drop,Pung & Tralie,gain,player,Derek Carr,QB,LV,,,,-1.55,00-0031280
2020,2266476,9,2020-11-05 13:32:15,add/drop,Pung & Tralie,loss,player,Rashaad Penny,RB,CAR,,,,-37.3,00-0034750
2020,2266477,9,2020-11-05 13:31:45,add/drop,Pung & Tralie,gain,player,Zach Ertz,TE,PHI,,,,-22,00-0030061
2020,2266477,9,2020-11-05 13:31:45,add/drop,Pung & Tralie,loss,player,Derek Carr,QB,LV,,,,-1.55,00-0031280
2020,2266562,9,2020-11-05 11:20:14,add,Cambrias,gain,player,Jordan Reed,TE,SF,,,,-12.75,00-0030472
2020,2266563,9,2020-11-05 11:19:58,drop,Cambrias,loss,player,Zach Ertz,TE,PHI,,,,-22,00-0030061
2020,2266564,9,2020-11-04 23:24:42,add/drop,Cambrias,gain,player,Jordan Wilkins,RB,FA,,,,-24.35,00-0034400
2020,2266564,9,2020-11-04 23:24:42,add/drop,Cambrias,loss,player,A.J. Green,WR,CIN,,,,-24.93,00-0027942
2020,2266565,9,2020-11-04 17:44:42,add/drop,Cambrias,gain,player,Nyheim Hines,RB,IND,,,,12.75,00-0034367
2020,2266565,9,2020-11-04 17:44:42,add/drop,Cambrias,loss,player,Tyler Ervin,RB,GB,,,,-31.8,00-0032404
2020,2266621,9,2020-11-04 14:26:55,add/drop,Frank & Julian,gain,player,Indianapolis Colts,DEF,IND,,,,1.5,DEF-0014
2020,2266621,9,2020-11-04 14:26:55,add/drop,Frank & Julian,loss,player,Chicago Bears,DEF,CHI,,,,-4,DEF-0006
2020,2266343,9,2020-11-04 11:15:57,add/drop,Antdell & Ernie,gain,player,Cam Akers,RB,LAR,,,,-2,00-0036414
2020,2266343,9,2020-11-04 11:15:57,add/drop,Antdell & Ernie,loss,player,Dexter Williams,RB,FA,,,,-37.65,00-0034995
2020,2266344,9,2020-11-04 11:07:53,add/drop,Antdell & Ernie,gain,player,Zane Gonzalez,K,ARI,,,,-11,00-0033862
2020,2266344,9,2020-11-04 11:07:53,add/drop,Antdell & Ernie,loss,player,Mason Crosby,K,GB,,,,0,00-0025580
2020,2266566,9,2020-11-04 10:30:41,add/drop,Cambrias,gain,player,Darnell Mooney,WR,CHI,,,,-17.48,00-0036309
2020,2266566,9,2020-11-04 10:30:41,add/drop,Cambrias,loss,player,Jamaal Williams,RB,GB,,,,-16.15,00-0033948
2020,2266313,9,2020-11-04 08:59:48,add/drop,Richie,gain,player,Arizona Cardinals,DEF,ARI,,,,0,DEF-0001
2020,2266313,9,2020-11-04 08:59:48,add/drop,Richie,loss,player,Los Angeles Rams,DEF,LAR,,,,11,DEF-0019
2020,2266424,9,2020-11-04 08:36:38,add,LFTLR,gain,player,Greg Olsen,TE,SEA,,,,-26,00-0025418
2020,2266314,9,2020-11-04 08:16:27,add/drop,Richie,gain,player,Tim Patrick,WR,DEN,,,,-7.18,00-0033375
2020,2266314,9,2020-11-04 08:16:27,add/drop,Richie,loss,player,AJ Dillon,RB,GB,,,,-24.2,00-0036265
2020,2266345,9,2020-11-04 08:16:27,add/drop,Antdell & Ernie,gain,player,Dexter Williams,RB,FA,,,,-37.65,00-0034995
2020,2266345,9,2020-11-04 08:16:27,add/drop,Antdell & Ernie,loss,player,Indianapolis Colts,DEF,IND,,,,1.5,DEF-0014
2020,2266402,9,2020-11-04 08:16:27,add/drop,Phil Baldino,gain,player,Houston Texans,DEF,HOU,,,,-12,DEF-0013
2020,2266402,9,2020-11-04 08:16:27,add/drop,Phil Baldino,loss,player,Philadelphia Eagles,DEF,PHI,,,,-8,DEF-0026
2020,2266478,9,2020-11-04 08:16:26,add/drop,Pung & Tralie,gain,player,Washington Commanders,DEF,WAS,,,,9.5,DEF-0032
2020,2266478,9,2020-11-04 08:16:26,add/drop,Pung & Tralie,loss,player,Buffalo Bills,DEF,BUF,,,,4,DEF-0004
2020,2266567,9,2020-11-04 08:16:26,add,Cambrias,gain,player,Tyler Ervin,RB,GB,,,,-31.8,00-0032404
2020,2266592,9,2020-11-04 08:16:26,add/drop,Team JoeBa,gain,player,Matthew Stafford,QB,DET,,,,-7.9,00-0026498
2020,2266592,9,2020-11-04 08:16:26,add/drop,Team JoeBa,loss,player,T.Y. Hilton,WR,IND,,,,2.42,00-0029608
2020,2266593,9,2020-11-04 08:16:26,add/drop,Team JoeBa,gain,player,Corey Davis,WR,TEN,,,,0.02,00-0033871
2020,2266593,9,2020-11-04 08:16:26,add/drop,Team JoeBa,loss,player,Jimmy Garoppolo,QB,SF,,,,,00-0031345
2020,2266622,9,2020-11-04 08:16:26,add,Frank & Julian,gain,player,Troymaine Pope,RB,FA,,,,-35.7,00-0033164
2020,2266568,9,2020-11-03 23:59:52,drop,Cambrias,loss,player,Scotty Miller,WR,TB,,,,-38.33,00-0035298
2020,2266534,9,2020-11-03 16:02:25,drop,Ronnie,loss,player,Jared Goff,QB,LAR,,,,-13.61,00-0033106
2020,2266346,9,2020-11-03 03:55:41,drop,Antdell & Ernie,loss,player,Lamical Perine,RB,PIT,,,,-27.8,00-0036269
2020,2266425,8,2020-11-01 17:23:54,add,LFTLR,gain,player,Adrian Peterson,RB,DET,,,,-13.73,00-0025394
2020,2266426,8,2020-11-01 17:21:41,drop,LFTLR,loss,player,LeSean McCoy,RB,TB,,,,-39.38,00-0027029
2020,2266427,8,2020-11-01 17:20:49,drop,LFTLR,loss,player,Dallas Cowboys,DEF,DAL,,,,5.63,DEF-0009
2020,2266535,8,2020-11-01 03:30:12,drop,Ronnie,loss,player,Julian Edelman,WR,NE,,,,,00-0027150
2020,2266509,8,2020-10-31 18:09:15,add/drop,Rob & GregBo,gain,player,Seattle Seahawks,DEF,SEA,,,,7.31,DEF-0029
2020,2266509,8,2020-10-31 18:09:15,add/drop,Rob & GregBo,loss,player,Devonta Freeman,RB,FA,,,,,00-0031285
2020,2266594,8,2020-10-31 13:46:03,add/drop,Team JoeBa,gain,player,T.Y. Hilton,WR,IND,,,,-0.06,00-0029608
2020,2266594,8,2020-10-31 13:46:03,add/drop,Team JoeBa,loss,player,Dion Lewis,RB,NYG,,,,-27.9,00-0028087
2020,2266445,8,2020-10-30 21:17:59,add/drop,Nolan & Vinny,gain,player,DeeJay Dallas,RB,ARI,,,,-18.79,00-0036425
2020,2266445,8,2020-10-30 21:17:59,add/drop,Nolan & Vinny,loss,player,Corey Davis,WR,TEN,,,,10.69,00-0033871
2020,2266479,8,2020-10-30 16:50:58,add/drop,Pung & Tralie,gain,player,Derek Carr,QB,LV,,,,-7.22,00-0031280
2020,2266479,8,2020-10-30 16:50:58,add/drop,Pung & Tralie,loss,player,Wayne Gallman,RB,NYG,,,,9.45,00-0033950
2020,2266347,8,2020-10-29 21:48:13,add,Antdell & Ernie,gain,player,Indianapolis Colts,DEF,IND,,,,7.88,DEF-0014
2020,2266348,8,2020-10-29 15:46:58,drop,Antdell & Ernie,loss,player,Gardner Minshew,QB,JAX,,,,-67.74,00-0035289
2020,2266380,8,2020-10-29 11:00:27,add/drop,Chris & Dom,gain,player,Randy Bullock,K,CIN,,,,-25.88,00-0029421
2020,2266380,8,2020-10-29 11:00:27,add/drop,Chris & Dom,loss,player,Greg Zuerlein,K,DAL,,,,10.69,00-0029621
2020,2266381,8,2020-10-29 10:58:55,add/drop,Chris & Dom,gain,player,Rashard Higgins,WR,CLE,,,,-18.17,00-0032977
2020,2266381,8,2020-10-29 10:58:55,add/drop,Chris & Dom,loss,player,DeeJay Dallas,RB,ARI,,,,-18.79,00-0036425
2020,2266446,8,2020-10-28 18:25:09,add/drop,Nolan & Vinny,gain,player,Corey Davis,WR,TEN,,,,10.69,00-0033871
2020,2266446,8,2020-10-28 18:25:09,add/drop,Nolan & Vinny,loss,player,Michael Gallup,WR,DAL,,,,-2.31,00-0034764
2020,2266480,8,2020-10-28 11:44:14,add,Pung & Tralie,gain,player,Wayne Gallman,RB,NYG,,,,9.45,00-0033950
2020,2266382,8,2020-10-28 09:57:34,add/drop,Chris & Dom,gain,player,DeeJay Dallas,RB,ARI,,,,-18.79,00-0036425
2020,2266382,8,2020-10-28 09:57:34,add/drop,Chris & Dom,loss,player,Tre'Quan Smith,WR,NO,,,,-33.81,00-0034765
2020,2266349,8,2020-10-28 08:46:07,drop,Antdell & Ernie,loss,player,Matthew Stafford,QB,DET,,,,-8.8,00-0026498
2020,2266350,8,2020-10-28 08:46:07,trade,Antdell & Ernie,gain,player,Aaron Rodgers,QB,GB,,,,40.73,00-0023459
2020,2266350,8,2020-10-28 08:46:07,trade,Antdell & Ernie,loss,player,Austin Ekeler,RB,LAC,,,,2.14,00-0033699
2020,2266481,8,2020-10-28 08:46:07,trade,Pung & Tralie,loss,player,Aaron Rodgers,QB,GB,,,,40.73,00-0023459
2020,2266481,8,2020-10-28 08:46:07,trade,Pung & Tralie,gain,player,Austin Ekeler,RB,LAC,,,,2.14,00-0033699
2020,2266351,8,2020-10-28 07:17:07,add/drop,Antdell & Ernie,gain,player,Mason Crosby,K,GB,,,,-5.06,00-0025580
2020,2266351,8,2020-10-28 07:17:07,add/drop,Antdell & Ernie,loss,player,Zane Gonzalez,K,ARI,,,,-18.56,00-0033862
2020,2266403,8,2020-10-28 07:17:07,add/drop,Phil Baldino,gain,player,J.K. Dobbins,RB,BAL,,,,7.03,00-0036158
2020,2266403,8,2020-10-28 07:17:07,add/drop,Phil Baldino,loss,player,Seattle Seahawks,DEF,SEA,,,,7.31,DEF-0029
2020,2266482,8,2020-10-28 07:17:07,add,Pung & Tralie,gain,player,Logan Thomas,TE,WAS,,,,14.24,00-0031260
2020,2266569,8,2020-10-28 07:17:07,add,Cambrias,gain,player,Scotty Miller,WR,TB,,,,-43.48,00-0035298
2020,2266623,8,2020-10-28 07:17:07,add/drop,Frank & Julian,gain,player,Sterling Shepard,WR,NYG,,,,-6.53,00-0032385
2020,2266623,8,2020-10-28 07:17:07,add/drop,Frank & Julian,loss,player,Josh Gordon,WR,FA,,,,,00-0029664
2020,2266315,8,2020-10-28 07:17:06,add,Richie,gain,player,Tevin Coleman,RB,SF,,,,-44.38,00-0032058
2020,2266404,8,2020-10-28 07:17:06,add/drop,Phil Baldino,gain,player,Zack Moss,RB,BUF,,,,-5.79,00-0036251
2020,2266404,8,2020-10-28 07:17:06,add/drop,Phil Baldino,loss,player,Cam Akers,RB,LAR,,,,-2.08,00-0036414
2020,2266447,8,2020-10-28 07:17:06,add/drop,Nolan & Vinny,gain,player,Carlos Hyde,RB,SEA,,,,-17.55,00-0031045
2020,2266447,8,2020-10-28 07:17:06,add/drop,Nolan & Vinny,loss,player,Anthony Firkser,TE,TEN,,,,-24.08,00-0033455
2020,2266510,8,2020-10-28 07:17:06,add/drop,Rob & GregBo,gain,player,Tennessee Titans,DEF,TEN,,,,-10.13,DEF-0031
2020,2266510,8,2020-10-28 07:17:06,add/drop,Rob & GregBo,loss,player,Washington Commanders,DEF,WAS,,,,8.44,DEF-0032
2020,2266624,8,2020-10-28 07:17:06,add/drop,Frank & Julian,gain,player,JaMycal Hasty,RB,NE,,,,-37.07,00-0035806
2020,2266624,8,2020-10-28 07:17:06,add/drop,Frank & Julian,loss,player,Adrian Peterson,RB,DET,,,,-13.73,00-0025394
2020,2266595,8,2020-10-28 01:18:17,drop,Team JoeBa,loss,player,Odell Beckham,WR,CLE,,,,,00-0031235
2020,2266570,8,2020-10-27 20:48:42,drop,Cambrias,loss,player,Laviska Shenault,WR,JAX,,,,-26.27,00-0036268
2020,2266483,7,2020-10-26 12:13:45,drop,Pung & Tralie,loss,player,Dalton Schultz,TE,DAL,,,,-6.31,00-0034383
2020,2266511,7,2020-10-25 16:09:05,add/drop,Rob & GregBo,gain,player,Washington Commanders,DEF,WAS,,,,14.38,DEF-0032
2020,2266511,7,2020-10-25 16:09:05,add/drop,Rob & GregBo,loss,player,Tennessee Titans,DEF,TEN,,,,-13.13,DEF-0031
2020,2266512,7,2020-10-25 03:57:37,add/drop,Rob & GregBo,gain,player,Brandon McManus,K,DEN,,,,-5.63,00-0029822
2020,2266512,7,2020-10-25 03:57:37,add/drop,Rob & GregBo,loss,player,Cairo Santos,K,CHI,,,,5,00-0031203
2020,2266316,7,2020-10-24 01:34:00,add/drop,Richie,gain,player,AJ Dillon,RB,GB,,,,-35.25,00-0036265
2020,2266316,7,2020-10-24 01:34:00,add/drop,Richie,loss,player,D'Ernest Johnson,RB,CLE,,,,-52.25,00-0035628
2020,2266383,7,2020-10-23 19:11:09,add/drop,Chris & Dom,gain,player,Tre'Quan Smith,WR,NO,,,,-41.79,00-0034765
2020,2266383,7,2020-10-23 19:11:09,add/drop,Chris & Dom,loss,player,Tyler Higbee,TE,LAR,,,,-14.19,00-0033110
2020,2266571,7,2020-10-23 18:16:39,add,Cambrias,gain,player,Jamaal Williams,RB,GB,,,,-4.06,00-0033948
2020,2266448,7,2020-10-23 17:25:59,add/drop,Nolan & Vinny,gain,player,Cole Beasley,WR,BUF,,,,5.71,00-0029000
2020,2266448,7,2020-10-23 17:25:59,add/drop,Nolan & Vinny,loss,player,Marquez Valdes-Scantling,WR,GB,,,,-29.73,00-0034272
2020,2266449,7,2020-10-23 17:24:36,add/drop,Nolan & Vinny,gain,player,Christian Kirk,WR,ARI,,,,-19.66,00-0034775
2020,2266449,7,2020-10-23 17:24:36,add/drop,Nolan & Vinny,loss,player,Rex Burkhead,RB,NE,,,,-22.88,00-0030288
2020,2266317,7,2020-10-22 22:14:44,add/drop,Richie,gain,player,Daniel Carlson,K,LV,,,,10.63,00-0034161
2020,2266317,7,2020-10-22 22:14:44,add/drop,Richie,loss,player,Jason Sanders,K,MIA,,,,11.88,00-0034794
2020,2266384,7,2020-10-22 22:12:03,trade,Chris & Dom,loss,player,Justin Jackson,RB,LAC,,,,-35.56,00-0034440
2020,2266384,7,2020-10-22 22:12:03,trade,Chris & Dom,loss,player,Rob Gronkowski,TE,TB,,,,10,00-0027656
2020,2266384,7,2020-10-22 22:12:03,trade,Chris & Dom,gain,player,Darren Waller,TE,LV,,,,59.25,00-0031610
2020,2266596,7,2020-10-22 22:12:03,drop,Team JoeBa,loss,player,Kerryon Johnson,RB,DET,,,,-23.69,00-0034349
2020,2266597,7,2020-10-22 22:12:03,trade,Team JoeBa,gain,player,Justin Jackson,RB,LAC,,,,-35.56,00-0034440
2020,2266597,7,2020-10-22 22:12:03,trade,Team JoeBa,gain,player,Rob Gronkowski,TE,TB,,,,10,00-0027656
2020,2266597,7,2020-10-22 22:12:03,trade,Team JoeBa,loss,player,Darren Waller,TE,LV,,,,59.25,00-0031610
2020,2266484,7,2020-10-22 22:11:56,trade,Pung & Tralie,loss,player,Melvin Gordon,RB,DEN,,,,13.69,00-0032144
2020,2266484,7,2020-10-22 22:11:56,trade,Pung & Tralie,loss,player,Jimmy Graham,TE,CHI,,,,-5.5,00-0027696
2020,2266484,7,2020-10-22 22:11:56,trade,Pung & Tralie,gain,player,Le'Veon Bell,RB,NYJ,,,,-18.5,00-0030496
2020,2266484,7,2020-10-22 22:11:56,trade,Pung & Tralie,gain,player,Mark Andrews,TE,BAL,,,,3.44,00-0034753
2020,2266625,7,2020-10-22 22:11:56,trade,Frank & Julian,gain,player,Melvin Gordon,RB,DEN,,,,13.69,00-0032144
2020,2266625,7,2020-10-22 22:11:56,trade,Frank & Julian,gain,player,Jimmy Graham,TE,CHI,,,,-5.5,00-0027696
2020,2266625,7,2020-10-22 22:11:56,trade,Frank & Julian,loss,player,Le'Veon Bell,RB,NYJ,,,,-18.5,00-0030496
2020,2266625,7,2020-10-22 22:11:56,trade,Frank & Julian,loss,player,Mark Andrews,TE,BAL,,,,3.44,00-0034753
2020,2266385,7,2020-10-21 23:00:43,add/drop,Chris & Dom,gain,player,Giovani Bernard,RB,CIN,,,,18.5,00-0030456
2020,2266385,7,2020-10-21 23:00:43,add/drop,Chris & Dom,loss,player,Ryan Fitzpatrick,QB,MIA,,,,-76.9,00-0023682
2020,2266405,7,2020-10-21 20:36:41,add/drop,Phil Baldino,gain,player,Cleveland Browns,DEF,CLE,,,,-4.38,DEF-0008
2020,2266405,7,2020-10-21 20:36:41,add/drop,Phil Baldino,loss,player,N'Keal Harry,WR,NE,,,,-56.98,00-0035624
2020,2266406,7,2020-10-21 20:08:14,add/drop,Phil Baldino,gain,player,Antonio Brown,WR,FA,,,,-26.41,00-0027793
2020,2266406,7,2020-10-21 20:08:14,add/drop,Phil Baldino,loss,player,Cleveland Browns,DEF,CLE,,,,-4.38,DEF-0008
2020,2266513,7,2020-10-21 15:03:34,add/drop,Rob & GregBo,gain,player,Teddy Bridgewater,QB,CAR,,,,-11.59,00-0031237
2020,2266513,7,2020-10-21 15:03:34,add/drop,Rob & GregBo,loss,player,Baker Mayfield,QB,CLE,,,,0,00-0034855
2020,2266572,7,2020-10-21 10:44:37,add/drop,Cambrias,gain,player,Ryan Succop,K,TB,,,,1.25,00-0026968
2020,2266572,7,2020-10-21 10:44:37,add/drop,Cambrias,loss,player,Dan Bailey,K,MIN,,,,-16.25,00-0028660
2020,2266450,7,2020-10-21 07:33:57,add/drop,Nolan & Vinny,gain,player,Tampa Bay Buccaneers,DEF,TB,,,,-8.13,DEF-0030
2020,2266450,7,2020-10-21 07:33:57,add/drop,Nolan & Vinny,loss,player,Miami Dolphins,DEF,MIA,,,,18.75,DEF-0020
2020,2266352,7,2020-10-21 07:16:20,add/drop,Antdell & Ernie,gain,player,Lamical Perine,RB,PIT,,,,-31.56,00-0036269
2020,2266352,7,2020-10-21 07:16:20,add/drop,Antdell & Ernie,loss,player,Andy Dalton,QB,CAR,,,,-28.76,00-0027973
2020,2266386,7,2020-10-21 07:16:20,add,Chris & Dom,gain,player,Boston Scott,RB,PHI,,,,-14.19,00-0034414
2020,2266407,7,2020-10-21 07:16:20,add/drop,Phil Baldino,gain,player,Cleveland Browns,DEF,CLE,,,,-4.38,DEF-0008
2020,2266407,7,2020-10-21 07:16:20,add/drop,Phil Baldino,loss,player,Washington Commanders,DEF,WAS,,,,14.38,DEF-0032
2020,2266408,7,2020-10-21 07:16:20,add,Phil Baldino,gain,player,Seattle Seahawks,DEF,SEA,,,,2.5,DEF-0029
2020,2266428,7,2020-10-21 07:16:20,add,LFTLR,gain,player,Jake Elliott,K,PHI,,,,-23.13,00-0033787
2020,2266451,7,2020-10-21 07:16:20,add/drop,Nolan & Vinny,gain,player,Anthony Firkser,TE,TEN,,,,-28.06,00-0033455
2020,2266451,7,2020-10-21 07:16:20,add/drop,Nolan & Vinny,loss,player,Mason Crosby,K,GB,,,,-6.88,00-0025580
2020,2266485,7,2020-10-21 07:16:20,add/drop,Pung & Tralie,gain,player,Buffalo Bills,DEF,BUF,,,,8.13,DEF-0004
2020,2266485,7,2020-10-21 07:16:20,add/drop,Pung & Tralie,loss,player,Greg Ward,WR,PHI,,,,-30.1,00-0033733
2020,2266536,7,2020-10-21 07:16:20,add,Ronnie,gain,player,Rodrigo Blankenship,K,IND,,,,-1.25,00-0035849
2020,2266537,7,2020-10-21 07:16:20,add,Ronnie,gain,player,Matt Prater,K,DET,,,,-5.63,00-0023853
2020,2266573,7,2020-10-21 07:16:20,add/drop,Cambrias,gain,player,Los Angeles Chargers,DEF,LAC,,,,-11.25,DEF-0018
2020,2266573,7,2020-10-21 07:16:20,add/drop,Cambrias,loss,player,Indianapolis Colts,DEF,IND,,,,3.13,DEF-0014
2020,2266574,7,2020-10-21 07:16:20,add,Cambrias,gain,player,A.J. Green,WR,CIN,,,,-34.23,00-0027942
2020,2266626,7,2020-10-21 07:16:20,add/drop,Frank & Julian,gain,player,J.D. McKissic,RB,WAS,,,,27.63,00-0032602
2020,2266626,7,2020-10-21 07:16:20,add/drop,Frank & Julian,loss,player,Teddy Bridgewater,QB,CAR,,,,-11.59,00-0031237
2020,2266575,7,2020-10-21 03:02:04,drop,Cambrias,loss,player,T.Y. Hilton,WR,IND,,,,-10.16,00-0029608
2020,2266409,7,2020-10-20 23:04:30,trade,Phil Baldino,loss,player,,,NE,,,,,00-0021142
2020,2266409,7,2020-10-20 23:04:30,trade,Phil Baldino,loss,player,Mike Davis,RB,FA,,,,9.06,00-0032063
2020,2266409,7,2020-10-20 23:04:30,trade,Phil Baldino,gain,player,JuJu Smith-Schuster,WR,PIT,,,,19.15,00-0033857
2020,2266576,7,2020-10-20 23:04:30,trade,Cambrias,gain,player,,,NE,,,,,00-0021142
2020,2266576,7,2020-10-20 23:04:30,trade,Cambrias,gain,player,Mike Davis,RB,FA,,,,9.06,00-0032063
2020,2266576,7,2020-10-20 23:04:30,trade,Cambrias,loss,player,JuJu Smith-Schuster,WR,PIT,,,,19.15,00-0033857
2020,2266538,7,2020-10-20 14:55:13,drop,Ronnie,loss,player,Cameron Brate,TE,TB,,,,-22.19,00-0031273
2020,2266539,7,2020-10-20 14:28:03,drop,Ronnie,loss,player,Rodrigo Blankenship,K,IND,,,,-1.25,00-0035849
2020,2266387,6,2020-10-18 15:36:46,add/drop,Chris & Dom,gain,player,Trey Burton,TE,FA,,,,-9.76,00-0030710
2020,2266387,6,2020-10-18 15:36:46,add/drop,Chris & Dom,loss,player,Jack Doyle,TE,IND,,,,-24.96,00-0030181
2020,2266540,6,2020-10-18 13:32:20,add,Ronnie,gain,player,Kansas City Chiefs,DEF,KC,,,,2.75,DEF-0016
2020,2266541,6,2020-10-18 13:32:03,drop,Ronnie,loss,player,Tampa Bay Buccaneers,DEF,TB,,,,2.06,DEF-0030
2020,2266388,6,2020-10-18 01:38:18,add/drop,Chris & Dom,gain,player,Jack Doyle,TE,IND,,,,-24.96,00-0030181
2020,2266388,6,2020-10-18 01:38:18,add/drop,Chris & Dom,loss,player,Scotty Miller,WR,TB,,,,-54.38,00-0035298
2020,2266627,6,2020-10-16 22:27:44,add/drop,Frank & Julian,gain,player,Josh Gordon,WR,FA,,,,,00-0029664
2020,2266627,6,2020-10-16 22:27:44,add/drop,Frank & Julian,loss,player,Olamide Zaccheaus,WR,WAS,,,,-74.46,00-0035208
2020,2266353,6,2020-10-16 16:16:03,add,Antdell & Ernie,gain,player,Andy Dalton,QB,CAR,,,,-37.58,00-0027973
2020,2266598,6,2020-10-16 09:49:18,add,Team JoeBa,gain,player,Austin Hooper,TE,CLE,,,,-16.57,00-0032392
2020,2266599,6,2020-10-16 09:45:34,drop,Team JoeBa,loss,player,Jeffery Wilson,RB,MIA,,,,-6.12,00-0034115
2020,2266514,6,2020-10-15 18:28:44,add/drop,Rob & GregBo,gain,player,Tennessee Titans,DEF,TEN,,,,-17.88,DEF-0031
2020,2266514,6,2020-10-15 18:28:44,add/drop,Rob & GregBo,loss,player,Kansas City Chiefs,DEF,KC,,,,2.75,DEF-0016
2020,2266515,6,2020-10-15 15:57:57,add/drop,Rob & GregBo,gain,player,Travis Fulgham,WR,FA,,,,-44.14,00-0035592
2020,2266515,6,2020-10-15 15:57:57,add/drop,Rob & GregBo,loss,player,Hunter Renfrow,WR,LV,,,,-36.85,00-0034983
2020,2266600,6,2020-10-15 13:55:05,add/drop,Team JoeBa,gain,player,Green Bay Packers,DEF,GB,,,,-2.75,DEF-0012
2020,2266600,6,2020-10-15 13:55:05,add/drop,Team JoeBa,loss,player,Seattle Seahawks,DEF,SEA,,,,0.69,DEF-0029
2020,2266577,6,2020-10-15 10:09:19,add/drop,Cambrias,gain,player,Laviska Shenault,WR,JAX,,,,-42.28,00-0036268
2020,2266577,6,2020-10-15 10:09:19,add/drop,Cambrias,loss,player,Buffalo Bills,DEF,BUF,,,,8.94,DEF-0004
2020,2266578,6,2020-10-15 10:06:26,add/drop,Cambrias,gain,player,Dan Bailey,K,MIN,,,,-23.38,00-0028660
2020,2266578,6,2020-10-15 10:06:26,add/drop,Cambrias,loss,player,Randy Bullock,K,CIN,,,,-27.5,00-0029421
2020,2266318,6,2020-10-15 09:01:09,add/drop,Richie,gain,player,Jason Sanders,K,MIA,,,,11,00-0034794
2020,2266318,6,2020-10-15 09:01:09,add/drop,Richie,loss,player,Jake Elliott,K,PHI,,,,-31.63,00-0033787
2020,2266389,6,2020-10-15 08:58:31,add/drop,Chris & Dom,gain,player,Ryan Fitzpatrick,QB,MIA,,,,-87.09,00-0023682
2020,2266389,6,2020-10-15 08:58:31,add/drop,Chris & Dom,loss,player,Dak Prescott,QB,DAL,,,,,00-0033077
2020,2266410,6,2020-10-15 08:57:37,add/drop,Phil Baldino,gain,player,Philadelphia Eagles,DEF,PHI,,,,-0.69,DEF-0026
2020,2266410,6,2020-10-15 08:57:37,add/drop,Phil Baldino,loss,player,Austin Hooper,TE,CLE,,,,-16.57,00-0032392
2020,2266411,6,2020-10-15 08:57:02,add/drop,Phil Baldino,gain,player,Washington Commanders,DEF,WAS,,,,16.5,DEF-0032
2020,2266411,6,2020-10-15 08:57:02,add/drop,Phil Baldino,loss,player,Cleveland Browns,DEF,CLE,,,,-6.19,DEF-0008
2020,2266319,6,2020-10-15 08:35:19,add/drop,Richie,gain,player,Alexander Mattison,RB,MIN,,,,-57.61,00-0034972
2020,2266319,6,2020-10-15 08:35:19,add/drop,Richie,loss,player,A.J. Green,WR,CIN,,,,-32.52,00-0027942
2020,2266354,6,2020-10-15 08:35:19,add/drop,Antdell & Ernie,gain,player,Jalen Reagor,WR,PHI,,,,-43.04,00-0036387
2020,2266354,6,2020-10-15 08:35:19,add/drop,Antdell & Ernie,loss,player,Arizona Cardinals,DEF,ARI,,,,4.13,DEF-0001
2020,2266355,6,2020-10-15 08:35:19,add/drop,Antdell & Ernie,gain,player,New England Patriots,DEF,NE,,,,-2.06,DEF-0022
2020,2266355,6,2020-10-15 08:35:19,add/drop,Antdell & Ernie,loss,player,Los Angeles Chargers,DEF,LAC,,,,-14.44,DEF-0018
2020,2266452,6,2020-10-15 08:35:19,add/drop,Nolan & Vinny,gain,player,Mason Crosby,K,GB,,,,-11,00-0025580
2020,2266452,6,2020-10-15 08:35:19,add/drop,Nolan & Vinny,loss,player,Andy Isabella,WR,BUF,,,,-78.38,00-0035527
2020,2266453,6,2020-10-15 08:35:19,add/drop,Nolan & Vinny,gain,player,Miami Dolphins,DEF,MIA,,,,28.88,DEF-0020
2020,2266453,6,2020-10-15 08:35:19,add/drop,Nolan & Vinny,loss,player,New Orleans Saints,DEF,NO,,,,11.69,DEF-0023
2020,2266454,6,2020-10-15 08:35:19,add/drop,Nolan & Vinny,gain,player,Ryan Tannehill,QB,TEN,,,,37.47,00-0029701
2020,2266454,6,2020-10-15 08:35:19,add/drop,Nolan & Vinny,loss,player,Greg Olsen,TE,SEA,,,,-45.86,00-0025418
2020,2266516,6,2020-10-15 08:35:19,add/drop,Rob & GregBo,gain,player,Cairo Santos,K,CHI,,,,8.25,00-0031203
2020,2266516,6,2020-10-15 08:35:19,add/drop,Rob & GregBo,loss,player,Jason Myers,K,SEA,,,,10.31,00-0031492
2020,2266579,6,2020-10-15 08:35:19,add/drop,Cambrias,gain,player,Justin Herbert,QB,LAC,,,,24.75,00-0036355
2020,2266579,6,2020-10-15 08:35:19,add/drop,Cambrias,loss,player,Nyheim Hines,RB,IND,,,,21.24,00-0034367
2020,2266580,6,2020-10-15 08:35:19,add/drop,Cambrias,gain,player,Chase Claypool,WR,PIT,,,,-6.46,00-0036326
2020,2266580,6,2020-10-15 08:35:19,add/drop,Cambrias,loss,player,Zack Moss,RB,BUF,,,,-11.34,00-0036251
2020,2266628,6,2020-10-15 08:35:19,add/drop,Frank & Julian,gain,player,Adrian Peterson,RB,DET,,,,-17.19,00-0025394
2020,2266628,6,2020-10-15 08:35:19,add/drop,Frank & Julian,loss,player,J.K. Dobbins,RB,BAL,,,,0,00-0036158
2020,2266412,6,2020-10-14 22:54:38,trade,Phil Baldino,gain,player,Mike Davis,RB,FA,,,,11.21,00-0032063
2020,2266412,6,2020-10-14 22:54:38,trade,Phil Baldino,gain,player,Julio Jones,WR,ATL,,,,-15.74,00-0027944
2020,2266412,6,2020-10-14 22:54:38,trade,Phil Baldino,loss,player,Jarvis Landry,WR,CLE,,,,-10.67,00-0031382
2020,2266412,6,2020-10-14 22:54:38,trade,Phil Baldino,loss,player,Devin Singletary,RB,BUF,,,,-11.89,00-0035250
2020,2266629,6,2020-10-14 22:54:38,trade,Frank & Julian,loss,player,Mike Davis,RB,FA,,,,11.21,00-0032063
2020,2266629,6,2020-10-14 22:54:38,trade,Frank & Julian,loss,player,Julio Jones,WR,ATL,,,,-15.74,00-0027944
2020,2266629,6,2020-10-14 22:54:38,trade,Frank & Julian,gain,player,Jarvis Landry,WR,CLE,,,,-10.67,00-0031382
2020,2266629,6,2020-10-14 22:54:38,trade,Frank & Julian,gain,player,Devin Singletary,RB,BUF,,,,-11.89,00-0035250
2020,2266581,6,2020-10-13 11:29:55,drop,Cambrias,loss,player,Russell Gage,WR,ATL,,,,-17.9,00-0034411
2020,2266630,5,2020-10-11 14:08:01,add/drop,Frank & Julian,gain,player,Teddy Bridgewater,QB,CAR,,,,-11.18,00-0031237
2020,2266630,5,2020-10-11 14:08:01,add/drop,Frank & Julian,loss,player,Ka'imi Fairbairn,K,HOU,,,,-6,00-0032726
2020,2266486,5,2020-10-11 13:50:57,add/drop,Pung & Tralie,gain,player,Keelan Cole,WR,JAX,,,,-34.5,00-0033681
2020,2266486,5,2020-10-11 13:50:57,add/drop,Pung & Tralie,loss,player,Stephen Gostkowski,K,TEN,,,,-11.25,00-0024333
2020,2266413,5,2020-10-11 13:12:13,add/drop,Phil Baldino,gain,player,Cleveland Browns,DEF,CLE,,,,-3,DEF-0008
2020,2266413,5,2020-10-11 13:12:13,add/drop,Phil Baldino,loss,player,New England Patriots,DEF,NE,,,,-8.25,DEF-0022
2020,2266631,5,2020-10-11 03:40:57,add/drop,Frank & Julian,gain,player,Olamide Zaccheaus,WR,WAS,,,,-89.25,00-0035208
2020,2266631,5,2020-10-11 03:40:57,add/drop,Frank & Julian,loss,player,Mo Alie-Cox,TE,IND,,,,-42.83,00-0033217
2020,2266601,5,2020-10-10 22:55:13,add/drop,Team JoeBa,gain,player,Seattle Seahawks,DEF,SEA,,,,0,DEF-0029
2020,2266601,5,2020-10-10 22:55:13,add/drop,Team JoeBa,loss,player,Green Bay Packers,DEF,GB,,,,-9,DEF-0012
2020,2266602,5,2020-10-10 22:52:39,add/drop,Team JoeBa,gain,player,Joey Slye,K,CAR,,,,-3,00-0035192
2020,2266602,5,2020-10-10 22:52:39,add/drop,Team JoeBa,loss,player,Matt Prater,K,DET,,,,-11.25,00-0023853
2020,2266632,5,2020-10-10 01:35:27,drop,Frank & Julian,loss,player,Randall Cobb,WR,HOU,,,,-64.43,00-0028002
2020,2266356,5,2020-10-09 17:55:59,add/drop,Antdell & Ernie,gain,player,Gardner Minshew,QB,JAX,,,,-72.95,00-0035289
2020,2266356,5,2020-10-09 17:55:59,add/drop,Antdell & Ernie,loss,player,Teddy Bridgewater,QB,CAR,,,,-11.18,00-0031237
2020,2266357,5,2020-10-08 23:54:00,add,Antdell & Ernie,gain,player,Teddy Bridgewater,QB,CAR,,,,-11.18,00-0031237
2020,2266455,5,2020-10-08 21:50:36,add,Nolan & Vinny,gain,player,Greg Olsen,TE,SEA,,,,-54.9,00-0025418
2020,2266487,5,2020-10-08 14:11:02,add/drop,Pung & Tralie,gain,player,Younghoe Koo,K,ATL,,,,24,00-0033702
2020,2266487,5,2020-10-08 14:11:02,add/drop,Pung & Tralie,loss,player,Greg Olsen,TE,SEA,,,,-54.9,00-0025418
2020,2266488,5,2020-10-08 14:10:11,add,Pung & Tralie,gain,player,Greg Olsen,TE,SEA,,,,-54.9,00-0025418
2020,2266489,5,2020-10-08 14:09:29,add/drop,Pung & Tralie,gain,player,Rashaad Penny,RB,CAR,,,,-79.95,00-0034750
2020,2266489,5,2020-10-08 14:09:29,add/drop,Pung & Tralie,loss,player,Larry Fitzgerald,WR,ARI,,,,-50.7,00-0022921
2020,2266517,5,2020-10-08 04:19:55,add/drop,Rob & GregBo,gain,player,Hunter Renfrow,WR,LV,,,,-46.05,00-0034983
2020,2266517,5,2020-10-08 04:19:55,add/drop,Rob & GregBo,loss,player,Preston Williams,WR,MIA,,,,-71.85,00-0035350
2020,2266603,5,2020-10-07 13:18:20,add/drop,Team JoeBa,gain,player,Dion Lewis,RB,NYG,,,,-53.33,00-0028087
2020,2266603,5,2020-10-07 13:18:20,add/drop,Team JoeBa,loss,player,Justin Watson,WR,TB,,,,-109.28,00-0034386
2020,2266358,5,2020-10-07 10:27:47,add/drop,Antdell & Ernie,gain,player,Arizona Cardinals,DEF,ARI,,,,3.75,DEF-0001
2020,2266358,5,2020-10-07 10:27:47,add/drop,Antdell & Ernie,loss,player,Tre'Quan Smith,WR,NO,,,,-65.4,00-0034765
2020,2266414,5,2020-10-07 09:59:13,add/drop,Phil Baldino,gain,player,,,NE,,,,,00-0021142
2020,2266414,5,2020-10-07 09:59:13,add/drop,Phil Baldino,loss,player,Carlos Hyde,RB,SEA,,,,-30.38,00-0031045
2020,2266320,5,2020-10-07 07:17:04,add/drop,Richie,gain,player,D'Ernest Johnson,RB,CLE,,,,-72.83,00-0035628
2020,2266320,5,2020-10-07 07:17:04,add/drop,Richie,loss,player,Jordan Akins,TE,HOU,,,,-37.58,00-0034364
2020,2266390,5,2020-10-07 07:17:04,add/drop,Chris & Dom,gain,player,Rob Gronkowski,TE,TB,,,,23.63,00-0027656
2020,2266390,5,2020-10-07 07:17:04,add/drop,Chris & Dom,loss,player,Arizona Cardinals,DEF,ARI,,,,3.75,DEF-0001
2020,2266391,5,2020-10-07 07:17:04,add/drop,Chris & Dom,gain,player,Justin Jackson,RB,LAC,,,,-45.53,00-0034440
2020,2266391,5,2020-10-07 07:17:04,add/drop,Chris & Dom,loss,player,Logan Thomas,TE,WAS,,,,29.72,00-0031260
2020,2266415,5,2020-10-07 07:17:04,add/drop,Phil Baldino,gain,player,New England Patriots,DEF,NE,,,,-8.25,DEF-0022
2020,2266415,5,2020-10-07 07:17:04,add/drop,Phil Baldino,loss,player,Denver Broncos,DEF,DEN,,,,-19.5,DEF-0010
2020,2266490,5,2020-10-07 07:17:04,add/drop,Pung & Tralie,gain,player,Stephen Gostkowski,K,TEN,,,,-11.25,00-0024333
2020,2266490,5,2020-10-07 07:17:04,add/drop,Pung & Tralie,loss,player,Mason Crosby,K,GB,,,,-18,00-0025580
2020,2266518,5,2020-10-07 07:17:04,add/drop,Rob & GregBo,gain,player,Kansas City Chiefs,DEF,KC,,,,-3.75,DEF-0016
2020,2266518,5,2020-10-07 07:17:04,add/drop,Rob & GregBo,loss,player,Seattle Seahawks,DEF,SEA,,,,0,DEF-0029
2020,2266542,5,2020-10-07 07:17:04,add/drop,Ronnie,gain,player,Cameron Brate,TE,TB,,,,-27.23,00-0031273
2020,2266542,5,2020-10-07 07:17:04,add/drop,Ronnie,loss,player,Corey Davis,WR,TEN,,,,-3.6,00-0033871
2020,2266321,5,2020-10-06 22:31:34,drop,Richie,loss,player,Ryan Fitzpatrick,QB,MIA,,,,-79.52,00-0023682
2020,2266322,5,2020-10-06 09:59:47,drop,Richie,loss,player,DeSean Jackson,WR,PHI,,,,-92.25,00-0026189
2020,2266359,5,2020-10-06 01:41:54,drop,Antdell & Ernie,loss,player,Parris Campbell,WR,IND,,,,,00-0035639
2020,2266633,4,2020-10-04 11:22:53,add,Frank & Julian,gain,player,Ka'imi Fairbairn,K,HOU,,,,-4.06,00-0032726
2020,2266416,4,2020-10-04 10:38:35,add/drop,Phil Baldino,gain,player,Austin Hooper,TE,CLE,,,,-13.16,00-0032392
2020,2266416,4,2020-10-04 10:38:35,add/drop,Phil Baldino,loss,player,Tony Pollard,RB,DAL,,,,-13.73,00-0035261
2020,2266634,4,2020-10-04 02:25:30,add/drop,Frank & Julian,gain,player,Randall Cobb,WR,HOU,,,,-78.08,00-0028002
2020,2266634,4,2020-10-04 02:25:30,add/drop,Frank & Julian,loss,player,Keelan Cole,WR,JAX,,,,-43.23,00-0033681
2020,2266360,4,2020-10-03 22:03:38,add/drop,Antdell & Ernie,gain,player,Los Angeles Chargers,DEF,LAC,,,,-23.56,DEF-0018
2020,2266360,4,2020-10-03 22:03:38,add/drop,Antdell & Ernie,loss,player,Kansas City Chiefs,DEF,KC,,,,6.5,DEF-0016
2020,2266392,4,2020-10-03 15:48:14,add/drop,Chris & Dom,gain,player,Arizona Cardinals,DEF,ARI,,,,-0.81,DEF-0001
2020,2266392,4,2020-10-03 15:48:14,add/drop,Chris & Dom,loss,player,Adrian Peterson,RB,DET,,,,-32.09,00-0025394
2020,2266604,4,2020-10-03 15:38:12,add/drop,Team JoeBa,gain,player,Green Bay Packers,DEF,GB,,,,-11.38,DEF-0012
2020,2266604,4,2020-10-03 15:38:12,add/drop,Team JoeBa,loss,player,Minnesota Vikings,DEF,MIN,,,,-20.31,DEF-0021
2020,2266605,4,2020-10-03 15:35:16,add/drop,Team JoeBa,gain,player,Justin Watson,WR,TB,,,,-124.72,00-0034386
2020,2266605,4,2020-10-03 15:35:16,add/drop,Team JoeBa,loss,player,Matt Breida,RB,MIA,,,,-72.48,00-0033308
2020,2266635,4,2020-10-03 01:44:47,add,Frank & Julian,gain,player,Jerry Jeudy,WR,DEN,,,,-49.73,00-0036407
2020,2266456,4,2020-10-03 00:53:59,add/drop,Nolan & Vinny,gain,player,Andy Isabella,WR,BUF,,,,-110.09,00-0035527
2020,2266456,4,2020-10-03 00:53:59,add/drop,Nolan & Vinny,loss,player,Jerry Jeudy,WR,DEN,,,,-49.73,00-0036407
2020,2266323,4,2020-10-02 23:55:47,add,Richie,gain,player,Jordan Akins,TE,HOU,,,,-40.79,00-0034364
2020,2266582,4,2020-10-02 03:44:01,add/drop,Cambrias,gain,player,Indianapolis Colts,DEF,IND,,,,7.31,DEF-0014
2020,2266582,4,2020-10-02 03:44:01,add/drop,Cambrias,loss,player,Dion Lewis,RB,NYG,,,,-67.36,00-0028087
2020,2266457,4,2020-10-01 23:55:26,add/drop,Nolan & Vinny,gain,player,Marquez Valdes-Scantling,WR,GB,,,,-58.34,00-0034272
2020,2266457,4,2020-10-01 23:55:26,add/drop,Nolan & Vinny,loss,player,Mecole Hardman,WR,KC,,,,-51.11,00-0035140
2020,2266491,4,2020-10-01 21:25:59,add/drop,Pung & Tralie,gain,player,Greg Ward,WR,PHI,,,,-49.4,00-0033733
2020,2266491,4,2020-10-01 21:25:59,add/drop,Pung & Tralie,loss,player,KJ Hamler,WR,BUF,,,,-69.79,00-0036412
2020,2266324,4,2020-10-01 18:13:28,add/drop,Richie,gain,player,Ryan Fitzpatrick,QB,MIA,,,,-82.66,00-0023682
2020,2266324,4,2020-10-01 18:13:28,add/drop,Richie,loss,player,Malcolm Brown,RB,LAR,,,,-40.63,00-0031806
2020,2266458,4,2020-10-01 16:25:05,add/drop,Nolan & Vinny,gain,player,Robert Tonyan,TE,MIN,,,,30.47,00-0033757
2020,2266458,4,2020-10-01 16:25:05,add/drop,Nolan & Vinny,loss,player,Marquez Valdes-Scantling,WR,GB,,,,-58.34,00-0034272
2020,2266583,4,2020-10-01 14:23:34,add/drop,Cambrias,gain,player,Randy Bullock,K,CIN,,,,-30.88,00-0029421
2020,2266583,4,2020-10-01 14:23:34,add/drop,Cambrias,loss,player,Stephen Gostkowski,K,TEN,,,,-20.31,00-0024333
2020,2266519,4,2020-09-30 19:28:57,add/drop,Rob & GregBo,gain,player,Seattle Seahawks,DEF,SEA,,,,-1.63,DEF-0029
2020,2266519,4,2020-09-30 19:28:57,add/drop,Rob & GregBo,loss,player,Tennessee Titans,DEF,TEN,,,,-26.81,DEF-0031
2020,2266636,4,2020-09-30 12:52:26,add/drop,Frank & Julian,gain,player,Mo Alie-Cox,TE,IND,,,,-45.91,00-0033217
2020,2266636,4,2020-09-30 12:52:26,add/drop,Frank & Julian,loss,player,,,NE,,,,,00-0021142
2020,2266637,4,2020-09-30 12:51:26,add/drop,Frank & Julian,gain,player,Tee Higgins,WR,CIN,,,,4.55,00-0036410
2020,2266637,4,2020-09-30 12:51:26,add/drop,Frank & Julian,loss,player,Daniel Jones,QB,NYG,,,,-55.67,00-0035710
2020,2266459,4,2020-09-30 12:22:48,add/drop,Nolan & Vinny,gain,player,Rex Burkhead,RB,NE,,,,-51.19,00-0030288
2020,2266459,4,2020-09-30 12:22:48,add/drop,Nolan & Vinny,loss,player,Los Angeles Chargers,DEF,LAC,,,,-23.56,DEF-0018
2020,2266325,4,2020-09-30 12:09:23,add/drop,Richie,gain,player,Eric Ebron,TE,PIT,,,,10.32,00-0031387
2020,2266325,4,2020-09-30 12:09:23,add/drop,Richie,loss,player,Wayne Gallman,RB,NYG,,,,0.49,00-0033950
2020,2266361,4,2020-09-30 12:01:28,add/drop,Antdell & Ernie,gain,player,Kansas City Chiefs,DEF,KC,,,,6.5,DEF-0016
2020,2266361,4,2020-09-30 12:01:28,add/drop,Antdell & Ernie,loss,player,New England Patriots,DEF,NE,,,,-11.38,DEF-0022
2020,2266417,4,2020-09-30 07:16:59,add/drop,Phil Baldino,gain,player,Denver Broncos,DEF,DEN,,,,-21.94,DEF-0010
2020,2266417,4,2020-09-30 07:16:59,add/drop,Phil Baldino,loss,player,Indianapolis Colts,DEF,IND,,,,7.31,DEF-0014
2020,2266418,4,2020-09-30 07:16:59,add/drop,Phil Baldino,gain,player,Carlos Hyde,RB,SEA,,,,-45.58,00-0031045
2020,2266418,4,2020-09-30 07:16:59,add/drop,Phil Baldino,loss,player,Mohamed Sanu,WR,FA,,,,-99.94,00-0029632
2020,2266460,4,2020-09-30 07:16:59,add/drop,Nolan & Vinny,gain,player,Mecole Hardman,WR,KC,,,,-51.11,00-0035140
2020,2266460,4,2020-09-30 07:16:59,add/drop,Nolan & Vinny,loss,player,Laviska Shenault,WR,JAX,,,,-49.81,00-0036268
2020,2266492,4,2020-09-30 07:16:59,add/drop,Pung & Tralie,gain,player,Jimmy Graham,TE,CHI,,,,0,00-0027696
2020,2266492,4,2020-09-30 07:16:59,add/drop,Pung & Tralie,loss,player,Drew Sample,TE,CIN,,,,-33.88,00-0035631
2020,2266584,4,2020-09-30 07:16:59,add/drop,Cambrias,gain,player,Stephen Gostkowski,K,TEN,,,,-20.31,00-0024333
2020,2266584,4,2020-09-30 07:16:59,add/drop,Cambrias,loss,player,Younghoe Koo,K,ATL,,,,17.88,00-0033702
2020,2266638,4,2020-09-29 12:10:41,drop,Frank & Julian,loss,player,Tarik Cohen,RB,CHI,,,,,00-0033556
2020,2266520,3,2020-09-27 15:06:12,add/drop,Rob & GregBo,gain,player,James White,RB,NE,,,,-33.08,00-0031062
2020,2266520,3,2020-09-27 15:06:12,add/drop,Rob & GregBo,loss,player,Bryan Edwards,WR,LV,,,,-138.86,00-0036365
2020,2266493,3,2020-09-27 12:34:44,add/drop,Pung & Tralie,gain,player,KJ Hamler,WR,BUF,,,,-80.85,00-0036412
2020,2266493,3,2020-09-27 12:34:44,add/drop,Pung & Tralie,loss,player,Austin Hooper,TE,CLE,,,,-16.8,00-0032392
2020,2266362,3,2020-09-26 15:56:29,add/drop,Antdell & Ernie,gain,player,Tre'Quan Smith,WR,NO,,,,-74.99,00-0034765
2020,2266362,3,2020-09-26 15:56:29,add/drop,Antdell & Ernie,loss,player,James White,RB,NE,,,,-33.08,00-0031062
2020,2266363,3,2020-09-24 23:43:42,add/drop,Antdell & Ernie,gain,player,New England Patriots,DEF,NE,,,,-4.38,DEF-0022
2020,2266363,3,2020-09-24 23:43:42,add/drop,Antdell & Ernie,loss,player,Gardner Minshew,QB,JAX,,,,-87.13,00-0035289
2020,2266606,3,2020-09-24 02:50:20,add/drop,Team JoeBa,gain,player,Jeffery Wilson,RB,MIA,,,,-13.04,00-0034115
2020,2266606,3,2020-09-24 02:50:20,add/drop,Team JoeBa,loss,player,Duke Johnson,RB,HOU,,,,-43.84,00-0032257
2020,2266494,3,2020-09-23 20:07:36,add/drop,Pung & Tralie,gain,player,Dalton Schultz,TE,DAL,,,,-2.36,00-0034383
2020,2266494,3,2020-09-23 20:07:36,add/drop,Pung & Tralie,loss,player,Jalen Reagor,WR,PHI,,,,-90.74,00-0036387
2020,2266495,3,2020-09-23 20:04:01,add/drop,Pung & Tralie,gain,player,Mason Crosby,K,GB,,,,-16.63,00-0025580
2020,2266495,3,2020-09-23 20:04:01,add/drop,Pung & Tralie,loss,player,Josh Lambo,K,JAX,,,,-88.38,00-0032087
2020,2266496,3,2020-09-23 12:52:14,add/drop,Pung & Tralie,gain,player,Drew Sample,TE,CIN,,,,-42.96,00-0035631
2020,2266496,3,2020-09-23 12:52:14,add/drop,Pung & Tralie,loss,player,O.J. Howard,TE,TB,,,,-78.23,00-0033879
2020,2266461,3,2020-09-23 12:36:44,add/drop,Nolan & Vinny,gain,player,Laviska Shenault,WR,JAX,,,,-57.05,00-0036268
2020,2266461,3,2020-09-23 12:36:44,add/drop,Nolan & Vinny,loss,player,Chris Thompson,RB,JAX,,,,-91.7,00-0030404
2020,2266462,3,2020-09-23 11:57:38,add/drop,Nolan & Vinny,gain,player,Los Angeles Chargers,DEF,LAC,,,,-27.13,DEF-0018
2020,2266462,3,2020-09-23 11:57:38,add/drop,Nolan & Vinny,loss,player,Rob Gronkowski,TE,TB,,,,26.25,00-0027656
2020,2266585,3,2020-09-23 10:56:27,add/drop,Cambrias,gain,player,Dion Lewis,RB,NYG,,,,-79.01,00-0028087
2020,2266585,3,2020-09-23 10:56:27,add/drop,Cambrias,loss,player,Christian Kirk,WR,ARI,,,,-31.85,00-0034775
2020,2266364,3,2020-09-23 10:36:36,add/drop,Antdell & Ernie,gain,player,Gardner Minshew,QB,JAX,,,,-87.13,00-0035289
2020,2266364,3,2020-09-23 10:36:36,add/drop,Antdell & Ernie,loss,player,Benny Snell,RB,PIT,,,,-60.9,00-0035217
2020,2266326,3,2020-09-23 09:08:10,add/drop,Richie,gain,player,Wayne Gallman,RB,NYG,,,,-4.73,00-0033950
2020,2266326,3,2020-09-23 09:08:10,add/drop,Richie,loss,player,Anthony Miller,WR,CHI,,,,-75.25,00-0034353
2020,2266365,3,2020-09-23 07:19:35,add,Antdell & Ernie,gain,player,Mike Gesicki,TE,MIA,,,,4.64,00-0034829
2020,2266366,3,2020-09-23 07:19:35,add/drop,Antdell & Ernie,gain,player,Jerick McKinnon,RB,SF,,,,-31.15,00-0031376
2020,2266366,3,2020-09-23 07:19:35,add/drop,Antdell & Ernie,loss,player,Arizona Cardinals,DEF,ARI,,,,-2.63,DEF-0001
2020,2266419,3,2020-09-23 07:19:35,add/drop,Phil Baldino,gain,player,Indianapolis Colts,DEF,IND,,,,25.38,DEF-0014
2020,2266419,3,2020-09-23 07:19:35,add/drop,Phil Baldino,loss,player,Philadelphia Eagles,DEF,PHI,,,,2.63,DEF-0026
2020,2266521,3,2020-09-23 07:19:35,add/drop,Rob & GregBo,gain,player,Devonta Freeman,RB,FA,,,,-84.96,00-0031285
2020,2266521,3,2020-09-23 07:19:35,add/drop,Rob & GregBo,loss,player,Saquon Barkley,RB,NYG,,,,,00-0034844
2020,2266543,3,2020-09-23 07:19:35,add,Ronnie,gain,player,Tampa Bay Buccaneers,DEF,TB,,,,10.5,DEF-0030
2020,2266544,3,2020-09-23 07:19:35,add,Ronnie,gain,player,Darrell Henderson,RB,LAR,,,,-20.91,00-0035664
2020,2266586,3,2020-09-23 07:19:35,add/drop,Cambrias,gain,player,Russell Gage,WR,ATL,,,,-48.07,00-0034411
2020,2266586,3,2020-09-23 07:19:35,add/drop,Cambrias,loss,player,Boston Scott,RB,PHI,,,,-54.34,00-0034414
2020,2266639,3,2020-09-23 07:19:35,add,Frank & Julian,gain,player,Keelan Cole,WR,JAX,,,,-50.05,00-0033681
2020,2266640,3,2020-09-23 07:19:35,add/drop,Frank & Julian,gain,player,Mike Davis,RB,FA,,,,50.66,00-0032063
2020,2266640,3,2020-09-23 07:19:35,add/drop,Frank & Julian,loss,player,Chris Herndon,TE,NYJ,,,,-57.84,00-0034766
2020,2266641,3,2020-09-23 07:19:35,add,Frank & Julian,gain,player,Myles Gaskin,RB,MIA,,,,-9.98,00-0035311
2020,2266545,3,2020-09-23 01:57:01,drop,Ronnie,loss,player,Kansas City Chiefs,DEF,KC,,,,7.88,DEF-0016
2020,2266642,3,2020-09-22 20:33:08,drop,Frank & Julian,loss,player,Courtland Sutton,WR,DEN,,,,,00-0034348
2020,2266367,2,2020-09-20 11:22:51,add/drop,Antdell & Ernie,gain,player,Arizona Cardinals,DEF,ARI,,,,1.88,DEF-0001
2020,2266367,2,2020-09-20 11:22:51,add/drop,Antdell & Ernie,loss,player,Mike Gesicki,TE,MIA,,,,13.13,00-0034829
2020,2266393,2,2020-09-17 02:52:54,add/drop,Chris & Dom,gain,player,Logan Thomas,TE,WAS,,,,19.33,00-0031260
2020,2266393,2,2020-09-17 02:52:54,add/drop,Chris & Dom,loss,player,Denver Broncos,DEF,DEN,,,,-27.19,DEF-0010
2020,2266394,2,2020-09-17 02:41:14,add/drop,Chris & Dom,gain,player,Scotty Miller,WR,TB,,,,-93.47,00-0035298
2020,2266394,2,2020-09-17 02:41:14,add/drop,Chris & Dom,loss,player,Blake Jarwin,TE,DAL,,,,,00-0033658
2020,2266546,2,2020-09-16 14:35:45,add,Ronnie,gain,player,Corey Davis,WR,TEN,,,,-20.34,00-0033871
2020,2266497,2,2020-09-16 12:31:57,add/drop,Pung & Tralie,gain,player,Jalen Reagor,WR,PHI,,,,-102.09,00-0036387
2020,2266497,2,2020-09-16 12:31:57,add/drop,Pung & Tralie,loss,player,Tevin Coleman,RB,SF,,,,-131.63,00-0032058
2020,2266327,2,2020-09-16 08:50:13,add/drop,Richie,gain,player,Joshua Kelley,RB,LAC,,,,-75.47,00-0036370
2020,2266327,2,2020-09-16 08:50:13,add/drop,Richie,loss,player,Jordan Howard,RB,MIA,,,,-117.84,00-0032780
2020,2266328,2,2020-09-16 08:48:51,add/drop,Richie,gain,player,Los Angeles Rams,DEF,LAR,,,,32.81,DEF-0019
2020,2266328,2,2020-09-16 08:48:51,add/drop,Richie,loss,player,New England Patriots,DEF,NE,,,,-2.81,DEF-0022
2020,2266329,2,2020-09-16 07:18:08,add/drop,Richie,gain,player,Malcolm Brown,RB,LAR,,,,-65.06,00-0031806
2020,2266329,2,2020-09-16 07:18:08,add/drop,Richie,loss,player,Sterling Shepard,WR,NYG,,,,-64.59,00-0032385
2020,2266368,2,2020-09-16 07:18:08,add/drop,Antdell & Ernie,gain,player,Benny Snell,RB,PIT,,,,-81.66,00-0035217
2020,2266368,2,2020-09-16 07:18:08,add/drop,Antdell & Ernie,loss,player,Indianapolis Colts,DEF,IND,,,,37.5,DEF-0014
2020,2266420,2,2020-09-16 07:18:08,add/drop,Phil Baldino,gain,player,Mohamed Sanu,WR,FA,,,,-137.53,00-0029632
2020,2266420,2,2020-09-16 07:18:08,add/drop,Phil Baldino,loss,player,Jalen Reagor,WR,PHI,,,,-102.09,00-0036387
2020,2266463,2,2020-09-16 07:18:08,add/drop,Nolan & Vinny,gain,player,Marquez Valdes-Scantling,WR,GB,,,,-81.09,00-0034272
2020,2266463,2,2020-09-16 07:18:08,add/drop,Nolan & Vinny,loss,player,Alshon Jeffery,WR,FA,,,,-153.38,00-0029137
2020,2266498,2,2020-09-16 07:18:08,add/drop,Pung & Tralie,gain,player,Josh Lambo,K,JAX,,,,-97.5,00-0032087
2020,2266498,2,2020-09-16 07:18:08,add/drop,Pung & Tralie,loss,player,Stephen Gostkowski,K,TEN,,,,-4.69,00-0024333
2020,2266499,2,2020-09-16 07:18:08,add/drop,Pung & Tralie,gain,player,O.J. Howard,TE,TB,,,,-99,00-0033879
2020,2266499,2,2020-09-16 07:18:08,add/drop,Pung & Tralie,loss,player,Mecole Hardman,WR,KC,,,,-59.16,00-0035140
2020,2266587,2,2020-09-16 07:18:08,add,Cambrias,gain,player,Nyheim Hines,RB,IND,,,,3.28,00-0034367
2020,2266643,2,2020-09-16 07:18:08,add/drop,Frank & Julian,gain,player,Robbie Chosen,WR,CAR,,,,4.31,00-0032688
2020,2266643,2,2020-09-16 07:18:08,add/drop,Frank & Julian,loss,player,Darrell Henderson,RB,LAR,,,,-19.13,00-0035664
2020,2266547,2,2020-09-16 02:20:42,drop,Ronnie,loss,player,Michael Pittman,WR,IND,,,,-90.19,00-0036252
2020,2266548,2,2020-09-15 15:06:21,drop,Ronnie,loss,player,Marlon Mack,RB,IND,,,,,00-0033951
2020,2266522,1,2020-09-13 05:06:57,add/drop,Rob & GregBo,gain,player,Bryan Edwards,WR,LV,,,,-170.6,00-0036365
2020,2266522,1,2020-09-13 05:06:57,add/drop,Rob & GregBo,loss,player,Nyheim Hines,RB,IND,,,,22,00-0034367
2020,2266500,1,2020-09-10 21:14:48,add/drop,Pung & Tralie,gain,player,James Robinson,RB,JAX,,,,91.9,00-0035831
2020,2266500,1,2020-09-10 21:14:48,add/drop,Pung & Tralie,loss,player,Robbie Chosen,WR,CAR,,,,23.3,00-0032688
2020,2266369,1,2020-09-09 14:06:04,add/drop,Antdell & Ernie,gain,player,Indianapolis Colts,DEF,IND,,,,38,DEF-0014
2020,2266369,1,2020-09-09 14:06:04,add/drop,Antdell & Ernie,loss,player,Los Angeles Rams,DEF,LAR,,,,33,DEF-0019
2020,2266330,1,2020-09-09 02:35:19,add,Richie,gain,player,Jake Elliott,K,PHI,,,,-53,00-0033787
2020,2266331,1,2020-09-09 02:32:30,add/drop,Richie,gain,player,Damien Harris,RB,FA,,,,-67.2,00-0035657
2020,2266331,1,2020-09-09 02:32:30,add/drop,Richie,loss,player,Jake Elliott,K,PHI,,,,-53,00-0033787
2020,2266523,1,2020-09-09 01:30:23,add/drop,Rob & GregBo,gain,player,Jason Myers,K,SEA,,,,4,00-0031492
2020,2266523,1,2020-09-09 01:30:23,add/drop,Rob & GregBo,loss,player,Bryce Love,RB,FA,,,,,00-0035256
2019,2266644,16,2019-12-22 14:23:23,add/drop,Richie,gain,player,Younghoe Koo,K,ATL,,,,-0.19,00-0033702
2019,2266644,16,2019-12-22 14:23:23,add/drop,Richie,loss,player,Darius Slayton,WR,NYG,,,,-0.93,00-0035535
2019,2266645,16,2019-12-19 02:48:02,add/drop,Richie,gain,player,DeAndre Washington,RB,LV,,,,0.42,00-0032940
2019,2266645,16,2019-12-19 02:48:02,add/drop,Richie,loss,player,Robbie Gould,K,SF,,,,0.06,00-0023252
2019,2266897,16,2019-12-18 09:33:51,add/drop,Cambrias,gain,player,Denver Broncos,DEF,DEN,,,,-0.06,DEF-0010
2019,2266897,16,2019-12-18 09:33:51,add/drop,Cambrias,loss,player,DeAndre Washington,RB,LV,,,,0.42,00-0032940
2019,2266646,16,2019-12-18 08:44:30,add/drop,Richie,gain,player,Anthony Miller,WR,CHI,,,,-0.85,00-0034353
2019,2266646,16,2019-12-18 08:44:30,add/drop,Richie,loss,player,David Montgomery,RB,CHI,,,,-0.31,00-0035685
2019,2266647,16,2019-12-18 08:44:30,add/drop,Richie,gain,player,Mike Boone,RB,CAR,,,,-0.48,00-0034208
2019,2266647,16,2019-12-18 08:44:30,add/drop,Richie,loss,player,Zach Pascal,WR,ARI,,,,-0.83,00-0033251
2019,2266898,16,2019-12-18 08:44:30,add/drop,Cambrias,gain,player,Breshad Perriman,WR,TB,,,,0.15,00-0032054
2019,2266898,16,2019-12-18 08:44:30,add/drop,Cambrias,loss,player,David Njoku,TE,CLE,,,,,00-0033885
2019,2266875,15,2019-12-13 19:04:35,add/drop,Ronnie,gain,player,Kyle Allen,QB,PIT,,,,-2.94,00-0034577
2019,2266875,15,2019-12-13 19:04:35,add/drop,Ronnie,loss,player,Matthew Stafford,QB,DET,,,,,00-0026498
2019,2266876,15,2019-12-13 19:02:14,add/drop,Ronnie,gain,player,Ian Thomas,TE,CAR,,,,-1.41,00-0034365
2019,2266876,15,2019-12-13 19:02:14,add/drop,Ronnie,loss,player,Noah Fant,TE,DEN,,,,-1.2,00-0035644
2019,2266877,15,2019-12-12 11:24:57,add/drop,Ronnie,gain,player,Justin Watson,WR,KC,,,,-1.09,00-0034386
2019,2266877,15,2019-12-12 11:24:57,add/drop,Ronnie,loss,player,New York Jets,DEF,NYJ,,,,0.63,DEF-0025
2019,2266648,15,2019-12-11 09:45:52,add/drop,Richie,gain,player,Robbie Gould,K,SF,,,,0.63,00-0023252
2019,2266648,15,2019-12-11 09:45:52,add/drop,Richie,loss,player,Gus Edwards,RB,BAL,,,,-1.4,00-0034184
2019,2266649,15,2019-12-11 09:06:15,add/drop,Richie,gain,player,Zach Pascal,WR,ARI,,,,-2.21,00-0033251
2019,2266649,15,2019-12-11 09:06:15,add/drop,Richie,loss,player,Matt Prater,K,DET,,,,-0.75,00-0023853
2019,2266650,15,2019-12-11 09:06:15,add/drop,Richie,gain,player,Darius Slayton,WR,NYG,,,,-2.08,00-0035535
2019,2266650,15,2019-12-11 09:06:15,add/drop,Richie,loss,player,Jamison Crowder,WR,NYJ,,,,1.16,00-0031941
2019,2266718,15,2019-12-11 09:06:15,add/drop,Chris & Dom,gain,player,Kansas City Chiefs,DEF,KC,,,,1.13,DEF-0016
2019,2266718,15,2019-12-11 09:06:15,add/drop,Chris & Dom,loss,player,Tennessee Titans,DEF,TEN,,,,-1,DEF-0031
2019,2266719,15,2019-12-11 09:06:15,add/drop,Chris & Dom,gain,player,Adrian Peterson,RB,FA,,,,1.08,00-0025394
2019,2266719,15,2019-12-11 09:06:15,add/drop,Chris & Dom,loss,player,Bilal Powell,RB,FA,,,,-2.65,00-0028064
2019,2266878,15,2019-12-11 09:06:15,add/drop,Ronnie,gain,player,Sammy Watkins,WR,KC,,,,-1.63,00-0031325
2019,2266878,15,2019-12-11 09:06:15,add/drop,Ronnie,loss,player,Calvin Ridley,WR,ATL,,,,,00-0034837
2019,2266879,15,2019-12-11 09:06:15,add/drop,Ronnie,gain,player,A.J. Brown,WR,TEN,,,,1.63,00-0035676
2019,2266879,15,2019-12-11 09:06:15,add/drop,Ronnie,loss,player,Marvin Jones,WR,DET,,,,,00-0029293
2019,2266899,15,2019-12-11 09:06:15,add/drop,Cambrias,gain,player,David Njoku,TE,CLE,,,,,00-0033885
2019,2266899,15,2019-12-11 09:06:15,add/drop,Cambrias,loss,player,Mohamed Sanu,WR,ATL,,,,-2.38,00-0029632
2019,2266900,15,2019-12-11 09:06:15,add/drop,Cambrias,gain,player,DeAndre Washington,RB,LV,,,,-0.02,00-0032940
2019,2266900,15,2019-12-11 09:06:15,add/drop,Cambrias,loss,player,Rashaad Penny,RB,SEA,,,,,00-0034750
2019,2266720,14,2019-12-08 16:24:44,add/drop,Chris & Dom,gain,player,Bilal Powell,RB,FA,,,,-4.11,00-0028064
2019,2266720,14,2019-12-08 16:24:44,add/drop,Chris & Dom,loss,player,Latavius Murray,RB,NO,,,,-2.19,00-0030513
2019,2266651,14,2019-12-08 10:59:06,add/drop,Richie,gain,player,Ryan Fitzpatrick,QB,MIA,,,,2.88,00-0023682
2019,2266651,14,2019-12-08 10:59:06,add/drop,Richie,loss,player,Zach Pascal,WR,ARI,,,,-2.03,00-0033251
2019,2266739,14,2019-12-07 20:24:19,add/drop,Phil Baldino,gain,player,James Washington,WR,PIT,,,,-2.16,00-0034676
2019,2266739,14,2019-12-07 20:24:19,add/drop,Phil Baldino,loss,player,Kalen Ballage,RB,MIA,,,,,00-0034799
2019,2266880,14,2019-12-06 19:23:48,add/drop,Ronnie,gain,player,Noah Fant,TE,DEN,,,,0.13,00-0035644
2019,2266880,14,2019-12-06 19:23:48,add/drop,Ronnie,loss,player,New Orleans Saints,DEF,NO,,,,-1.88,DEF-0023
2019,2266685,14,2019-12-06 15:44:36,add/drop,Antdell & Ernie,gain,player,Patrick Laird,RB,FA,,,,-2.19,00-0035342
2019,2266685,14,2019-12-06 15:44:36,add/drop,Antdell & Ernie,loss,player,Jonathan Williams,RB,FA,,,,,00-0032975
2019,2266721,14,2019-12-06 00:02:05,add/drop,Chris & Dom,gain,player,Tennessee Titans,DEF,TEN,,,,-1.5,DEF-0031
2019,2266721,14,2019-12-06 00:02:05,add/drop,Chris & Dom,loss,player,Sammy Watkins,WR,KC,,,,-3.28,00-0031325
2019,2266740,14,2019-12-04 11:37:56,add/drop,Phil Baldino,gain,player,Houston Texans,DEF,HOU,,,,1.5,DEF-0013
2019,2266740,14,2019-12-04 11:37:56,add/drop,Phil Baldino,loss,player,Carolina Panthers,DEF,CAR,,,,-4.31,DEF-0005
2019,2266652,14,2019-12-04 08:52:14,add/drop,Richie,gain,player,Matt Prater,K,DET,,,,-2.44,00-0023853
2019,2266652,14,2019-12-04 08:52:14,add/drop,Richie,loss,player,Matt Gay,K,TB,,,,0.75,00-0035269
2019,2266653,14,2019-12-04 08:52:14,add/drop,Richie,gain,player,Zach Pascal,WR,ARI,,,,-2.03,00-0033251
2019,2266653,14,2019-12-04 08:52:14,add/drop,Richie,loss,player,Royce Freeman,RB,DEN,,,,-0.94,00-0034838
2019,2266768,13,2019-12-01 17:12:38,add/drop,LFTLR,gain,player,Tyler Higbee,TE,LAR,,,,11.55,00-0033110
2019,2266768,13,2019-12-01 17:12:38,add/drop,LFTLR,loss,player,Eric Ebron,TE,IND,,,,,00-0031387
2019,2266845,13,2019-12-01 15:32:59,add/drop,Rob & GregBo,gain,player,Kyle Rudolph,TE,MIN,,,,-2.75,00-0027981
2019,2266845,13,2019-12-01 15:32:59,add/drop,Rob & GregBo,loss,player,Gerald Everett,TE,LAR,,,,-9.65,00-0033895
2019,2266654,13,2019-11-29 00:38:49,add/drop,Richie,gain,player,Royce Freeman,RB,DEN,,,,-2.45,00-0034838
2019,2266654,13,2019-11-29 00:38:49,add/drop,Richie,loss,player,Darius Slayton,WR,NYG,,,,0,00-0035535
2019,2266655,13,2019-11-28 17:40:51,add/drop,Richie,gain,player,Matt Gay,K,TB,,,,1,00-0035269
2019,2266655,13,2019-11-28 17:40:51,add/drop,Richie,loss,player,Nick Folk,K,TEN,,,,-1.25,00-0025565
2019,2266927,13,2019-11-28 16:45:31,add/drop,Team JoeBa,gain,player,Dion Lewis,RB,TEN,,,,-5.23,00-0028087
2019,2266927,13,2019-11-28 16:45:31,add/drop,Team JoeBa,loss,player,Royce Freeman,RB,DEN,,,,-2.45,00-0034838
2019,2266656,13,2019-11-27 18:06:11,add/drop,Richie,gain,player,Sterling Shepard,WR,NYG,,,,1.6,00-0032385
2019,2266656,13,2019-11-27 18:06:11,add/drop,Richie,loss,player,Brian Hill,RB,FA,,,,-4.65,00-0033567
2019,2266901,13,2019-11-27 16:58:50,add/drop,Cambrias,gain,player,Jason Myers,K,SEA,,,,0.25,00-0031492
2019,2266901,13,2019-11-27 16:58:50,add/drop,Cambrias,loss,player,Matt Gay,K,TB,,,,1,00-0035269
2019,2266686,13,2019-11-27 14:49:37,add/drop,Antdell & Ernie,gain,player,Ka'imi Fairbairn,K,HOU,,,,-1,00-0032726
2019,2266686,13,2019-11-27 14:49:37,add/drop,Antdell & Ernie,loss,player,Matt Prater,K,DET,,,,-3.25,00-0023853
2019,2266808,13,2019-11-27 12:40:54,add/drop,Pung & Tralie,gain,player,Benny Snell,RB,FA,,,,-7.1,00-0035217
2019,2266808,13,2019-11-27 12:40:54,add/drop,Pung & Tralie,loss,player,Younghoe Koo,K,ATL,,,,1.25,00-0033702
2019,2266687,13,2019-11-27 11:06:04,add/drop,Antdell & Ernie,gain,player,Jack Doyle,TE,IND,,,,-1.7,00-0030181
2019,2266687,13,2019-11-27 11:06:04,add/drop,Antdell & Ernie,loss,player,Nyheim Hines,RB,IND,,,,-3.1,00-0034367
2019,2266722,13,2019-11-27 10:23:27,add/drop,Chris & Dom,gain,player,Sammy Watkins,WR,KC,,,,-7.55,00-0031325
2019,2266722,13,2019-11-27 10:23:27,add/drop,Chris & Dom,loss,player,Mecole Hardman,WR,KC,,,,-9.8,00-0035140
2019,2266723,13,2019-11-27 09:45:52,add/drop,Chris & Dom,gain,player,Mecole Hardman,WR,KC,,,,-9.8,00-0035140
2019,2266723,13,2019-11-27 09:45:52,add/drop,Chris & Dom,loss,player,Jordan Wilkins,RB,FA,,,,-3.73,00-0034400
2019,2266741,13,2019-11-27 09:45:52,add/drop,Phil Baldino,gain,player,Carolina Panthers,DEF,CAR,,,,-7,DEF-0005
2019,2266741,13,2019-11-27 09:45:52,add/drop,Phil Baldino,loss,player,Noah Fant,TE,DEN,,,,-1.3,00-0035644
2019,2266809,13,2019-11-27 09:45:52,add/drop,Pung & Tralie,gain,player,Green Bay Packers,DEF,GB,,,,2,DEF-0012
2019,2266809,13,2019-11-27 09:45:52,add/drop,Pung & Tralie,loss,player,Las Vegas Raiders,DEF,LV,,,,-7.5,DEF-0017
2019,2266881,13,2019-11-27 09:45:52,add/drop,Ronnie,gain,player,New York Jets,DEF,NYJ,,,,-2.75,DEF-0025
2019,2266881,13,2019-11-27 09:45:52,add/drop,Ronnie,loss,player,Ka'imi Fairbairn,K,HOU,,,,-1,00-0032726
2019,2266902,13,2019-11-27 09:45:52,add/drop,Cambrias,gain,player,Rashaad Penny,RB,SEA,,,,-4.1,00-0034750
2019,2266902,13,2019-11-27 09:45:52,add/drop,Cambrias,loss,player,Antonio Brown,WR,FA,,,,,00-0027793
2019,2266928,13,2019-11-27 09:45:52,add/drop,Team JoeBa,gain,player,Seattle Seahawks,DEF,SEA,,,,-1.25,DEF-0029
2019,2266928,13,2019-11-27 09:45:52,add/drop,Team JoeBa,loss,player,Jacksonville Jaguars,DEF,JAX,,,,-5,DEF-0015
2019,2266776,12,2019-11-24 17:57:12,add/drop,Nolan & Vinny,gain,player,Cameron Brate,TE,TB,,,,-5.03,00-0031273
2019,2266776,12,2019-11-24 17:57:12,add/drop,Nolan & Vinny,loss,player,Sammy Watkins,WR,KC,,,,-12.47,00-0031325
2019,2266940,12,2019-11-24 16:20:24,add/drop,Frank & Julian,gain,player,Randall Cobb,WR,DAL,,,,-7.31,00-0028002
2019,2266940,12,2019-11-24 16:20:24,add/drop,Frank & Julian,loss,player,Kyle Rudolph,TE,MIN,,,,-4.06,00-0027981
2019,2266846,12,2019-11-24 08:15:31,add/drop,Rob & GregBo,gain,player,Ryan Griffin,TE,NYJ,,,,-6.41,00-0030108
2019,2266846,12,2019-11-24 08:15:31,add/drop,Rob & GregBo,loss,player,Trey Edmunds,RB,FA,,,,-15.56,00-0033838
2019,2266847,12,2019-11-24 08:04:41,add/drop,Rob & GregBo,gain,player,Austin Seibert,K,CLE,,,,0.63,00-0035145
2019,2266847,12,2019-11-24 08:04:41,add/drop,Rob & GregBo,loss,player,Jason Myers,K,SEA,,,,0,00-0031492
2019,2266882,12,2019-11-21 22:39:17,add/drop,Ronnie,gain,player,Ka'imi Fairbairn,K,HOU,,,,-0.63,00-0032726
2019,2266882,12,2019-11-21 22:39:17,add/drop,Ronnie,loss,player,,,NE,,,,,00-0021142
2019,2266777,12,2019-11-21 02:35:55,add/drop,Nolan & Vinny,gain,player,Detroit Lions,DEF,DET,,,,-5.63,DEF-0011
2019,2266777,12,2019-11-21 02:35:55,add/drop,Nolan & Vinny,loss,player,Alex Erickson,WR,CIN,,,,-9.24,00-0032543
2019,2266848,12,2019-11-21 00:54:52,add/drop,Rob & GregBo,gain,player,Raheem Mostert,RB,SF,,,,10.63,00-0031687
2019,2266848,12,2019-11-21 00:54:52,add/drop,Rob & GregBo,loss,player,Nick Foles,QB,JAX,,,,-21.16,00-0029567
2019,2266849,12,2019-11-20 19:50:00,add/drop,Rob & GregBo,gain,player,Jason Myers,K,SEA,,,,0,00-0031492
2019,2266849,12,2019-11-20 19:50:00,add/drop,Rob & GregBo,loss,player,Dan Bailey,K,MIN,,,,-0.63,00-0028660
2019,2266850,12,2019-11-20 18:19:19,add/drop,Rob & GregBo,gain,player,Atlanta Falcons,DEF,ATL,,,,-0.31,DEF-0002
2019,2266850,12,2019-11-20 18:19:19,add/drop,Rob & GregBo,loss,player,New York Jets,DEF,NYJ,,,,0,DEF-0025
2019,2266742,12,2019-11-20 17:03:09,add/drop,Phil Baldino,gain,player,Noah Fant,TE,DEN,,,,-0.87,00-0035644
2019,2266742,12,2019-11-20 17:03:09,add/drop,Phil Baldino,loss,player,T.J. Hockenson,TE,DET,,,,-10.25,00-0035229
2019,2266743,12,2019-11-20 16:31:57,add/drop,Phil Baldino,gain,player,Jimmy Garoppolo,QB,SF,,,,-0.69,00-0031345
2019,2266743,12,2019-11-20 16:31:57,add/drop,Phil Baldino,loss,player,Kyle Allen,QB,PIT,,,,-1.39,00-0034577
2019,2266724,12,2019-11-20 15:28:48,add/drop,Chris & Dom,gain,player,Jordan Wilkins,RB,FA,,,,-6.69,00-0034400
2019,2266724,12,2019-11-20 15:28:48,add/drop,Chris & Dom,loss,player,J.D. McKissic,RB,DET,,,,-10.66,00-0032602
2019,2266688,12,2019-11-20 13:59:00,add/drop,Antdell & Ernie,gain,player,Nyheim Hines,RB,IND,,,,-3.38,00-0034367
2019,2266688,12,2019-11-20 13:59:00,add/drop,Antdell & Ernie,loss,player,Carolina Panthers,DEF,CAR,,,,-10,DEF-0005
2019,2266657,12,2019-11-20 11:15:39,add/drop,Richie,gain,player,Nick Folk,K,TEN,,,,-0.63,00-0025565
2019,2266657,12,2019-11-20 11:15:39,add/drop,Richie,loss,player,Chris Boswell,K,PIT,,,,0.31,00-0031136
2019,2266658,12,2019-11-20 11:15:39,add/drop,Richie,gain,player,Darius Slayton,WR,NYG,,,,0.31,00-0035535
2019,2266658,12,2019-11-20 11:15:39,add/drop,Richie,loss,player,Zach Pascal,WR,ARI,,,,-4.78,00-0033251
2019,2266659,12,2019-11-20 11:15:39,add/drop,Richie,gain,player,Gus Edwards,RB,BAL,,,,-9.28,00-0034184
2019,2266659,12,2019-11-20 11:15:39,add/drop,Richie,loss,player,O.J. Howard,TE,TB,,,,0,00-0033879
2019,2266689,12,2019-11-20 11:15:39,add/drop,Antdell & Ernie,gain,player,Jonathan Williams,RB,FA,,,,-8.63,00-0032975
2019,2266689,12,2019-11-20 11:15:39,add/drop,Antdell & Ernie,loss,player,Ty Johnson,RB,DET,,,,-10.69,00-0035537
2019,2266690,12,2019-11-20 11:15:39,add/drop,Antdell & Ernie,gain,player,Bo Scarbrough,RB,FA,,,,-7.72,00-0034432
2019,2266690,12,2019-11-20 11:15:39,add/drop,Antdell & Ernie,loss,player,Jack Doyle,TE,IND,,,,-0.94,00-0030181
2019,2266744,12,2019-11-20 11:15:39,add/drop,Phil Baldino,gain,player,T.J. Hockenson,TE,DET,,,,-10.25,00-0035229
2019,2266744,12,2019-11-20 11:15:39,add/drop,Phil Baldino,loss,player,Frank Gore,RB,BUF,,,,-12.53,00-0023500
2019,2266810,12,2019-11-20 11:15:39,add/drop,Pung & Tralie,gain,player,Younghoe Koo,K,ATL,,,,3.13,00-0033702
2019,2266810,12,2019-11-20 11:15:39,add/drop,Pung & Tralie,loss,player,Adrian Peterson,RB,FA,,,,4.63,00-0025394
2019,2266811,12,2019-11-20 11:15:39,add/drop,Pung & Tralie,gain,player,Ryan Tannehill,QB,TEN,,,,12.79,00-0029701
2019,2266811,12,2019-11-20 11:15:39,add/drop,Pung & Tralie,loss,player,Jimmy Garoppolo,QB,SF,,,,-0.69,00-0031345
2019,2266812,11,2019-11-17 17:59:50,add/drop,Pung & Tralie,gain,player,Dallas Goedert,TE,PHI,,,,10.8,00-0034351
2019,2266812,11,2019-11-17 17:59:50,add/drop,Pung & Tralie,loss,player,T.J. Hockenson,TE,DET,,,,-13.84,00-0035229
2019,2266769,11,2019-11-17 17:22:08,add/drop,LFTLR,gain,player,Washington Commanders,DEF,WAS,,,,0,DEF-0032
2019,2266769,11,2019-11-17 17:22:08,add/drop,LFTLR,loss,player,Seattle Seahawks,DEF,SEA,,,,-0.38,DEF-0029
2019,2266929,11,2019-11-17 15:47:05,add/drop,Team JoeBa,gain,player,Royce Freeman,RB,DEN,,,,-6.26,00-0034838
2019,2266929,11,2019-11-17 15:47:05,add/drop,Team JoeBa,loss,player,Noah Fant,TE,DEN,,,,0.3,00-0035644
2019,2266941,11,2019-11-17 14:36:43,add/drop,Frank & Julian,gain,player,Jay Ajayi,RB,FA,,,,-22.5,00-0031590
2019,2266941,11,2019-11-17 14:36:43,add/drop,Frank & Julian,loss,player,Sam Darnold,QB,NYJ,,,,3.59,00-0034869
2019,2266851,11,2019-11-17 04:31:56,add/drop,Rob & GregBo,gain,player,Nick Foles,QB,JAX,,,,-24.86,00-0029567
2019,2266851,11,2019-11-17 04:31:56,add/drop,Rob & GregBo,loss,player,Ryan Tannehill,QB,TEN,,,,9.18,00-0029701
2019,2266883,11,2019-11-16 16:03:03,add/drop,Ronnie,gain,player,Will Fuller,WR,HOU,,,,-15.19,00-0033127
2019,2266883,11,2019-11-16 16:03:03,add/drop,Ronnie,loss,player,Royce Freeman,RB,DEN,,,,-6.26,00-0034838
2019,2266903,11,2019-11-14 23:16:29,add/drop,Cambrias,gain,player,Deebo Samuel,WR,SF,,,,2.81,00-0035719
2019,2266903,11,2019-11-14 23:16:29,add/drop,Cambrias,loss,player,Gus Edwards,RB,BAL,,,,-8.74,00-0034184
2019,2266852,11,2019-11-14 05:08:13,add/drop,Rob & GregBo,gain,player,New York Jets,DEF,NYJ,,,,1.13,DEF-0025
2019,2266852,11,2019-11-14 05:08:13,add/drop,Rob & GregBo,loss,player,Kansas City Chiefs,DEF,KC,,,,6,DEF-0016
2019,2266930,11,2019-11-14 01:02:16,add/drop,Team JoeBa,gain,player,Tyrell Williams,WR,LV,,,,-10.65,00-0032160
2019,2266930,11,2019-11-14 01:02:16,add/drop,Team JoeBa,loss,player,Marquez Valdes-Scantling,WR,GB,,,,-27.83,00-0034272
2019,2266853,11,2019-11-13 17:24:55,add/drop,Rob & GregBo,gain,player,Dan Bailey,K,MIN,,,,-1.5,00-0028660
2019,2266853,11,2019-11-13 17:24:55,add/drop,Rob & GregBo,loss,player,Jason Myers,K,SEA,,,,-1.88,00-0031492
2019,2266854,11,2019-11-13 17:23:19,add/drop,Rob & GregBo,gain,player,Kansas City Chiefs,DEF,KC,,,,6,DEF-0016
2019,2266854,11,2019-11-13 17:23:19,add/drop,Rob & GregBo,loss,player,New York Giants,DEF,NYG,,,,-10.5,DEF-0024
2019,2266942,11,2019-11-13 16:29:10,add,Frank & Julian,gain,player,Kyle Rudolph,TE,MIN,,,,-0.37,00-0027981
2019,2266813,11,2019-11-13 15:36:20,add/drop,Pung & Tralie,gain,player,T.J. Hockenson,TE,DET,,,,-13.84,00-0035229
2019,2266813,11,2019-11-13 15:36:20,add/drop,Pung & Tralie,loss,player,Kyle Rudolph,TE,MIN,,,,-0.37,00-0027981
2019,2266931,11,2019-11-13 14:38:52,add/drop,Team JoeBa,gain,player,Jacksonville Jaguars,DEF,JAX,,,,-9.75,DEF-0015
2019,2266931,11,2019-11-13 14:38:52,add/drop,Team JoeBa,loss,player,Green Bay Packers,DEF,GB,,,,-2.25,DEF-0012
2019,2266691,11,2019-11-13 14:34:28,add/drop,Antdell & Ernie,gain,player,Jack Doyle,TE,IND,,,,-3.26,00-0030181
2019,2266691,11,2019-11-13 14:34:28,add/drop,Antdell & Ernie,loss,player,T.J. Hockenson,TE,DET,,,,-13.84,00-0035229
2019,2266814,11,2019-11-13 12:09:28,add/drop,Pung & Tralie,gain,player,Kyle Rudolph,TE,MIN,,,,-0.37,00-0027981
2019,2266814,11,2019-11-13 12:09:28,add/drop,Pung & Tralie,loss,player,Nick Foles,QB,JAX,,,,-24.86,00-0029567
2019,2266725,11,2019-11-13 11:07:29,add/drop,Chris & Dom,gain,player,J.D. McKissic,RB,DET,,,,-13.73,00-0032602
2019,2266725,11,2019-11-13 11:07:29,add/drop,Chris & Dom,loss,player,Dan Bailey,K,MIN,,,,-1.5,00-0028660
2019,2266745,11,2019-11-13 10:22:40,add/drop,Phil Baldino,gain,player,Kyle Allen,QB,PIT,,,,-5.69,00-0034577
2019,2266745,11,2019-11-13 10:22:40,add/drop,Phil Baldino,loss,player,Daniel Jones,QB,NYG,,,,-14.57,00-0035710
2019,2266660,11,2019-11-13 09:06:01,add/drop,Richie,gain,player,Brian Hill,RB,FA,,,,-9.53,00-0033567
2019,2266660,11,2019-11-13 09:06:01,add/drop,Richie,loss,player,Darrell Henderson,RB,LAR,,,,-22.73,00-0035664
2019,2266692,11,2019-11-13 09:06:01,add,Antdell & Ernie,gain,player,T.J. Hockenson,TE,DET,,,,-13.84,00-0035229
2019,2266693,11,2019-11-13 09:06:01,add/drop,Antdell & Ernie,gain,player,Jacob Hollister,TE,FA,,,,-2.85,00-0033387
2019,2266693,11,2019-11-13 09:06:01,add/drop,Antdell & Ernie,loss,player,Darrel Williams,RB,FA,,,,-15.79,00-0034301
2019,2266815,11,2019-11-13 09:06:01,add/drop,Pung & Tralie,gain,player,Las Vegas Raiders,DEF,LV,,,,-10.5,DEF-0017
2019,2266815,11,2019-11-13 09:06:01,add/drop,Pung & Tralie,loss,player,Indianapolis Colts,DEF,IND,,,,6.75,DEF-0014
2019,2266694,11,2019-11-12 10:43:50,drop,Antdell & Ernie,loss,player,Chris Herndon,TE,FA,,,,,00-0034766
2019,2266770,10,2019-11-10 14:48:43,add/drop,LFTLR,gain,player,Josh Allen,QB,BUF,,,,16.59,00-0034857
2019,2266770,10,2019-11-10 14:48:43,add/drop,LFTLR,loss,player,Andy Dalton,QB,CIN,,,,-23.07,00-0027973
2019,2266661,10,2019-11-10 14:44:49,add/drop,Richie,gain,player,O.J. Howard,TE,TB,,,,-0.92,00-0033879
2019,2266661,10,2019-11-10 14:44:49,add/drop,Richie,loss,player,Kenny Stills,WR,HOU,,,,-16.06,00-0030085
2019,2266778,10,2019-11-10 02:32:09,add/drop,Nolan & Vinny,gain,player,Alex Erickson,WR,CIN,,,,-24.4,00-0032543
2019,2266778,10,2019-11-10 02:32:09,add/drop,Nolan & Vinny,loss,player,Cole Beasley,WR,BUF,,,,1.75,00-0029000
2019,2266904,10,2019-11-09 22:42:04,add/drop,Cambrias,gain,player,Mohamed Sanu,WR,ATL,,,,-32.16,00-0029632
2019,2266904,10,2019-11-09 22:42:04,add/drop,Cambrias,loss,player,Tyrell Williams,WR,LV,,,,-16.41,00-0032160
2019,2266695,10,2019-11-09 17:23:25,add/drop,Antdell & Ernie,gain,player,Baker Mayfield,QB,CLE,,,,0.65,00-0034855
2019,2266695,10,2019-11-09 17:23:25,add/drop,Antdell & Ernie,loss,player,Josh Allen,QB,BUF,,,,16.59,00-0034857
2019,2266746,10,2019-11-09 11:12:13,add/drop,Phil Baldino,gain,player,Miles Sanders,RB,PHI,,,,15.01,00-0035243
2019,2266746,10,2019-11-09 11:12:13,add/drop,Phil Baldino,loss,player,Chase Edmonds,RB,ARI,,,,-33.82,00-0034681
2019,2266855,10,2019-11-09 07:25:04,add/drop,Rob & GregBo,gain,player,Curtis Samuel,WR,CAR,,,,-10.06,00-0033282
2019,2266855,10,2019-11-09 07:25:04,add/drop,Rob & GregBo,loss,player,Phillip Dorsett,WR,NE,,,,-33.38,00-0032208
2019,2266943,10,2019-11-09 00:21:44,drop,Frank & Julian,loss,player,Miles Sanders,RB,PHI,,,,15.01,00-0035243
2019,2266944,10,2019-11-09 00:06:41,add/drop,Frank & Julian,gain,player,Sam Darnold,QB,NYJ,,,,7.31,00-0034869
2019,2266944,10,2019-11-09 00:06:41,add/drop,Frank & Julian,loss,player,Mohamed Sanu,WR,ATL,,,,-32.16,00-0029632
2019,2266945,10,2019-11-08 02:10:51,add/drop,Frank & Julian,gain,player,Mike Gesicki,TE,MIA,,,,8.49,00-0034829
2019,2266945,10,2019-11-08 02:10:51,add/drop,Frank & Julian,loss,player,Denver Broncos,DEF,DEN,,,,-3.06,DEF-0010
2019,2266905,10,2019-11-07 18:08:05,add/drop,Cambrias,gain,player,Matt Gay,K,TB,,,,4.81,00-0035269
2019,2266905,10,2019-11-07 18:08:05,add/drop,Cambrias,loss,player,Robbie Gould,K,SF,,,,-5.25,00-0023252
2019,2266932,10,2019-11-07 14:59:16,add/drop,Team JoeBa,gain,player,Green Bay Packers,DEF,GB,,,,-2.19,DEF-0012
2019,2266932,10,2019-11-07 14:59:16,add/drop,Team JoeBa,loss,player,Jacksonville Jaguars,DEF,JAX,,,,-14.44,DEF-0015
2019,2266856,10,2019-11-06 21:36:06,add/drop,Rob & GregBo,gain,player,Matt Breida,RB,SF,,,,-28.53,00-0033308
2019,2266856,10,2019-11-06 21:36:06,add/drop,Rob & GregBo,loss,player,Bilal Powell,RB,FA,,,,-22.58,00-0028064
2019,2266696,10,2019-11-06 21:21:57,add/drop,Antdell & Ernie,gain,player,Chris Herndon,TE,FA,,,,-24.37,00-0034766
2019,2266696,10,2019-11-06 21:21:57,add/drop,Antdell & Ernie,loss,player,Matt Breida,RB,SF,,,,-28.53,00-0033308
2019,2266857,10,2019-11-06 15:33:37,add/drop,Rob & GregBo,gain,player,Bilal Powell,RB,FA,,,,-22.58,00-0028064
2019,2266857,10,2019-11-06 15:33:37,add/drop,Rob & GregBo,loss,player,Chris Herndon,TE,FA,,,,-24.37,00-0034766
2019,2266858,10,2019-11-06 15:24:45,add/drop,Rob & GregBo,gain,player,Ryan Tannehill,QB,TEN,,,,12.62,00-0029701
2019,2266858,10,2019-11-06 15:24:45,add/drop,Rob & GregBo,loss,player,DeSean Jackson,WR,PHI,,,,,00-0026189
2019,2266859,10,2019-11-06 15:20:21,add/drop,Rob & GregBo,gain,player,New York Giants,DEF,NYG,,,,-14.88,DEF-0024
2019,2266859,10,2019-11-06 15:20:21,add/drop,Rob & GregBo,loss,player,Tennessee Titans,DEF,TEN,,,,-0.88,DEF-0031
2019,2266860,10,2019-11-06 15:20:05,add/drop,Rob & GregBo,gain,player,Chris Herndon,TE,FA,,,,-24.37,00-0034766
2019,2266860,10,2019-11-06 15:20:05,add/drop,Rob & GregBo,loss,player,Jimmy Graham,TE,GB,,,,-14.74,00-0027696
2019,2266816,10,2019-11-06 12:52:38,add/drop,Pung & Tralie,gain,player,Nick Foles,QB,JAX,,,,-35.39,00-0029567
2019,2266816,10,2019-11-06 12:52:38,add/drop,Pung & Tralie,loss,player,New York Jets,DEF,NYJ,,,,5.25,DEF-0025
2019,2266662,10,2019-11-06 09:15:53,add/drop,Richie,gain,player,Zach Pascal,WR,ARI,,,,-15.53,00-0033251
2019,2266662,10,2019-11-06 09:15:53,add/drop,Richie,loss,player,Sam Darnold,QB,NYJ,,,,7.31,00-0034869
2019,2266747,10,2019-11-06 09:15:53,add/drop,Phil Baldino,gain,player,Wil Lutz,K,NO,,,,12.69,00-0032569
2019,2266747,10,2019-11-06 09:15:53,add/drop,Phil Baldino,loss,player,Josh Lambo,K,JAX,,,,-7.44,00-0032087
2019,2266748,10,2019-11-06 09:15:53,add/drop,Phil Baldino,gain,player,Kalen Ballage,RB,MIA,,,,-23.36,00-0034799
2019,2266748,10,2019-11-06 09:15:53,add/drop,Phil Baldino,loss,player,Mark Walton,RB,MIA,,,,,00-0034679
2019,2266817,10,2019-11-06 09:15:53,add/drop,Pung & Tralie,gain,player,Kirk Cousins,QB,MIN,,,,-8.87,00-0029604
2019,2266817,10,2019-11-06 09:15:53,add/drop,Pung & Tralie,loss,player,Jonnu Smith,TE,TEN,,,,-1.79,00-0033858
2019,2266861,10,2019-11-06 09:15:53,add/drop,Rob & GregBo,gain,player,Trey Edmunds,RB,FA,,,,-28.66,00-0033838
2019,2266861,10,2019-11-06 09:15:53,add/drop,Rob & GregBo,loss,player,Chris Conley,WR,JAX,,,,-11.16,00-0032128
2019,2266884,10,2019-11-06 09:15:53,add/drop,Ronnie,gain,player,New Orleans Saints,DEF,NO,,,,0,DEF-0023
2019,2266884,10,2019-11-06 09:15:53,add/drop,Ronnie,loss,player,Sterling Shepard,WR,NYG,,,,-10.11,00-0032385
2019,2266906,10,2019-11-06 09:15:53,add/drop,Cambrias,gain,player,Gus Edwards,RB,BAL,,,,-16.1,00-0034184
2019,2266906,10,2019-11-06 09:15:53,add/drop,Cambrias,loss,player,Danny Amendola,WR,DET,,,,-15.09,00-0026035
2019,2266907,10,2019-11-06 09:15:53,add/drop,Cambrias,gain,player,Tony Pollard,RB,DAL,,,,-14.96,00-0035261
2019,2266907,10,2019-11-06 09:15:53,add/drop,Cambrias,loss,player,Gardner Minshew,QB,JAX,,,,-23.53,00-0035289
2019,2266818,9,2019-11-03 17:46:47,add/drop,Pung & Tralie,gain,player,Jonnu Smith,TE,TEN,,,,-6.25,00-0033858
2019,2266818,9,2019-11-03 17:46:47,add/drop,Pung & Tralie,loss,player,Dallas Goedert,TE,PHI,,,,6.2,00-0034351
2019,2266726,9,2019-11-03 14:04:30,add/drop,Chris & Dom,gain,player,Ronald Jones,RB,TB,,,,4.2,00-0034816
2019,2266726,9,2019-11-03 14:04:30,add/drop,Chris & Dom,loss,player,Kirk Cousins,QB,MIN,,,,-6.97,00-0029604
2019,2266727,9,2019-11-02 17:56:34,add/drop,Chris & Dom,gain,player,Dan Bailey,K,MIN,,,,-3,00-0028660
2019,2266727,9,2019-11-02 17:56:34,add/drop,Chris & Dom,loss,player,Chris Herndon,TE,FA,,,,-34.45,00-0034766
2019,2266779,9,2019-11-02 17:20:51,add/drop,Nolan & Vinny,gain,player,DeVante Parker,WR,MIA,,,,23.95,00-0031547
2019,2266779,9,2019-11-02 17:20:51,add/drop,Nolan & Vinny,loss,player,DeAndre Washington,RB,LV,,,,-9.9,00-0032940
2019,2266780,9,2019-11-02 17:01:14,add/drop,Nolan & Vinny,gain,player,Duke Johnson,RB,HOU,,,,-10.55,00-0032257
2019,2266780,9,2019-11-02 17:01:14,add/drop,Nolan & Vinny,loss,player,Ka'imi Fairbairn,K,HOU,,,,-5,00-0032726
2019,2266908,9,2019-11-02 10:09:07,add/drop,Cambrias,gain,player,Danny Amendola,WR,DET,,,,-18.4,00-0026035
2019,2266908,9,2019-11-02 10:09:07,add/drop,Cambrias,loss,player,Duke Johnson,RB,HOU,,,,-10.55,00-0032257
2019,2266663,9,2019-11-02 01:11:20,add/drop,Richie,gain,player,Kenny Stills,WR,HOU,,,,-17.85,00-0030085
2019,2266663,9,2019-11-02 01:11:20,add/drop,Richie,loss,player,Tony Pollard,RB,DAL,,,,-19,00-0035261
2019,2266946,9,2019-11-01 18:37:53,add/drop,Frank & Julian,gain,player,Denver Broncos,DEF,DEN,,,,-4,DEF-0010
2019,2266946,9,2019-11-01 18:37:53,add/drop,Frank & Julian,loss,player,New Orleans Saints,DEF,NO,,,,-2,DEF-0023
2019,2266749,9,2019-10-31 22:55:25,add/drop,Phil Baldino,gain,player,Chase Edmonds,RB,ARI,,,,-42.55,00-0034681
2019,2266749,9,2019-10-31 22:55:25,add/drop,Phil Baldino,loss,player,Curtis Samuel,WR,CAR,,,,-7.4,00-0033282
2019,2266862,9,2019-10-31 05:10:57,add/drop,Rob & GregBo,gain,player,Chris Conley,WR,JAX,,,,-14.25,00-0032128
2019,2266862,9,2019-10-31 05:10:57,add/drop,Rob & GregBo,loss,player,DeVante Parker,WR,MIA,,,,23.95,00-0031547
2019,2266863,9,2019-10-30 15:21:59,add/drop,Rob & GregBo,gain,player,DeVante Parker,WR,MIA,,,,23.95,00-0031547
2019,2266863,9,2019-10-30 15:21:59,add/drop,Rob & GregBo,loss,player,Trey Edmunds,RB,FA,,,,-33,00-0033838
2019,2266664,9,2019-10-30 09:49:07,add/drop,Richie,gain,player,Tony Pollard,RB,DAL,,,,-19,00-0035261
2019,2266664,9,2019-10-30 09:49:07,add/drop,Richie,loss,player,Raheem Mostert,RB,SF,,,,4.6,00-0031687
2019,2266750,9,2019-10-30 09:28:11,add/drop,Phil Baldino,gain,player,Josh Lambo,K,JAX,,,,-10.5,00-0032087
2019,2266750,9,2019-10-30 09:28:11,add/drop,Phil Baldino,loss,player,Mike Nugent,K,FA,,,,,00-0023482
2019,2266751,9,2019-10-30 09:27:16,add/drop,Phil Baldino,gain,player,Daniel Jones,QB,NYG,,,,-13.14,00-0035710
2019,2266751,9,2019-10-30 09:27:16,add/drop,Phil Baldino,loss,player,Ryan Tannehill,QB,TEN,,,,18.46,00-0029701
2019,2266665,9,2019-10-30 08:14:30,add/drop,Richie,gain,player,Raheem Mostert,RB,SF,,,,4.6,00-0031687
2019,2266665,9,2019-10-30 08:14:30,add/drop,Richie,loss,player,J.D. McKissic,RB,DET,,,,-15.95,00-0032602
2019,2266697,9,2019-10-30 08:14:30,add/drop,Antdell & Ernie,gain,player,Cleveland Browns,DEF,CLE,,,,-6,DEF-0008
2019,2266697,9,2019-10-30 08:14:30,add/drop,Antdell & Ernie,loss,player,Corey Davis,WR,TEN,,,,-31.1,00-0033871
2019,2266728,9,2019-10-30 08:14:30,add/drop,Chris & Dom,gain,player,Jaylen Samuels,RB,PIT,,,,-7.95,00-0034331
2019,2266728,9,2019-10-30 08:14:30,add/drop,Chris & Dom,loss,player,Cameron Brate,TE,TB,,,,-14.4,00-0031273
2019,2266771,9,2019-10-30 08:14:30,add/drop,LFTLR,gain,player,Marquise Brown,WR,BAL,,,,-14.5,00-0035662
2019,2266771,9,2019-10-30 08:14:30,add/drop,LFTLR,loss,player,Demarcus Robinson,WR,KC,,,,-40.3,00-0032775
2019,2266819,9,2019-10-30 08:14:30,add/drop,Pung & Tralie,gain,player,Jimmy Garoppolo,QB,SF,,,,10.19,00-0031345
2019,2266819,9,2019-10-30 08:14:30,add/drop,Pung & Tralie,loss,player,Chase Edmonds,RB,ARI,,,,-42.55,00-0034681
2019,2266820,9,2019-10-30 08:14:30,add/drop,Pung & Tralie,gain,player,Dallas Goedert,TE,PHI,,,,6.2,00-0034351
2019,2266820,9,2019-10-30 08:14:30,add/drop,Pung & Tralie,loss,player,Kenny Stills,WR,HOU,,,,-17.85,00-0030085
2019,2266864,9,2019-10-30 08:14:30,add/drop,Rob & GregBo,gain,player,Trey Edmunds,RB,FA,,,,-33,00-0033838
2019,2266864,9,2019-10-30 08:14:30,add/drop,Rob & GregBo,loss,player,Ronald Jones,RB,TB,,,,4.2,00-0034816
2019,2266909,9,2019-10-30 08:14:30,add/drop,Cambrias,gain,player,Philadelphia Eagles,DEF,PHI,,,,-8.5,DEF-0026
2019,2266909,9,2019-10-30 08:14:30,add/drop,Cambrias,loss,player,A.J. Brown,WR,TEN,,,,9.9,00-0035676
2019,2266933,9,2019-10-30 08:14:30,add/drop,Team JoeBa,gain,player,Brett Maher,K,DAL,,,,-6,00-0030332
2019,2266933,9,2019-10-30 08:14:30,add/drop,Team JoeBa,loss,player,Wil Lutz,K,NO,,,,11,00-0032569
2019,2266781,8,2019-10-27 16:20:20,add/drop,Nolan & Vinny,gain,player,DeAndre Washington,RB,LV,,,,-14.12,00-0032940
2019,2266781,8,2019-10-27 16:20:20,add/drop,Nolan & Vinny,loss,player,Marquise Brown,WR,BAL,,,,-20.59,00-0035662
2019,2266782,8,2019-10-27 16:18:15,add/drop,Nolan & Vinny,gain,player,Marquise Brown,WR,BAL,,,,-20.59,00-0035662
2019,2266782,8,2019-10-27 16:18:15,add/drop,Nolan & Vinny,loss,player,DeAndre Washington,RB,LV,,,,-14.12,00-0032940
2019,2266752,8,2019-10-27 13:08:48,add/drop,Phil Baldino,gain,player,Ryan Tannehill,QB,TEN,,,,23.14,00-0029701
2019,2266752,8,2019-10-27 13:08:48,add/drop,Phil Baldino,loss,player,Baker Mayfield,QB,CLE,,,,0,00-0034855
2019,2266666,8,2019-10-27 12:32:40,add/drop,Richie,gain,player,Chris Boswell,K,PIT,,,,5.63,00-0031136
2019,2266666,8,2019-10-27 12:32:40,add/drop,Richie,loss,player,Benny Snell,RB,FA,,,,-36.62,00-0035217
2019,2266821,8,2019-10-26 17:42:05,add/drop,Pung & Tralie,gain,player,Josh Gordon,WR,NE,,,,-50.06,00-0029664
2019,2266821,8,2019-10-26 17:42:05,add/drop,Pung & Tralie,loss,player,Luke Willson,TE,FA,,,,-40.89,00-0030089
2019,2266910,8,2019-10-26 01:23:14,add/drop,Cambrias,gain,player,Tyrell Williams,WR,LV,,,,-15.41,00-0032160
2019,2266910,8,2019-10-26 01:23:14,add/drop,Cambrias,loss,player,Allen Lazard,WR,NYJ,,,,-25.71,00-0034521
2019,2266729,8,2019-10-25 21:50:30,add/drop,Chris & Dom,gain,player,Cameron Brate,TE,TB,,,,-17.1,00-0031273
2019,2266729,8,2019-10-25 21:50:30,add/drop,Chris & Dom,loss,player,Washington Commanders,DEF,WAS,,,,-10.13,DEF-0032
2019,2266783,8,2019-10-24 23:38:04,add/drop,Nolan & Vinny,gain,player,DeAndre Washington,RB,LV,,,,-14.12,00-0032940
2019,2266783,8,2019-10-24 23:38:04,add/drop,Nolan & Vinny,loss,player,T.J. Hockenson,TE,DET,,,,-27.9,00-0035229
2019,2266865,8,2019-10-24 21:54:11,add/drop,Rob & GregBo,gain,player,Ronald Jones,RB,TB,,,,3.15,00-0034816
2019,2266865,8,2019-10-24 21:54:11,add/drop,Rob & GregBo,loss,player,Kerryon Johnson,RB,DET,,,,-50.46,00-0034349
2019,2266698,8,2019-10-24 20:35:54,trade,Antdell & Ernie,loss,player,Gerald Everett,TE,LAR,,,,-29.7,00-0033895
2019,2266698,8,2019-10-24 20:35:54,trade,Antdell & Ernie,loss,player,Brandin Cooks,WR,LAR,,,,-42.58,00-0031236
2019,2266698,8,2019-10-24 20:35:54,trade,Antdell & Ernie,gain,player,Ty Johnson,RB,DET,,,,-34.37,00-0035537
2019,2266698,8,2019-10-24 20:35:54,trade,Antdell & Ernie,gain,player,Christian Kirk,WR,ARI,,,,-2.98,00-0034775
2019,2266866,8,2019-10-24 20:35:54,trade,Rob & GregBo,gain,player,Gerald Everett,TE,LAR,,,,-29.7,00-0033895
2019,2266866,8,2019-10-24 20:35:54,trade,Rob & GregBo,gain,player,Brandin Cooks,WR,LAR,,,,-42.58,00-0031236
2019,2266866,8,2019-10-24 20:35:54,trade,Rob & GregBo,loss,player,Ty Johnson,RB,DET,,,,-34.37,00-0035537
2019,2266866,8,2019-10-24 20:35:54,trade,Rob & GregBo,loss,player,Christian Kirk,WR,ARI,,,,-2.98,00-0034775
2019,2266784,8,2019-10-24 13:47:00,add/drop,Nolan & Vinny,gain,player,Ka'imi Fairbairn,K,HOU,,,,-2.25,00-0032726
2019,2266784,8,2019-10-24 13:47:00,add/drop,Nolan & Vinny,loss,player,Josh Gordon,WR,NE,,,,-50.06,00-0029664
2019,2266911,8,2019-10-24 13:08:47,add/drop,Cambrias,gain,player,Allen Lazard,WR,NYJ,,,,-25.71,00-0034521
2019,2266911,8,2019-10-24 13:08:47,add/drop,Cambrias,loss,player,Mecole Hardman,WR,KC,,,,-35.1,00-0035140
2019,2266912,8,2019-10-24 13:04:41,add,Cambrias,gain,player,A.J. Brown,WR,TEN,,,,11.98,00-0035676
2019,2266785,8,2019-10-24 12:21:01,drop,Nolan & Vinny,loss,player,Auden Tate,WR,FA,,,,-36.56,00-0034686
2019,2266786,8,2019-10-24 12:21:01,trade,Nolan & Vinny,loss,player,Davante Adams,WR,GB,,,,11.08,00-0031381
2019,2266786,8,2019-10-24 12:21:01,trade,Nolan & Vinny,loss,player,Mecole Hardman,WR,KC,,,,-35.1,00-0035140
2019,2266786,8,2019-10-24 12:21:01,trade,Nolan & Vinny,gain,player,Larry Fitzgerald,WR,ARI,,,,-17.38,00-0022921
2019,2266786,8,2019-10-24 12:21:01,trade,Nolan & Vinny,gain,player,Hunter Henry,TE,LAC,,,,0.51,00-0033090
2019,2266786,8,2019-10-24 12:21:01,trade,Nolan & Vinny,gain,player,Alshon Jeffery,WR,PHI,,,,-34.43,00-0029137
2019,2266913,8,2019-10-24 12:21:01,trade,Cambrias,gain,player,Davante Adams,WR,GB,,,,11.08,00-0031381
2019,2266913,8,2019-10-24 12:21:01,trade,Cambrias,gain,player,Mecole Hardman,WR,KC,,,,-35.1,00-0035140
2019,2266913,8,2019-10-24 12:21:01,trade,Cambrias,loss,player,Larry Fitzgerald,WR,ARI,,,,-17.38,00-0022921
2019,2266913,8,2019-10-24 12:21:01,trade,Cambrias,loss,player,Hunter Henry,TE,LAC,,,,0.51,00-0033090
2019,2266913,8,2019-10-24 12:21:01,trade,Cambrias,loss,player,Alshon Jeffery,WR,PHI,,,,-34.43,00-0029137
2019,2266867,8,2019-10-24 05:20:41,add/drop,Rob & GregBo,gain,player,Tennessee Titans,DEF,TEN,,,,-2.25,DEF-0031
2019,2266867,8,2019-10-24 05:20:41,add/drop,Rob & GregBo,loss,player,Los Angeles Chargers,DEF,LAC,,,,-21.38,DEF-0018
2019,2266667,8,2019-10-23 19:36:39,add,Richie,gain,player,J.D. McKissic,RB,DET,,,,-21.26,00-0032602
2019,2266730,8,2019-10-23 13:15:40,trade,Chris & Dom,gain,player,Chris Herndon,TE,FA,,,,-43.14,00-0034766
2019,2266730,8,2019-10-23 13:15:40,trade,Chris & Dom,loss,player,Duke Johnson,RB,HOU,,,,-9.39,00-0032257
2019,2266914,8,2019-10-23 13:15:40,trade,Cambrias,loss,player,Chris Herndon,TE,FA,,,,-43.14,00-0034766
2019,2266914,8,2019-10-23 13:15:40,trade,Cambrias,gain,player,Duke Johnson,RB,HOU,,,,-9.39,00-0032257
2019,2266822,8,2019-10-23 12:36:19,add/drop,Pung & Tralie,gain,player,Indianapolis Colts,DEF,IND,,,,8.44,DEF-0014
2019,2266822,8,2019-10-23 12:36:19,add/drop,Pung & Tralie,loss,player,Kansas City Chiefs,DEF,KC,,,,0,DEF-0016
2019,2266699,8,2019-10-23 10:58:55,add/drop,Antdell & Ernie,gain,player,Corey Davis,WR,TEN,,,,-37.63,00-0033871
2019,2266699,8,2019-10-23 10:58:55,add/drop,Antdell & Ernie,loss,player,Tyrell Williams,WR,LV,,,,-15.41,00-0032160
2019,2266753,8,2019-10-23 09:49:05,add/drop,Phil Baldino,gain,player,Frank Gore,RB,BUF,,,,-39.32,00-0023500
2019,2266753,8,2019-10-23 09:49:05,add/drop,Phil Baldino,loss,player,Houston Texans,DEF,HOU,,,,-11.25,DEF-0013
2019,2266668,8,2019-10-23 08:47:07,add/drop,Richie,gain,player,Benny Snell,RB,FA,,,,-36.62,00-0035217
2019,2266668,8,2019-10-23 08:47:07,add/drop,Richie,loss,player,Steven Hauschka,K,BUF,,,,0,00-0025944
2019,2266915,8,2019-10-23 08:27:11,add/drop,Cambrias,gain,player,Gardner Minshew,QB,JAX,,,,-29.37,00-0035289
2019,2266915,8,2019-10-23 08:27:11,add/drop,Cambrias,loss,player,Tennessee Titans,DEF,TEN,,,,-2.25,DEF-0031
2019,2266669,8,2019-10-23 08:15:41,add/drop,Richie,gain,player,Sam Darnold,QB,NYJ,,,,6.56,00-0034869
2019,2266669,8,2019-10-23 08:15:41,add/drop,Richie,loss,player,Frank Gore,RB,BUF,,,,-39.32,00-0023500
2019,2266700,8,2019-10-23 08:15:41,add/drop,Antdell & Ernie,gain,player,Matt Prater,K,DET,,,,-2.81,00-0023853
2019,2266700,8,2019-10-23 08:15:41,add/drop,Antdell & Ernie,loss,player,Brett Maher,K,DAL,,,,-9,00-0030332
2019,2266701,8,2019-10-23 08:15:41,add/drop,Antdell & Ernie,gain,player,Carolina Panthers,DEF,CAR,,,,-25.88,DEF-0005
2019,2266701,8,2019-10-23 08:15:41,add/drop,Antdell & Ernie,loss,player,Green Bay Packers,DEF,GB,,,,-10.13,DEF-0012
2019,2266823,8,2019-10-23 08:15:41,add/drop,Pung & Tralie,gain,player,Kenny Stills,WR,HOU,,,,-21.43,00-0030085
2019,2266823,8,2019-10-23 08:15:41,add/drop,Pung & Tralie,loss,player,Marquise Brown,WR,BAL,,,,-20.59,00-0035662
2019,2266868,8,2019-10-23 08:15:41,add/drop,Rob & GregBo,gain,player,Ty Johnson,RB,DET,,,,-34.37,00-0035537
2019,2266868,8,2019-10-23 08:15:41,add/drop,Rob & GregBo,loss,player,Dante Pettis,WR,SF,,,,-54.73,00-0034860
2019,2266885,8,2019-10-23 08:15:41,add/drop,Ronnie,gain,player,Marvin Jones,WR,DET,,,,-7.37,00-0029293
2019,2266885,8,2019-10-23 08:15:41,add/drop,Ronnie,loss,player,Dawson Knox,TE,BUF,,,,-19.91,00-0035689
2019,2266886,8,2019-10-23 08:15:41,add/drop,Ronnie,gain,player,Matthew Stafford,QB,DET,,,,-52.63,00-0026498
2019,2266886,8,2019-10-23 08:15:41,add/drop,Ronnie,loss,player,Rashaad Penny,RB,SEA,,,,-23.57,00-0034750
2019,2266670,8,2019-10-22 16:45:44,drop,Richie,loss,player,Will Fuller,WR,HOU,,,,-39.88,00-0033127
2019,2266671,7,2019-10-20 14:29:20,add/drop,Richie,gain,player,Steven Hauschka,K,BUF,,,,3.13,00-0025944
2019,2266671,7,2019-10-20 14:29:20,add/drop,Richie,loss,player,Sam Darnold,QB,NYJ,,,,-4.18,00-0034869
2019,2266787,7,2019-10-20 14:03:41,add/drop,Nolan & Vinny,gain,player,Dede Westbrook,WR,JAX,,,,-29.75,00-0033839
2019,2266787,7,2019-10-20 14:03:41,add/drop,Nolan & Vinny,loss,player,Malcolm Brown,RB,LAR,,,,-53.06,00-0031806
2019,2266672,7,2019-10-19 18:21:32,add/drop,Richie,gain,player,Jamison Crowder,WR,NYJ,,,,0,00-0031941
2019,2266672,7,2019-10-19 18:21:32,add/drop,Richie,loss,player,Marvin Jones,WR,DET,,,,10.38,00-0029293
2019,2266887,7,2019-10-19 15:17:54,add/drop,Ronnie,gain,player,Rashaad Penny,RB,SEA,,,,-32.06,00-0034750
2019,2266887,7,2019-10-19 15:17:54,add/drop,Ronnie,loss,player,Jamison Crowder,WR,NYJ,,,,0,00-0031941
2019,2266824,7,2019-10-19 13:18:17,add/drop,Pung & Tralie,gain,player,New York Jets,DEF,NYJ,,,,0,DEF-0025
2019,2266824,7,2019-10-19 13:18:17,add/drop,Pung & Tralie,loss,player,Chris Thompson,RB,WAS,,,,-47.13,00-0030404
2019,2266916,7,2019-10-18 23:05:57,add/drop,Cambrias,gain,player,Tennessee Titans,DEF,TEN,,,,-1.88,DEF-0031
2019,2266916,7,2019-10-18 23:05:57,add/drop,Cambrias,loss,player,Tony Pollard,RB,DAL,,,,-33.5,00-0035261
2019,2266702,7,2019-10-18 20:21:53,add/drop,Antdell & Ernie,gain,player,Tyrell Williams,WR,LV,,,,-25.63,00-0032160
2019,2266702,7,2019-10-18 20:21:53,add/drop,Antdell & Ernie,loss,player,Allen Lazard,WR,NYJ,,,,-32.56,00-0034521
2019,2266731,7,2019-10-18 20:20:27,add/drop,Chris & Dom,gain,player,Latavius Murray,RB,NO,,,,5.5,00-0030513
2019,2266731,7,2019-10-18 20:20:27,add/drop,Chris & Dom,loss,player,Dede Westbrook,WR,JAX,,,,-29.75,00-0033839
2019,2266732,7,2019-10-18 19:27:51,add/drop,Chris & Dom,gain,player,Kirk Cousins,QB,MIN,,,,0,00-0029604
2019,2266732,7,2019-10-18 19:27:51,add/drop,Chris & Dom,loss,player,Latavius Murray,RB,NO,,,,5.5,00-0030513
2019,2266788,7,2019-10-18 03:05:43,add/drop,Nolan & Vinny,gain,player,Auden Tate,WR,FA,,,,-43.19,00-0034686
2019,2266788,7,2019-10-18 03:05:43,add/drop,Nolan & Vinny,loss,player,Geronimo Allison,WR,FA,,,,-55.56,00-0032626
2019,2266789,7,2019-10-18 01:33:02,add/drop,Nolan & Vinny,gain,player,Cole Beasley,WR,BUF,,,,4.75,00-0029000
2019,2266789,7,2019-10-18 01:33:02,add/drop,Nolan & Vinny,loss,player,Ronald Jones,RB,TB,,,,-2.38,00-0034816
2019,2266754,7,2019-10-17 16:08:30,add,Phil Baldino,gain,player,Houston Texans,DEF,HOU,,,,-13.13,DEF-0013
2019,2266947,7,2019-10-17 16:06:24,add/drop,Frank & Julian,gain,player,Mason Crosby,K,GB,,,,-10.63,00-0025580
2019,2266947,7,2019-10-17 16:06:24,add/drop,Frank & Julian,loss,player,Diontae Johnson,WR,PIT,,,,-11,00-0035216
2019,2266825,7,2019-10-17 15:25:03,add/drop,Pung & Tralie,gain,player,Kansas City Chiefs,DEF,KC,,,,13.13,DEF-0016
2019,2266825,7,2019-10-17 15:25:03,add/drop,Pung & Tralie,loss,player,Carolina Panthers,DEF,CAR,,,,-30.63,DEF-0005
2019,2266755,7,2019-10-17 15:18:34,trade,Phil Baldino,loss,player,Austin Hooper,TE,ATL,,,,-10.69,00-0032392
2019,2266755,7,2019-10-17 15:18:34,trade,Phil Baldino,loss,player,Devin Singletary,RB,BUF,,,,10.63,00-0035250
2019,2266755,7,2019-10-17 15:18:34,trade,Phil Baldino,gain,player,Travis Kelce,TE,KC,,,,46.19,00-0030506
2019,2266826,7,2019-10-17 15:18:34,drop,Pung & Tralie,loss,player,Tyrell Williams,WR,LV,,,,-25.63,00-0032160
2019,2266827,7,2019-10-17 15:18:34,trade,Pung & Tralie,gain,player,Austin Hooper,TE,ATL,,,,-10.69,00-0032392
2019,2266827,7,2019-10-17 15:18:34,trade,Pung & Tralie,gain,player,Devin Singletary,RB,BUF,,,,10.63,00-0035250
2019,2266827,7,2019-10-17 15:18:34,trade,Pung & Tralie,loss,player,Travis Kelce,TE,KC,,,,46.19,00-0030506
2019,2266756,7,2019-10-17 14:04:55,add/drop,Phil Baldino,gain,player,Mark Walton,RB,MIA,,,,-52.56,00-0034679
2019,2266756,7,2019-10-17 14:04:55,add/drop,Phil Baldino,loss,player,Corey Davis,WR,TEN,,,,-37.81,00-0033871
2019,2266934,7,2019-10-17 13:08:27,add,Team JoeBa,gain,player,Noah Fant,TE,DEN,,,,-6.5,00-0035644
2019,2266935,7,2019-10-17 12:15:28,drop,Team JoeBa,loss,player,Will Dissly,TE,SEA,,,,,00-0034159
2019,2266703,7,2019-10-17 03:28:13,add/drop,Antdell & Ernie,gain,player,Allen Lazard,WR,NYJ,,,,-32.56,00-0034521
2019,2266703,7,2019-10-17 03:28:13,add/drop,Antdell & Ernie,loss,player,Cole Beasley,WR,BUF,,,,4.75,00-0029000
2019,2266869,7,2019-10-17 02:31:37,add/drop,Rob & GregBo,gain,player,Los Angeles Chargers,DEF,LAC,,,,-23.13,DEF-0018
2019,2266869,7,2019-10-17 02:31:37,add/drop,Rob & GregBo,loss,player,Indianapolis Colts,DEF,IND,,,,13.13,DEF-0014
2019,2266948,7,2019-10-16 19:47:33,add/drop,Frank & Julian,gain,player,Darren Fells,TE,HOU,,,,-16.31,00-0029738
2019,2266948,7,2019-10-16 19:47:33,add/drop,Frank & Julian,loss,player,O.J. Howard,TE,TB,,,,-20,00-0033879
2019,2266673,7,2019-10-16 18:32:18,add/drop,Richie,gain,player,Darrell Henderson,RB,LAR,,,,-54.88,00-0035664
2019,2266673,7,2019-10-16 18:32:18,add/drop,Richie,loss,player,Ka'imi Fairbairn,K,HOU,,,,0,00-0032726
2019,2266733,7,2019-10-16 17:54:47,add/drop,Chris & Dom,gain,player,Latavius Murray,RB,NO,,,,5.5,00-0030513
2019,2266733,7,2019-10-16 17:54:47,add/drop,Chris & Dom,loss,player,Byron Pringle,WR,WAS,,,,-73.25,00-0034297
2019,2266870,7,2019-10-16 17:34:16,add/drop,Rob & GregBo,gain,player,Indianapolis Colts,DEF,IND,,,,13.13,DEF-0014
2019,2266870,7,2019-10-16 17:34:16,add/drop,Rob & GregBo,loss,player,Los Angeles Chargers,DEF,LAC,,,,-23.13,DEF-0018
2019,2266871,7,2019-10-16 17:28:07,add/drop,Rob & GregBo,gain,player,Phillip Dorsett,WR,NE,,,,-50.94,00-0032208
2019,2266871,7,2019-10-16 17:28:07,add/drop,Rob & GregBo,loss,player,Peyton Barber,RB,TB,,,,-27.56,00-0032741
2019,2266888,7,2019-10-16 13:02:08,add,Ronnie,gain,player,Dawson Knox,TE,BUF,,,,-25.06,00-0035689
2019,2266889,7,2019-10-16 13:01:36,drop,Ronnie,loss,player,Matthew Stafford,QB,DET,,,,-47.93,00-0026498
2019,2266704,7,2019-10-16 09:18:05,add,Antdell & Ernie,gain,player,Cole Beasley,WR,BUF,,,,4.75,00-0029000
2019,2266674,7,2019-10-16 08:08:48,add/drop,Richie,gain,player,Sam Darnold,QB,NYJ,,,,-4.18,00-0034869
2019,2266674,7,2019-10-16 08:08:48,add/drop,Richie,loss,player,Latavius Murray,RB,NO,,,,5.5,00-0030513
2019,2266705,7,2019-10-16 08:06:49,add/drop,Antdell & Ernie,gain,player,Green Bay Packers,DEF,GB,,,,-11.88,DEF-0012
2019,2266705,7,2019-10-16 08:06:49,add/drop,Antdell & Ernie,loss,player,Dallas Cowboys,DEF,DAL,,,,-11.25,DEF-0009
2019,2266757,7,2019-10-16 08:06:49,add/drop,Phil Baldino,gain,player,Baker Mayfield,QB,CLE,,,,-7.3,00-0034855
2019,2266757,7,2019-10-16 08:06:49,add/drop,Phil Baldino,loss,player,Tennessee Titans,DEF,TEN,,,,-1.88,DEF-0031
2019,2266828,7,2019-10-16 08:06:49,add/drop,Pung & Tralie,gain,player,Luke Willson,TE,FA,,,,-51,00-0030089
2019,2266828,7,2019-10-16 08:06:49,add/drop,Pung & Tralie,loss,player,Darrell Henderson,RB,LAR,,,,-54.88,00-0035664
2019,2266917,7,2019-10-16 08:06:49,add/drop,Cambrias,gain,player,Chris Herndon,TE,FA,,,,-53.5,00-0034766
2019,2266917,7,2019-10-16 08:06:49,add/drop,Cambrias,loss,player,Vance McDonald,TE,PIT,,,,-29,00-0030470
2019,2266706,6,2019-10-14 00:34:46,drop,Antdell & Ernie,loss,player,Reggie Bonnafon,RB,FA,,,,-70.33,00-0034578
2019,2266790,6,2019-10-13 12:37:34,add/drop,Nolan & Vinny,gain,player,Mecole Hardman,WR,KC,,,,-44.89,00-0035140
2019,2266790,6,2019-10-13 12:37:34,add/drop,Nolan & Vinny,loss,player,Jaylen Samuels,RB,PIT,,,,-28.05,00-0034331
2019,2266829,6,2019-10-13 11:54:19,add/drop,Pung & Tralie,gain,player,Darrell Henderson,RB,LAR,,,,-60.84,00-0035664
2019,2266829,6,2019-10-13 11:54:19,add/drop,Pung & Tralie,loss,player,Daniel Jones,QB,NYG,,,,-21.02,00-0035710
2019,2266675,6,2019-10-12 17:44:01,add/drop,Richie,gain,player,Latavius Murray,RB,NO,,,,9.08,00-0030513
2019,2266675,6,2019-10-12 17:44:01,add/drop,Richie,loss,player,Rashaad Penny,RB,SEA,,,,-39.74,00-0034750
2019,2266949,6,2019-10-11 04:13:44,add,Frank & Julian,gain,player,Jamaal Williams,RB,GB,,,,4.95,00-0033948
2019,2266676,6,2019-10-10 17:12:19,drop,Richie,loss,player,Chris Herndon,TE,FA,,,,-61.6,00-0034766
2019,2266677,6,2019-10-10 17:12:19,trade,Richie,gain,player,Joe Mixon,RB,CIN,,,,23.99,00-0033897
2019,2266677,6,2019-10-10 17:12:19,trade,Richie,gain,player,T.Y. Hilton,WR,IND,,,,-59.4,00-0029608
2019,2266677,6,2019-10-10 17:12:19,trade,Richie,gain,player,Frank Gore,RB,BUF,,,,-53.76,00-0023500
2019,2266677,6,2019-10-10 17:12:19,trade,Richie,loss,player,Keenan Allen,WR,LAC,,,,3.37,00-0030279
2019,2266677,6,2019-10-10 17:12:19,trade,Richie,loss,player,Miles Sanders,RB,PHI,,,,40.63,00-0035243
2019,2266950,6,2019-10-10 17:12:19,trade,Frank & Julian,loss,player,Joe Mixon,RB,CIN,,,,23.99,00-0033897
2019,2266950,6,2019-10-10 17:12:19,trade,Frank & Julian,loss,player,T.Y. Hilton,WR,IND,,,,-59.4,00-0029608
2019,2266950,6,2019-10-10 17:12:19,trade,Frank & Julian,loss,player,Frank Gore,RB,BUF,,,,-53.76,00-0023500
2019,2266950,6,2019-10-10 17:12:19,trade,Frank & Julian,gain,player,Keenan Allen,WR,LAC,,,,3.37,00-0030279
2019,2266950,6,2019-10-10 17:12:19,trade,Frank & Julian,gain,player,Miles Sanders,RB,PHI,,,,40.63,00-0035243
2019,2266951,6,2019-10-10 01:44:37,add/drop,Frank & Julian,gain,player,Mohamed Sanu,WR,ATL,,,,-52.18,00-0029632
2019,2266951,6,2019-10-10 01:44:37,add/drop,Frank & Julian,loss,player,Giovani Bernard,RB,CIN,,,,-46.89,00-0030456
2019,2266707,6,2019-10-09 18:51:33,add/drop,Antdell & Ernie,gain,player,Reggie Bonnafon,RB,FA,,,,-70.33,00-0034578
2019,2266707,6,2019-10-09 18:51:33,add/drop,Antdell & Ernie,loss,player,Mohamed Sanu,WR,ATL,,,,-52.18,00-0029632
2019,2266734,6,2019-10-09 10:58:13,add/drop,Chris & Dom,gain,player,Byron Pringle,WR,WAS,,,,-83.46,00-0034297
2019,2266734,6,2019-10-09 10:58:13,add/drop,Chris & Dom,loss,player,Rex Burkhead,RB,NE,,,,-40.63,00-0030288
2019,2266735,6,2019-10-09 10:52:25,add/drop,Chris & Dom,gain,player,Washington Commanders,DEF,WAS,,,,-4.13,DEF-0032
2019,2266735,6,2019-10-09 10:52:25,add/drop,Chris & Dom,loss,player,Ito Smith,RB,ATL,,,,-75.35,00-0034378
2019,2266708,6,2019-10-09 09:42:59,add/drop,Antdell & Ernie,gain,player,Mohamed Sanu,WR,ATL,,,,-52.18,00-0029632
2019,2266708,6,2019-10-09 09:42:59,add/drop,Antdell & Ernie,loss,player,Auden Tate,WR,FA,,,,-43.73,00-0034686
2019,2266758,6,2019-10-09 09:11:37,add/drop,Phil Baldino,gain,player,Tennessee Titans,DEF,TEN,,,,-1.38,DEF-0031
2019,2266758,6,2019-10-09 09:11:37,add/drop,Phil Baldino,loss,player,John Ross,WR,CIN,,,,-72.81,00-0033460
2019,2266709,6,2019-10-09 08:03:55,add/drop,Antdell & Ernie,gain,player,Gerald Everett,TE,LAR,,,,-32.86,00-0033895
2019,2266709,6,2019-10-09 08:03:55,add/drop,Antdell & Ernie,loss,player,Philadelphia Eagles,DEF,PHI,,,,-16.5,DEF-0026
2019,2266830,6,2019-10-09 08:03:55,add/drop,Pung & Tralie,gain,player,Adrian Peterson,RB,FA,,,,6.26,00-0025394
2019,2266830,6,2019-10-09 08:03:55,add/drop,Pung & Tralie,loss,player,Wayne Gallman,RB,NYG,,,,-73.08,00-0033950
2019,2266831,6,2019-10-09 08:03:55,add/drop,Pung & Tralie,gain,player,Chase Edmonds,RB,ARI,,,,-39.19,00-0034681
2019,2266831,6,2019-10-09 08:03:55,add/drop,Pung & Tralie,loss,player,Baker Mayfield,QB,CLE,,,,-9.27,00-0034855
2019,2266918,6,2019-10-09 08:03:55,add/drop,Cambrias,gain,player,Robbie Gould,K,SF,,,,-4.81,00-0023252
2019,2266918,6,2019-10-09 08:03:55,add/drop,Cambrias,loss,player,Matt Bryant,K,FA,,,,-37.13,00-0020578
2019,2266919,6,2019-10-09 08:03:55,add/drop,Cambrias,gain,player,Pittsburgh Steelers,DEF,PIT,,,,33,DEF-0027
2019,2266919,6,2019-10-09 08:03:55,add/drop,Cambrias,loss,player,Tennessee Titans,DEF,TEN,,,,-1.38,DEF-0031
2019,2266920,6,2019-10-09 08:03:55,add/drop,Cambrias,gain,player,Hunter Henry,TE,LAC,,,,23.17,00-0033090
2019,2266920,6,2019-10-09 08:03:55,add/drop,Cambrias,loss,player,Phillip Dorsett,WR,NE,,,,-61.94,00-0032208
2019,2266759,5,2019-10-04 13:47:04,add/drop,Phil Baldino,gain,player,Mike Nugent,K,FA,,,,-40.5,00-0023482
2019,2266759,5,2019-10-04 13:47:04,add/drop,Phil Baldino,loss,player,Stephen Gostkowski,K,NE,,,,,00-0024333
2019,2266710,5,2019-10-04 13:33:13,add/drop,Antdell & Ernie,gain,player,Auden Tate,WR,FA,,,,-49.65,00-0034686
2019,2266710,5,2019-10-04 13:33:13,add/drop,Antdell & Ernie,loss,player,Mecole Hardman,WR,KC,,,,-51.15,00-0035140
2019,2266791,5,2019-10-04 01:34:05,add/drop,Nolan & Vinny,gain,player,Malcolm Brown,RB,LAR,,,,-73.5,00-0031806
2019,2266791,5,2019-10-04 01:34:05,add/drop,Nolan & Vinny,loss,player,Jamaal Williams,RB,GB,,,,-2.77,00-0033948
2019,2266952,5,2019-10-03 22:16:25,add/drop,Frank & Julian,gain,player,New Orleans Saints,DEF,NO,,,,0,DEF-0023
2019,2266952,5,2019-10-03 22:16:25,add/drop,Frank & Julian,loss,player,Dontrelle Inman,WR,LAC,,,,-102.75,00-0028411
2019,2266832,5,2019-10-03 02:12:21,add,Pung & Tralie,gain,player,Carolina Panthers,DEF,CAR,,,,-20.25,DEF-0005
2019,2266833,5,2019-10-03 02:11:09,drop,Pung & Tralie,loss,player,Pittsburgh Steelers,DEF,PIT,,,,36.75,DEF-0027
2019,2266760,5,2019-10-02 16:20:45,add/drop,Phil Baldino,gain,player,John Ross,WR,CIN,,,,-90.08,00-0033460
2019,2266760,5,2019-10-02 16:20:45,add/drop,Phil Baldino,loss,player,Indianapolis Colts,DEF,IND,,,,13.5,DEF-0014
2019,2266953,5,2019-10-02 13:04:28,add/drop,Frank & Julian,gain,player,Diontae Johnson,WR,PIT,,,,-21.98,00-0035216
2019,2266953,5,2019-10-02 13:04:28,add/drop,Frank & Julian,loss,player,John Ross,WR,CIN,,,,-90.08,00-0033460
2019,2266678,5,2019-10-02 08:51:47,add/drop,Richie,gain,player,Chris Herndon,TE,FA,,,,-70.58,00-0034766
2019,2266678,5,2019-10-02 08:51:47,add/drop,Richie,loss,player,Malcolm Brown,RB,LAR,,,,-73.5,00-0031806
2019,2266679,5,2019-10-02 08:49:35,add/drop,Richie,gain,player,San Francisco 49ers,DEF,SF,,,,24.75,DEF-0028
2019,2266679,5,2019-10-02 08:49:35,add/drop,Richie,loss,player,Houston Texans,DEF,HOU,,,,-15,DEF-0013
2019,2266711,5,2019-10-02 08:06:41,add/drop,Antdell & Ernie,gain,player,Philadelphia Eagles,DEF,PHI,,,,0.75,DEF-0026
2019,2266711,5,2019-10-02 08:06:41,add/drop,Antdell & Ernie,loss,player,Latavius Murray,RB,NO,,,,5.78,00-0030513
2019,2266736,5,2019-10-02 08:06:41,add/drop,Chris & Dom,gain,player,Dede Westbrook,WR,JAX,,,,-35.18,00-0033839
2019,2266736,5,2019-10-02 08:06:41,add/drop,Chris & Dom,loss,player,Trey Burton,TE,FA,,,,-64.13,00-0030710
2019,2266890,5,2019-10-02 08:06:41,add,Ronnie,gain,player,Matthew Stafford,QB,DET,,,,-70.61,00-0026498
2019,2266921,5,2019-10-02 08:06:41,add/drop,Cambrias,gain,player,Tennessee Titans,DEF,TEN,,,,-3.75,DEF-0031
2019,2266921,5,2019-10-02 08:06:41,add/drop,Cambrias,loss,player,Nelson Agholor,WR,PHI,,,,-75.83,00-0031549
2019,2266936,5,2019-10-02 08:06:41,add/drop,Team JoeBa,gain,player,Robbie Chosen,WR,NYJ,,,,-6.23,00-0032688
2019,2266936,5,2019-10-02 08:06:41,add/drop,Team JoeBa,loss,player,Dallas Goedert,TE,PHI,,,,18.9,00-0034351
2019,2266891,5,2019-10-01 01:43:07,drop,Ronnie,loss,player,Mitchell Trubisky,QB,CHI,,,,-14.7,00-0033869
2019,2266954,4,2019-09-29 15:38:37,add/drop,Frank & Julian,gain,player,Dontrelle Inman,WR,LAC,,,,-107.74,00-0028411
2019,2266954,4,2019-09-29 15:38:37,add/drop,Frank & Julian,loss,player,Justin Jackson,RB,LAC,,,,-95.96,00-0034440
2019,2266792,4,2019-09-27 22:39:39,add/drop,Nolan & Vinny,gain,player,Geronimo Allison,WR,FA,,,,-75.73,00-0032626
2019,2266792,4,2019-09-27 22:39:39,add/drop,Nolan & Vinny,loss,player,Dawson Knox,TE,BUF,,,,-34.86,00-0035689
2019,2266793,4,2019-09-26 12:11:25,add,Nolan & Vinny,gain,player,Jamaal Williams,RB,GB,,,,-6.17,00-0033948
2019,2266794,4,2019-09-26 01:14:22,add,Nolan & Vinny,gain,player,Dawson Knox,TE,BUF,,,,-34.86,00-0035689
2019,2266795,4,2019-09-26 00:54:11,trade,Nolan & Vinny,loss,player,Melvin Gordon,RB,FA,,,,24.29,00-0032144
2019,2266795,4,2019-09-26 00:54:11,trade,Nolan & Vinny,loss,player,John Ross,WR,CIN,,,,-98.88,00-0033460
2019,2266795,4,2019-09-26 00:54:11,trade,Nolan & Vinny,loss,player,O.J. Howard,TE,TB,,,,-26.81,00-0033879
2019,2266795,4,2019-09-26 00:54:11,trade,Nolan & Vinny,loss,player,Frank Gore,RB,BUF,,,,-60.29,00-0023500
2019,2266795,4,2019-09-26 00:54:11,trade,Nolan & Vinny,gain,player,Zach Ertz,TE,PHI,,,,61.34,00-0030061
2019,2266795,4,2019-09-26 00:54:11,trade,Nolan & Vinny,gain,player,Sammy Watkins,WR,KC,,,,-68.98,00-0031325
2019,2266955,4,2019-09-26 00:54:11,drop,Frank & Julian,loss,player,Robbie Chosen,WR,NYJ,,,,-13.41,00-0032688
2019,2266956,4,2019-09-26 00:54:11,drop,Frank & Julian,loss,player,Raheem Mostert,RB,SF,,,,-12.03,00-0031687
2019,2266957,4,2019-09-26 00:54:11,trade,Frank & Julian,gain,player,Melvin Gordon,RB,FA,,,,24.29,00-0032144
2019,2266957,4,2019-09-26 00:54:11,trade,Frank & Julian,gain,player,John Ross,WR,CIN,,,,-98.88,00-0033460
2019,2266957,4,2019-09-26 00:54:11,trade,Frank & Julian,gain,player,O.J. Howard,TE,TB,,,,-26.81,00-0033879
2019,2266957,4,2019-09-26 00:54:11,trade,Frank & Julian,gain,player,Frank Gore,RB,BUF,,,,-60.29,00-0023500
2019,2266957,4,2019-09-26 00:54:11,trade,Frank & Julian,loss,player,Zach Ertz,TE,PHI,,,,61.34,00-0030061
2019,2266957,4,2019-09-26 00:54:11,trade,Frank & Julian,loss,player,Sammy Watkins,WR,KC,,,,-68.98,00-0031325
2019,2266796,4,2019-09-25 22:19:10,add/drop,Nolan & Vinny,gain,player,John Ross,WR,CIN,,,,-98.88,00-0033460
2019,2266796,4,2019-09-25 22:19:10,add/drop,Nolan & Vinny,loss,player,Dawson Knox,TE,BUF,,,,-34.86,00-0035689
2019,2266797,4,2019-09-25 22:17:24,add/drop,Nolan & Vinny,gain,player,Dawson Knox,TE,BUF,,,,-34.86,00-0035689
2019,2266797,4,2019-09-25 22:17:24,add/drop,Nolan & Vinny,loss,player,John Ross,WR,CIN,,,,-98.88,00-0033460
2019,2266712,4,2019-09-25 21:02:39,trade,Antdell & Ernie,loss,player,JuJu Smith-Schuster,WR,PIT,,,,-70.04,00-0033857
2019,2266712,4,2019-09-25 21:02:39,trade,Antdell & Ernie,gain,player,Chris Godwin,WR,TB,,,,61.91,00-0033921
2019,2266761,4,2019-09-25 21:02:39,trade,Phil Baldino,gain,player,JuJu Smith-Schuster,WR,PIT,,,,-70.04,00-0033857
2019,2266761,4,2019-09-25 21:02:39,trade,Phil Baldino,loss,player,Chris Godwin,WR,TB,,,,61.91,00-0033921
2019,2266798,4,2019-09-25 13:24:00,trade,Nolan & Vinny,loss,player,Larry Fitzgerald,WR,ARI,,,,-31.61,00-0022921
2019,2266798,4,2019-09-25 13:24:00,trade,Nolan & Vinny,gain,player,Russell Wilson,QB,SEA,,,,26.96,00-0029263
2019,2266922,4,2019-09-25 13:24:00,trade,Cambrias,gain,player,Larry Fitzgerald,WR,ARI,,,,-31.61,00-0022921
2019,2266922,4,2019-09-25 13:24:00,trade,Cambrias,loss,player,Russell Wilson,QB,SEA,,,,26.96,00-0029263
2019,2266799,4,2019-09-25 12:13:34,add/drop,Nolan & Vinny,gain,player,Ronald Jones,RB,TB,,,,3.01,00-0034816
2019,2266799,4,2019-09-25 12:13:34,add/drop,Nolan & Vinny,loss,player,Adrian Peterson,RB,FA,,,,-1.71,00-0025394
2019,2266713,4,2019-09-25 10:25:12,add/drop,Antdell & Ernie,gain,player,Josh Allen,QB,BUF,,,,31.53,00-0034857
2019,2266713,4,2019-09-25 10:25:12,add/drop,Antdell & Ernie,loss,player,Darwin Thompson,RB,KC,,,,-80.52,00-0035148
2019,2266762,4,2019-09-25 09:47:28,add/drop,Phil Baldino,gain,player,Indianapolis Colts,DEF,IND,,,,12.19,DEF-0014
2019,2266762,4,2019-09-25 09:47:28,add/drop,Phil Baldino,loss,player,Matthew Stafford,QB,DET,,,,-66.09,00-0026498
2019,2266763,4,2019-09-25 09:20:51,add/drop,Phil Baldino,gain,player,Courtland Sutton,WR,DEN,,,,16.27,00-0034348
2019,2266763,4,2019-09-25 09:20:51,add/drop,Phil Baldino,loss,player,Cleveland Browns,DEF,CLE,,,,-21.94,DEF-0008
2019,2266680,4,2019-09-25 08:22:17,add,Richie,gain,player,Houston Texans,DEF,HOU,,,,-13,DEF-0013
2019,2266764,4,2019-09-25 08:22:17,add/drop,Phil Baldino,gain,player,Buffalo Bills,DEF,BUF,,,,6.5,DEF-0004
2019,2266764,4,2019-09-25 08:22:17,add/drop,Phil Baldino,loss,player,Philadelphia Eagles,DEF,PHI,,,,0,DEF-0026
2019,2266772,4,2019-09-25 08:22:17,add/drop,LFTLR,gain,player,Andy Dalton,QB,CIN,,,,-49.94,00-0027973
2019,2266772,4,2019-09-25 08:22:17,add/drop,LFTLR,loss,player,Jimmy Garoppolo,QB,SF,,,,-0,00-0031345
2019,2266773,4,2019-09-25 08:22:17,add/drop,LFTLR,gain,player,Jacoby Brissett,QB,IND,,,,-26.98,00-0033119
2019,2266773,4,2019-09-25 08:22:17,add/drop,LFTLR,loss,player,Cam Newton,QB,CAR,,,,,00-0027939
2019,2266834,4,2019-09-25 08:22:17,add/drop,Pung & Tralie,gain,player,Zane Gonzalez,K,ARI,,,,4.06,00-0033862
2019,2266834,4,2019-09-25 08:22:17,add/drop,Pung & Tralie,loss,player,Robbie Gould,K,SF,,,,-12.19,00-0023252
2019,2266835,4,2019-09-25 08:22:17,add/drop,Pung & Tralie,gain,player,Pittsburgh Steelers,DEF,PIT,,,,50.38,DEF-0027
2019,2266835,4,2019-09-25 08:22:17,add/drop,Pung & Tralie,loss,player,Tennessee Titans,DEF,TEN,,,,0,DEF-0031
2019,2266836,4,2019-09-25 08:22:17,add/drop,Pung & Tralie,gain,player,Daniel Jones,QB,NYG,,,,-21.24,00-0035710
2019,2266836,4,2019-09-25 08:22:17,add/drop,Pung & Tralie,loss,player,Josh Allen,QB,BUF,,,,31.53,00-0034857
2019,2266837,4,2019-09-25 08:22:17,add/drop,Pung & Tralie,gain,player,Wayne Gallman,RB,NYG,,,,-75.48,00-0033950
2019,2266837,4,2019-09-25 08:22:17,add/drop,Pung & Tralie,loss,player,Dede Westbrook,WR,JAX,,,,-35.34,00-0033839
2019,2266923,4,2019-09-25 08:22:17,add/drop,Cambrias,gain,player,Phillip Dorsett,WR,NE,,,,-88.24,00-0032208
2019,2266923,4,2019-09-25 08:22:17,add/drop,Cambrias,loss,player,Green Bay Packers,DEF,GB,,,,-21.94,DEF-0012
2019,2266937,4,2019-09-25 08:22:17,add/drop,Team JoeBa,gain,player,Will Dissly,TE,SEA,,,,-57.36,00-0034159
2019,2266937,4,2019-09-25 08:22:17,add/drop,Team JoeBa,loss,player,Kyle Rudolph,TE,MIN,,,,4.55,00-0027981
2019,2266958,4,2019-09-25 08:22:17,add/drop,Frank & Julian,gain,player,Justin Jackson,RB,LAC,,,,-95.96,00-0034440
2019,2266958,4,2019-09-25 08:22:17,add/drop,Frank & Julian,loss,player,Randall Cobb,WR,DAL,,,,-32.83,00-0028002
2019,2266681,4,2019-09-24 00:19:17,drop,Richie,loss,player,San Francisco 49ers,DEF,SF,,,,21.94,DEF-0028
2019,2266800,3,2019-09-23 17:22:25,trade,Nolan & Vinny,gain,player,Todd Gurley,RB,LAR,,,,42.26,00-0032241
2019,2266800,3,2019-09-23 17:22:25,trade,Nolan & Vinny,loss,player,Odell Beckham,WR,CLE,,,,-18.55,00-0031235
2019,2266838,3,2019-09-23 17:22:25,trade,Pung & Tralie,loss,player,Todd Gurley,RB,LAR,,,,42.26,00-0032241
2019,2266838,3,2019-09-23 17:22:25,trade,Pung & Tralie,gain,player,Odell Beckham,WR,CLE,,,,-18.55,00-0031235
2019,2266714,3,2019-09-22 16:46:54,add/drop,Antdell & Ernie,gain,player,Darrel Williams,RB,FA,,,,-57.4,00-0034301
2019,2266714,3,2019-09-22 16:46:54,add/drop,Antdell & Ernie,loss,player,Justin Jackson,RB,LAC,,,,-103.08,00-0034440
2019,2266938,3,2019-09-20 15:47:35,add/drop,Team JoeBa,gain,player,Jordan Howard,RB,PHI,,,,-28.96,00-0032780
2019,2266938,3,2019-09-20 15:47:35,add/drop,Team JoeBa,loss,player,Demaryius Thomas,WR,FA,,,,-70.7,00-0027874
2019,2266959,3,2019-09-20 13:04:12,add/drop,Frank & Julian,gain,player,Joey Slye,K,CAR,,,,0,00-0035192
2019,2266959,3,2019-09-20 13:04:12,add/drop,Frank & Julian,loss,player,Mason Crosby,K,GB,,,,-1.75,00-0025580
2019,2266801,3,2019-09-19 21:49:38,add/drop,Nolan & Vinny,gain,player,O.J. Howard,TE,TB,,,,-27.21,00-0033879
2019,2266801,3,2019-09-19 21:49:38,add/drop,Nolan & Vinny,loss,player,Jordan Howard,RB,PHI,,,,-28.96,00-0032780
2019,2266774,3,2019-09-19 19:28:07,add/drop,LFTLR,gain,player,Jimmy Garoppolo,QB,SF,,,,-5.57,00-0031345
2019,2266774,3,2019-09-19 19:28:07,add/drop,LFTLR,loss,player,O.J. Howard,TE,TB,,,,-27.21,00-0033879
2019,2266802,3,2019-09-19 18:35:23,add/drop,Nolan & Vinny,gain,player,Frank Gore,RB,BUF,,,,-56,00-0023500
2019,2266802,3,2019-09-19 18:35:23,add/drop,Nolan & Vinny,loss,player,Rob Gronkowski,TE,FA,,,,,00-0027656
2019,2266839,3,2019-09-19 17:06:53,add/drop,Pung & Tralie,gain,player,Tennessee Titans,DEF,TEN,,,,-0.88,DEF-0031
2019,2266839,3,2019-09-19 17:06:53,add/drop,Pung & Tralie,loss,player,Buffalo Bills,DEF,BUF,,,,14.88,DEF-0004
2019,2266715,3,2019-09-19 16:45:20,add,Antdell & Ernie,gain,player,D.J. Chark,WR,JAX,,,,8.84,00-0034777
2019,2266716,3,2019-09-19 16:43:20,drop,Antdell & Ernie,loss,player,Geronimo Allison,WR,FA,,,,-91.88,00-0032626
2019,2266872,3,2019-09-18 22:59:25,add/drop,Rob & GregBo,gain,player,Jason Witten,TE,DAL,,,,0.61,00-0022127
2019,2266872,3,2019-09-18 22:59:25,add/drop,Rob & GregBo,loss,player,David Njoku,TE,CLE,,,,-94.85,00-0033885
2019,2266873,3,2019-09-18 22:56:16,add/drop,Rob & GregBo,gain,player,Jason Myers,K,SEA,,,,7.88,00-0031492
2019,2266873,3,2019-09-18 22:56:16,add/drop,Rob & GregBo,loss,player,Adam Vinatieri,K,IND,,,,-21,00-0016919
2019,2266682,3,2019-09-18 15:21:12,add/drop,Richie,gain,player,San Francisco 49ers,DEF,SF,,,,28,DEF-0028
2019,2266682,3,2019-09-18 15:21:12,add/drop,Richie,loss,player,Houston Texans,DEF,HOU,,,,-8.75,DEF-0013
2019,2266775,3,2019-09-18 14:26:38,add/drop,LFTLR,gain,player,Demarcus Robinson,WR,KC,,,,-96.16,00-0032775
2019,2266775,3,2019-09-18 14:26:38,add/drop,LFTLR,loss,player,Kirk Cousins,QB,MIN,,,,10.85,00-0029604
2019,2266892,3,2019-09-18 12:28:33,add,Ronnie,gain,player,Sterling Shepard,WR,NYG,,,,-37.19,00-0032385
2019,2266765,3,2019-09-18 08:24:53,add/drop,Phil Baldino,gain,player,Matthew Stafford,QB,DET,,,,-74.32,00-0026498
2019,2266765,3,2019-09-18 08:24:53,add/drop,Phil Baldino,loss,player,Ben Roethlisberger,QB,PIT,,,,,00-0022924
2019,2266803,3,2019-09-18 08:24:53,add/drop,Nolan & Vinny,gain,player,Jaylen Samuels,RB,PIT,,,,-32.64,00-0034331
2019,2266803,3,2019-09-18 08:24:53,add/drop,Nolan & Vinny,loss,player,Courtland Sutton,WR,DEN,,,,18.39,00-0034348
2019,2266840,3,2019-09-18 08:24:53,add/drop,Pung & Tralie,gain,player,Josh Allen,QB,BUF,,,,36.21,00-0034857
2019,2266840,3,2019-09-18 08:24:53,add/drop,Pung & Tralie,loss,player,Tyler Higbee,TE,LAR,,,,10.59,00-0033110
2019,2266924,3,2019-09-18 08:24:53,add/drop,Cambrias,gain,player,Green Bay Packers,DEF,GB,,,,-14,DEF-0012
2019,2266924,3,2019-09-18 08:24:53,add/drop,Cambrias,loss,player,James Washington,WR,PIT,,,,-37.71,00-0034676
2019,2266925,3,2019-09-18 08:24:53,add/drop,Cambrias,gain,player,Nelson Agholor,WR,PHI,,,,-86.63,00-0031549
2019,2266925,3,2019-09-18 08:24:53,add/drop,Cambrias,loss,player,Justice Hill,RB,BAL,,,,-88.29,00-0034975
2019,2266939,3,2019-09-18 08:24:53,add/drop,Team JoeBa,gain,player,Kyle Rudolph,TE,MIN,,,,0,00-0027981
2019,2266939,3,2019-09-18 08:24:53,add/drop,Team JoeBa,loss,player,Damien Harris,RB,FA,,,,-115.68,00-0035657
2019,2266960,3,2019-09-18 08:24:53,add/drop,Frank & Julian,gain,player,Randall Cobb,WR,DAL,,,,-42.7,00-0028002
2019,2266960,3,2019-09-18 08:24:53,add/drop,Frank & Julian,loss,player,Kenny Stills,WR,HOU,,,,-55.65,00-0030085
2019,2266961,3,2019-09-18 08:24:53,add/drop,Frank & Julian,gain,player,Terry McLaurin,WR,WAS,,,,-12.25,00-0035659
2019,2266961,3,2019-09-18 08:24:53,add/drop,Frank & Julian,loss,player,Dion Lewis,RB,TEN,,,,-65.19,00-0028087
2019,2266962,3,2019-09-18 08:24:53,add/drop,Frank & Julian,gain,player,Raheem Mostert,RB,SF,,,,-13.65,00-0031687
2019,2266962,3,2019-09-18 08:24:53,add/drop,Frank & Julian,loss,player,DeVante Parker,WR,MIA,,,,42.7,00-0031547
2019,2266893,2,2019-09-15 19:44:41,drop,Ronnie,loss,player,Ronald Jones,RB,TB,,,,1.5,00-0034816
2019,2266737,2,2019-09-15 07:29:54,add/drop,Chris & Dom,gain,player,Rex Burkhead,RB,NE,,,,-57.75,00-0030288
2019,2266737,2,2019-09-15 07:29:54,add/drop,Chris & Dom,loss,player,Ty Montgomery,RB,NYJ,,,,-103.97,00-0032200
2019,2266738,2,2019-09-12 15:04:56,add/drop,Chris & Dom,gain,player,Ty Montgomery,RB,NYJ,,,,-103.97,00-0032200
2019,2266738,2,2019-09-12 15:04:56,add/drop,Chris & Dom,loss,player,Mohamed Sanu,WR,ATL,,,,-69.09,00-0029632
2019,2266804,2,2019-09-12 13:48:45,add/drop,Nolan & Vinny,gain,player,John Ross,WR,CIN,,,,-118.5,00-0033460
2019,2266804,2,2019-09-12 13:48:45,add/drop,Nolan & Vinny,loss,player,Hunter Henry,TE,LAC,,,,10.59,00-0033090
2019,2266766,2,2019-09-11 21:37:11,add/drop,Phil Baldino,gain,player,Cleveland Browns,DEF,CLE,,,,-13.13,DEF-0008
2019,2266766,2,2019-09-11 21:37:11,add/drop,Phil Baldino,loss,player,John Ross,WR,CIN,,,,-118.5,00-0033460
2019,2266841,2,2019-09-11 20:07:25,add/drop,Pung & Tralie,gain,player,Tyler Higbee,TE,LAR,,,,11.53,00-0033110
2019,2266841,2,2019-09-11 20:07:25,add/drop,Pung & Tralie,loss,player,Sterling Shepard,WR,NYG,,,,-54.28,00-0032385
2019,2266683,2,2019-09-11 17:56:50,add/drop,Richie,gain,player,Houston Texans,DEF,HOU,,,,-6.56,DEF-0013
2019,2266683,2,2019-09-11 17:56:50,add/drop,Richie,loss,player,Cleveland Browns,DEF,CLE,,,,-13.13,DEF-0008
2019,2266894,2,2019-09-11 13:42:27,add,Ronnie,gain,player,Ronald Jones,RB,TB,,,,1.5,00-0034816
2019,2266842,2,2019-09-11 10:50:42,add/drop,Pung & Tralie,gain,player,Marquise Brown,WR,BAL,,,,-64.13,00-0035662
2019,2266842,2,2019-09-11 10:50:42,add/drop,Pung & Tralie,loss,player,Darrell Henderson,RB,LAR,,,,-112.88,00-0035664
2019,2266717,2,2019-09-11 09:56:32,add/drop,Antdell & Ernie,gain,player,Mecole Hardman,WR,KC,,,,-62.91,00-0035140
2019,2266717,2,2019-09-11 09:56:32,add/drop,Antdell & Ernie,loss,player,Anthony Miller,WR,CHI,,,,-51.19,00-0034353
2019,2266767,2,2019-09-11 09:23:56,add/drop,Phil Baldino,gain,player,John Ross,WR,CIN,,,,-118.5,00-0033460
2019,2266767,2,2019-09-11 09:23:56,add/drop,Phil Baldino,loss,player,Ronald Jones,RB,TB,,,,1.5,00-0034816
2019,2266684,2,2019-09-11 08:32:48,add/drop,Richie,gain,player,Malcolm Brown,RB,LAR,,,,-104.25,00-0031806
2019,2266684,2,2019-09-11 08:32:48,add/drop,Richie,loss,player,Kalen Ballage,RB,MIA,,,,-87.38,00-0034799
2019,2266805,2,2019-09-11 08:32:48,add/drop,Nolan & Vinny,gain,player,T.J. Hockenson,TE,DET,,,,-54.47,00-0035229
2019,2266805,2,2019-09-11 08:32:48,add/drop,Nolan & Vinny,loss,player,Donte Moncrief,WR,PIT,,,,-167.34,00-0031339
2019,2266843,2,2019-09-11 08:32:48,add/drop,Pung & Tralie,gain,player,John Brown,WR,BUF,,,,13.05,00-0031051
2019,2266843,2,2019-09-11 08:32:48,add/drop,Pung & Tralie,loss,player,Adam Humphries,WR,TEN,,,,-89.63,00-0032009
2019,2266895,2,2019-09-11 08:32:48,add/drop,Ronnie,gain,player,New England Patriots,DEF,NE,,,,109.69,DEF-0022
2019,2266895,2,2019-09-11 08:32:48,add/drop,Ronnie,loss,player,Denver Broncos,DEF,DEN,,,,-6.56,DEF-0010
2019,2266896,2,2019-09-10 13:27:22,drop,Ronnie,loss,player,Jaylen Samuels,RB,PIT,,,,-39.94,00-0034331
2019,2266874,1,2019-09-06 01:49:30,add/drop,Rob & GregBo,gain,player,Jimmy Graham,TE,GB,,,,-28.7,00-0027696
2019,2266874,1,2019-09-06 01:49:30,add/drop,Rob & GregBo,loss,player,John Brown,WR,BUF,,,,27.92,00-0031051
2019,2266926,1,2019-09-05 19:33:50,add/drop,Cambrias,gain,player,Darren Waller,TE,LV,,,,83.8,00-0031610
2019,2266926,1,2019-09-05 19:33:50,add/drop,Cambrias,loss,player,New England Patriots,DEF,NE,,,,110,DEF-0022
2019,2266806,1,2019-09-05 16:07:48,add/drop,Nolan & Vinny,gain,player,Courtland Sutton,WR,DEN,,,,21.32,00-0034348
2019,2266806,1,2019-09-05 16:07:48,add/drop,Nolan & Vinny,loss,player,Albert Wilson,WR,MIA,,,,-114.2,00-0030669
2019,2266807,1,2019-09-05 12:49:52,add/drop,Nolan & Vinny,gain,player,Rob Gronkowski,TE,FA,,,,,00-0027656
2019,2266807,1,2019-09-05 12:49:52,add/drop,Nolan & Vinny,loss,player,Keke Coutee,WR,FA,,,,-140.8,00-0034366
2019,2266844,1,2019-09-05 12:33:19,add/drop,Pung & Tralie,gain,player,Buffalo Bills,DEF,BUF,,,,9,DEF-0004
2019,2266844,1,2019-09-05 12:33:19,add/drop,Pung & Tralie,loss,player,San Francisco 49ers,DEF,SF,,,,42,DEF-0028
2018,2267093,16,2018-12-22 15:33:20,add/drop,Phil Baldino,gain,player,C.J. Anderson,RB,CAR,,,,0.61,00-0029854
2018,2267093,16,2018-12-22 15:33:20,add/drop,Phil Baldino,loss,player,James Conner,RB,PIT,,,,,00-0033553
2018,2267072,16,2018-12-20 03:58:40,add/drop,Frank & Julian,gain,player,Matt LaCosse,TE,DEN,,,,,00-0031744
2018,2267072,16,2018-12-20 03:58:40,add/drop,Frank & Julian,loss,player,Devin Funchess,TE,CAR,,,,-0.39,00-0032055
2018,2267073,16,2018-12-19 08:56:11,add/drop,Frank & Julian,gain,player,Jamaal Williams,RB,GB,,,,0.89,00-0033948
2018,2267073,16,2018-12-19 08:56:11,add/drop,Frank & Julian,loss,player,Anthony Firkser,TE,NYJ,,,,-0.44,00-0033455
2018,2267074,16,2018-12-19 08:56:11,add/drop,Frank & Julian,gain,player,Robbie Chosen,WR,NYJ,,,,0.91,00-0032688
2018,2267074,16,2018-12-19 08:56:11,add/drop,Frank & Julian,loss,player,Antonio Callaway,WR,CLE,,,,-0.91,00-0034772
2018,2267075,16,2018-12-19 08:56:11,add/drop,Frank & Julian,gain,player,John Kelly,RB,CLE,,,,-0.47,00-0034808
2018,2267075,16,2018-12-19 08:56:11,add/drop,Frank & Julian,loss,player,Theo Riddick,RB,DET,,,,-0.56,00-0030107
2018,2267094,16,2018-12-19 08:56:11,add/drop,Phil Baldino,gain,player,Matthew Stafford,QB,DET,,,,-0.8,00-0026498
2018,2267094,16,2018-12-19 08:56:11,add/drop,Phil Baldino,loss,player,John Brown,WR,BAL,,,,-0.61,00-0031051
2018,2267095,16,2018-12-19 08:56:11,add/drop,Phil Baldino,gain,player,Ryan Succop,K,TEN,,,,-0.06,00-0026968
2018,2267095,16,2018-12-19 08:56:11,add/drop,Phil Baldino,loss,player,Matt Bryant,K,ATL,,,,-0.19,00-0020578
2018,2267096,16,2018-12-19 08:56:11,add/drop,Phil Baldino,gain,player,Case Keenum,QB,DEN,,,,-0.22,00-0028986
2018,2267096,16,2018-12-19 08:56:11,add/drop,Phil Baldino,loss,player,Jacksonville Jaguars,DEF,JAX,,,,0.69,DEF-0015
2018,2267097,16,2018-12-19 08:56:11,add/drop,Phil Baldino,gain,player,Dallas Cowboys,DEF,DAL,,,,0.5,DEF-0009
2018,2267097,16,2018-12-19 08:56:11,add/drop,Phil Baldino,loss,player,Chris Godwin,WR,TB,,,,-0.48,00-0033921
2018,2267110,15,2018-12-13 18:43:57,add/drop,Cambrias,gain,player,Seattle Seahawks,DEF,SEA,,,,-0.75,DEF-0029
2018,2267110,15,2018-12-13 18:43:57,add/drop,Cambrias,loss,player,Giovani Bernard,RB,CIN,,,,-2.29,00-0030456
2018,2267076,15,2018-12-12 14:27:21,add,Frank & Julian,gain,player,Anthony Firkser,TE,NYJ,,,,-1.45,00-0033455
2018,2267077,15,2018-12-12 14:26:51,drop,Frank & Julian,loss,player,Jordan Reed,TE,WAS,,,,,00-0030472
2018,2267013,15,2018-12-12 09:23:45,add/drop,Nolan & Vinny,gain,player,Baltimore Ravens,DEF,BAL,,,,1.5,DEF-0003
2018,2267013,15,2018-12-12 09:23:45,add/drop,Nolan & Vinny,loss,player,Los Angeles Chargers,DEF,LAC,,,,-1,DEF-0018
2018,2267098,15,2018-12-12 09:23:45,add/drop,Phil Baldino,gain,player,Matt Bryant,K,ATL,,,,0,00-0020578
2018,2267098,15,2018-12-12 09:23:45,add/drop,Phil Baldino,loss,player,Graham Gano,K,CAR,,,,,00-0026858
2018,2267111,15,2018-12-12 09:23:44,add/drop,Cambrias,gain,player,Damien Williams,RB,KC,,,,3.73,00-0030874
2018,2267111,15,2018-12-12 09:23:44,add/drop,Cambrias,loss,player,Rashaad Penny,RB,SEA,,,,,00-0034750
2018,2267112,15,2018-12-12 09:23:44,add/drop,Cambrias,gain,player,Vernon Davis,TE,WAS,,,,-1.45,00-0024221
2018,2267112,15,2018-12-12 09:23:44,add/drop,Cambrias,loss,player,LeGarrette Blount,RB,DET,,,,-2.53,00-0027325
2018,2267203,14,2018-12-08 16:12:39,add/drop,Chris & Dom,gain,player,Ian Thomas,TE,CAR,,,,1.8,00-0034365
2018,2267203,14,2018-12-08 16:12:39,add/drop,Chris & Dom,loss,player,Greg Olsen,TE,CAR,,,,,00-0025418
2018,2267014,14,2018-12-07 04:49:45,add/drop,Nolan & Vinny,gain,player,Derrick Henry,RB,TEN,,,,11.82,00-0032764
2018,2267014,14,2018-12-07 04:49:45,add/drop,Nolan & Vinny,loss,player,Damien Williams,RB,KC,,,,8.08,00-0030874
2018,2267166,14,2018-12-06 08:39:15,add/drop,Rob & GregBo,gain,player,Curtis Samuel,WR,BUF,,,,-1.93,00-0033282
2018,2267166,14,2018-12-06 08:39:15,add/drop,Rob & GregBo,loss,player,A.J. Green,WR,CIN,,,,,00-0027942
2018,2267167,14,2018-12-06 08:36:59,add/drop,Rob & GregBo,gain,player,Ka'imi Fairbairn,K,HOU,,,,1.31,00-0032726
2018,2267167,14,2018-12-06 08:36:59,add/drop,Rob & GregBo,loss,player,Mason Crosby,K,GB,,,,2.63,00-0025580
2018,2267168,14,2018-12-06 08:26:04,add/drop,Rob & GregBo,gain,player,Jeffery Wilson,RB,MIA,,,,-2.29,00-0034115
2018,2267168,14,2018-12-06 08:26:04,add/drop,Rob & GregBo,loss,player,Christian Kirk,WR,ARI,,,,,00-0034775
2018,2267169,14,2018-12-06 04:41:42,add/drop,Rob & GregBo,gain,player,Buffalo Bills,DEF,BUF,,,,-1.13,DEF-0004
2018,2267169,14,2018-12-06 04:41:42,add/drop,Rob & GregBo,loss,player,Philadelphia Eagles,DEF,PHI,,,,0,DEF-0026
2018,2267078,14,2018-12-05 21:31:57,add/drop,Frank & Julian,gain,player,Antonio Callaway,WR,CLE,,,,-4.01,00-0034772
2018,2267078,14,2018-12-05 21:31:57,add/drop,Frank & Julian,loss,player,Danny Amendola,WR,MIA,,,,-4.14,00-0026035
2018,2267015,14,2018-12-05 10:16:39,add/drop,Nolan & Vinny,gain,player,Justin Jackson,RB,FA,,,,0.64,00-0034440
2018,2267015,14,2018-12-05 10:16:39,add/drop,Nolan & Vinny,loss,player,Malcolm Brown,RB,LAR,,,,,00-0031806
2018,2267016,14,2018-12-05 09:33:39,add/drop,Nolan & Vinny,gain,player,Los Angeles Chargers,DEF,LAC,,,,-2.06,DEF-0018
2018,2267016,14,2018-12-05 09:33:39,add/drop,Nolan & Vinny,loss,player,New Orleans Saints,DEF,NO,,,,0.94,DEF-0023
2018,2267017,14,2018-12-05 09:21:00,add/drop,Nolan & Vinny,gain,player,New Orleans Saints,DEF,NO,,,,0.94,DEF-0023
2018,2267017,14,2018-12-05 09:21:00,add/drop,Nolan & Vinny,loss,player,Seattle Seahawks,DEF,SEA,,,,0.56,DEF-0029
2018,2267079,14,2018-12-05 09:21:00,add/drop,Frank & Julian,gain,player,Dante Pettis,WR,SF,,,,-0.86,00-0034860
2018,2267079,14,2018-12-05 09:21:00,add/drop,Frank & Julian,loss,player,Javorius Allen,RB,BAL,,,,,00-0031577
2018,2267113,14,2018-12-05 09:21:00,add/drop,Cambrias,gain,player,LeGarrette Blount,RB,DET,,,,-3.9,00-0027325
2018,2267113,14,2018-12-05 09:21:00,add/drop,Cambrias,loss,player,Los Angeles Chargers,DEF,LAC,,,,-2.06,DEF-0018
2018,2267018,13,2018-12-01 01:59:02,add,Nolan & Vinny,gain,player,Damien Williams,RB,KC,,,,9.4,00-0030874
2018,2267204,13,2018-11-30 19:55:15,add/drop,Chris & Dom,gain,player,Spencer Ware,RB,KC,,,,-3.28,00-0030414
2018,2267204,13,2018-11-30 19:55:15,add/drop,Chris & Dom,loss,player,Rex Burkhead,RB,NE,,,,-4.6,00-0030288
2018,2267019,13,2018-11-29 22:03:12,drop,Nolan & Vinny,loss,player,Andy Dalton,QB,CIN,,,,,00-0027973
2018,2267020,13,2018-11-29 22:00:37,add/drop,Nolan & Vinny,gain,player,Jameis Winston,QB,CLE,,,,-0.08,00-0031503
2018,2267020,13,2018-11-29 22:00:37,add/drop,Nolan & Vinny,loss,player,Dallas Cowboys,DEF,DAL,,,,-0.5,DEF-0009
2018,2267170,13,2018-11-28 18:45:44,add/drop,Rob & GregBo,gain,player,Philadelphia Eagles,DEF,PHI,,,,0,DEF-0026
2018,2267170,13,2018-11-28 18:45:44,add/drop,Rob & GregBo,loss,player,Tampa Bay Buccaneers,DEF,TB,,,,-1.25,DEF-0030
2018,2267205,13,2018-11-28 09:41:38,add/drop,Chris & Dom,gain,player,Rex Burkhead,RB,NE,,,,-4.6,00-0030288
2018,2267205,13,2018-11-28 09:41:38,add/drop,Chris & Dom,loss,player,Baltimore Ravens,DEF,BAL,,,,4.25,DEF-0003
2018,2267021,13,2018-11-28 08:45:43,add,Nolan & Vinny,gain,player,Seattle Seahawks,DEF,SEA,,,,2.5,DEF-0029
2018,2267135,13,2018-11-28 08:45:43,add,Pung & Tralie,gain,player,Detroit Lions,DEF,DET,,,,-0.75,DEF-0011
2018,2267136,13,2018-11-28 08:45:43,add,Pung & Tralie,gain,player,Miami Dolphins,DEF,MIA,,,,-0.5,DEF-0020
2018,2267206,13,2018-11-28 08:45:43,add/drop,Chris & Dom,gain,player,Nyheim Hines,RB,IND,,,,0.18,00-0034367
2018,2267206,13,2018-11-28 08:45:43,add/drop,Chris & Dom,loss,player,Matt Bryant,K,ATL,,,,-2.25,00-0020578
2018,2267137,13,2018-11-27 01:27:07,drop,Pung & Tralie,loss,player,Ka'imi Fairbairn,K,HOU,,,,5,00-0032726
2018,2267138,13,2018-11-27 01:26:58,drop,Pung & Tralie,loss,player,Jameis Winston,QB,CLE,,,,-0.08,00-0031503
2018,2267171,12,2018-11-25 08:08:12,add/drop,Rob & GregBo,gain,player,Adam Humphries,WR,TB,,,,2.44,00-0032009
2018,2267171,12,2018-11-25 08:08:12,add/drop,Rob & GregBo,loss,player,Wendell Smallwood,RB,FA,,,,-8.69,00-0032782
2018,2267139,12,2018-11-21 12:31:26,add,Pung & Tralie,gain,player,Gus Edwards,RB,LAC,,,,0.03,00-0034184
2018,2267022,12,2018-11-21 10:54:58,drop,Nolan & Vinny,loss,player,Carolina Panthers,DEF,CAR,,,,-3.13,DEF-0005
2018,2267023,12,2018-11-21 10:54:43,add,Nolan & Vinny,gain,player,Dallas Cowboys,DEF,DAL,,,,0,DEF-0009
2018,2267024,12,2018-11-21 08:53:55,add,Nolan & Vinny,gain,player,Josh Adams,RB,FA,,,,-5.34,00-0034457
2018,2267080,12,2018-11-21 08:53:55,add/drop,Frank & Julian,gain,player,Theo Riddick,RB,DET,,,,-3.38,00-0030107
2018,2267080,12,2018-11-21 08:53:55,add/drop,Frank & Julian,loss,player,Ryan Succop,K,TEN,,,,-1.88,00-0026968
2018,2267140,12,2018-11-21 08:53:55,add/drop,Pung & Tralie,gain,player,Ka'imi Fairbairn,K,HOU,,,,8.13,00-0032726
2018,2267140,12,2018-11-21 08:53:55,add/drop,Pung & Tralie,loss,player,Arizona Cardinals,DEF,ARI,,,,-6.88,DEF-0001
2018,2267141,12,2018-11-21 08:53:55,add/drop,Pung & Tralie,gain,player,Jameis Winston,QB,CLE,,,,0.07,00-0031503
2018,2267141,12,2018-11-21 08:53:55,add/drop,Pung & Tralie,loss,player,Tyrell Williams,WR,LAC,,,,-12.18,00-0032160
2018,2267172,12,2018-11-21 08:53:55,add/drop,Rob & GregBo,gain,player,Cameron Brate,TE,TB,,,,0,00-0031273
2018,2267172,12,2018-11-21 08:53:55,add/drop,Rob & GregBo,loss,player,Mike Davis,RB,FA,,,,-9.03,00-0032063
2018,2267191,12,2018-11-21 08:53:55,add/drop,Team JoeBa,gain,player,Ricky Seals-Jones,TE,ARI,,,,-6.88,00-0033611
2018,2267191,12,2018-11-21 08:53:55,add/drop,Team JoeBa,loss,player,Le'Veon Bell,RB,FA,,,,,00-0030496
2018,2267207,12,2018-11-21 08:53:55,add/drop,Chris & Dom,gain,player,Matt Bryant,K,ATL,,,,-3.13,00-0020578
2018,2267207,12,2018-11-21 08:53:55,add/drop,Chris & Dom,loss,player,Philadelphia Eagles,DEF,PHI,,,,-0.94,DEF-0026
2018,2267142,12,2018-11-21 03:37:00,drop,Pung & Tralie,loss,player,O.J. Howard,TE,TB,,,,,00-0033879
2018,2267025,12,2018-11-20 12:13:54,drop,Nolan & Vinny,loss,player,Marcus Mariota,QB,TEN,,,,-7.43,00-0032268
2018,2267269,11,2018-11-18 16:42:30,add/drop,LFTLR,gain,player,Adam Vinatieri,K,IND,,,,-1.13,00-0016919
2018,2267269,11,2018-11-18 16:42:30,add/drop,LFTLR,loss,player,Giorgio Tavecchio,K,FA,,,,,00-0028907
2018,2267236,11,2018-11-14 15:47:37,add/drop,Antdell & Ernie,gain,player,Doug Martin,RB,LV,,,,1.09,00-0029613
2018,2267236,11,2018-11-14 15:47:37,add/drop,Antdell & Ernie,loss,player,Carlos Hyde,RB,CLE,,,,-18.26,00-0031045
2018,2267081,11,2018-11-14 15:41:22,add/drop,Frank & Julian,gain,player,Ryan Succop,K,TEN,,,,-3.38,00-0026968
2018,2267081,11,2018-11-14 15:41:22,add/drop,Frank & Julian,loss,player,Jordy Nelson,WR,LV,,,,-5.51,00-0026176
2018,2267026,11,2018-11-14 11:45:18,add,Nolan & Vinny,gain,player,Carolina Panthers,DEF,CAR,,,,-5.25,DEF-0005
2018,2266963,11,2018-11-14 09:57:24,add/drop,Richie,gain,player,Chris Boswell,K,PIT,,,,-3.35,00-0031136
2018,2266963,11,2018-11-14 09:57:24,add/drop,Richie,loss,player,Tre'Quan Smith,WR,NO,,,,-13.88,00-0034765
2018,2266964,11,2018-11-14 09:56:32,add/drop,Richie,gain,player,Tennessee Titans,DEF,TEN,,,,0.38,DEF-0031
2018,2266964,11,2018-11-14 09:56:32,add/drop,Richie,loss,player,Robbie Gould,K,SF,,,,-1.88,00-0023252
2018,2266989,11,2018-11-14 09:44:53,add,Ronnie,gain,player,Anthony Miller,WR,CHI,,,,-14.09,00-0034353
2018,2267027,11,2018-11-14 09:44:53,add,Nolan & Vinny,gain,player,Marcus Mariota,QB,TEN,,,,-13.67,00-0032268
2018,2267099,11,2018-11-14 09:44:53,add/drop,Phil Baldino,gain,player,Jaylen Samuels,RB,FA,,,,0,00-0034331
2018,2267099,11,2018-11-14 09:44:53,add/drop,Phil Baldino,loss,player,Carolina Panthers,DEF,CAR,,,,-5.25,DEF-0005
2018,2267114,11,2018-11-14 09:44:53,add/drop,Cambrias,gain,player,Rashaad Penny,RB,SEA,,,,-15.98,00-0034750
2018,2267114,11,2018-11-14 09:44:53,add/drop,Cambrias,loss,player,Nyheim Hines,RB,IND,,,,-3.45,00-0034367
2018,2267115,11,2018-11-14 09:44:53,add,Cambrias,gain,player,Josh Reynolds,WR,DEN,,,,-9.53,00-0033943
2018,2267143,11,2018-11-14 09:44:53,add,Pung & Tralie,gain,player,Arizona Cardinals,DEF,ARI,,,,-9,DEF-0001
2018,2267208,11,2018-11-14 09:44:53,add/drop,Chris & Dom,gain,player,Baltimore Ravens,DEF,BAL,,,,6.38,DEF-0003
2018,2267208,11,2018-11-14 09:44:53,add/drop,Chris & Dom,loss,player,New York Jets,DEF,NYJ,,,,-4.88,DEF-0025
2018,2266990,11,2018-11-13 03:40:40,drop,Ronnie,loss,player,Cooper Kupp,WR,LAR,,,,,00-0033908
2018,2267028,11,2018-11-13 00:23:58,drop,Nolan & Vinny,loss,player,Buffalo Bills,DEF,BUF,,,,-6,DEF-0004
2018,2267029,11,2018-11-13 00:23:44,drop,Nolan & Vinny,loss,player,Adam Vinatieri,K,IND,,,,-1.13,00-0016919
2018,2267270,10,2018-11-11 17:33:01,add/drop,LFTLR,gain,player,Giorgio Tavecchio,K,FA,,,,-22.31,00-0028907
2018,2267270,10,2018-11-11 17:33:01,add/drop,LFTLR,loss,player,Ka'imi Fairbairn,K,HOU,,,,9.19,00-0032726
2018,2267271,10,2018-11-11 17:29:55,add/drop,LFTLR,gain,player,,,NE,,,,,00-0021142
2018,2267271,10,2018-11-11 17:29:55,add/drop,LFTLR,loss,player,Robbie Chosen,WR,NYJ,,,,-0.13,00-0032688
2018,2267116,10,2018-11-10 17:33:46,trade,Cambrias,gain,player,Alshon Jeffery,WR,FA,,,,-0.53,00-0029137
2018,2267116,10,2018-11-10 17:33:46,trade,Cambrias,gain,player,Nyheim Hines,RB,IND,,,,-5.86,00-0034367
2018,2267116,10,2018-11-10 17:33:46,trade,Cambrias,gain,player,Tyler Lockett,WR,SEA,,,,7.13,00-0032211
2018,2267116,10,2018-11-10 17:33:46,trade,Cambrias,loss,player,Adrian Peterson,RB,WAS,,,,0,00-0025394
2018,2267116,10,2018-11-10 17:33:46,trade,Cambrias,loss,player,New York Jets,DEF,NYJ,,,,-7.88,DEF-0025
2018,2267116,10,2018-11-10 17:33:46,trade,Cambrias,loss,player,Jalen Richard,RB,LV,,,,-1.71,00-0033025
2018,2267116,10,2018-11-10 17:33:46,trade,Cambrias,loss,player,Corey Davis,WR,TEN,,,,1.66,00-0033871
2018,2267209,10,2018-11-10 17:33:46,drop,Chris & Dom,loss,player,Kapri Bibbs,RB,FA,,,,-23.01,00-0031102
2018,2267210,10,2018-11-10 17:33:46,trade,Chris & Dom,loss,player,Alshon Jeffery,WR,FA,,,,-0.53,00-0029137
2018,2267210,10,2018-11-10 17:33:46,trade,Chris & Dom,loss,player,Nyheim Hines,RB,IND,,,,-5.86,00-0034367
2018,2267210,10,2018-11-10 17:33:46,trade,Chris & Dom,loss,player,Tyler Lockett,WR,SEA,,,,7.13,00-0032211
2018,2267210,10,2018-11-10 17:33:46,trade,Chris & Dom,gain,player,Adrian Peterson,RB,WAS,,,,0,00-0025394
2018,2267210,10,2018-11-10 17:33:46,trade,Chris & Dom,gain,player,New York Jets,DEF,NYJ,,,,-7.88,DEF-0025
2018,2267210,10,2018-11-10 17:33:46,trade,Chris & Dom,gain,player,Jalen Richard,RB,LV,,,,-1.71,00-0033025
2018,2267210,10,2018-11-10 17:33:46,trade,Chris & Dom,gain,player,Corey Davis,WR,TEN,,,,1.66,00-0033871
2018,2266965,10,2018-11-10 00:30:08,add/drop,Richie,gain,player,Lamar Jackson,QB,BAL,,,,-0.32,00-0034796
2018,2266965,10,2018-11-10 00:30:08,add/drop,Richie,loss,player,Peyton Barber,RB,TB,,,,2.8,00-0032741
2018,2267144,10,2018-11-09 23:57:55,drop,Pung & Tralie,loss,player,Dez Bryant,WR,FA,,,,,00-0027902
2018,2266966,10,2018-11-09 20:19:50,add/drop,Richie,gain,player,Ben Watson,TE,NO,,,,-16.54,00-0022943
2018,2266966,10,2018-11-09 20:19:50,add/drop,Richie,loss,player,Frank Gore,RB,MIA,,,,-15.27,00-0023500
2018,2267192,10,2018-11-09 12:31:03,add/drop,Team JoeBa,gain,player,Jake Elliott,K,PHI,,,,2.19,00-0033787
2018,2267192,10,2018-11-09 12:31:03,add/drop,Team JoeBa,loss,player,Brandon McManus,K,DEN,,,,-9.63,00-0029822
2018,2267237,10,2018-11-09 02:47:33,add,Antdell & Ernie,gain,player,Maurice Harris,WR,FA,,,,-29.44,00-0032362
2018,2267173,10,2018-11-09 01:19:11,add/drop,Rob & GregBo,gain,player,Tampa Bay Buccaneers,DEF,TB,,,,-0.44,DEF-0030
2018,2267173,10,2018-11-09 01:19:11,add/drop,Rob & GregBo,loss,player,Maurice Harris,WR,FA,,,,-29.44,00-0032362
2018,2267030,10,2018-11-08 14:52:20,drop,Nolan & Vinny,loss,player,Darren Sproles,RB,PHI,,,,-11.24,00-0023564
2018,2266991,10,2018-11-08 14:50:58,trade,Ronnie,gain,player,Marquez Valdes-Scantling,WR,BUF,,,,-19.08,00-0034272
2018,2266991,10,2018-11-08 14:50:58,trade,Ronnie,loss,player,Aaron Jones,RB,MIN,,,,17.28,00-0033293
2018,2267031,10,2018-11-08 14:50:58,trade,Nolan & Vinny,loss,player,Marquez Valdes-Scantling,WR,BUF,,,,-19.08,00-0034272
2018,2267031,10,2018-11-08 14:50:58,trade,Nolan & Vinny,gain,player,Aaron Jones,RB,MIN,,,,17.28,00-0033293
2018,2267082,10,2018-11-08 00:03:09,add/drop,Frank & Julian,gain,player,Danny Amendola,WR,MIA,,,,-22.4,00-0026035
2018,2267082,10,2018-11-08 00:03:09,add/drop,Frank & Julian,loss,player,DeVante Parker,WR,FA,,,,-21.35,00-0031547
2018,2267117,10,2018-11-07 23:31:20,add/drop,Cambrias,gain,player,Giovani Bernard,RB,CIN,,,,-16.1,00-0030456
2018,2267117,10,2018-11-07 23:31:20,add/drop,Cambrias,loss,player,Taylor Gabriel,WR,CHI,,,,-15.71,00-0031228
2018,2266967,10,2018-11-07 21:29:52,add/drop,Richie,gain,player,Dak Prescott,QB,DAL,,,,9,00-0033077
2018,2266967,10,2018-11-07 21:29:52,add/drop,Richie,loss,player,Marquise Goodwin,WR,SF,,,,-26.25,00-0030068
2018,2267032,10,2018-11-07 18:55:41,add/drop,Nolan & Vinny,gain,player,Darren Sproles,RB,PHI,,,,-11.24,00-0023564
2018,2267032,10,2018-11-07 18:55:41,add/drop,Nolan & Vinny,loss,player,Danny Amendola,WR,MIA,,,,-22.4,00-0026035
2018,2267174,10,2018-11-07 18:54:26,add/drop,Rob & GregBo,gain,player,Maurice Harris,WR,FA,,,,-29.44,00-0032362
2018,2267174,10,2018-11-07 18:54:26,add/drop,Rob & GregBo,loss,player,New Orleans Saints,DEF,NO,,,,14.44,DEF-0023
2018,2267033,10,2018-11-07 15:04:56,add/drop,Nolan & Vinny,gain,player,Buffalo Bills,DEF,BUF,,,,-3.06,DEF-0004
2018,2267033,10,2018-11-07 15:04:56,add/drop,Nolan & Vinny,loss,player,San Francisco 49ers,DEF,SF,,,,-13.13,DEF-0028
2018,2267175,10,2018-11-07 11:44:44,add/drop,Rob & GregBo,gain,player,New Orleans Saints,DEF,NO,,,,14.44,DEF-0023
2018,2267175,10,2018-11-07 11:44:44,add/drop,Rob & GregBo,loss,player,Baltimore Ravens,DEF,BAL,,,,6.56,DEF-0003
2018,2267034,10,2018-11-07 10:13:02,add/drop,Nolan & Vinny,gain,player,San Francisco 49ers,DEF,SF,,,,-13.13,DEF-0028
2018,2267034,10,2018-11-07 10:13:02,add/drop,Nolan & Vinny,loss,player,Ben Watson,TE,NO,,,,-16.54,00-0022943
2018,2266992,10,2018-11-07 09:11:42,add,Ronnie,gain,player,Randy Bullock,K,CIN,,,,-7,00-0029421
2018,2266993,10,2018-11-07 09:11:42,add,Ronnie,gain,player,Green Bay Packers,DEF,GB,,,,-3.06,DEF-0012
2018,2267035,10,2018-11-07 09:11:42,add/drop,Nolan & Vinny,gain,player,Malcolm Brown,RB,LAR,,,,-30.45,00-0031806
2018,2267035,10,2018-11-07 09:11:42,add/drop,Nolan & Vinny,loss,player,Matthew Stafford,QB,DET,,,,-16.77,00-0026498
2018,2267036,10,2018-11-07 09:11:42,add,Nolan & Vinny,gain,player,Adam Vinatieri,K,IND,,,,-4.38,00-0016919
2018,2267145,10,2018-11-07 09:11:42,add/drop,Pung & Tralie,gain,player,Dez Bryant,WR,FA,,,,,00-0027902
2018,2267145,10,2018-11-07 09:11:42,add/drop,Pung & Tralie,loss,player,Chris Conley,WR,KC,,,,-12.16,00-0032128
2018,2267176,10,2018-11-07 09:11:42,add/drop,Rob & GregBo,gain,player,John Ross,WR,CIN,,,,-11.07,00-0033460
2018,2267176,10,2018-11-07 09:11:42,add/drop,Rob & GregBo,loss,player,Kenny Stills,WR,MIA,,,,-13.52,00-0030085
2018,2267211,10,2018-11-07 09:11:42,add/drop,Chris & Dom,gain,player,Philadelphia Eagles,DEF,PHI,,,,-4.81,DEF-0026
2018,2267211,10,2018-11-07 09:11:42,add/drop,Chris & Dom,loss,player,Dallas Cowboys,DEF,DAL,,,,1.31,DEF-0009
2018,2267037,10,2018-11-07 03:14:22,drop,Nolan & Vinny,loss,player,Miami Dolphins,DEF,MIA,,,,-2.63,DEF-0020
2018,2267238,10,2018-11-06 21:10:46,drop,Antdell & Ernie,loss,player,Geronimo Allison,WR,GB,,,,,00-0032626
2018,2266994,10,2018-11-06 13:46:28,drop,Ronnie,loss,player,Cameron Brate,TE,TB,,,,-3.76,00-0031273
2018,2266995,10,2018-11-06 13:46:01,drop,Ronnie,loss,player,Dan Bailey,K,FA,,,,-8.31,00-0028660
2018,2267193,9,2018-11-04 16:22:57,add/drop,Team JoeBa,gain,player,Pittsburgh Steelers,DEF,PIT,,,,-2.5,DEF-0027
2018,2267193,9,2018-11-04 16:22:57,add/drop,Team JoeBa,loss,player,Philadelphia Eagles,DEF,PHI,,,,-9,DEF-0026
2018,2267177,9,2018-11-04 05:21:19,add/drop,Rob & GregBo,gain,player,Mike Davis,RB,FA,,,,-6.25,00-0032063
2018,2267177,9,2018-11-04 05:21:19,add/drop,Rob & GregBo,loss,player,Doug Martin,RB,LV,,,,3.35,00-0029613
2018,2267212,9,2018-11-03 15:09:13,add/drop,Chris & Dom,gain,player,Kapri Bibbs,RB,FA,,,,-24.5,00-0031102
2018,2267212,9,2018-11-03 15:09:13,add/drop,Chris & Dom,loss,player,Kenjon Barner,RB,FA,,,,-39.55,00-0030465
2018,2266996,9,2018-11-02 18:09:16,add/drop,Ronnie,gain,player,Cameron Brate,TE,TB,,,,-3.8,00-0031273
2018,2266996,9,2018-11-02 18:09:16,add/drop,Ronnie,loss,player,Martavis Bryant,WR,WAS,,,,-38.8,00-0031373
2018,2266968,9,2018-11-02 09:59:17,add/drop,Richie,gain,player,Frank Gore,RB,MIA,,,,-17.45,00-0023500
2018,2266968,9,2018-11-02 09:59:17,add/drop,Richie,loss,player,Raheem Mostert,RB,MIA,,,,-33.1,00-0031687
2018,2267194,9,2018-11-02 01:37:54,add/drop,Team JoeBa,gain,player,Brandon McManus,K,DEN,,,,-10.5,00-0029822
2018,2267194,9,2018-11-02 01:37:54,add/drop,Team JoeBa,loss,player,Jake Elliott,K,PHI,,,,0,00-0033787
2018,2267195,9,2018-11-02 01:36:31,add/drop,Team JoeBa,gain,player,Ryan Fitzpatrick,QB,TB,,,,-34.01,00-0023682
2018,2267195,9,2018-11-02 01:36:31,add/drop,Team JoeBa,loss,player,Taywan Taylor,WR,TEN,,,,-23.15,00-0033911
2018,2267038,9,2018-11-02 00:19:09,add/drop,Nolan & Vinny,gain,player,Dallas Goedert,TE,PHI,,,,-13.15,00-0034351
2018,2267038,9,2018-11-02 00:19:09,add/drop,Nolan & Vinny,loss,player,Dede Westbrook,WR,JAX,,,,-2.75,00-0033839
2018,2267039,9,2018-11-02 00:16:03,add/drop,Nolan & Vinny,gain,player,Marquez Valdes-Scantling,WR,BUF,,,,-18.55,00-0034272
2018,2267039,9,2018-11-02 00:16:03,add/drop,Nolan & Vinny,loss,player,D'Onta Foreman,RB,CLE,,,,-35.05,00-0033925
2018,2267040,9,2018-10-31 15:00:39,add/drop,Nolan & Vinny,gain,player,Miami Dolphins,DEF,MIA,,,,6,DEF-0020
2018,2267040,9,2018-10-31 15:00:39,add/drop,Nolan & Vinny,loss,player,Pittsburgh Steelers,DEF,PIT,,,,-2.5,DEF-0027
2018,2267178,9,2018-10-31 12:18:43,add/drop,Rob & GregBo,gain,player,Baltimore Ravens,DEF,BAL,,,,4.5,DEF-0003
2018,2267178,9,2018-10-31 12:18:43,add/drop,Rob & GregBo,loss,player,Arizona Cardinals,DEF,ARI,,,,-14,DEF-0001
2018,2267118,9,2018-10-31 10:26:33,add/drop,Cambrias,gain,player,Los Angeles Chargers,DEF,LAC,,,,-3,DEF-0018
2018,2267118,9,2018-10-31 10:26:33,add/drop,Cambrias,loss,player,Baltimore Ravens,DEF,BAL,,,,4.5,DEF-0003
2018,2267239,9,2018-10-31 09:57:56,add/drop,Antdell & Ernie,gain,player,Geronimo Allison,WR,GB,,,,,00-0032626
2018,2267239,9,2018-10-31 09:57:56,add/drop,Antdell & Ernie,loss,player,Ryan Fitzpatrick,QB,TB,,,,-34.01,00-0023682
2018,2267213,9,2018-10-31 09:11:04,add/drop,Chris & Dom,gain,player,Dallas Cowboys,DEF,DAL,,,,1.5,DEF-0009
2018,2267213,9,2018-10-31 09:11:04,add/drop,Chris & Dom,loss,player,Chris Ivory,RB,BUF,,,,-33.15,00-0027531
2018,2266969,9,2018-10-31 08:01:59,add/drop,Richie,gain,player,Peyton Barber,RB,TB,,,,2.75,00-0032741
2018,2266969,9,2018-10-31 08:01:59,add/drop,Richie,loss,player,Jameis Winston,QB,CLE,,,,-7.16,00-0031503
2018,2266997,9,2018-10-31 08:01:59,add,Ronnie,gain,player,D.J. Moore,WR,CAR,,,,-0.4,00-0034827
2018,2267041,9,2018-10-31 08:01:59,add,Nolan & Vinny,gain,player,Ben Watson,TE,NO,,,,-13.05,00-0022943
2018,2267100,9,2018-10-31 08:01:59,add/drop,Phil Baldino,gain,player,Graham Gano,K,CAR,,,,-18.5,00-0026858
2018,2267100,9,2018-10-31 08:01:59,add/drop,Phil Baldino,loss,player,Josh Lambo,K,JAX,,,,-14.5,00-0032087
2018,2267101,9,2018-10-31 08:01:59,add/drop,Phil Baldino,gain,player,Carolina Panthers,DEF,CAR,,,,-10,DEF-0005
2018,2267101,9,2018-10-31 08:01:59,add/drop,Phil Baldino,loss,player,Derrick Henry,RB,TEN,,,,32.22,00-0032764
2018,2267119,9,2018-10-31 08:01:59,add/drop,Cambrias,gain,player,New York Jets,DEF,NYJ,,,,-8.5,DEF-0025
2018,2267119,9,2018-10-31 08:01:59,add/drop,Cambrias,loss,player,Geronimo Allison,WR,GB,,,,,00-0032626
2018,2267146,9,2018-10-31 08:01:59,add/drop,Pung & Tralie,gain,player,Chris Conley,WR,KC,,,,-15.55,00-0032128
2018,2267146,9,2018-10-31 08:01:59,add/drop,Pung & Tralie,loss,player,Nelson Agholor,WR,PHI,,,,-16.35,00-0031549
2018,2267147,9,2018-10-31 08:01:59,add/drop,Pung & Tralie,gain,player,Tyrell Williams,WR,LAC,,,,-21.95,00-0032160
2018,2267147,9,2018-10-31 08:01:59,add/drop,Pung & Tralie,loss,player,Trenton Cannon,RB,NYJ,,,,-26.65,00-0034164
2018,2267240,9,2018-10-31 08:01:59,add,Antdell & Ernie,gain,player,Ryan Fitzpatrick,QB,TB,,,,-34.01,00-0023682
2018,2266970,9,2018-10-30 23:39:59,trade,Richie,loss,player,Eric Ebron,TE,IND,,,,16.35,00-0031387
2018,2266970,9,2018-10-30 23:39:59,trade,Richie,gain,player,Jared Cook,TE,LV,,,,15.1,00-0027061
2018,2267272,9,2018-10-30 23:39:59,trade,LFTLR,gain,player,Eric Ebron,TE,IND,,,,16.35,00-0031387
2018,2267272,9,2018-10-30 23:39:59,trade,LFTLR,loss,player,Jared Cook,TE,LV,,,,15.1,00-0027061
2018,2267042,9,2018-10-30 23:37:34,trade,Nolan & Vinny,gain,player,Tom Brady,QB,NE,,,,-3.73,00-0019596
2018,2267042,9,2018-10-30 23:37:34,trade,Nolan & Vinny,loss,player,Courtland Sutton,WR,DEN,,,,-8.85,00-0034348
2018,2267148,9,2018-10-30 23:37:34,trade,Pung & Tralie,loss,player,Tom Brady,QB,NE,,,,-3.73,00-0019596
2018,2267148,9,2018-10-30 23:37:34,trade,Pung & Tralie,gain,player,Courtland Sutton,WR,DEN,,,,-8.85,00-0034348
2018,2266998,9,2018-10-30 12:14:57,drop,Ronnie,loss,player,Will Fuller,WR,FA,,,,,00-0033127
2018,2267241,8,2018-10-29 11:41:09,drop,Antdell & Ernie,loss,player,Ben Watson,TE,NO,,,,-17.94,00-0022943
2018,2267043,8,2018-10-27 16:20:26,add/drop,Nolan & Vinny,gain,player,Courtland Sutton,WR,DEN,,,,-9.06,00-0034348
2018,2267043,8,2018-10-27 16:20:26,add/drop,Nolan & Vinny,loss,player,Frank Gore,RB,MIA,,,,-24.58,00-0023500
2018,2266999,8,2018-10-26 13:27:07,add/drop,Ronnie,gain,player,Keke Coutee,WR,FA,,,,-46.24,00-0034366
2018,2266999,8,2018-10-26 13:27:07,add/drop,Ronnie,loss,player,Chester Rogers,WR,IND,,,,-32.01,00-0032355
2018,2267149,8,2018-10-25 23:25:18,add,Pung & Tralie,gain,player,Trenton Cannon,RB,NYJ,,,,-35.83,00-0034164
2018,2267000,8,2018-10-25 16:09:58,add/drop,Ronnie,gain,player,Martavis Bryant,WR,WAS,,,,-48.83,00-0031373
2018,2267000,8,2018-10-25 16:09:58,add/drop,Ronnie,loss,player,Peyton Barber,RB,TB,,,,2.48,00-0032741
2018,2267179,8,2018-10-25 05:36:36,add/drop,Rob & GregBo,gain,player,Arizona Cardinals,DEF,ARI,,,,-15.75,DEF-0001
2018,2267179,8,2018-10-25 05:36:36,add/drop,Rob & GregBo,loss,player,New York Jets,DEF,NYJ,,,,-11.25,DEF-0025
2018,2267180,8,2018-10-24 22:40:35,add/drop,Rob & GregBo,gain,player,New York Jets,DEF,NYJ,,,,-11.25,DEF-0025
2018,2267180,8,2018-10-24 22:40:35,add/drop,Rob & GregBo,loss,player,Giorgio Tavecchio,K,FA,,,,-29.81,00-0028907
2018,2267083,8,2018-10-24 17:32:08,add/drop,Frank & Julian,gain,player,DeVante Parker,WR,FA,,,,-24.41,00-0031547
2018,2267083,8,2018-10-24 17:32:08,add/drop,Frank & Julian,loss,player,Eli Manning,QB,NYG,,,,-8.09,00-0022803
2018,2267242,8,2018-10-24 13:58:31,add/drop,Antdell & Ernie,gain,player,Ben Watson,TE,NO,,,,-17.94,00-0022943
2018,2267242,8,2018-10-24 13:58:31,add/drop,Antdell & Ernie,loss,player,Tyrell Williams,WR,LAC,,,,-29.87,00-0032160
2018,2267243,8,2018-10-24 11:27:00,add,Antdell & Ernie,gain,player,Tyrell Williams,WR,LAC,,,,-29.87,00-0032160
2018,2267244,8,2018-10-24 11:24:43,drop,Antdell & Ernie,loss,player,Keke Coutee,WR,FA,,,,-46.24,00-0034366
2018,2267044,8,2018-10-24 09:47:44,add/drop,Nolan & Vinny,gain,player,Danny Amendola,WR,MIA,,,,-24.12,00-0026035
2018,2267044,8,2018-10-24 09:47:44,add/drop,Nolan & Vinny,loss,player,Willie Snead,WR,BAL,,,,-23.23,00-0030663
2018,2266971,8,2018-10-24 08:55:43,add/drop,Richie,gain,player,Kansas City Chiefs,DEF,KC,,,,-1.69,DEF-0016
2018,2266971,8,2018-10-24 08:55:43,add/drop,Richie,loss,player,Miami Dolphins,DEF,MIA,,,,1.69,DEF-0020
2018,2267045,8,2018-10-24 07:51:25,add/drop,Nolan & Vinny,gain,player,Pittsburgh Steelers,DEF,PIT,,,,-1.69,DEF-0027
2018,2267045,8,2018-10-24 07:51:25,add/drop,Nolan & Vinny,loss,player,Los Angeles Chargers,DEF,LAC,,,,-6.19,DEF-0018
2018,2267181,8,2018-10-24 07:51:25,add/drop,Rob & GregBo,gain,player,Doug Martin,RB,LV,,,,-0,00-0029613
2018,2267181,8,2018-10-24 07:51:25,add/drop,Rob & GregBo,loss,player,New York Jets,DEF,NYJ,,,,-11.25,DEF-0025
2018,2267273,8,2018-10-24 07:51:25,add/drop,LFTLR,gain,player,Ka'imi Fairbairn,K,HOU,,,,14.06,00-0032726
2018,2267273,8,2018-10-24 07:51:25,add/drop,LFTLR,loss,player,Adam Vinatieri,K,IND,,,,-5.63,00-0016919
2018,2266972,8,2018-10-24 07:51:24,add,Richie,gain,player,Raheem Mostert,RB,MIA,,,,-45,00-0031687
2018,2267214,8,2018-10-24 07:51:24,add/drop,Chris & Dom,gain,player,Chris Ivory,RB,BUF,,,,-42.98,00-0027531
2018,2267214,8,2018-10-24 07:51:24,add/drop,Chris & Dom,loss,player,Joe Flacco,QB,BAL,,,,-64.37,00-0026158
2018,2267215,8,2018-10-24 07:51:24,add/drop,Chris & Dom,gain,player,Kenjon Barner,RB,FA,,,,-53.04,00-0030465
2018,2267215,8,2018-10-24 07:51:24,add/drop,Chris & Dom,loss,player,Bilal Powell,RB,NYJ,,,,,00-0028064
2018,2267046,8,2018-10-23 07:23:45,trade,Nolan & Vinny,loss,player,David Johnson,RB,ARI,,,,20.42,00-0032187
2018,2267046,8,2018-10-23 07:23:45,trade,Nolan & Vinny,loss,player,Doug Baldwin,WR,SEA,,,,7.59,00-0028434
2018,2267046,8,2018-10-23 07:23:45,trade,Nolan & Vinny,gain,player,Odell Beckham,WR,NYG,,,,-1.65,00-0031235
2018,2267245,8,2018-10-23 07:23:45,drop,Antdell & Ernie,loss,player,Ricky Seals-Jones,TE,ARI,,,,-17.49,00-0033611
2018,2267246,8,2018-10-23 07:23:45,trade,Antdell & Ernie,gain,player,David Johnson,RB,ARI,,,,20.42,00-0032187
2018,2267246,8,2018-10-23 07:23:45,trade,Antdell & Ernie,gain,player,Doug Baldwin,WR,SEA,,,,7.59,00-0028434
2018,2267246,8,2018-10-23 07:23:45,trade,Antdell & Ernie,loss,player,Odell Beckham,WR,NYG,,,,-1.65,00-0031235
2018,2266973,8,2018-10-23 00:29:26,drop,Richie,loss,player,Marshawn Lynch,RB,LV,,,,,00-0025399
2018,2267150,7,2018-10-22 15:58:49,drop,Pung & Tralie,loss,player,Albert Wilson,WR,MIA,,,,-65.81,00-0030669
2018,2267120,7,2018-10-20 23:27:28,trade,Cambrias,gain,player,Austin Hooper,TE,ATL,,,,4.19,00-0032392
2018,2267120,7,2018-10-20 23:27:28,trade,Cambrias,loss,player,Carson Wentz,QB,KC,,,,-22.33,00-0032950
2018,2267216,7,2018-10-20 23:27:28,trade,Chris & Dom,loss,player,Austin Hooper,TE,ATL,,,,4.19,00-0032392
2018,2267216,7,2018-10-20 23:27:28,trade,Chris & Dom,gain,player,Carson Wentz,QB,KC,,,,-22.33,00-0032950
2018,2267274,7,2018-10-19 21:13:31,add/drop,LFTLR,gain,player,Cole Beasley,WR,DAL,,,,-31.56,00-0029000
2018,2267274,7,2018-10-19 21:13:31,add/drop,LFTLR,loss,player,Kelvin Benjamin,TE,BUF,,,,-23,00-0031359
2018,2267275,7,2018-10-19 21:13:13,add/drop,LFTLR,gain,player,Robbie Chosen,WR,NYJ,,,,-9.37,00-0032688
2018,2267275,7,2018-10-19 21:13:13,add/drop,LFTLR,loss,player,Chris Ivory,RB,BUF,,,,-45.63,00-0027531
2018,2267084,7,2018-10-19 21:01:06,trade,Frank & Julian,loss,player,T.J. Yeldon,RB,JAX,,,,-20.44,00-0032209
2018,2267084,7,2018-10-19 21:01:06,trade,Frank & Julian,gain,player,Jimmy Graham,TE,GB,,,,-9.81,00-0027696
2018,2267196,7,2018-10-19 21:01:06,trade,Team JoeBa,gain,player,T.J. Yeldon,RB,JAX,,,,-20.44,00-0032209
2018,2267196,7,2018-10-19 21:01:06,trade,Team JoeBa,loss,player,Jimmy Graham,TE,GB,,,,-9.81,00-0027696
2018,2267121,7,2018-10-19 20:30:15,add/drop,Cambrias,gain,player,Jalen Richard,RB,LV,,,,-8.31,00-0033025
2018,2267121,7,2018-10-19 20:30:15,add/drop,Cambrias,loss,player,Carolina Panthers,DEF,CAR,,,,-10.63,DEF-0005
2018,2267276,7,2018-10-19 00:03:41,add/drop,LFTLR,gain,player,Washington Commanders,DEF,WAS,,,,11.25,DEF-0032
2018,2267276,7,2018-10-19 00:03:41,add/drop,LFTLR,loss,player,Pittsburgh Steelers,DEF,PIT,,,,-6.25,DEF-0027
2018,2267247,7,2018-10-18 21:18:39,add,Antdell & Ernie,gain,player,Keke Coutee,WR,FA,,,,-59.06,00-0034366
2018,2267248,7,2018-10-18 21:14:56,drop,Antdell & Ernie,loss,player,Jamison Crowder,WR,WAS,,,,-41.69,00-0031941
2018,2266974,7,2018-10-18 20:55:48,add/drop,Richie,gain,player,Tre'Quan Smith,WR,NO,,,,-32.56,00-0034765
2018,2266974,7,2018-10-18 20:55:48,add/drop,Richie,loss,player,Jermaine Kearse,WR,FA,,,,-40.19,00-0029159
2018,2267001,7,2018-10-18 14:52:17,add/drop,Ronnie,gain,player,Latavius Murray,RB,MIN,,,,-16.81,00-0030513
2018,2267001,7,2018-10-18 14:52:17,add/drop,Ronnie,loss,player,Keke Coutee,WR,FA,,,,-59.06,00-0034366
2018,2267002,7,2018-10-18 14:48:04,add/drop,Ronnie,gain,player,Peyton Barber,RB,TB,,,,-1.75,00-0032741
2018,2267002,7,2018-10-18 14:48:04,add/drop,Ronnie,loss,player,Chris Hogan,WR,NE,,,,-42,00-0028237
2018,2267151,7,2018-10-18 14:46:16,add/drop,Pung & Tralie,gain,player,Albert Wilson,WR,MIA,,,,-65.81,00-0030669
2018,2267151,7,2018-10-18 14:46:16,add/drop,Pung & Tralie,loss,player,Latavius Murray,RB,MIN,,,,-16.81,00-0030513
2018,2267182,7,2018-10-18 05:41:02,add/drop,Rob & GregBo,gain,player,Giorgio Tavecchio,K,FA,,,,-27.5,00-0028907
2018,2267182,7,2018-10-18 05:41:02,add/drop,Rob & GregBo,loss,player,Brandon McManus,K,DEN,,,,-11.25,00-0029822
2018,2267249,7,2018-10-17 19:00:55,add,Antdell & Ernie,gain,player,Duke Johnson,RB,CLE,,,,-14.69,00-0032257
2018,2267183,7,2018-10-17 17:15:25,add/drop,Rob & GregBo,gain,player,Brandon McManus,K,DEN,,,,-11.25,00-0029822
2018,2267183,7,2018-10-17 17:15:25,add/drop,Rob & GregBo,loss,player,Green Bay Packers,DEF,GB,,,,-13.13,DEF-0012
2018,2267152,7,2018-10-17 16:14:04,add/drop,Pung & Tralie,gain,player,New England Patriots,DEF,NE,,,,8.13,DEF-0022
2018,2267152,7,2018-10-17 16:14:04,add/drop,Pung & Tralie,loss,player,Tennessee Titans,DEF,TEN,,,,0,DEF-0031
2018,2267085,7,2018-10-17 15:20:03,add/drop,Frank & Julian,gain,player,Eli Manning,QB,NYG,,,,-8.66,00-0022803
2018,2267085,7,2018-10-17 15:20:03,add/drop,Frank & Julian,loss,player,Dallas Goedert,TE,PHI,,,,-11.81,00-0034351
2018,2267250,7,2018-10-17 14:27:36,add,Antdell & Ernie,gain,player,Matt Prater,K,DET,,,,1.25,00-0023853
2018,2267251,7,2018-10-17 14:26:56,drop,Antdell & Ernie,loss,player,Quincy Enunwa,WR,NYJ,,,,-49.81,00-0031023
2018,2267047,7,2018-10-17 09:55:52,add/drop,Nolan & Vinny,gain,player,Frank Gore,RB,MIA,,,,-31,00-0023500
2018,2267047,7,2018-10-17 09:55:52,add/drop,Nolan & Vinny,loss,player,Alfred Morris,RB,SF,,,,-60.25,00-0029141
2018,2266975,7,2018-10-17 08:56:49,add/drop,Richie,gain,player,Marquise Goodwin,WR,SF,,,,-43.88,00-0030068
2018,2266975,7,2018-10-17 08:56:49,add/drop,Richie,loss,player,Devonta Freeman,RB,ATL,,,,,00-0031285
2018,2267048,7,2018-10-17 07:52:17,add/drop,Nolan & Vinny,gain,player,Willie Snead,WR,BAL,,,,-30.19,00-0030663
2018,2267048,7,2018-10-17 07:52:17,add/drop,Nolan & Vinny,loss,player,Mike Davis,RB,FA,,,,-21.13,00-0032063
2018,2267102,7,2018-10-17 07:52:17,add/drop,Phil Baldino,gain,player,Mitchell Trubisky,QB,CHI,,,,-2.4,00-0033869
2018,2267102,7,2018-10-17 07:52:17,add/drop,Phil Baldino,loss,player,Antonio Callaway,WR,CLE,,,,-24.88,00-0034772
2018,2266976,7,2018-10-17 07:52:16,add/drop,Richie,gain,player,Jermaine Kearse,WR,FA,,,,-40.19,00-0029159
2018,2266976,7,2018-10-17 07:52:16,add/drop,Richie,loss,player,Ronald Jones,RB,FA,,,,-59.13,00-0034816
2018,2266977,7,2018-10-17 07:52:16,add/drop,Richie,gain,player,Ito Smith,RB,FA,,,,-33.56,00-0034378
2018,2266977,7,2018-10-17 07:52:16,add/drop,Richie,loss,player,Cameron Brate,TE,TB,,,,-11.94,00-0031273
2018,2267003,7,2018-10-17 07:52:16,add/drop,Ronnie,gain,player,Dan Bailey,K,FA,,,,-8.75,00-0028660
2018,2267003,7,2018-10-17 07:52:16,add/drop,Ronnie,loss,player,Chris Boswell,K,PIT,,,,-6.83,00-0031136
2018,2267004,7,2018-10-17 07:52:16,add/drop,Ronnie,gain,player,Chester Rogers,WR,IND,,,,-39.06,00-0032355
2018,2267004,7,2018-10-17 07:52:16,add/drop,Ronnie,loss,player,,,NE,,,,,00-0021142
2018,2267122,7,2018-10-17 07:52:16,add/drop,Cambrias,gain,player,Denver Broncos,DEF,DEN,,,,13.13,DEF-0010
2018,2267122,7,2018-10-17 07:52:16,add/drop,Cambrias,loss,player,Ka'imi Fairbairn,K,HOU,,,,17.5,00-0032726
2018,2267217,7,2018-10-17 07:52:16,add/drop,Chris & Dom,gain,player,Greg Zuerlein,K,LAR,,,,15,00-0029621
2018,2267217,7,2018-10-17 07:52:16,add/drop,Chris & Dom,loss,player,Ryan Succop,K,TEN,,,,-9.38,00-0026968
2018,2267218,7,2018-10-17 07:52:16,add/drop,Chris & Dom,gain,player,Joe Flacco,QB,BAL,,,,-71.89,00-0026158
2018,2267218,7,2018-10-17 07:52:16,add/drop,Chris & Dom,loss,player,Derek Carr,QB,LV,,,,-13.41,00-0031280
2018,2267252,7,2018-10-16 20:02:27,drop,Antdell & Ernie,loss,player,Matt Bryant,K,ATL,,,,-17.5,00-0020578
2018,2267005,7,2018-10-16 19:56:47,trade,Ronnie,loss,player,Dalvin Cook,RB,MIN,,,,4.94,00-0033893
2018,2267005,7,2018-10-16 19:56:47,trade,Ronnie,gain,player,Jared Goff,QB,LAR,,,,8.9,00-0033106
2018,2267103,7,2018-10-16 19:56:47,trade,Phil Baldino,gain,player,Dalvin Cook,RB,MIN,,,,4.94,00-0033893
2018,2267103,7,2018-10-16 19:56:47,trade,Phil Baldino,loss,player,Jared Goff,QB,LAR,,,,8.9,00-0033106
2018,2267104,6,2018-10-12 17:52:36,trade,Phil Baldino,gain,player,Amari Cooper,WR,LV,,,,21.78,00-0031544
2018,2267104,6,2018-10-12 17:52:36,trade,Phil Baldino,loss,player,Austin Ekeler,RB,LAC,,,,-19.59,00-0033699
2018,2267153,6,2018-10-12 17:52:36,trade,Pung & Tralie,loss,player,Amari Cooper,WR,LV,,,,21.78,00-0031544
2018,2267153,6,2018-10-12 17:52:36,trade,Pung & Tralie,gain,player,Austin Ekeler,RB,LAC,,,,-19.59,00-0033699
2018,2267154,6,2018-10-11 19:59:35,add/drop,Pung & Tralie,gain,player,Marlon Mack,RB,ARI,,,,27.64,00-0033951
2018,2267154,6,2018-10-11 19:59:35,add/drop,Pung & Tralie,loss,player,Dez Bryant,WR,FA,,,,,00-0027902
2018,2267219,6,2018-10-11 18:28:41,add/drop,Chris & Dom,gain,player,Ryan Succop,K,TEN,,,,-17.19,00-0026968
2018,2267219,6,2018-10-11 18:28:41,add/drop,Chris & Dom,loss,player,Greg Zuerlein,K,LAR,,,,9.63,00-0029621
2018,2266978,6,2018-10-11 00:13:42,add/drop,Richie,gain,player,Miami Dolphins,DEF,MIA,,,,-0.69,DEF-0020
2018,2266978,6,2018-10-11 00:13:42,add/drop,Richie,loss,player,New England Patriots,DEF,NE,,,,6.19,DEF-0022
2018,2267277,6,2018-10-10 23:55:24,add/drop,LFTLR,gain,player,Adam Vinatieri,K,IND,,,,-8.25,00-0016919
2018,2267277,6,2018-10-10 23:55:24,add/drop,LFTLR,loss,player,Matt Prater,K,DET,,,,-5.5,00-0023853
2018,2267253,6,2018-10-10 19:11:36,add/drop,Antdell & Ernie,gain,player,Vance McDonald,TE,FA,,,,4.95,00-0030470
2018,2267253,6,2018-10-10 19:11:36,add/drop,Antdell & Ernie,loss,player,Ben Watson,TE,NO,,,,-23.99,00-0022943
2018,2267184,6,2018-10-10 15:01:01,add/drop,Rob & GregBo,gain,player,Christian Kirk,WR,ARI,,,,-32.26,00-0034775
2018,2267184,6,2018-10-10 15:01:01,add/drop,Rob & GregBo,loss,player,Jordan Wilkins,RB,IND,,,,-58.85,00-0034400
2018,2267185,6,2018-10-10 15:00:34,add/drop,Rob & GregBo,gain,player,New York Jets,DEF,NYJ,,,,-14.44,DEF-0025
2018,2267185,6,2018-10-10 15:00:34,add/drop,Rob & GregBo,loss,player,Denver Broncos,DEF,DEN,,,,16.5,DEF-0010
2018,2267049,6,2018-10-10 14:42:17,add/drop,Nolan & Vinny,gain,player,D'Onta Foreman,RB,CLE,,,,-71.36,00-0033925
2018,2267049,6,2018-10-10 14:42:17,add/drop,Nolan & Vinny,loss,player,Vance McDonald,TE,FA,,,,4.95,00-0030470
2018,2267155,6,2018-10-10 11:06:44,add/drop,Pung & Tralie,gain,player,Latavius Murray,RB,MIN,,,,-8.25,00-0030513
2018,2267155,6,2018-10-10 11:06:44,add/drop,Pung & Tralie,loss,player,Jamaal Charles,RB,FA,,,,-76.38,00-0026213
2018,2267123,6,2018-10-10 11:04:26,add/drop,Cambrias,gain,player,Taylor Gabriel,WR,CHI,,,,-24.08,00-0031228
2018,2267123,6,2018-10-10 11:04:26,add/drop,Cambrias,loss,player,Latavius Murray,RB,MIN,,,,-8.25,00-0030513
2018,2267050,6,2018-10-10 10:59:25,add/drop,Nolan & Vinny,gain,player,Mike Davis,RB,FA,,,,-26.19,00-0032063
2018,2267050,6,2018-10-10 10:59:25,add/drop,Nolan & Vinny,loss,player,Ty Montgomery,RB,GB,,,,-55.96,00-0032200
2018,2267124,6,2018-10-10 10:58:02,add/drop,Cambrias,gain,player,Ka'imi Fairbairn,K,HOU,,,,17.88,00-0032726
2018,2267124,6,2018-10-10 10:58:02,add/drop,Cambrias,loss,player,Giovani Bernard,RB,CIN,,,,-53.21,00-0030456
2018,2267254,6,2018-10-10 10:20:38,add,Antdell & Ernie,gain,player,Ricky Seals-Jones,TE,ARI,,,,-24.27,00-0033611
2018,2266979,6,2018-10-10 08:45:11,add/drop,Richie,gain,player,Jameis Winston,QB,CLE,,,,-9.9,00-0031503
2018,2266979,6,2018-10-10 08:45:11,add/drop,Richie,loss,player,Keelan Cole,WR,JAX,,,,-66.5,00-0033681
2018,2267051,6,2018-10-10 07:47:16,add/drop,Nolan & Vinny,gain,player,Los Angeles Chargers,DEF,LAC,,,,-4.81,DEF-0018
2018,2267051,6,2018-10-10 07:47:16,add/drop,Nolan & Vinny,loss,player,Cincinnati Bengals,DEF,CIN,,,,-24.75,DEF-0007
2018,2267052,6,2018-10-10 07:47:16,add,Nolan & Vinny,gain,player,Alfred Morris,RB,SF,,,,-71.71,00-0029141
2018,2267105,6,2018-10-10 07:47:16,add/drop,Phil Baldino,gain,player,Josh Lambo,K,JAX,,,,-22.69,00-0032087
2018,2267105,6,2018-10-10 07:47:16,add/drop,Phil Baldino,loss,player,Adam Vinatieri,K,IND,,,,-8.25,00-0016919
2018,2267106,6,2018-10-10 07:47:16,add/drop,Phil Baldino,gain,player,Chris Godwin,WR,TB,,,,-10.53,00-0033921
2018,2267106,6,2018-10-10 07:47:16,add/drop,Phil Baldino,loss,player,Austin Seferian-Jenkins,TE,JAX,,,,,00-0031418
2018,2267156,6,2018-10-10 07:47:16,add/drop,Pung & Tralie,gain,player,Jamaal Charles,RB,FA,,,,-76.38,00-0026213
2018,2267156,6,2018-10-10 07:47:16,add/drop,Pung & Tralie,loss,player,Hayden Hurst,TE,LAC,,,,-37.13,00-0034830
2018,2267186,6,2018-10-10 07:47:16,add/drop,Rob & GregBo,gain,player,Wendell Smallwood,RB,FA,,,,-38.09,00-0032782
2018,2267186,6,2018-10-10 07:47:16,add/drop,Rob & GregBo,loss,player,Jay Ajayi,RB,PHI,,,,,00-0031590
2018,2267220,6,2018-10-10 07:47:16,add/drop,Chris & Dom,gain,player,Greg Zuerlein,K,LAR,,,,9.63,00-0029621
2018,2267220,6,2018-10-10 07:47:16,add/drop,Chris & Dom,loss,player,Dan Bailey,K,FA,,,,-9.63,00-0028660
2018,2267255,6,2018-10-09 09:31:22,drop,Antdell & Ernie,loss,player,Los Angeles Chargers,DEF,LAC,,,,-4.81,DEF-0018
2018,2267157,5,2018-10-08 21:31:27,add,Pung & Tralie,gain,player,Golden Tate,WR,DET,,,,-32.03,00-0027891
2018,2267158,5,2018-10-08 19:17:28,drop,Pung & Tralie,loss,player,Golden Tate,WR,DET,,,,-32.03,00-0027891
2018,2267053,5,2018-10-08 13:13:55,trade,Nolan & Vinny,loss,player,Jarvis Landry,WR,CLE,,,,0.16,00-0031382
2018,2267053,5,2018-10-08 13:13:55,trade,Nolan & Vinny,loss,player,Jordan Howard,RB,CHI,,,,-4.2,00-0032780
2018,2267053,5,2018-10-08 13:13:55,trade,Nolan & Vinny,gain,player,Julio Jones,WR,ATL,,,,63.23,00-0027944
2018,2267256,5,2018-10-08 13:13:55,trade,Antdell & Ernie,gain,player,Jarvis Landry,WR,CLE,,,,0.16,00-0031382
2018,2267256,5,2018-10-08 13:13:55,trade,Antdell & Ernie,gain,player,Jordan Howard,RB,CHI,,,,-4.2,00-0032780
2018,2267256,5,2018-10-08 13:13:55,trade,Antdell & Ernie,loss,player,Julio Jones,WR,ATL,,,,63.23,00-0027944
2018,2267257,5,2018-10-07 21:04:30,drop,Antdell & Ernie,loss,player,Duke Johnson,RB,CLE,,,,-10.43,00-0032257
2018,2267258,5,2018-10-05 20:08:24,add/drop,Antdell & Ernie,gain,player,Quincy Enunwa,WR,NYJ,,,,-75.3,00-0031023
2018,2267258,5,2018-10-05 20:08:24,add/drop,Antdell & Ernie,loss,player,Chris Godwin,WR,TB,,,,-20.25,00-0033921
2018,2267054,5,2018-10-05 13:53:16,add/drop,Nolan & Vinny,gain,player,Ty Montgomery,RB,GB,,,,-59.4,00-0032200
2018,2267054,5,2018-10-05 13:53:16,add/drop,Nolan & Vinny,loss,player,Quincy Enunwa,WR,NYJ,,,,-75.3,00-0031023
2018,2267125,5,2018-10-05 11:15:13,add/drop,Cambrias,gain,player,Latavius Murray,RB,MIN,,,,-5.25,00-0030513
2018,2267125,5,2018-10-05 11:15:13,add/drop,Cambrias,loss,player,Antonio Gates,TE,LAC,,,,-25.13,00-0021547
2018,2267055,5,2018-10-04 12:56:31,add/drop,Nolan & Vinny,gain,player,Andy Dalton,QB,CIN,,,,-71.52,00-0027973
2018,2267055,5,2018-10-04 12:56:31,add/drop,Nolan & Vinny,loss,player,Joe Flacco,QB,BAL,,,,-95.93,00-0026158
2018,2267197,5,2018-10-04 11:13:14,add/drop,Team JoeBa,gain,player,Mohamed Sanu,WR,ATL,,,,-9.38,00-0029632
2018,2267197,5,2018-10-04 11:13:14,add/drop,Team JoeBa,loss,player,Ryan Tannehill,QB,MIA,,,,-82.44,00-0029701
2018,2267198,5,2018-10-04 11:12:45,add/drop,Team JoeBa,gain,player,Taywan Taylor,WR,TEN,,,,-61.2,00-0033911
2018,2267198,5,2018-10-04 11:12:45,add/drop,Team JoeBa,loss,player,Mohamed Sanu,WR,ATL,,,,-9.38,00-0029632
2018,2267199,5,2018-10-04 01:20:07,add/drop,Team JoeBa,gain,player,Mohamed Sanu,WR,ATL,,,,-9.38,00-0029632
2018,2267199,5,2018-10-04 01:20:07,add/drop,Team JoeBa,loss,player,Rishard Matthews,WR,FA,,,,-96.9,00-0029580
2018,2267159,5,2018-10-04 01:18:53,add/drop,Pung & Tralie,gain,player,Hayden Hurst,TE,LAC,,,,-42,00-0034830
2018,2267159,5,2018-10-04 01:18:53,add/drop,Pung & Tralie,loss,player,Peyton Barber,RB,TB,,,,5.48,00-0032741
2018,2267056,5,2018-10-03 10:21:54,add/drop,Nolan & Vinny,gain,player,Cincinnati Bengals,DEF,CIN,,,,-15,DEF-0007
2018,2267056,5,2018-10-03 10:21:54,add/drop,Nolan & Vinny,loss,player,Cameron Meredith,WR,FA,,,,-91.8,00-0031912
2018,2267259,5,2018-10-03 09:45:09,add/drop,Antdell & Ernie,gain,player,Los Angeles Chargers,DEF,LAC,,,,-1.5,DEF-0018
2018,2267259,5,2018-10-03 09:45:09,add/drop,Antdell & Ernie,loss,player,Andy Dalton,QB,CIN,,,,-71.52,00-0027973
2018,2266980,5,2018-10-03 07:47:21,add/drop,Richie,gain,player,Ronald Jones,RB,FA,,,,-75.15,00-0034816
2018,2266980,5,2018-10-03 07:47:21,add/drop,Richie,loss,player,Latavius Murray,RB,MIN,,,,-5.25,00-0030513
2018,2266981,5,2018-10-03 07:47:21,add/drop,Richie,gain,player,Cameron Brate,TE,TB,,,,-16.73,00-0031273
2018,2266981,5,2018-10-03 07:47:21,add/drop,Richie,loss,player,Alfred Morris,RB,SF,,,,-71.1,00-0029141
2018,2267006,5,2018-10-03 07:47:21,add,Ronnie,gain,player,C.J. Uzomah,TE,CIN,,,,-1.58,00-0032134
2018,2267007,5,2018-10-03 07:47:21,add/drop,Ronnie,gain,player,Keke Coutee,WR,FA,,,,-68.63,00-0034366
2018,2267007,5,2018-10-03 07:47:21,add/drop,Ronnie,loss,player,Rashaad Penny,RB,SEA,,,,-48,00-0034750
2018,2267057,5,2018-10-03 07:47:21,add/drop,Nolan & Vinny,gain,player,Dede Westbrook,WR,JAX,,,,-7.43,00-0033839
2018,2267057,5,2018-10-03 07:47:21,add/drop,Nolan & Vinny,loss,player,Los Angeles Chargers,DEF,LAC,,,,-1.5,DEF-0018
2018,2267107,5,2018-10-03 07:47:21,add/drop,Phil Baldino,gain,player,Austin Seferian-Jenkins,TE,JAX,,,,-63.75,00-0031418
2018,2267107,5,2018-10-03 07:47:21,add/drop,Phil Baldino,loss,player,Michael Gallup,WR,DAL,,,,-43.05,00-0034764
2018,2267126,5,2018-10-03 07:47:21,add/drop,Cambrias,gain,player,Antonio Gates,TE,LAC,,,,-25.13,00-0021547
2018,2267126,5,2018-10-03 07:47:21,add/drop,Cambrias,loss,player,Christian Kirk,WR,ARI,,,,-30.45,00-0034775
2018,2267127,5,2018-10-03 07:47:21,add/drop,Cambrias,gain,player,Carolina Panthers,DEF,CAR,,,,-9,DEF-0005
2018,2267127,5,2018-10-03 07:47:21,add/drop,Cambrias,loss,player,Cleveland Browns,DEF,CLE,,,,-9.75,DEF-0008
2018,2267128,5,2018-10-03 07:47:21,add/drop,Cambrias,gain,player,Baltimore Ravens,DEF,BAL,,,,13.5,DEF-0003
2018,2267128,5,2018-10-03 07:47:21,add/drop,Cambrias,loss,player,DeVante Parker,WR,FA,,,,-58.2,00-0031547
2018,2267160,5,2018-10-03 07:47:21,add/drop,Pung & Tralie,gain,player,Tennessee Titans,DEF,TEN,,,,-0.75,DEF-0031
2018,2267160,5,2018-10-03 07:47:21,add/drop,Pung & Tralie,loss,player,Seattle Seahawks,DEF,SEA,,,,3.75,DEF-0029
2018,2267221,5,2018-10-03 07:47:21,add/drop,Chris & Dom,gain,player,Derek Carr,QB,LV,,,,-29.61,00-0031280
2018,2267221,5,2018-10-03 07:47:21,add/drop,Chris & Dom,loss,player,Wendell Smallwood,RB,FA,,,,-29.93,00-0032782
2018,2267222,5,2018-10-03 07:47:21,add/drop,Chris & Dom,gain,player,Nyheim Hines,RB,IND,,,,-14.55,00-0034367
2018,2267222,5,2018-10-03 07:47:21,add/drop,Chris & Dom,loss,player,Ryan Fitzpatrick,QB,TB,,,,-91.89,00-0023682
2018,2267161,5,2018-10-02 13:08:45,add,Pung & Tralie,gain,player,Tom Brady,QB,NE,,,,2.45,00-0019596
2018,2267162,5,2018-10-02 10:45:07,drop,Pung & Tralie,loss,player,Tom Brady,QB,NE,,,,2.45,00-0019596
2018,2267008,4,2018-10-01 13:05:04,drop,Ronnie,loss,player,Tyler Eifert,TE,CIN,,,,-62.64,00-0030549
2018,2267278,4,2018-09-30 16:07:23,add/drop,LFTLR,gain,player,Chris Ivory,RB,BUF,,,,-68.82,00-0027531
2018,2267278,4,2018-09-30 16:07:23,add/drop,LFTLR,loss,player,Pierre Garcon,WR,SF,,,,-83.69,00-0026345
2018,2267223,4,2018-09-30 15:41:11,add/drop,Chris & Dom,gain,player,Wendell Smallwood,RB,FA,,,,-32.83,00-0032782
2018,2267223,4,2018-09-30 15:41:11,add/drop,Chris & Dom,loss,player,Ronald Jones,RB,FA,,,,-85.56,00-0034816
2018,2267224,4,2018-09-30 15:29:13,add/drop,Chris & Dom,gain,player,Ronald Jones,RB,FA,,,,-85.56,00-0034816
2018,2267224,4,2018-09-30 15:29:13,add/drop,Chris & Dom,loss,player,Chris Ivory,RB,BUF,,,,-68.82,00-0027531
2018,2267187,4,2018-09-29 00:19:03,add/drop,Rob & GregBo,gain,player,Green Bay Packers,DEF,GB,,,,-3.25,DEF-0012
2018,2267187,4,2018-09-29 00:19:03,add/drop,Rob & GregBo,loss,player,Robbie Chosen,WR,NYJ,,,,-8.77,00-0032688
2018,2267058,4,2018-09-28 00:56:33,add,Nolan & Vinny,gain,player,Joe Flacco,QB,BAL,,,,-103.19,00-0026158
2018,2267108,4,2018-09-27 23:02:51,add/drop,Phil Baldino,gain,player,Adam Vinatieri,K,IND,,,,-6.5,00-0016919
2018,2267108,4,2018-09-27 23:02:51,add/drop,Phil Baldino,loss,player,Josh Lambo,K,JAX,,,,-26,00-0032087
2018,2267129,4,2018-09-27 19:12:09,add/drop,Cambrias,gain,player,Christian Kirk,WR,ARI,,,,-37.62,00-0034775
2018,2267129,4,2018-09-27 19:12:09,add/drop,Cambrias,loss,player,Jamaal Williams,RB,GB,,,,-30.79,00-0033948
2018,2267086,4,2018-09-27 18:19:29,add/drop,Frank & Julian,gain,player,Indianapolis Colts,DEF,IND,,,,4.06,DEF-0014
2018,2267086,4,2018-09-27 18:19:29,add/drop,Frank & Julian,loss,player,Ted Ginn Jr.,WR,NO,,,,-108.23,00-0025396
2018,2267200,4,2018-09-27 17:22:12,trade,Team JoeBa,gain,player,Randall Cobb,WR,GB,,,,-84.09,00-0028002
2018,2267200,4,2018-09-27 17:22:12,trade,Team JoeBa,gain,player,LeSean McCoy,RB,BUF,,,,-20.39,00-0027029
2018,2267200,4,2018-09-27 17:22:12,trade,Team JoeBa,loss,player,Bilal Powell,RB,NYJ,,,,-80.84,00-0028064
2018,2267200,4,2018-09-27 17:22:12,trade,Team JoeBa,loss,player,Alshon Jeffery,WR,FA,,,,18.44,00-0029137
2018,2267225,4,2018-09-27 17:22:12,trade,Chris & Dom,loss,player,Randall Cobb,WR,GB,,,,-84.09,00-0028002
2018,2267225,4,2018-09-27 17:22:12,trade,Chris & Dom,loss,player,LeSean McCoy,RB,BUF,,,,-20.39,00-0027029
2018,2267225,4,2018-09-27 17:22:12,trade,Chris & Dom,gain,player,Bilal Powell,RB,NYJ,,,,-80.84,00-0028064
2018,2267225,4,2018-09-27 17:22:12,trade,Chris & Dom,gain,player,Alshon Jeffery,WR,FA,,,,18.44,00-0029137
2018,2267059,4,2018-09-27 14:09:30,add/drop,Nolan & Vinny,gain,player,Tarik Cohen,RB,CHI,,,,62.03,00-0033556
2018,2267059,4,2018-09-27 14:09:30,add/drop,Nolan & Vinny,loss,player,D.J. Moore,WR,CAR,,,,-10.73,00-0034827
2018,2267060,4,2018-09-27 13:39:40,add/drop,Nolan & Vinny,gain,player,Vance McDonald,TE,FA,,,,6.83,00-0030470
2018,2267060,4,2018-09-27 13:39:40,add/drop,Nolan & Vinny,loss,player,Will Dissly,TE,SEA,,,,-72.64,00-0034159
2018,2267260,4,2018-09-27 13:22:54,add/drop,Antdell & Ernie,gain,player,Ben Watson,TE,NO,,,,-27.79,00-0022943
2018,2267260,4,2018-09-27 13:22:54,add/drop,Antdell & Ernie,loss,player,Tarik Cohen,RB,CHI,,,,62.03,00-0033556
2018,2267201,4,2018-09-27 12:50:24,add/drop,Team JoeBa,gain,player,Ryan Tannehill,QB,MIA,,,,-106.63,00-0029701
2018,2267201,4,2018-09-27 12:50:24,add/drop,Team JoeBa,loss,player,Jimmy Garoppolo,QB,SF,,,,,00-0031345
2018,2267061,4,2018-09-27 11:55:16,add/drop,Nolan & Vinny,gain,player,Cameron Meredith,WR,FA,,,,-105.14,00-0031912
2018,2267061,4,2018-09-27 11:55:16,add/drop,Nolan & Vinny,loss,player,Tavon Austin,WR,DAL,,,,-111.07,00-0030525
2018,2266982,4,2018-09-27 01:37:20,drop,Richie,loss,player,Marquise Goodwin,WR,SF,,,,-56.96,00-0030068
2018,2266983,4,2018-09-27 01:37:20,trade,Richie,loss,player,David Johnson,RB,ARI,,,,55.98,00-0032187
2018,2266983,4,2018-09-27 01:37:20,trade,Richie,gain,player,Brandin Cooks,WR,LAR,,,,17.14,00-0031236
2018,2266983,4,2018-09-27 01:37:20,trade,Richie,gain,player,Marshawn Lynch,RB,LV,,,,-74.99,00-0025399
2018,2267062,4,2018-09-27 01:37:20,trade,Nolan & Vinny,gain,player,David Johnson,RB,ARI,,,,55.98,00-0032187
2018,2267062,4,2018-09-27 01:37:20,trade,Nolan & Vinny,loss,player,Brandin Cooks,WR,LAR,,,,17.14,00-0031236
2018,2267062,4,2018-09-27 01:37:20,trade,Nolan & Vinny,loss,player,Marshawn Lynch,RB,LV,,,,-74.99,00-0025399
2018,2267087,4,2018-09-27 00:22:08,add/drop,Frank & Julian,gain,player,Dallas Goedert,TE,PHI,,,,-22.67,00-0034351
2018,2267087,4,2018-09-27 00:22:08,add/drop,Frank & Julian,loss,player,Dede Westbrook,WR,JAX,,,,-1.62,00-0033839
2018,2266984,4,2018-09-26 18:42:44,add/drop,Richie,gain,player,Alfred Morris,RB,SF,,,,-81.98,00-0029141
2018,2266984,4,2018-09-26 18:42:44,add/drop,Richie,loss,player,Rex Burkhead,RB,NE,,,,-82.23,00-0030288
2018,2267088,4,2018-09-26 17:11:58,trade,Frank & Julian,loss,player,Rob Gronkowski,TE,NE,,,,-0,00-0027656
2018,2267088,4,2018-09-26 17:11:58,trade,Frank & Julian,loss,player,DeVante Parker,WR,FA,,,,-73.78,00-0031547
2018,2267088,4,2018-09-26 17:11:58,trade,Frank & Julian,loss,player,Jamaal Williams,RB,GB,,,,-30.79,00-0033948
2018,2267088,4,2018-09-26 17:11:58,trade,Frank & Julian,gain,player,Stefon Diggs,WR,MIN,,,,37.54,00-0031588
2018,2267088,4,2018-09-26 17:11:58,trade,Frank & Julian,gain,player,Jordan Reed,TE,WAS,,,,-4.79,00-0030472
2018,2267088,4,2018-09-26 17:11:58,trade,Frank & Julian,gain,player,Phillip Lindsay,RB,DEN,,,,52.41,00-0034109
2018,2267130,4,2018-09-26 17:11:58,trade,Cambrias,gain,player,Rob Gronkowski,TE,NE,,,,-0,00-0027656
2018,2267130,4,2018-09-26 17:11:58,trade,Cambrias,gain,player,DeVante Parker,WR,FA,,,,-73.78,00-0031547
2018,2267130,4,2018-09-26 17:11:58,trade,Cambrias,gain,player,Jamaal Williams,RB,GB,,,,-30.79,00-0033948
2018,2267130,4,2018-09-26 17:11:58,trade,Cambrias,loss,player,Stefon Diggs,WR,MIN,,,,37.54,00-0031588
2018,2267130,4,2018-09-26 17:11:58,trade,Cambrias,loss,player,Jordan Reed,TE,WAS,,,,-4.79,00-0030472
2018,2267130,4,2018-09-26 17:11:58,trade,Cambrias,loss,player,Phillip Lindsay,RB,DEN,,,,52.41,00-0034109
2018,2267131,4,2018-09-26 11:06:44,add/drop,Cambrias,gain,player,Cleveland Browns,DEF,CLE,,,,-12.19,DEF-0008
2018,2267131,4,2018-09-26 11:06:44,add/drop,Cambrias,loss,player,Dallas Cowboys,DEF,DAL,,,,-1.63,DEF-0009
2018,2267063,4,2018-09-26 11:06:24,add/drop,Nolan & Vinny,gain,player,Tavon Austin,WR,DAL,,,,-111.07,00-0030525
2018,2267063,4,2018-09-26 11:06:24,add/drop,Nolan & Vinny,loss,player,Carolina Panthers,DEF,CAR,,,,-13.81,DEF-0005
2018,2267009,4,2018-09-26 07:50:48,add,Ronnie,gain,player,Tyler Eifert,TE,CIN,,,,-62.64,00-0030549
2018,2267163,4,2018-09-26 07:50:48,add/drop,Pung & Tralie,gain,player,Seattle Seahawks,DEF,SEA,,,,3.25,DEF-0029
2018,2267163,4,2018-09-26 07:50:48,add/drop,Pung & Tralie,loss,player,Baltimore Ravens,DEF,BAL,,,,15.44,DEF-0003
2018,2267164,4,2018-09-26 07:50:48,add/drop,Pung & Tralie,gain,player,Tyler Boyd,WR,CIN,,,,18.69,00-0033009
2018,2267164,4,2018-09-26 07:50:48,add/drop,Pung & Tralie,loss,player,Marlon Mack,RB,ARI,,,,23.32,00-0033951
2018,2267202,4,2018-09-26 07:50:48,add/drop,Team JoeBa,gain,player,DeSean Jackson,WR,TB,,,,-45.18,00-0026189
2018,2267202,4,2018-09-26 07:50:48,add/drop,Team JoeBa,loss,player,Allen Hurns,WR,DAL,,,,-80.6,00-0030821
2018,2267226,4,2018-09-26 07:50:48,add/drop,Chris & Dom,gain,player,Chris Ivory,RB,BUF,,,,-68.82,00-0027531
2018,2267226,4,2018-09-26 07:50:48,add/drop,Chris & Dom,loss,player,Cleveland Browns,DEF,CLE,,,,-12.19,DEF-0008
2018,2267261,4,2018-09-26 07:50:48,add/drop,Antdell & Ernie,gain,player,Andy Dalton,QB,CIN,,,,-74.67,00-0027973
2018,2267261,4,2018-09-26 07:50:48,add/drop,Antdell & Ernie,loss,player,Theo Riddick,RB,DET,,,,-33.07,00-0030107
2018,2267262,4,2018-09-26 07:50:48,add/drop,Antdell & Ernie,gain,player,Sterling Shepard,WR,NYG,,,,-8.12,00-0032385
2018,2267262,4,2018-09-26 07:50:48,add/drop,Antdell & Ernie,loss,player,Jesse James,TE,PIT,,,,-34.21,00-0032135
2018,2267010,4,2018-09-25 15:36:18,drop,Ronnie,loss,player,John Ross,WR,CIN,,,,-61.18,00-0033460
2018,2267227,3,2018-09-21 23:04:01,add/drop,Chris & Dom,gain,player,Ryan Fitzpatrick,QB,TB,,,,-114.52,00-0023682
2018,2267227,3,2018-09-21 23:04:01,add/drop,Chris & Dom,loss,player,Greg Zuerlein,K,LAR,,,,-6.13,00-0029621
2018,2266985,3,2018-09-21 22:35:15,add/drop,Richie,gain,player,Latavius Murray,RB,MIN,,,,-10.15,00-0030513
2018,2266985,3,2018-09-21 22:35:15,add/drop,Richie,loss,player,DeSean Jackson,WR,TB,,,,-51.54,00-0026189
2018,2267064,3,2018-09-21 22:33:08,trade,Nolan & Vinny,loss,player,James White,RB,NE,,,,81.46,00-0031062
2018,2267064,3,2018-09-21 22:33:08,trade,Nolan & Vinny,gain,player,Doug Baldwin,WR,SEA,,,,-16.28,00-0028434
2018,2267089,3,2018-09-21 22:33:08,trade,Frank & Julian,gain,player,James White,RB,NE,,,,81.46,00-0031062
2018,2267089,3,2018-09-21 22:33:08,trade,Frank & Julian,loss,player,Doug Baldwin,WR,SEA,,,,-16.28,00-0028434
2018,2267011,3,2018-09-21 20:40:29,add/drop,Ronnie,gain,player,Rashaad Penny,RB,SEA,,,,-67.46,00-0034750
2018,2267011,3,2018-09-21 20:40:29,add/drop,Ronnie,loss,player,Phillip Dorsett,WR,NE,,,,-103.95,00-0032208
2018,2267263,3,2018-09-21 17:20:02,add/drop,Antdell & Ernie,gain,player,Jesse James,TE,PIT,,,,-44.28,00-0032135
2018,2267263,3,2018-09-21 17:20:02,add/drop,Antdell & Ernie,loss,player,Ryan Grant,WR,IND,,,,-88.9,00-0031068
2018,2267188,3,2018-09-21 02:49:40,add/drop,Rob & GregBo,gain,player,Baker Mayfield,QB,TB,,,,-4.73,00-0034855
2018,2267188,3,2018-09-21 02:49:40,add/drop,Rob & GregBo,loss,player,Eli Manning,QB,NYG,,,,-20.53,00-0022803
2018,2267065,3,2018-09-20 12:38:13,add/drop,Nolan & Vinny,gain,player,Carolina Panthers,DEF,CAR,,,,-19.25,DEF-0005
2018,2267065,3,2018-09-20 12:38:13,add/drop,Nolan & Vinny,loss,player,Dante Pettis,WR,SF,,,,-61.95,00-0034860
2018,2267109,3,2018-09-19 19:07:15,add/drop,Phil Baldino,gain,player,Antonio Callaway,WR,CLE,,,,-51.71,00-0034772
2018,2267109,3,2018-09-19 19:07:15,add/drop,Phil Baldino,loss,player,Mohamed Sanu,WR,ATL,,,,-2.63,00-0029632
2018,2266986,3,2018-09-19 09:29:35,add/drop,Richie,gain,player,Eric Ebron,TE,IND,,,,68.6,00-0031387
2018,2266986,3,2018-09-19 09:29:35,add/drop,Richie,loss,player,Tyler Eifert,TE,CIN,,,,-64.66,00-0030549
2018,2267228,3,2018-09-19 09:01:01,add/drop,Chris & Dom,gain,player,Austin Hooper,TE,ATL,,,,24.41,00-0032392
2018,2267228,3,2018-09-19 09:01:01,add/drop,Chris & Dom,loss,player,Latavius Murray,RB,MIN,,,,-10.15,00-0030513
2018,2266987,3,2018-09-19 07:55:32,add/drop,Richie,gain,player,DeSean Jackson,WR,TB,,,,-51.54,00-0026189
2018,2266987,3,2018-09-19 07:55:32,add/drop,Richie,loss,player,Rashaad Penny,RB,SEA,,,,-67.46,00-0034750
2018,2267066,3,2018-09-19 07:55:32,add/drop,Nolan & Vinny,gain,player,Will Dissly,TE,SEA,,,,-85.93,00-0034159
2018,2267066,3,2018-09-19 07:55:32,add/drop,Nolan & Vinny,loss,player,Brandon Marshall,WR,SEA,,,,-128.71,00-0024334
2018,2267090,3,2018-09-19 07:55:32,add/drop,Frank & Julian,gain,player,Javorius Allen,RB,BAL,,,,-62.65,00-0031577
2018,2267090,3,2018-09-19 07:55:32,add/drop,Frank & Julian,loss,player,Alfred Morris,RB,SF,,,,-85.58,00-0029141
2018,2267132,3,2018-09-19 07:55:32,add/drop,Cambrias,gain,player,Dallas Cowboys,DEF,DAL,,,,-13.13,DEF-0009
2018,2267132,3,2018-09-19 07:55:32,add/drop,Cambrias,loss,player,New Orleans Saints,DEF,NO,,,,12.25,DEF-0023
2018,2267165,3,2018-09-19 07:55:32,add/drop,Pung & Tralie,gain,player,O.J. Howard,TE,TB,,,,-5.78,00-0033879
2018,2267165,3,2018-09-19 07:55:32,add/drop,Pung & Tralie,loss,player,Sterling Shepard,WR,NYG,,,,-0,00-0032385
2018,2267229,3,2018-09-19 07:55:32,add/drop,Chris & Dom,gain,player,Cleveland Browns,DEF,CLE,,,,-18.38,DEF-0008
2018,2267229,3,2018-09-19 07:55:32,add/drop,Chris & Dom,loss,player,Case Keenum,QB,DEN,,,,-48.72,00-0028986
2018,2267230,3,2018-09-19 07:55:32,add/drop,Chris & Dom,gain,player,Dan Bailey,K,FA,,,,-8.75,00-0028660
2018,2267230,3,2018-09-19 07:55:32,add/drop,Chris & Dom,loss,player,Ben Watson,TE,NO,,,,-28.26,00-0022943
2018,2267264,3,2018-09-19 07:55:32,add/drop,Antdell & Ernie,gain,player,Theo Riddick,RB,DET,,,,-38.24,00-0030107
2018,2267264,3,2018-09-19 07:55:32,add/drop,Antdell & Ernie,loss,player,Jonnu Smith,TE,TEN,,,,-34.56,00-0033858
2018,2267231,2,2018-09-13 01:06:45,add/drop,Chris & Dom,gain,player,Case Keenum,QB,DEN,,,,-56.68,00-0028986
2018,2267231,2,2018-09-13 01:06:45,add/drop,Chris & Dom,loss,player,Andy Dalton,QB,CIN,,,,-80.34,00-0027973
2018,2267265,2,2018-09-12 19:23:52,add/drop,Antdell & Ernie,gain,player,Jonnu Smith,TE,TEN,,,,-48.28,00-0033858
2018,2267265,2,2018-09-12 19:23:52,add/drop,Antdell & Ernie,loss,player,Eric Ebron,TE,IND,,,,73.13,00-0031387
2018,2267266,2,2018-09-12 19:21:44,add/drop,Antdell & Ernie,gain,player,Ryan Grant,WR,IND,,,,-102.47,00-0031068
2018,2267266,2,2018-09-12 19:21:44,add/drop,Antdell & Ernie,loss,player,O.J. Howard,TE,TB,,,,-0,00-0033879
2018,2267067,2,2018-09-12 16:05:12,trade,Nolan & Vinny,gain,player,James White,RB,NE,,,,94.97,00-0031062
2018,2267067,2,2018-09-12 16:05:12,trade,Nolan & Vinny,loss,player,Jack Doyle,TE,IND,,,,-59.63,00-0030181
2018,2267267,2,2018-09-12 16:05:12,trade,Antdell & Ernie,loss,player,James White,RB,NE,,,,94.97,00-0031062
2018,2267267,2,2018-09-12 16:05:12,trade,Antdell & Ernie,gain,player,Jack Doyle,TE,IND,,,,-59.63,00-0030181
2018,2267068,2,2018-09-12 13:03:56,add/drop,Nolan & Vinny,gain,player,Brandon Marshall,WR,SEA,,,,-141.94,00-0024334
2018,2267068,2,2018-09-12 13:03:56,add/drop,Nolan & Vinny,loss,player,LeGarrette Blount,RB,DET,,,,-53.91,00-0027325
2018,2267012,2,2018-09-12 07:59:24,add/drop,Ronnie,gain,player,Phillip Dorsett,WR,NE,,,,-114.47,00-0032208
2018,2267012,2,2018-09-12 07:59:24,add/drop,Ronnie,loss,player,Derek Carr,QB,LV,,,,-32.42,00-0031280
2018,2267069,2,2018-09-12 07:59:24,add/drop,Nolan & Vinny,gain,player,Quincy Enunwa,WR,NYJ,,,,-93.56,00-0031023
2018,2267069,2,2018-09-12 07:59:24,add/drop,Nolan & Vinny,loss,player,Dallas Goedert,TE,PHI,,,,-27.94,00-0034351
2018,2267091,2,2018-09-12 07:59:24,add/drop,Frank & Julian,gain,player,Ted Ginn Jr.,WR,NO,,,,-127.69,00-0025396
2018,2267091,2,2018-09-12 07:59:24,add/drop,Frank & Julian,loss,player,Ricky Seals-Jones,TE,ARI,,,,-40.97,00-0033611
2018,2267092,2,2018-09-12 07:59:24,add/drop,Frank & Julian,gain,player,T.J. Yeldon,RB,JAX,,,,13.5,00-0032209
2018,2267092,2,2018-09-12 07:59:24,add/drop,Frank & Julian,loss,player,Devontae Booker,RB,DEN,,,,-62.72,00-0032972
2018,2267133,2,2018-09-12 07:59:24,add/drop,Cambrias,gain,player,Geronimo Allison,WR,GB,,,,-116.25,00-0032626
2018,2267133,2,2018-09-12 07:59:24,add/drop,Cambrias,loss,player,Mike Gesicki,TE,MIA,,,,-72.94,00-0034829
2018,2267134,2,2018-09-12 07:59:24,add/drop,Cambrias,gain,player,Phillip Lindsay,RB,DEN,,,,57.94,00-0034109
2018,2267134,2,2018-09-12 07:59:24,add/drop,Cambrias,loss,player,Ronald Jones,RB,FA,,,,-114.47,00-0034816
2018,2267232,2,2018-09-12 07:59:24,add/drop,Chris & Dom,gain,player,Ben Watson,TE,NO,,,,-36.94,00-0022943
2018,2267232,2,2018-09-12 07:59:24,add/drop,Chris & Dom,loss,player,Anthony Miller,WR,CHI,,,,-49.01,00-0034353
2018,2267268,2,2018-09-12 07:59:24,add/drop,Antdell & Ernie,gain,player,Eric Ebron,TE,IND,,,,73.13,00-0031387
2018,2267268,2,2018-09-12 07:59:24,add/drop,Antdell & Ernie,loss,player,Delanie Walker,TE,TEN,,,,,00-0024389
2018,2267279,2,2018-09-12 07:59:24,add/drop,LFTLR,gain,player,Alex Smith,QB,WAS,,,,-117.49,00-0023436
2018,2267279,2,2018-09-12 07:59:24,add/drop,LFTLR,loss,player,Marcus Mariota,QB,TEN,,,,-65.08,00-0032268
2018,2267233,1,2018-09-09 13:40:02,add/drop,Chris & Dom,gain,player,Andy Dalton,QB,CIN,,,,-80.76,00-0027973
2018,2267233,1,2018-09-09 13:40:02,add/drop,Chris & Dom,loss,player,Cole Beasley,WR,DAL,,,,-48.3,00-0029000
2018,2267189,1,2018-09-05 22:50:59,add,Rob & GregBo,gain,player,Eli Manning,QB,NYG,,,,-33.58,00-0022803
2018,2267190,1,2018-09-05 22:50:07,drop,Rob & GregBo,loss,player,Eric Ebron,TE,IND,,,,83.3,00-0031387
2018,2267280,1,2018-09-05 21:59:49,add,LFTLR,gain,player,Marcus Mariota,QB,TEN,,,,-79.38,00-0032268
2018,2266988,1,2018-09-05 21:13:48,add/drop,Richie,gain,player,Tyler Eifert,TE,CIN,,,,-84,00-0030549
2018,2266988,1,2018-09-05 21:13:48,add/drop,Richie,loss,player,Antonio Gates,TE,LAC,,,,-47.6,00-0021547
2018,2267070,1,2018-09-05 21:04:34,add,Nolan & Vinny,gain,player,Los Angeles Chargers,DEF,LAC,,,,-15,DEF-0018
2018,2267234,1,2018-09-05 21:04:06,add,Chris & Dom,gain,player,Los Angeles Rams,DEF,LAR,,,,30,DEF-0019
2018,2267235,1,2018-09-05 21:03:39,drop,Chris & Dom,loss,player,Los Angeles Chargers,DEF,LAC,,,,-15,DEF-0018
2018,2267071,1,2018-09-05 21:03:23,drop,Nolan & Vinny,loss,player,Los Angeles Rams,DEF,LAR,,,,30,DEF-0019
2017,2267512,16,2017-12-20 10:14:03,add/drop,Chris & Dom,gain,player,Joe Flacco,QB,BAL,,,,0.17,00-0026158
2017,2267512,16,2017-12-20 10:14:03,add/drop,Chris & Dom,loss,player,Marquise Goodwin,WR,SF,,,,-0.33,00-0030068
2017,2267513,16,2017-12-20 10:13:03,add/drop,Chris & Dom,gain,player,Mike Wallace,WR,BAL,,,,-0.13,00-0026901
2017,2267513,16,2017-12-20 10:13:03,add/drop,Chris & Dom,loss,player,Chris Ivory,RB,JAX,,,,,00-0027531
2017,2267514,16,2017-12-20 10:12:12,add/drop,Chris & Dom,gain,player,Keelan Cole,WR,JAX,,,,0.3,00-0033681
2017,2267514,16,2017-12-20 10:12:12,add/drop,Chris & Dom,loss,player,Washington Commanders,DEF,WAS,,,,0.25,DEF-0032
2017,2267281,16,2017-12-20 08:45:00,add/drop,Richie,gain,player,Martavis Bryant,WR,PIT,,,,-0.14,00-0031373
2017,2267281,16,2017-12-20 08:45:00,add/drop,Richie,loss,player,Jesse James,TE,PIT,,,,-0.56,00-0032135
2017,2267282,16,2017-12-20 08:45:00,add/drop,Richie,gain,player,Tyrod Taylor,QB,BUF,,,,-0.11,00-0028118
2017,2267282,16,2017-12-20 08:45:00,add/drop,Richie,loss,player,J.D. McKissic,RB,FA,,,,,00-0032602
2017,2267283,16,2017-12-20 08:45:00,add/drop,Richie,gain,player,Nick Foles,QB,FA,,,,-0.38,00-0029567
2017,2267283,16,2017-12-20 08:45:00,add/drop,Richie,loss,player,Alfred Morris,RB,DAL,,,,,00-0029141
2017,2267515,15,2017-12-17 17:05:04,add/drop,Chris & Dom,gain,player,Chris Ivory,RB,JAX,,,,-2.25,00-0027531
2017,2267515,15,2017-12-17 17:05:04,add/drop,Chris & Dom,loss,player,Danny Woodhead,RB,BAL,,,,-0.49,00-0026019
2017,2267516,15,2017-12-14 01:11:20,add/drop,Chris & Dom,gain,player,C.J. Anderson,RB,DEN,,,,2.74,00-0029854
2017,2267516,15,2017-12-14 01:11:20,add/drop,Chris & Dom,loss,player,Vernon Davis,TE,WAS,,,,-0.46,00-0024221
2017,2267284,15,2017-12-13 18:48:22,add/drop,Richie,gain,player,Eric Ebron,TE,DET,,,,1.99,00-0031387
2017,2267284,15,2017-12-13 18:48:22,add/drop,Richie,loss,player,Tyrod Taylor,QB,BUF,,,,0.45,00-0028118
2017,2267285,15,2017-12-13 18:47:46,add/drop,Richie,gain,player,Jesse James,TE,PIT,,,,-1.88,00-0032135
2017,2267285,15,2017-12-13 18:47:46,add/drop,Richie,loss,player,Ryan Succop,K,TEN,,,,0.88,00-0026968
2017,2267517,15,2017-12-13 08:36:06,add/drop,Chris & Dom,gain,player,Vernon Davis,TE,WAS,,,,-0.46,00-0024221
2017,2267517,15,2017-12-13 08:36:06,add/drop,Chris & Dom,loss,player,Giovani Bernard,RB,CIN,,,,2.61,00-0030456
2017,2267518,15,2017-12-13 08:36:06,add/drop,Chris & Dom,gain,player,Washington Commanders,DEF,WAS,,,,0.88,DEF-0032
2017,2267518,15,2017-12-13 08:36:06,add/drop,Chris & Dom,loss,player,Trey Burton,TE,FA,,,,-1.03,00-0030710
2017,2267519,14,2017-12-10 17:55:16,add/drop,Chris & Dom,gain,player,Trey Burton,TE,FA,,,,1.35,00-0030710
2017,2267519,14,2017-12-10 17:55:16,add/drop,Chris & Dom,loss,player,Tommylee Lewis,WR,NO,,,,-4.61,00-0032881
2017,2267520,14,2017-12-08 04:14:32,add/drop,Chris & Dom,gain,player,Tommylee Lewis,WR,NO,,,,-4.61,00-0032881
2017,2267520,14,2017-12-08 04:14:32,add/drop,Chris & Dom,loss,player,Trey Burton,TE,FA,,,,1.35,00-0030710
2017,2267360,14,2017-12-08 01:05:39,add/drop,Frank & Julian,gain,player,Green Bay Packers,DEF,GB,,,,-2.44,DEF-0012
2017,2267360,14,2017-12-08 01:05:39,add/drop,Frank & Julian,loss,player,Jacquizz Rodgers,RB,FA,,,,-6.49,00-0028083
2017,2267521,14,2017-12-06 20:17:31,add/drop,Chris & Dom,gain,player,Trey Burton,TE,FA,,,,1.35,00-0030710
2017,2267521,14,2017-12-06 20:17:31,add/drop,Chris & Dom,loss,player,Matt Forte,RB,NYJ,,,,-4.2,00-0026184
2017,2267408,14,2017-12-06 08:31:45,add/drop,Cambrias,gain,player,Buffalo Bills,DEF,BUF,,,,-0.38,DEF-0004
2017,2267408,14,2017-12-06 08:31:45,add/drop,Cambrias,loss,player,Jeremy Maclin,WR,BAL,,,,-5.12,00-0026995
2017,2267522,14,2017-12-06 08:31:45,add/drop,Chris & Dom,gain,player,Giovani Bernard,RB,CIN,,,,5.12,00-0030456
2017,2267522,14,2017-12-06 08:31:45,add/drop,Chris & Dom,loss,player,Atlanta Falcons,DEF,ATL,,,,-2.06,DEF-0002
2017,2267523,14,2017-12-06 08:31:45,add/drop,Chris & Dom,gain,player,Marquise Goodwin,WR,SF,,,,1.78,00-0030068
2017,2267523,14,2017-12-06 08:31:45,add/drop,Chris & Dom,loss,player,Devontae Booker,RB,FA,,,,-2.51,00-0032972
2017,2267567,14,2017-12-06 08:31:45,add/drop,Antdell & Ernie,gain,player,Stephen Anderson,TE,HOU,,,,-4.28,00-0032725
2017,2267567,14,2017-12-06 08:31:45,add/drop,Antdell & Ernie,loss,player,Vernon Davis,TE,WAS,,,,-0.34,00-0024221
2017,2267568,14,2017-12-06 08:31:45,add/drop,Antdell & Ernie,gain,player,Ricky Seals-Jones,TE,FA,,,,-3.81,00-0033611
2017,2267568,14,2017-12-06 08:31:45,add/drop,Antdell & Ernie,loss,player,Emmanuel Sanders,WR,DEN,,,,-3.71,00-0027685
2017,2267602,14,2017-12-06 08:31:45,add/drop,LFTLR,gain,player,Peyton Barber,RB,FA,,,,-2.29,00-0032741
2017,2267602,14,2017-12-06 08:31:45,add/drop,LFTLR,loss,player,Javorius Allen,RB,BAL,,,,-0.19,00-0031577
2017,2267444,13,2017-12-03 16:31:23,add/drop,Pung & Tralie,gain,player,Kerwynn Williams,RB,ARI,,,,-3.33,00-0030117
2017,2267444,13,2017-12-03 16:31:23,add/drop,Pung & Tralie,loss,player,Ty Montgomery,RB,GB,,,,,00-0032200
2017,2267382,13,2017-12-03 16:20:35,add/drop,Phil Baldino,gain,player,Graham Gano,K,CAR,,,,-1.25,00-0026858
2017,2267382,13,2017-12-03 16:20:35,add/drop,Phil Baldino,loss,player,Giorgio Tavecchio,K,LV,,,,-4.25,00-0028907
2017,2267383,13,2017-12-03 16:20:20,add/drop,Phil Baldino,gain,player,Kansas City Chiefs,DEF,KC,,,,-0.75,DEF-0016
2017,2267383,13,2017-12-03 16:20:20,add/drop,Phil Baldino,loss,player,Carolina Panthers,DEF,CAR,,,,2,DEF-0005
2017,2267329,13,2017-12-01 01:55:25,add/drop,Nolan & Vinny,gain,player,Las Vegas Raiders,DEF,LV,,,,0,DEF-0017
2017,2267329,13,2017-12-01 01:55:25,add/drop,Nolan & Vinny,loss,player,Arizona Cardinals,DEF,ARI,,,,2.75,DEF-0001
2017,2267286,13,2017-11-30 20:20:50,add/drop,Richie,gain,player,Chicago Bears,DEF,CHI,,,,1.5,DEF-0006
2017,2267286,13,2017-11-30 20:20:50,add/drop,Richie,loss,player,Martellus Bennett,TE,GB,,,,,00-0026201
2017,2267603,13,2017-11-29 22:23:36,add/drop,LFTLR,gain,player,Aaron Jones,RB,MIN,,,,-8,00-0033293
2017,2267603,13,2017-11-29 22:23:36,add/drop,LFTLR,loss,player,Alfred Blue,RB,FA,,,,-7.3,00-0031075
2017,2267501,13,2017-11-29 15:22:06,add/drop,Team JoeBa,gain,player,Tennessee Titans,DEF,TEN,,,,0.75,DEF-0031
2017,2267501,13,2017-11-29 15:22:06,add/drop,Team JoeBa,loss,player,Austin Hooper,TE,ATL,,,,-4.25,00-0032392
2017,2267361,13,2017-11-29 08:58:12,add/drop,Frank & Julian,gain,player,Jacquizz Rodgers,RB,FA,,,,-11.18,00-0028083
2017,2267361,13,2017-11-29 08:58:12,add/drop,Frank & Julian,loss,player,Ben Watson,TE,BAL,,,,0.85,00-0022943
2017,2267502,13,2017-11-29 08:58:12,add/drop,Team JoeBa,gain,player,Austin Hooper,TE,ATL,,,,-4.25,00-0032392
2017,2267502,13,2017-11-29 08:58:12,add/drop,Team JoeBa,loss,player,C.J. Anderson,RB,DEN,,,,5.25,00-0029854
2017,2267569,13,2017-11-29 08:58:12,add/drop,Antdell & Ernie,gain,player,Denver Broncos,DEF,DEN,,,,2.25,DEF-0010
2017,2267569,13,2017-11-29 08:58:12,add/drop,Antdell & Ernie,loss,player,Kansas City Chiefs,DEF,KC,,,,-0.75,DEF-0016
2017,2267604,13,2017-11-29 08:58:12,add/drop,LFTLR,gain,player,Alfred Blue,RB,FA,,,,-7.3,00-0031075
2017,2267604,13,2017-11-29 08:58:12,add/drop,LFTLR,loss,player,Corey Clement,RB,ARI,,,,-7.18,00-0033725
2017,2267287,12,2017-11-22 23:48:33,add/drop,Richie,gain,player,J.D. McKissic,RB,FA,,,,-7.09,00-0032602
2017,2267287,12,2017-11-22 23:48:33,add/drop,Richie,loss,player,Eric Decker,WR,TEN,,,,-4.16,00-0027690
2017,2267474,12,2017-11-22 23:22:20,add/drop,Rob & GregBo,gain,player,Adam Vinatieri,K,IND,,,,-1.88,00-0016919
2017,2267474,12,2017-11-22 23:22:20,add/drop,Rob & GregBo,loss,player,Connor Barth,K,CHI,,,,,00-0026138
2017,2267384,12,2017-11-22 17:10:32,add/drop,Phil Baldino,gain,player,Carolina Panthers,DEF,CAR,,,,2.19,DEF-0005
2017,2267384,12,2017-11-22 17:10:32,add/drop,Phil Baldino,loss,player,Green Bay Packers,DEF,GB,,,,-3.44,DEF-0012
2017,2267385,12,2017-11-22 17:10:12,add/drop,Phil Baldino,gain,player,Giorgio Tavecchio,K,LV,,,,-6.88,00-0028907
2017,2267385,12,2017-11-22 17:10:12,add/drop,Phil Baldino,loss,player,Josh Lambo,K,FA,,,,1.56,00-0032087
2017,2267362,12,2017-11-22 16:03:37,add/drop,Frank & Julian,gain,player,Ben Watson,TE,BAL,,,,0.59,00-0022943
2017,2267362,12,2017-11-22 16:03:37,add/drop,Frank & Julian,loss,player,Chris Ivory,RB,JAX,,,,-15.03,00-0027531
2017,2267524,12,2017-11-22 11:13:44,add/drop,Chris & Dom,gain,player,Atlanta Falcons,DEF,ATL,,,,-8.13,DEF-0002
2017,2267524,12,2017-11-22 11:13:44,add/drop,Chris & Dom,loss,player,Austin Hooper,TE,ATL,,,,-5.5,00-0032392
2017,2267288,12,2017-11-22 08:33:00,add/drop,Richie,gain,player,Ryan Succop,K,TEN,,,,0.31,00-0026968
2017,2267288,12,2017-11-22 08:33:00,add/drop,Richie,loss,player,Chicago Bears,DEF,CHI,,,,0,DEF-0006
2017,2267305,12,2017-11-22 08:33:00,add/drop,Ronnie,gain,player,Minnesota Vikings,DEF,MIN,,,,0.94,DEF-0021
2017,2267305,12,2017-11-22 08:33:00,add/drop,Ronnie,loss,player,Marlon Mack,RB,IND,,,,-9.47,00-0033951
2017,2267386,12,2017-11-22 08:33:00,add/drop,Phil Baldino,gain,player,Andy Dalton,QB,CIN,,,,-4.39,00-0027973
2017,2267386,12,2017-11-22 08:33:00,add/drop,Phil Baldino,loss,player,Jay Cutler,QB,FA,,,,-4.54,00-0024226
2017,2267409,12,2017-11-22 08:33:00,add/drop,Cambrias,gain,player,Ezekiel Elliott,RB,DAL,,,,-12.88,00-0033045
2017,2267409,12,2017-11-22 08:33:00,add/drop,Cambrias,loss,player,Carolina Panthers,DEF,CAR,,,,2.19,DEF-0005
2017,2267410,12,2017-11-22 08:33:00,add/drop,Cambrias,gain,player,Pittsburgh Steelers,DEF,PIT,,,,-5,DEF-0027
2017,2267410,12,2017-11-22 08:33:00,add/drop,Cambrias,loss,player,Denver Broncos,DEF,DEN,,,,0.31,DEF-0010
2017,2267605,12,2017-11-22 08:33:00,add/drop,LFTLR,gain,player,Corey Clement,RB,ARI,,,,-10.44,00-0033725
2017,2267605,12,2017-11-22 08:33:00,add/drop,LFTLR,loss,player,Chris Thompson,RB,WAS,,,,,00-0030404
2017,2267525,11,2017-11-19 07:32:02,add,Chris & Dom,gain,player,Christian McCaffrey,RB,CAR,,,,1.5,00-0033280
2017,2267526,11,2017-11-19 07:30:46,add,Chris & Dom,gain,player,Isaiah Crowell,RB,CLE,,,,-5.51,00-0030656
2017,2267527,11,2017-11-19 07:30:37,add,Chris & Dom,gain,player,Nelson Agholor,WR,PHI,,,,3.9,00-0031549
2017,2267528,11,2017-11-19 07:30:27,add,Chris & Dom,gain,player,Kirk Cousins,QB,WAS,,,,4.49,00-0029604
2017,2267529,11,2017-11-19 05:31:22,drop,Chris & Dom,loss,player,Nelson Agholor,WR,PHI,,,,3.9,00-0031549
2017,2267530,11,2017-11-19 05:31:13,drop,Chris & Dom,loss,player,Isaiah Crowell,RB,CLE,,,,-5.51,00-0030656
2017,2267531,11,2017-11-19 05:31:04,drop,Chris & Dom,loss,player,Christian McCaffrey,RB,CAR,,,,1.5,00-0033280
2017,2267532,11,2017-11-19 05:30:51,drop,Chris & Dom,loss,player,Kirk Cousins,QB,WAS,,,,4.49,00-0029604
2017,2267363,11,2017-11-17 20:24:57,add/drop,Frank & Julian,gain,player,Chris Ivory,RB,JAX,,,,-20.93,00-0027531
2017,2267363,11,2017-11-17 20:24:57,add/drop,Frank & Julian,loss,player,Allen Hurns,WR,JAX,,,,,00-0030821
2017,2267475,11,2017-11-17 16:34:17,add/drop,Rob & GregBo,gain,player,Dontrelle Inman,WR,FA,,,,-13.99,00-0028411
2017,2267475,11,2017-11-17 16:34:17,add/drop,Rob & GregBo,loss,player,New York Jets,DEF,NYJ,,,,-12.38,DEF-0025
2017,2267387,11,2017-11-16 03:10:48,add/drop,Phil Baldino,gain,player,Josh Lambo,K,FA,,,,1.88,00-0032087
2017,2267387,11,2017-11-16 03:10:48,add/drop,Phil Baldino,loss,player,Chandler Catanzaro,K,NYJ,,,,-6.75,00-0030896
2017,2267388,11,2017-11-16 03:10:29,add/drop,Phil Baldino,gain,player,Jay Cutler,QB,FA,,,,-11.71,00-0024226
2017,2267388,11,2017-11-16 03:10:29,add/drop,Phil Baldino,loss,player,Donte Moncrief,WR,IND,,,,-22.2,00-0031339
2017,2267411,11,2017-11-16 01:08:40,add/drop,Cambrias,gain,player,Aaron Rodgers,QB,GB,,,,-25.6,00-0023459
2017,2267411,11,2017-11-16 01:08:40,add/drop,Cambrias,loss,player,Bilal Powell,RB,NYJ,,,,-4.61,00-0028064
2017,2267533,11,2017-11-15 22:11:11,add/drop,Chris & Dom,gain,player,Los Angeles Chargers,DEF,LAC,,,,12,DEF-0018
2017,2267533,11,2017-11-15 22:11:11,add/drop,Chris & Dom,loss,player,Ezekiel Elliott,RB,DAL,,,,-18.56,00-0033045
2017,2267570,11,2017-11-15 14:15:46,add/drop,Antdell & Ernie,gain,player,Cincinnati Bengals,DEF,CIN,,,,-6.75,DEF-0007
2017,2267570,11,2017-11-15 14:15:46,add/drop,Antdell & Ernie,loss,player,Pittsburgh Steelers,DEF,PIT,,,,-0.75,DEF-0027
2017,2267330,11,2017-11-15 12:40:40,add/drop,Nolan & Vinny,gain,player,Arizona Cardinals,DEF,ARI,,,,4.5,DEF-0001
2017,2267330,11,2017-11-15 12:40:40,add/drop,Nolan & Vinny,loss,player,Minnesota Vikings,DEF,MIN,,,,3.75,DEF-0021
2017,2267571,11,2017-11-15 11:01:40,add/drop,Antdell & Ernie,gain,player,Chris Boswell,K,PIT,,,,9.75,00-0031136
2017,2267571,11,2017-11-15 11:01:40,add/drop,Antdell & Ernie,loss,player,Ryan Succop,K,TEN,,,,0,00-0026968
2017,2267534,11,2017-11-15 10:30:43,add/drop,Chris & Dom,gain,player,Austin Hooper,TE,ATL,,,,-8.4,00-0032392
2017,2267534,11,2017-11-15 10:30:43,add/drop,Chris & Dom,loss,player,Elijah McGuire,RB,FA,,,,-16.13,00-0033295
2017,2267331,11,2017-11-15 10:17:55,add/drop,Nolan & Vinny,gain,player,Austin Ekeler,RB,LAC,,,,-11.14,00-0033699
2017,2267331,11,2017-11-15 10:17:55,add/drop,Nolan & Vinny,loss,player,Eric Ebron,TE,DET,,,,9.98,00-0031387
2017,2267332,11,2017-11-15 10:13:24,add/drop,Nolan & Vinny,gain,player,T.J. Yeldon,RB,FA,,,,-6.3,00-0032209
2017,2267332,11,2017-11-15 10:13:24,add/drop,Nolan & Vinny,loss,player,Thomas Rawls,RB,FA,,,,-23.59,00-0031897
2017,2267289,11,2017-11-15 08:52:30,add/drop,Richie,gain,player,Jake Elliott,K,PHI,,,,-1.13,00-0033787
2017,2267289,11,2017-11-15 08:52:30,add/drop,Richie,loss,player,Chris Boswell,K,PIT,,,,9.75,00-0031136
2017,2267306,11,2017-11-15 08:52:30,add/drop,Ronnie,gain,player,Samaje Perine,RB,DEN,,,,2.4,00-0033526
2017,2267306,11,2017-11-15 08:52:30,add/drop,Ronnie,loss,player,Graham Gano,K,CAR,,,,-3.38,00-0026858
2017,2267307,11,2017-11-15 08:52:30,add/drop,Ronnie,gain,player,Jamaal Williams,RB,GB,,,,14.1,00-0033948
2017,2267307,11,2017-11-15 08:52:30,add/drop,Ronnie,loss,player,Rob Kelley,RB,WAS,,,,,00-0032371
2017,2267333,11,2017-11-15 08:52:30,add,Nolan & Vinny,gain,player,Rex Burkhead,RB,NE,,,,4.5,00-0030288
2017,2267364,11,2017-11-15 08:52:30,add/drop,Frank & Julian,gain,player,Blake Bortles,QB,JAX,,,,12,00-0031407
2017,2267364,11,2017-11-15 08:52:30,add/drop,Frank & Julian,loss,player,Steven Hauschka,K,BUF,,,,-1.88,00-0025944
2017,2267389,11,2017-11-15 08:52:30,add/drop,Phil Baldino,gain,player,Green Bay Packers,DEF,GB,,,,-2.63,DEF-0012
2017,2267389,11,2017-11-15 08:52:30,add/drop,Phil Baldino,loss,player,New York Giants,DEF,NYG,,,,-3.38,DEF-0024
2017,2267390,11,2017-11-15 08:52:30,add/drop,Phil Baldino,gain,player,Rishard Matthews,WR,TEN,,,,-5.63,00-0029580
2017,2267390,11,2017-11-15 08:52:30,add/drop,Phil Baldino,loss,player,Eli Manning,QB,NYG,,,,-14.08,00-0022803
2017,2267334,10,2017-11-13 21:37:44,drop,Nolan & Vinny,loss,player,Aaron Jones,RB,MIN,,,,-25.81,00-0033293
2017,2267391,10,2017-11-12 17:59:22,add/drop,Phil Baldino,gain,player,Case Keenum,QB,HOU,,,,17.41,00-0028986
2017,2267391,10,2017-11-12 17:59:22,add/drop,Phil Baldino,loss,player,Andy Dalton,QB,CIN,,,,-1.12,00-0027973
2017,2267535,10,2017-11-12 16:52:06,add/drop,Chris & Dom,gain,player,Devontae Booker,RB,FA,,,,-12.86,00-0032972
2017,2267535,10,2017-11-12 16:52:06,add/drop,Chris & Dom,loss,player,Ryan Fitzpatrick,QB,FA,,,,-21.93,00-0023682
2017,2267572,10,2017-11-12 16:45:58,add/drop,Antdell & Ernie,gain,player,Kansas City Chiefs,DEF,KC,,,,-5.69,DEF-0016
2017,2267572,10,2017-11-12 16:45:58,add/drop,Antdell & Ernie,loss,player,Rishard Matthews,WR,TEN,,,,-5.08,00-0029580
2017,2267308,10,2017-11-12 16:44:52,add/drop,Ronnie,gain,player,Jamison Crowder,WR,WAS,,,,11.38,00-0031941
2017,2267308,10,2017-11-12 16:44:52,add/drop,Ronnie,loss,player,Houston Texans,DEF,HOU,,,,-16.19,DEF-0013
2017,2267536,10,2017-11-10 18:34:14,add/drop,Chris & Dom,gain,player,Elijah McGuire,RB,FA,,,,-19.47,00-0033295
2017,2267536,10,2017-11-10 18:34:14,add/drop,Chris & Dom,loss,player,Tyler Lockett,WR,SEA,,,,-14.09,00-0032211
2017,2267290,10,2017-11-10 00:36:37,add,Richie,gain,player,Martellus Bennett,TE,GB,,,,-18.29,00-0026201
2017,2267445,10,2017-11-09 21:51:36,add/drop,Pung & Tralie,gain,player,Rod Smith,RB,FA,,,,2.01,00-0031900
2017,2267445,10,2017-11-09 21:51:36,add/drop,Pung & Tralie,loss,player,Jamison Crowder,WR,WAS,,,,11.38,00-0031941
2017,2267446,10,2017-11-09 17:50:46,add/drop,Pung & Tralie,gain,player,Ty Montgomery,RB,GB,,,,-27.04,00-0032200
2017,2267446,10,2017-11-09 17:50:46,add/drop,Pung & Tralie,loss,player,Rod Smith,RB,FA,,,,2.01,00-0031900
2017,2267392,10,2017-11-09 17:36:50,add/drop,Phil Baldino,gain,player,Chandler Catanzaro,K,NYJ,,,,-9.19,00-0030896
2017,2267392,10,2017-11-09 17:36:50,add/drop,Phil Baldino,loss,player,Josh Lambo,K,FA,,,,1.31,00-0032087
2017,2267393,10,2017-11-09 17:36:16,add/drop,Phil Baldino,gain,player,New York Giants,DEF,NYG,,,,-5.25,DEF-0024
2017,2267393,10,2017-11-09 17:36:16,add/drop,Phil Baldino,loss,player,Arizona Cardinals,DEF,ARI,,,,4.81,DEF-0001
2017,2267291,10,2017-11-09 17:07:14,trade,Richie,gain,player,Todd Gurley,RB,LAR,,,,52.19,00-0032241
2017,2267291,10,2017-11-09 17:07:14,trade,Richie,gain,player,Eric Decker,WR,TEN,,,,-9.76,00-0027690
2017,2267291,10,2017-11-09 17:07:14,trade,Richie,loss,player,Jordy Nelson,WR,GB,,,,-17.37,00-0026176
2017,2267291,10,2017-11-09 17:07:14,trade,Richie,loss,player,Stefon Diggs,WR,MIN,,,,4.59,00-0031588
2017,2267291,10,2017-11-09 17:07:14,trade,Richie,loss,player,Lamar Miller,RB,HOU,,,,-1.27,00-0029615
2017,2267394,10,2017-11-09 17:07:14,drop,Phil Baldino,loss,player,Blake Bortles,QB,JAX,,,,19.58,00-0031407
2017,2267395,10,2017-11-09 17:07:14,trade,Phil Baldino,loss,player,Todd Gurley,RB,LAR,,,,52.19,00-0032241
2017,2267395,10,2017-11-09 17:07:14,trade,Phil Baldino,loss,player,Eric Decker,WR,TEN,,,,-9.76,00-0027690
2017,2267395,10,2017-11-09 17:07:14,trade,Phil Baldino,gain,player,Jordy Nelson,WR,GB,,,,-17.37,00-0026176
2017,2267395,10,2017-11-09 17:07:14,trade,Phil Baldino,gain,player,Stefon Diggs,WR,MIN,,,,4.59,00-0031588
2017,2267395,10,2017-11-09 17:07:14,trade,Phil Baldino,gain,player,Lamar Miller,RB,HOU,,,,-1.27,00-0029615
2017,2267476,10,2017-11-09 16:16:15,add/drop,Rob & GregBo,gain,player,New York Jets,DEF,NYJ,,,,-15.31,DEF-0025
2017,2267476,10,2017-11-09 16:16:15,add/drop,Rob & GregBo,loss,player,Corey Clement,RB,ARI,,,,-17.5,00-0033725
2017,2267365,10,2017-11-09 12:39:53,add/drop,Frank & Julian,gain,player,Terrance Williams,WR,DAL,,,,-15.27,00-0030542
2017,2267365,10,2017-11-09 12:39:53,add/drop,Frank & Julian,loss,player,Eddie Lacy,RB,SEA,,,,-29.31,00-0030485
2017,2267412,10,2017-11-09 10:59:56,add,Cambrias,gain,player,Bilal Powell,RB,NYJ,,,,-9.19,00-0028064
2017,2267366,10,2017-11-09 04:33:17,add/drop,Frank & Julian,gain,player,Steven Hauschka,K,BUF,,,,-3.94,00-0025944
2017,2267366,10,2017-11-09 04:33:17,add/drop,Frank & Julian,loss,player,Blair Walsh,K,SEA,,,,-5.25,00-0029576
2017,2267477,10,2017-11-09 01:01:43,add/drop,Rob & GregBo,gain,player,Connor Barth,K,CHI,,,,-16.19,00-0026138
2017,2267477,10,2017-11-09 01:01:43,add/drop,Rob & GregBo,loss,player,Mason Crosby,K,GB,,,,-9.19,00-0025580
2017,2267478,10,2017-11-08 23:45:58,add/drop,Rob & GregBo,gain,player,Mason Crosby,K,GB,,,,-9.19,00-0025580
2017,2267478,10,2017-11-08 23:45:58,add/drop,Rob & GregBo,loss,player,Nick Rose,K,WAS,,,,-9.63,00-0032584
2017,2267479,10,2017-11-08 23:43:21,add/drop,Rob & GregBo,gain,player,Nick Rose,K,WAS,,,,-9.63,00-0032584
2017,2267479,10,2017-11-08 23:43:21,add/drop,Rob & GregBo,loss,player,Jake Elliott,K,PHI,,,,-4.81,00-0033787
2017,2267309,10,2017-11-08 22:34:06,trade,Ronnie,loss,player,Jeremy Maclin,WR,BAL,,,,-22.36,00-0026995
2017,2267309,10,2017-11-08 22:34:06,trade,Ronnie,gain,player,Kenyan Drake,RB,GB,,,,13.61,00-0033118
2017,2267413,10,2017-11-08 22:34:06,trade,Cambrias,gain,player,Jeremy Maclin,WR,BAL,,,,-22.36,00-0026995
2017,2267413,10,2017-11-08 22:34:06,trade,Cambrias,loss,player,Kenyan Drake,RB,GB,,,,13.61,00-0033118
2017,2267414,10,2017-11-08 22:31:51,trade,Cambrias,loss,player,T.Y. Hilton,WR,IND,,,,-11.42,00-0029608
2017,2267414,10,2017-11-08 22:31:51,trade,Cambrias,loss,player,Austin Seferian-Jenkins,TE,FA,,,,-9.84,00-0031418
2017,2267414,10,2017-11-08 22:31:51,trade,Cambrias,gain,player,Michael Crabtree,WR,LV,,,,-11.42,00-0026986
2017,2267503,10,2017-11-08 22:31:51,drop,Team JoeBa,loss,player,O.J. Howard,TE,FA,,,,-2.01,00-0033879
2017,2267504,10,2017-11-08 22:31:51,trade,Team JoeBa,gain,player,T.Y. Hilton,WR,IND,,,,-11.42,00-0029608
2017,2267504,10,2017-11-08 22:31:51,trade,Team JoeBa,gain,player,Austin Seferian-Jenkins,TE,FA,,,,-9.84,00-0031418
2017,2267504,10,2017-11-08 22:31:51,trade,Team JoeBa,loss,player,Michael Crabtree,WR,LV,,,,-11.42,00-0026986
2017,2267447,10,2017-11-08 17:27:04,add/drop,Pung & Tralie,gain,player,Corey Coleman,WR,CLE,,,,-14.26,00-0032966
2017,2267447,10,2017-11-08 17:27:04,add/drop,Pung & Tralie,loss,player,Randall Cobb,WR,GB,,,,-3.06,00-0028002
2017,2267292,10,2017-11-08 16:53:26,add/drop,Richie,gain,player,Chris Boswell,K,PIT,,,,10.94,00-0031136
2017,2267292,10,2017-11-08 16:53:26,add/drop,Richie,loss,player,Steven Hauschka,K,BUF,,,,-3.94,00-0025944
2017,2267293,10,2017-11-08 16:26:47,add/drop,Richie,gain,player,Chicago Bears,DEF,CHI,,,,0.44,DEF-0006
2017,2267293,10,2017-11-08 16:26:47,add/drop,Richie,loss,player,Austin Hooper,TE,ATL,,,,-4.42,00-0032392
2017,2267573,10,2017-11-08 14:35:38,add/drop,Antdell & Ernie,gain,player,Rishard Matthews,WR,TEN,,,,-5.08,00-0029580
2017,2267573,10,2017-11-08 14:35:38,add/drop,Antdell & Ernie,loss,player,Kansas City Chiefs,DEF,KC,,,,-5.69,DEF-0016
2017,2267310,10,2017-11-08 13:37:00,add,Ronnie,gain,player,New England Patriots,DEF,NE,,,,4.81,DEF-0022
2017,2267480,10,2017-11-08 10:47:59,add/drop,Rob & GregBo,gain,player,Corey Clement,RB,ARI,,,,-17.5,00-0033725
2017,2267480,10,2017-11-08 10:47:59,add/drop,Rob & GregBo,loss,player,Wendell Smallwood,RB,PHI,,,,,00-0032782
2017,2267415,10,2017-11-08 10:47:12,add/drop,Cambrias,gain,player,Carolina Panthers,DEF,CAR,,,,0.88,DEF-0005
2017,2267415,10,2017-11-08 10:47:12,add/drop,Cambrias,loss,player,Las Vegas Raiders,DEF,LV,,,,-4.81,DEF-0017
2017,2267311,10,2017-11-08 09:15:22,add/drop,Ronnie,gain,player,Rob Kelley,RB,WAS,,,,-32.03,00-0032371
2017,2267311,10,2017-11-08 09:15:22,add/drop,Ronnie,loss,player,Carolina Panthers,DEF,CAR,,,,0.88,DEF-0005
2017,2267335,10,2017-11-08 09:15:22,add,Nolan & Vinny,gain,player,Kai Forbath,K,MIN,,,,0.44,00-0028787
2017,2267336,10,2017-11-08 09:15:22,add,Nolan & Vinny,gain,player,Minnesota Vikings,DEF,MIN,,,,2.63,DEF-0021
2017,2267337,10,2017-11-08 09:15:22,add/drop,Nolan & Vinny,gain,player,Eric Ebron,TE,DET,,,,14.83,00-0031387
2017,2267337,10,2017-11-08 09:15:22,add/drop,Nolan & Vinny,loss,player,Trey Burton,TE,FA,,,,-4.07,00-0030710
2017,2267338,10,2017-11-08 09:15:22,add/drop,Nolan & Vinny,gain,player,Thomas Rawls,RB,FA,,,,-29.88,00-0031897
2017,2267338,10,2017-11-08 09:15:22,add/drop,Nolan & Vinny,loss,player,Ty Montgomery,RB,GB,,,,-27.04,00-0032200
2017,2267448,10,2017-11-08 09:15:22,add/drop,Pung & Tralie,gain,player,Jamison Crowder,WR,WAS,,,,11.38,00-0031941
2017,2267448,10,2017-11-08 09:15:22,add/drop,Pung & Tralie,loss,player,T.J. Yeldon,RB,FA,,,,-7.48,00-0032209
2017,2267481,10,2017-11-08 09:15:22,add/drop,Rob & GregBo,gain,player,Charles Clay,TE,BUF,,,,-2.84,00-0028112
2017,2267481,10,2017-11-08 09:15:22,add/drop,Rob & GregBo,loss,player,Martellus Bennett,TE,GB,,,,-18.29,00-0026201
2017,2267505,10,2017-11-08 09:15:22,add/drop,Team JoeBa,gain,player,O.J. Howard,TE,FA,,,,-2.01,00-0033879
2017,2267505,10,2017-11-08 09:15:22,add/drop,Team JoeBa,loss,player,Rishard Matthews,WR,TEN,,,,-5.08,00-0029580
2017,2267537,10,2017-11-08 09:15:22,add/drop,Chris & Dom,gain,player,Ryan Fitzpatrick,QB,FA,,,,-21.93,00-0023682
2017,2267537,10,2017-11-08 09:15:22,add/drop,Chris & Dom,loss,player,Mike Nugent,K,FA,,,,-12.25,00-0023482
2017,2267312,10,2017-11-07 17:24:30,drop,Ronnie,loss,player,Jameis Winston,QB,CLE,,,,-9.49,00-0031503
2017,2267313,10,2017-11-07 02:14:10,trade,Ronnie,loss,player,Keenan Allen,WR,LAC,,,,31.5,00-0030279
2017,2267313,10,2017-11-07 02:14:10,trade,Ronnie,loss,player,Jermaine Kearse,WR,NYJ,,,,-2.19,00-0029159
2017,2267313,10,2017-11-07 02:14:10,trade,Ronnie,loss,player,James White,RB,NE,,,,-17.54,00-0031062
2017,2267313,10,2017-11-07 02:14:10,trade,Ronnie,gain,player,Houston Texans,DEF,HOU,,,,-16.19,DEF-0013
2017,2267313,10,2017-11-07 02:14:10,trade,Ronnie,gain,player,Harrison Butker,K,KC,,,,6.13,00-0033303
2017,2267313,10,2017-11-07 02:14:10,trade,Ronnie,gain,player,Tom Brady,QB,NE,,,,10.55,00-0019596
2017,2267367,10,2017-11-07 02:14:10,trade,Frank & Julian,gain,player,Keenan Allen,WR,LAC,,,,31.5,00-0030279
2017,2267367,10,2017-11-07 02:14:10,trade,Frank & Julian,gain,player,Jermaine Kearse,WR,NYJ,,,,-2.19,00-0029159
2017,2267367,10,2017-11-07 02:14:10,trade,Frank & Julian,gain,player,James White,RB,NE,,,,-17.54,00-0031062
2017,2267367,10,2017-11-07 02:14:10,trade,Frank & Julian,loss,player,Houston Texans,DEF,HOU,,,,-16.19,DEF-0013
2017,2267367,10,2017-11-07 02:14:10,trade,Frank & Julian,loss,player,Harrison Butker,K,KC,,,,6.13,00-0033303
2017,2267367,10,2017-11-07 02:14:10,trade,Frank & Julian,loss,player,Tom Brady,QB,NE,,,,10.55,00-0019596
2017,2267339,9,2017-11-06 14:30:39,drop,Nolan & Vinny,loss,player,Ka'imi Fairbairn,K,HOU,,,,-13,00-0032726
2017,2267340,9,2017-11-06 14:23:36,drop,Nolan & Vinny,loss,player,Buffalo Bills,DEF,BUF,,,,-14,DEF-0004
2017,2267449,9,2017-11-05 17:02:22,add/drop,Pung & Tralie,gain,player,T.J. Yeldon,RB,FA,,,,-8.85,00-0032209
2017,2267449,9,2017-11-05 17:02:22,add/drop,Pung & Tralie,loss,player,Chris Ivory,RB,JAX,,,,-29.45,00-0027531
2017,2267450,9,2017-11-05 17:01:27,add/drop,Pung & Tralie,gain,player,Chris Ivory,RB,JAX,,,,-29.45,00-0027531
2017,2267450,9,2017-11-05 17:01:27,add/drop,Pung & Tralie,loss,player,Darren McFadden,RB,FA,,,,-41.3,00-0026144
2017,2267341,9,2017-11-05 16:41:44,add,Nolan & Vinny,gain,player,Trey Burton,TE,FA,,,,-3,00-0030710
2017,2267538,9,2017-11-05 00:28:55,add/drop,Chris & Dom,gain,player,Mike Nugent,K,FA,,,,-14.5,00-0023482
2017,2267538,9,2017-11-05 00:28:55,add/drop,Chris & Dom,loss,player,DeAndre Washington,RB,LV,,,,-26.6,00-0032940
2017,2267539,9,2017-11-04 13:00:56,add/drop,Chris & Dom,gain,player,DeAndre Washington,RB,LV,,,,-26.6,00-0032940
2017,2267539,9,2017-11-04 13:00:56,add/drop,Chris & Dom,loss,player,Jamison Crowder,WR,WAS,,,,6.73,00-0031941
2017,2267416,9,2017-11-04 12:12:23,add,Cambrias,gain,player,Las Vegas Raiders,DEF,LV,,,,-7.5,DEF-0017
2017,2267342,9,2017-11-04 02:36:07,add,Nolan & Vinny,gain,player,Ty Montgomery,RB,GB,,,,-30.75,00-0032200
2017,2267574,9,2017-11-03 23:12:40,add/drop,Antdell & Ernie,gain,player,Pittsburgh Steelers,DEF,PIT,,,,-4.5,DEF-0027
2017,2267574,9,2017-11-03 23:12:40,add/drop,Antdell & Ernie,loss,player,Ty Montgomery,RB,GB,,,,-30.75,00-0032200
2017,2267417,9,2017-11-03 23:07:15,trade,Cambrias,loss,player,Vernon Davis,TE,WAS,,,,1.85,00-0024221
2017,2267417,9,2017-11-03 23:07:15,trade,Cambrias,loss,player,Kansas City Chiefs,DEF,KC,,,,-10,DEF-0016
2017,2267417,9,2017-11-03 23:07:15,trade,Cambrias,gain,player,Denver Broncos,DEF,DEN,,,,-3,DEF-0010
2017,2267575,9,2017-11-03 23:07:15,drop,Antdell & Ernie,loss,player,Bilal Powell,RB,NYJ,,,,-9.7,00-0028064
2017,2267576,9,2017-11-03 23:07:15,trade,Antdell & Ernie,gain,player,Vernon Davis,TE,WAS,,,,1.85,00-0024221
2017,2267576,9,2017-11-03 23:07:15,trade,Antdell & Ernie,gain,player,Kansas City Chiefs,DEF,KC,,,,-10,DEF-0016
2017,2267576,9,2017-11-03 23:07:15,trade,Antdell & Ernie,loss,player,Denver Broncos,DEF,DEN,,,,-3,DEF-0010
2017,2267314,9,2017-11-03 17:41:31,add,Ronnie,gain,player,Josh McCown,QB,NYJ,,,,-15.39,00-0021206
2017,2267540,9,2017-11-03 14:34:46,add,Chris & Dom,gain,player,Tyler Lockett,WR,SEA,,,,-20.87,00-0032211
2017,2267315,9,2017-11-03 12:14:53,drop,Ronnie,loss,player,Deshaun Watson,QB,HOU,,,,,00-0033537
2017,2267368,9,2017-11-03 11:44:21,add,Frank & Julian,gain,player,Harrison Butker,K,KC,,,,7,00-0033303
2017,2267369,9,2017-11-03 11:44:06,add,Frank & Julian,gain,player,Blair Walsh,K,SEA,,,,-8.5,00-0029576
2017,2267370,9,2017-11-03 05:56:34,add,Frank & Julian,gain,player,Eddie Lacy,RB,SEA,,,,-34.2,00-0030485
2017,2267371,9,2017-11-03 05:49:28,drop,Frank & Julian,loss,player,Pierre Garcon,WR,SF,,,,,00-0026345
2017,2267606,9,2017-11-03 04:57:23,add/drop,LFTLR,gain,player,New Orleans Saints,DEF,NO,,,,3,DEF-0023
2017,2267606,9,2017-11-03 04:57:23,add/drop,LFTLR,loss,player,Martavis Bryant,WR,PIT,,,,-9.62,00-0031373
2017,2267506,9,2017-11-03 03:28:08,add/drop,Team JoeBa,gain,player,Ted Ginn Jr.,WR,NO,,,,-8.92,00-0025396
2017,2267506,9,2017-11-03 03:28:08,add/drop,Team JoeBa,loss,player,George Kittle,TE,SF,,,,-12.2,00-0033288
2017,2267372,9,2017-11-03 02:59:06,trade,Frank & Julian,gain,player,Devin Funchess,TE,CAR,,,,16.8,00-0032055
2017,2267372,9,2017-11-03 02:59:06,trade,Frank & Julian,gain,player,Tom Brady,QB,NE,,,,1.46,00-0019596
2017,2267372,9,2017-11-03 02:59:06,trade,Frank & Julian,loss,player,Martavis Bryant,WR,PIT,,,,-9.62,00-0031373
2017,2267372,9,2017-11-03 02:59:06,trade,Frank & Julian,loss,player,Ben Roethlisberger,QB,PIT,,,,22.22,00-0022924
2017,2267372,9,2017-11-03 02:59:06,trade,Frank & Julian,loss,player,Delanie Walker,TE,TEN,,,,19.75,00-0024389
2017,2267372,9,2017-11-03 02:59:06,trade,Frank & Julian,loss,player,Tyreek Hill,WR,KC,,,,19.03,00-0033040
2017,2267607,9,2017-11-03 02:59:06,drop,LFTLR,loss,player,Jay Cutler,QB,FA,,,,-8.56,00-0024226
2017,2267608,9,2017-11-03 02:59:06,drop,LFTLR,loss,player,Ed Dickson,TE,CAR,,,,-21.65,00-0027675
2017,2267609,9,2017-11-03 02:59:06,trade,LFTLR,loss,player,Devin Funchess,TE,CAR,,,,16.8,00-0032055
2017,2267609,9,2017-11-03 02:59:06,trade,LFTLR,loss,player,Tom Brady,QB,NE,,,,1.46,00-0019596
2017,2267609,9,2017-11-03 02:59:06,trade,LFTLR,gain,player,Martavis Bryant,WR,PIT,,,,-9.62,00-0031373
2017,2267609,9,2017-11-03 02:59:06,trade,LFTLR,gain,player,Ben Roethlisberger,QB,PIT,,,,22.22,00-0022924
2017,2267609,9,2017-11-03 02:59:06,trade,LFTLR,gain,player,Delanie Walker,TE,TEN,,,,19.75,00-0024389
2017,2267609,9,2017-11-03 02:59:06,trade,LFTLR,gain,player,Tyreek Hill,WR,KC,,,,19.03,00-0033040
2017,2267343,9,2017-11-03 02:58:32,trade,Nolan & Vinny,loss,player,Ty Montgomery,RB,GB,,,,-30.75,00-0032200
2017,2267343,9,2017-11-03 02:58:32,trade,Nolan & Vinny,loss,player,Emmanuel Sanders,WR,DEN,,,,-19.37,00-0027685
2017,2267343,9,2017-11-03 02:58:32,trade,Nolan & Vinny,gain,player,Jared Goff,QB,LAR,,,,17.54,00-0033106
2017,2267577,9,2017-11-03 02:58:32,drop,Antdell & Ernie,loss,player,Charles Clay,TE,BUF,,,,-7.65,00-0028112
2017,2267578,9,2017-11-03 02:58:32,trade,Antdell & Ernie,gain,player,Ty Montgomery,RB,GB,,,,-30.75,00-0032200
2017,2267578,9,2017-11-03 02:58:32,trade,Antdell & Ernie,gain,player,Emmanuel Sanders,WR,DEN,,,,-19.37,00-0027685
2017,2267578,9,2017-11-03 02:58:32,trade,Antdell & Ernie,loss,player,Jared Goff,QB,LAR,,,,17.54,00-0033106
2017,2267344,9,2017-11-03 00:36:16,add,Nolan & Vinny,gain,player,Corey Davis,WR,TEN,,,,-16.22,00-0033871
2017,2267610,9,2017-11-03 00:07:58,add/drop,LFTLR,gain,player,Ed Dickson,TE,CAR,,,,-21.65,00-0027675
2017,2267610,9,2017-11-03 00:07:58,add/drop,LFTLR,loss,player,Corey Davis,WR,TEN,,,,-16.22,00-0033871
2017,2267345,9,2017-11-03 00:00:57,trade,Nolan & Vinny,gain,player,Zach Ertz,TE,PHI,,,,3.15,00-0030061
2017,2267345,9,2017-11-03 00:00:57,trade,Nolan & Vinny,loss,player,Duke Johnson,RB,CLE,,,,5.1,00-0032257
2017,2267345,9,2017-11-03 00:00:57,trade,Nolan & Vinny,loss,player,Amari Cooper,WR,LV,,,,-22.27,00-0031544
2017,2267345,9,2017-11-03 00:00:57,trade,Nolan & Vinny,loss,player,Alex Smith,QB,KC,,,,4.81,00-0023436
2017,2267611,9,2017-11-03 00:00:57,drop,LFTLR,loss,player,Minnesota Vikings,DEF,MIN,,,,-0.5,DEF-0021
2017,2267612,9,2017-11-03 00:00:57,drop,LFTLR,loss,player,Travis Benjamin,WR,LAC,,,,-28.42,00-0029269
2017,2267613,9,2017-11-03 00:00:57,trade,LFTLR,loss,player,Zach Ertz,TE,PHI,,,,3.15,00-0030061
2017,2267613,9,2017-11-03 00:00:57,trade,LFTLR,gain,player,Duke Johnson,RB,CLE,,,,5.1,00-0032257
2017,2267613,9,2017-11-03 00:00:57,trade,LFTLR,gain,player,Amari Cooper,WR,LV,,,,-22.27,00-0031544
2017,2267613,9,2017-11-03 00:00:57,trade,LFTLR,gain,player,Alex Smith,QB,KC,,,,4.81,00-0023436
2017,2267614,9,2017-11-02 20:56:07,add/drop,LFTLR,gain,player,Jay Cutler,QB,FA,,,,-8.56,00-0024226
2017,2267614,9,2017-11-02 20:56:07,add/drop,LFTLR,loss,player,Adam Vinatieri,K,IND,,,,-5,00-0016919
2017,2267451,9,2017-11-02 20:54:15,add/drop,Pung & Tralie,gain,player,Rod Smith,RB,FA,,,,-0.6,00-0031900
2017,2267451,9,2017-11-02 20:54:15,add/drop,Pung & Tralie,loss,player,Chris Ivory,RB,JAX,,,,-29.45,00-0027531
2017,2267316,9,2017-11-01 22:53:09,add/drop,Ronnie,gain,player,Cole Beasley,WR,DAL,,,,-21.17,00-0029000
2017,2267316,9,2017-11-01 22:53:09,add/drop,Ronnie,loss,player,Dan Bailey,K,DAL,,,,-11,00-0028660
2017,2267452,9,2017-11-01 18:14:18,add/drop,Pung & Tralie,gain,player,Marqise Lee,WR,JAX,,,,-1.87,00-0031431
2017,2267452,9,2017-11-01 18:14:18,add/drop,Pung & Tralie,loss,player,Willie Snead,WR,MIA,,,,-37.27,00-0030663
2017,2267482,9,2017-11-01 17:15:32,add/drop,Rob & GregBo,gain,player,Curtis Samuel,WR,BUF,,,,-36.72,00-0033282
2017,2267482,9,2017-11-01 17:15:32,add/drop,Rob & GregBo,loss,player,Tyrell Williams,WR,LAC,,,,-12.87,00-0032160
2017,2267615,9,2017-11-01 16:10:49,add/drop,LFTLR,gain,player,Travis Benjamin,WR,LAC,,,,-28.42,00-0029269
2017,2267615,9,2017-11-01 16:10:49,add/drop,LFTLR,loss,player,O.J. Howard,TE,FA,,,,-6.9,00-0033879
2017,2267294,9,2017-11-01 15:55:47,add/drop,Richie,gain,player,Austin Hooper,TE,ATL,,,,-6.15,00-0032392
2017,2267294,9,2017-11-01 15:55:47,add/drop,Richie,loss,player,Cole Beasley,WR,DAL,,,,-21.17,00-0029000
2017,2267483,9,2017-11-01 15:47:46,add/drop,Rob & GregBo,gain,player,Dede Westbrook,WR,FA,,,,-12.32,00-0033839
2017,2267483,9,2017-11-01 15:47:46,add/drop,Rob & GregBo,loss,player,Adam Humphries,WR,FA,,,,-17.42,00-0032009
2017,2267346,9,2017-11-01 07:43:18,add/drop,Nolan & Vinny,gain,player,Ka'imi Fairbairn,K,HOU,,,,-13,00-0032726
2017,2267346,9,2017-11-01 07:43:18,add/drop,Nolan & Vinny,loss,player,Kai Forbath,K,MIN,,,,-2,00-0028787
2017,2267347,9,2017-11-01 07:43:18,add/drop,Nolan & Vinny,gain,player,Buffalo Bills,DEF,BUF,,,,-14,DEF-0004
2017,2267347,9,2017-11-01 07:43:18,add/drop,Nolan & Vinny,loss,player,New Orleans Saints,DEF,NO,,,,3,DEF-0023
2017,2267396,9,2017-11-01 07:43:18,add/drop,Phil Baldino,gain,player,Arizona Cardinals,DEF,ARI,,,,8.5,DEF-0001
2017,2267396,9,2017-11-01 07:43:18,add/drop,Phil Baldino,loss,player,Pittsburgh Steelers,DEF,PIT,,,,-4.5,DEF-0027
2017,2267397,9,2017-11-01 07:43:18,add/drop,Phil Baldino,gain,player,Josh Lambo,K,FA,,,,5.5,00-0032087
2017,2267397,9,2017-11-01 07:43:18,add/drop,Phil Baldino,loss,player,Chris Boswell,K,PIT,,,,10,00-0031136
2017,2267398,9,2017-11-01 07:43:18,add/drop,Phil Baldino,gain,player,Blake Bortles,QB,JAX,,,,19.96,00-0031407
2017,2267398,9,2017-11-01 07:43:18,add/drop,Phil Baldino,loss,player,DeAndre Washington,RB,LV,,,,-26.6,00-0032940
2017,2267418,9,2017-11-01 07:43:18,add/drop,Cambrias,gain,player,Josh Gordon,WR,FA,,,,-23.82,00-0029664
2017,2267418,9,2017-11-01 07:43:18,add/drop,Cambrias,loss,player,Andre Ellington,RB,ARI,,,,-26.8,00-0030287
2017,2267541,9,2017-11-01 07:43:18,add/drop,Chris & Dom,gain,player,Jamison Crowder,WR,WAS,,,,6.73,00-0031941
2017,2267541,9,2017-11-01 07:43:18,add/drop,Chris & Dom,loss,player,Terrelle Pryor,WR,WAS,,,,-42.97,00-0028825
2017,2267579,9,2017-11-01 07:43:18,add/drop,Antdell & Ernie,gain,player,Charles Clay,TE,BUF,,,,-7.65,00-0028112
2017,2267579,9,2017-11-01 07:43:18,add/drop,Antdell & Ernie,loss,player,Jaron Brown,WR,FA,,,,-26.77,00-0030300
2017,2267580,9,2017-11-01 07:43:18,add/drop,Antdell & Ernie,gain,player,Jared Goff,QB,LAR,,,,17.54,00-0033106
2017,2267580,9,2017-11-01 07:43:18,add/drop,Antdell & Ernie,loss,player,Harrison Butker,K,KC,,,,7,00-0033303
2017,2267616,9,2017-11-01 07:43:18,add/drop,LFTLR,gain,player,Corey Davis,WR,TEN,,,,-16.22,00-0033871
2017,2267616,9,2017-11-01 07:43:18,add/drop,LFTLR,loss,player,Mike Gillislee,RB,NE,,,,-35.55,00-0030433
2017,2267419,9,2017-11-01 07:43:17,add/drop,Cambrias,gain,player,Vernon Davis,TE,WAS,,,,1.85,00-0024221
2017,2267419,9,2017-11-01 07:43:17,add/drop,Cambrias,loss,player,Marqise Lee,WR,JAX,,,,-1.87,00-0031431
2017,2267420,9,2017-11-01 07:43:17,add/drop,Cambrias,gain,player,Kenyan Drake,RB,GB,,,,20.85,00-0033118
2017,2267420,9,2017-11-01 07:43:17,add/drop,Cambrias,loss,player,Blair Walsh,K,SEA,,,,-8.5,00-0029576
2017,2267453,9,2017-11-01 07:43:17,add/drop,Pung & Tralie,gain,player,Damien Williams,RB,ARI,,,,-19.5,00-0030874
2017,2267453,9,2017-11-01 07:43:17,add/drop,Pung & Tralie,loss,player,C.J. Prosise,RB,SEA,,,,-41.05,00-0032393
2017,2267454,9,2017-11-01 07:43:17,add/drop,Pung & Tralie,gain,player,Darren McFadden,RB,FA,,,,-41.3,00-0026144
2017,2267454,9,2017-11-01 07:43:17,add/drop,Pung & Tralie,loss,player,Jalen Richard,RB,LV,,,,-27.8,00-0033025
2017,2267542,9,2017-11-01 07:43:17,add/drop,Chris & Dom,gain,player,Mohamed Sanu,WR,ATL,,,,0,00-0029632
2017,2267542,9,2017-11-01 07:43:17,add/drop,Chris & Dom,loss,player,Ted Ginn Jr.,WR,NO,,,,-8.92,00-0025396
2017,2267543,9,2017-11-01 07:43:17,add/drop,Chris & Dom,gain,player,Danny Woodhead,RB,BAL,,,,-18.2,00-0026019
2017,2267543,9,2017-11-01 07:43:17,add/drop,Chris & Dom,loss,player,Cincinnati Bengals,DEF,CIN,,,,-11.5,DEF-0007
2017,2267421,8,2017-10-27 10:17:00,add/drop,Cambrias,gain,player,Alex Collins,RB,FA,,,,14.4,00-0032426
2017,2267421,8,2017-10-27 10:17:00,add/drop,Cambrias,loss,player,Kenny Golladay,WR,DET,,,,-27.9,00-0033932
2017,2267348,8,2017-10-26 06:10:11,add/drop,Nolan & Vinny,gain,player,JuJu Smith-Schuster,WR,CLE,,,,2.98,00-0033857
2017,2267348,8,2017-10-26 06:10:11,add/drop,Nolan & Vinny,loss,player,Mason Crosby,K,GB,,,,-15.75,00-0025580
2017,2267455,8,2017-10-25 19:29:19,add/drop,Pung & Tralie,gain,player,Jalen Richard,RB,LV,,,,-32.57,00-0033025
2017,2267455,8,2017-10-25 19:29:19,add/drop,Pung & Tralie,loss,player,Rob Kelley,RB,WAS,,,,-39.49,00-0032371
2017,2267456,8,2017-10-25 15:41:10,add/drop,Pung & Tralie,gain,player,Detroit Lions,DEF,DET,,,,1.13,DEF-0011
2017,2267456,8,2017-10-25 15:41:10,add/drop,Pung & Tralie,loss,player,Tennessee Titans,DEF,TEN,,,,-1.69,DEF-0031
2017,2267399,8,2017-10-25 15:05:21,add/drop,Phil Baldino,gain,player,Andy Dalton,QB,CIN,,,,-9.47,00-0027973
2017,2267399,8,2017-10-25 15:05:21,add/drop,Phil Baldino,loss,player,Trevor Siemian,QB,DEN,,,,-51.58,00-0032156
2017,2267400,8,2017-10-25 15:04:33,add/drop,Phil Baldino,gain,player,DeAndre Washington,RB,LV,,,,-25.48,00-0032940
2017,2267400,8,2017-10-25 15:04:33,add/drop,Phil Baldino,loss,player,Austin Hooper,TE,ATL,,,,-1.91,00-0032392
2017,2267422,8,2017-10-25 11:10:26,add/drop,Cambrias,gain,player,Blair Walsh,K,SEA,,,,-7.31,00-0029576
2017,2267422,8,2017-10-25 11:10:26,add/drop,Cambrias,loss,player,Buffalo Bills,DEF,BUF,,,,-9,DEF-0004
2017,2267423,8,2017-10-25 11:09:48,add/drop,Cambrias,gain,player,Kansas City Chiefs,DEF,KC,,,,-1.69,DEF-0016
2017,2267423,8,2017-10-25 11:09:48,add/drop,Cambrias,loss,player,Atlanta Falcons,DEF,ATL,,,,-1.69,DEF-0002
2017,2267317,8,2017-10-25 07:55:34,add/drop,Ronnie,gain,player,Graham Gano,K,CAR,,,,-2.81,00-0026858
2017,2267317,8,2017-10-25 07:55:34,add/drop,Ronnie,loss,player,Jared Goff,QB,LAR,,,,10.09,00-0033106
2017,2267318,8,2017-10-25 07:55:34,add/drop,Ronnie,gain,player,Jermaine Kearse,WR,NYJ,,,,-9.96,00-0029159
2017,2267318,8,2017-10-25 07:55:34,add/drop,Ronnie,loss,player,Corey Davis,WR,TEN,,,,-23.51,00-0033871
2017,2267349,8,2017-10-25 07:55:34,add/drop,Nolan & Vinny,gain,player,New Orleans Saints,DEF,NO,,,,6.19,DEF-0023
2017,2267349,8,2017-10-25 07:55:34,add/drop,Nolan & Vinny,loss,player,Kansas City Chiefs,DEF,KC,,,,-1.69,DEF-0016
2017,2267350,8,2017-10-25 07:55:34,add/drop,Nolan & Vinny,gain,player,Kai Forbath,K,MIN,,,,2.81,00-0028787
2017,2267350,8,2017-10-25 07:55:34,add/drop,Nolan & Vinny,loss,player,Darren McFadden,RB,FA,,,,-53.72,00-0026144
2017,2267373,8,2017-10-25 07:55:34,add/drop,Frank & Julian,gain,player,Latavius Murray,RB,MIN,,,,1.58,00-0030513
2017,2267373,8,2017-10-25 07:55:34,add/drop,Frank & Julian,loss,player,Wayne Gallman,RB,FA,,,,-20.03,00-0033950
2017,2267424,8,2017-10-25 07:55:34,add/drop,Cambrias,gain,player,Kenny Golladay,WR,DET,,,,-27.9,00-0033932
2017,2267424,8,2017-10-25 07:55:34,add/drop,Cambrias,loss,player,Matt Breida,RB,SF,,,,-19.24,00-0033308
2017,2267457,8,2017-10-25 07:55:34,add/drop,Pung & Tralie,gain,player,Willie Snead,WR,MIA,,,,-47.19,00-0030663
2017,2267457,8,2017-10-25 07:55:34,add/drop,Pung & Tralie,loss,player,Alex Collins,RB,FA,,,,14.4,00-0032426
2017,2267484,8,2017-10-25 07:55:34,add/drop,Rob & GregBo,gain,player,Paul Richardson,WR,SEA,,,,-5.4,00-0031257
2017,2267484,8,2017-10-25 07:55:34,add/drop,Rob & GregBo,loss,player,Roger Lewis,WR,NYG,,,,-21.54,00-0032659
2017,2267544,8,2017-10-25 07:55:34,add/drop,Chris & Dom,gain,player,Ted Ginn Jr.,WR,NO,,,,-10.35,00-0025396
2017,2267544,8,2017-10-25 07:55:34,add/drop,Chris & Dom,loss,player,John Brown,WR,ARI,,,,-40.78,00-0031051
2017,2267545,8,2017-10-25 07:55:34,add/drop,Chris & Dom,gain,player,Cincinnati Bengals,DEF,CIN,,,,-7.31,DEF-0007
2017,2267545,8,2017-10-25 07:55:34,add/drop,Chris & Dom,loss,player,Miami Dolphins,DEF,MIA,,,,-8.44,DEF-0020
2017,2267581,8,2017-10-25 07:55:34,add/drop,Antdell & Ernie,gain,player,Harrison Butker,K,KC,,,,15.75,00-0033303
2017,2267581,8,2017-10-25 07:55:34,add/drop,Antdell & Ernie,loss,player,Carson Palmer,QB,ARI,,,,,00-0021429
2017,2267617,8,2017-10-25 07:55:34,add/drop,LFTLR,gain,player,O.J. Howard,TE,FA,,,,-9,00-0033879
2017,2267617,8,2017-10-25 07:55:34,add/drop,LFTLR,loss,player,Zach Miller,TE,CHI,,,,-38.08,00-0027125
2017,2267374,7,2017-10-22 16:43:44,trade,Frank & Julian,gain,player,Jason Witten,TE,DAL,,,,1.94,00-0022127
2017,2267374,7,2017-10-22 16:43:44,trade,Frank & Julian,loss,player,Chris Ivory,RB,JAX,,,,-41.56,00-0027531
2017,2267458,7,2017-10-22 16:43:44,trade,Pung & Tralie,loss,player,Jason Witten,TE,DAL,,,,1.94,00-0022127
2017,2267458,7,2017-10-22 16:43:44,trade,Pung & Tralie,gain,player,Chris Ivory,RB,JAX,,,,-41.56,00-0027531
2017,2267459,7,2017-10-22 15:46:15,add/drop,Pung & Tralie,gain,player,C.J. Prosise,RB,SEA,,,,-61.5,00-0032393
2017,2267459,7,2017-10-22 15:46:15,add/drop,Pung & Tralie,loss,player,Mike Wallace,WR,BAL,,,,-14.38,00-0026901
2017,2267460,7,2017-10-22 15:44:48,add/drop,Pung & Tralie,gain,player,Alex Collins,RB,FA,,,,15.75,00-0032426
2017,2267460,7,2017-10-22 15:44:48,add/drop,Pung & Tralie,loss,player,C.J. Prosise,RB,SEA,,,,-61.5,00-0032393
2017,2267295,7,2017-10-22 15:44:16,add/drop,Richie,gain,player,Cole Beasley,WR,DAL,,,,-37.75,00-0029000
2017,2267295,7,2017-10-22 15:44:16,add/drop,Richie,loss,player,Willie Snead,WR,MIA,,,,-61.75,00-0030663
2017,2267461,7,2017-10-22 15:40:18,add/drop,Pung & Tralie,gain,player,Rob Kelley,RB,WAS,,,,-42.88,00-0032371
2017,2267461,7,2017-10-22 15:40:18,add/drop,Pung & Tralie,loss,player,Latavius Murray,RB,MIN,,,,10.44,00-0030513
2017,2267296,7,2017-10-21 16:03:18,add/drop,Richie,gain,player,Steven Hauschka,K,BUF,,,,-1.88,00-0025944
2017,2267296,7,2017-10-21 16:03:18,add/drop,Richie,loss,player,Harrison Butker,K,KC,,,,20,00-0033303
2017,2267297,7,2017-10-21 16:01:08,add/drop,Richie,gain,player,Harrison Butker,K,KC,,,,20,00-0033303
2017,2267297,7,2017-10-21 16:01:08,add/drop,Richie,loss,player,Graham Gano,K,CAR,,,,-7.5,00-0026858
2017,2267618,7,2017-10-19 23:35:47,add/drop,LFTLR,gain,player,Adam Vinatieri,K,IND,,,,-10,00-0016919
2017,2267618,7,2017-10-19 23:35:47,add/drop,LFTLR,loss,player,O.J. Howard,TE,FA,,,,-0.5,00-0033879
2017,2267351,7,2017-10-19 21:35:51,trade,Nolan & Vinny,loss,player,Alshon Jeffery,WR,PHI,,,,6.56,00-0029137
2017,2267351,7,2017-10-19 21:35:51,trade,Nolan & Vinny,loss,player,Jarvis Landry,WR,FA,,,,28.38,00-0031382
2017,2267351,7,2017-10-19 21:35:51,trade,Nolan & Vinny,loss,player,Jordan Reed,TE,WAS,,,,-32.75,00-0030472
2017,2267351,7,2017-10-19 21:35:51,trade,Nolan & Vinny,loss,player,Devonta Freeman,RB,ATL,,,,-5.44,00-0031285
2017,2267351,7,2017-10-19 21:35:51,trade,Nolan & Vinny,gain,player,LeGarrette Blount,RB,PHI,,,,-34.38,00-0027325
2017,2267351,7,2017-10-19 21:35:51,trade,Nolan & Vinny,gain,player,Adrian Peterson,RB,NO,,,,-34.81,00-0025394
2017,2267351,7,2017-10-19 21:35:51,trade,Nolan & Vinny,gain,player,Julio Jones,WR,ATL,,,,39.56,00-0027944
2017,2267351,7,2017-10-19 21:35:51,trade,Nolan & Vinny,gain,player,Travis Kelce,TE,KC,,,,42.81,00-0030506
2017,2267582,7,2017-10-19 21:35:51,trade,Antdell & Ernie,gain,player,Alshon Jeffery,WR,PHI,,,,6.56,00-0029137
2017,2267582,7,2017-10-19 21:35:51,trade,Antdell & Ernie,gain,player,Jarvis Landry,WR,FA,,,,28.38,00-0031382
2017,2267582,7,2017-10-19 21:35:51,trade,Antdell & Ernie,gain,player,Jordan Reed,TE,WAS,,,,-32.75,00-0030472
2017,2267582,7,2017-10-19 21:35:51,trade,Antdell & Ernie,gain,player,Devonta Freeman,RB,ATL,,,,-5.44,00-0031285
2017,2267582,7,2017-10-19 21:35:51,trade,Antdell & Ernie,loss,player,LeGarrette Blount,RB,PHI,,,,-34.38,00-0027325
2017,2267582,7,2017-10-19 21:35:51,trade,Antdell & Ernie,loss,player,Adrian Peterson,RB,NO,,,,-34.81,00-0025394
2017,2267582,7,2017-10-19 21:35:51,trade,Antdell & Ernie,loss,player,Julio Jones,WR,ATL,,,,39.56,00-0027944
2017,2267582,7,2017-10-19 21:35:51,trade,Antdell & Ernie,loss,player,Travis Kelce,TE,KC,,,,42.81,00-0030506
2017,2267375,7,2017-10-19 20:38:37,add/drop,Frank & Julian,gain,player,Chris Ivory,RB,JAX,,,,-41.56,00-0027531
2017,2267375,7,2017-10-19 20:38:37,add/drop,Frank & Julian,loss,player,Corey Clement,RB,ARI,,,,-14.13,00-0033725
2017,2267298,7,2017-10-19 20:33:47,add,Richie,gain,player,Tyrod Taylor,QB,BUF,,,,-6.56,00-0028118
2017,2267299,7,2017-10-19 20:32:12,trade,Richie,loss,player,Chris Thompson,RB,WAS,,,,-23,00-0030404
2017,2267299,7,2017-10-19 20:32:12,trade,Richie,loss,player,Frank Gore,RB,IND,,,,-0,00-0023500
2017,2267299,7,2017-10-19 20:32:12,trade,Richie,gain,player,DeAndre Hopkins,WR,HOU,,,,52.94,00-0030564
2017,2267619,7,2017-10-19 20:32:12,drop,LFTLR,loss,player,J.D. McKissic,RB,FA,,,,-20.88,00-0032602
2017,2267620,7,2017-10-19 20:32:12,trade,LFTLR,gain,player,Chris Thompson,RB,WAS,,,,-23,00-0030404
2017,2267620,7,2017-10-19 20:32:12,trade,LFTLR,gain,player,Frank Gore,RB,IND,,,,-0,00-0023500
2017,2267620,7,2017-10-19 20:32:12,trade,LFTLR,loss,player,DeAndre Hopkins,WR,HOU,,,,52.94,00-0030564
2017,2267621,7,2017-10-19 18:12:45,add/drop,LFTLR,gain,player,Zach Miller,TE,CHI,,,,-47.13,00-0027125
2017,2267621,7,2017-10-19 18:12:45,add/drop,LFTLR,loss,player,Jermaine Kearse,WR,NYJ,,,,-14.19,00-0029159
2017,2267401,7,2017-10-19 16:47:10,add/drop,Phil Baldino,gain,player,Josh Doctson,WR,FA,,,,-16.75,00-0032760
2017,2267401,7,2017-10-19 16:47:10,add/drop,Phil Baldino,loss,player,Andrew Luck,QB,FA,,,,,00-0029668
2017,2267319,7,2017-10-19 16:39:43,drop,Ronnie,loss,player,Ed Dickson,TE,CAR,,,,-31.56,00-0027675
2017,2267320,7,2017-10-19 16:39:43,trade,Ronnie,gain,player,Deshaun Watson,QB,HOU,,,,-72.64,00-0033537
2017,2267320,7,2017-10-19 16:39:43,trade,Ronnie,gain,player,James White,RB,NE,,,,-20.5,00-0031062
2017,2267320,7,2017-10-19 16:39:43,trade,Ronnie,gain,player,Adam Thielen,WR,MIN,,,,18.63,00-0030035
2017,2267320,7,2017-10-19 16:39:43,trade,Ronnie,loss,player,Christian McCaffrey,RB,CAR,,,,20.5,00-0033280
2017,2267320,7,2017-10-19 16:39:43,trade,Ronnie,loss,player,Danny Amendola,WR,NE,,,,-28.75,00-0026035
2017,2267546,7,2017-10-19 16:39:43,trade,Chris & Dom,loss,player,Deshaun Watson,QB,HOU,,,,-72.64,00-0033537
2017,2267546,7,2017-10-19 16:39:43,trade,Chris & Dom,loss,player,James White,RB,NE,,,,-20.5,00-0031062
2017,2267546,7,2017-10-19 16:39:43,trade,Chris & Dom,loss,player,Adam Thielen,WR,MIN,,,,18.63,00-0030035
2017,2267546,7,2017-10-19 16:39:43,trade,Chris & Dom,gain,player,Christian McCaffrey,RB,CAR,,,,20.5,00-0033280
2017,2267546,7,2017-10-19 16:39:43,trade,Chris & Dom,gain,player,Danny Amendola,WR,NE,,,,-28.75,00-0026035
2017,2267321,7,2017-10-19 14:18:02,add/drop,Ronnie,gain,player,Jared Goff,QB,LAR,,,,12.31,00-0033106
2017,2267321,7,2017-10-19 14:18:02,add/drop,Ronnie,loss,player,Dustin Hopkins,K,WAS,,,,-38.13,00-0030098
2017,2267583,7,2017-10-19 13:52:17,add/drop,Antdell & Ernie,gain,player,Robert Woods,WR,LAR,,,,-2.25,00-0030431
2017,2267583,7,2017-10-19 13:52:17,add/drop,Antdell & Ernie,loss,player,J.J. Nelson,WR,ARI,,,,-50.56,00-0032112
2017,2267584,7,2017-10-19 13:48:22,add/drop,Antdell & Ernie,gain,player,Robbie Chosen,WR,NYJ,,,,19.5,00-0032688
2017,2267584,7,2017-10-19 13:48:22,add/drop,Antdell & Ernie,loss,player,Ryan Griffin,TE,HOU,,,,-48.94,00-0030108
2017,2267462,7,2017-10-18 15:13:19,add/drop,Pung & Tralie,gain,player,C.J. Prosise,RB,SEA,,,,-61.5,00-0032393
2017,2267462,7,2017-10-18 15:13:19,add/drop,Pung & Tralie,loss,player,Aaron Rodgers,QB,GB,,,,-79.44,00-0023459
2017,2267547,7,2017-10-18 10:29:45,add/drop,Chris & Dom,gain,player,John Brown,WR,ARI,,,,-53.63,00-0031051
2017,2267547,7,2017-10-18 10:29:45,add/drop,Chris & Dom,loss,player,Taylor Gabriel,WR,ATL,,,,-43.56,00-0031228
2017,2267402,7,2017-10-18 07:39:20,add/drop,Phil Baldino,gain,player,Kenny Stills,WR,FA,,,,7.56,00-0030085
2017,2267402,7,2017-10-18 07:39:20,add/drop,Phil Baldino,loss,player,Odell Beckham,WR,MIA,,,,,00-0031235
2017,2267403,7,2017-10-18 07:39:20,add/drop,Phil Baldino,gain,player,Trevor Siemian,QB,DEN,,,,-64.35,00-0032156
2017,2267403,7,2017-10-18 07:39:20,add/drop,Phil Baldino,loss,player,Terrance West,RB,BAL,,,,,00-0031375
2017,2267404,7,2017-10-18 07:39:20,add/drop,Phil Baldino,gain,player,Orleans Darkwa,RB,NYG,,,,-12.63,00-0030860
2017,2267404,7,2017-10-18 07:39:20,add/drop,Phil Baldino,loss,player,Paul Perkins,RB,NYG,,,,-60.31,00-0032417
2017,2267485,7,2017-10-18 07:39:20,add/drop,Rob & GregBo,gain,player,Dion Lewis,RB,NE,,,,21.69,00-0028087
2017,2267485,7,2017-10-18 07:39:20,add/drop,Rob & GregBo,loss,player,Jamison Crowder,WR,WAS,,,,10.5,00-0031941
2017,2267486,7,2017-10-18 07:39:20,add/drop,Rob & GregBo,gain,player,Tyler Kroft,TE,CIN,,,,-11.94,00-0032214
2017,2267486,7,2017-10-18 07:39:20,add/drop,Rob & GregBo,loss,player,Torrey Smith,WR,PHI,,,,-39.94,00-0027996
2017,2267487,7,2017-10-18 07:39:20,add/drop,Rob & GregBo,gain,player,Adam Humphries,WR,FA,,,,-32,00-0032009
2017,2267487,7,2017-10-18 07:39:20,add/drop,Rob & GregBo,loss,player,Geronimo Allison,WR,FA,,,,-60.25,00-0032626
2017,2267507,7,2017-10-18 07:39:20,add/drop,Team JoeBa,gain,player,George Kittle,TE,SF,,,,-22.5,00-0033288
2017,2267507,7,2017-10-18 07:39:20,add/drop,Team JoeBa,loss,player,New England Patriots,DEF,NE,,,,5,DEF-0022
2017,2267548,7,2017-10-18 07:39:20,add/drop,Chris & Dom,gain,player,Miami Dolphins,DEF,MIA,,,,-11.25,DEF-0020
2017,2267548,7,2017-10-18 07:39:20,add/drop,Chris & Dom,loss,player,Coby Fleener,TE,NO,,,,-32.94,00-0029697
2017,2267549,7,2017-10-18 07:39:20,add/drop,Chris & Dom,gain,player,Los Angeles Rams,DEF,LAR,,,,15.63,DEF-0019
2017,2267549,7,2017-10-18 07:39:20,add/drop,Chris & Dom,loss,player,Washington Commanders,DEF,WAS,,,,-5,DEF-0032
2017,2267550,7,2017-10-18 07:39:20,add/drop,Chris & Dom,gain,player,Matt Forte,RB,NYJ,,,,-9.75,00-0026184
2017,2267550,7,2017-10-18 07:39:20,add/drop,Chris & Dom,loss,player,Samaje Perine,RB,DEN,,,,-11.94,00-0033526
2017,2267622,7,2017-10-18 07:39:20,add/drop,LFTLR,gain,player,Jermaine Kearse,WR,NYJ,,,,-14.19,00-0029159
2017,2267622,7,2017-10-18 07:39:20,add/drop,LFTLR,loss,player,Elijah McGuire,RB,FA,,,,-38,00-0033295
2017,2267551,6,2017-10-15 00:24:44,add/drop,Chris & Dom,gain,player,Washington Commanders,DEF,WAS,,,,-4.81,DEF-0032
2017,2267551,6,2017-10-15 00:24:44,add/drop,Chris & Dom,loss,player,Arizona Cardinals,DEF,ARI,,,,6.19,DEF-0001
2017,2267552,6,2017-10-13 20:34:13,add/drop,Chris & Dom,gain,player,Samaje Perine,RB,DEN,,,,-9.62,00-0033526
2017,2267552,6,2017-10-13 20:34:13,add/drop,Chris & Dom,loss,player,Jermaine Kearse,WR,NYJ,,,,-12.68,00-0029159
2017,2267553,6,2017-10-13 03:01:35,add/drop,Chris & Dom,gain,player,Nelson Agholor,WR,PHI,,,,0.39,00-0031549
2017,2267553,6,2017-10-13 03:01:35,add/drop,Chris & Dom,loss,player,Cincinnati Bengals,DEF,CIN,,,,-18.56,DEF-0007
2017,2267488,6,2017-10-13 00:24:45,add/drop,Rob & GregBo,gain,player,Wendell Smallwood,RB,PHI,,,,-66.34,00-0032782
2017,2267488,6,2017-10-13 00:24:45,add/drop,Rob & GregBo,loss,player,Nelson Agholor,WR,PHI,,,,0.39,00-0031549
2017,2267352,6,2017-10-12 20:54:35,add/drop,Nolan & Vinny,gain,player,Darren McFadden,RB,FA,,,,-73.91,00-0026144
2017,2267352,6,2017-10-12 20:54:35,add/drop,Nolan & Vinny,loss,player,Charles Clay,TE,BUF,,,,-26.61,00-0028112
2017,2267585,6,2017-10-12 02:18:38,add/drop,Antdell & Ernie,gain,player,Ryan Griffin,TE,HOU,,,,-50.26,00-0030108
2017,2267585,6,2017-10-12 02:18:38,add/drop,Antdell & Ernie,loss,player,George Kittle,TE,SF,,,,-22.28,00-0033288
2017,2267489,6,2017-10-12 00:18:26,add/drop,Rob & GregBo,gain,player,Nelson Agholor,WR,PHI,,,,0.39,00-0031549
2017,2267489,6,2017-10-12 00:18:26,add/drop,Rob & GregBo,loss,player,Wendell Smallwood,RB,PHI,,,,-66.34,00-0032782
2017,2267586,6,2017-10-11 19:06:18,add/drop,Antdell & Ernie,gain,player,George Kittle,TE,SF,,,,-22.28,00-0033288
2017,2267586,6,2017-10-11 19:06:18,add/drop,Antdell & Ernie,loss,player,A.J. Derby,TE,DEN,,,,-39.33,00-0031609
2017,2267405,6,2017-10-11 16:02:15,add/drop,Phil Baldino,gain,player,Austin Hooper,TE,ATL,,,,-5.23,00-0032392
2017,2267405,6,2017-10-11 16:02:15,add/drop,Phil Baldino,loss,player,Jonathan Stewart,RB,CAR,,,,-20.35,00-0026153
2017,2267322,6,2017-10-11 13:46:45,add/drop,Ronnie,gain,player,Dustin Hopkins,K,WAS,,,,-38.5,00-0030098
2017,2267322,6,2017-10-11 13:46:45,add/drop,Ronnie,loss,player,Tyrod Taylor,QB,BUF,,,,-17.06,00-0028118
2017,2267300,6,2017-10-11 10:14:52,add/drop,Richie,gain,player,Derrick Henry,RB,TEN,,,,-12.17,00-0032764
2017,2267300,6,2017-10-11 10:14:52,add/drop,Richie,loss,player,C.J. Prosise,RB,SEA,,,,-73.56,00-0032393
2017,2267425,6,2017-10-11 09:54:43,add,Cambrias,gain,player,Matt Breida,RB,SF,,,,-27.57,00-0033308
2017,2267323,6,2017-10-11 07:44:50,add/drop,Ronnie,gain,player,Ed Dickson,TE,CAR,,,,-32.93,00-0027675
2017,2267323,6,2017-10-11 07:44:50,add/drop,Ronnie,loss,player,Tyler Kroft,TE,CIN,,,,-16.57,00-0032214
2017,2267324,6,2017-10-11 07:44:50,add/drop,Ronnie,gain,player,Marlon Mack,RB,IND,,,,-31.21,00-0033951
2017,2267324,6,2017-10-11 07:44:50,add/drop,Ronnie,loss,player,Derrick Henry,RB,TEN,,,,-12.17,00-0032764
2017,2267426,6,2017-10-11 07:44:50,add/drop,Cambrias,gain,player,Atlanta Falcons,DEF,ATL,,,,-7.56,DEF-0002
2017,2267426,6,2017-10-11 07:44:50,add/drop,Cambrias,loss,player,Thomas Rawls,RB,FA,,,,-59.06,00-0031897
2017,2267463,6,2017-10-11 07:44:50,add/drop,Pung & Tralie,gain,player,Mike Wallace,WR,BAL,,,,-16.94,00-0026901
2017,2267463,6,2017-10-11 07:44:50,add/drop,Pung & Tralie,loss,player,Brandon Marshall,WR,NYG,,,,,00-0024334
2017,2267464,6,2017-10-11 07:44:50,add/drop,Pung & Tralie,gain,player,Wil Lutz,K,NO,,,,18.56,00-0032569
2017,2267464,6,2017-10-11 07:44:50,add/drop,Pung & Tralie,loss,player,Nick Folk,K,TEN,,,,,00-0025565
2017,2267490,6,2017-10-11 07:44:50,add/drop,Rob & GregBo,gain,player,Roger Lewis,WR,NYG,,,,-38.6,00-0032659
2017,2267490,6,2017-10-11 07:44:50,add/drop,Rob & GregBo,loss,player,Joe Flacco,QB,BAL,,,,-19.81,00-0026158
2017,2267508,6,2017-10-11 07:44:50,add/drop,Team JoeBa,gain,player,New England Patriots,DEF,NE,,,,8.94,DEF-0022
2017,2267508,6,2017-10-11 07:44:50,add/drop,Team JoeBa,loss,player,Jason Myers,K,JAX,,,,-52.25,00-0031492
2017,2267554,6,2017-10-11 07:44:50,add/drop,Chris & Dom,gain,player,Taylor Gabriel,WR,ATL,,,,-47.74,00-0031228
2017,2267554,6,2017-10-11 07:44:50,add/drop,Chris & Dom,loss,player,Ben Watson,TE,BAL,,,,0,00-0022943
2017,2267587,6,2017-10-11 07:44:50,add/drop,Antdell & Ernie,gain,player,A.J. Derby,TE,DEN,,,,-39.33,00-0031609
2017,2267587,6,2017-10-11 07:44:50,add/drop,Antdell & Ernie,loss,player,Eric Ebron,TE,DET,,,,12.31,00-0031387
2017,2267588,6,2017-10-11 07:44:50,add/drop,Antdell & Ernie,gain,player,J.J. Nelson,WR,ARI,,,,-59.77,00-0032112
2017,2267588,6,2017-10-11 07:44:50,add/drop,Antdell & Ernie,loss,player,New York Jets,DEF,NYJ,,,,-20.63,DEF-0025
2017,2267589,6,2017-10-11 07:44:50,add/drop,Antdell & Ernie,gain,player,Carson Palmer,QB,ARI,,,,-95.92,00-0021429
2017,2267589,6,2017-10-11 07:44:50,add/drop,Antdell & Ernie,loss,player,Antonio Gates,TE,LAC,,,,-28.33,00-0021547
2017,2267590,6,2017-10-11 07:44:50,add/drop,Antdell & Ernie,gain,player,Adrian Peterson,RB,NO,,,,-26.74,00-0025394
2017,2267590,6,2017-10-11 07:44:50,add/drop,Antdell & Ernie,loss,player,John Brown,WR,ARI,,,,-53.72,00-0031051
2017,2267376,6,2017-10-11 00:25:54,drop,Frank & Julian,loss,player,Jamaal Charles,RB,DEN,,,,-45.65,00-0026213
2017,2267377,6,2017-10-11 00:25:54,trade,Frank & Julian,gain,player,Doug Martin,RB,FA,,,,-31.76,00-0029613
2017,2267377,6,2017-10-11 00:25:54,trade,Frank & Julian,gain,player,Pierre Garcon,WR,SF,,,,-66.99,00-0026345
2017,2267377,6,2017-10-11 00:25:54,trade,Frank & Julian,loss,player,Dez Bryant,WR,DAL,,,,-4.08,00-0027902
2017,2267427,6,2017-10-11 00:25:54,trade,Cambrias,loss,player,Doug Martin,RB,FA,,,,-31.76,00-0029613
2017,2267427,6,2017-10-11 00:25:54,trade,Cambrias,loss,player,Pierre Garcon,WR,SF,,,,-66.99,00-0026345
2017,2267427,6,2017-10-11 00:25:54,trade,Cambrias,gain,player,Dez Bryant,WR,DAL,,,,-4.08,00-0027902
2017,2267555,5,2017-10-08 16:56:25,add/drop,Chris & Dom,gain,player,Ben Watson,TE,BAL,,,,-6,00-0022943
2017,2267555,5,2017-10-08 16:56:25,add/drop,Chris & Dom,loss,player,Jared Goff,QB,LAR,,,,11.57,00-0033106
2017,2267556,5,2017-10-08 16:55:38,add/drop,Chris & Dom,gain,player,Jermaine Kearse,WR,NYJ,,,,-11.55,00-0029159
2017,2267556,5,2017-10-08 16:55:38,add/drop,Chris & Dom,loss,player,Andy Dalton,QB,CIN,,,,-23.94,00-0027973
2017,2267491,5,2017-10-07 14:30:21,add/drop,Rob & GregBo,gain,player,Theo Riddick,RB,DET,,,,1.88,00-0030107
2017,2267491,5,2017-10-07 14:30:21,add/drop,Rob & GregBo,loss,player,Branden Oliver,RB,LAC,,,,-86.1,00-0031277
2017,2267406,5,2017-10-07 03:00:16,add/drop,Phil Baldino,gain,player,Jonathan Stewart,RB,CAR,,,,-23.18,00-0026153
2017,2267406,5,2017-10-07 03:00:16,add/drop,Phil Baldino,loss,player,Jeremy Hill,RB,CIN,,,,-84.45,00-0031301
2017,2267492,5,2017-10-06 19:03:09,add/drop,Rob & GregBo,gain,player,Torrey Smith,WR,PHI,,,,-48.75,00-0027996
2017,2267492,5,2017-10-06 19:03:09,add/drop,Rob & GregBo,loss,player,Dion Lewis,RB,NE,,,,27.68,00-0028087
2017,2267591,5,2017-10-06 12:26:54,add/drop,Antdell & Ernie,gain,player,Antonio Gates,TE,LAC,,,,-35.33,00-0021547
2017,2267591,5,2017-10-06 12:26:54,add/drop,Antdell & Ernie,loss,player,Theo Riddick,RB,DET,,,,1.88,00-0030107
2017,2267592,5,2017-10-06 12:23:50,add/drop,Antdell & Ernie,gain,player,John Brown,WR,ARI,,,,-58.73,00-0031051
2017,2267592,5,2017-10-06 12:23:50,add/drop,Antdell & Ernie,loss,player,Torrey Smith,WR,PHI,,,,-48.75,00-0027996
2017,2267509,5,2017-10-06 00:10:42,add/drop,Team JoeBa,gain,player,Jason Myers,K,JAX,,,,-59.25,00-0031492
2017,2267509,5,2017-10-06 00:10:42,add/drop,Team JoeBa,loss,player,Julius Thomas,TE,FA,,,,-9.6,00-0028067
2017,2267428,5,2017-10-06 00:00:19,add/drop,Cambrias,gain,player,Austin Seferian-Jenkins,TE,FA,,,,-6.38,00-0031418
2017,2267428,5,2017-10-06 00:00:19,add/drop,Cambrias,loss,player,D'Onta Foreman,RB,HOU,,,,-59.18,00-0033925
2017,2267593,5,2017-10-05 20:47:38,add/drop,Antdell & Ernie,gain,player,Torrey Smith,WR,PHI,,,,-48.75,00-0027996
2017,2267593,5,2017-10-05 20:47:38,add/drop,Antdell & Ernie,loss,player,John Brown,WR,ARI,,,,-58.73,00-0031051
2017,2267378,5,2017-10-05 18:47:45,add/drop,Frank & Julian,gain,player,Corey Clement,RB,ARI,,,,-26.1,00-0033725
2017,2267378,5,2017-10-05 18:47:45,add/drop,Frank & Julian,loss,player,Ed Dickson,TE,CAR,,,,-26.7,00-0027675
2017,2267429,5,2017-10-05 01:52:34,add/drop,Cambrias,gain,player,Thomas Rawls,RB,FA,,,,-66.83,00-0031897
2017,2267429,5,2017-10-05 01:52:34,add/drop,Cambrias,loss,player,Matt Breida,RB,SF,,,,-29.03,00-0033308
2017,2267493,5,2017-10-04 23:12:33,add/drop,Rob & GregBo,gain,player,Dion Lewis,RB,NE,,,,27.68,00-0028087
2017,2267493,5,2017-10-04 23:12:33,add/drop,Rob & GregBo,loss,player,New England Patriots,DEF,NE,,,,5.25,DEF-0022
2017,2267623,5,2017-10-04 17:23:49,add/drop,LFTLR,gain,player,J.D. McKissic,RB,FA,,,,-33.08,00-0032602
2017,2267623,5,2017-10-04 17:23:49,add/drop,LFTLR,loss,player,J.J. Nelson,WR,ARI,,,,-63.23,00-0032112
2017,2267624,5,2017-10-04 17:23:08,add/drop,LFTLR,gain,player,Elijah McGuire,RB,FA,,,,-53.18,00-0033295
2017,2267624,5,2017-10-04 17:23:08,add/drop,LFTLR,loss,player,Chris Carson,RB,SEA,,,,,00-0033594
2017,2267301,5,2017-10-04 16:20:52,add/drop,Richie,gain,player,Graham Gano,K,CAR,,,,-3,00-0026858
2017,2267301,5,2017-10-04 16:20:52,add/drop,Richie,loss,player,Wil Lutz,K,NO,,,,12.75,00-0032569
2017,2267302,5,2017-10-04 16:19:33,add/drop,Richie,gain,player,Alfred Morris,RB,DAL,,,,-38.7,00-0029141
2017,2267302,5,2017-10-04 16:19:33,add/drop,Richie,loss,player,Rashard Higgins,WR,FA,,,,-79.05,00-0032977
2017,2267494,5,2017-10-04 14:02:02,add/drop,Rob & GregBo,gain,player,Baltimore Ravens,DEF,BAL,,,,36,DEF-0003
2017,2267494,5,2017-10-04 14:02:02,add/drop,Rob & GregBo,loss,player,Brandon McManus,K,DEN,,,,-16.5,00-0029822
2017,2267557,5,2017-10-04 13:49:02,add/drop,Chris & Dom,gain,player,Andy Dalton,QB,CIN,,,,-23.94,00-0027973
2017,2267557,5,2017-10-04 13:49:02,add/drop,Chris & Dom,loss,player,Baltimore Ravens,DEF,BAL,,,,36,DEF-0003
2017,2267558,5,2017-10-04 13:47:50,add/drop,Chris & Dom,gain,player,Jared Goff,QB,LAR,,,,11.57,00-0033106
2017,2267558,5,2017-10-04 13:47:50,add/drop,Chris & Dom,loss,player,Darren McFadden,RB,FA,,,,-87.15,00-0026144
2017,2267594,5,2017-10-04 13:19:45,add/drop,Antdell & Ernie,gain,player,New York Jets,DEF,NYJ,,,,-23.25,DEF-0025
2017,2267594,5,2017-10-04 13:19:45,add/drop,Antdell & Ernie,loss,player,Las Vegas Raiders,DEF,LV,,,,-27.75,DEF-0017
2017,2267510,5,2017-10-04 12:27:09,add/drop,Team JoeBa,gain,player,Jerick McKinnon,RB,MIN,,,,33.83,00-0031376
2017,2267510,5,2017-10-04 12:27:09,add/drop,Team JoeBa,loss,player,Samaje Perine,RB,DEN,,,,-17.03,00-0033526
2017,2267595,5,2017-10-04 12:13:45,add/drop,Antdell & Ernie,gain,player,Las Vegas Raiders,DEF,LV,,,,-27.75,DEF-0017
2017,2267595,5,2017-10-04 12:13:45,add/drop,Antdell & Ernie,loss,player,Jermaine Kearse,WR,NYJ,,,,-11.55,00-0029159
2017,2267495,5,2017-10-04 09:44:35,add/drop,Rob & GregBo,gain,player,Joe Flacco,QB,BAL,,,,-20.91,00-0026158
2017,2267495,5,2017-10-04 09:44:35,add/drop,Rob & GregBo,loss,player,Kenny Golladay,WR,DET,,,,-62.18,00-0033932
2017,2267325,5,2017-10-04 08:24:25,add/drop,Ronnie,gain,player,Tyler Kroft,TE,CIN,,,,-19.88,00-0032214
2017,2267325,5,2017-10-04 08:24:25,add/drop,Ronnie,loss,player,Tampa Bay Buccaneers,DEF,TB,,,,-3,DEF-0030
2017,2267379,5,2017-10-04 08:24:25,add/drop,Frank & Julian,gain,player,Wayne Gallman,RB,FA,,,,-24.75,00-0033950
2017,2267379,5,2017-10-04 08:24:25,add/drop,Frank & Julian,loss,player,Dalvin Cook,RB,MIN,,,,,00-0033893
2017,2267430,5,2017-10-04 08:24:25,add/drop,Cambrias,gain,player,Greg Zuerlein,K,LAR,,,,18.75,00-0029621
2017,2267430,5,2017-10-04 08:24:25,add/drop,Cambrias,loss,player,Blair Walsh,K,SEA,,,,-14.25,00-0029576
2017,2267431,5,2017-10-04 08:24:25,add/drop,Cambrias,gain,player,Buffalo Bills,DEF,BUF,,,,-17.25,DEF-0004
2017,2267431,5,2017-10-04 08:24:25,add/drop,Cambrias,loss,player,Detroit Lions,DEF,DET,,,,-4.5,DEF-0011
2017,2267432,5,2017-10-04 08:24:25,add/drop,Cambrias,gain,player,Andre Ellington,RB,ARI,,,,-53.93,00-0030287
2017,2267432,5,2017-10-04 08:24:25,add/drop,Cambrias,loss,player,Josh Gordon,WR,FA,,,,-67.73,00-0029664
2017,2267465,5,2017-10-04 08:24:25,add/drop,Pung & Tralie,gain,player,Tennessee Titans,DEF,TEN,,,,0,DEF-0031
2017,2267465,5,2017-10-04 08:24:25,add/drop,Pung & Tralie,loss,player,Green Bay Packers,DEF,GB,,,,-11.25,DEF-0012
2017,2267466,5,2017-10-04 08:24:25,add/drop,Pung & Tralie,gain,player,Cameron Brate,TE,FA,,,,3.9,00-0031273
2017,2267466,5,2017-10-04 08:24:25,add/drop,Pung & Tralie,loss,player,Jonathan Stewart,RB,CAR,,,,-23.18,00-0026153
2017,2267467,5,2017-10-04 08:24:25,add/drop,Pung & Tralie,gain,player,Latavius Murray,RB,MIN,,,,7.88,00-0030513
2017,2267467,5,2017-10-04 08:24:25,add/drop,Pung & Tralie,loss,player,Chris Johnson,RB,FA,,,,-84.08,00-0026164
2017,2267496,5,2017-10-04 08:24:25,add/drop,Rob & GregBo,gain,player,Jake Elliott,K,PHI,,,,5.25,00-0033787
2017,2267496,5,2017-10-04 08:24:25,add/drop,Rob & GregBo,loss,player,Rex Burkhead,RB,NE,,,,-2.18,00-0030288
2017,2267497,5,2017-10-04 08:24:25,add/drop,Rob & GregBo,gain,player,Geronimo Allison,WR,FA,,,,-84.83,00-0032626
2017,2267497,5,2017-10-04 08:24:25,add/drop,Rob & GregBo,loss,player,Jordan Matthews,TE,BUF,,,,-80.48,00-0031299
2017,2267559,5,2017-10-04 08:24:25,add/drop,Chris & Dom,gain,player,Deshaun Watson,QB,HOU,,,,-59.43,00-0033537
2017,2267559,5,2017-10-04 08:24:25,add/drop,Chris & Dom,loss,player,Jamaal Williams,RB,GB,,,,4.95,00-0033948
2017,2267596,5,2017-10-04 08:24:25,add/drop,Antdell & Ernie,gain,player,John Brown,WR,ARI,,,,-58.73,00-0031051
2017,2267596,5,2017-10-04 08:24:25,add/drop,Antdell & Ernie,loss,player,Jay Cutler,QB,FA,,,,-32.34,00-0024226
2017,2267597,5,2017-10-04 08:24:25,add/drop,Antdell & Ernie,gain,player,Jaron Brown,WR,FA,,,,-59.7,00-0030300
2017,2267597,5,2017-10-04 08:24:25,add/drop,Antdell & Ernie,loss,player,Mohamed Sanu,WR,ATL,,,,-8.07,00-0029632
2017,2267433,4,2017-10-01 15:08:07,add/drop,Cambrias,gain,player,D'Onta Foreman,RB,HOU,,,,-67.44,00-0033925
2017,2267433,4,2017-10-01 15:08:07,add/drop,Cambrias,loss,player,Rob Kelley,RB,WAS,,,,-74.91,00-0032371
2017,2267434,4,2017-10-01 15:06:56,add/drop,Cambrias,gain,player,Matt Breida,RB,SF,,,,-35.99,00-0033308
2017,2267434,4,2017-10-01 15:06:56,add/drop,Cambrias,loss,player,Jacquizz Rodgers,RB,FA,,,,-78,00-0028083
2017,2267468,4,2017-09-29 11:21:36,add/drop,Pung & Tralie,gain,player,Will Fuller,WR,FA,,,,-23.08,00-0033127
2017,2267468,4,2017-09-29 11:21:36,add/drop,Pung & Tralie,loss,player,Jalen Richard,RB,LV,,,,-50.86,00-0033025
2017,2267353,4,2017-09-29 07:49:07,add/drop,Nolan & Vinny,gain,player,Aaron Jones,RB,MIN,,,,-36.24,00-0033293
2017,2267353,4,2017-09-29 07:49:07,add/drop,Nolan & Vinny,loss,player,,,NE,,,,,00-0021142
2017,2267560,4,2017-09-29 00:37:58,add/drop,Chris & Dom,gain,player,Jamaal Williams,RB,GB,,,,0.24,00-0033948
2017,2267560,4,2017-09-29 00:37:58,add/drop,Chris & Dom,loss,player,Kerwynn Williams,RB,ARI,,,,-62.16,00-0030117
2017,2267511,4,2017-09-28 18:36:24,add/drop,Team JoeBa,gain,player,Jared Cook,TE,LV,,,,-3.09,00-0027061
2017,2267511,4,2017-09-28 18:36:24,add/drop,Team JoeBa,loss,player,Tyler Eifert,TE,CIN,,,,,00-0030549
2017,2267326,4,2017-09-28 13:41:59,add/drop,Ronnie,gain,player,Tampa Bay Buccaneers,DEF,TB,,,,-9.75,DEF-0030
2017,2267326,4,2017-09-28 13:41:59,add/drop,Ronnie,loss,player,Corey Coleman,WR,CLE,,,,-75.89,00-0032966
2017,2267435,4,2017-09-28 10:41:04,add/drop,Cambrias,gain,player,Detroit Lions,DEF,DET,,,,-1.63,DEF-0011
2017,2267435,4,2017-09-28 10:41:04,add/drop,Cambrias,loss,player,Los Angeles Rams,DEF,LAR,,,,26,DEF-0019
2017,2267354,4,2017-09-27 10:36:20,add/drop,Nolan & Vinny,gain,player,Charles Clay,TE,BUF,,,,-25.03,00-0028112
2017,2267354,4,2017-09-27 10:36:20,add/drop,Nolan & Vinny,loss,player,Austin Hooper,TE,ATL,,,,-8.94,00-0032392
2017,2267498,4,2017-09-27 07:37:59,add/drop,Rob & GregBo,gain,player,Branden Oliver,RB,LAC,,,,-99.21,00-0031277
2017,2267498,4,2017-09-27 07:37:59,add/drop,Rob & GregBo,loss,player,Tampa Bay Buccaneers,DEF,TB,,,,-9.75,DEF-0030
2017,2267499,4,2017-09-27 07:37:59,add/drop,Rob & GregBo,gain,player,Wendell Smallwood,RB,PHI,,,,-77.92,00-0032782
2017,2267499,4,2017-09-27 07:37:59,add/drop,Rob & GregBo,loss,player,Darren Sproles,RB,PHI,,,,,00-0023564
2017,2267561,4,2017-09-27 07:37:59,add/drop,Chris & Dom,gain,player,Cincinnati Bengals,DEF,CIN,,,,-21.94,DEF-0007
2017,2267561,4,2017-09-27 07:37:59,add/drop,Chris & Dom,loss,player,Torrey Smith,WR,PHI,,,,-55.82,00-0027996
2017,2267598,4,2017-09-27 07:37:59,add/drop,Antdell & Ernie,gain,player,Ryan Succop,K,TEN,,,,3.25,00-0026968
2017,2267598,4,2017-09-27 07:37:59,add/drop,Antdell & Ernie,loss,player,Cairo Santos,K,KC,,,,-77.19,00-0031203
2017,2267625,4,2017-09-27 07:37:59,add/drop,LFTLR,gain,player,Devin Funchess,TE,CAR,,,,47.86,00-0032055
2017,2267625,4,2017-09-27 07:37:59,add/drop,LFTLR,loss,player,Adrian Peterson,RB,NO,,,,-45.34,00-0025394
2017,2267355,3,2017-09-24 16:42:06,add/drop,Nolan & Vinny,gain,player,Austin Hooper,TE,ATL,,,,-19.51,00-0032392
2017,2267355,3,2017-09-24 16:42:06,add/drop,Nolan & Vinny,loss,player,Wendell Smallwood,RB,PHI,,,,-79.71,00-0032782
2017,2267599,3,2017-09-22 13:24:42,add/drop,Antdell & Ernie,gain,player,Jay Cutler,QB,FA,,,,-55.13,00-0024226
2017,2267599,3,2017-09-22 13:24:42,add/drop,Antdell & Ernie,loss,player,Ted Ginn Jr.,WR,NO,,,,-13.21,00-0025396
2017,2267600,3,2017-09-22 13:19:43,add/drop,Antdell & Ernie,gain,player,Jermaine Kearse,WR,NYJ,,,,-20.3,00-0029159
2017,2267600,3,2017-09-22 13:19:43,add/drop,Antdell & Ernie,loss,player,Mike Wallace,WR,BAL,,,,-17.76,00-0026901
2017,2267436,3,2017-09-22 12:06:30,add/drop,Cambrias,gain,player,Josh Gordon,WR,FA,,,,-97.13,00-0029664
2017,2267436,3,2017-09-22 12:06:30,add/drop,Cambrias,loss,player,Jermaine Kearse,WR,NYJ,,,,-20.3,00-0029159
2017,2267601,3,2017-09-21 15:30:34,add/drop,Antdell & Ernie,gain,player,Mohamed Sanu,WR,ATL,,,,-14.84,00-0029632
2017,2267601,3,2017-09-21 15:30:34,add/drop,Antdell & Ernie,loss,player,Kenny Britt,WR,CLE,,,,-86.54,00-0027006
2017,2267626,3,2017-09-20 18:47:24,add/drop,LFTLR,gain,player,Minnesota Vikings,DEF,MIN,,,,8.75,DEF-0021
2017,2267626,3,2017-09-20 18:47:24,add/drop,LFTLR,loss,player,New York Giants,DEF,NYG,,,,-24.5,DEF-0024
2017,2267627,3,2017-09-20 18:46:11,add/drop,LFTLR,gain,player,Adrian Peterson,RB,NO,,,,-47.51,00-0025394
2017,2267627,3,2017-09-20 18:46:11,add/drop,LFTLR,loss,player,Matt Forte,RB,NYJ,,,,-23.71,00-0026184
2017,2267469,3,2017-09-20 15:16:28,add/drop,Pung & Tralie,gain,player,Green Bay Packers,DEF,GB,,,,-11.38,DEF-0012
2017,2267469,3,2017-09-20 15:16:28,add/drop,Pung & Tralie,loss,player,Cincinnati Bengals,DEF,CIN,,,,-16.63,DEF-0007
2017,2267437,3,2017-09-20 10:10:11,add/drop,Cambrias,gain,player,Marqise Lee,WR,JAX,,,,-17.24,00-0031431
2017,2267437,3,2017-09-20 10:10:11,add/drop,Cambrias,loss,player,Nelson Agholor,WR,PHI,,,,1.05,00-0031549
2017,2267438,3,2017-09-20 10:02:20,add/drop,Cambrias,gain,player,Jermaine Kearse,WR,NYJ,,,,-20.3,00-0029159
2017,2267438,3,2017-09-20 10:02:20,add/drop,Cambrias,loss,player,Thomas Rawls,RB,FA,,,,-89.16,00-0031897
2017,2267303,3,2017-09-20 07:38:59,add/drop,Richie,gain,player,Chris Thompson,RB,WAS,,,,-12.78,00-0030404
2017,2267303,3,2017-09-20 07:38:59,add/drop,Richie,loss,player,Danny Woodhead,RB,BAL,,,,-72.45,00-0026019
2017,2267327,3,2017-09-20 07:38:59,add/drop,Ronnie,gain,player,Evan Engram,TE,NYG,,,,33.6,00-0033881
2017,2267327,3,2017-09-20 07:38:59,add/drop,Ronnie,loss,player,Cameron Brate,TE,FA,,,,17.59,00-0031273
2017,2267356,3,2017-09-20 07:38:59,add,Nolan & Vinny,gain,player,Alex Smith,QB,KC,,,,35.46,00-0023436
2017,2267380,3,2017-09-20 07:38:59,add/drop,Frank & Julian,gain,player,Ed Dickson,TE,CAR,,,,-35.88,00-0027675
2017,2267380,3,2017-09-20 07:38:59,add/drop,Frank & Julian,loss,player,Eddie Lacy,RB,SEA,,,,-87.94,00-0030485
2017,2267470,3,2017-09-20 07:38:59,add/drop,Pung & Tralie,gain,player,Jalen Richard,RB,LV,,,,-56.88,00-0033025
2017,2267470,3,2017-09-20 07:38:59,add/drop,Pung & Tralie,loss,player,Adrian Peterson,RB,NO,,,,-47.51,00-0025394
2017,2267628,3,2017-09-20 07:38:59,add/drop,LFTLR,gain,player,J.J. Nelson,WR,ARI,,,,-86.28,00-0032112
2017,2267628,3,2017-09-20 07:38:59,add/drop,LFTLR,loss,player,John Brown,WR,ARI,,,,-79.89,00-0031051
2017,2267304,3,2017-09-20 07:38:58,add/drop,Richie,gain,player,Rashard Higgins,WR,FA,,,,-107.71,00-0032977
2017,2267304,3,2017-09-20 07:38:58,add/drop,Richie,loss,player,Robbie Chosen,WR,NYJ,,,,30.36,00-0032688
2017,2267357,3,2017-09-19 15:18:27,drop,Nolan & Vinny,loss,player,Las Vegas Raiders,DEF,LV,,,,-35.88,DEF-0017
2017,2267562,2,2017-09-15 13:45:31,add/drop,Chris & Dom,gain,player,Darren McFadden,RB,FA,,,,-131.25,00-0026144
2017,2267562,2,2017-09-15 13:45:31,add/drop,Chris & Dom,loss,player,George Kittle,TE,SF,,,,-37.13,00-0033288
2017,2267471,2,2017-09-14 23:30:00,add/drop,Pung & Tralie,gain,player,Cincinnati Bengals,DEF,CIN,,,,-16.88,DEF-0007
2017,2267471,2,2017-09-14 23:30:00,add/drop,Pung & Tralie,loss,player,Minnesota Vikings,DEF,MIN,,,,5.63,DEF-0021
2017,2267500,2,2017-09-13 13:46:33,add/drop,Rob & GregBo,gain,player,Tampa Bay Buccaneers,DEF,TB,,,,-5.63,DEF-0030
2017,2267500,2,2017-09-13 13:46:33,add/drop,Rob & GregBo,loss,player,Andy Dalton,QB,CIN,,,,-29.74,00-0027973
2017,2267439,2,2017-09-13 10:50:23,add/drop,Cambrias,gain,player,Nelson Agholor,WR,PHI,,,,2.63,00-0031549
2017,2267439,2,2017-09-13 10:50:23,add/drop,Cambrias,loss,player,Marqise Lee,WR,JAX,,,,-10.69,00-0031431
2017,2267440,2,2017-09-13 10:35:06,add/drop,Cambrias,gain,player,Marqise Lee,WR,JAX,,,,-10.69,00-0031431
2017,2267440,2,2017-09-13 10:35:06,add/drop,Cambrias,loss,player,Kevin White,WR,CHI,,,,,00-0031545
2017,2267563,2,2017-09-13 08:49:11,add/drop,Chris & Dom,gain,player,Kerwynn Williams,RB,ARI,,,,-83.63,00-0030117
2017,2267563,2,2017-09-13 08:49:11,add/drop,Chris & Dom,loss,player,Allen Robinson,WR,JAX,,,,,00-0031428
2017,2267358,2,2017-09-13 07:57:37,add/drop,Nolan & Vinny,gain,player,Las Vegas Raiders,DEF,LV,,,,-35.63,DEF-0017
2017,2267358,2,2017-09-13 07:57:37,add/drop,Nolan & Vinny,loss,player,Atlanta Falcons,DEF,ATL,,,,-18.75,DEF-0002
2017,2267381,2,2017-09-13 07:57:37,add/drop,Frank & Julian,gain,player,Allen Hurns,WR,JAX,,,,-69.28,00-0030821
2017,2267381,2,2017-09-13 07:57:37,add/drop,Frank & Julian,loss,player,Latavius Murray,RB,MIN,,,,-6.84,00-0030513
2017,2267407,2,2017-09-13 07:57:37,add/drop,Phil Baldino,gain,player,Tarik Cohen,RB,CHI,,,,-20.31,00-0033556
2017,2267407,2,2017-09-13 07:57:37,add/drop,Phil Baldino,loss,player,Josh Doctson,WR,FA,,,,-44.25,00-0032760
2017,2267441,2,2017-09-13 07:57:37,add/drop,Cambrias,gain,player,Blair Walsh,K,SEA,,,,-30,00-0029576
2017,2267441,2,2017-09-13 07:57:37,add/drop,Cambrias,loss,player,Sebastian Janikowski,K,FA,,,,,00-0019646
2017,2267442,2,2017-09-13 07:57:37,add/drop,Cambrias,gain,player,Thomas Rawls,RB,FA,,,,-105.47,00-0031897
2017,2267442,2,2017-09-13 07:57:37,add/drop,Cambrias,loss,player,Zay Jones,WR,BUF,,,,-90.28,00-0033891
2017,2267472,2,2017-09-13 07:57:37,add/drop,Pung & Tralie,gain,player,Nick Folk,K,TEN,,,,-88.13,00-0025565
2017,2267472,2,2017-09-13 07:57:37,add/drop,Pung & Tralie,loss,player,Caleb Sturgis,K,PHI,,,,,00-0030390
2017,2267473,2,2017-09-13 07:57:37,add/drop,Pung & Tralie,gain,player,Chris Johnson,RB,FA,,,,-111.66,00-0026164
2017,2267473,2,2017-09-13 07:57:37,add/drop,Pung & Tralie,loss,player,Mohamed Sanu,WR,ATL,,,,-9.15,00-0029632
2017,2267564,2,2017-09-13 07:57:37,add/drop,Chris & Dom,gain,player,Coby Fleener,TE,NO,,,,-72.47,00-0029697
2017,2267564,2,2017-09-13 07:57:37,add/drop,Chris & Dom,loss,player,Darren McFadden,RB,FA,,,,-131.25,00-0026144
2017,2267565,2,2017-09-13 07:57:37,add/drop,Chris & Dom,gain,player,Baltimore Ravens,DEF,BAL,,,,41.25,DEF-0003
2017,2267565,2,2017-09-13 07:57:37,add/drop,Chris & Dom,loss,player,Vernon Davis,TE,WAS,,,,-6.19,00-0024221
2017,2267629,2,2017-09-13 07:57:37,add/drop,LFTLR,gain,player,Chris Carson,RB,SEA,,,,-99.38,00-0033594
2017,2267629,2,2017-09-13 07:57:37,add/drop,LFTLR,loss,player,Carson Palmer,QB,ARI,,,,-123.13,00-0021429
2017,2267630,2,2017-09-13 07:57:37,add/drop,LFTLR,gain,player,Javorius Allen,RB,BAL,,,,14.53,00-0031577
2017,2267630,2,2017-09-13 07:57:37,add/drop,LFTLR,loss,player,Adam Vinatieri,K,IND,,,,-10.31,00-0016919
2017,2267566,1,2017-09-09 17:57:54,add/drop,Chris & Dom,gain,player,George Kittle,TE,SF,,,,-34.4,00-0033288
2017,2267566,1,2017-09-09 17:57:54,add/drop,Chris & Dom,loss,player,Dwayne Allen,TE,NE,,,,-102.3,00-0029689
2017,2267328,1,2017-09-08 01:38:44,add/drop,Ronnie,gain,player,Danny Amendola,WR,NE,,,,-37.7,00-0026035
2017,2267328,1,2017-09-08 01:38:44,add/drop,Ronnie,loss,player,Curtis Samuel,WR,BUF,,,,-135.4,00-0033282
2017,2267359,1,2017-09-07 11:52:25,add/drop,Nolan & Vinny,gain,player,Atlanta Falcons,DEF,ATL,,,,-21,DEF-0002
2017,2267359,1,2017-09-07 11:52:25,add/drop,Nolan & Vinny,loss,player,Will Fuller,WR,FA,,,,-58.8,00-0033127
2017,2267443,0,2017-09-04 23:15:18,add/drop,Cambrias,gain,player,Los Angeles Rams,DEF,LAR,,,,51,DEF-0019
2017,2267443,0,2017-09-04 23:15:18,add/drop,Cambrias,loss,player,Las Vegas Raiders,DEF,LV,,,,-44.63,DEF-0017
2016,2267826,16,2016-12-25 16:38:07,add/drop,Team JoeBa,gain,player,Chris Boswell,K,PIT,,,,-0.13,00-0031136
2016,2267826,16,2016-12-25 16:38:07,add/drop,Team JoeBa,loss,player,Randall Cobb,WR,GB,,,,,00-0028002
2016,2267827,16,2016-12-21 08:36:48,add/drop,Team JoeBa,gain,player,Dontrelle Inman,WR,LAC,,,,-0.51,00-0028411
2016,2267827,16,2016-12-21 08:36:48,add/drop,Team JoeBa,loss,player,Joe Flacco,QB,BAL,,,,-0.34,00-0026158
2016,2267828,15,2016-12-16 03:59:52,add/drop,Team JoeBa,gain,player,Colin Kaepernick,QB,FA,,,,1.2,00-0027974
2016,2267828,15,2016-12-16 03:59:52,add/drop,Team JoeBa,loss,player,Jerick McKinnon,RB,MIN,,,,0.73,00-0031376
2016,2267829,15,2016-12-15 22:12:50,add/drop,Team JoeBa,gain,player,Joe Flacco,QB,BAL,,,,-0.92,00-0026158
2016,2267829,15,2016-12-15 22:12:50,add/drop,Team JoeBa,loss,player,Will Fuller,WR,HOU,,,,-1.68,00-0033127
2016,2267851,15,2016-12-15 12:08:17,add/drop,Chris & Dom,gain,player,Kenneth Farrow,RB,FA,,,,-1.1,00-0032902
2016,2267851,15,2016-12-15 12:08:17,add/drop,Chris & Dom,loss,player,Colin Kaepernick,QB,FA,,,,1.2,00-0027974
2016,2267631,15,2016-12-14 08:38:30,add/drop,Ronnie,gain,player,Houston Texans,DEF,HOU,,,,0.13,DEF-0013
2016,2267631,15,2016-12-14 08:38:30,add/drop,Ronnie,loss,player,Pittsburgh Steelers,DEF,PIT,,,,-0.88,DEF-0027
2016,2267776,15,2016-12-14 08:38:30,add/drop,Pung & Tralie,gain,player,Los Angeles Chargers,DEF,LAC,,,,0.25,DEF-0018
2016,2267776,15,2016-12-14 08:38:30,add/drop,Pung & Tralie,loss,player,Las Vegas Raiders,DEF,LV,,,,0,DEF-0017
2016,2267777,15,2016-12-14 08:38:30,add/drop,Pung & Tralie,gain,player,Atlanta Falcons,DEF,ATL,,,,0,DEF-0002
2016,2267777,15,2016-12-14 08:38:30,add/drop,Pung & Tralie,loss,player,Cincinnati Bengals,DEF,CIN,,,,-0.63,DEF-0007
2016,2267852,15,2016-12-14 08:38:30,add/drop,Chris & Dom,gain,player,Ty Montgomery,RB,FA,,,,1.81,00-0032200
2016,2267852,15,2016-12-14 08:38:30,add/drop,Chris & Dom,loss,player,Tim Hightower,RB,NO,,,,0.13,00-0026289
2016,2267632,14,2016-12-10 14:13:50,add/drop,Ronnie,gain,player,Taylor Gabriel,WR,FA,,,,-0.64,00-0031228
2016,2267632,14,2016-12-10 14:13:50,add/drop,Ronnie,loss,player,Tajae Sharpe,WR,TEN,,,,-5.49,00-0032778
2016,2267633,14,2016-12-09 01:56:49,add/drop,Ronnie,gain,player,Alfred Morris,RB,DAL,,,,,00-0029141
2016,2267633,14,2016-12-09 01:56:49,add/drop,Ronnie,loss,player,Gary Barnidge,TE,CLE,,,,-1.39,00-0026281
2016,2267634,14,2016-12-09 01:52:12,add/drop,Ronnie,gain,player,DeSean Jackson,WR,WAS,,,,2.55,00-0026189
2016,2267634,14,2016-12-09 01:52:12,add/drop,Ronnie,loss,player,Allen Hurns,WR,JAX,,,,,00-0030821
2016,2267635,14,2016-12-09 01:40:53,add/drop,Ronnie,gain,player,Tyler Lockett,WR,SEA,,,,0.24,00-0032211
2016,2267635,14,2016-12-09 01:40:53,add/drop,Ronnie,loss,player,Alfred Morris,RB,DAL,,,,,00-0029141
2016,2267830,14,2016-12-08 03:16:19,add/drop,Team JoeBa,gain,player,Adam Thielen,WR,MIN,,,,3.49,00-0030035
2016,2267830,14,2016-12-08 03:16:19,add/drop,Team JoeBa,loss,player,Breshad Perriman,WR,BAL,,,,-4.82,00-0032054
2016,2267831,14,2016-12-08 02:28:49,add/drop,Team JoeBa,gain,player,Breshad Perriman,WR,BAL,,,,-4.82,00-0032054
2016,2267831,14,2016-12-08 02:28:49,add/drop,Team JoeBa,loss,player,Blake Bortles,QB,JAX,,,,0.6,00-0031407
2016,2267880,14,2016-12-07 14:36:48,add/drop,Antdell & Ernie,gain,player,Chandler Catanzaro,K,ARI,,,,-0.56,00-0030896
2016,2267880,14,2016-12-07 14:36:48,add/drop,Antdell & Ernie,loss,player,Sammie Coates,WR,PIT,,,,-6.98,00-0032166
2016,2267778,14,2016-12-07 08:40:39,add/drop,Pung & Tralie,gain,player,Wil Lutz,K,NO,,,,1.69,00-0032569
2016,2267778,14,2016-12-07 08:40:39,add/drop,Pung & Tralie,loss,player,Chris Boswell,K,PIT,,,,2.63,00-0031136
2016,2267832,14,2016-12-07 08:40:39,add/drop,Team JoeBa,gain,player,Matt Prater,K,DET,,,,-0.94,00-0023853
2016,2267832,14,2016-12-07 08:40:39,add/drop,Team JoeBa,loss,player,Caleb Sturgis,K,PHI,,,,1.31,00-0030390
2016,2267833,14,2016-12-07 08:40:39,add/drop,Team JoeBa,gain,player,Malcolm Mitchell,WR,NE,,,,-3.32,00-0032400
2016,2267833,14,2016-12-07 08:40:39,add/drop,Team JoeBa,loss,player,Travis Benjamin,WR,LAC,,,,-3.04,00-0029269
2016,2267664,13,2016-12-03 15:01:05,add/drop,Frank & Julian,gain,player,Kenneth Dixon,RB,FA,,,,1.98,00-0032411
2016,2267664,13,2016-12-03 15:01:05,add/drop,Frank & Julian,loss,player,Matt Jones,RB,WAS,,,,,00-0031939
2016,2267636,13,2016-11-30 14:05:11,add/drop,Ronnie,gain,player,Cameron Brate,TE,TB,,,,4.63,00-0031273
2016,2267636,13,2016-11-30 14:05:11,add/drop,Ronnie,loss,player,Josh Lambo,K,LAC,,,,-5,00-0032087
2016,2267755,13,2016-11-30 13:41:39,add/drop,Richie,gain,player,Baltimore Ravens,DEF,BAL,,,,-0.25,DEF-0003
2016,2267755,13,2016-11-30 13:41:39,add/drop,Richie,loss,player,Carolina Panthers,DEF,CAR,,,,0.75,DEF-0005
2016,2267756,13,2016-11-30 13:35:02,add/drop,Richie,gain,player,Alex Smith,QB,KC,,,,-0.62,00-0023436
2016,2267756,13,2016-11-30 13:35:02,add/drop,Richie,loss,player,Christine Michael,RB,SEA,,,,-6.2,00-0030432
2016,2267779,13,2016-11-30 09:43:34,add/drop,Pung & Tralie,gain,player,Cincinnati Bengals,DEF,CIN,,,,-0.25,DEF-0007
2016,2267779,13,2016-11-30 09:43:34,add/drop,Pung & Tralie,loss,player,New York Giants,DEF,NYG,,,,1.5,DEF-0024
2016,2267813,13,2016-11-30 09:43:34,add/drop,Rob & GregBo,gain,player,Marquess Wilson,WR,FA,,,,-12.8,00-0030047
2016,2267813,13,2016-11-30 09:43:34,add/drop,Rob & GregBo,loss,player,Matt Prater,K,DET,,,,0.25,00-0023853
2016,2267853,13,2016-11-30 09:43:34,add/drop,Chris & Dom,gain,player,Colin Kaepernick,QB,FA,,,,-0.94,00-0027974
2016,2267853,13,2016-11-30 09:43:34,add/drop,Chris & Dom,loss,player,Eddie Royal,WR,CHI,,,,,00-0026182
2016,2267757,12,2016-11-26 14:27:10,add/drop,Richie,gain,player,C.J. Fiedorowicz,TE,HOU,,,,-4.5,00-0031302
2016,2267757,12,2016-11-26 14:27:10,add/drop,Richie,loss,player,Cameron Brate,TE,TB,,,,5.41,00-0031273
2016,2267854,12,2016-11-24 22:11:23,add/drop,Chris & Dom,gain,player,Vernon Davis,TE,WAS,,,,-5.06,00-0024221
2016,2267854,12,2016-11-24 22:11:23,add/drop,Chris & Dom,loss,player,Giovani Bernard,RB,CIN,,,,,00-0030456
2016,2267780,12,2016-11-23 23:09:31,add/drop,Pung & Tralie,gain,player,Marqise Lee,WR,JAX,,,,-2.22,00-0031431
2016,2267780,12,2016-11-23 23:09:31,add/drop,Pung & Tralie,loss,player,C.J. Prosise,RB,SEA,,,,,00-0032393
2016,2267834,12,2016-11-23 15:02:21,add/drop,Team JoeBa,gain,player,Pierre Garcon,WR,WAS,,,,0,00-0026345
2016,2267834,12,2016-11-23 15:02:21,add/drop,Team JoeBa,loss,player,Robert Woods,WR,BUF,,,,-17.34,00-0030431
2016,2267665,12,2016-11-23 08:45:03,add/drop,Frank & Julian,gain,player,Tyler Boyd,WR,CIN,,,,-7.41,00-0033009
2016,2267665,12,2016-11-23 08:45:03,add/drop,Frank & Julian,loss,player,Quincy Enunwa,WR,NYJ,,,,-6.81,00-0031023
2016,2267723,12,2016-11-23 08:45:03,add/drop,Cambrias,gain,player,Wendell Smallwood,RB,PHI,,,,-13.25,00-0032782
2016,2267723,12,2016-11-23 08:45:03,add/drop,Cambrias,loss,player,John Brown,WR,ARI,,,,-13.75,00-0031051
2016,2267781,12,2016-11-23 08:45:03,add/drop,Pung & Tralie,gain,player,Chris Boswell,K,PIT,,,,0,00-0031136
2016,2267781,12,2016-11-23 08:45:03,add/drop,Pung & Tralie,loss,player,Mike Nugent,K,CIN,,,,-5.31,00-0023482
2016,2267782,12,2016-11-23 08:45:03,add/drop,Pung & Tralie,gain,player,Adrian Peterson,RB,MIN,,,,-15.31,00-0025394
2016,2267782,12,2016-11-23 08:45:03,add/drop,Pung & Tralie,loss,player,Ty Montgomery,RB,FA,,,,5.19,00-0032200
2016,2267855,11,2016-11-20 14:35:20,add/drop,Chris & Dom,gain,player,Eddie Royal,WR,CHI,,,,-26.78,00-0026182
2016,2267855,11,2016-11-20 14:35:20,add/drop,Chris & Dom,loss,player,Ladarius Green,TE,FA,,,,-0.9,00-0029275
2016,2267666,11,2016-11-18 21:35:47,add/drop,Frank & Julian,gain,player,Buffalo Bills,DEF,BUF,,,,-6,DEF-0004
2016,2267666,11,2016-11-18 21:35:47,add/drop,Frank & Julian,loss,player,Peyton Barber,RB,FA,,,,-22.65,00-0032741
2016,2267856,11,2016-11-18 02:17:58,add/drop,Chris & Dom,gain,player,Tim Hightower,RB,NO,,,,1.69,00-0026289
2016,2267856,11,2016-11-18 02:17:58,add/drop,Chris & Dom,loss,player,Dennis Pitta,TE,BAL,,,,5.44,00-0027714
2016,2267857,11,2016-11-18 02:16:48,add/drop,Chris & Dom,gain,player,Ted Ginn Jr.,WR,CAR,,,,3.41,00-0025396
2016,2267857,11,2016-11-18 02:16:48,add/drop,Chris & Dom,loss,player,Tim Hightower,RB,NO,,,,1.69,00-0026289
2016,2267897,11,2016-11-17 23:35:57,add/drop,LFTLR,gain,player,Duke Johnson,RB,CLE,,,,-8.96,00-0032257
2016,2267897,11,2016-11-17 23:35:57,add/drop,LFTLR,loss,player,C.J. Fiedorowicz,TE,HOU,,,,-1.35,00-0031302
2016,2267758,11,2016-11-17 13:22:05,add/drop,Richie,gain,player,Cameron Brate,TE,TB,,,,6.64,00-0031273
2016,2267758,11,2016-11-17 13:22:05,add/drop,Richie,loss,player,Chris Boswell,K,PIT,,,,1.5,00-0031136
2016,2267694,11,2016-11-16 16:20:17,add/drop,GaTTa,gain,player,Los Angeles Rams,DEF,LAR,,,,-7.13,DEF-0019
2016,2267694,11,2016-11-16 16:20:17,add/drop,GaTTa,loss,player,Atlanta Falcons,DEF,ATL,,,,4.13,DEF-0002
2016,2267695,11,2016-11-16 16:19:31,add/drop,GaTTa,gain,player,Connor Barth,K,CHI,,,,-6.38,00-0026138
2016,2267695,11,2016-11-16 16:19:31,add/drop,GaTTa,loss,player,Duke Johnson,RB,CLE,,,,-8.96,00-0032257
2016,2267637,11,2016-11-16 14:51:41,add/drop,Ronnie,gain,player,Tajae Sharpe,WR,TEN,,,,-16.65,00-0032778
2016,2267637,11,2016-11-16 14:51:41,add/drop,Ronnie,loss,player,Tyler Boyd,WR,CIN,,,,-4.95,00-0033009
2016,2267783,11,2016-11-16 14:21:55,add/drop,Pung & Tralie,gain,player,Las Vegas Raiders,DEF,LV,,,,3.75,DEF-0017
2016,2267783,11,2016-11-16 14:21:55,add/drop,Pung & Tralie,loss,player,Joe Flacco,QB,BAL,,,,3.11,00-0026158
2016,2267641,11,2016-11-16 09:33:56,add/drop,Nolan & Vinny,gain,player,Thomas Rawls,RB,SEA,,,,-4.01,00-0031897
2016,2267641,11,2016-11-16 09:33:56,add/drop,Nolan & Vinny,loss,player,Adrian Peterson,RB,MIN,,,,-24.34,00-0025394
2016,2267724,11,2016-11-16 09:33:56,add/drop,Cambrias,gain,player,Tyrod Taylor,QB,BUF,,,,3.27,00-0028118
2016,2267724,11,2016-11-16 09:33:56,add/drop,Cambrias,loss,player,Chris Ivory,RB,FA,,,,-5.44,00-0027531
2016,2267784,11,2016-11-16 09:33:56,add/drop,Pung & Tralie,gain,player,New York Giants,DEF,NYG,,,,9.38,DEF-0024
2016,2267784,11,2016-11-16 09:33:56,add/drop,Pung & Tralie,loss,player,Dallas Cowboys,DEF,DAL,,,,1.13,DEF-0009
2016,2267785,11,2016-11-16 09:33:56,add/drop,Pung & Tralie,gain,player,C.J. Prosise,RB,SEA,,,,-18.79,00-0032393
2016,2267785,11,2016-11-16 09:33:56,add/drop,Pung & Tralie,loss,player,Charcandrick West,RB,KC,,,,-17.44,00-0030668
2016,2267814,11,2016-11-16 09:33:56,add/drop,Rob & GregBo,gain,player,Matt Prater,K,DET,,,,3.75,00-0023853
2016,2267814,11,2016-11-16 09:33:56,add/drop,Rob & GregBo,loss,player,Dorial Green-Beckham,WR,PHI,,,,-12.68,00-0032218
2016,2267642,10,2016-11-12 23:33:08,add/drop,Nolan & Vinny,gain,player,Adam Humphries,WR,TB,,,,-20.17,00-0032009
2016,2267642,10,2016-11-12 23:33:08,add/drop,Nolan & Vinny,loss,player,Los Angeles Rams,DEF,LAR,,,,-6.13,DEF-0019
2016,2267858,10,2016-11-12 21:57:57,add/drop,Chris & Dom,gain,player,Ladarius Green,TE,FA,,,,-2.71,00-0029275
2016,2267858,10,2016-11-12 21:57:57,add/drop,Chris & Dom,loss,player,Mike Gillislee,RB,BUF,,,,-11.38,00-0030433
2016,2267759,10,2016-11-10 01:29:47,add/drop,Richie,gain,player,Chris Boswell,K,PIT,,,,0.44,00-0031136
2016,2267759,10,2016-11-10 01:29:47,add/drop,Richie,loss,player,Cameron Brate,TE,TB,,,,12.82,00-0031273
2016,2267898,10,2016-11-09 21:09:40,add/drop,LFTLR,gain,player,C.J. Fiedorowicz,TE,HOU,,,,-3.41,00-0031302
2016,2267898,10,2016-11-09 21:09:40,add/drop,LFTLR,loss,player,Ryan Tannehill,QB,MIA,,,,-9.86,00-0029701
2016,2267696,10,2016-11-09 17:10:21,add/drop,GaTTa,gain,player,J.J. Nelson,WR,ARI,,,,-4.46,00-0032112
2016,2267696,10,2016-11-09 17:10:21,add/drop,GaTTa,loss,player,Buffalo Bills,DEF,BUF,,,,-9.19,DEF-0004
2016,2267786,10,2016-11-09 14:18:50,add/drop,Pung & Tralie,gain,player,Mike Nugent,K,CIN,,,,-10.5,00-0023482
2016,2267786,10,2016-11-09 14:18:50,add/drop,Pung & Tralie,loss,player,Dan Carpenter,K,BUF,,,,-8.75,00-0026003
2016,2267725,10,2016-11-09 12:49:47,add/drop,Cambrias,gain,player,Zach Miller,TE,CHI,,,,-16.76,00-0027125
2016,2267725,10,2016-11-09 12:49:47,add/drop,Cambrias,loss,player,Chris Thompson,RB,WAS,,,,-6.91,00-0030404
2016,2267667,10,2016-11-09 09:23:34,add,Frank & Julian,gain,player,Peyton Barber,RB,FA,,,,-27.43,00-0032741
2016,2267726,10,2016-11-09 09:23:34,add/drop,Cambrias,gain,player,Chris Ivory,RB,FA,,,,-6.34,00-0027531
2016,2267726,10,2016-11-09 09:23:34,add/drop,Cambrias,loss,player,Mohamed Sanu,WR,ATL,,,,-20.87,00-0029632
2016,2267787,10,2016-11-09 09:23:34,add/drop,Pung & Tralie,gain,player,Joe Flacco,QB,BAL,,,,7.67,00-0026158
2016,2267787,10,2016-11-09 09:23:34,add/drop,Pung & Tralie,loss,player,Julius Thomas,TE,JAX,,,,-18.38,00-0028067
2016,2267835,10,2016-11-09 09:23:34,add/drop,Team JoeBa,gain,player,Robert Woods,WR,BUF,,,,-29.27,00-0030431
2016,2267835,10,2016-11-09 09:23:34,add/drop,Team JoeBa,loss,player,Torrey Smith,WR,SF,,,,-30.93,00-0027996
2016,2267668,10,2016-11-08 14:07:18,drop,Frank & Julian,loss,player,Antone Smith,RB,FA,,,,,00-0026855
2016,2267697,9,2016-11-06 14:27:52,add/drop,GaTTa,gain,player,Zach Ertz,TE,PHI,,,,21.25,00-0030061
2016,2267697,9,2016-11-06 14:27:52,add/drop,GaTTa,loss,player,Wendell Smallwood,RB,PHI,,,,-26.2,00-0032782
2016,2267698,9,2016-11-06 14:24:54,add/drop,GaTTa,gain,player,DuJuan Harris,RB,FA,,,,-26,00-0028409
2016,2267698,9,2016-11-06 14:24:54,add/drop,GaTTa,loss,player,DeAngelo Williams,RB,PIT,,,,-40.8,00-0024242
2016,2267836,9,2016-11-04 18:28:22,add/drop,Team JoeBa,gain,player,Torrey Smith,WR,SF,,,,-40.05,00-0027996
2016,2267836,9,2016-11-04 18:28:22,add/drop,Team JoeBa,loss,player,Michael Floyd,WR,ARI,,,,-29.7,00-0029638
2016,2267699,9,2016-11-04 12:23:17,add,GaTTa,gain,player,Buffalo Bills,DEF,BUF,,,,-11.5,DEF-0004
2016,2267700,9,2016-11-04 12:20:24,add/drop,GaTTa,gain,player,Atlanta Falcons,DEF,ATL,,,,4.5,DEF-0002
2016,2267700,9,2016-11-04 12:20:24,add/drop,GaTTa,loss,player,Chicago Bears,DEF,CHI,,,,-8.5,DEF-0006
2016,2267701,9,2016-11-04 12:17:54,drop,GaTTa,loss,player,Jamaal Charles,RB,FA,,,,,00-0026213
2016,2267899,9,2016-11-03 22:37:09,add/drop,LFTLR,gain,player,Green Bay Packers,DEF,GB,,,,2,DEF-0012
2016,2267899,9,2016-11-03 22:37:09,add/drop,LFTLR,loss,player,Houston Texans,DEF,HOU,,,,-3,DEF-0013
2016,2267727,9,2016-11-03 21:54:24,trade,Cambrias,gain,player,Rob Kelley,RB,FA,,,,7.75,00-0032371
2016,2267727,9,2016-11-03 21:54:24,trade,Cambrias,gain,player,Donte Moncrief,WR,IND,,,,-15.8,00-0031339
2016,2267727,9,2016-11-03 21:54:24,trade,Cambrias,gain,player,Stefon Diggs,WR,MIN,,,,0,00-0031588
2016,2267727,9,2016-11-03 21:54:24,trade,Cambrias,loss,player,Tyler Eifert,TE,FA,,,,-0.45,00-0030549
2016,2267727,9,2016-11-03 21:54:24,trade,Cambrias,loss,player,Ty Montgomery,RB,FA,,,,4.35,00-0032200
2016,2267727,9,2016-11-03 21:54:24,trade,Cambrias,loss,player,Jordan Howard,RB,FA,,,,15.35,00-0032780
2016,2267788,9,2016-11-03 21:54:24,trade,Pung & Tralie,loss,player,Rob Kelley,RB,FA,,,,7.75,00-0032371
2016,2267788,9,2016-11-03 21:54:24,trade,Pung & Tralie,loss,player,Donte Moncrief,WR,IND,,,,-15.8,00-0031339
2016,2267788,9,2016-11-03 21:54:24,trade,Pung & Tralie,loss,player,Stefon Diggs,WR,MIN,,,,0,00-0031588
2016,2267788,9,2016-11-03 21:54:24,trade,Pung & Tralie,gain,player,Tyler Eifert,TE,FA,,,,-0.45,00-0030549
2016,2267788,9,2016-11-03 21:54:24,trade,Pung & Tralie,gain,player,Ty Montgomery,RB,FA,,,,4.35,00-0032200
2016,2267788,9,2016-11-03 21:54:24,trade,Pung & Tralie,gain,player,Jordan Howard,RB,FA,,,,15.35,00-0032780
2016,2267881,9,2016-11-03 20:39:40,add/drop,Antdell & Ernie,gain,player,Miami Dolphins,DEF,MIA,,,,12,DEF-0020
2016,2267881,9,2016-11-03 20:39:40,add/drop,Antdell & Ernie,loss,player,Jesse James,TE,PIT,,,,-20.45,00-0032135
2016,2267643,9,2016-11-03 18:37:59,add/drop,Nolan & Vinny,gain,player,Rishard Matthews,WR,TEN,,,,2.25,00-0029580
2016,2267643,9,2016-11-03 18:37:59,add/drop,Nolan & Vinny,loss,player,Anquan Boldin,WR,DET,,,,-13.4,00-0022084
2016,2267728,9,2016-11-03 01:15:51,trade,Cambrias,gain,player,Tyler Eifert,TE,FA,,,,-0.45,00-0030549
2016,2267728,9,2016-11-03 01:15:51,trade,Cambrias,gain,player,Kelvin Benjamin,TE,CAR,,,,0.95,00-0031359
2016,2267728,9,2016-11-03 01:15:51,trade,Cambrias,loss,player,Tim Hightower,RB,NO,,,,6.85,00-0026289
2016,2267728,9,2016-11-03 01:15:51,trade,Cambrias,loss,player,Mike Evans,WR,TB,,,,22.6,00-0031408
2016,2267859,9,2016-11-03 01:15:51,trade,Chris & Dom,loss,player,Tyler Eifert,TE,FA,,,,-0.45,00-0030549
2016,2267859,9,2016-11-03 01:15:51,trade,Chris & Dom,loss,player,Kelvin Benjamin,TE,CAR,,,,0.95,00-0031359
2016,2267859,9,2016-11-03 01:15:51,trade,Chris & Dom,gain,player,Tim Hightower,RB,NO,,,,6.85,00-0026289
2016,2267859,9,2016-11-03 01:15:51,trade,Chris & Dom,gain,player,Mike Evans,WR,TB,,,,22.6,00-0031408
2016,2267900,9,2016-11-03 01:12:09,add/drop,LFTLR,gain,player,Ryan Tannehill,QB,MIA,,,,-15.74,00-0029701
2016,2267900,9,2016-11-03 01:12:09,add/drop,LFTLR,loss,player,Chris Ivory,RB,FA,,,,-7.1,00-0027531
2016,2267789,9,2016-11-03 00:01:36,add/drop,Pung & Tralie,gain,player,Julius Thomas,TE,JAX,,,,-24.75,00-0028067
2016,2267789,9,2016-11-03 00:01:36,add/drop,Pung & Tralie,loss,player,Alfred Blue,RB,HOU,,,,-23.15,00-0031075
2016,2267669,9,2016-11-02 18:49:20,add/drop,Frank & Julian,gain,player,Antone Smith,RB,FA,,,,-37.75,00-0026855
2016,2267669,9,2016-11-02 18:49:20,add/drop,Frank & Julian,loss,player,Robert Woods,WR,BUF,,,,-26.95,00-0030431
2016,2267670,9,2016-11-02 14:05:52,add/drop,Frank & Julian,gain,player,Lance Kendricks,TE,LAR,,,,-10.3,00-0027985
2016,2267670,9,2016-11-02 14:05:52,add/drop,Frank & Julian,loss,player,Brandon LaFell,WR,CIN,,,,-8.6,00-0027681
2016,2267671,9,2016-11-02 14:03:41,add/drop,Frank & Julian,gain,player,Tyreek Hill,WR,KC,,,,17.45,00-0033040
2016,2267671,9,2016-11-02 14:03:41,add/drop,Frank & Julian,loss,player,Sebastian Janikowski,K,LV,,,,4,00-0019646
2016,2267644,9,2016-11-02 10:57:02,add/drop,Nolan & Vinny,gain,player,Los Angeles Rams,DEF,LAR,,,,-5.5,DEF-0019
2016,2267644,9,2016-11-02 10:57:02,add/drop,Nolan & Vinny,loss,player,Ryan Fitzpatrick,QB,NYJ,,,,-47.96,00-0023682
2016,2267815,9,2016-11-02 10:56:45,add/drop,Rob & GregBo,gain,player,Tavon Austin,WR,LAR,,,,-19.6,00-0030525
2016,2267815,9,2016-11-02 10:56:45,add/drop,Rob & GregBo,loss,player,Chandler Catanzaro,K,ARI,,,,-4,00-0030896
2016,2267645,9,2016-11-02 10:54:15,add/drop,Nolan & Vinny,gain,player,Ryan Fitzpatrick,QB,NYJ,,,,-47.96,00-0023682
2016,2267645,9,2016-11-02 10:54:15,add/drop,Nolan & Vinny,loss,player,Julius Thomas,TE,JAX,,,,-24.75,00-0028067
2016,2267729,9,2016-11-02 09:38:53,add/drop,Cambrias,gain,player,Mohamed Sanu,WR,ATL,,,,-24.25,00-0029632
2016,2267729,9,2016-11-02 09:38:53,add/drop,Cambrias,loss,player,Alex Smith,QB,KC,,,,-12.63,00-0023436
2016,2267730,9,2016-11-02 09:33:10,add/drop,Cambrias,gain,player,Tim Hightower,RB,NO,,,,6.85,00-0026289
2016,2267730,9,2016-11-02 09:33:10,add/drop,Cambrias,loss,player,C.J. Anderson,RB,DEN,,,,,00-0029854
2016,2267638,9,2016-11-02 07:56:00,add/drop,Ronnie,gain,player,Josh Lambo,K,LAC,,,,-11.5,00-0032087
2016,2267638,9,2016-11-02 07:56:00,add/drop,Ronnie,loss,player,Dontrelle Inman,WR,LAC,,,,-1.95,00-0028411
2016,2267639,9,2016-11-02 07:56:00,add/drop,Ronnie,gain,player,Pittsburgh Steelers,DEF,PIT,,,,7,DEF-0027
2016,2267639,9,2016-11-02 07:56:00,add/drop,Ronnie,loss,player,Cincinnati Bengals,DEF,CIN,,,,-3,DEF-0007
2016,2267702,9,2016-11-02 07:56:00,add/drop,GaTTa,gain,player,Chicago Bears,DEF,CHI,,,,-8.5,DEF-0006
2016,2267702,9,2016-11-02 07:56:00,add/drop,GaTTa,loss,player,Los Angeles Rams,DEF,LAR,,,,-5.5,DEF-0019
2016,2267760,9,2016-11-02 07:56:00,add/drop,Richie,gain,player,Cameron Brate,TE,TB,,,,16.5,00-0031273
2016,2267760,9,2016-11-02 07:56:00,add/drop,Richie,loss,player,DeAndre Washington,RB,LV,,,,-24.05,00-0032940
2016,2267790,9,2016-11-02 07:56:00,add/drop,Pung & Tralie,gain,player,Dallas Cowboys,DEF,DAL,,,,0,DEF-0009
2016,2267790,9,2016-11-02 07:56:00,add/drop,Pung & Tralie,loss,player,New York Jets,DEF,NYJ,,,,-21.5,DEF-0025
2016,2267791,9,2016-11-02 07:56:00,add/drop,Pung & Tralie,gain,player,Charcandrick West,RB,KC,,,,-23.8,00-0030668
2016,2267791,9,2016-11-02 07:56:00,add/drop,Pung & Tralie,loss,player,Knile Davis,RB,FA,,,,-39.2,00-0030280
2016,2267816,9,2016-11-02 07:56:00,add/drop,Rob & GregBo,gain,player,Brandon McManus,K,DEN,,,,-3.2,00-0029822
2016,2267816,9,2016-11-02 07:56:00,add/drop,Rob & GregBo,loss,player,Don Jackson,RB,FA,,,,-40.05,00-0032636
2016,2267860,9,2016-11-02 07:56:00,add/drop,Chris & Dom,gain,player,Dennis Pitta,TE,BAL,,,,2.55,00-0027714
2016,2267860,9,2016-11-02 07:56:00,add/drop,Chris & Dom,loss,player,DeSean Jackson,WR,WAS,,,,-1.2,00-0026189
2016,2267901,9,2016-11-02 07:56:00,add/drop,LFTLR,gain,player,Graham Gano,K,CAR,,,,4.5,00-0026858
2016,2267901,9,2016-11-02 07:56:00,add/drop,LFTLR,loss,player,Nick Novak,K,HOU,,,,1,00-0023096
2016,2267902,9,2016-11-02 07:56:00,add/drop,LFTLR,gain,player,Eric Ebron,TE,DET,,,,0,00-0031387
2016,2267902,9,2016-11-02 07:56:00,add/drop,LFTLR,loss,player,Zach Ertz,TE,PHI,,,,21.25,00-0030061
2016,2267703,8,2016-10-30 12:58:38,add/drop,GaTTa,gain,player,Wendell Smallwood,RB,PHI,,,,-35.04,00-0032782
2016,2267703,8,2016-10-30 12:58:38,add/drop,GaTTa,loss,player,Charles Clay,TE,BUF,,,,0,00-0028112
2016,2267861,8,2016-10-29 20:17:10,add/drop,Chris & Dom,gain,player,Tyrell Williams,WR,LAC,,,,0.73,00-0032160
2016,2267861,8,2016-10-29 20:17:10,add/drop,Chris & Dom,loss,player,Vernon Davis,TE,WAS,,,,-10.86,00-0024221
2016,2267792,8,2016-10-29 20:02:28,add/drop,Pung & Tralie,gain,player,Alfred Blue,RB,HOU,,,,-27.9,00-0031075
2016,2267792,8,2016-10-29 20:02:28,add/drop,Pung & Tralie,loss,player,Tyrell Williams,WR,LAC,,,,0.73,00-0032160
2016,2267793,8,2016-10-28 04:12:35,add/drop,Pung & Tralie,gain,player,Rob Kelley,RB,FA,,,,12.83,00-0032371
2016,2267793,8,2016-10-28 04:12:35,add/drop,Pung & Tralie,loss,player,Justin Forsett,RB,BAL,,,,-38.36,00-0026373
2016,2267837,8,2016-10-28 03:41:58,add/drop,Team JoeBa,gain,player,Bilal Powell,RB,NYJ,,,,19.07,00-0028064
2016,2267837,8,2016-10-28 03:41:58,add/drop,Team JoeBa,loss,player,Ka'Deem Carey,RB,CHI,,,,-46.35,00-0031057
2016,2267672,8,2016-10-26 14:21:49,add/drop,Frank & Julian,gain,player,Sebastian Janikowski,K,LV,,,,2.25,00-0019646
2016,2267672,8,2016-10-26 14:21:49,add/drop,Frank & Julian,loss,player,Kendall Wright,WR,FA,,,,-29.64,00-0029708
2016,2267673,8,2016-10-26 14:20:29,trade,Frank & Julian,gain,player,Martellus Bennett,TE,NE,,,,-7.26,00-0026201
2016,2267673,8,2016-10-26 14:20:29,trade,Frank & Julian,loss,player,Latavius Murray,RB,LV,,,,24.64,00-0030513
2016,2267731,8,2016-10-26 14:20:29,trade,Cambrias,loss,player,Martellus Bennett,TE,NE,,,,-7.26,00-0026201
2016,2267731,8,2016-10-26 14:20:29,trade,Cambrias,gain,player,Latavius Murray,RB,LV,,,,24.64,00-0030513
2016,2267794,8,2016-10-26 13:31:15,add/drop,Pung & Tralie,gain,player,Knile Davis,RB,FA,,,,-46.69,00-0030280
2016,2267794,8,2016-10-26 13:31:15,add/drop,Pung & Tralie,loss,player,Mike Davis,RB,SF,,,,-49.56,00-0032063
2016,2267862,8,2016-10-26 10:18:58,add/drop,Chris & Dom,gain,player,Carson Palmer,QB,ARI,,,,-1.46,00-0021429
2016,2267862,8,2016-10-26 10:18:58,add/drop,Chris & Dom,loss,player,Jason Myers,K,JAX,,,,0,00-0031492
2016,2267646,8,2016-10-26 09:05:03,add/drop,Nolan & Vinny,gain,player,Anquan Boldin,WR,DET,,,,-18.28,00-0022084
2016,2267646,8,2016-10-26 09:05:03,add/drop,Nolan & Vinny,loss,player,Mohamed Sanu,WR,ATL,,,,-18.11,00-0029632
2016,2267674,8,2016-10-26 09:05:03,add/drop,Frank & Julian,gain,player,Brandon LaFell,WR,CIN,,,,-12.77,00-0027681
2016,2267674,8,2016-10-26 09:05:03,add/drop,Frank & Julian,loss,player,Zach Miller,TE,CHI,,,,-23.79,00-0027125
2016,2267732,8,2016-10-26 09:05:03,add/drop,Cambrias,gain,player,Chris Thompson,RB,WAS,,,,-13.22,00-0030404
2016,2267732,8,2016-10-26 09:05:03,add/drop,Cambrias,loss,player,Tennessee Titans,DEF,TEN,,,,-7.88,DEF-0031
2016,2267761,8,2016-10-26 09:05:03,add/drop,Richie,gain,player,Carolina Panthers,DEF,CAR,,,,13.5,DEF-0005
2016,2267761,8,2016-10-26 09:05:03,add/drop,Richie,loss,player,Baltimore Ravens,DEF,BAL,,,,3.94,DEF-0003
2016,2267795,8,2016-10-26 09:05:03,add/drop,Pung & Tralie,gain,player,New York Jets,DEF,NYJ,,,,-24.75,DEF-0025
2016,2267795,8,2016-10-26 09:05:03,add/drop,Pung & Tralie,loss,player,Buffalo Bills,DEF,BUF,,,,-15.19,DEF-0004
2016,2267817,8,2016-10-26 09:05:03,add/drop,Rob & GregBo,gain,player,Dorial Green-Beckham,WR,PHI,,,,-31.05,00-0032218
2016,2267817,8,2016-10-26 09:05:03,add/drop,Rob & GregBo,loss,player,Arian Foster,RB,MIA,,,,,00-0026796
2016,2267838,8,2016-10-26 09:05:03,add/drop,Team JoeBa,gain,player,Ka'Deem Carey,RB,CHI,,,,-46.35,00-0031057
2016,2267838,8,2016-10-26 09:05:03,add/drop,Team JoeBa,loss,player,Bobby Rainey,RB,TB,,,,-47.76,00-0029384
2016,2267903,8,2016-10-26 09:05:03,add/drop,LFTLR,gain,player,Jack Doyle,TE,IND,,,,-13.05,00-0030181
2016,2267903,8,2016-10-26 09:05:03,add/drop,LFTLR,loss,player,Eric Ebron,TE,DET,,,,3.77,00-0031387
2016,2267863,7,2016-10-22 21:50:33,add/drop,Chris & Dom,gain,player,Jason Myers,K,JAX,,,,1.25,00-0031492
2016,2267863,7,2016-10-22 21:50:33,add/drop,Chris & Dom,loss,player,Carson Palmer,QB,ARI,,,,-1.91,00-0021429
2016,2267864,7,2016-10-22 21:32:12,add/drop,Chris & Dom,gain,player,Vernon Davis,TE,WAS,,,,-6.44,00-0024221
2016,2267864,7,2016-10-22 21:32:12,add/drop,Chris & Dom,loss,player,Knile Davis,RB,FA,,,,-58.69,00-0030280
2016,2267796,7,2016-10-21 03:01:31,add,Pung & Tralie,gain,player,Davante Adams,WR,GB,,,,32.69,00-0031381
2016,2267839,7,2016-10-20 20:32:21,add/drop,Team JoeBa,gain,player,Bobby Rainey,RB,TB,,,,-59.38,00-0029384
2016,2267839,7,2016-10-20 20:32:21,add/drop,Team JoeBa,loss,player,Dennis Pitta,TE,BAL,,,,-0,00-0027714
2016,2267797,7,2016-10-20 18:40:01,trade,Pung & Tralie,loss,player,Matt Forte,RB,NYJ,,,,3.88,00-0026184
2016,2267797,7,2016-10-20 18:40:01,trade,Pung & Tralie,loss,player,Jeremy Hill,RB,CIN,,,,14.44,00-0031301
2016,2267797,7,2016-10-20 18:40:01,trade,Pung & Tralie,gain,player,Doug Martin,RB,TB,,,,-19.69,00-0029613
2016,2267882,7,2016-10-20 18:40:01,trade,Antdell & Ernie,gain,player,Matt Forte,RB,NYJ,,,,3.88,00-0026184
2016,2267882,7,2016-10-20 18:40:01,trade,Antdell & Ernie,gain,player,Jeremy Hill,RB,CIN,,,,14.44,00-0031301
2016,2267882,7,2016-10-20 18:40:01,trade,Antdell & Ernie,loss,player,Doug Martin,RB,TB,,,,-19.69,00-0029613
2016,2267883,7,2016-10-20 18:12:42,drop,Antdell & Ernie,loss,player,Eddie Lacy,RB,GB,,,,,00-0030485
2016,2267798,7,2016-10-20 17:15:31,add/drop,Pung & Tralie,gain,player,Mike Davis,RB,SF,,,,-56.88,00-0032063
2016,2267798,7,2016-10-20 17:15:31,add/drop,Pung & Tralie,loss,player,Bobby Rainey,RB,TB,,,,-59.38,00-0029384
2016,2267647,7,2016-10-20 17:13:36,add/drop,Nolan & Vinny,gain,player,James Starks,RB,GB,,,,-35.25,00-0027791
2016,2267647,7,2016-10-20 17:13:36,add/drop,Nolan & Vinny,loss,player,Bilal Powell,RB,NYJ,,,,15.44,00-0028064
2016,2267865,7,2016-10-19 19:05:24,add/drop,Chris & Dom,gain,player,Mike Gillislee,RB,BUF,,,,-13.63,00-0030433
2016,2267865,7,2016-10-19 19:05:24,add/drop,Chris & Dom,loss,player,Vernon Davis,TE,WAS,,,,-6.44,00-0024221
2016,2267799,7,2016-10-19 16:02:31,add/drop,Pung & Tralie,gain,player,Corey Coleman,WR,CLE,,,,-44.63,00-0032966
2016,2267799,7,2016-10-19 16:02:31,add/drop,Pung & Tralie,loss,player,Dwayne Allen,TE,IND,,,,-22.06,00-0029689
2016,2267818,7,2016-10-19 15:58:33,add/drop,Rob & GregBo,gain,player,Don Jackson,RB,FA,,,,-60.56,00-0032636
2016,2267818,7,2016-10-19 15:58:33,add/drop,Rob & GregBo,loss,player,Tyrod Taylor,QB,BUF,,,,10.51,00-0028118
2016,2267675,7,2016-10-19 13:16:13,add/drop,Frank & Julian,gain,player,Kendall Wright,WR,FA,,,,-38.13,00-0029708
2016,2267675,7,2016-10-19 13:16:13,add/drop,Frank & Julian,loss,player,Eddie Royal,WR,CHI,,,,-69.63,00-0026182
2016,2267762,7,2016-10-19 12:34:51,add/drop,Richie,gain,player,Baltimore Ravens,DEF,BAL,,,,6.88,DEF-0003
2016,2267762,7,2016-10-19 12:34:51,add/drop,Richie,loss,player,Pittsburgh Steelers,DEF,PIT,,,,0.63,DEF-0027
2016,2267840,7,2016-10-19 10:12:25,add/drop,Team JoeBa,gain,player,Caleb Sturgis,K,PHI,,,,3.13,00-0030390
2016,2267840,7,2016-10-19 10:12:25,add/drop,Team JoeBa,loss,player,Graham Gano,K,CAR,,,,3.13,00-0026858
2016,2267648,7,2016-10-19 09:04:13,add,Nolan & Vinny,gain,player,Mohamed Sanu,WR,ATL,,,,-25.06,00-0029632
2016,2267676,7,2016-10-19 09:04:13,add/drop,Frank & Julian,gain,player,Jacquizz Rodgers,RB,FA,,,,-28.88,00-0028083
2016,2267676,7,2016-10-19 09:04:13,add/drop,Frank & Julian,loss,player,Tavon Austin,WR,LAR,,,,-21.94,00-0030525
2016,2267733,7,2016-10-19 09:04:13,add/drop,Cambrias,gain,player,Ty Montgomery,RB,FA,,,,8.06,00-0032200
2016,2267733,7,2016-10-19 09:04:13,add/drop,Cambrias,loss,player,Davante Adams,WR,GB,,,,32.69,00-0031381
2016,2267763,7,2016-10-19 09:04:13,add/drop,Richie,gain,player,Kenny Britt,WR,LAR,,,,-7.19,00-0027006
2016,2267763,7,2016-10-19 09:04:13,add/drop,Richie,loss,player,Kenneth Dixon,RB,FA,,,,-10.44,00-0032411
2016,2267764,7,2016-10-19 09:04:13,add/drop,Richie,gain,player,Jay Ajayi,RB,FA,,,,24.06,00-0031590
2016,2267764,7,2016-10-19 09:04:13,add/drop,Richie,loss,player,Jeremy Langford,RB,CHI,,,,-39.94,00-0031569
2016,2267841,7,2016-10-19 09:04:13,add/drop,Team JoeBa,gain,player,Kansas City Chiefs,DEF,KC,,,,16.25,DEF-0016
2016,2267841,7,2016-10-19 09:04:13,add/drop,Team JoeBa,loss,player,Carolina Panthers,DEF,CAR,,,,7.5,DEF-0005
2016,2267866,7,2016-10-19 09:04:13,add/drop,Chris & Dom,gain,player,Knile Davis,RB,FA,,,,-58.69,00-0030280
2016,2267866,7,2016-10-19 09:04:13,add/drop,Chris & Dom,loss,player,Jeremy Kerley,WR,SF,,,,-33.44,00-0028091
2016,2267904,7,2016-10-19 09:04:13,add,LFTLR,gain,player,Chris Ivory,RB,FA,,,,-14.56,00-0027531
2016,2267649,6,2016-10-17 17:11:19,drop,Nolan & Vinny,loss,player,Tajae Sharpe,WR,TEN,,,,-43.31,00-0032778
2016,2267677,6,2016-10-17 08:00:49,drop,Frank & Julian,loss,player,Thomas Rawls,RB,SEA,,,,-38.09,00-0031897
2016,2267678,6,2016-10-17 08:00:49,trade,Frank & Julian,gain,player,Tavon Austin,WR,LAR,,,,-29.15,00-0030525
2016,2267678,6,2016-10-17 08:00:49,trade,Frank & Julian,gain,player,Lamar Miller,RB,HOU,,,,15.13,00-0029615
2016,2267678,6,2016-10-17 08:00:49,trade,Frank & Julian,gain,player,Quincy Enunwa,WR,NYJ,,,,-26.13,00-0031023
2016,2267678,6,2016-10-17 08:00:49,trade,Frank & Julian,loss,player,Melvin Gordon,RB,LAC,,,,31.35,00-0032144
2016,2267678,6,2016-10-17 08:00:49,trade,Frank & Julian,loss,player,Terrelle Pryor,WR,CLE,,,,-5.2,00-0028825
2016,2267905,6,2016-10-17 08:00:49,trade,LFTLR,loss,player,Tavon Austin,WR,LAR,,,,-29.15,00-0030525
2016,2267905,6,2016-10-17 08:00:49,trade,LFTLR,loss,player,Lamar Miller,RB,HOU,,,,15.13,00-0029615
2016,2267905,6,2016-10-17 08:00:49,trade,LFTLR,loss,player,Quincy Enunwa,WR,NYJ,,,,-26.13,00-0031023
2016,2267905,6,2016-10-17 08:00:49,trade,LFTLR,gain,player,Melvin Gordon,RB,LAC,,,,31.35,00-0032144
2016,2267905,6,2016-10-17 08:00:49,trade,LFTLR,gain,player,Terrelle Pryor,WR,CLE,,,,-5.2,00-0028825
2016,2267765,6,2016-10-14 16:25:09,add/drop,Richie,gain,player,Derrick Henry,RB,TEN,,,,-28.94,00-0032764
2016,2267765,6,2016-10-14 16:25:09,add/drop,Richie,loss,player,Fozzy Whittaker,RB,CAR,,,,-63.04,00-0029731
2016,2267884,6,2016-10-14 12:53:56,add/drop,Antdell & Ernie,gain,player,Jesse James,TE,PIT,,,,-39.26,00-0032135
2016,2267884,6,2016-10-14 12:53:56,add/drop,Antdell & Ernie,loss,player,Derrick Henry,RB,TEN,,,,-28.94,00-0032764
2016,2267800,6,2016-10-14 02:30:19,add/drop,Pung & Tralie,gain,player,Hunter Henry,TE,LAC,,,,-17.67,00-0033090
2016,2267800,6,2016-10-14 02:30:19,add/drop,Pung & Tralie,loss,player,Jacquizz Rodgers,RB,FA,,,,-39.19,00-0028083
2016,2267704,6,2016-10-13 12:40:54,add/drop,GaTTa,gain,player,Charles Clay,TE,BUF,,,,-0,00-0028112
2016,2267704,6,2016-10-13 12:40:54,add/drop,GaTTa,loss,player,Wendell Smallwood,RB,PHI,,,,-50.74,00-0032782
2016,2267705,6,2016-10-13 12:35:57,add/drop,GaTTa,gain,player,Los Angeles Rams,DEF,LAR,,,,-18.56,DEF-0019
2016,2267705,6,2016-10-13 12:35:57,add/drop,GaTTa,loss,player,Las Vegas Raiders,DEF,LV,,,,-3.44,DEF-0017
2016,2267885,6,2016-10-13 01:50:40,add/drop,Antdell & Ernie,gain,player,Spencer Ware,RB,KC,,,,16.23,00-0030414
2016,2267885,6,2016-10-13 01:50:40,add/drop,Antdell & Ernie,loss,player,Markus Wheaton,WR,FA,,,,,00-0030460
2016,2267867,6,2016-10-12 21:06:58,add/drop,Chris & Dom,gain,player,Vernon Davis,TE,WAS,,,,-5.16,00-0024221
2016,2267867,6,2016-10-12 21:06:58,add/drop,Chris & Dom,loss,player,Los Angeles Rams,DEF,LAR,,,,-18.56,DEF-0019
2016,2267734,6,2016-10-12 18:25:34,add/drop,Cambrias,gain,player,Alex Smith,QB,KC,,,,-19.88,00-0023436
2016,2267734,6,2016-10-12 18:25:34,add/drop,Cambrias,loss,player,Joe Flacco,QB,BAL,,,,-5.29,00-0026158
2016,2267650,6,2016-10-12 16:13:13,add,Nolan & Vinny,gain,player,Rashad Jennings,RB,NYG,,,,-0,00-0027155
2016,2267735,6,2016-10-12 16:07:42,add/drop,Cambrias,gain,player,Davante Adams,WR,GB,,,,30.8,00-0031381
2016,2267735,6,2016-10-12 16:07:42,add/drop,Cambrias,loss,player,Eric Decker,WR,NYJ,,,,,00-0027690
2016,2267706,6,2016-10-12 14:37:21,add/drop,GaTTa,gain,player,DeAngelo Williams,RB,PIT,,,,-75.49,00-0024242
2016,2267706,6,2016-10-12 14:37:21,add/drop,GaTTa,loss,player,Cameron Brate,TE,TB,,,,18.43,00-0031273
2016,2267707,6,2016-10-12 14:34:48,add/drop,GaTTa,gain,player,Coby Fleener,TE,NO,,,,-0.21,00-0029697
2016,2267707,6,2016-10-12 14:34:48,add/drop,GaTTa,loss,player,Jacob Tamme,TE,ATL,,,,-54.52,00-0026267
2016,2267819,6,2016-10-12 13:15:03,add/drop,Rob & GregBo,gain,player,Cameron Meredith,WR,FA,,,,-1.31,00-0031912
2016,2267819,6,2016-10-12 13:15:03,add/drop,Rob & GregBo,loss,player,Ryan Tannehill,QB,MIA,,,,-30.66,00-0029701
2016,2267651,6,2016-10-12 11:05:06,drop,Nolan & Vinny,loss,player,Josh Lambo,K,LAC,,,,-12.38,00-0032087
2016,2267736,6,2016-10-12 09:26:44,add/drop,Cambrias,gain,player,Cairo Santos,K,KC,,,,2.75,00-0031203
2016,2267736,6,2016-10-12 09:26:44,add/drop,Cambrias,loss,player,Blair Walsh,K,MIN,,,,-50.88,00-0029576
2016,2267737,6,2016-10-12 08:52:25,add/drop,Cambrias,gain,player,Tennessee Titans,DEF,TEN,,,,-16.5,DEF-0031
2016,2267737,6,2016-10-12 08:52:25,add/drop,Cambrias,loss,player,Spencer Ware,RB,KC,,,,16.23,00-0030414
2016,2267738,6,2016-10-12 08:52:25,add/drop,Cambrias,gain,player,Devontae Booker,RB,DEN,,,,-9.9,00-0032972
2016,2267738,6,2016-10-12 08:52:25,add/drop,Cambrias,loss,player,Rashad Jennings,RB,NYG,,,,-0,00-0027155
2016,2267801,6,2016-10-12 08:52:25,add/drop,Pung & Tralie,gain,player,Justin Forsett,RB,BAL,,,,-56.86,00-0026373
2016,2267801,6,2016-10-12 08:52:25,add/drop,Pung & Tralie,loss,player,DeAngelo Williams,RB,PIT,,,,-75.49,00-0024242
2016,2267868,6,2016-10-12 08:52:25,add,Chris & Dom,gain,player,Jeremy Kerley,WR,SF,,,,-43.45,00-0028091
2016,2267886,6,2016-10-12 08:52:25,add,Antdell & Ernie,gain,player,Derrick Henry,RB,TEN,,,,-28.94,00-0032764
2016,2267887,6,2016-10-12 08:52:25,add/drop,Antdell & Ernie,gain,player,Sammie Coates,WR,PIT,,,,-87.38,00-0032166
2016,2267887,6,2016-10-12 08:52:25,add/drop,Antdell & Ernie,loss,player,Charles Sims,RB,TB,,,,-61.74,00-0031390
2016,2267906,6,2016-10-12 08:52:25,add/drop,LFTLR,gain,player,Tavon Austin,WR,LAR,,,,-29.15,00-0030525
2016,2267906,6,2016-10-12 08:52:25,add/drop,LFTLR,loss,player,Danny Amendola,WR,NE,,,,-66.07,00-0026035
2016,2267820,6,2016-10-12 00:09:10,trade,Rob & GregBo,gain,player,Darren Sproles,RB,PHI,,,,-1.99,00-0023564
2016,2267820,6,2016-10-12 00:09:10,trade,Rob & GregBo,gain,player,Drew Brees,QB,NO,,,,42.65,00-0020531
2016,2267820,6,2016-10-12 00:09:10,trade,Rob & GregBo,loss,player,Tevin Coleman,RB,ATL,,,,-19.94,00-0032058
2016,2267820,6,2016-10-12 00:09:10,trade,Rob & GregBo,loss,player,Danny Amendola,WR,NE,,,,-66.07,00-0026035
2016,2267907,6,2016-10-12 00:09:10,trade,LFTLR,loss,player,Darren Sproles,RB,PHI,,,,-1.99,00-0023564
2016,2267907,6,2016-10-12 00:09:10,trade,LFTLR,loss,player,Drew Brees,QB,NO,,,,42.65,00-0020531
2016,2267907,6,2016-10-12 00:09:10,trade,LFTLR,gain,player,Tevin Coleman,RB,ATL,,,,-19.94,00-0032058
2016,2267907,6,2016-10-12 00:09:10,trade,LFTLR,gain,player,Danny Amendola,WR,NE,,,,-66.07,00-0026035
2016,2267888,6,2016-10-11 16:45:31,drop,Antdell & Ernie,loss,player,Hunter Henry,TE,LAC,,,,-17.67,00-0033090
2016,2267802,5,2016-10-09 06:18:53,add/drop,Pung & Tralie,gain,player,Jacquizz Rodgers,RB,FA,,,,-35.1,00-0028083
2016,2267802,5,2016-10-09 06:18:53,add/drop,Pung & Tralie,loss,player,Anquan Boldin,WR,DET,,,,-21.9,00-0022084
2016,2267739,5,2016-10-07 17:17:20,trade,Cambrias,gain,player,Philip Rivers,QB,LAC,,,,-7.54,00-0022942
2016,2267739,5,2016-10-07 17:17:20,trade,Cambrias,loss,player,Jeremy Hill,RB,CIN,,,,8.18,00-0031301
2016,2267803,5,2016-10-07 17:17:20,trade,Pung & Tralie,loss,player,Philip Rivers,QB,LAC,,,,-7.54,00-0022942
2016,2267803,5,2016-10-07 17:17:20,trade,Pung & Tralie,gain,player,Jeremy Hill,RB,CIN,,,,8.18,00-0031301
2016,2267640,5,2016-10-06 18:14:17,add/drop,Ronnie,gain,player,Dontrelle Inman,WR,LAC,,,,-18.68,00-0028411
2016,2267640,5,2016-10-06 18:14:17,add/drop,Ronnie,loss,player,Malcolm Mitchell,WR,NE,,,,-44.78,00-0032400
2016,2267766,5,2016-10-06 08:55:07,add/drop,Richie,gain,player,DeAndre Washington,RB,LV,,,,-47.63,00-0032940
2016,2267766,5,2016-10-06 08:55:07,add/drop,Richie,loss,player,Kansas City Chiefs,DEF,KC,,,,18.75,DEF-0016
2016,2267767,5,2016-10-05 20:27:34,add/drop,Richie,gain,player,Pittsburgh Steelers,DEF,PIT,,,,-2.25,DEF-0027
2016,2267767,5,2016-10-05 20:27:34,add/drop,Richie,loss,player,Mohamed Sanu,WR,ATL,,,,-33.68,00-0029632
2016,2267768,5,2016-10-05 20:20:47,add/drop,Richie,gain,player,Fozzy Whittaker,RB,CAR,,,,-69.75,00-0029731
2016,2267768,5,2016-10-05 20:20:47,add/drop,Richie,loss,player,Tyler Lockett,WR,SEA,,,,-30.83,00-0032211
2016,2267708,5,2016-10-05 20:08:49,drop,GaTTa,loss,player,Adam Humphries,WR,TB,,,,-53.18,00-0032009
2016,2267709,5,2016-10-05 20:08:49,trade,GaTTa,gain,player,Kyle Rudolph,TE,MIN,,,,10.05,00-0027981
2016,2267709,5,2016-10-05 20:08:49,trade,GaTTa,gain,player,Emmanuel Sanders,WR,DEN,,,,-3,00-0027685
2016,2267709,5,2016-10-05 20:08:49,trade,GaTTa,loss,player,Kelvin Benjamin,TE,CAR,,,,3.15,00-0031359
2016,2267869,5,2016-10-05 20:08:49,trade,Chris & Dom,loss,player,Kyle Rudolph,TE,MIN,,,,10.05,00-0027981
2016,2267869,5,2016-10-05 20:08:49,trade,Chris & Dom,loss,player,Emmanuel Sanders,WR,DEN,,,,-3,00-0027685
2016,2267869,5,2016-10-05 20:08:49,trade,Chris & Dom,gain,player,Kelvin Benjamin,TE,CAR,,,,3.15,00-0031359
2016,2267870,5,2016-10-05 18:47:37,add,Chris & Dom,gain,player,Los Angeles Rams,DEF,LAR,,,,-22.5,DEF-0019
2016,2267842,5,2016-10-05 18:45:19,drop,Team JoeBa,loss,player,Chris Ivory,RB,FA,,,,-22.73,00-0027531
2016,2267843,5,2016-10-05 18:45:19,trade,Team JoeBa,loss,player,Jordan Reed,TE,WAS,,,,-11.63,00-0030472
2016,2267843,5,2016-10-05 18:45:19,trade,Team JoeBa,gain,player,Brandin Cooks,WR,NO,,,,29.93,00-0031236
2016,2267843,5,2016-10-05 18:45:19,trade,Team JoeBa,gain,player,Jerick McKinnon,RB,MIN,,,,-19.05,00-0031376
2016,2267871,5,2016-10-05 18:45:19,trade,Chris & Dom,gain,player,Jordan Reed,TE,WAS,,,,-11.63,00-0030472
2016,2267871,5,2016-10-05 18:45:19,trade,Chris & Dom,loss,player,Brandin Cooks,WR,NO,,,,29.93,00-0031236
2016,2267871,5,2016-10-05 18:45:19,trade,Chris & Dom,loss,player,Jerick McKinnon,RB,MIN,,,,-19.05,00-0031376
2016,2267679,5,2016-10-05 18:05:44,trade,Frank & Julian,gain,player,Matt Jones,RB,WAS,,,,-69.6,00-0031939
2016,2267679,5,2016-10-05 18:05:44,trade,Frank & Julian,loss,player,Stefon Diggs,WR,MIN,,,,-14.25,00-0031588
2016,2267804,5,2016-10-05 18:05:44,trade,Pung & Tralie,loss,player,Matt Jones,RB,WAS,,,,-69.6,00-0031939
2016,2267804,5,2016-10-05 18:05:44,trade,Pung & Tralie,gain,player,Stefon Diggs,WR,MIN,,,,-14.25,00-0031588
2016,2267740,5,2016-10-05 13:27:32,add/drop,Cambrias,gain,player,Dion Lewis,RB,FA,,,,-53.33,00-0028087
2016,2267740,5,2016-10-05 13:27:32,add/drop,Cambrias,loss,player,Dwayne Washington,RB,DET,,,,-64.5,00-0032450
2016,2267805,5,2016-10-05 12:49:33,add/drop,Pung & Tralie,gain,player,Dan Carpenter,K,BUF,,,,-19.2,00-0026003
2016,2267805,5,2016-10-05 12:49:33,add/drop,Pung & Tralie,loss,player,Cairo Santos,K,KC,,,,-1.2,00-0031203
2016,2267652,5,2016-10-05 11:08:50,add/drop,Nolan & Vinny,gain,player,James White,RB,NE,,,,6.15,00-0031062
2016,2267652,5,2016-10-05 11:08:50,add/drop,Nolan & Vinny,loss,player,Orleans Darkwa,RB,FA,,,,-88.13,00-0030860
2016,2267653,5,2016-10-05 10:41:56,add/drop,Nolan & Vinny,gain,player,Josh Lambo,K,LAC,,,,-12.45,00-0032087
2016,2267653,5,2016-10-05 10:41:56,add/drop,Nolan & Vinny,loss,player,Victor Cruz,WR,NYG,,,,-67.43,00-0027265
2016,2267654,5,2016-10-05 09:03:28,add/drop,Nolan & Vinny,gain,player,Bilal Powell,RB,NYJ,,,,16.88,00-0028064
2016,2267654,5,2016-10-05 09:03:28,add/drop,Nolan & Vinny,loss,player,Derrick Henry,RB,TEN,,,,-33.3,00-0032764
2016,2267680,5,2016-10-05 09:03:28,add,Frank & Julian,gain,player,Robert Woods,WR,BUF,,,,-51.53,00-0030431
2016,2267681,5,2016-10-05 09:03:28,add,Frank & Julian,gain,player,Eddie Royal,WR,CHI,,,,-87.38,00-0026182
2016,2267710,5,2016-10-05 09:03:28,add/drop,GaTTa,gain,player,Terrance West,RB,BAL,,,,6.6,00-0031375
2016,2267710,5,2016-10-05 09:03:28,add/drop,GaTTa,loss,player,Josh Gordon,WR,FA,,,,,00-0029664
2016,2267806,5,2016-10-05 09:03:28,add/drop,Pung & Tralie,gain,player,Bobby Rainey,RB,TB,,,,-71.4,00-0029384
2016,2267806,5,2016-10-05 09:03:28,add/drop,Pung & Tralie,loss,player,Kevin White,WR,CHI,,,,,00-0031545
2016,2267807,5,2016-10-05 09:03:28,add/drop,Pung & Tralie,gain,player,Buffalo Bills,DEF,BUF,,,,-20.25,DEF-0004
2016,2267807,5,2016-10-05 09:03:28,add/drop,Pung & Tralie,loss,player,Washington Commanders,DEF,WAS,,,,-13.5,DEF-0032
2016,2267821,5,2016-10-05 09:03:28,add/drop,Rob & GregBo,gain,player,Danny Amendola,WR,NE,,,,-79.43,00-0026035
2016,2267821,5,2016-10-05 09:03:28,add/drop,Rob & GregBo,loss,player,Pittsburgh Steelers,DEF,PIT,,,,-2.25,DEF-0027
2016,2267889,5,2016-10-05 09:03:28,add/drop,Antdell & Ernie,gain,player,Hunter Henry,TE,LAC,,,,-16.2,00-0033090
2016,2267889,5,2016-10-05 09:03:28,add/drop,Antdell & Ernie,loss,player,Coby Fleener,TE,NO,,,,-9.45,00-0029697
2016,2267890,5,2016-10-05 09:03:28,add/drop,Antdell & Ernie,gain,player,Mason Crosby,K,GB,,,,4.05,00-0025580
2016,2267890,5,2016-10-05 09:03:28,add/drop,Antdell & Ernie,loss,player,Josh Lambo,K,LAC,,,,-12.45,00-0032087
2016,2267908,4,2016-10-02 13:43:20,add/drop,LFTLR,gain,player,Houston Texans,DEF,HOU,,,,-19.5,DEF-0013
2016,2267908,4,2016-10-02 13:43:20,add/drop,LFTLR,loss,player,Green Bay Packers,DEF,GB,,,,-3.25,DEF-0012
2016,2267741,4,2016-10-01 23:36:10,add/drop,Cambrias,gain,player,Martellus Bennett,TE,NE,,,,6.42,00-0026201
2016,2267741,4,2016-10-01 23:36:10,add/drop,Cambrias,loss,player,Dexter McCluster,RB,FA,,,,-92.87,00-0027651
2016,2267655,4,2016-10-01 21:18:56,drop,Nolan & Vinny,loss,player,Houston Texans,DEF,HOU,,,,-19.5,DEF-0013
2016,2267656,4,2016-10-01 21:18:56,trade,Nolan & Vinny,gain,player,Orleans Darkwa,RB,FA,,,,-89.62,00-0030860
2016,2267656,4,2016-10-01 21:18:56,trade,Nolan & Vinny,gain,player,Amari Cooper,WR,LV,,,,20.07,00-0031544
2016,2267656,4,2016-10-01 21:18:56,trade,Nolan & Vinny,gain,player,New England Patriots,DEF,NE,,,,7.31,DEF-0022
2016,2267656,4,2016-10-01 21:18:56,trade,Nolan & Vinny,loss,player,Latavius Murray,RB,LV,,,,28.76,00-0030513
2016,2267656,4,2016-10-01 21:18:56,trade,Nolan & Vinny,loss,player,Mike Wallace,WR,BAL,,,,-0.33,00-0026901
2016,2267682,4,2016-10-01 21:18:56,trade,Frank & Julian,loss,player,Orleans Darkwa,RB,FA,,,,-89.62,00-0030860
2016,2267682,4,2016-10-01 21:18:56,trade,Frank & Julian,loss,player,Amari Cooper,WR,LV,,,,20.07,00-0031544
2016,2267682,4,2016-10-01 21:18:56,trade,Frank & Julian,loss,player,New England Patriots,DEF,NE,,,,7.31,DEF-0022
2016,2267682,4,2016-10-01 21:18:56,trade,Frank & Julian,gain,player,Latavius Murray,RB,LV,,,,28.76,00-0030513
2016,2267682,4,2016-10-01 21:18:56,trade,Frank & Julian,gain,player,Mike Wallace,WR,BAL,,,,-0.33,00-0026901
2016,2267808,4,2016-09-29 18:01:55,add/drop,Pung & Tralie,gain,player,Anquan Boldin,WR,DET,,,,-20.72,00-0022084
2016,2267808,4,2016-09-29 18:01:55,add/drop,Pung & Tralie,loss,player,Tavon Austin,WR,LAR,,,,-34.45,00-0030525
2016,2267769,4,2016-09-29 16:21:15,add/drop,Richie,gain,player,Kansas City Chiefs,DEF,KC,,,,14.63,DEF-0016
2016,2267769,4,2016-09-29 16:21:15,add/drop,Richie,loss,player,Miami Dolphins,DEF,MIA,,,,2.44,DEF-0020
2016,2267683,4,2016-09-29 15:38:44,drop,Frank & Julian,loss,player,Trey Burton,TE,FA,,,,-57.28,00-0030710
2016,2267891,4,2016-09-29 10:28:47,add/drop,Antdell & Ernie,gain,player,Josh Lambo,K,LAC,,,,-11.38,00-0032087
2016,2267891,4,2016-09-29 10:28:47,add/drop,Antdell & Ernie,loss,player,Mason Crosby,K,GB,,,,-2.44,00-0025580
2016,2267742,4,2016-09-29 09:44:34,add/drop,Cambrias,gain,player,Steve Smith,WR,BAL,,,,-4.23,00-0020337
2016,2267742,4,2016-09-29 09:44:34,add/drop,Cambrias,loss,player,Clive Walford,TE,LV,,,,-49.16,00-0032256
2016,2267711,4,2016-09-29 03:18:27,add/drop,GaTTa,gain,player,Duke Johnson,RB,CLE,,,,-7.39,00-0032257
2016,2267711,4,2016-09-29 03:18:27,add/drop,GaTTa,loss,player,Robert Woods,WR,BUF,,,,-47.29,00-0030431
2016,2267712,4,2016-09-29 03:05:49,add/drop,GaTTa,gain,player,Cameron Brate,TE,TB,,,,17.31,00-0031273
2016,2267712,4,2016-09-29 03:05:49,add/drop,GaTTa,loss,player,Martellus Bennett,TE,NE,,,,6.42,00-0026201
2016,2267713,4,2016-09-28 20:23:06,add/drop,GaTTa,gain,player,Wendell Smallwood,RB,PHI,,,,-69.14,00-0032782
2016,2267713,4,2016-09-28 20:23:06,add/drop,GaTTa,loss,player,Jesse James,TE,PIT,,,,-43.31,00-0032135
2016,2267714,4,2016-09-28 20:21:37,add/drop,GaTTa,gain,player,Adam Humphries,WR,TB,,,,-60.86,00-0032009
2016,2267714,4,2016-09-28 20:21:37,add/drop,GaTTa,loss,player,James White,RB,NE,,,,12.84,00-0031062
2016,2267715,4,2016-09-28 20:19:34,add/drop,GaTTa,gain,player,Robert Woods,WR,BUF,,,,-47.29,00-0030431
2016,2267715,4,2016-09-28 20:19:34,add/drop,GaTTa,loss,player,Shane Vereen,RB,NYG,,,,-94.41,00-0027994
2016,2267822,4,2016-09-28 18:03:30,add,Rob & GregBo,gain,player,Pittsburgh Steelers,DEF,PIT,,,,0.81,DEF-0027
2016,2267823,4,2016-09-28 18:03:11,drop,Rob & GregBo,loss,player,Kansas City Chiefs,DEF,KC,,,,14.63,DEF-0016
2016,2267770,4,2016-09-28 17:28:15,add/drop,Richie,gain,player,Kenneth Dixon,RB,FA,,,,-28.52,00-0032411
2016,2267770,4,2016-09-28 17:28:15,add/drop,Richie,loss,player,C.J. Uzomah,TE,CIN,,,,-73.37,00-0032134
2016,2267844,4,2016-09-28 15:26:17,add/drop,Team JoeBa,gain,player,Marcus Mariota,QB,TEN,,,,14.79,00-0032268
2016,2267844,4,2016-09-28 15:26:17,add/drop,Team JoeBa,loss,player,Phillip Dorsett,WR,IND,,,,-67.93,00-0032208
2016,2267657,4,2016-09-28 07:52:50,add/drop,Nolan & Vinny,gain,player,Andy Dalton,QB,CIN,,,,-2.71,00-0027973
2016,2267657,4,2016-09-28 07:52:50,add/drop,Nolan & Vinny,loss,player,Ryan Fitzpatrick,QB,NYJ,,,,-97.87,00-0023682
2016,2267658,4,2016-09-28 07:52:50,add/drop,Nolan & Vinny,gain,player,Adrian Peterson,RB,MIN,,,,-98.23,00-0025394
2016,2267658,4,2016-09-28 07:52:50,add/drop,Nolan & Vinny,loss,player,Rishard Matthews,WR,TEN,,,,12.68,00-0029580
2016,2267684,4,2016-09-28 07:52:50,add/drop,Frank & Julian,gain,player,Orleans Darkwa,RB,FA,,,,-89.62,00-0030860
2016,2267684,4,2016-09-28 07:52:50,add/drop,Frank & Julian,loss,player,Fozzy Whittaker,RB,CAR,,,,-63.7,00-0029731
2016,2267685,4,2016-09-28 07:52:50,add,Frank & Julian,gain,player,Zach Miller,TE,CHI,,,,-30.39,00-0027125
2016,2267809,4,2016-09-28 07:52:50,add/drop,Pung & Tralie,gain,player,Washington Commanders,DEF,WAS,,,,-12.19,DEF-0032
2016,2267809,4,2016-09-28 07:52:50,add/drop,Pung & Tralie,loss,player,Tampa Bay Buccaneers,DEF,TB,,,,17.06,DEF-0030
2016,2267824,4,2016-09-28 07:52:50,add,Rob & GregBo,gain,player,Kansas City Chiefs,DEF,KC,,,,14.63,DEF-0016
2016,2267845,4,2016-09-28 07:52:50,add/drop,Team JoeBa,gain,player,Jamison Crowder,WR,WAS,,,,-1.06,00-0031941
2016,2267845,4,2016-09-28 07:52:50,add/drop,Team JoeBa,loss,player,Justin Forsett,RB,BAL,,,,-76.38,00-0026373
2016,2267825,3,2016-09-26 21:15:30,drop,Rob & GregBo,loss,player,Torrey Smith,WR,SF,,,,-107.8,00-0027996
2016,2267743,3,2016-09-25 15:35:00,add/drop,Cambrias,gain,player,Clive Walford,TE,LV,,,,-53.38,00-0032256
2016,2267743,3,2016-09-25 15:35:00,add/drop,Cambrias,loss,player,Andy Dalton,QB,CIN,,,,-6.81,00-0027973
2016,2267892,3,2016-09-23 11:19:33,add/drop,Antdell & Ernie,gain,player,Markus Wheaton,WR,FA,,,,-133.88,00-0030460
2016,2267892,3,2016-09-23 11:19:33,add/drop,Antdell & Ernie,loss,player,Vincent Jackson,WR,TB,,,,-131.25,00-0023496
2016,2267872,3,2016-09-22 22:23:22,add/drop,Chris & Dom,gain,player,Kyle Rudolph,TE,MIN,,,,30.63,00-0027981
2016,2267872,3,2016-09-22 22:23:22,add/drop,Chris & Dom,loss,player,Zach Miller,TE,CHI,,,,-12.95,00-0027125
2016,2267686,3,2016-09-22 22:11:02,trade,Frank & Julian,loss,player,DeSean Jackson,WR,WAS,,,,-15.93,00-0026189
2016,2267686,3,2016-09-22 22:11:02,trade,Frank & Julian,loss,player,David Johnson,RB,ARI,,,,199.24,00-0032187
2016,2267686,3,2016-09-22 22:11:02,trade,Frank & Julian,loss,player,Jerick McKinnon,RB,MIN,,,,-11.2,00-0031376
2016,2267686,3,2016-09-22 22:11:02,trade,Frank & Julian,gain,player,Melvin Gordon,RB,LAC,,,,69.74,00-0032144
2016,2267686,3,2016-09-22 22:11:02,trade,Frank & Julian,gain,player,Stefon Diggs,WR,MIN,,,,-23.8,00-0031588
2016,2267686,3,2016-09-22 22:11:02,trade,Frank & Julian,gain,player,Larry Fitzgerald,WR,ARI,,,,9.8,00-0022921
2016,2267873,3,2016-09-22 22:11:02,trade,Chris & Dom,gain,player,DeSean Jackson,WR,WAS,,,,-15.93,00-0026189
2016,2267873,3,2016-09-22 22:11:02,trade,Chris & Dom,gain,player,David Johnson,RB,ARI,,,,199.24,00-0032187
2016,2267873,3,2016-09-22 22:11:02,trade,Chris & Dom,gain,player,Jerick McKinnon,RB,MIN,,,,-11.2,00-0031376
2016,2267873,3,2016-09-22 22:11:02,trade,Chris & Dom,loss,player,Melvin Gordon,RB,LAC,,,,69.74,00-0032144
2016,2267873,3,2016-09-22 22:11:02,trade,Chris & Dom,loss,player,Stefon Diggs,WR,MIN,,,,-23.8,00-0031588
2016,2267873,3,2016-09-22 22:11:02,trade,Chris & Dom,loss,player,Larry Fitzgerald,WR,ARI,,,,9.8,00-0022921
2016,2267687,3,2016-09-22 20:27:29,drop,Frank & Julian,loss,player,Corey Coleman,WR,CLE,,,,-107.63,00-0032966
2016,2267846,3,2016-09-22 19:18:32,add/drop,Team JoeBa,gain,player,Justin Forsett,RB,BAL,,,,-82.95,00-0026373
2016,2267846,3,2016-09-22 19:18:32,add/drop,Team JoeBa,loss,player,Danny Woodhead,RB,LAC,,,,,00-0026019
2016,2267909,3,2016-09-22 19:10:10,add/drop,LFTLR,gain,player,Quincy Enunwa,WR,NYJ,,,,-41.91,00-0031023
2016,2267909,3,2016-09-22 19:10:10,add/drop,LFTLR,loss,player,DeAndre Washington,RB,LV,,,,-56.26,00-0032940
2016,2267688,3,2016-09-22 18:58:25,add/drop,Frank & Julian,gain,player,Trey Burton,TE,FA,,,,-62.83,00-0030710
2016,2267688,3,2016-09-22 18:58:25,add/drop,Frank & Julian,loss,player,Eli Rogers,WR,PIT,,,,-66.5,00-0031782
2016,2267810,3,2016-09-22 15:34:51,add/drop,Pung & Tralie,gain,player,Tampa Bay Buccaneers,DEF,TB,,,,21,DEF-0030
2016,2267810,3,2016-09-22 15:34:51,add/drop,Pung & Tralie,loss,player,Buffalo Bills,DEF,BUF,,,,-1.75,DEF-0004
2016,2267716,3,2016-09-22 12:19:29,add/drop,GaTTa,gain,player,Jacob Tamme,TE,ATL,,,,-79.89,00-0026267
2016,2267716,3,2016-09-22 12:19:29,add/drop,GaTTa,loss,player,Steve Smith,WR,BAL,,,,-7.79,00-0020337
2016,2267717,3,2016-09-22 12:18:04,add,GaTTa,gain,player,Jesse James,TE,PIT,,,,-48.56,00-0032135
2016,2267659,3,2016-09-22 02:10:58,add,Nolan & Vinny,gain,player,Ryan Fitzpatrick,QB,NYJ,,,,-120.24,00-0023682
2016,2267771,3,2016-09-21 23:15:49,add/drop,Richie,gain,player,Matt Asiata,RB,MIN,,,,-10.5,00-0028198
2016,2267771,3,2016-09-21 23:15:49,add/drop,Richie,loss,player,Jeremy Kerley,WR,SF,,,,-45.94,00-0028091
2016,2267744,3,2016-09-21 22:16:49,add/drop,Cambrias,gain,player,Dwayne Washington,RB,DET,,,,-81.11,00-0032450
2016,2267744,3,2016-09-21 22:16:49,add/drop,Cambrias,loss,player,Markus Wheaton,WR,FA,,,,-133.88,00-0030460
2016,2267689,3,2016-09-21 20:36:38,trade,Frank & Julian,gain,player,Corey Coleman,WR,CLE,,,,-107.63,00-0032966
2016,2267689,3,2016-09-21 20:36:38,trade,Frank & Julian,loss,player,Coby Fleener,TE,NO,,,,1.14,00-0029697
2016,2267893,3,2016-09-21 20:36:38,trade,Antdell & Ernie,loss,player,Corey Coleman,WR,CLE,,,,-107.63,00-0032966
2016,2267893,3,2016-09-21 20:36:38,trade,Antdell & Ernie,gain,player,Coby Fleener,TE,NO,,,,1.14,00-0029697
2016,2267660,3,2016-09-21 20:35:26,trade,Nolan & Vinny,loss,player,Charles Sims,RB,TB,,,,-72.8,00-0031390
2016,2267660,3,2016-09-21 20:35:26,trade,Nolan & Vinny,gain,player,Julius Thomas,TE,JAX,,,,-60.46,00-0028067
2016,2267894,3,2016-09-21 20:35:26,trade,Antdell & Ernie,gain,player,Charles Sims,RB,TB,,,,-72.8,00-0031390
2016,2267894,3,2016-09-21 20:35:26,trade,Antdell & Ernie,loss,player,Julius Thomas,TE,JAX,,,,-60.46,00-0028067
2016,2267718,3,2016-09-21 19:09:47,trade,GaTTa,loss,player,Will Fuller,WR,HOU,,,,-73.41,00-0033127
2016,2267718,3,2016-09-21 19:09:47,trade,GaTTa,loss,player,LeSean McCoy,RB,BUF,,,,116.81,00-0027029
2016,2267718,3,2016-09-21 19:09:47,trade,GaTTa,gain,player,Allen Robinson,WR,JAX,,,,-4.9,00-0031428
2016,2267847,3,2016-09-21 19:09:47,trade,Team JoeBa,gain,player,Will Fuller,WR,HOU,,,,-73.41,00-0033127
2016,2267847,3,2016-09-21 19:09:47,trade,Team JoeBa,gain,player,LeSean McCoy,RB,BUF,,,,116.81,00-0027029
2016,2267847,3,2016-09-21 19:09:47,trade,Team JoeBa,loss,player,Allen Robinson,WR,JAX,,,,-4.9,00-0031428
2016,2267745,3,2016-09-21 19:02:51,add/drop,Cambrias,gain,player,Jordan Howard,RB,FA,,,,69.39,00-0032780
2016,2267745,3,2016-09-21 19:02:51,add/drop,Cambrias,loss,player,Adrian Peterson,RB,MIN,,,,-114.54,00-0025394
2016,2267895,3,2016-09-21 17:34:28,add/drop,Antdell & Ernie,gain,player,Vincent Jackson,WR,TB,,,,-131.25,00-0023496
2016,2267895,3,2016-09-21 17:34:28,add/drop,Antdell & Ernie,loss,player,Duke Johnson,RB,CLE,,,,-5.25,00-0032257
2016,2267661,3,2016-09-21 13:00:09,drop,Nolan & Vinny,loss,player,Ameer Abdullah,RB,DET,,,,,00-0032104
2016,2267746,3,2016-09-21 10:33:46,add/drop,Cambrias,gain,player,Spencer Ware,RB,KC,,,,17.68,00-0030414
2016,2267746,3,2016-09-21 10:33:46,add/drop,Cambrias,loss,player,New York Jets,DEF,NYJ,,,,-50.75,DEF-0025
2016,2267874,3,2016-09-21 10:30:13,add/drop,Chris & Dom,gain,player,Tyler Eifert,TE,FA,,,,-21.26,00-0030549
2016,2267874,3,2016-09-21 10:30:13,add/drop,Chris & Dom,loss,player,Spencer Ware,RB,KC,,,,17.68,00-0030414
2016,2267747,3,2016-09-21 10:10:55,add/drop,Cambrias,gain,player,Dexter McCluster,RB,FA,,,,-106.23,00-0027651
2016,2267747,3,2016-09-21 10:10:55,add/drop,Cambrias,loss,player,Terrance West,RB,BAL,,,,16.45,00-0031375
2016,2267662,3,2016-09-21 07:43:08,add/drop,Nolan & Vinny,gain,player,Victor Cruz,WR,NYG,,,,-83.74,00-0027265
2016,2267662,3,2016-09-21 07:43:08,add/drop,Nolan & Vinny,loss,player,James Starks,RB,GB,,,,-68.69,00-0027791
2016,2267690,3,2016-09-21 07:43:08,add/drop,Frank & Julian,gain,player,Fozzy Whittaker,RB,CAR,,,,-68.08,00-0029731
2016,2267690,3,2016-09-21 07:43:08,add/drop,Frank & Julian,loss,player,Jared Cook,TE,GB,,,,-60.73,00-0027061
2016,2267691,3,2016-09-21 07:43:08,add/drop,Frank & Julian,gain,player,Jerick McKinnon,RB,MIN,,,,-11.2,00-0031376
2016,2267691,3,2016-09-21 07:43:08,add/drop,Frank & Julian,loss,player,Justin Forsett,RB,BAL,,,,-82.95,00-0026373
2016,2267719,3,2016-09-21 07:43:08,add/drop,GaTTa,gain,player,Shane Vereen,RB,NYG,,,,-96.86,00-0027994
2016,2267719,3,2016-09-21 07:43:08,add/drop,GaTTa,loss,player,Dorial Green-Beckham,WR,PHI,,,,-81.03,00-0032218
2016,2267720,3,2016-09-21 07:43:08,add/drop,GaTTa,gain,player,Cole Beasley,WR,DAL,,,,-14,00-0029000
2016,2267720,3,2016-09-21 07:43:08,add/drop,GaTTa,loss,player,Tyler Eifert,TE,FA,,,,-21.26,00-0030549
2016,2267772,3,2016-09-21 07:43:08,add/drop,Richie,gain,player,Miami Dolphins,DEF,MIA,,,,2.63,DEF-0020
2016,2267772,3,2016-09-21 07:43:08,add/drop,Richie,loss,player,Kansas City Chiefs,DEF,KC,,,,40.25,DEF-0016
2016,2267848,3,2016-09-21 07:43:08,add/drop,Team JoeBa,gain,player,Dennis Pitta,TE,BAL,,,,-0,00-0027714
2016,2267848,3,2016-09-21 07:43:08,add/drop,Team JoeBa,loss,player,Marcus Mariota,QB,TEN,,,,7.25,00-0032268
2016,2267849,3,2016-09-20 18:21:21,drop,Team JoeBa,loss,player,Devontae Booker,RB,DEN,,,,-16.89,00-0032972
2016,2267748,2,2016-09-18 16:50:26,add/drop,Cambrias,gain,player,Joe Flacco,QB,BAL,,,,-10.44,00-0026158
2016,2267748,2,2016-09-18 16:50:26,add/drop,Cambrias,loss,player,Brock Osweiler,QB,HOU,,,,-93.75,00-0029682
2016,2267773,2,2016-09-15 21:55:01,add/drop,Richie,gain,player,C.J. Uzomah,TE,CIN,,,,-86.91,00-0032134
2016,2267773,2,2016-09-15 21:55:01,add/drop,Richie,loss,player,Vance McDonald,TE,SF,,,,-48,00-0030470
2016,2267910,2,2016-09-15 02:00:49,add/drop,LFTLR,gain,player,Eric Ebron,TE,DET,,,,-11.63,00-0031387
2016,2267910,2,2016-09-15 02:00:49,add/drop,LFTLR,loss,player,Jordan Cameron,TE,MIA,,,,-104.53,00-0028040
2016,2267692,2,2016-09-15 01:50:38,add/drop,Frank & Julian,gain,player,Isaiah Crowell,RB,CLE,,,,24.56,00-0030656
2016,2267692,2,2016-09-15 01:50:38,add/drop,Frank & Julian,loss,player,Kamar Aiken,WR,BAL,,,,-111.84,00-0028497
2016,2267749,2,2016-09-14 13:05:10,add,Cambrias,gain,player,New York Jets,DEF,NYJ,,,,-58.13,DEF-0025
2016,2267693,2,2016-09-14 07:49:39,add/drop,Frank & Julian,gain,player,Eli Rogers,WR,PIT,,,,-78.28,00-0031782
2016,2267693,2,2016-09-14 07:49:39,add/drop,Frank & Julian,loss,player,Keenan Allen,WR,LAC,,,,,00-0030279
2016,2267774,2,2016-09-14 07:49:39,add/drop,Richie,gain,player,Jeremy Kerley,WR,SF,,,,-52.5,00-0028091
2016,2267774,2,2016-09-14 07:49:39,add/drop,Richie,loss,player,Pierre Garcon,WR,WAS,,,,-2.91,00-0026345
2016,2267811,2,2016-09-14 07:49:39,add/drop,Pung & Tralie,gain,player,Tyrell Williams,WR,LAC,,,,14.34,00-0032160
2016,2267811,2,2016-09-14 07:49:39,add/drop,Pung & Tralie,loss,player,Jesse James,TE,PIT,,,,-46.69,00-0032135
2016,2267850,2,2016-09-14 07:49:39,add/drop,Team JoeBa,gain,player,Marcus Mariota,QB,TEN,,,,9.64,00-0032268
2016,2267850,2,2016-09-14 07:49:39,add/drop,Team JoeBa,loss,player,Robert Griffin III,QB,CLE,,,,-180.24,00-0029665
2016,2267750,1,2016-09-10 17:49:20,add,Cambrias,gain,player,Brock Osweiler,QB,HOU,,,,-102.6,00-0029682
2016,2267775,1,2016-09-10 11:44:22,add/drop,Richie,gain,player,Vance McDonald,TE,SF,,,,-51.3,00-0030470
2016,2267775,1,2016-09-10 11:44:22,add/drop,Richie,loss,player,Jerick McKinnon,RB,MIN,,,,-33.5,00-0031376
2016,2267751,1,2016-09-10 11:38:45,trade,Cambrias,loss,player,Eli Manning,QB,NYG,,,,-35.18,00-0022803
2016,2267751,1,2016-09-10 11:38:45,trade,Cambrias,loss,player,Zach Miller,TE,CHI,,,,-18.8,00-0027125
2016,2267751,1,2016-09-10 11:38:45,trade,Cambrias,loss,player,Larry Fitzgerald,WR,ARI,,,,34.6,00-0022921
2016,2267751,1,2016-09-10 11:38:45,trade,Cambrias,gain,player,Delanie Walker,TE,TEN,,,,41.2,00-0024389
2016,2267875,1,2016-09-10 11:38:45,drop,Chris & Dom,loss,player,Eric Ebron,TE,DET,,,,-6.3,00-0031387
2016,2267876,1,2016-09-10 11:38:45,drop,Chris & Dom,loss,player,Sammie Coates,WR,PIT,,,,-116,00-0032166
2016,2267877,1,2016-09-10 11:38:45,trade,Chris & Dom,gain,player,Eli Manning,QB,NYG,,,,-35.18,00-0022803
2016,2267877,1,2016-09-10 11:38:45,trade,Chris & Dom,gain,player,Zach Miller,TE,CHI,,,,-18.8,00-0027125
2016,2267877,1,2016-09-10 11:38:45,trade,Chris & Dom,gain,player,Larry Fitzgerald,WR,ARI,,,,34.6,00-0022921
2016,2267877,1,2016-09-10 11:38:45,trade,Chris & Dom,loss,player,Delanie Walker,TE,TEN,,,,41.2,00-0024389
2016,2267721,1,2016-09-09 13:11:32,add/drop,GaTTa,gain,player,Matt Bryant,K,ATL,,,,44.4,00-0020578
2016,2267721,1,2016-09-09 13:11:32,add/drop,GaTTa,loss,player,Vincent Jackson,WR,TB,,,,-161.6,00-0023496
2016,2267722,1,2016-09-09 13:07:38,add/drop,GaTTa,gain,player,Matthew Stafford,QB,DET,,,,7.74,00-0026498
2016,2267722,1,2016-09-09 13:07:38,add/drop,GaTTa,loss,player,Devin Funchess,TE,CAR,,,,-52.3,00-0032055
2016,2267663,0,2016-09-07 15:16:31,add/drop,Nolan & Vinny,gain,player,Rishard Matthews,WR,TEN,,,,-9.35,00-0029580
2016,2267663,0,2016-09-07 15:16:31,add/drop,Nolan & Vinny,loss,player,Davante Adams,WR,GB,,,,31.56,00-0031381
2016,2267896,0,2016-09-05 16:15:03,add/drop,Antdell & Ernie,gain,player,Carson Wentz,QB,PHI,,,,-60.86,00-0032950
2016,2267896,0,2016-09-05 16:15:03,add/drop,Antdell & Ernie,loss,player,Matthew Stafford,QB,DET,,,,8.22,00-0026498
2016,2267752,0,2016-09-05 14:16:39,add/drop,Cambrias,gain,player,Blair Walsh,K,MIN,,,,-73.95,00-0029576
2016,2267752,0,2016-09-05 14:16:39,add/drop,Cambrias,loss,player,Robbie Gould,K,FA,,,,-85.64,00-0023252
2016,2267878,0,2016-09-03 14:43:03,add/drop,Chris & Dom,gain,player,Stefon Diggs,WR,MIN,,,,-0.64,00-0031588
2016,2267878,0,2016-09-03 14:43:03,add/drop,Chris & Dom,loss,player,Jay Ajayi,RB,FA,,,,51.53,00-0031590
2016,2267753,0,2016-09-02 19:24:43,add/drop,Cambrias,gain,player,Terrance West,RB,BAL,,,,8.07,00-0031375
2016,2267753,0,2016-09-02 19:24:43,add/drop,Cambrias,loss,player,Clive Walford,TE,LV,,,,-57.59,00-0032256
2016,2267754,0,2016-09-02 03:08:41,add/drop,Cambrias,gain,player,Robbie Gould,K,FA,,,,-85.64,00-0023252
2016,2267754,0,2016-09-02 03:08:41,add/drop,Cambrias,loss,player,Josh Brown,K,LAR,,,,-85.64,00-0021940
2016,2267812,0,2016-09-02 00:08:07,add/drop,Pung & Tralie,gain,player,Jesse James,TE,PIT,,,,-54.4,00-0032135
2016,2267812,0,2016-09-02 00:08:07,add/drop,Pung & Tralie,loss,player,Ladarius Green,TE,FA,,,,-89.25,00-0029275
2016,2267879,0,2016-09-01 21:12:46,add/drop,Chris & Dom,gain,player,Spencer Ware,RB,KC,,,,42.39,00-0030414
2016,2267879,0,2016-09-01 21:12:46,add/drop,Chris & Dom,loss,player,Bilal Powell,RB,NYJ,,,,19.55,00-0028064
2015,2268041,16,2015-12-26 18:34:18,add/drop,Cambrias,gain,player,Zach Miller,TE,CHI,,,,0.31,00-0027125
2015,2268041,16,2015-12-26 18:34:18,add/drop,Cambrias,loss,player,Brandon Bolden,RB,NE,,,,-0.19,00-0029239
2015,2268042,16,2015-12-23 09:06:11,add/drop,Cambrias,gain,player,Alfred Blue,RB,HOU,,,,-0.5,00-0031075
2015,2268042,16,2015-12-23 09:06:11,add/drop,Cambrias,loss,player,Philip Rivers,QB,LAC,,,,-0.05,00-0022942
2015,2268043,16,2015-12-23 09:06:11,add/drop,Cambrias,gain,player,Matt Jones,RB,WAS,,,,,00-0031939
2015,2268043,16,2015-12-23 09:06:11,add/drop,Cambrias,loss,player,Thomas Rawls,RB,SEA,,,,,00-0031897
2015,2268044,16,2015-12-23 09:06:11,add/drop,Cambrias,gain,player,Mike Gillislee,RB,FA,,,,0.31,00-0030433
2015,2268044,16,2015-12-23 09:06:11,add/drop,Cambrias,loss,player,DeMarco Murray,RB,PHI,,,,0.01,00-0028009
2015,2267976,15,2015-12-19 16:42:25,add/drop,Richie,gain,player,Miami Dolphins,DEF,MIA,,,,-0.75,DEF-0020
2015,2267976,15,2015-12-19 16:42:25,add/drop,Richie,loss,player,Green Bay Packers,DEF,GB,,,,0.88,DEF-0012
2015,2268019,15,2015-12-17 21:05:25,add/drop,Chris & Dom,gain,player,Ted Ginn Jr.,WR,CAR,,,,-0.09,00-0025396
2015,2268019,15,2015-12-17 21:05:25,add/drop,Chris & Dom,loss,player,Donte Moncrief,WR,IND,,,,-1.19,00-0031339
2015,2267993,15,2015-12-17 20:32:27,add/drop,Team JoeBa,gain,player,Brock Osweiler,QB,FA,,,,1.47,00-0029682
2015,2267993,15,2015-12-17 20:32:27,add/drop,Team JoeBa,loss,player,Nelson Agholor,WR,PHI,,,,-2.95,00-0031549
2015,2267994,15,2015-12-16 16:46:51,add/drop,Team JoeBa,gain,player,Blair Walsh,K,MIN,,,,2,00-0029576
2015,2267994,15,2015-12-16 16:46:51,add/drop,Team JoeBa,loss,player,Phil Dawson,K,SF,,,,-1.13,00-0004091
2015,2267977,15,2015-12-16 11:04:34,add/drop,Richie,gain,player,Denard Robinson,RB,JAX,,,,0.83,00-0030547
2015,2267977,15,2015-12-16 11:04:34,add/drop,Richie,loss,player,Spencer Ware,RB,FA,,,,-2.58,00-0030414
2015,2267978,15,2015-12-16 11:04:34,add/drop,Richie,gain,player,Bryce Brown,RB,FA,,,,-2.11,00-0029429
2015,2267978,15,2015-12-16 11:04:34,add/drop,Richie,loss,player,Shane Vereen,RB,NYG,,,,0.44,00-0027994
2015,2267995,15,2015-12-16 11:04:34,add/drop,Team JoeBa,gain,player,A.J. McCarron,QB,FA,,,,-1.31,00-0031288
2015,2267995,15,2015-12-16 11:04:34,add/drop,Team JoeBa,loss,player,Andy Dalton,QB,CIN,,,,,00-0027973
2015,2267996,15,2015-12-16 11:04:34,add/drop,Team JoeBa,gain,player,Kirk Cousins,QB,WAS,,,,4.2,00-0029604
2015,2267996,15,2015-12-16 11:04:34,add/drop,Team JoeBa,loss,player,Dorial Green-Beckham,WR,FA,,,,-1.48,00-0032218
2015,2267997,15,2015-12-16 11:04:34,add/drop,Team JoeBa,gain,player,Sam Bradford,QB,PHI,,,,0,00-0027854
2015,2267997,15,2015-12-16 11:04:34,add/drop,Team JoeBa,loss,player,Matt Bryant,K,ATL,,,,,00-0020578
2015,2268020,15,2015-12-16 11:04:34,add/drop,Chris & Dom,gain,player,Chris Boswell,K,PIT,,,,-0.13,00-0031136
2015,2268020,15,2015-12-16 11:04:34,add/drop,Chris & Dom,loss,player,Scott Chandler,TE,NE,,,,,00-0025516
2015,2268045,15,2015-12-16 11:04:34,add/drop,Cambrias,gain,player,Brandon Bolden,RB,NE,,,,-0.46,00-0029239
2015,2268045,15,2015-12-16 11:04:34,add/drop,Cambrias,loss,player,Stevie Johnson,WR,LAC,,,,,00-0026364
2015,2268021,14,2015-12-11 22:34:35,add/drop,Chris & Dom,gain,player,Julian Edelman,WR,NE,,,,,00-0027150
2015,2268021,14,2015-12-11 22:34:35,add/drop,Chris & Dom,loss,player,Mark Ingram,RB,NO,,,,,00-0027966
2015,2268073,14,2015-12-11 21:31:13,add/drop,Rob & GregBo,gain,player,Robert Woods,WR,BUF,,,,-3.68,00-0030431
2015,2268073,14,2015-12-11 21:31:13,add/drop,Rob & GregBo,loss,player,Julian Edelman,WR,NE,,,,,00-0027150
2015,2268074,14,2015-12-11 17:49:00,add/drop,Rob & GregBo,gain,player,Julian Edelman,WR,NE,,,,,00-0027150
2015,2268074,14,2015-12-11 17:49:00,add/drop,Rob & GregBo,loss,player,Keshawn Martin,WR,FA,,,,-2.31,00-0029415
2015,2267979,14,2015-12-11 03:31:51,add/drop,Richie,gain,player,Bilal Powell,RB,NYJ,,,,4.24,00-0028064
2015,2267979,14,2015-12-11 03:31:51,add/drop,Richie,loss,player,Alfred Blue,RB,HOU,,,,-3.15,00-0031075
2015,2267930,14,2015-12-09 19:36:01,add/drop,Pung & Tralie,gain,player,Tim Hightower,RB,FA,,,,5.33,00-0026289
2015,2267930,14,2015-12-09 19:36:01,add/drop,Pung & Tralie,loss,player,Matt Jones,RB,WAS,,,,-3.06,00-0031939
2015,2267998,14,2015-12-09 13:49:19,add/drop,Team JoeBa,gain,player,Phil Dawson,K,SF,,,,-1.88,00-0004091
2015,2267998,14,2015-12-09 13:49:19,add/drop,Team JoeBa,loss,player,Dan Carpenter,K,BUF,,,,-0.94,00-0026003
2015,2267931,14,2015-12-09 09:13:02,add/drop,Pung & Tralie,gain,player,Jameis Winston,QB,TB,,,,0,00-0031503
2015,2267931,14,2015-12-09 09:13:02,add/drop,Pung & Tralie,loss,player,Vernon Davis,TE,SF,,,,-3.02,00-0024221
2015,2267932,14,2015-12-09 09:11:43,add/drop,Pung & Tralie,gain,player,Detroit Lions,DEF,DET,,,,-2.44,DEF-0011
2015,2267932,14,2015-12-09 09:11:43,add/drop,Pung & Tralie,loss,player,Minnesota Vikings,DEF,MIN,,,,0.94,DEF-0021
2015,2267933,14,2015-12-09 09:11:43,add/drop,Pung & Tralie,gain,player,Austin Seferian-Jenkins,TE,TB,,,,0,00-0031418
2015,2267933,14,2015-12-09 09:11:43,add/drop,Pung & Tralie,loss,player,Melvin Gordon,RB,LAC,,,,-2.91,00-0032144
2015,2267934,14,2015-12-09 09:11:43,add/drop,Pung & Tralie,gain,player,Matt Jones,RB,WAS,,,,-3.06,00-0031939
2015,2267934,14,2015-12-09 09:11:43,add/drop,Pung & Tralie,loss,player,Tony Romo,QB,DAL,,,,,00-0021678
2015,2267935,14,2015-12-09 09:11:43,add/drop,Pung & Tralie,gain,player,James White,RB,FA,,,,3.26,00-0031062
2015,2267935,14,2015-12-09 09:11:43,add/drop,Pung & Tralie,loss,player,Chris Johnson,RB,ARI,,,,,00-0026164
2015,2267911,13,2015-12-06 16:57:59,add/drop,Ronnie,gain,player,Tyler Lockett,WR,SEA,,,,3.45,00-0032211
2015,2267911,13,2015-12-06 16:57:59,add/drop,Ronnie,loss,player,Tevin Coleman,RB,ATL,,,,-8.78,00-0032058
2015,2268098,13,2015-12-06 15:10:20,add/drop,GaTTa,gain,player,Alfred Morris,RB,WAS,,,,-4.68,00-0029141
2015,2268098,13,2015-12-06 15:10:20,add/drop,GaTTa,loss,player,Andre Johnson,WR,IND,,,,-7.43,00-0022044
2015,2268046,13,2015-12-03 00:17:42,add/drop,Cambrias,gain,player,Ryan Fitzpatrick,QB,NYJ,,,,4.74,00-0023682
2015,2268046,13,2015-12-03 00:17:42,add/drop,Cambrias,loss,player,Devin Funchess,TE,CAR,,,,-3.95,00-0032055
2015,2267980,13,2015-12-02 21:43:32,add/drop,Richie,gain,player,Ameer Abdullah,RB,DET,,,,-1.2,00-0032104
2015,2267980,13,2015-12-02 21:43:32,add/drop,Richie,loss,player,James White,RB,FA,,,,8.8,00-0031062
2015,2268075,13,2015-12-02 15:38:10,add/drop,Rob & GregBo,gain,player,Keshawn Martin,WR,FA,,,,-3.83,00-0029415
2015,2268075,13,2015-12-02 15:38:10,add/drop,Rob & GregBo,loss,player,Jermaine Kearse,WR,SEA,,,,-2.23,00-0029159
2015,2268076,13,2015-12-02 15:33:28,add/drop,Rob & GregBo,gain,player,Jermaine Kearse,WR,SEA,,,,-2.23,00-0029159
2015,2268076,13,2015-12-02 15:33:28,add/drop,Rob & GregBo,loss,player,Ahmad Bradshaw,RB,FA,,,,,00-0025637
2015,2267999,13,2015-12-02 14:07:04,add/drop,Team JoeBa,gain,player,Julius Thomas,TE,FA,,,,0.6,00-0028067
2015,2267999,13,2015-12-02 14:07:04,add/drop,Team JoeBa,loss,player,Jordan Cameron,TE,MIA,,,,-6.2,00-0028040
2015,2267936,13,2015-12-02 11:11:38,add/drop,Pung & Tralie,gain,player,C.J. Anderson,RB,DEN,,,,-4.78,00-0029854
2015,2267936,13,2015-12-02 11:11:38,add/drop,Pung & Tralie,loss,player,Crockett Gillmore,TE,BAL,,,,-9.73,00-0030992
2015,2268022,13,2015-12-02 11:11:38,add/drop,Chris & Dom,gain,player,David Johnson,RB,ARI,,,,15.58,00-0032187
2015,2268022,13,2015-12-02 11:11:38,add/drop,Chris & Dom,loss,player,Philadelphia Eagles,DEF,PHI,,,,-1,DEF-0026
2015,2268023,13,2015-12-02 11:11:38,add/drop,Chris & Dom,gain,player,Scott Chandler,TE,NE,,,,-6.13,00-0025516
2015,2268023,13,2015-12-02 11:11:38,add/drop,Chris & Dom,loss,player,Bilal Powell,RB,NYJ,,,,9.33,00-0028064
2015,2268000,12,2015-11-29 17:52:07,add/drop,Team JoeBa,gain,player,Dan Carpenter,K,BUF,,,,-3.13,00-0026003
2015,2268000,12,2015-11-29 17:52:07,add/drop,Team JoeBa,loss,player,Peyton Manning,QB,DEN,,,,,00-0010346
2015,2267937,12,2015-11-29 17:03:04,add/drop,Pung & Tralie,gain,player,Crockett Gillmore,TE,BAL,,,,-15.25,00-0030992
2015,2267937,12,2015-11-29 17:03:04,add/drop,Pung & Tralie,loss,player,Robert Turbin,RB,FA,,,,-10.28,00-0029273
2015,2267981,12,2015-11-28 20:42:57,add/drop,Richie,gain,player,Graham Gano,K,CAR,,,,3.44,00-0026858
2015,2267981,12,2015-11-28 20:42:57,add/drop,Richie,loss,player,Sebastian Janikowski,K,LV,,,,-3.75,00-0019646
2015,2267912,12,2015-11-27 03:34:19,add/drop,Ronnie,gain,player,Shaun Draughn,RB,CLE,,,,-2.34,00-0028202
2015,2267912,12,2015-11-27 03:34:19,add/drop,Ronnie,loss,player,Blair Walsh,K,MIN,,,,4.69,00-0029576
2015,2267913,12,2015-11-27 03:21:54,add/drop,Ronnie,gain,player,Tevin Coleman,RB,ATL,,,,-11.72,00-0032058
2015,2267913,12,2015-11-27 03:21:54,add/drop,Ronnie,loss,player,Orleans Darkwa,RB,FA,,,,-13.28,00-0030860
2015,2268024,12,2015-11-26 18:45:40,add/drop,Chris & Dom,gain,player,Cincinnati Bengals,DEF,CIN,,,,4.69,DEF-0007
2015,2268024,12,2015-11-26 18:45:40,add/drop,Chris & Dom,loss,player,Matt Jones,RB,WAS,,,,-7.5,00-0031939
2015,2268001,12,2015-11-25 15:30:58,add/drop,Team JoeBa,gain,player,Doug Baldwin,WR,SEA,,,,22.88,00-0028434
2015,2268001,12,2015-11-25 15:30:58,add/drop,Team JoeBa,loss,player,Los Angeles Rams,DEF,LAR,,,,-0.94,DEF-0019
2015,2267938,12,2015-11-25 15:23:57,add/drop,Pung & Tralie,gain,player,Vernon Davis,TE,SF,,,,-10.03,00-0024221
2015,2267938,12,2015-11-25 15:23:57,add/drop,Pung & Tralie,loss,player,Cole Beasley,WR,DAL,,,,-11.47,00-0029000
2015,2267982,12,2015-11-25 10:37:50,add/drop,Richie,gain,player,Spencer Ware,RB,FA,,,,-4.78,00-0030414
2015,2267982,12,2015-11-25 10:37:50,add/drop,Richie,loss,player,Justin Forsett,RB,BAL,,,,,00-0026373
2015,2268047,12,2015-11-25 10:37:50,add/drop,Cambrias,gain,player,Devin Funchess,TE,CAR,,,,-8.38,00-0032055
2015,2268047,12,2015-11-25 10:37:50,add/drop,Cambrias,loss,player,Keshawn Martin,WR,FA,,,,-9.25,00-0029415
2015,2268048,12,2015-11-25 10:37:50,add/drop,Cambrias,gain,player,Thomas Rawls,RB,SEA,,,,-4.75,00-0031897
2015,2268048,12,2015-11-25 10:37:50,add/drop,Cambrias,loss,player,Vernon Davis,TE,SF,,,,-10.03,00-0024221
2015,2268077,12,2015-11-25 10:37:50,add/drop,Rob & GregBo,gain,player,Ahmad Bradshaw,RB,FA,,,,-14.81,00-0025637
2015,2268077,12,2015-11-25 10:37:50,add/drop,Rob & GregBo,loss,player,Julian Edelman,WR,NE,,,,,00-0027150
2015,2268092,12,2015-11-25 10:37:50,add,Frank & Julian,gain,player,Javorius Allen,RB,BAL,,,,9.75,00-0031577
2015,2267939,11,2015-11-22 16:32:55,add/drop,Pung & Tralie,gain,player,Cole Beasley,WR,DAL,,,,-15.19,00-0029000
2015,2267939,11,2015-11-22 16:32:55,add/drop,Pung & Tralie,loss,player,Kendall Wright,WR,TEN,,,,-23.36,00-0029708
2015,2268002,11,2015-11-22 14:28:36,add/drop,Team JoeBa,gain,player,Nelson Agholor,WR,PHI,,,,-18.04,00-0031549
2015,2268002,11,2015-11-22 14:28:36,add/drop,Team JoeBa,loss,player,Graham Gano,K,CAR,,,,6.75,00-0026858
2015,2267940,11,2015-11-22 07:32:02,add/drop,Pung & Tralie,gain,player,Robert Turbin,RB,FA,,,,-14.29,00-0029273
2015,2267940,11,2015-11-22 07:32:02,add/drop,Pung & Tralie,loss,player,David Cobb,RB,FA,,,,-20.59,00-0032133
2015,2268025,11,2015-11-21 21:35:32,add/drop,Chris & Dom,gain,player,Bilal Powell,RB,NYJ,,,,13.24,00-0028064
2015,2268025,11,2015-11-21 21:35:32,add/drop,Chris & Dom,loss,player,Robbie Gould,K,CHI,,,,1.88,00-0023252
2015,2268124,11,2015-11-20 02:58:33,add/drop,Nolan & Vinny,gain,player,Houston Texans,DEF,HOU,,,,4.88,DEF-0013
2015,2268124,11,2015-11-20 02:58:33,add/drop,Nolan & Vinny,loss,player,Cincinnati Bengals,DEF,CIN,,,,6.38,DEF-0007
2015,2267941,11,2015-11-19 17:30:36,add/drop,Pung & Tralie,gain,player,David Cobb,RB,FA,,,,-20.59,00-0032133
2015,2267941,11,2015-11-19 17:30:36,add/drop,Pung & Tralie,loss,player,C.J. Anderson,RB,DEN,,,,0,00-0029854
2015,2268049,11,2015-11-19 11:32:34,add/drop,Cambrias,gain,player,Kansas City Chiefs,DEF,KC,,,,15,DEF-0016
2015,2268049,11,2015-11-19 11:32:34,add/drop,Cambrias,loss,player,Julius Thomas,TE,FA,,,,9.34,00-0028067
2015,2268050,11,2015-11-18 14:02:20,add/drop,Cambrias,gain,player,Keshawn Martin,WR,FA,,,,-13.43,00-0029415
2015,2268050,11,2015-11-18 14:02:20,add/drop,Cambrias,loss,player,Kirk Cousins,QB,WAS,,,,11.9,00-0029604
2015,2267942,11,2015-11-18 11:34:03,add/drop,Pung & Tralie,gain,player,Tony Romo,QB,DAL,,,,-33.13,00-0021678
2015,2267942,11,2015-11-18 11:34:03,add/drop,Pung & Tralie,loss,player,Sam Bradford,QB,PHI,,,,-15.2,00-0027854
2015,2267958,11,2015-11-18 11:34:03,add/drop,LFTLR,gain,player,Cairo Santos,K,KC,,,,0,00-0031203
2015,2267958,11,2015-11-18 11:34:03,add/drop,LFTLR,loss,player,Wes Welker,WR,FA,,,,-23.63,00-0022427
2015,2268026,11,2015-11-18 11:34:03,add,Chris & Dom,gain,player,Matt Jones,RB,WAS,,,,-12.3,00-0031939
2015,2268078,11,2015-11-18 11:34:03,add/drop,Rob & GregBo,gain,player,Theo Riddick,RB,DET,,,,3.75,00-0030107
2015,2268078,11,2015-11-18 11:34:03,add/drop,Rob & GregBo,loss,player,Brandon Bolden,RB,NE,,,,-5.66,00-0029239
2015,2268003,10,2015-11-12 14:33:23,add,Team JoeBa,gain,player,Graham Gano,K,CAR,,,,7.88,00-0026858
2015,2268004,10,2015-11-12 14:32:20,drop,Team JoeBa,loss,player,Malcom Floyd,WR,LAC,,,,-29.09,00-0022414
2015,2267914,10,2015-11-12 14:07:25,add,Ronnie,gain,player,C.J. Spiller,RB,FA,,,,-25.03,00-0027861
2015,2267915,10,2015-11-12 13:58:01,drop,Ronnie,loss,player,Graham Gano,K,CAR,,,,7.88,00-0026858
2015,2268125,10,2015-11-12 06:25:13,add/drop,Nolan & Vinny,gain,player,Joique Bell,RB,DET,,,,-1.93,00-0027218
2015,2268125,10,2015-11-12 06:25:13,add/drop,Nolan & Vinny,loss,player,Coby Fleener,TE,IND,,,,-17.11,00-0029697
2015,2268005,10,2015-11-11 23:05:44,add/drop,Team JoeBa,gain,player,Dorial Green-Beckham,WR,FA,,,,-12.25,00-0032218
2015,2268005,10,2015-11-11 23:05:44,add/drop,Team JoeBa,loss,player,Keenan Allen,WR,LAC,,,,,00-0030279
2015,2268126,10,2015-11-11 20:21:33,add,Nolan & Vinny,gain,player,Teddy Bridgewater,QB,MIN,,,,-7.63,00-0031237
2015,2268051,10,2015-11-11 13:08:54,add/drop,Cambrias,gain,player,Chandler Catanzaro,K,ARI,,,,6.56,00-0030896
2015,2268051,10,2015-11-11 13:08:54,add/drop,Cambrias,loss,player,Nick Folk,K,NYJ,,,,,00-0025565
2015,2268052,10,2015-11-11 13:07:39,add/drop,Cambrias,gain,player,Kirk Cousins,QB,WAS,,,,18.78,00-0029604
2015,2268052,10,2015-11-11 13:07:39,add/drop,Cambrias,loss,player,Kendall Gaskins,RB,SF,,,,-26.91,00-0030039
2015,2267916,10,2015-11-11 09:07:10,add,Ronnie,gain,player,Graham Gano,K,CAR,,,,7.88,00-0026858
2015,2267917,10,2015-11-11 09:07:10,add,Ronnie,gain,player,Blair Walsh,K,MIN,,,,3.94,00-0029576
2015,2267943,10,2015-11-11 09:07:10,add/drop,Pung & Tralie,gain,player,Sam Bradford,QB,PHI,,,,-19.63,00-0027854
2015,2267943,10,2015-11-11 09:07:10,add/drop,Pung & Tralie,loss,player,Robert Woods,WR,BUF,,,,-15.75,00-0030431
2015,2267944,10,2015-11-11 09:07:10,add/drop,Pung & Tralie,gain,player,Alex Smith,QB,KC,,,,0.14,00-0023436
2015,2267944,10,2015-11-11 09:07:10,add/drop,Pung & Tralie,loss,player,C.J. Spiller,RB,FA,,,,-25.03,00-0027861
2015,2267959,10,2015-11-11 09:07:10,add/drop,LFTLR,gain,player,Wes Welker,WR,FA,,,,-30.23,00-0022427
2015,2267959,10,2015-11-11 09:07:10,add/drop,LFTLR,loss,player,Terrance Williams,WR,DAL,,,,-12.69,00-0030542
2015,2267960,10,2015-11-11 09:07:10,add/drop,LFTLR,gain,player,Karlos Williams,RB,BUF,,,,-17.72,00-0032152
2015,2267960,10,2015-11-11 09:07:10,add/drop,LFTLR,loss,player,Joseph Randle,RB,DAL,,,,,00-0030388
2015,2267983,10,2015-11-11 09:07:10,add/drop,Richie,gain,player,James White,RB,FA,,,,11.46,00-0031062
2015,2267983,10,2015-11-11 09:07:10,add/drop,Richie,loss,player,Chris Thompson,RB,WAS,,,,-18.94,00-0030404
2015,2268079,10,2015-11-11 09:07:10,add/drop,Rob & GregBo,gain,player,Brandon Bolden,RB,NE,,,,-11.51,00-0029239
2015,2268079,10,2015-11-11 09:07:10,add/drop,Rob & GregBo,loss,player,Torrey Smith,WR,SF,,,,-19.73,00-0027996
2015,2267918,10,2015-11-10 19:11:01,drop,Ronnie,loss,player,Ameer Abdullah,RB,DET,,,,-8.66,00-0032104
2015,2268127,9,2015-11-09 23:05:11,drop,Nolan & Vinny,loss,player,Blair Walsh,K,MIN,,,,6,00-0029576
2015,2268027,9,2015-11-09 19:32:32,drop,Chris & Dom,loss,player,Dion Lewis,RB,NE,,,,-35.4,00-0028087
2015,2267919,9,2015-11-08 20:42:12,drop,Ronnie,loss,player,New York Giants,DEF,NYG,,,,-10.5,DEF-0024
2015,2268128,9,2015-11-08 15:45:24,add/drop,Nolan & Vinny,gain,player,Coby Fleener,TE,IND,,,,-21.6,00-0029697
2015,2268128,9,2015-11-08 15:45:24,add/drop,Nolan & Vinny,loss,player,Austin Seferian-Jenkins,TE,TB,,,,-18.8,00-0031418
2015,2268146,9,2015-11-08 14:59:27,add/drop,Antdell & Ernie,gain,player,Atlanta Falcons,DEF,ATL,,,,-9.5,DEF-0002
2015,2268146,9,2015-11-08 14:59:27,add/drop,Antdell & Ernie,loss,player,Alfred Morris,RB,WAS,,,,-16.3,00-0029141
2015,2268147,9,2015-11-08 14:58:40,add/drop,Antdell & Ernie,gain,player,Caleb Sturgis,K,FA,,,,-4.5,00-0030390
2015,2268147,9,2015-11-08 14:58:40,add/drop,Antdell & Ernie,loss,player,Matt Prater,K,DET,,,,2.5,00-0023853
2015,2268053,9,2015-11-08 14:46:34,add/drop,Cambrias,gain,player,Kendall Gaskins,RB,SF,,,,-32.85,00-0030039
2015,2268053,9,2015-11-08 14:46:34,add/drop,Cambrias,loss,player,Pierre Thomas,RB,FA,,,,-30.4,00-0024813
2015,2267945,9,2015-11-06 03:42:52,add/drop,Pung & Tralie,gain,player,Robert Woods,WR,BUF,,,,-23.85,00-0030431
2015,2267945,9,2015-11-06 03:42:52,add/drop,Pung & Tralie,loss,player,Kyle Rudolph,TE,MIN,,,,0.15,00-0027981
2015,2267984,9,2015-11-05 14:11:41,add/drop,Richie,gain,player,Chris Thompson,RB,WAS,,,,-22.7,00-0030404
2015,2267984,9,2015-11-05 14:11:41,add/drop,Richie,loss,player,Steve Smith,WR,BAL,,,,,00-0020337
2015,2268093,9,2015-11-05 00:07:30,add/drop,Frank & Julian,gain,player,Antonio Andrews,RB,FA,,,,-9.13,00-0030789
2015,2268093,9,2015-11-05 00:07:30,add/drop,Frank & Julian,loss,player,Leonard Hankerson,WR,ATL,,,,-43.4,00-0028017
2015,2267946,9,2015-11-04 20:47:59,add/drop,Pung & Tralie,gain,player,Minnesota Vikings,DEF,MIN,,,,-0.5,DEF-0021
2015,2267946,9,2015-11-04 20:47:59,add/drop,Pung & Tralie,loss,player,Indianapolis Colts,DEF,IND,,,,5,DEF-0014
2015,2267985,9,2015-11-04 15:25:48,add/drop,Richie,gain,player,Sebastian Janikowski,K,LV,,,,-9.5,00-0019646
2015,2267985,9,2015-11-04 15:25:48,add/drop,Richie,loss,player,Chandler Catanzaro,K,ARI,,,,5,00-0030896
2015,2268129,9,2015-11-04 13:42:12,add/drop,Nolan & Vinny,gain,player,Kamar Aiken,WR,BAL,,,,8.05,00-0028497
2015,2268129,9,2015-11-04 13:42:12,add/drop,Nolan & Vinny,loss,player,David Cobb,RB,FA,,,,-36,00-0032133
2015,2268130,9,2015-11-04 13:15:21,add,Nolan & Vinny,gain,player,Austin Seferian-Jenkins,TE,TB,,,,-18.8,00-0031418
2015,2268131,9,2015-11-04 13:11:45,drop,Nolan & Vinny,loss,player,Ryan Fitzpatrick,QB,NYJ,,,,15.4,00-0023682
2015,2268054,9,2015-11-04 13:04:22,add/drop,Cambrias,gain,player,Pierre Thomas,RB,FA,,,,-30.4,00-0024813
2015,2268054,9,2015-11-04 13:04:22,add/drop,Cambrias,loss,player,Larry Donnell,TE,NYG,,,,,00-0028838
2015,2268028,9,2015-11-04 12:14:24,add/drop,Chris & Dom,gain,player,Robbie Gould,K,CHI,,,,2.5,00-0023252
2015,2268028,9,2015-11-04 12:14:24,add/drop,Chris & Dom,loss,player,Kansas City Chiefs,DEF,KC,,,,25.5,DEF-0016
2015,2267947,9,2015-11-04 11:33:40,add/drop,Pung & Tralie,gain,player,Jeremy Langford,RB,CHI,,,,20.5,00-0031569
2015,2267947,9,2015-11-04 11:33:40,add/drop,Pung & Tralie,loss,player,Joe Flacco,QB,BAL,,,,-52.27,00-0026158
2015,2267961,9,2015-11-04 11:33:40,add/drop,LFTLR,gain,player,Jacob Tamme,TE,ATL,,,,-15,00-0026267
2015,2267961,9,2015-11-04 11:33:40,add/drop,LFTLR,loss,player,Kamar Aiken,WR,BAL,,,,8.05,00-0028497
2015,2268006,9,2015-11-04 11:33:40,add/drop,Team JoeBa,gain,player,Michael Floyd,WR,ARI,,,,0,00-0029638
2015,2268006,9,2015-11-04 11:33:40,add/drop,Team JoeBa,loss,player,Percy Harvin,WR,BUF,,,,,00-0026998
2015,2268007,9,2015-11-04 11:33:40,add/drop,Team JoeBa,gain,player,Malcom Floyd,WR,LAC,,,,-39.1,00-0022414
2015,2268007,9,2015-11-04 11:33:40,add/drop,Team JoeBa,loss,player,Colin Kaepernick,QB,SF,,,,-68.42,00-0027974
2015,2268029,9,2015-11-04 11:33:40,add/drop,Chris & Dom,gain,player,DeAngelo Williams,RB,PIT,,,,41.75,00-0024242
2015,2268029,9,2015-11-04 11:33:40,add/drop,Chris & Dom,loss,player,Matt Jones,RB,WAS,,,,-8.9,00-0031939
2015,2268055,9,2015-11-04 11:33:40,add,Cambrias,gain,player,Stevie Johnson,WR,LAC,,,,-26,00-0026364
2015,2268056,9,2015-11-04 11:33:40,add/drop,Cambrias,gain,player,Vernon Davis,TE,SF,,,,-17.8,00-0024221
2015,2268056,9,2015-11-04 11:33:40,add/drop,Cambrias,loss,player,Minnesota Vikings,DEF,MIN,,,,-0.5,DEF-0021
2015,2268132,9,2015-11-04 11:33:40,add/drop,Nolan & Vinny,gain,player,Blair Walsh,K,MIN,,,,6,00-0029576
2015,2268132,9,2015-11-04 11:33:40,add/drop,Nolan & Vinny,loss,player,Stevan Ridley,RB,FA,,,,-36.1,00-0028011
2015,2268133,9,2015-11-04 11:33:40,add/drop,Nolan & Vinny,gain,player,Cincinnati Bengals,DEF,CIN,,,,12.5,DEF-0007
2015,2268133,9,2015-11-04 11:33:40,add/drop,Nolan & Vinny,loss,player,Houston Texans,DEF,HOU,,,,10,DEF-0013
2015,2268099,8,2015-11-01 15:21:38,add/drop,GaTTa,gain,player,Rashad Jennings,RB,NYG,,,,-6.75,00-0027155
2015,2268099,8,2015-11-01 15:21:38,add/drop,GaTTa,loss,player,Victor Cruz,WR,FA,,,,,00-0027265
2015,2268030,8,2015-11-01 13:04:54,add/drop,Chris & Dom,gain,player,Kansas City Chiefs,DEF,KC,,,,32.06,DEF-0016
2015,2268030,8,2015-11-01 13:04:54,add/drop,Chris & Dom,loss,player,Antonio Andrews,RB,FA,,,,-8.36,00-0030789
2015,2268134,8,2015-10-31 14:02:04,add/drop,Nolan & Vinny,gain,player,Stevan Ridley,RB,FA,,,,-45,00-0028011
2015,2268134,8,2015-10-31 14:02:04,add/drop,Nolan & Vinny,loss,player,Rashad Jennings,RB,NYG,,,,-6.75,00-0027155
2015,2268080,8,2015-10-30 00:07:50,add/drop,Rob & GregBo,gain,player,Torrey Smith,WR,SF,,,,-31.61,00-0027996
2015,2268080,8,2015-10-30 00:07:50,add/drop,Rob & GregBo,loss,player,Atlanta Falcons,DEF,ATL,,,,-14.06,DEF-0002
2015,2267920,8,2015-10-29 23:37:46,add,Ronnie,gain,player,Orleans Darkwa,RB,FA,,,,-40.11,00-0030860
2015,2268135,8,2015-10-29 15:05:25,add/drop,Nolan & Vinny,gain,player,David Cobb,RB,FA,,,,-44.89,00-0032133
2015,2268135,8,2015-10-29 15:05:25,add/drop,Nolan & Vinny,loss,player,Isaiah Crowell,RB,CLE,,,,-9.39,00-0030656
2015,2268031,8,2015-10-28 22:42:11,add/drop,Chris & Dom,gain,player,Antonio Andrews,RB,FA,,,,-8.36,00-0030789
2015,2268031,8,2015-10-28 22:42:11,add/drop,Chris & Dom,loss,player,Christine Michael,RB,FA,,,,-40.89,00-0030432
2015,2268057,8,2015-10-28 10:36:34,add,Cambrias,gain,player,Minnesota Vikings,DEF,MIN,,,,-3.94,DEF-0021
2015,2267921,8,2015-10-28 09:06:35,add/drop,Ronnie,gain,player,Danny Amendola,WR,NE,,,,-16.68,00-0026035
2015,2267921,8,2015-10-28 09:06:35,add/drop,Ronnie,loss,player,Ted Ginn Jr.,WR,CAR,,,,2.93,00-0025396
2015,2267922,8,2015-10-28 09:06:35,add/drop,Ronnie,gain,player,New York Giants,DEF,NYG,,,,-12.94,DEF-0024
2015,2267922,8,2015-10-28 09:06:35,add/drop,Ronnie,loss,player,Thomas Rawls,RB,SEA,,,,-3.77,00-0031897
2015,2267948,8,2015-10-28 09:06:35,add/drop,Pung & Tralie,gain,player,Kyle Rudolph,TE,MIN,,,,-4.28,00-0027981
2015,2267948,8,2015-10-28 09:06:35,add/drop,Pung & Tralie,loss,player,Josh Lambo,K,LAC,,,,-10.13,00-0032087
2015,2267962,8,2015-10-28 09:06:35,add/drop,LFTLR,gain,player,Jay Cutler,QB,CHI,,,,-11.53,00-0024226
2015,2267962,8,2015-10-28 09:06:35,add/drop,LFTLR,loss,player,Sam Bradford,QB,PHI,,,,-38.34,00-0027854
2015,2267986,8,2015-10-28 09:06:35,add/drop,Richie,gain,player,Alfred Blue,RB,HOU,,,,-12.49,00-0031075
2015,2267986,8,2015-10-28 09:06:35,add/drop,Richie,loss,player,Washington Commanders,DEF,WAS,,,,0,DEF-0032
2015,2268081,8,2015-10-28 09:06:35,add/drop,Rob & GregBo,gain,player,Darren Sproles,RB,PHI,,,,-1.12,00-0023564
2015,2268081,8,2015-10-28 09:06:35,add/drop,Rob & GregBo,loss,player,Caleb Sturgis,K,FA,,,,-10.13,00-0030390
2015,2268148,8,2015-10-28 09:06:35,add/drop,Antdell & Ernie,gain,player,Tavon Austin,WR,LAR,,,,-0.73,00-0030525
2015,2268148,8,2015-10-28 09:06:35,add/drop,Antdell & Ernie,loss,player,Riley Cooper,WR,PHI,,,,-49.44,00-0027758
2015,2268149,8,2015-10-28 09:06:35,add/drop,Antdell & Ernie,gain,player,Matt Prater,K,DET,,,,0,00-0023853
2015,2268149,8,2015-10-28 09:06:35,add/drop,Antdell & Ernie,loss,player,Dan Carpenter,K,BUF,,,,-7.88,00-0026003
2015,2267923,8,2015-10-27 13:57:56,drop,Ronnie,loss,player,Arian Foster,RB,FA,,,,,00-0026796
2015,2267963,8,2015-10-27 13:22:31,drop,LFTLR,loss,player,Javorius Allen,RB,BAL,,,,12.49,00-0031577
2015,2267964,8,2015-10-27 13:22:31,drop,LFTLR,loss,player,Denard Robinson,RB,JAX,,,,-18.56,00-0030547
2015,2267965,8,2015-10-27 13:22:31,trade,LFTLR,gain,player,Chris Ivory,RB,NYJ,,,,6.3,00-0027531
2015,2267965,8,2015-10-27 13:22:31,trade,LFTLR,gain,player,Allen Hurns,WR,JAX,,,,0,00-0030821
2015,2267965,8,2015-10-27 13:22:31,trade,LFTLR,gain,player,Davante Adams,WR,GB,,,,-16.99,00-0031381
2015,2267965,8,2015-10-27 13:22:31,trade,LFTLR,loss,player,Antonio Brown,WR,PIT,,,,66.04,00-0027793
2015,2268058,8,2015-10-27 13:22:31,trade,Cambrias,loss,player,Chris Ivory,RB,NYJ,,,,6.3,00-0027531
2015,2268058,8,2015-10-27 13:22:31,trade,Cambrias,loss,player,Allen Hurns,WR,JAX,,,,0,00-0030821
2015,2268058,8,2015-10-27 13:22:31,trade,Cambrias,loss,player,Davante Adams,WR,GB,,,,-16.99,00-0031381
2015,2268058,8,2015-10-27 13:22:31,trade,Cambrias,gain,player,Antonio Brown,WR,PIT,,,,66.04,00-0027793
2015,2268032,7,2015-10-25 13:45:15,add/drop,Chris & Dom,gain,player,Matt Jones,RB,WAS,,,,-15.31,00-0031939
2015,2268032,7,2015-10-25 13:45:15,add/drop,Chris & Dom,loss,player,Darren Sproles,RB,PHI,,,,0,00-0023564
2015,2267987,7,2015-10-23 16:58:47,add/drop,Richie,gain,player,Washington Commanders,DEF,WAS,,,,-0.63,DEF-0032
2015,2267987,7,2015-10-23 16:58:47,add/drop,Richie,loss,player,Theo Riddick,RB,DET,,,,1.38,00-0030107
2015,2268150,7,2015-10-22 14:53:21,add/drop,Antdell & Ernie,gain,player,Riley Cooper,WR,PHI,,,,-63.25,00-0027758
2015,2268150,7,2015-10-22 14:53:21,add/drop,Antdell & Ernie,loss,player,Knile Davis,RB,KC,,,,-57.31,00-0030280
2015,2268136,7,2015-10-22 00:04:42,add/drop,Nolan & Vinny,gain,player,Nate Washington,WR,HOU,,,,-13.88,00-0023367
2015,2268136,7,2015-10-22 00:04:42,add/drop,Nolan & Vinny,loss,player,Cecil Shorts,WR,HOU,,,,-45.85,00-0028052
2015,2268094,7,2015-10-21 22:04:50,drop,Frank & Julian,loss,player,Markus Wheaton,WR,PIT,,,,-18,00-0030460
2015,2268095,7,2015-10-21 18:35:10,add/drop,Frank & Julian,gain,player,Ladarius Green,TE,LAC,,,,-28.69,00-0029275
2015,2268095,7,2015-10-21 18:35:10,add/drop,Frank & Julian,loss,player,Owen Daniels,TE,DEN,,,,-5.75,00-0024313
2015,2268137,7,2015-10-21 16:45:54,add/drop,Nolan & Vinny,gain,player,Ryan Fitzpatrick,QB,NYJ,,,,19.56,00-0023682
2015,2268137,7,2015-10-21 16:45:54,add/drop,Nolan & Vinny,loss,player,Jacob Tamme,TE,ATL,,,,-5.81,00-0026267
2015,2268008,7,2015-10-21 14:53:15,add/drop,Team JoeBa,gain,player,Colin Kaepernick,QB,SF,,,,-91.15,00-0027974
2015,2268008,7,2015-10-21 14:53:15,add/drop,Team JoeBa,loss,player,Jay Cutler,QB,CHI,,,,-14.98,00-0024226
2015,2268009,7,2015-10-21 14:42:18,add/drop,Team JoeBa,gain,player,Jay Cutler,QB,CHI,,,,-14.98,00-0024226
2015,2268009,7,2015-10-21 14:42:18,add/drop,Team JoeBa,loss,player,Cincinnati Bengals,DEF,CIN,,,,16.25,DEF-0007
2015,2268151,7,2015-10-21 11:51:49,add/drop,Antdell & Ernie,gain,player,Blake Bortles,QB,JAX,,,,21.49,00-0031407
2015,2268151,7,2015-10-21 11:51:49,add/drop,Antdell & Ernie,loss,player,Ladarius Green,TE,LAC,,,,-28.69,00-0029275
2015,2268059,7,2015-10-21 10:27:23,add/drop,Cambrias,gain,player,Pittsburgh Steelers,DEF,PIT,,,,3.13,DEF-0027
2015,2268059,7,2015-10-21 10:27:23,add/drop,Cambrias,loss,player,Karlos Williams,RB,BUF,,,,-24.06,00-0032152
2015,2267949,7,2015-10-21 08:08:06,add/drop,Pung & Tralie,gain,player,Josh Lambo,K,LAC,,,,-9.38,00-0032087
2015,2267949,7,2015-10-21 08:08:06,add/drop,Pung & Tralie,loss,player,Bilal Powell,RB,NYJ,,,,2.13,00-0028064
2015,2267966,7,2015-10-21 08:08:06,add/drop,LFTLR,gain,player,Javorius Allen,RB,BAL,,,,12.31,00-0031577
2015,2267966,7,2015-10-21 08:08:06,add/drop,LFTLR,loss,player,Matt Jones,RB,WAS,,,,-15.31,00-0031939
2015,2268082,7,2015-10-21 08:08:06,add/drop,Rob & GregBo,gain,player,Caleb Sturgis,K,FA,,,,-7.5,00-0030390
2015,2268082,7,2015-10-21 08:08:06,add/drop,Rob & GregBo,loss,player,Ahmad Bradshaw,RB,FA,,,,-34.13,00-0025637
2015,2268138,7,2015-10-21 08:08:06,add/drop,Nolan & Vinny,gain,player,Stefon Diggs,WR,HOU,,,,-6.56,00-0031588
2015,2268138,7,2015-10-21 08:08:06,add/drop,Nolan & Vinny,loss,player,Jay Cutler,QB,CHI,,,,-14.98,00-0024226
2015,2268152,7,2015-10-21 08:08:06,add/drop,Antdell & Ernie,gain,player,Ladarius Green,TE,LAC,,,,-28.69,00-0029275
2015,2268152,7,2015-10-21 08:08:06,add/drop,Antdell & Ernie,loss,player,Coby Fleener,TE,IND,,,,-19,00-0029697
2015,2267967,6,2015-10-18 15:31:47,add/drop,LFTLR,gain,player,Kamar Aiken,WR,BAL,,,,4.88,00-0028497
2015,2267967,6,2015-10-18 15:31:47,add/drop,LFTLR,loss,player,Bishop Sankey,RB,TEN,,,,-59.06,00-0031413
2015,2267968,6,2015-10-18 15:01:01,add/drop,LFTLR,gain,player,Denard Robinson,RB,JAX,,,,-28.6,00-0030547
2015,2267968,6,2015-10-18 15:01:01,add/drop,LFTLR,loss,player,Benny Cunningham,RB,LAR,,,,-57.48,00-0029795
2015,2267969,6,2015-10-18 15:00:33,add/drop,LFTLR,gain,player,Jamison Crowder,WR,WAS,,,,-45.58,00-0031941
2015,2267969,6,2015-10-18 15:00:33,add/drop,LFTLR,loss,player,DeVante Parker,WR,FA,,,,-49.16,00-0031547
2015,2268010,6,2015-10-16 19:29:09,add/drop,Team JoeBa,gain,player,Carolina Panthers,DEF,CAR,,,,23.38,DEF-0005
2015,2268010,6,2015-10-16 19:29:09,add/drop,Team JoeBa,loss,player,Dexter McCluster,RB,TEN,,,,-25.3,00-0027651
2015,2268011,6,2015-10-16 05:32:49,add/drop,Team JoeBa,gain,player,Cincinnati Bengals,DEF,CIN,,,,14.44,DEF-0007
2015,2268011,6,2015-10-16 05:32:49,add/drop,Team JoeBa,loss,player,Dwayne Allen,TE,IND,,,,-54.24,00-0029689
2015,2268083,6,2015-10-16 02:14:00,add/drop,Rob & GregBo,gain,player,Ben Watson,TE,NO,,,,28.6,00-0022943
2015,2268083,6,2015-10-16 02:14:00,add/drop,Rob & GregBo,loss,player,Kyle Rudolph,TE,MIN,,,,-0,00-0027981
2015,2268139,6,2015-10-15 16:37:15,add/drop,Nolan & Vinny,gain,player,Jacob Tamme,TE,ATL,,,,-9.14,00-0026267
2015,2268139,6,2015-10-15 16:37:15,add/drop,Nolan & Vinny,loss,player,Brian Quick,WR,FA,,,,-82.84,00-0029640
2015,2268084,6,2015-10-15 01:56:01,add/drop,Rob & GregBo,gain,player,Ahmad Bradshaw,RB,FA,,,,-41.53,00-0025637
2015,2268084,6,2015-10-15 01:56:01,add/drop,Rob & GregBo,loss,player,Tavon Austin,WR,LAR,,,,-10.45,00-0030525
2015,2268085,6,2015-10-15 00:14:47,add/drop,Rob & GregBo,gain,player,Tavon Austin,WR,LAR,,,,-10.45,00-0030525
2015,2268085,6,2015-10-15 00:14:47,add/drop,Rob & GregBo,loss,player,Colin Kaepernick,QB,SF,,,,-95.92,00-0027974
2015,2268086,6,2015-10-14 17:35:04,add/drop,Rob & GregBo,gain,player,Charles Sims,RB,TB,,,,0,00-0031390
2015,2268086,6,2015-10-14 17:35:04,add/drop,Rob & GregBo,loss,player,Jamaal Charles,RB,KC,,,,,00-0026213
2015,2267924,6,2015-10-14 13:54:05,add/drop,Ronnie,gain,player,Ted Ginn Jr.,WR,CAR,,,,-0.76,00-0025396
2015,2267924,6,2015-10-14 13:54:05,add/drop,Ronnie,loss,player,Tavon Austin,WR,LAR,,,,-10.45,00-0030525
2015,2267925,6,2015-10-14 13:52:48,add/drop,Ronnie,gain,player,Tavon Austin,WR,LAR,,,,-10.45,00-0030525
2015,2267925,6,2015-10-14 13:52:48,add/drop,Ronnie,loss,player,Cole Beasley,WR,DAL,,,,-44.34,00-0029000
2015,2268033,6,2015-10-14 13:26:21,add/drop,Chris & Dom,gain,player,Christine Michael,RB,FA,,,,-58.51,00-0030432
2015,2268033,6,2015-10-14 13:26:21,add/drop,Chris & Dom,loss,player,Blake Bortles,QB,JAX,,,,28.22,00-0031407
2015,2267926,6,2015-10-14 08:40:21,add/drop,Ronnie,gain,player,Charcandrick West,RB,FA,,,,12.1,00-0030668
2015,2267926,6,2015-10-14 08:40:21,add/drop,Ronnie,loss,player,Michael Floyd,WR,ARI,,,,12.03,00-0029638
2015,2267970,6,2015-10-14 08:40:21,add/drop,LFTLR,gain,player,New England Patriots,DEF,NE,,,,14.44,DEF-0022
2015,2267970,6,2015-10-14 08:40:21,add/drop,LFTLR,loss,player,Minnesota Vikings,DEF,MIN,,,,-2.75,DEF-0021
2015,2267988,6,2015-10-14 08:40:21,add/drop,Richie,gain,player,Theo Riddick,RB,DET,,,,3.16,00-0030107
2015,2267988,6,2015-10-14 08:40:21,add/drop,Richie,loss,player,Crockett Gillmore,TE,BAL,,,,-25.44,00-0030992
2015,2267989,6,2015-10-14 08:40:21,add/drop,Richie,gain,player,Travis Benjamin,WR,CLE,,,,-26.13,00-0029269
2015,2267989,6,2015-10-14 08:40:21,add/drop,Richie,loss,player,Joique Bell,RB,DET,,,,-15.61,00-0027218
2015,2268012,6,2015-10-14 08:40:21,add/drop,Team JoeBa,gain,player,Dexter McCluster,RB,TEN,,,,-25.3,00-0027651
2015,2268012,6,2015-10-14 08:40:21,add/drop,Team JoeBa,loss,player,Anthony Dixon,RB,BUF,,,,-68.75,00-0027772
2015,2268060,6,2015-10-14 08:40:21,add/drop,Cambrias,gain,player,Nick Folk,K,NYJ,,,,-33,00-0025565
2015,2268060,6,2015-10-14 08:40:21,add/drop,Cambrias,loss,player,Sebastian Janikowski,K,LV,,,,-7.56,00-0019646
2015,2268061,6,2015-10-14 08:40:21,add/drop,Cambrias,gain,player,New York Jets,DEF,NYJ,,,,-2.06,DEF-0025
2015,2268061,6,2015-10-14 08:40:21,add/drop,Cambrias,loss,player,New York Giants,DEF,NYG,,,,-7.56,DEF-0024
2015,2268100,6,2015-10-14 08:40:21,add/drop,GaTTa,gain,player,Gary Barnidge,TE,CLE,,,,31.08,00-0026281
2015,2268100,6,2015-10-14 08:40:21,add/drop,GaTTa,loss,player,Tavon Austin,WR,LAR,,,,-10.45,00-0030525
2015,2268153,6,2015-10-14 08:40:21,add/drop,Antdell & Ernie,gain,player,Anquan Boldin,WR,SF,,,,-27.98,00-0022084
2015,2268153,6,2015-10-14 08:40:21,add/drop,Antdell & Ernie,loss,player,Nelson Agholor,WR,PHI,,,,-68.68,00-0031549
2015,2268154,6,2015-10-14 08:40:21,add/drop,Antdell & Ernie,gain,player,Knile Davis,RB,KC,,,,-66.41,00-0030280
2015,2268154,6,2015-10-14 08:40:21,add/drop,Antdell & Ernie,loss,player,Stevie Johnson,WR,LAC,,,,-49.64,00-0026364
2015,2268101,5,2015-10-09 02:58:29,add/drop,GaTTa,gain,player,Andre Johnson,WR,IND,,,,-45.98,00-0022044
2015,2268101,5,2015-10-09 02:58:29,add/drop,GaTTa,loss,player,Gary Barnidge,TE,CLE,,,,50.63,00-0026281
2015,2268013,5,2015-10-08 20:38:00,add/drop,Team JoeBa,gain,player,Anthony Dixon,RB,BUF,,,,-79.2,00-0027772
2015,2268013,5,2015-10-08 20:38:00,add/drop,Team JoeBa,loss,player,Khiry Robinson,RB,NO,,,,-63.08,00-0030348
2015,2267950,5,2015-10-08 18:27:26,trade,Pung & Tralie,loss,player,Martellus Bennett,TE,CHI,,,,-33.68,00-0026201
2015,2267950,5,2015-10-08 18:27:26,trade,Pung & Tralie,gain,player,Frank Gore,RB,IND,,,,19.28,00-0023500
2015,2268102,5,2015-10-08 18:27:26,trade,GaTTa,gain,player,Martellus Bennett,TE,CHI,,,,-33.68,00-0026201
2015,2268102,5,2015-10-08 18:27:26,trade,GaTTa,loss,player,Frank Gore,RB,IND,,,,19.28,00-0023500
2015,2268103,5,2015-10-08 16:10:01,add/drop,GaTTa,gain,player,Tavon Austin,WR,LAR,,,,-14.93,00-0030525
2015,2268103,5,2015-10-08 16:10:01,add/drop,GaTTa,loss,player,Andre Johnson,WR,IND,,,,-45.98,00-0022044
2015,2268104,5,2015-10-08 16:03:45,add/drop,GaTTa,gain,player,Brandon LaFell,WR,FA,,,,-47.4,00-0027681
2015,2268104,5,2015-10-08 16:03:45,add/drop,GaTTa,loss,player,David Johnson,RB,ARI,,,,28.43,00-0032187
2015,2267951,5,2015-10-08 14:50:43,add/drop,Pung & Tralie,gain,player,Joe Flacco,QB,BAL,,,,-65.09,00-0026158
2015,2267951,5,2015-10-08 14:50:43,add/drop,Pung & Tralie,loss,player,Brandon Weeden,QB,HOU,,,,-120.95,00-0029677
2015,2268014,5,2015-10-08 14:06:50,add/drop,Team JoeBa,gain,player,Dwayne Allen,TE,IND,,,,-61.05,00-0029689
2015,2268014,5,2015-10-08 14:06:50,add/drop,Team JoeBa,loss,player,Fred Jackson,RB,SEA,,,,-47.1,00-0024204
2015,2268062,5,2015-10-08 10:41:33,add/drop,Cambrias,gain,player,Larry Donnell,TE,NYG,,,,-54.98,00-0028838
2015,2268062,5,2015-10-08 10:41:33,add/drop,Cambrias,loss,player,New York Jets,DEF,NYJ,,,,-10.5,DEF-0025
2015,2267990,5,2015-10-07 13:26:51,add/drop,Richie,gain,player,Chandler Catanzaro,K,ARI,,,,9.75,00-0030896
2015,2267990,5,2015-10-07 13:26:51,add/drop,Richie,loss,player,Matt Prater,K,DET,,,,5.25,00-0023853
2015,2268015,5,2015-10-07 09:04:05,add/drop,Team JoeBa,gain,player,Khiry Robinson,RB,NO,,,,-63.08,00-0030348
2015,2268015,5,2015-10-07 09:04:05,add/drop,Team JoeBa,loss,player,Joe Flacco,QB,BAL,,,,-65.09,00-0026158
2015,2268034,5,2015-10-07 09:04:05,add/drop,Chris & Dom,gain,player,Willie Snead,WR,NO,,,,-12.75,00-0030663
2015,2268034,5,2015-10-07 09:04:05,add/drop,Chris & Dom,loss,player,Maxx Williams,TE,BAL,,,,-49.2,00-0031558
2015,2268063,5,2015-10-07 09:04:05,add/drop,Cambrias,gain,player,New York Giants,DEF,NYG,,,,-15,DEF-0024
2015,2268063,5,2015-10-07 09:04:05,add/drop,Cambrias,loss,player,Andre Williams,RB,NYG,,,,-77.33,00-0031055
2015,2268064,5,2015-10-07 09:04:05,add/drop,Cambrias,gain,player,Allen Hurns,WR,JAX,,,,5.33,00-0030821
2015,2268064,5,2015-10-07 09:04:05,add/drop,Cambrias,loss,player,Christine Michael,RB,FA,,,,-72.75,00-0030432
2015,2268087,5,2015-10-07 09:04:05,add/drop,Rob & GregBo,gain,player,Atlanta Falcons,DEF,ATL,,,,-20.25,DEF-0002
2015,2268087,5,2015-10-07 09:04:05,add/drop,Rob & GregBo,loss,player,Cleveland Browns,DEF,CLE,,,,-20.25,DEF-0008
2015,2268105,5,2015-10-07 09:04:05,add/drop,GaTTa,gain,player,Gary Barnidge,TE,CLE,,,,50.63,00-0026281
2015,2268105,5,2015-10-07 09:04:05,add/drop,GaTTa,loss,player,Lance Dunbar,RB,DAL,,,,,00-0029004
2015,2268140,5,2015-10-07 09:04:05,add/drop,Nolan & Vinny,gain,player,Jay Cutler,QB,CHI,,,,-19.07,00-0024226
2015,2268140,5,2015-10-07 09:04:05,add/drop,Nolan & Vinny,loss,player,Ryan Fitzpatrick,QB,NYJ,,,,13.62,00-0023682
2015,2267952,4,2015-10-04 12:58:46,add/drop,Pung & Tralie,gain,player,Brandon Weeden,QB,HOU,,,,-128.99,00-0029677
2015,2267952,4,2015-10-04 12:58:46,add/drop,Pung & Tralie,loss,player,New England Patriots,DEF,NE,,,,13,DEF-0022
2015,2268065,4,2015-10-04 02:50:46,add/drop,Cambrias,gain,player,Andre Williams,RB,NYG,,,,-89.78,00-0031055
2015,2268065,4,2015-10-04 02:50:46,add/drop,Cambrias,loss,player,Brandon Coleman,WR,NO,,,,-92.06,00-0030801
2015,2268066,4,2015-10-03 20:57:38,add/drop,Cambrias,gain,player,Christine Michael,RB,FA,,,,-89.38,00-0030432
2015,2268066,4,2015-10-03 20:57:38,add/drop,Cambrias,loss,player,Tevin Coleman,RB,ATL,,,,-83.93,00-0032058
2015,2268067,4,2015-10-03 20:54:18,add/drop,Cambrias,gain,player,Sebastian Janikowski,K,LV,,,,-13,00-0019646
2015,2268067,4,2015-10-03 20:54:18,add/drop,Cambrias,loss,player,Phil Dawson,K,SF,,,,-18.69,00-0004091
2015,2268155,4,2015-10-03 15:14:24,add/drop,Antdell & Ernie,gain,player,Nelson Agholor,WR,PHI,,,,-99.04,00-0031549
2015,2268155,4,2015-10-03 15:14:24,add/drop,Antdell & Ernie,loss,player,Anquan Boldin,WR,SF,,,,-34.69,00-0022084
2015,2268035,4,2015-10-01 19:06:56,add/drop,Chris & Dom,gain,player,Maxx Williams,TE,BAL,,,,-62.16,00-0031558
2015,2268035,4,2015-10-01 19:06:56,add/drop,Chris & Dom,loss,player,Marques Colston,WR,NO,,,,-56.71,00-0024466
2015,2268036,4,2015-10-01 01:43:53,trade,Chris & Dom,gain,player,Dion Lewis,RB,NE,,,,-53.63,00-0028087
2015,2268036,4,2015-10-01 01:43:53,trade,Chris & Dom,gain,player,Dez Bryant,WR,DAL,,,,-69.88,00-0027902
2015,2268036,4,2015-10-01 01:43:53,trade,Chris & Dom,loss,player,LeGarrette Blount,RB,FA,,,,-28.19,00-0027325
2015,2268036,4,2015-10-01 01:43:53,trade,Chris & Dom,loss,player,James Jones,WR,GB,,,,-37.7,00-0025465
2015,2268106,4,2015-10-01 01:43:53,trade,GaTTa,loss,player,Dion Lewis,RB,NE,,,,-53.63,00-0028087
2015,2268106,4,2015-10-01 01:43:53,trade,GaTTa,loss,player,Dez Bryant,WR,DAL,,,,-69.88,00-0027902
2015,2268106,4,2015-10-01 01:43:53,trade,GaTTa,gain,player,LeGarrette Blount,RB,FA,,,,-28.19,00-0027325
2015,2268106,4,2015-10-01 01:43:53,trade,GaTTa,gain,player,James Jones,WR,GB,,,,-37.7,00-0025465
2015,2267971,4,2015-09-30 23:00:09,trade,LFTLR,gain,player,Rishard Matthews,WR,MIA,,,,-74.67,00-0029580
2015,2267971,4,2015-09-30 23:00:09,trade,LFTLR,loss,player,Victor Cruz,WR,FA,,,,,00-0027265
2015,2268107,4,2015-09-30 23:00:09,trade,GaTTa,loss,player,Rishard Matthews,WR,MIA,,,,-74.67,00-0029580
2015,2268107,4,2015-09-30 23:00:09,trade,GaTTa,gain,player,Victor Cruz,WR,FA,,,,,00-0027265
2015,2268088,4,2015-09-30 21:43:19,add/drop,Rob & GregBo,gain,player,Richard Rodgers,TE,GB,,,,0.73,00-0031384
2015,2268088,4,2015-09-30 21:43:19,add/drop,Rob & GregBo,loss,player,Larry Donnell,TE,NYG,,,,-64.27,00-0028838
2015,2268108,4,2015-09-30 21:28:31,add/drop,GaTTa,gain,player,Andre Johnson,WR,IND,,,,-62.32,00-0022044
2015,2268108,4,2015-09-30 21:28:31,add/drop,GaTTa,loss,player,Nelson Agholor,WR,PHI,,,,-99.04,00-0031549
2015,2268156,4,2015-09-30 21:00:03,add/drop,Antdell & Ernie,gain,player,Dan Carpenter,K,BUF,,,,-17.06,00-0026003
2015,2268156,4,2015-09-30 21:00:03,add/drop,Antdell & Ernie,loss,player,Andre Johnson,WR,IND,,,,-62.32,00-0022044
2015,2267991,4,2015-09-30 19:07:42,add/drop,Richie,gain,player,Green Bay Packers,DEF,GB,,,,0,DEF-0012
2015,2267991,4,2015-09-30 19:07:42,add/drop,Richie,loss,player,Miami Dolphins,DEF,MIA,,,,-13.81,DEF-0020
2015,2267953,4,2015-09-30 17:40:03,add,Pung & Tralie,gain,player,Indianapolis Colts,DEF,IND,,,,0.81,DEF-0014
2015,2267954,4,2015-09-30 17:38:30,trade,Pung & Tralie,loss,player,Alfred Morris,RB,WAS,,,,-53.06,00-0029141
2015,2267954,4,2015-09-30 17:38:30,trade,Pung & Tralie,loss,player,Eric Decker,WR,NYJ,,,,29.25,00-0027690
2015,2267954,4,2015-09-30 17:38:30,trade,Pung & Tralie,gain,player,C.J. Anderson,RB,DEN,,,,-14.46,00-0029854
2015,2268157,4,2015-09-30 17:38:30,drop,Antdell & Ernie,loss,player,Cody Parkey,K,PHI,,,,,00-0030850
2015,2268158,4,2015-09-30 17:38:30,trade,Antdell & Ernie,gain,player,Alfred Morris,RB,WAS,,,,-53.06,00-0029141
2015,2268158,4,2015-09-30 17:38:30,trade,Antdell & Ernie,gain,player,Eric Decker,WR,NYJ,,,,29.25,00-0027690
2015,2268158,4,2015-09-30 17:38:30,trade,Antdell & Ernie,loss,player,C.J. Anderson,RB,DEN,,,,-14.46,00-0029854
2015,2268141,4,2015-09-30 13:55:17,add/drop,Nolan & Vinny,gain,player,Ryan Fitzpatrick,QB,NYJ,,,,16.61,00-0023682
2015,2268141,4,2015-09-30 13:55:17,add/drop,Nolan & Vinny,loss,player,Knile Davis,RB,KC,,,,-98.96,00-0030280
2015,2268037,4,2015-09-30 10:38:16,add/drop,Chris & Dom,gain,player,Blake Bortles,QB,JAX,,,,44.17,00-0031407
2015,2268037,4,2015-09-30 10:38:16,add/drop,Chris & Dom,loss,player,Danny Amendola,WR,NE,,,,-34.26,00-0026035
2015,2267927,4,2015-09-30 07:59:50,add/drop,Ronnie,gain,player,Thomas Rawls,RB,SEA,,,,-9.75,00-0031897
2015,2267927,4,2015-09-30 07:59:50,add/drop,Ronnie,loss,player,Josh Hill,TE,FA,,,,-67.36,00-0030216
2015,2267955,4,2015-09-30 07:59:50,add/drop,Pung & Tralie,gain,player,Bilal Powell,RB,NYJ,,,,-22.18,00-0028064
2015,2267955,4,2015-09-30 07:59:50,add/drop,Pung & Tralie,loss,player,DeAngelo Williams,RB,PIT,,,,44.69,00-0024242
2015,2267956,4,2015-09-30 07:59:50,add/drop,Pung & Tralie,gain,player,Charles Clay,TE,BUF,,,,-28.36,00-0028112
2015,2267956,4,2015-09-30 07:59:50,add/drop,Pung & Tralie,loss,player,Charles Sims,RB,TB,,,,5.28,00-0031390
2015,2267972,4,2015-09-30 07:59:50,add/drop,LFTLR,gain,player,Minnesota Vikings,DEF,MIN,,,,-13.81,DEF-0021
2015,2267972,4,2015-09-30 07:59:50,add/drop,LFTLR,loss,player,Indianapolis Colts,DEF,IND,,,,0.81,DEF-0014
2015,2268016,4,2015-09-30 07:59:50,add/drop,Team JoeBa,gain,player,Andy Dalton,QB,CIN,,,,-29.92,00-0027973
2015,2268016,4,2015-09-30 07:59:50,add/drop,Team JoeBa,loss,player,Jay Cutler,QB,CHI,,,,-16.27,00-0024226
2015,2268068,4,2015-09-30 07:59:50,add/drop,Cambrias,gain,player,Karlos Williams,RB,BUF,,,,-45.74,00-0032152
2015,2268068,4,2015-09-30 07:59:50,add/drop,Cambrias,loss,player,Carolina Panthers,DEF,CAR,,,,26.81,DEF-0005
2015,2268089,4,2015-09-30 07:59:50,add/drop,Rob & GregBo,gain,player,Marcus Mariota,QB,TEN,,,,-48,00-0032268
2015,2268089,4,2015-09-30 07:59:50,add/drop,Rob & GregBo,loss,player,Roddy White,WR,ATL,,,,-65.08,00-0023462
2015,2268109,4,2015-09-30 07:59:50,add/drop,GaTTa,gain,player,Lance Dunbar,RB,DAL,,,,-100.18,00-0029004
2015,2268109,4,2015-09-30 07:59:50,add/drop,GaTTa,loss,player,Doug Baldwin,WR,SEA,,,,44.53,00-0028434
2015,2268142,4,2015-09-30 07:59:50,add/drop,Nolan & Vinny,gain,player,Marvin Jones,WR,CIN,,,,-30.55,00-0029293
2015,2268142,4,2015-09-30 07:59:50,add/drop,Nolan & Vinny,loss,player,Charles Johnson,WR,MIN,,,,-125.29,00-0030113
2015,2268159,4,2015-09-30 07:59:50,add/drop,Antdell & Ernie,gain,player,Rueben Randle,WR,NYG,,,,-23.97,00-0029262
2015,2268159,4,2015-09-30 07:59:50,add/drop,Antdell & Ernie,loss,player,Eddie Royal,WR,CHI,,,,-94.41,00-0026182
2015,2268110,3,2015-09-27 15:59:45,add/drop,GaTTa,gain,player,Ryan Mathews,RB,PHI,,,,-20.39,00-0027864
2015,2268110,3,2015-09-27 15:59:45,add/drop,GaTTa,loss,player,Travis Benjamin,WR,CLE,,,,-27.3,00-0029269
2015,2268111,3,2015-09-25 04:11:59,add/drop,GaTTa,gain,player,Rishard Matthews,WR,MIA,,,,-59.15,00-0029580
2015,2268111,3,2015-09-25 04:11:59,add/drop,GaTTa,loss,player,Ladarius Green,TE,LAC,,,,-33.69,00-0029275
2015,2268112,3,2015-09-24 22:55:13,add/drop,GaTTa,gain,player,Doug Baldwin,WR,SEA,,,,49.26,00-0028434
2015,2268112,3,2015-09-24 22:55:13,add/drop,GaTTa,loss,player,Ryan Mathews,RB,PHI,,,,-20.39,00-0027864
2015,2267928,3,2015-09-24 15:14:27,add/drop,Ronnie,gain,player,Duke Johnson,RB,CLE,,,,14.09,00-0032257
2015,2267928,3,2015-09-24 15:14:27,add/drop,Ronnie,loss,player,Alfred Blue,RB,HOU,,,,-35.7,00-0031075
2015,2268038,3,2015-09-24 11:57:24,add/drop,Chris & Dom,gain,player,Darren Sproles,RB,PHI,,,,-9.27,00-0023564
2015,2268038,3,2015-09-24 11:57:24,add/drop,Chris & Dom,loss,player,Tony Romo,QB,DAL,,,,-191.82,00-0021678
2015,2268069,3,2015-09-24 10:35:09,add/drop,Cambrias,gain,player,Devonta Freeman,RB,ATL,,,,126.18,00-0031285
2015,2268069,3,2015-09-24 10:35:09,add/drop,Cambrias,loss,player,Lorenzo Taliaferro,RB,FA,,,,-112.18,00-0031066
2015,2268096,3,2015-09-23 19:59:49,add/drop,Frank & Julian,gain,player,Eric Ebron,TE,DET,,,,-27.74,00-0031387
2015,2268096,3,2015-09-23 19:59:49,add/drop,Frank & Julian,loss,player,Mohamed Sanu,WR,CIN,,,,-78.23,00-0029632
2015,2268097,3,2015-09-23 19:59:12,add/drop,Frank & Julian,gain,player,Leonard Hankerson,WR,ATL,,,,-102.29,00-0028017
2015,2268097,3,2015-09-23 19:59:12,add/drop,Frank & Julian,loss,player,David Cobb,RB,FA,,,,-109.46,00-0032133
2015,2268113,3,2015-09-23 19:04:23,add/drop,GaTTa,gain,player,Michael Crabtree,WR,LV,,,,11.99,00-0026986
2015,2268113,3,2015-09-23 19:04:23,add/drop,GaTTa,loss,player,Darren Sproles,RB,PHI,,,,-9.27,00-0023564
2015,2268114,3,2015-09-23 19:00:27,add/drop,GaTTa,gain,player,Ryan Mathews,RB,PHI,,,,-20.39,00-0027864
2015,2268114,3,2015-09-23 19:00:27,add/drop,GaTTa,loss,player,Marcus Mariota,QB,TEN,,,,-53.25,00-0032268
2015,2268070,3,2015-09-23 16:46:10,add/drop,Cambrias,gain,player,Lorenzo Taliaferro,RB,FA,,,,-112.18,00-0031066
2015,2268070,3,2015-09-23 16:46:10,add/drop,Cambrias,loss,player,Kansas City Chiefs,DEF,KC,,,,37.63,DEF-0016
2015,2267973,3,2015-09-23 13:52:55,add/drop,LFTLR,gain,player,Tyrod Taylor,QB,BUF,,,,-16.98,00-0028118
2015,2267973,3,2015-09-23 13:52:55,add/drop,LFTLR,loss,player,Dwayne Allen,TE,IND,,,,-84,00-0029689
2015,2267974,3,2015-09-23 08:57:22,add/drop,LFTLR,gain,player,Matt Jones,RB,WAS,,,,-41.3,00-0031939
2015,2267974,3,2015-09-23 08:57:22,add/drop,LFTLR,loss,player,Duke Johnson,RB,CLE,,,,14.09,00-0032257
2015,2267992,3,2015-09-23 08:57:22,add/drop,Richie,gain,player,Crockett Gillmore,TE,BAL,,,,-43.93,00-0030992
2015,2267992,3,2015-09-23 08:57:22,add/drop,Richie,loss,player,Marvin Jones,WR,CIN,,,,-19.43,00-0029293
2015,2268115,3,2015-09-23 08:57:22,add/drop,GaTTa,gain,player,David Johnson,RB,ARI,,,,39.99,00-0032187
2015,2268115,3,2015-09-23 08:57:22,add/drop,GaTTa,loss,player,Ryan Mathews,RB,PHI,,,,-20.39,00-0027864
2015,2268116,3,2015-09-23 08:57:22,add/drop,GaTTa,gain,player,Travis Benjamin,WR,CLE,,,,-27.3,00-0029269
2015,2268116,3,2015-09-23 08:57:22,add/drop,GaTTa,loss,player,Tyler Lockett,WR,SEA,,,,-23.01,00-0032211
2015,2268117,3,2015-09-23 08:57:22,add/drop,GaTTa,gain,player,Dion Lewis,RB,NE,,,,-46.2,00-0028087
2015,2268117,3,2015-09-23 08:57:22,add/drop,GaTTa,loss,player,Scott Chandler,TE,NE,,,,-50.58,00-0025516
2015,2268143,3,2015-09-23 08:57:22,add/drop,Nolan & Vinny,gain,player,James Starks,RB,GB,,,,11.46,00-0027791
2015,2268143,3,2015-09-23 08:57:22,add/drop,Nolan & Vinny,loss,player,Austin Seferian-Jenkins,TE,TB,,,,-70.18,00-0031418
2015,2267957,2,2015-09-18 00:09:08,add/drop,Pung & Tralie,gain,player,Chris Johnson,RB,ARI,,,,-31.03,00-0026164
2015,2267957,2,2015-09-18 00:09:08,add/drop,Pung & Tralie,loss,player,Michael Crabtree,WR,LV,,,,24.56,00-0026986
2015,2268017,2,2015-09-17 14:02:40,add,Team JoeBa,gain,player,Jay Cutler,QB,CHI,,,,-46.39,00-0024226
2015,2268118,2,2015-09-17 14:02:23,add/drop,GaTTa,gain,player,Scott Chandler,TE,NE,,,,-51.28,00-0025516
2015,2268118,2,2015-09-17 14:02:23,add/drop,GaTTa,loss,player,Chris Johnson,RB,ARI,,,,-31.03,00-0026164
2015,2268018,2,2015-09-17 14:01:30,drop,Team JoeBa,loss,player,Dwayne Bowe,WR,FA,,,,-162.75,00-0025410
2015,2268090,2,2015-09-17 00:05:30,add/drop,Rob & GregBo,gain,player,Cleveland Browns,DEF,CLE,,,,-29.06,DEF-0008
2015,2268090,2,2015-09-17 00:05:30,add/drop,Rob & GregBo,loss,player,Torrey Smith,WR,SF,,,,-67.31,00-0027996
2015,2268091,2,2015-09-16 23:26:10,add/drop,Rob & GregBo,gain,player,Colin Kaepernick,QB,SF,,,,-140.1,00-0027974
2015,2268091,2,2015-09-16 23:26:10,add/drop,Rob & GregBo,loss,player,Teddy Bridgewater,QB,MIN,,,,-55.78,00-0031237
2015,2268119,2,2015-09-16 17:04:33,add/drop,GaTTa,gain,player,Chris Johnson,RB,ARI,,,,-31.03,00-0026164
2015,2268119,2,2015-09-16 17:04:33,add/drop,GaTTa,loss,player,Phillip Dorsett,WR,IND,,,,-140.72,00-0032208
2015,2268071,2,2015-09-16 12:23:29,add/drop,Cambrias,gain,player,Carolina Panthers,DEF,CAR,,,,27.19,DEF-0005
2015,2268071,2,2015-09-16 12:23:29,add/drop,Cambrias,loss,player,Breshad Perriman,WR,FA,,,,,00-0032054
2015,2268120,2,2015-09-16 12:13:02,add/drop,GaTTa,gain,player,Ladarius Green,TE,LAC,,,,-29.06,00-0029275
2015,2268120,2,2015-09-16 12:13:02,add/drop,GaTTa,loss,player,Vernon Davis,TE,SF,,,,-47.53,00-0024221
2015,2267929,2,2015-09-16 09:11:11,add/drop,Ronnie,gain,player,Cole Beasley,WR,DAL,,,,-74.53,00-0029000
2015,2267929,2,2015-09-16 09:11:11,add/drop,Ronnie,loss,player,Ty Montgomery,RB,FA,,,,-88.69,00-0032200
2015,2267975,2,2015-09-16 09:11:11,add/drop,LFTLR,gain,player,Benny Cunningham,RB,LAR,,,,-91.88,00-0029795
2015,2267975,2,2015-09-16 09:11:11,add/drop,LFTLR,loss,player,Devin Funchess,TE,CAR,,,,-36.66,00-0032055
2015,2268039,2,2015-09-16 09:11:11,add/drop,Chris & Dom,gain,player,Donte Moncrief,WR,IND,,,,-26.25,00-0031339
2015,2268039,2,2015-09-16 09:11:11,add/drop,Chris & Dom,loss,player,Richard Rodgers,TE,GB,,,,14.53,00-0031384
2015,2268121,2,2015-09-16 09:11:11,add/drop,GaTTa,gain,player,Marcus Mariota,QB,TEN,,,,-58.95,00-0032268
2015,2268121,2,2015-09-16 09:11:11,add/drop,GaTTa,loss,player,Dorial Green-Beckham,WR,FA,,,,-76.03,00-0032218
2015,2268072,1,2015-09-11 10:16:53,add/drop,Cambrias,gain,player,Phil Dawson,K,SF,,,,-27,00-0004091
2015,2268072,1,2015-09-11 10:16:53,add/drop,Cambrias,loss,player,Dan Carpenter,K,BUF,,,,-13,00-0026003
2015,2268040,1,2015-09-11 01:01:17,add/drop,Chris & Dom,gain,player,Danny Amendola,WR,NE,,,,-46.26,00-0026035
2015,2268040,1,2015-09-11 01:01:17,add/drop,Chris & Dom,loss,player,James Starks,RB,GB,,,,11,00-0027791
2015,2268122,1,2015-09-10 15:13:37,add/drop,GaTTa,gain,player,Tyler Lockett,WR,SEA,,,,-31.8,00-0032211
2015,2268122,1,2015-09-10 15:13:37,add/drop,GaTTa,loss,player,Eric Ebron,TE,DET,,,,-19.4,00-0031387
2015,2268160,1,2015-09-10 14:28:53,add/drop,Antdell & Ernie,gain,player,Coby Fleener,TE,IND,,,,-35.3,00-0029697
2015,2268160,1,2015-09-10 14:28:53,add/drop,Antdell & Ernie,loss,player,Devonta Freeman,RB,ATL,,,,152.9,00-0031285
2015,2268161,1,2015-09-10 14:20:17,add/drop,Antdell & Ernie,gain,player,Heath Miller,TE,PIT,,,,-19.7,00-0023465
2015,2268161,1,2015-09-10 14:20:17,add/drop,Antdell & Ernie,loss,player,Coby Fleener,TE,IND,,,,-35.3,00-0029697
2015,2268144,1,2015-09-10 04:29:54,add,Nolan & Vinny,gain,player,Austin Seferian-Jenkins,TE,TB,,,,-65.6,00-0031418
2015,2268145,1,2015-09-10 04:29:37,drop,Nolan & Vinny,loss,player,Jerick McKinnon,RB,MIN,,,,-72.5,00-0031376
2015,2268123,1,2015-09-10 00:52:39,add/drop,GaTTa,gain,player,Dorial Green-Beckham,WR,FA,,,,-90.1,00-0032218
2015,2268123,1,2015-09-10 00:52:39,add/drop,GaTTa,loss,player,Reggie Bush,RB,SF,,,,-139.4,00-0024217
2014,2268278,16,2014-12-17 03:05:38,add/drop,GaTTa,gain,player,Cole Beasley,WR,DAL,,,,-0.26,00-0029000
2014,2268278,16,2014-12-17 03:05:38,add/drop,GaTTa,loss,player,Brandon Marshall,WR,CHI,,,,,00-0024334
2014,2268248,16,2014-12-16 02:19:10,add/drop,Cambrias,gain,player,Harry Douglas,WR,ATL,,,,-0.39,00-0026224
2014,2268248,16,2014-12-16 02:19:10,add/drop,Cambrias,loss,player,Donte Moncrief,WR,IND,,,,-0.78,00-0031339
2014,2268249,16,2014-12-16 02:18:35,add/drop,Cambrias,gain,player,Joseph Randle,RB,FA,,,,-0.6,00-0030388
2014,2268249,16,2014-12-16 02:18:35,add/drop,Cambrias,loss,player,Denard Robinson,RB,JAX,,,,,00-0030547
2014,2268279,14,2014-12-08 21:08:11,add,GaTTa,gain,player,Michael Floyd,WR,ARI,,,,-2.33,00-0029638
2014,2268250,14,2014-12-07 17:42:12,add/drop,Cambrias,gain,player,Charles Clay,TE,MIA,,,,0.32,00-0028112
2014,2268250,14,2014-12-07 17:42:12,add/drop,Cambrias,loss,player,New York Giants,DEF,NYG,,,,3.94,DEF-0024
2014,2268251,14,2014-12-05 04:46:06,add/drop,Cambrias,gain,player,Donte Moncrief,WR,IND,,,,-5.57,00-0031339
2014,2268251,14,2014-12-05 04:46:06,add/drop,Cambrias,loss,player,Wes Welker,WR,FA,,,,-2.57,00-0022427
2014,2268280,14,2014-12-02 21:41:05,drop,GaTTa,loss,player,Justin Hunter,WR,TEN,,,,,00-0030521
2014,2268252,14,2014-12-02 16:55:31,add/drop,Cambrias,gain,player,Minnesota Vikings,DEF,MIN,,,,-1.88,DEF-0021
2014,2268252,14,2014-12-02 16:55:31,add/drop,Cambrias,loss,player,Ryan Tannehill,QB,MIA,,,,1.92,00-0029701
2014,2268181,13,2014-11-30 22:29:40,add/drop,Pung & Tralie,gain,player,New York Jets,DEF,NYJ,,,,-1.5,DEF-0025
2014,2268181,13,2014-11-30 22:29:40,add/drop,Pung & Tralie,loss,player,Michael Floyd,WR,ARI,,,,-4.63,00-0029638
2014,2268331,13,2014-11-30 21:48:12,add/drop,Nolan & Vinny,gain,player,Andre Williams,RB,NYG,,,,3.2,00-0031055
2014,2268331,13,2014-11-30 21:48:12,add/drop,Nolan & Vinny,loss,player,Charles Johnson,WR,PHI,,,,-1.88,00-0030113
2014,2268385,13,2014-11-30 21:01:47,add/drop,Antdell & Ernie,gain,player,Brian Hartline,WR,MIA,,,,-10.48,00-0027077
2014,2268385,13,2014-11-30 21:01:47,add/drop,Antdell & Ernie,loss,player,Caleb Sturgis,K,MIA,,,,0,00-0030390
2014,2268230,13,2014-11-28 16:56:50,add/drop,Chris & Dom,gain,player,Cincinnati Bengals,DEF,CIN,,,,0.5,DEF-0007
2014,2268230,13,2014-11-28 16:56:50,add/drop,Chris & Dom,loss,player,Dan Carpenter,K,BUF,,,,2.75,00-0026003
2014,2268332,13,2014-11-26 01:22:10,add/drop,Nolan & Vinny,gain,player,Charles Johnson,WR,PHI,,,,-1.88,00-0030113
2014,2268332,13,2014-11-26 01:22:10,add/drop,Nolan & Vinny,loss,player,Joseph Randle,RB,FA,,,,-5,00-0030388
2014,2268333,13,2014-11-26 01:21:43,add/drop,Nolan & Vinny,gain,player,Jordan Cameron,TE,CLE,,,,-2.48,00-0028040
2014,2268333,13,2014-11-26 01:21:43,add/drop,Nolan & Vinny,loss,player,Niles Paul,TE,WAS,,,,-7.78,00-0028093
2014,2268253,13,2014-11-25 20:57:31,add/drop,Cambrias,gain,player,Ryan Tannehill,QB,MIA,,,,0,00-0029701
2014,2268253,13,2014-11-25 20:57:31,add/drop,Cambrias,loss,player,Los Angeles Chargers,DEF,LAC,,,,-2.5,DEF-0018
2014,2268254,13,2014-11-25 11:54:36,add/drop,Cambrias,gain,player,New York Giants,DEF,NYG,,,,5.75,DEF-0024
2014,2268254,13,2014-11-25 11:54:36,add/drop,Cambrias,loss,player,Jacob Tamme,TE,FA,,,,-8.5,00-0026267
2014,2268162,12,2014-11-23 20:54:18,add/drop,Ronnie,gain,player,Tim Wright,TE,NE,,,,-7.22,00-0029910
2014,2268162,12,2014-11-23 20:54:18,add/drop,Ronnie,loss,player,Jordan Cameron,TE,CLE,,,,-6.5,00-0028040
2014,2268255,12,2014-11-23 17:01:18,add/drop,Cambrias,gain,player,Dan Herron,RB,FA,,,,2.38,00-0029588
2014,2268255,12,2014-11-23 17:01:18,add/drop,Cambrias,loss,player,Adrian Peterson,RB,MIN,,,,,00-0025394
2014,2268211,12,2014-11-22 20:22:00,add/drop,Team JoeBa,gain,player,Garrett Graham,TE,FA,,,,-12.5,00-0027718
2014,2268211,12,2014-11-22 20:22:00,add/drop,Team JoeBa,loss,player,Charles Clay,TE,MIA,,,,-3.97,00-0028112
2014,2268163,12,2014-11-21 01:45:54,add/drop,Ronnie,gain,player,Latavius Murray,RB,BUF,,,,2.88,00-0030513
2014,2268163,12,2014-11-21 01:45:54,add/drop,Ronnie,loss,player,Matt Prater,K,ARI,,,,3.75,00-0023853
2014,2268164,12,2014-11-21 00:23:09,add,Ronnie,gain,player,Austin Seferian-Jenkins,TE,TB,,,,-13.91,00-0031418
2014,2268165,12,2014-11-21 00:22:41,drop,Ronnie,loss,player,Tyler Eifert,TE,CIN,,,,,00-0030549
2014,2268182,12,2014-11-20 16:25:19,add/drop,Pung & Tralie,gain,player,LeGarrette Blount,RB,PIT,,,,-0.69,00-0027325
2014,2268182,12,2014-11-20 16:25:19,add/drop,Pung & Tralie,loss,player,Austin Seferian-Jenkins,TE,TB,,,,-13.91,00-0031418
2014,2268302,12,2014-11-19 19:22:50,add/drop,Richie,gain,player,Chicago Bears,DEF,CHI,,,,-2.5,DEF-0006
2014,2268302,12,2014-11-19 19:22:50,add/drop,Richie,loss,player,Denver Broncos,DEF,DEN,,,,0.31,DEF-0010
2014,2268303,12,2014-11-18 22:37:30,add/drop,Richie,gain,player,Jarvis Landry,WR,MIA,,,,4.22,00-0031382
2014,2268303,12,2014-11-18 22:37:30,add/drop,Richie,loss,player,Darren McFadden,RB,LV,,,,-8.69,00-0026144
2014,2268334,12,2014-11-18 20:37:33,add,Nolan & Vinny,gain,player,Niles Paul,TE,WAS,,,,-12.47,00-0028093
2014,2268335,12,2014-11-18 20:28:54,drop,Nolan & Vinny,loss,player,Ahmad Bradshaw,RB,IND,,,,,00-0025637
2014,2268336,12,2014-11-18 16:58:43,add/drop,Nolan & Vinny,gain,player,Isaiah Crowell,RB,CLE,,,,-0.03,00-0030656
2014,2268336,12,2014-11-18 16:58:43,add/drop,Nolan & Vinny,loss,player,Jarvis Landry,WR,MIA,,,,4.22,00-0031382
2014,2268212,12,2014-11-18 14:48:30,add/drop,Team JoeBa,gain,player,Cleveland Browns,DEF,CLE,,,,1.88,DEF-0008
2014,2268212,12,2014-11-18 14:48:30,add/drop,Team JoeBa,loss,player,Carolina Panthers,DEF,CAR,,,,-2.19,DEF-0005
2014,2268304,12,2014-11-18 14:43:45,add/drop,Richie,gain,player,Cairo Santos,K,KC,,,,-1.56,00-0031203
2014,2268304,12,2014-11-18 14:43:45,add/drop,Richie,loss,player,Shaun Suisham,K,PIT,,,,0,00-0023001
2014,2268231,12,2014-11-18 12:02:08,add/drop,Chris & Dom,gain,player,Green Bay Packers,DEF,GB,,,,-4.38,DEF-0012
2014,2268231,12,2014-11-18 12:02:08,add/drop,Chris & Dom,loss,player,Cleveland Browns,DEF,CLE,,,,1.88,DEF-0008
2014,2268183,11,2014-11-17 16:48:12,add,Pung & Tralie,gain,player,Kenny Stills,WR,FA,,,,4.31,00-0030085
2014,2268256,11,2014-11-17 11:18:36,add/drop,Cambrias,gain,player,Jacob Tamme,TE,FA,,,,-15.11,00-0026267
2014,2268256,11,2014-11-17 11:18:36,add/drop,Cambrias,loss,player,Nick Novak,K,LAC,,,,-0.38,00-0023096
2014,2268305,11,2014-11-17 04:21:24,add/drop,Richie,gain,player,Coby Fleener,TE,IND,,,,10.05,00-0029697
2014,2268305,11,2014-11-17 04:21:24,add/drop,Richie,loss,player,Greg Jennings,WR,MIN,,,,-2.81,00-0024267
2014,2268306,11,2014-11-17 02:03:12,add/drop,Richie,gain,player,Jonas Gray,RB,FA,,,,1.61,00-0029104
2014,2268306,11,2014-11-17 02:03:12,add/drop,Richie,loss,player,Andre Holmes,WR,FA,,,,-10.5,00-0028263
2014,2268281,11,2014-11-17 00:42:42,add/drop,GaTTa,gain,player,Indianapolis Colts,DEF,IND,,,,-0.38,DEF-0014
2014,2268281,11,2014-11-17 00:42:42,add/drop,GaTTa,loss,player,Jermaine Kearse,WR,SEA,,,,-12.68,00-0029159
2014,2268337,11,2014-11-16 20:54:14,add/drop,Nolan & Vinny,gain,player,Jarvis Landry,WR,MIA,,,,6.98,00-0031382
2014,2268337,11,2014-11-16 20:54:14,add/drop,Nolan & Vinny,loss,player,Bobby Rainey,RB,TB,,,,-15.68,00-0029384
2014,2268338,11,2014-11-14 23:38:05,add/drop,Nolan & Vinny,gain,player,Alfred Blue,RB,HOU,,,,-7.13,00-0031075
2014,2268338,11,2014-11-14 23:38:05,add/drop,Nolan & Vinny,loss,player,DeAngelo Williams,RB,CAR,,,,-18.23,00-0024242
2014,2268184,11,2014-11-14 22:57:08,trade,Pung & Tralie,loss,player,Brandin Cooks,WR,NO,,,,-24.68,00-0031236
2014,2268184,11,2014-11-14 22:57:08,trade,Pung & Tralie,loss,player,Bishop Sankey,RB,TEN,,,,-7.54,00-0031413
2014,2268184,11,2014-11-14 22:57:08,trade,Pung & Tralie,gain,player,Mark Ingram,RB,NO,,,,5.06,00-0027966
2014,2268395,11,2014-11-14 22:57:08,drop,LFTLR,loss,player,Stevan Ridley,RB,NE,,,,,00-0028011
2014,2268396,11,2014-11-14 22:57:08,trade,LFTLR,gain,player,Brandin Cooks,WR,NO,,,,-24.68,00-0031236
2014,2268396,11,2014-11-14 22:57:08,trade,LFTLR,gain,player,Bishop Sankey,RB,TEN,,,,-7.54,00-0031413
2014,2268396,11,2014-11-14 22:57:08,trade,LFTLR,loss,player,Mark Ingram,RB,NO,,,,5.06,00-0027966
2014,2268322,11,2014-11-14 22:00:41,trade,Frank & Julian,gain,player,Jerick McKinnon,RB,MIN,,,,-13.65,00-0031376
2014,2268322,11,2014-11-14 22:00:41,trade,Frank & Julian,gain,player,Mike Evans,WR,TB,,,,9.34,00-0031408
2014,2268322,11,2014-11-14 22:00:41,trade,Frank & Julian,loss,player,Rashad Jennings,RB,NYG,,,,1.16,00-0027155
2014,2268322,11,2014-11-14 22:00:41,trade,Frank & Julian,loss,player,DeAndre Hopkins,WR,HOU,,,,7.43,00-0030564
2014,2268339,11,2014-11-14 22:00:41,trade,Nolan & Vinny,loss,player,Jerick McKinnon,RB,MIN,,,,-13.65,00-0031376
2014,2268339,11,2014-11-14 22:00:41,trade,Nolan & Vinny,loss,player,Mike Evans,WR,TB,,,,9.34,00-0031408
2014,2268339,11,2014-11-14 22:00:41,trade,Nolan & Vinny,gain,player,Rashad Jennings,RB,NYG,,,,1.16,00-0027155
2014,2268339,11,2014-11-14 22:00:41,trade,Nolan & Vinny,gain,player,DeAndre Hopkins,WR,HOU,,,,7.43,00-0030564
2014,2268340,11,2014-11-13 22:13:22,add/drop,Nolan & Vinny,gain,player,DeAngelo Williams,RB,CAR,,,,-18.23,00-0024242
2014,2268340,11,2014-11-13 22:13:22,add/drop,Nolan & Vinny,loss,player,Andre Williams,RB,NYG,,,,1.69,00-0031055
2014,2268341,11,2014-11-13 22:08:45,add/drop,Nolan & Vinny,gain,player,Bobby Rainey,RB,TB,,,,-15.68,00-0029384
2014,2268341,11,2014-11-13 22:08:45,add/drop,Nolan & Vinny,loss,player,Cordarrelle Patterson,RB,MIN,,,,-15.08,00-0030578
2014,2268185,11,2014-11-12 16:11:46,add/drop,Pung & Tralie,gain,player,Austin Seferian-Jenkins,TE,TB,,,,-17.33,00-0031418
2014,2268185,11,2014-11-12 16:11:46,add/drop,Pung & Tralie,loss,player,Jonas Gray,RB,FA,,,,1.61,00-0029104
2014,2268386,11,2014-11-12 14:27:16,add/drop,Antdell & Ernie,gain,player,Pittsburgh Steelers,DEF,PIT,,,,-6.38,DEF-0027
2014,2268386,11,2014-11-12 14:27:16,add/drop,Antdell & Ernie,loss,player,Allen Hurns,WR,JAX,,,,-12.23,00-0030821
2014,2268342,11,2014-11-12 04:05:31,add,Nolan & Vinny,gain,player,John Brown,WR,ARI,,,,-13.76,00-0031051
2014,2268343,11,2014-11-12 04:04:03,add,Nolan & Vinny,gain,player,Cordarrelle Patterson,RB,MIN,,,,-15.08,00-0030578
2014,2268307,11,2014-11-11 21:10:40,add/drop,Richie,gain,player,Greg Jennings,WR,MIN,,,,-2.81,00-0024267
2014,2268307,11,2014-11-11 21:10:40,add/drop,Richie,loss,player,Joe Flacco,QB,BAL,,,,-2.06,00-0026158
2014,2268344,11,2014-11-11 20:48:32,drop,Nolan & Vinny,loss,player,Allen Robinson,WR,JAX,,,,,00-0031428
2014,2268232,11,2014-11-11 11:52:36,add/drop,Chris & Dom,gain,player,Cleveland Browns,DEF,CLE,,,,-0.75,DEF-0008
2014,2268232,11,2014-11-11 11:52:36,add/drop,Chris & Dom,loss,player,Cincinnati Bengals,DEF,CIN,,,,0.38,DEF-0007
2014,2268257,11,2014-11-11 11:49:32,add/drop,Cambrias,gain,player,Nick Novak,K,LAC,,,,-0.38,00-0023096
2014,2268257,11,2014-11-11 11:49:32,add/drop,Cambrias,loss,player,Bobby Rainey,RB,TB,,,,-15.68,00-0029384
2014,2268233,11,2014-11-11 11:41:16,add/drop,Chris & Dom,gain,player,Dan Carpenter,K,BUF,,,,6.75,00-0026003
2014,2268233,11,2014-11-11 11:41:16,add/drop,Chris & Dom,loss,player,Indianapolis Colts,DEF,IND,,,,-0.38,DEF-0014
2014,2268345,10,2014-11-10 15:25:14,drop,Nolan & Vinny,loss,player,Lorenzo Taliaferro,RB,BAL,,,,-24.11,00-0031066
2014,2268346,10,2014-11-10 15:23:34,add/drop,Nolan & Vinny,gain,player,Knile Davis,RB,KC,,,,-11.86,00-0030280
2014,2268346,10,2014-11-10 15:23:34,add/drop,Nolan & Vinny,loss,player,Pittsburgh Steelers,DEF,PIT,,,,-6.56,DEF-0027
2014,2268347,10,2014-11-10 15:07:41,add,Nolan & Vinny,gain,player,Joseph Randle,RB,FA,,,,-16.23,00-0030388
2014,2268258,10,2014-11-10 11:56:17,add/drop,Cambrias,gain,player,C.J. Anderson,RB,DEN,,,,44.8,00-0029854
2014,2268258,10,2014-11-10 11:56:17,add/drop,Cambrias,loss,player,Davante Adams,WR,LV,,,,-21.61,00-0031381
2014,2268259,10,2014-11-10 11:54:38,add/drop,Cambrias,gain,player,Los Angeles Chargers,DEF,LAC,,,,-1.31,DEF-0018
2014,2268259,10,2014-11-10 11:54:38,add/drop,Cambrias,loss,player,Dallas Cowboys,DEF,DAL,,,,-4.81,DEF-0009
2014,2268348,10,2014-11-10 02:49:06,drop,Nolan & Vinny,loss,player,Carson Palmer,QB,ARI,,,,-41.29,00-0021429
2014,2268166,10,2014-11-07 01:20:30,add/drop,Ronnie,gain,player,Matt Prater,K,ARI,,,,7.44,00-0023853
2014,2268166,10,2014-11-07 01:20:30,add/drop,Ronnie,loss,player,Mike Nugent,K,CIN,,,,1.31,00-0023482
2014,2268167,10,2014-11-06 23:43:17,add,Ronnie,gain,player,Mike Nugent,K,CIN,,,,1.31,00-0023482
2014,2268168,10,2014-11-06 23:41:55,drop,Ronnie,loss,player,Cleveland Browns,DEF,CLE,,,,5.25,DEF-0008
2014,2268349,10,2014-11-06 23:18:39,add/drop,Nolan & Vinny,gain,player,Andre Williams,RB,NYG,,,,4.03,00-0031055
2014,2268349,10,2014-11-06 23:18:39,add/drop,Nolan & Vinny,loss,player,Cordarrelle Patterson,RB,MIN,,,,-20.69,00-0030578
2014,2268387,10,2014-11-06 22:37:54,add/drop,Antdell & Ernie,gain,player,Caleb Sturgis,K,MIA,,,,2.19,00-0030390
2014,2268387,10,2014-11-06 22:37:54,add/drop,Antdell & Ernie,loss,player,Greg Jennings,WR,MIN,,,,-8.27,00-0024267
2014,2268388,10,2014-11-06 22:36:16,add/drop,Antdell & Ernie,gain,player,Allen Hurns,WR,JAX,,,,-18.42,00-0030821
2014,2268388,10,2014-11-06 22:36:16,add/drop,Antdell & Ernie,loss,player,Alex Smith,QB,KC,,,,0,00-0023436
2014,2268350,10,2014-11-06 17:36:15,add/drop,Nolan & Vinny,gain,player,Pittsburgh Steelers,DEF,PIT,,,,-6.56,DEF-0027
2014,2268350,10,2014-11-06 17:36:15,add/drop,Nolan & Vinny,loss,player,Alfred Blue,RB,HOU,,,,-11.42,00-0031075
2014,2268351,10,2014-11-06 17:34:50,add/drop,Nolan & Vinny,gain,player,Lorenzo Taliaferro,RB,BAL,,,,-24.11,00-0031066
2014,2268351,10,2014-11-06 17:34:50,add/drop,Nolan & Vinny,loss,player,Isaiah Crowell,RB,CLE,,,,1.93,00-0030656
2014,2268323,10,2014-11-05 14:50:40,add/drop,Frank & Julian,gain,player,Jonathan Stewart,RB,CAR,,,,9.93,00-0026153
2014,2268323,10,2014-11-05 14:50:40,add/drop,Frank & Julian,loss,player,Blake Bortles,QB,FA,,,,-14.88,00-0031407
2014,2268324,10,2014-11-05 14:48:58,add/drop,Frank & Julian,gain,player,Jace Amaro,TE,NYJ,,,,-22.84,00-0031042
2014,2268324,10,2014-11-05 14:48:58,add/drop,Frank & Julian,loss,player,LeGarrette Blount,RB,PIT,,,,-7.39,00-0027325
2014,2268221,10,2014-11-05 00:54:05,add/drop,Rob & GregBo,gain,player,Jordan Matthews,TE,PHI,,,,3.81,00-0031299
2014,2268221,10,2014-11-05 00:54:05,add/drop,Rob & GregBo,loss,player,Ryan Tannehill,QB,MIA,,,,8.86,00-0029701
2014,2268352,10,2014-11-04 14:20:51,add/drop,Nolan & Vinny,gain,player,Isaiah Crowell,RB,CLE,,,,1.93,00-0030656
2014,2268352,10,2014-11-04 14:20:51,add/drop,Nolan & Vinny,loss,player,Daniel Thomas,RB,FA,,,,-19.56,00-0028000
2014,2268389,9,2014-11-03 22:09:02,add/drop,Antdell & Ernie,gain,player,Mark Sanchez,QB,FA,,,,0.73,00-0026898
2014,2268389,9,2014-11-03 22:09:02,add/drop,Antdell & Ernie,loss,player,Nick Foles,QB,PHI,,,,-55.51,00-0029567
2014,2268308,9,2014-11-03 20:14:14,add/drop,Richie,gain,player,Terrance West,RB,CLE,,,,-10.7,00-0031375
2014,2268308,9,2014-11-03 20:14:14,add/drop,Richie,loss,player,Juwan Thompson,RB,FA,,,,-23.2,00-0030705
2014,2268309,9,2014-11-03 20:12:48,add/drop,Richie,gain,player,Shaun Suisham,K,PIT,,,,0.5,00-0023001
2014,2268309,9,2014-11-03 20:12:48,add/drop,Richie,loss,player,Nick Novak,K,LAC,,,,-8.5,00-0023096
2014,2268353,9,2014-11-03 16:40:15,add/drop,Nolan & Vinny,gain,player,Mychal Rivera,TE,LV,,,,11.05,00-0030514
2014,2268353,9,2014-11-03 16:40:15,add/drop,Nolan & Vinny,loss,player,Clay Harbor,TE,NO,,,,-30.9,00-0027725
2014,2268260,9,2014-11-03 11:46:16,add/drop,Cambrias,gain,player,Dallas Cowboys,DEF,DAL,,,,-4.5,DEF-0009
2014,2268260,9,2014-11-03 11:46:16,add/drop,Cambrias,loss,player,Washington Commanders,DEF,WAS,,,,-14.5,DEF-0032
2014,2268390,9,2014-11-03 03:41:21,add/drop,Antdell & Ernie,gain,player,Alex Smith,QB,KC,,,,0,00-0023436
2014,2268390,9,2014-11-03 03:41:21,add/drop,Antdell & Ernie,loss,player,Chicago Bears,DEF,CHI,,,,-11,DEF-0006
2014,2268354,9,2014-11-03 03:12:33,add/drop,Nolan & Vinny,gain,player,Daniel Thomas,RB,FA,,,,-23.15,00-0028000
2014,2268354,9,2014-11-03 03:12:33,add/drop,Nolan & Vinny,loss,player,Knile Davis,RB,KC,,,,-16,00-0030280
2014,2268355,9,2014-11-03 03:11:52,add/drop,Nolan & Vinny,gain,player,Alfred Blue,RB,HOU,,,,-14.95,00-0031075
2014,2268355,9,2014-11-03 03:11:52,add/drop,Nolan & Vinny,loss,player,Lorenzo Taliaferro,RB,BAL,,,,-27.2,00-0031066
2014,2268261,9,2014-11-02 20:52:36,add/drop,Cambrias,gain,player,Adrian Peterson,RB,MIN,,,,,00-0025394
2014,2268261,9,2014-11-02 20:52:36,add/drop,Cambrias,loss,player,Andre Williams,RB,NYG,,,,7.5,00-0031055
2014,2268310,9,2014-11-02 20:46:00,add/drop,Richie,gain,player,Matt Asiata,RB,MIN,,,,15.55,00-0028198
2014,2268310,9,2014-11-02 20:46:00,add/drop,Richie,loss,player,Corey Fuller,WR,DET,,,,-46.4,00-0030095
2014,2268325,9,2014-11-02 20:27:27,add/drop,Frank & Julian,gain,player,LeGarrette Blount,RB,PIT,,,,-10.2,00-0027325
2014,2268325,9,2014-11-02 20:27:27,add/drop,Frank & Julian,loss,player,Antone Smith,RB,ATL,,,,-33.4,00-0026855
2014,2268213,9,2014-11-02 00:39:04,add/drop,Team JoeBa,gain,player,Robert Griffin III,QB,WAS,,,,-30.33,00-0029665
2014,2268213,9,2014-11-02 00:39:04,add/drop,Team JoeBa,loss,player,Andre Roberts,WR,WAS,,,,-33.2,00-0027691
2014,2268169,9,2014-10-30 02:24:54,add/drop,Ronnie,gain,player,Tyler Eifert,TE,CIN,,,,,00-0030549
2014,2268169,9,2014-10-30 02:24:54,add/drop,Ronnie,loss,player,Theo Riddick,RB,DET,,,,-15.65,00-0030107
2014,2268186,9,2014-10-29 23:18:43,add/drop,Pung & Tralie,gain,player,Kenny Britt,WR,LAR,,,,-6.05,00-0027006
2014,2268186,9,2014-10-29 23:18:43,add/drop,Pung & Tralie,loss,player,Jace Amaro,TE,NYJ,,,,-29.35,00-0031042
2014,2268262,9,2014-10-29 22:46:06,add/drop,Cambrias,gain,player,Washington Commanders,DEF,WAS,,,,-14.5,DEF-0032
2014,2268262,9,2014-10-29 22:46:06,add/drop,Cambrias,loss,player,Jonathan Stewart,RB,CAR,,,,10.75,00-0026153
2014,2268187,9,2014-10-29 16:49:58,trade,Pung & Tralie,loss,player,Malcom Floyd,WR,LAC,,,,-9.75,00-0022414
2014,2268187,9,2014-10-29 16:49:58,trade,Pung & Tralie,gain,player,Jason Witten,TE,DAL,,,,5.75,00-0022127
2014,2268391,9,2014-10-29 16:49:58,trade,Antdell & Ernie,gain,player,Malcom Floyd,WR,LAC,,,,-9.75,00-0022414
2014,2268391,9,2014-10-29 16:49:58,trade,Antdell & Ernie,loss,player,Jason Witten,TE,DAL,,,,5.75,00-0022127
2014,2268326,9,2014-10-29 13:57:15,add/drop,Frank & Julian,gain,player,Brian Hoyer,QB,CLE,,,,-27.75,00-0026625
2014,2268326,9,2014-10-29 13:57:15,add/drop,Frank & Julian,loss,player,Storm Johnson,RB,FA,,,,-33.1,00-0031243
2014,2268356,9,2014-10-29 00:09:12,add/drop,Nolan & Vinny,gain,player,Lorenzo Taliaferro,RB,BAL,,,,-27.2,00-0031066
2014,2268356,9,2014-10-29 00:09:12,add/drop,Nolan & Vinny,loss,player,Khiry Robinson,RB,NO,,,,-31.1,00-0030348
2014,2268188,9,2014-10-28 19:48:46,add/drop,Pung & Tralie,gain,player,Shayne Graham,K,NO,,,,-10.5,00-0019536
2014,2268188,9,2014-10-28 19:48:46,add/drop,Pung & Tralie,loss,player,Matt Prater,K,ARI,,,,3.5,00-0023853
2014,2268222,9,2014-10-28 16:18:31,add/drop,Rob & GregBo,gain,player,Ryan Tannehill,QB,MIA,,,,16.25,00-0029701
2014,2268222,9,2014-10-28 16:18:31,add/drop,Rob & GregBo,loss,player,Green Bay Packers,DEF,GB,,,,3.5,DEF-0012
2014,2268357,9,2014-10-28 01:44:16,add/drop,Nolan & Vinny,gain,player,Khiry Robinson,RB,NO,,,,-31.1,00-0030348
2014,2268357,9,2014-10-28 01:44:16,add/drop,Nolan & Vinny,loss,player,Roy Helu,RB,WAS,,,,-12,00-0028043
2014,2268234,8,2014-10-27 16:23:45,add/drop,Chris & Dom,gain,player,Charles Sims,RB,FA,,,,-15.13,00-0031390
2014,2268234,8,2014-10-27 16:23:45,add/drop,Chris & Dom,loss,player,Zac Stacy,RB,LAR,,,,-35.38,00-0030536
2014,2268311,8,2014-10-27 00:47:36,add,Richie,gain,player,Joe Flacco,QB,BAL,,,,-5.63,00-0026158
2014,2268170,8,2014-10-26 20:24:56,add/drop,Ronnie,gain,player,Theo Riddick,RB,DET,,,,-7.82,00-0030107
2014,2268170,8,2014-10-26 20:24:56,add/drop,Ronnie,loss,player,Devonta Freeman,RB,ATL,,,,-17.21,00-0031285
2014,2268189,8,2014-10-26 18:13:55,add/drop,Pung & Tralie,gain,player,Jonas Gray,RB,FA,,,,-0.68,00-0029104
2014,2268189,8,2014-10-26 18:13:55,add/drop,Pung & Tralie,loss,player,Joe Flacco,QB,BAL,,,,-5.63,00-0026158
2014,2268171,8,2014-10-24 19:53:24,add/drop,Ronnie,gain,player,Carlos Hyde,RB,SF,,,,-19.18,00-0031045
2014,2268171,8,2014-10-24 19:53:24,add/drop,Ronnie,loss,player,Levine Toilolo,TE,ATL,,,,-24.13,00-0030443
2014,2268172,8,2014-10-24 19:24:15,trade,Ronnie,gain,player,Jordan Cameron,TE,CLE,,,,-22.89,00-0028040
2014,2268172,8,2014-10-24 19:24:15,trade,Ronnie,loss,player,Trent Richardson,RB,IND,,,,-22.61,00-0029675
2014,2268327,8,2014-10-24 19:24:15,trade,Frank & Julian,loss,player,Jordan Cameron,TE,CLE,,,,-22.89,00-0028040
2014,2268327,8,2014-10-24 19:24:15,trade,Frank & Julian,gain,player,Trent Richardson,RB,IND,,,,-22.61,00-0029675
2014,2268312,8,2014-10-24 19:24:02,trade,Richie,loss,player,Michael Crabtree,WR,SF,,,,-21.09,00-0026986
2014,2268312,8,2014-10-24 19:24:02,trade,Richie,loss,player,Owen Daniels,TE,BAL,,,,-16.54,00-0024313
2014,2268312,8,2014-10-24 19:24:02,trade,Richie,gain,player,Jeremy Maclin,WR,PHI,,,,36.23,00-0026995
2014,2268397,8,2014-10-24 19:24:02,drop,LFTLR,loss,player,Isaiah Crowell,RB,CLE,,,,-2.25,00-0030656
2014,2268398,8,2014-10-24 19:24:02,trade,LFTLR,gain,player,Michael Crabtree,WR,SF,,,,-21.09,00-0026986
2014,2268398,8,2014-10-24 19:24:02,trade,LFTLR,gain,player,Owen Daniels,TE,BAL,,,,-16.54,00-0024313
2014,2268398,8,2014-10-24 19:24:02,trade,LFTLR,loss,player,Jeremy Maclin,WR,PHI,,,,36.23,00-0026995
2014,2268282,8,2014-10-23 13:23:26,add/drop,GaTTa,gain,player,Justin Hunter,WR,TEN,,,,-37.8,00-0030521
2014,2268282,8,2014-10-23 13:23:26,add/drop,GaTTa,loss,player,Robert Griffin III,QB,WAS,,,,-40.49,00-0029665
2014,2268358,8,2014-10-22 00:31:22,add/drop,Nolan & Vinny,gain,player,Carson Palmer,QB,ARI,,,,-45.42,00-0021429
2014,2268358,8,2014-10-22 00:31:22,add/drop,Nolan & Vinny,loss,player,Brandon Bolden,RB,NE,,,,-34.88,00-0029239
2014,2268223,8,2014-10-21 20:16:10,add/drop,Rob & GregBo,gain,player,Green Bay Packers,DEF,GB,,,,0,DEF-0012
2014,2268223,8,2014-10-21 20:16:10,add/drop,Rob & GregBo,loss,player,Robbie Gould,K,CHI,,,,-30.94,00-0023252
2014,2268235,8,2014-10-21 01:41:53,add/drop,Chris & Dom,gain,player,Martavis Bryant,WR,WAS,,,,-0,00-0031373
2014,2268235,8,2014-10-21 01:41:53,add/drop,Chris & Dom,loss,player,Justin Hunter,WR,TEN,,,,-37.8,00-0030521
2014,2268283,7,2014-10-20 20:45:34,add/drop,GaTTa,gain,player,Andrew Hawkins,WR,CLE,,,,-14.94,00-0027918
2014,2268283,7,2014-10-20 20:45:34,add/drop,GaTTa,loss,player,Tim Wright,TE,NE,,,,-23.94,00-0029910
2014,2268284,7,2014-10-20 20:44:27,add/drop,GaTTa,gain,player,Robert Griffin III,QB,WAS,,,,-49.61,00-0029665
2014,2268284,7,2014-10-20 20:44:27,add/drop,GaTTa,loss,player,Andrew Hawkins,WR,CLE,,,,-14.94,00-0027918
2014,2268190,7,2014-10-20 15:12:40,add/drop,Pung & Tralie,gain,player,Kansas City Chiefs,DEF,KC,,,,-8.75,DEF-0016
2014,2268190,7,2014-10-20 15:12:40,add/drop,Pung & Tralie,loss,player,Los Angeles Chargers,DEF,LAC,,,,-16.25,DEF-0018
2014,2268359,7,2014-10-20 12:36:04,add,Nolan & Vinny,gain,player,Knile Davis,RB,KC,,,,-14.25,00-0030280
2014,2268360,7,2014-10-20 12:34:08,drop,Nolan & Vinny,loss,player,C.J. Spiller,RB,BUF,,,,-43.19,00-0027861
2014,2268285,7,2014-10-20 12:21:33,add/drop,GaTTa,gain,player,Chandler Catanzaro,K,ARI,,,,-6.25,00-0030896
2014,2268285,7,2014-10-20 12:21:33,add/drop,GaTTa,loss,player,Matt Bryant,K,ATL,,,,9.38,00-0020578
2014,2268191,7,2014-10-19 22:27:24,add/drop,Pung & Tralie,gain,player,Bryce Brown,RB,FA,,,,-21.56,00-0029429
2014,2268191,7,2014-10-19 22:27:24,add/drop,Pung & Tralie,loss,player,Khiry Robinson,RB,NO,,,,-46.19,00-0030348
2014,2268313,7,2014-10-19 22:19:53,add/drop,Richie,gain,player,Owen Daniels,TE,BAL,,,,-16.25,00-0024313
2014,2268313,7,2014-10-19 22:19:53,add/drop,Richie,loss,player,Darrin Reaves,RB,KC,,,,-50.38,00-0031123
2014,2268236,7,2014-10-19 20:26:03,add/drop,Chris & Dom,gain,player,Indianapolis Colts,DEF,IND,,,,-1.25,DEF-0014
2014,2268236,7,2014-10-19 20:26:03,add/drop,Chris & Dom,loss,player,Riley Cooper,WR,PHI,,,,-32,00-0027758
2014,2268263,7,2014-10-19 20:02:32,add/drop,Cambrias,gain,player,Denard Robinson,RB,JAX,,,,5.5,00-0030547
2014,2268263,7,2014-10-19 20:02:32,add/drop,Cambrias,loss,player,Matt Asiata,RB,MIN,,,,18.88,00-0028198
2014,2268224,7,2014-10-19 18:21:43,add/drop,Rob & GregBo,gain,player,Anthony Dixon,RB,BUF,,,,-19.81,00-0027772
2014,2268224,7,2014-10-19 18:21:43,add/drop,Rob & GregBo,loss,player,Owen Daniels,TE,BAL,,,,-16.25,00-0024313
2014,2268286,7,2014-10-19 03:12:18,add,GaTTa,gain,player,Jermaine Kearse,WR,SEA,,,,-36.94,00-0029159
2014,2268361,7,2014-10-18 14:28:49,add,Nolan & Vinny,gain,player,Kyle Rudolph,TE,MIN,,,,-34.94,00-0027981
2014,2268362,7,2014-10-18 14:28:19,drop,Nolan & Vinny,loss,player,Adrian Peterson,RB,MIN,,,,,00-0025394
2014,2268173,7,2014-10-16 16:17:31,add,Ronnie,gain,player,Heath Miller,TE,PIT,,,,4.62,00-0023465
2014,2268174,7,2014-10-16 16:16:53,drop,Ronnie,loss,player,Niles Paul,TE,WAS,,,,-37,00-0028093
2014,2268192,7,2014-10-16 13:39:34,add,Pung & Tralie,gain,player,Malcom Floyd,WR,LAC,,,,-17.5,00-0022414
2014,2268193,7,2014-10-16 13:27:19,trade,Pung & Tralie,gain,player,Ronnie Hillman,RB,FA,,,,-5.06,00-0029683
2014,2268193,7,2014-10-16 13:27:19,trade,Pung & Tralie,loss,player,Jonathan Stewart,RB,CAR,,,,18,00-0026153
2014,2268193,7,2014-10-16 13:27:19,trade,Pung & Tralie,loss,player,Vincent Jackson,WR,TB,,,,-11.13,00-0023496
2014,2268264,7,2014-10-16 13:27:19,drop,Cambrias,loss,player,Pittsburgh Steelers,DEF,PIT,,,,-3.13,DEF-0027
2014,2268265,7,2014-10-16 13:27:19,trade,Cambrias,loss,player,Ronnie Hillman,RB,FA,,,,-5.06,00-0029683
2014,2268265,7,2014-10-16 13:27:19,trade,Cambrias,gain,player,Jonathan Stewart,RB,CAR,,,,18,00-0026153
2014,2268265,7,2014-10-16 13:27:19,trade,Cambrias,gain,player,Vincent Jackson,WR,TB,,,,-11.13,00-0023496
2014,2268287,7,2014-10-15 13:59:52,drop,GaTTa,loss,player,Knowshon Moreno,RB,MIA,,,,,00-0026988
2014,2268266,7,2014-10-15 03:02:38,add/drop,Cambrias,gain,player,Davante Adams,WR,LV,,,,-39.13,00-0031381
2014,2268266,7,2014-10-15 03:02:38,add/drop,Cambrias,loss,player,Victor Cruz,WR,NYG,,,,,00-0027265
2014,2268225,7,2014-10-14 21:25:08,add/drop,Rob & GregBo,gain,player,Robbie Gould,K,CHI,,,,-38.13,00-0023252
2014,2268225,7,2014-10-14 21:25:08,add/drop,Rob & GregBo,loss,player,C.J. Anderson,RB,DEN,,,,58.31,00-0029854
2014,2268314,7,2014-10-14 20:08:17,add/drop,Richie,gain,player,Corey Fuller,WR,DET,,,,-61.5,00-0030095
2014,2268314,7,2014-10-14 20:08:17,add/drop,Richie,loss,player,Marvin Jones,WR,FA,,,,,00-0029293
2014,2268392,7,2014-10-14 17:16:10,add/drop,Antdell & Ernie,gain,player,Chicago Bears,DEF,CHI,,,,-19.38,DEF-0006
2014,2268392,7,2014-10-14 17:16:10,add/drop,Antdell & Ernie,loss,player,Tampa Bay Buccaneers,DEF,TB,,,,-3.75,DEF-0030
2014,2268237,7,2014-10-14 10:42:01,add/drop,Chris & Dom,gain,player,Tre Mason,RB,FA,,,,24.81,00-0031391
2014,2268237,7,2014-10-14 10:42:01,add/drop,Chris & Dom,loss,player,Terrance West,RB,CLE,,,,-18,00-0031375
2014,2268315,7,2014-10-14 01:14:01,add/drop,Richie,gain,player,Andre Holmes,WR,FA,,,,-29.44,00-0028263
2014,2268315,7,2014-10-14 01:14:01,add/drop,Richie,loss,player,Brian Hartline,WR,MIA,,,,-49.13,00-0027077
2014,2268363,6,2014-10-13 22:41:28,add/drop,Nolan & Vinny,gain,player,Clay Harbor,TE,NO,,,,-37.95,00-0027725
2014,2268363,6,2014-10-13 22:41:28,add/drop,Nolan & Vinny,loss,player,Heath Miller,TE,PIT,,,,3.3,00-0023465
2014,2268364,6,2014-10-13 22:34:36,add/drop,Nolan & Vinny,gain,player,Allen Robinson,WR,JAX,,,,-42.42,00-0031428
2014,2268364,6,2014-10-13 22:34:36,add/drop,Nolan & Vinny,loss,player,Jordan Matthews,TE,PHI,,,,-2.13,00-0031299
2014,2268194,6,2014-10-13 15:02:37,add/drop,Pung & Tralie,gain,player,Jace Amaro,TE,NYJ,,,,-31.76,00-0031042
2014,2268194,6,2014-10-13 15:02:37,add/drop,Pung & Tralie,loss,player,Chris Johnson,RB,NYJ,,,,-13.89,00-0026164
2014,2268365,6,2014-10-13 14:32:34,add/drop,Nolan & Vinny,gain,player,Brandon Bolden,RB,NE,,,,-53.42,00-0029239
2014,2268365,6,2014-10-13 14:32:34,add/drop,Nolan & Vinny,loss,player,Benny Cunningham,RB,LAR,,,,-5.78,00-0029795
2014,2268175,6,2014-10-13 13:51:59,add/drop,Ronnie,gain,player,Brandon LaFell,WR,NE,,,,21.04,00-0027681
2014,2268175,6,2014-10-13 13:51:59,add/drop,Ronnie,loss,player,Jeremy Kerley,WR,NYJ,,,,-61.6,00-0028091
2014,2268214,6,2014-10-11 18:53:30,add/drop,Team JoeBa,gain,player,Doug Baldwin,WR,SEA,,,,-1.72,00-0028434
2014,2268214,6,2014-10-11 18:53:30,add/drop,Team JoeBa,loss,player,New Orleans Saints,DEF,NO,,,,-19.25,DEF-0023
2014,2268215,6,2014-10-11 18:49:26,add/drop,Team JoeBa,gain,player,Stevie Johnson,WR,SF,,,,-55.69,00-0026364
2014,2268215,6,2014-10-11 18:49:26,add/drop,Team JoeBa,loss,player,Bernard Pierce,RB,BAL,,,,-38.43,00-0029264
2014,2268328,6,2014-10-10 18:16:16,add/drop,Frank & Julian,gain,player,Storm Johnson,RB,FA,,,,-49.84,00-0031243
2014,2268328,6,2014-10-10 18:16:16,add/drop,Frank & Julian,loss,player,Carlos Hyde,RB,SF,,,,-31.21,00-0031045
2014,2268216,6,2014-10-10 02:54:00,add/drop,Team JoeBa,gain,player,Andre Roberts,WR,WAS,,,,-59.13,00-0027691
2014,2268216,6,2014-10-10 02:54:00,add/drop,Team JoeBa,loss,player,Luke Willson,TE,SEA,,,,-21.86,00-0030089
2014,2268238,6,2014-10-09 01:47:16,add/drop,Chris & Dom,gain,player,Riley Cooper,WR,PHI,,,,-33,00-0027758
2014,2268238,6,2014-10-09 01:47:16,add/drop,Chris & Dom,loss,player,Alex Smith,QB,KC,,,,-12.4,00-0023436
2014,2268366,6,2014-10-08 19:37:05,add/drop,Nolan & Vinny,gain,player,Roy Helu,RB,WAS,,,,-18.36,00-0028043
2014,2268366,6,2014-10-08 19:37:05,add/drop,Nolan & Vinny,loss,player,Kyle Rudolph,TE,MIN,,,,-42.9,00-0027981
2014,2268195,6,2014-10-08 14:47:47,add/drop,Pung & Tralie,gain,player,Jonathan Stewart,RB,CAR,,,,12.72,00-0026153
2014,2268195,6,2014-10-08 14:47:47,add/drop,Pung & Tralie,loss,player,Knile Davis,RB,KC,,,,-22.76,00-0030280
2014,2268196,6,2014-10-08 13:47:19,add/drop,Pung & Tralie,gain,player,Matt Prater,K,ARI,,,,4.81,00-0023853
2014,2268196,6,2014-10-08 13:47:19,add/drop,Pung & Tralie,loss,player,Shaun Suisham,K,PIT,,,,1.38,00-0023001
2014,2268316,6,2014-10-07 19:40:28,add/drop,Richie,gain,player,Marvin Jones,WR,FA,,,,,00-0029293
2014,2268316,6,2014-10-07 19:40:28,add/drop,Richie,loss,player,Riley Cooper,WR,PHI,,,,-33,00-0027758
2014,2268329,6,2014-10-07 17:58:45,add/drop,Frank & Julian,gain,player,Antone Smith,RB,ATL,,,,-47.51,00-0026855
2014,2268329,6,2014-10-07 17:58:45,add/drop,Frank & Julian,loss,player,Atlanta Falcons,DEF,ATL,,,,-9.63,DEF-0002
2014,2268317,6,2014-10-07 14:55:45,add/drop,Richie,gain,player,Nick Novak,K,LAC,,,,-15.13,00-0023096
2014,2268317,6,2014-10-07 14:55:45,add/drop,Richie,loss,player,Nick Folk,K,NYJ,,,,-2.06,00-0025565
2014,2268288,6,2014-10-07 13:11:42,add/drop,GaTTa,gain,player,Tim Wright,TE,NE,,,,-25.92,00-0029910
2014,2268288,6,2014-10-07 13:11:42,add/drop,GaTTa,loss,player,Allen Robinson,WR,JAX,,,,-42.42,00-0031428
2014,2268318,6,2014-10-07 02:08:23,add/drop,Richie,gain,player,Juwan Thompson,RB,FA,,,,-32.18,00-0030705
2014,2268318,6,2014-10-07 02:08:23,add/drop,Richie,loss,player,DeAngelo Williams,RB,CAR,,,,-49.71,00-0024242
2014,2268197,5,2014-10-06 21:21:19,add/drop,Pung & Tralie,gain,player,Joe Flacco,QB,BAL,,,,-1.68,00-0026158
2014,2268197,5,2014-10-06 21:21:19,add/drop,Pung & Tralie,loss,player,Toby Gerhart,RB,JAX,,,,-40.13,00-0027888
2014,2268226,5,2014-10-06 17:43:30,add/drop,Rob & GregBo,gain,player,C.J. Anderson,RB,DEN,,,,51.6,00-0029854
2014,2268226,5,2014-10-06 17:43:30,add/drop,Rob & GregBo,loss,player,Joe Flacco,QB,BAL,,,,-1.68,00-0026158
2014,2268367,5,2014-10-06 17:05:19,add/drop,Nolan & Vinny,gain,player,Benny Cunningham,RB,LAR,,,,-4.88,00-0029795
2014,2268367,5,2014-10-06 17:05:19,add/drop,Nolan & Vinny,loss,player,Antone Smith,RB,ATL,,,,-49.35,00-0026855
2014,2268217,5,2014-10-06 15:44:41,add/drop,Team JoeBa,gain,player,Luke Willson,TE,SEA,,,,-25.5,00-0030089
2014,2268217,5,2014-10-06 15:44:41,add/drop,Team JoeBa,loss,player,Jonathan Stewart,RB,CAR,,,,3.23,00-0026153
2014,2268368,5,2014-10-06 12:59:18,add,Nolan & Vinny,gain,player,Antone Smith,RB,ATL,,,,-49.35,00-0026855
2014,2268369,5,2014-10-06 12:58:21,drop,Nolan & Vinny,loss,player,Alfred Blue,RB,HOU,,,,-34.5,00-0031075
2014,2268289,5,2014-10-06 00:23:51,add/drop,GaTTa,gain,player,Odell Beckham,WR,MIA,,,,90.3,00-0031235
2014,2268289,5,2014-10-06 00:23:51,add/drop,GaTTa,loss,player,Allen Hurns,WR,JAX,,,,-33.23,00-0030821
2014,2268267,5,2014-10-05 23:01:40,add/drop,Cambrias,gain,player,Andre Williams,RB,NYG,,,,4.13,00-0031055
2014,2268267,5,2014-10-05 23:01:40,add/drop,Cambrias,loss,player,Donald Brown,RB,LAC,,,,-50.78,00-0027003
2014,2268268,5,2014-10-05 22:59:56,add/drop,Cambrias,gain,player,Ronnie Hillman,RB,FA,,,,-8.7,00-0029683
2014,2268268,5,2014-10-05 22:59:56,add/drop,Cambrias,loss,player,Lorenzo Taliaferro,RB,BAL,,,,-46.13,00-0031066
2014,2268290,5,2014-10-05 22:30:50,add/drop,GaTTa,gain,player,Branden Oliver,RB,FA,,,,10.43,00-0031277
2014,2268290,5,2014-10-05 22:30:50,add/drop,GaTTa,loss,player,Hakeem Nicks,WR,IND,,,,-58.95,00-0027005
2014,2268218,5,2014-10-01 22:03:30,add/drop,Team JoeBa,gain,player,Bernard Pierce,RB,BAL,,,,-50.33,00-0029264
2014,2268218,5,2014-10-01 22:03:30,add/drop,Team JoeBa,loss,player,Robert Griffin III,QB,WAS,,,,-88.94,00-0029665
2014,2268239,5,2014-10-01 19:02:13,add/drop,Chris & Dom,gain,player,Tom Brady,QB,NE,,,,45.54,00-0019596
2014,2268239,5,2014-10-01 19:02:13,add/drop,Chris & Dom,loss,player,LeGarrette Blount,RB,PIT,,,,-30.75,00-0027325
2014,2268399,5,2014-10-01 18:19:46,add/drop,LFTLR,gain,player,Isaiah Crowell,RB,CLE,,,,-14.55,00-0030656
2014,2268399,5,2014-10-01 18:19:46,add/drop,LFTLR,loss,player,Tom Brady,QB,NE,,,,45.54,00-0019596
2014,2268370,5,2014-09-30 14:49:45,add,Nolan & Vinny,gain,player,Alfred Blue,RB,HOU,,,,-34.5,00-0031075
2014,2268371,5,2014-09-30 14:49:36,drop,Nolan & Vinny,loss,player,Nick Novak,K,LAC,,,,-15,00-0023096
2014,2268240,5,2014-09-30 01:18:29,add/drop,Chris & Dom,gain,player,Alex Smith,QB,KC,,,,-16.46,00-0023436
2014,2268240,5,2014-09-30 01:18:29,add/drop,Chris & Dom,loss,player,Chicago Bears,DEF,CHI,,,,-24.75,DEF-0006
2014,2268319,4,2014-09-29 20:49:48,add/drop,Richie,gain,player,Darrin Reaves,RB,KC,,,,-76.05,00-0031123
2014,2268319,4,2014-09-29 20:49:48,add/drop,Richie,loss,player,Johnny Manziel,QB,FA,,,,-152.13,00-0031409
2014,2268269,4,2014-09-29 19:27:58,add/drop,Cambrias,gain,player,Pittsburgh Steelers,DEF,PIT,,,,-9.75,DEF-0027
2014,2268269,4,2014-09-29 19:27:58,add/drop,Cambrias,loss,player,Coby Fleener,TE,IND,,,,15.52,00-0029697
2014,2268198,4,2014-09-29 15:20:39,add/drop,Pung & Tralie,gain,player,Justin Forsett,RB,BAL,,,,65.57,00-0026373
2014,2268198,4,2014-09-29 15:20:39,add/drop,Pung & Tralie,loss,player,Maurice Jones-Drew,RB,LV,,,,-69.96,00-0024275
2014,2268393,4,2014-09-28 21:34:46,add/drop,Antdell & Ernie,gain,player,Philadelphia Eagles,DEF,PHI,,,,27.63,DEF-0026
2014,2268393,4,2014-09-28 21:34:46,add/drop,Antdell & Ernie,loss,player,Shonn Greene,RB,TEN,,,,-71.34,00-0026899
2014,2268241,4,2014-09-24 20:53:32,add/drop,Chris & Dom,gain,player,LeGarrette Blount,RB,PIT,,,,-34.78,00-0027325
2014,2268241,4,2014-09-24 20:53:32,add/drop,Chris & Dom,loss,player,Kenny Stills,WR,FA,,,,-4.63,00-0030085
2014,2268330,4,2014-09-24 14:23:00,add/drop,Frank & Julian,gain,player,Atlanta Falcons,DEF,ATL,,,,-26,DEF-0002
2014,2268330,4,2014-09-24 14:23:00,add/drop,Frank & Julian,loss,player,Kansas City Chiefs,DEF,KC,,,,-17.88,DEF-0016
2014,2268394,4,2014-09-24 14:12:24,add/drop,Antdell & Ernie,gain,player,Eddie Royal,WR,LAC,,,,-18.2,00-0026182
2014,2268394,4,2014-09-24 14:12:24,add/drop,Antdell & Ernie,loss,player,Aaron Dobson,WR,FA,,,,-120.74,00-0030540
2014,2268199,4,2014-09-24 13:41:49,add/drop,Pung & Tralie,gain,player,Shaun Suisham,K,PIT,,,,0,00-0023001
2014,2268199,4,2014-09-24 13:41:49,add/drop,Pung & Tralie,loss,player,Shayne Graham,K,NO,,,,-12.19,00-0019536
2014,2268227,4,2014-09-23 21:06:31,add/drop,Rob & GregBo,gain,player,Jared Cook,TE,LAR,,,,-14.95,00-0027061
2014,2268227,4,2014-09-23 21:06:31,add/drop,Rob & GregBo,loss,player,Jonathan Dwyer,RB,ARI,,,,,00-0027786
2014,2268228,4,2014-09-23 20:34:00,add/drop,Rob & GregBo,gain,player,Owen Daniels,TE,BAL,,,,-18.93,00-0024313
2014,2268228,4,2014-09-23 20:34:00,add/drop,Rob & GregBo,loss,player,Dennis Pitta,TE,BAL,,,,,00-0027714
2014,2268291,4,2014-09-23 17:37:54,add/drop,GaTTa,gain,player,Allen Robinson,WR,JAX,,,,-51.76,00-0031428
2014,2268291,4,2014-09-23 17:37:54,add/drop,GaTTa,loss,player,Danny Woodhead,RB,LAC,,,,,00-0026019
2014,2268292,4,2014-09-23 16:30:47,add,GaTTa,gain,player,Hakeem Nicks,WR,IND,,,,-71.83,00-0027005
2014,2268293,4,2014-09-23 16:28:23,add,GaTTa,gain,player,Allen Hurns,WR,JAX,,,,-36.97,00-0030821
2014,2268200,4,2014-09-23 16:19:36,add/drop,Pung & Tralie,gain,player,Toby Gerhart,RB,JAX,,,,-39.65,00-0027888
2014,2268200,4,2014-09-23 16:19:36,add/drop,Pung & Tralie,loss,player,Carson Palmer,QB,ARI,,,,-94.79,00-0021429
2014,2268294,4,2014-09-23 16:17:52,trade,GaTTa,loss,player,Stevan Ridley,RB,NE,,,,-69.47,00-0028011
2014,2268294,4,2014-09-23 16:17:52,trade,GaTTa,loss,player,Chris Ivory,RB,NYJ,,,,-7.56,00-0027531
2014,2268294,4,2014-09-23 16:17:52,trade,GaTTa,loss,player,Kirk Cousins,QB,ATL,,,,-126.93,00-0029604
2014,2268294,4,2014-09-23 16:17:52,trade,GaTTa,gain,player,Matt Forte,RB,CHI,,,,141.86,00-0026184
2014,2268400,4,2014-09-23 16:17:52,drop,LFTLR,loss,player,Toby Gerhart,RB,JAX,,,,-39.65,00-0027888
2014,2268401,4,2014-09-23 16:17:52,drop,LFTLR,loss,player,Davante Adams,WR,LV,,,,-53.3,00-0031381
2014,2268402,4,2014-09-23 16:17:52,trade,LFTLR,gain,player,Stevan Ridley,RB,NE,,,,-69.47,00-0028011
2014,2268402,4,2014-09-23 16:17:52,trade,LFTLR,gain,player,Chris Ivory,RB,NYJ,,,,-7.56,00-0027531
2014,2268402,4,2014-09-23 16:17:52,trade,LFTLR,gain,player,Kirk Cousins,QB,ATL,,,,-126.93,00-0029604
2014,2268402,4,2014-09-23 16:17:52,trade,LFTLR,loss,player,Matt Forte,RB,CHI,,,,141.86,00-0026184
2014,2268242,4,2014-09-23 16:12:53,add/drop,Chris & Dom,gain,player,Chicago Bears,DEF,CHI,,,,-34.94,DEF-0006
2014,2268242,4,2014-09-23 16:12:53,add/drop,Chris & Dom,loss,player,Benny Cunningham,RB,LAR,,,,-8.77,00-0029795
2014,2268270,4,2014-09-23 10:48:18,add/drop,Cambrias,gain,player,Coby Fleener,TE,IND,,,,15.52,00-0029697
2014,2268270,4,2014-09-23 10:48:18,add/drop,Cambrias,loss,player,Justin Forsett,RB,BAL,,,,65.57,00-0026373
2014,2268176,4,2014-09-23 10:21:08,add/drop,Ronnie,gain,player,Jeremy Kerley,WR,NYJ,,,,-84.34,00-0028091
2014,2268176,4,2014-09-23 10:21:08,add/drop,Ronnie,loss,player,Austin Seferian-Jenkins,TE,TB,,,,-51.11,00-0031418
2014,2268372,3,2014-09-22 23:29:04,add/drop,Nolan & Vinny,gain,player,Nick Novak,K,LAC,,,,-11.38,00-0023096
2014,2268372,3,2014-09-22 23:29:04,add/drop,Nolan & Vinny,loss,player,Bernard Pierce,RB,BAL,,,,-71.4,00-0029264
2014,2268201,3,2014-09-22 19:56:04,add/drop,Pung & Tralie,gain,player,Los Angeles Chargers,DEF,LAC,,,,-18.38,DEF-0018
2014,2268201,3,2014-09-22 19:56:04,add/drop,Pung & Tralie,loss,player,Tennessee Titans,DEF,TEN,,,,-39.38,DEF-0031
2014,2268373,3,2014-09-21 23:08:52,add/drop,Nolan & Vinny,gain,player,Heath Miller,TE,PIT,,,,21.79,00-0023465
2014,2268373,3,2014-09-21 23:08:52,add/drop,Nolan & Vinny,loss,player,Ryan Tannehill,QB,MIA,,,,27.18,00-0029701
2014,2268271,3,2014-09-21 18:24:01,add/drop,Cambrias,gain,player,Lorenzo Taliaferro,RB,BAL,,,,-42.96,00-0031066
2014,2268271,3,2014-09-21 18:24:01,add/drop,Cambrias,loss,player,Harry Douglas,WR,ATL,,,,-62.39,00-0026224
2014,2268295,3,2014-09-19 14:38:00,add/drop,GaTTa,gain,player,Baltimore Ravens,DEF,BAL,,,,7,DEF-0003
2014,2268295,3,2014-09-19 14:38:00,add/drop,GaTTa,loss,player,New York Jets,DEF,NYJ,,,,-36.75,DEF-0025
2014,2268374,3,2014-09-19 04:03:17,add,Nolan & Vinny,gain,player,Ryan Tannehill,QB,MIA,,,,27.18,00-0029701
2014,2268375,3,2014-09-19 03:59:26,drop,Nolan & Vinny,loss,player,Josh McCown,QB,TB,,,,-107.15,00-0021206
2014,2268296,3,2014-09-18 01:44:52,add,GaTTa,gain,player,Jay Cutler,QB,CHI,,,,-7.98,00-0024226
2014,2268202,3,2014-09-18 01:44:30,add,Pung & Tralie,gain,player,Carson Palmer,QB,ARI,,,,-111.95,00-0021429
2014,2268203,3,2014-09-18 01:44:01,drop,Pung & Tralie,loss,player,Jay Cutler,QB,CHI,,,,-7.98,00-0024226
2014,2268272,3,2014-09-18 01:12:47,trade,Cambrias,gain,player,Harry Douglas,WR,ATL,,,,-62.39,00-0026224
2014,2268272,3,2014-09-18 01:12:47,trade,Cambrias,loss,player,James Jones,WR,LV,,,,-26.34,00-0025465
2014,2268403,3,2014-09-18 01:12:47,trade,LFTLR,loss,player,Harry Douglas,WR,ATL,,,,-62.39,00-0026224
2014,2268403,3,2014-09-18 01:12:47,trade,LFTLR,gain,player,James Jones,WR,LV,,,,-26.34,00-0025465
2014,2268204,3,2014-09-18 00:57:58,add/drop,Pung & Tralie,gain,player,Jay Cutler,QB,CHI,,,,-7.98,00-0024226
2014,2268204,3,2014-09-18 00:57:58,add/drop,Pung & Tralie,loss,player,Carson Palmer,QB,ARI,,,,-111.95,00-0021429
2014,2268297,3,2014-09-17 23:54:08,drop,GaTTa,loss,player,Jay Cutler,QB,CHI,,,,-7.98,00-0024226
2014,2268376,3,2014-09-17 12:40:21,add/drop,Nolan & Vinny,gain,player,Jerick McKinnon,RB,MIN,,,,-25.11,00-0031376
2014,2268376,3,2014-09-17 12:40:21,add/drop,Nolan & Vinny,loss,player,Heath Miller,TE,PIT,,,,21.79,00-0023465
2014,2268320,3,2014-09-16 22:50:13,add/drop,Richie,gain,player,Darren McFadden,RB,LV,,,,-18.29,00-0026144
2014,2268320,3,2014-09-16 22:50:13,add/drop,Richie,loss,player,Jerricho Cotchery,WR,CAR,,,,-63.61,00-0022811
2014,2268177,3,2014-09-16 22:03:15,trade,Ronnie,loss,player,Justin Hunter,WR,TEN,,,,-71.31,00-0030521
2014,2268177,3,2014-09-16 22:03:15,trade,Ronnie,gain,player,Cleveland Browns,DEF,CLE,,,,7,DEF-0008
2014,2268243,3,2014-09-16 22:03:15,trade,Chris & Dom,gain,player,Justin Hunter,WR,TEN,,,,-71.31,00-0030521
2014,2268243,3,2014-09-16 22:03:15,trade,Chris & Dom,loss,player,Cleveland Browns,DEF,CLE,,,,7,DEF-0008
2014,2268404,3,2014-09-16 13:27:37,add/drop,LFTLR,gain,player,Brian Quick,WR,LAR,,,,-99.93,00-0029640
2014,2268404,3,2014-09-16 13:27:37,add/drop,LFTLR,loss,player,Hakeem Nicks,WR,IND,,,,-73.24,00-0027005
2014,2268377,2,2014-09-15 20:11:02,add/drop,Nolan & Vinny,gain,player,Heath Miller,TE,PIT,,,,17.72,00-0023465
2014,2268377,2,2014-09-15 20:11:02,add/drop,Nolan & Vinny,loss,player,Jerick McKinnon,RB,MIN,,,,-33.94,00-0031376
2014,2268273,2,2014-09-15 19:01:27,add,Cambrias,gain,player,Donald Brown,RB,LAC,,,,-59.53,00-0027003
2014,2268205,2,2014-09-15 17:42:00,add/drop,Pung & Tralie,gain,player,Khiry Robinson,RB,NO,,,,-79.13,00-0030348
2014,2268205,2,2014-09-15 17:42:00,add/drop,Pung & Tralie,loss,player,Heath Miller,TE,PIT,,,,17.72,00-0023465
2014,2268405,2,2014-09-15 16:56:12,add/drop,LFTLR,gain,player,Buffalo Bills,DEF,BUF,,,,24.38,DEF-0004
2014,2268405,2,2014-09-15 16:56:12,add/drop,LFTLR,loss,player,Philadelphia Eagles,DEF,PHI,,,,20.63,DEF-0026
2014,2268274,2,2014-09-15 16:10:44,trade,Cambrias,loss,player,Jeremy Maclin,WR,PHI,,,,72.94,00-0026995
2014,2268274,2,2014-09-15 16:10:44,trade,Cambrias,loss,player,Mark Ingram,RB,NO,,,,26.53,00-0027966
2014,2268274,2,2014-09-15 16:10:44,trade,Cambrias,gain,player,Alshon Jeffery,WR,CHI,,,,68.16,00-0029137
2014,2268406,2,2014-09-15 16:10:44,drop,LFTLR,loss,player,Matt Prater,K,ARI,,,,-20.63,00-0023853
2014,2268407,2,2014-09-15 16:10:44,trade,LFTLR,gain,player,Jeremy Maclin,WR,PHI,,,,72.94,00-0026995
2014,2268407,2,2014-09-15 16:10:44,trade,LFTLR,gain,player,Mark Ingram,RB,NO,,,,26.53,00-0027966
2014,2268407,2,2014-09-15 16:10:44,trade,LFTLR,loss,player,Alshon Jeffery,WR,CHI,,,,68.16,00-0029137
2014,2268408,2,2014-09-15 16:08:19,add/drop,LFTLR,gain,player,Davante Adams,WR,LV,,,,-66.38,00-0031381
2014,2268408,2,2014-09-15 16:08:19,add/drop,LFTLR,loss,player,Jermaine Kearse,WR,SEA,,,,-68.74,00-0029159
2014,2268409,2,2014-09-15 15:25:28,add/drop,LFTLR,gain,player,Larry Donnell,TE,NYG,,,,3.37,00-0028838
2014,2268409,2,2014-09-15 15:25:28,add/drop,LFTLR,loss,player,Coby Fleener,TE,IND,,,,18.94,00-0029697
2014,2268298,2,2014-09-15 13:08:09,add/drop,GaTTa,gain,player,Knowshon Moreno,RB,MIA,,,,-119.25,00-0026988
2014,2268298,2,2014-09-15 13:08:09,add/drop,GaTTa,loss,player,Jarrett Boykin,WR,GB,,,,-155.72,00-0029051
2014,2268299,2,2014-09-15 13:05:21,add/drop,GaTTa,gain,player,Andrew Hawkins,WR,CLE,,,,-34.22,00-0027918
2014,2268299,2,2014-09-15 13:05:21,add/drop,GaTTa,loss,player,Marqise Lee,WR,JAX,,,,-94.03,00-0031431
2014,2268300,2,2014-09-15 13:02:02,add/drop,GaTTa,gain,player,Kirk Cousins,QB,ATL,,,,-132.11,00-0029604
2014,2268300,2,2014-09-15 13:02:02,add/drop,GaTTa,loss,player,Danny Amendola,WR,NE,,,,-121.31,00-0026035
2014,2268378,2,2014-09-15 11:07:20,add,Nolan & Vinny,gain,player,Ahmad Bradshaw,RB,IND,,,,9.94,00-0025637
2014,2268379,2,2014-09-15 10:32:03,drop,Nolan & Vinny,loss,player,Knowshon Moreno,RB,MIA,,,,-119.25,00-0026988
2014,2268219,2,2014-09-15 01:36:12,add/drop,Team JoeBa,gain,player,Mohamed Sanu,WR,CIN,,,,-4.44,00-0029632
2014,2268219,2,2014-09-15 01:36:12,add/drop,Team JoeBa,loss,player,Malcom Floyd,WR,LAC,,,,-17.53,00-0022414
2014,2268220,2,2014-09-15 01:32:17,add/drop,Team JoeBa,gain,player,Jonathan Stewart,RB,CAR,,,,0,00-0026153
2014,2268220,2,2014-09-15 01:32:17,add/drop,Team JoeBa,loss,player,Jacquizz Rodgers,RB,ATL,,,,-65.81,00-0028083
2014,2268275,2,2014-09-15 00:52:17,add/drop,Cambrias,gain,player,Bobby Rainey,RB,TB,,,,-25.59,00-0029384
2014,2268275,2,2014-09-15 00:52:17,add/drop,Cambrias,loss,player,Tim Wright,TE,NE,,,,-44.81,00-0029910
2014,2268206,2,2014-09-14 21:07:33,add/drop,Pung & Tralie,gain,player,Knile Davis,RB,KC,,,,-12.47,00-0030280
2014,2268206,2,2014-09-14 21:07:33,add/drop,Pung & Tralie,loss,player,Richard Rodgers,TE,FA,,,,-77.81,00-0031384
2014,2268178,2,2014-09-14 19:37:38,add/drop,Ronnie,gain,player,Niles Paul,TE,WAS,,,,-46.22,00-0028093
2014,2268178,2,2014-09-14 19:37:38,add/drop,Ronnie,loss,player,Kenbrell Thompkins,WR,NE,,,,-125.25,00-0030000
2014,2268380,2,2014-09-13 04:54:12,add/drop,Nolan & Vinny,gain,player,Jerick McKinnon,RB,MIN,,,,-33.94,00-0031376
2014,2268380,2,2014-09-13 04:54:12,add/drop,Nolan & Vinny,loss,player,Ladarius Green,TE,LAC,,,,-85.59,00-0029275
2014,2268276,2,2014-09-12 22:09:51,add/drop,Cambrias,gain,player,Matt Asiata,RB,MIN,,,,45.47,00-0028198
2014,2268276,2,2014-09-12 22:09:51,add/drop,Cambrias,loss,player,Ray Rice,RB,FA,,,,,00-0026195
2014,2268179,2,2014-09-12 11:59:52,add/drop,Ronnie,gain,player,Miami Dolphins,DEF,MIA,,,,0.94,DEF-0020
2014,2268179,2,2014-09-12 11:59:52,add/drop,Ronnie,loss,player,Chicago Bears,DEF,CHI,,,,-29.06,DEF-0006
2014,2268207,2,2014-09-09 17:31:10,add/drop,Pung & Tralie,gain,player,Tennessee Titans,DEF,TEN,,,,-48.75,DEF-0031
2014,2268207,2,2014-09-09 17:31:10,add/drop,Pung & Tralie,loss,player,Baltimore Ravens,DEF,BAL,,,,9.38,DEF-0003
2014,2268208,2,2014-09-09 17:23:35,add/drop,Pung & Tralie,gain,player,Delanie Walker,TE,TEN,,,,22.03,00-0024389
2014,2268208,2,2014-09-09 17:23:35,add/drop,Pung & Tralie,loss,player,Eric Ebron,TE,DET,,,,-73.59,00-0031387
2014,2268244,1,2014-09-08 22:07:48,add/drop,Chris & Dom,gain,player,Terrance West,RB,CLE,,,,-47.4,00-0031375
2014,2268244,1,2014-09-08 22:07:48,add/drop,Chris & Dom,loss,player,Cody Latimer,WR,FA,,,,-186.9,00-0031344
2014,2268277,1,2014-09-08 17:25:47,add/drop,Cambrias,gain,player,Justin Forsett,RB,BAL,,,,89.8,00-0026373
2014,2268277,1,2014-09-08 17:25:47,add/drop,Cambrias,loss,player,Kenny Britt,WR,LAR,,,,-54.4,00-0027006
2014,2268301,1,2014-09-08 00:37:27,add/drop,GaTTa,gain,player,Chris Ivory,RB,NYJ,,,,0.2,00-0027531
2014,2268301,1,2014-09-08 00:37:27,add/drop,GaTTa,loss,player,Odell Beckham,WR,MIA,,,,71.7,00-0031235
2014,2268381,1,2014-09-06 20:51:30,add/drop,Nolan & Vinny,gain,player,Ladarius Green,TE,LAC,,,,-107.1,00-0029275
2014,2268381,1,2014-09-06 20:51:30,add/drop,Nolan & Vinny,loss,player,Chris Ivory,RB,NYJ,,,,0.2,00-0027531
2014,2268245,1,2014-09-05 22:19:48,add/drop,Chris & Dom,gain,player,Benny Cunningham,RB,LAR,,,,-26.4,00-0029795
2014,2268245,1,2014-09-05 22:19:48,add/drop,Chris & Dom,loss,player,Andre Williams,RB,NYG,,,,-11.6,00-0031055
2014,2268229,1,2014-09-05 16:46:17,add/drop,Rob & GregBo,gain,player,Jonathan Dwyer,RB,ARI,,,,-127.6,00-0027786
2014,2268229,1,2014-09-05 16:46:17,add/drop,Rob & GregBo,loss,player,Brent Celek,TE,PHI,,,,-85.8,00-0025549
2014,2268382,1,2014-09-05 05:16:33,add/drop,Nolan & Vinny,gain,player,Josh Gordon,WR,FA,,,,-134.5,00-0029664
2014,2268382,1,2014-09-05 05:16:33,add/drop,Nolan & Vinny,loss,player,Mike Williams,WR,BUF,,,,-160.6,00-0027702
2014,2268383,1,2014-09-04 19:04:11,add/drop,Nolan & Vinny,gain,player,Mike Williams,WR,BUF,,,,-160.6,00-0027702
2014,2268383,1,2014-09-04 19:04:11,add/drop,Nolan & Vinny,loss,player,Josh Gordon,WR,FA,,,,-134.5,00-0029664
2014,2268209,1,2014-09-04 18:07:42,add/drop,Pung & Tralie,gain,player,Richard Rodgers,TE,FA,,,,-103.2,00-0031384
2014,2268209,1,2014-09-04 18:07:42,add/drop,Pung & Tralie,loss,player,Miles Austin,WR,CLE,,,,-73,00-0023921
2014,2268321,1,2014-09-03 23:43:46,add/drop,Richie,gain,player,Detroit Lions,DEF,DET,,,,5,DEF-0011
2014,2268321,1,2014-09-03 23:43:46,add/drop,Richie,loss,player,Donald Brown,RB,LAC,,,,-74.8,00-0027003
2014,2268246,1,2014-09-03 20:13:22,add,Chris & Dom,gain,player,Cody Latimer,WR,FA,,,,-186.9,00-0031344
2014,2268247,1,2014-09-03 20:10:26,drop,Chris & Dom,loss,player,Alex Smith,QB,KC,,,,-24.8,00-0023436
2014,2268180,1,2014-09-03 18:38:41,add/drop,Ronnie,gain,player,Austin Seferian-Jenkins,TE,TB,,,,-95.6,00-0031418
2014,2268180,1,2014-09-03 18:38:41,add/drop,Ronnie,loss,player,Ladarius Green,TE,LAC,,,,-107.1,00-0029275
2014,2268210,1,2014-09-03 18:33:50,add/drop,Pung & Tralie,gain,player,Shayne Graham,K,NO,,,,-18,00-0019536
2014,2268210,1,2014-09-03 18:33:50,add/drop,Pung & Tralie,loss,player,Mike Nugent,K,CIN,,,,-1,00-0023482
2014,2268384,1,2014-09-03 17:34:08,add/drop,Nolan & Vinny,gain,player,Josh Gordon,WR,FA,,,,-134.5,00-0029664
2014,2268384,1,2014-09-03 17:34:08,add/drop,Nolan & Vinny,loss,player,Cole Beasley,WR,DAL,,,,-101.5,00-0029000