season,id,week,type,matchup_guid,season_team_id,newsletter_id,title,text,system_created,created_at,edited_at
2025,322720,,season-preview-intro,,,,2025 Season Preview,"Ohhh, boy! Here we go, 2025 is upon us in the Totally Heterosexual Men’s Fantasy Football League! Can you believe it? Phil Baldino strutted his stuff last season to snag title number three. What a champ! And let’s not forget Cambrias; they’re itching for that sweet return, having hit the jackpot twice before but since 2022… crickets!

The ones without shiny trophies — John Juliano, Rocky O & Mike Long — and a bunch of others are still chasing those elusive rings like they're running on shaky legs after too many shots at the bar. Will this be their year? One can only hope!

Keep your eyes peeled for Ronnie and Chris & Dom; both former champs looking to reclaim glory from yesteryear. So grab your drinks, buckle up folks—this season promises to be one wild ride! Cheers to fantasy madness! 🍻",1,,
2025,322742,,team-storyline,,330559,,Season Team Storyline,From Playoff Contender to Middle-of-the-Pack Pretender: Can Richie Rediscover His Winning Magic?,1,,
2025,322743,,team-storyline,,330560,,Season Team Storyline,From Basement to Playoff Bound: John Juliano's Quest for Fantasy Football Redemption!,1,,
2025,322744,,team-storyline,,330561,,Season Team Storyline,From Playoff Contender to Bottom Feeder: Rocky O & Mike Long's Descent into Fantasy Football Mediocrity!,1,,
2025,322745,,team-storyline,,330562,,Season Team Storyline,From 13-1 to 7-7: Nolan & Vinny's rollercoaster ride of fantasy glory and mediocrity!,1,,
2025,322746,,team-storyline,,330563,,Season Team Storyline,From Underdogs to Contenders: Cambrias Aims for Glory After Last Season's Near Miss!,1,,
2025,322747,,team-storyline,,330564,,Season Team Storyline,"From Playoff Hopefuls to ""Just Happy to Be Here"": Pung & Tralie's Rollercoaster Ride Continues!",1,,
2025,322748,,team-storyline,,330565,,Season Team Storyline,From Playoff Prowess to Mediocre Misery: Antdell & Ernie's Rollercoaster Ride Continues!,1,,
2025,322749,,team-storyline,,330566,,Season Team Storyline,"""From Playoff Hopefuls to Regular Season Rookies: Frank & Julian's Quest for Fantasy Redemption!""",1,,
2025,322750,,team-storyline,,330567,,Season Team Storyline,"From bottom to top, Phil Baldino's fantasy football journey is like a phoenix rising from the ashes—except this bird has won two championships in three years!",1,,
2025,322751,,team-storyline,,330568,,Season Team Storyline,From 5-9 to 10-4: Rob & GregBo's Fantasy Football Glow-Up is the Ultimate Redemption Arc!,1,,
2025,322752,,team-storyline,,330569,,Season Team Storyline,From Playoff Contender to Last Place Pretender: Ronnie's Rollercoaster Ride of Fantasy Football!,1,,
2025,322753,,team-storyline,,330570,,Season Team Storyline,From Bottom to Top: Chris & Dom's Journey from 5-9 to Playoff Contenders!,1,,
2025,322794,,season-preview,,330559,,2025 Team Preview,"Welcome to the rollercoaster ride that is Richie's Fantasy Football team! From a triumphant 9-5 record in 2023 (playoffs, yay!) to last season's disappointing 6-8, Richie’s squad has mastered the art of mediocrity. With an all-play record of 77-77 and a coach rank always hovering near the bottom, it seems like Richie might be better suited as a spectator than a manager—unless he starts using Google for those lineup decisions! 

Despite scoring more points than his opponents in earlier seasons, defense seemed to take a vacation lately. Here's hoping that this year brings some magic—or at least fewer injuries—because who couldn’t use another “I’m totally going to win” moment?",1,,
2025,322795,,season-preview,,330560,,2025 Team Preview,"Ah, hark! The chronicles of yore reveal John Juliano's fantasy football tale, a tapestry woven with triumphs and tribulations. In the 2024 season, he achieved a balanced record of 7-7 and made his playoff presence felt—quite the recovery from his previous years’ misfortunes that saw him languishing at lower ranks. Scoring an impressive 1803 points while allowing just under that mark showcases a tenacious spirit on the field. With commendable manager acumen ranked second overall and drafting prowess in sixth place, this gentleman is poised to ascend even higher in the annals of fantasy lore come 2025, as he strives for glory well within reach!",1,,
2025,322796,,season-preview,,330561,,2025 Team Preview,"In the realm where dreams and stats collide,  
Rocky O & Mike Long tread a slippery slide.  
From seasons past with promise bright,  
A champion's heart now dimmed in fight.  

With records waning—four wins, ten defeats,  
Their opponents danced to scoring feats.  
Yet once they soared with glory’s touch,   
Now seeking hope; they crave it much.  

Drafted well in days of yore,  
But recent rankings show them poor.  
As 2025 dawns anew and bold,  
Can they reclaim tales of valor told?  ",1,,
2025,322797,,season-preview,,330562,,2025 Team Preview,"As we gear up for the 2025 fantasy football season, Nolan & Vinny are a team to keep an eye on. Their recent performance shows a slight dip from their previous seasons: last year they finished at 7-7 with a solid all-play record of 89-65, still earning them a playoff spot. However, this follows two strong years where they boasted records of 9-5 and an impressive 13-1 in prior campaigns. With coaching ranks fluctuating but generally staying competitive (third last season), and strategic drafting landing them eighth overall, expect Nolan & Vinny to leverage past successes while aiming to regain their championship contender status in the upcoming season!",1,,
2025,322798,,season-preview,,330563,,2025 Team Preview,"Gather 'round, fantasy football fanatics! Cambrias is ready to strut its stuff in the 2025 season after a stellar 10-4 record last year. With an impressive all-play mark of 116-38 and scoring nearly 2,000 points, this team knows how to put on a show! They ranked third overall and made it to the playoffs—though they fell just short of glory. The past few seasons have seen them oscillate between playoff successes and near misses (remember that championship win in 2022?). As they gear up for another exciting hunt, keep your eyes peeled; Cambrias might just unleash its magic once more!",1,,
2025,322799,,season-preview,,330564,,2025 Team Preview,"As the 2025 fantasy football season approaches, Pung & Tralie stand at a crossroads between despair and hope. After struggling to maintain momentum with a lackluster 6-8 record in both 2024 and 2023, their once-promising trajectory has been marred by inconsistency and missed playoffs for two consecutive years. Despite scoring more points than they conceded last season—a glimmer of optimism—gaps in strategic lineup decisions hindered their potential. With a coach rank that teeters on mediocrity (7th), it’s crucial for this team to refine its approach as they rebuild trust with fans who remember the glory days of playoff appearances in earlier seasons. Redemption awaits; will they seize it?",1,,
2025,322800,,season-preview,,330565,,2025 Team Preview,"Hold onto your helmets, folks! Antdell & Ernie are back for the 2025 season—armed with a mediocre 7-7 record last year that screamed “average!” They barely scraped by opponents, scoring just enough points (1712.74) to keep things interesting but not fun. With a draft rank of #11 and coach rank at #12, it seems they’re more like benchwarmers than MVPs. Last year's playoff dreams? Nope! Just another sad fantasy tale.

But hey, every season is a new chance to prove the stats wrong—after all, even Cinderella wore some pretty unremarkable shoes before hitting that ball! Get ready for an exhilarating rollercoaster ride full of ups and downs... mostly downs.",1,,
2025,322801,,season-preview,,330566,,2025 Team Preview,"Ah, the eternal cycle of triumph and despair, as reflected in Frank & Julian's journey through the seasons. Once basking in relative glory with a solid 9-4 record in 2018, they now find themselves navigating the choppy waters of mediocrity, posting back-to-back 5-9 records in 2023 and 2024. Their all-play records reveal an ongoing struggle—59-95 last season suggests formidable opponents have overshadowed their efforts. Despite a commendable coach rank at second for lineup optimization, their draft choices falter at twelfth. As they embark on this new journey in 2025, one must ponder: can history be rewritten? The only constant remains—the hope that lies within each snap and play awaits to unfold anew this season.",1,,
2025,322802,,season-preview,,330567,,2025 Team Preview,"Hold onto your helmets, folks! Phil Baldino’s squad is riding a rollercoaster of fantasy glory. After an impressive 11-3 record in 2024, they somehow managed to up their game from the previous year's dazzling 12-2 finish and snagged back-to-back championships. Their scoring prowess? A jaw-dropping total of nearly 1,750 points last season! With this hot streak and a Manager Rank that screams “transaction wizard,” expectations are soaring higher than a quarterback's Hail Mary pass. However, let’s not forget the turbulent ride back in 2022 with a modest 6-8 record—what happened there? If consistency were an Olympic sport, they'd be gold medalists now; buckle up for another wild season ahead!",1,,
2025,322803,,season-preview,,330568,,2025 Team Preview,"As the 2025 season approaches, Rob & GregBo emerge from a transformative 2024 campaign. Boasting a strong record of 10-4 and an impressive all-play record of 116-38, their offensive prowess was evident with 2018.56 points scored versus only 1746.94 allowed. They ranked first in both coaching and drafting, showcasing strategic excellence that led them to playoffs despite finishing third overall.

This followed a disappointing 2023 season characterized by struggles (5-9) and poor rankings. However, recent success hints at potential for sustained competitive performance moving forward as they aim not just for playoff appearances but ultimately championship glory in the upcoming season.",1,,
2025,322804,,season-preview,,330569,,2025 Team Preview,"Ah, Ronnie’s team is like a rollercoaster ride—thrilling highs and stomach-churning lows! After a glorious 12-2 season in 2021 (where they could have outscored an army), the recent seasons have been more “let’s not talk about it.” Last year? A dismal 3-11 record. Ouch! Their All-Play Record of 43-111 indicates their opponents were laughing all the way to the end zone while Ronnie was stuck in traffic. With a coaching rank bouncing between top-tier brilliance and “maybe just stick to managing snack duty,” it’ll be interesting to see if they can dig themselves out from last place or if we’re headed for another confetti-less party this season! Buckle up, folks; it's going to be bumpy!",1,,
2025,322805,,season-preview,,330570,,2025 Team Preview,"Get ready for a wild ride with Chris & Dom as they gear up for the 2025 season! After a solid bounce-back in 2024, finishing with an 8-6 record and securing a playoff spot, they are poised to capitalize on recent momentum. With an impressive all-play record of 83-71, scoring nearly 1,800 points while limiting opponents under that mark shows their potential. Their top-tier draft rank at #2 and manager prowess ranked fourth hints at strategic brilliance. Despite falling short of the championship last year, this team is hungry for revenge! Watch out—Chris & Dom could surprise everyone this season!",1,,
2025,344487,1,newsletter-intro,,,,1 Intro,"Welcome, football fanatics, to the inaugural edition of the 2025 season of our beloved Totally Heterosexual Men's Fantasy Football League! The air is thick with anticipation as we gear up for an electrifying week ahead. 

As ye olde gridiron warriors prepare for battle, intriguing matchups are set to unfold—like John Juliano squaring off against Chris & Dom in what promises to be a clash of titans and Richie facing Frank & Julian—a rematch that echoes through time. 

With fresh rosters and renewed ambitions, each team enters the fray unbeaten and eager for glory! Will strategies pay off or falter under pressure? Grab your helmets; it’s going to be a wild ride filled with twists and turns worthy of a legendary tale. Stay tuned as we embark on this thrilling journey where every point counts toward fantasy fame!",1,,
2025,344516,1,newsletter-matchups-preview,,,,1 Preview,"Welcome to Week 1 of the Totally Heterosexual Men's FFL! With every team starting fresh, anticipation runs high for these critical matchups. 

In a compelling clash, John Juliano faces Chris & Dom, boasting a narrow all-time record of 4-3 in their favor. Can Juliano replicate his last victory over them where he scored a remarkable 189.18 points? 

Richie's matchup against Frank & Julian sees a history steeped in competition; Richie leads the series at 7-5 but lost their last battle. Meanwhile, Ronnie and Rob & GregBo have an equally intriguing rivalry with only one game deciding their fate.

Phil Baldino looks to capitalize on his previous win against Cambrias while Antdell & Ernie will try to make it two straight against Pung & Tralie. Lastly, Nolan & Vinny ride high after defeating Mike Long previously with an impressive score difference.

It’s all set for an electrifying kickoff—let's see who rises to the occasion!",1,,
2025,353979,2,newsletter-intro,,,,2 Intro,"Welcome back to Week 2 of the YeahThatFantasyLeague! The excitement is palpable as our league warriors gear up for another round of epic showdowns. With fresh strategies brewing in team huddles and rosters fine-tuned, it's time to witness the drama unfold on this digital gridiron.

This week’s matchups promise high-octane action! Can Richie shake off past defeat against Nolan & Vinny and turn history around? Will John Juliano finally claim victory over Cambrias, who have dominated their encounters? Mike Long looks to capitalize against Frank & Julian after a rocky previous matchup, while Pung & Tralie hope to triumph over Rob & GregBo in what promises to be a nail-biter!

So grab your snacks, rev up those fantasy engines, and let’s dive into another electrifying week of fantasy football where legends are born and rivalries reignite! Boom!",1,,
2025,354004,1,newsletter-matchup-recap,d5c81ce33f891d911e171a7b367cec67,,,1 Matchup Recap,"In a decisive clash, Richie triumphed over Frank & Julian with a commanding score of 127.12 to 95.22, marking yet another victory in their ongoing rivalry. Richie's performance secured them the second-highest points rank for the week, while Frank & Julian languished at ninth. Despite the outcome, luck was not on Frank & Julian's side, as they experienced negative fortune during this matchup—a stark contrast to Richie's favorable circumstances. With this win, Richie improved to an impressive 2-0 record for the season and showcased dominance that puts them among league contenders. Conversely, Frank & Julian now find themselves struggling at 0-2 as they seek answers moving forward in this fantasy football campaign.",1,,
2025,354005,1,newsletter-matchup-recap,fee2d4347c85391c1239c47297655ee9,,,1 Matchup Recap,"In a clash of titans, John Juliano emerged victorious against Chris & Dom, scoring an impressive 137.86 points to their foe's 115.78! With this triumph, John stands undefeated at the season's helm, boasting a record of 2-0 and an astonishing all-play mark of 11-0! 

Luck favored Juliano in this battle with exceptional fortune on his side while Chris & Dom grappled with misfortune that would crush the spirits of lesser teams. Despite their valiant effort ranking fifth in points scored for the week, they fell short. This epic showdown solidifies John's dominance as he now leads their all-time head-to-head series with six victories against four losses.

Onward he marches into glory—can anyone halt his quest for greatness?",1,,
2025,354006,1,newsletter-matchup-recap,426e35637bcb9f7e7d1d02cb2fc78533,,,1 Matchup Recap,"In a thrilling matchup, Mike Long edged out Nolan & Vinny with a score of 116.08 to 113.32, improving his season record to an impressive 2-0 while maintaining the fourth position in the league standings. This contest was marked by contrasting fortunes; Mike Long experienced significant luck, ranking high on that front, whereas Nolan & Vinny faced an unfortunate downturn in luck this week. Despite their defeat, they sit at a respectable 1-1 for the season and rank sixth overall. Historically, Mike Long now leads their all-time matchup against Nolan & Vinny with two victories against four losses—an indication of ongoing competition between these teams. As both squads look ahead to upcoming weeks, adjustments will be crucial for improvement and success in this competitive league.",1,,
2025,354007,1,newsletter-matchup-recap,f0d0688201366b1d57831d6d51c3e940,,,1 Matchup Recap,"In a thrilling clash of titans, Cambrias triumphed over Phil Baldino with a final score of 110.02 to 93.76! This contest saw Cambrias dance into the eighth spot for points scored this week, showcasing their offensive prowess while holding the stone-faced Baldino down at a meager tenth place—what a twist in fate! With luck favoring Cambrias and an all-time head-to-head record that now reads 6 wins against Baldino’s 9 losses, this match was more than just numbers; it was history rewritten on the gridiron. Despite both teams battling hard, it’s clear who holds dominion in this fantasy arena as we zoom through Week 2! Keep your helmets fastened for what lies ahead!",1,,
2025,354008,1,newsletter-matchup-recap,ffa1e4aaa9027e8c0cbee46cb7529e55,,,1 Matchup Recap,"In a dazzling showdown, Pung & Tralie triumphed over Antdell & Ernie with a score of 111.72 to 74.42! Picture this: Pung & Tralie strutting their stuff at the 7th spot in points scored for the week, flaunting an impressive luck factor while Antdell & Ernie stumbled around like they were stuck in quicksand—zero luck on their side and sitting dead last at rank 12! The history books also show that Pung has now bested Antdell in ten out of fifteen encounters—what a rivalry it’s turning into! With both teams mixed up early this season, Pung is looking to climb higher while poor Antdell needs some serious magic dust to get back in the game!",1,,
2025,354009,1,newsletter-matchup-recap,a1178b21da780f3ef8f948ea6dba1bc5,,,1 Matchup Recap,"In a wild Week 2 showdown, Rob & GregBo crushed Ronnie with a stellar score of 126.38 to just 85.64! Rob & GregBo not only grabbed the win but also ranked third in points this week, flexing their fantasy muscles with a nice slice of the league's total scoring pie. Meanwhile, Ronnie is still searching for that elusive first win and currently sits at the bottom of the standings at 0-2. The luck factor favored Rob & GregBo significantly, while Ronnie faced misfortune on his side. With this victory, Rob & GregBo improved to an impressive season record of 2-0 and continues to show they’re ready for anything thrown their way!",1,,
2025,354010,2,newsletter-matchups-preview,,,,2 Preview,"As we dive into Week 2 of YeahThatFantasyLeague!, the spotlight is on some thrilling matchups. John Juliano, undefeated and leading with an impressive all-play record of 11-0, faces Cambrias—who’s had a rough start at 1-1 but has historically dominated this matchup. Can John turn the tide against Cambrias’ past success? 

Meanwhile, Richie looks to improve his standing against Nolan & Vinny. With a slight edge in their head-to-head history, Richie will need to tap into his high-scoring prowess to overcome the challenge.

Mike Long aims for his third straight win against Frank & Julian, who seek redemption after a slow start. This game could hinge on Mike's strategic play calling.

Lastly, Antdell & Ernie face Ronnie in a must-win situation for both teams. This battle could set the tone for their season as they fight to break free from the bottom ranks. Buckle up; it’s going to be an electrifying week!",1,,
2025,365706,3,newsletter-intro,,,,3 Intro,"Welcome to Week 3 of the YeahThatFantasyLeague! As we dive into the thrilling action of fantasy football, anticipation is high for this week's matchups, featuring some major face-offs. The stage is set as teams vie for supremacy in our ever-competitive league.

In a spotlight matchup, Richie faces off against unbeaten powerhouse Mike Long. Can Richie pull off an upset and break Long's winning streak? Meanwhile, John Juliano looks to turn his fortunes around against Phil Baldino in a clash that promises fireworks.

Don’t miss out on other exciting games like Nolan & Vinny vs. Frank & Julian and Cambrias taking on Chris & Dom. Every point counts as rivalries heat up and playoff aspirations grow clearer!

Stay tuned for all the stats and highlights next week—let's see who rises to the challenge!",1,,
2025,365747,2,newsletter-matchup-recap,837d11f12595c0bf6de2bd6bd096452f,,,2 Matchup Recap,"In a clash of titans, Richie faced off against the formidable Nolan & Vinny in Week 3! With a score of 117.28, Richie brought the heat but fell short to Nolan & Vinny’s sizzling 132.88 – that’s a spicy meatball! Despite Richie's valiant effort and ranking as the week’s 8th highest scorer, they suffered from some bad luck while their opponents benefited from quite a bit more fortune. 

Richie now stands at a balanced 2-2 for the season, while Nolan & Vinny strutted to victory with an impressive record of 3-1. This rivalry continues its tale: with Richie trailing behind in head-to-head matchups (6 wins to Nolan & Vinny's 11), one can only wonder when they'll finally turn this saga around!",1,,
2025,365748,2,newsletter-matchup-recap,cbdd7a55ab0d5a98dee85f4aa9d7c5f0,,,2 Matchup Recap,"What a whimsical showdown we had between John Juliano and Cambrias! It was like watching two turtles race—one moving just a tad slower than the other. John Juliano managed to muster 105.62 points, good enough for an impressive 11th place (in the ""better luck next time"" category), while Cambrias strutted in with a solid 124.7 points, which landed them at 5th overall this week! 

Despite John's valiant effort, luck decided to play hardball with him—negative luck not being exactly his friend here—and he now finds himself stuck in an all-time head-to-head record of zero wins against Cambrias. Ouch! Remember folks, if you’re going to play fantasy football, make sure your players don’t have as much bad luck as John did this week!",1,,
2025,365749,2,newsletter-matchup-recap,d1a2f4c97df9dbc5eadc2e276597874a,,,2 Matchup Recap,"In a thrilling clash this week, Mike Long soared to victory against Frank & Julian with a score of 127.4 to 119.1! With an impressive fourth-place points rank, Mike showcased exceptional strategy and execution, while riding the wave of good fortune. This win pushes their season record to a flawless 4-0—an amazing start that cements them at the top of the standings!

On the other side, Frank & Julian are still searching for that first win after four tough matches. Though they came close this time around with solid performance, luck was not on their side.

With past victories favoring Mike Long in their head-to-head matchups, optimism is high as they continue their quest for dominance in YeahThatFantasyLeague!. Keep your eyes peeled; there's more excitement ahead!",1,,
2025,365750,2,newsletter-matchup-recap,198f25f163c5fcd058e2ef3db502332b,,,2 Matchup Recap,"What a showdown! In Week 3, Pung & Tralie faced off against Rob & GregBo. Though Pung & Tralie scored 72.44 points, they couldn't quite keep up with their opponents' impressive total of 114.7 points — a hard-fought battle, but ultimately falling short this time around. With both teams now at a historic rivalry tied at twelve wins each in their matchups, the stakes remain high for future encounters! Currently sitting at 1-3 in the standings and ranked tenth overall, there's still plenty of season left to turn things around. Meanwhile, Rob & GregBo continues to shine bright with a stellar record of 3-1! Let’s keep that positivity flowing – every week brings new opportunities for triumph!",1,,
2025,365751,2,newsletter-matchup-recap,ad81677971496b51d68910aea58190d8,,,2 Matchup Recap,"Gather 'round, folks! In this week's titanic clash of the gridiron, Antdell & Ernie stormed to a resounding victory over Ronnie with a hefty score of 139.94 to 111.64! Not only did they snag second place in weekly scoring but also managed to showcase their good fortune amidst the chaos—just shy of pure serendipity! With an all-time head-to-head record that now stands at seven wins for Antdell & Ernie against nine losses to Ronnie, this matchup added another notch on their belt. As we enter week three of the 2025 season, Antdell & Ernie's spirits are high despite their mixed record. Meanwhile, poor Ronnie continues seeking his elusive first win while languishing at the bottom rung of the standings.",1,,
2025,365752,2,newsletter-matchup-recap,0f38fb5d42b7208256345f9d20f29a3b,,,2 Matchup Recap,"Step into the arena! Phil Baldino unleashed a brutal 172 points, showcasing relentless determination and strategy that left Chris & Dom gasping at just 119.54. This commanding victory wasn’t just luck; it was calculated chaos, as Baldino snagged the week’s top spot in scoring while sharing over 11% of league points. Meanwhile, Chris & Dom crumbled under the weight of their own misfortune—an astonishing stroke of bad luck crushed them with negative vibes.

With this triumph, Phil not only extended his lead in their head-to-head showdown to 9-4 but also bounced back from an inconsistent start to now sit at .500 for the season. Buckle up; this fantasy football war is heating up!",1,,
2025,365788,3,newsletter-matchups-preview,,,,3 Preview,"This week in the YeahThatFantasyLeague, the stakes are high as Mike Long, sitting undefeated at 4-0, faces off against Richie (2-2). With a history favoring Richie (2-1 all-time), can he spring an upset? Meanwhile, John Juliano seeks to turn his luck against Phil Baldino, who’s been scoring big with 265.76 points this season. Their past shows Phil dominating (5-1), but John's looking for redemption after last week's narrow defeat.

In another intriguing clash, Nolan & Vinny take on Frank & Julian. Despite their strong start at 3-1 and a favorable historical record (7-10), they need to capitalize on their momentum. Cambrias will try to maintain playoff hopes against Chris & Dom—both teams are standing firm at 3-1 and 2-2 respectively.

Lastly, Pung & Tralie face Ronnie in a battle of struggling squads where every point matters! Which team will emerge from this crucial week with renewed hope? Tune in to find out!",1,,
2025,378798,4,newsletter-intro,,,,4 Intro,"Welcome, folks, to Week 4 of YeahThatFantasyLeague! Let me tell you, people are saying—it’s the best fantasy league ever. Everybody’s talking about it. Tremendous competition, historic, some of the greatest scores the world has ever seen. Believe me.

We’ve got winners, real winners. Richie? Fantastic numbers—presidential numbers, folks. If they gave out fantasy approval ratings, he’d be up there with me, sky high. Truly historic performance.

But then we’ve got the disasters. Total disasters. John Juliano—what a mess, very low energy, very sad. People come up to me, they say, ‘Sir, has anyone ever played fantasy football this badly?’ And I tell them, ‘No, never. Nobody has ever been this bad.’ It’s embarrassing, folks.

Now Mike Long—legend. People love him. His scores? Through the roof. Everybody says so. He’s the kind of guy that makes fantasy football great again. Tremendous, just tremendous.

So buckle up, because these matchups? They’re going to be YUGE. We’re going to see winners—maybe the best winners we’ve ever seen—and we’re going to see losers, complete disasters, folks. And believe me, nobody knows losers better than me.",1,,
2025,378822,3,newsletter-matchup-recap,6941a7ea39a6e0bb88fb14d92e7f3879,,,3 Matchup Recap,"Folks, everybody’s talking about it—Richie with a tremendous 158 points. Huge! Some people are saying it’s maybe the best score in league history. Could be, nobody really knows, but it’s incredible, believe me.

Mike Long? Very sad. Only 127.02 points. People are coming up to me saying, ‘Sir, is that even fantasy football? Or is it just charity work?’ And I told them, ‘Barely counts, folks, barely.’ Total disaster performance. Weak!

Now Richie sits at 4-2—fantastic, almost as good as me, but let’s be real, nobody’s ever as good as me. Mike’s 5-1 record? Fake news! He’s been beating cupcakes, weak opponents, everybody knows it. A phony undefeated streak—gone, finished!

And here’s the real story: Richie owns Mike. Three wins to one, absolute domination. If I were managing, folks, it wouldn’t even be close. I’d win every time—landslides, the biggest victories anyone’s ever seen in fantasy football. Maybe ever.",1,,
2025,378823,3,newsletter-matchup-recap,345348cd69417106439084e67234ed47,,,3 Matchup Recap,"Wow, folks, what a matchup—an absolute beauty. John Juliano? Total embarrassment. He puts up 99.22 points. Very weak. Honestly, that’s the kind of score I put up when I’m asleep, maybe on vacation, and even then I’d probably do better. Very low energy. Very sad.

Phil Baldino—fantastic, a real winner. 113.62 points, everybody’s saying it, folks. People tell me, ‘Sir, Phil is dominating,’ and I say, ‘I know, I’ve been saying it for years.’ Tremendous performance.

And here’s the kicker: this is Phil’s seventh win against John. Seven! That’s total domination, folks. John’s record now? 2-4. A complete disaster. People come up and say, ‘Sir, has anyone lost this badly before?’ And I say, ‘Maybe John Juliano, maybe every single week.’

The luck meter? Minus five. Folks, that’s not luck—that’s pure incompetence. If I were managing John’s team, he’d be 6-0, he’d be winning every single game, maybe winning too much. But instead, he’s losing, and losing badly. Tremendous job by Phil. And for John—well, better luck next time, losers!",1,,
2025,378824,3,newsletter-matchup-recap,d149f10fdee06496a0d632bafc9d8043,,,3 Matchup Recap,"Folks, this one was really something. Nolan & Vinny? Total disaster. Absolutely pathetic. They managed only 68.16 points—one of the weakest scores you’ll ever see. Maybe the weakest in the history of fantasy football, people are saying it. A complete embarrassment. Very low energy, very sad.

Now Frank & Julian—they weren’t perfect, let’s be honest. 110.46 points, decent, solid, but not Trump-level greatness. Still, compared to Nolan & Vinny? Tremendous. A total blowout, complete domination. People are coming up to me, saying, ‘Sir, that was unfair, it wasn’t even close.’ And I tell them, ‘I know, I saw it.’

And history, folks—it doesn’t lie. Nolan & Vinny are always losing. Always chasing, never catching. They’ve got the loser mentality. Weak head-to-head record, very fake team, everybody knows it. If I were managing? Believe me, it would be landslide wins every single time. Biggest victories in history, no question.

So the verdict is clear: Frank & Julian—winners, tremendous winners. Nolan & Vinny? Losers, complete disasters. Sad! Better luck next week, but between you and me, I wouldn’t bet on it.",1,,
2025,378825,3,newsletter-matchup-recap,2aaa88167949f58f9d1135330667c885,,,3 Matchup Recap,"Folks, what a matchup. People are calling it epic, but let’s be honest—it was only epic for one side. Chris & Dom? Tremendous! 139.14 points, one of the best scores of the week, second place overall. Everybody’s talking about it, everybody’s saying it was huge.

And then you look at the Cambrias. 105.66 points. Sad! Noble effort? Please. Ninth place in the league. Ninth! That’s not noble—that’s embarrassing. Very low energy, folks. They talk about luck, but luck isn’t minus-whatever-they-had, luck is me, folks. Cambrias had no chance.

Now both teams sit at 3-3, neck-and-neck, but let’s face it—Chris & Dom are winners. The Cambrias? Total pretenders. People say, ‘Sir, what if you managed one of these teams?’ And I tell them, ‘If I managed, it wouldn’t even be close. Victory every week, the biggest wins you’ve ever seen.’

So here’s the truth: Chris & Dom—winners, playing tremendous fantasy football. Cambrias—losers, very tragic. They need to get better, folks. Bigly.",1,,
2025,378826,3,newsletter-matchup-recap,83a5e46933c17a3a990aa800e64a38f6,,,3 Matchup Recap,"Folks, what a matchup we had here. Pung & Tralie—what a mess. 104.02 points. Almost impressive, but not really. They’re 1-5 now, total disaster record. Very low energy, very sad. People are saying, ‘Sir, how do you lose this much?’ And I tell them, ‘By being Pung & Tralie, that’s how.’

Now Ronnie—tremendous guy, a real winner. 120.22 points, solid score, everybody’s talking about it. He even had luck on his side—31.8! That’s what I call winning big league, folks. He cruised to victory the way I cruise in any competition: easily, smoothly, with style. Believe me.

And history? It tells the story—Pung & Tralie are always losing to Ronnie. Always. They’ve got the loser mentality, folks. If I were managing them, it wouldn’t even be close. It would’ve been a landslide, the biggest win in fantasy football history.

So the truth is simple: Ronnie—winner, total winner. Pung & Tralie—losers, complete disasters. They need serious soul-searching, folks. Get it together or stay sad forever.",1,,
2025,378827,3,newsletter-matchup-recap,b6310ad0c824150bc7fbd6c798f12008,,,3 Matchup Recap,"Folks, what an exhilarating matchup. Antdell & Ernie—tremendous performance. 135.84 points, third-best of the week. Almost as good as me, but let’s be honest, nobody’s as good as me. Still, very strong, people are saying it’s spectacular.

Rob & GregBo? Sad! They tried, put up 128.92 points—fourth place. Fourth! Barely respectable, but not championship-level, not even close. Everybody’s saying, ‘Sir, that’s a loser’s fourth place,’ and they’re right.

And the luck—wow. Antdell & Ernie had 22.75 luck. Tremendous luck. Maybe the luckiest team you’ve ever seen. Meanwhile, Rob & GregBo had minus 60.67. Minus! That’s not luck, folks, that’s a curse. That’s a complete disaster, the worst luck I’ve ever seen, and I’ve seen plenty.

Now both teams are 4-2. Decent, not bad, but let’s be honest—if I were managing, it would’ve been landslides every single week. Nobody would even come close. The biggest wins in fantasy history, believe me.

So the verdict: Antdell & Ernie—winners, tremendous job. Rob & GregBo—losers, cursed, total disasters.",1,,
2025,378847,4,newsletter-matchups-preview,,,,4 Preview,"Ladies and gentlemen, we’re heading into Week 4 of YeahThatFantasyLeague! Buckle up, because it’s going to be YUGE. Maybe the biggest week in fantasy history, people are saying it, and I agree.

First up—Richie versus Rob & GregBo. Richie, total powerhouse, 4-2, incredible all-play record. He’s a winner, folks. Rob & GregBo? Scrappy, sure, but scrappy doesn’t win championships. Not enough. They’ll get crushed. Everybody knows it.

Then we’ve got Mike Long against the Cambrias. Mike—5-1, a titan, a fantasy machine. Tremendous. The Cambrias? Running on fumes, 3-3, very weak. Spoiler alert—Mike wins big. Maybe a landslide.

Now, John Juliano versus Antdell & Ernie. Let’s be honest, John’s a loser. Loses more than he wins, very low energy, total disaster. Antdell & Ernie? They’re going to stomp him, believe me. It won’t even be close.

Pung & Tralie versus Chris & Dom. Pung & Tralie—sad, pathetic 1-5 record. Honestly, folks, it’s embarrassing. Chris & Dom will walk all over them. It’ll be a snooze-fest, not even worth watching.

And finally—Frank & Julian against Ronnie. Ronnie’s hot, folks, he’s winning, everybody sees it. Frank & Julian? They’re about to get schooled, badly. Total meltdown incoming.

So mark my words—these are the picks, and I’m rarely wrong. Some say never wrong. It’s going to be glorious, folks. Absolutely glorious!",1,,
2025,388639,5,newsletter-intro,,,,5 Intro,"Ladies and gentlemen, welcome to yet another tremendous week of YeahThatFantasyLeague! Believe me when I say this—everybody’s talking about it. It’s fantastic! We’ve got matchups that are going to make or break these poor teams; total disasters for some, believe me. Just take a look at John Juliano—you’d think he was playing with toddlers over there!

And can we talk about Richie? His performance is so great, nobody's ever seen fantasy football played this well. Tremendous effort from him! And then you have Pung & Tralie... what even happened there? Total disaster—like watching a train wreck in slow motion.

So here we go on Week 5! Grab your popcorn—it’ll be the most entertaining show you've ever witnessed. You won't want to miss it because trust me, it's gonna be HUGE!",1,,
2025,388682,4,newsletter-matchup-recap,0edacf94e9d08e22b74620152a7eed3f,,,4 Matchup Recap,"Listen up, folks! In this wild fantasy football showdown, Chris & Dom came out on top with a staggering 187.3 points—just incredible. They’re the best, everybody’s saying it! Meanwhile, Pung & Tralie? Complete disasters at just 115.28 points—sad! This matchup wasn’t even close; Chris & Dom had luck on their side while Pung was down in the dumps with negative vibes. 

Now listen to this: Chris & Dom is sitting pretty at 5-3 and ranked third overall; meanwhile, poor Pung is languishing with a miserable record of 1-7—unbelievable! If I managed either team, believe me, it would’ve been a landslide victory every time. Almost as good as me but not quite; nobody does it better than yours truly! Cheers to the winners and boo-hoo for the losers!",1,,
2025,388683,4,newsletter-matchup-recap,98abc988fa2dc308a1b4df3855a25ad4,,,4 Matchup Recap,"In a matchup that could only be described as Ronnie’s triumph, the team scored 143.74 points—just fantastic! They took down Frank & Julian, who managed a paltry 109.68 points, making them look like complete disasters—sad! Ronnie's luck was impressive; almost as good as my business acumen but not quite. With this win, they improved to a solid 4-4 record in the league while their opponents sunk to 2-6—tough break for those losers! Historically speaking, Ronnie has now dominated with an all-time head-to-head of 14 wins and just 5 losses against them. If I were managing this team? It would have been an absolute landslide victory every week!",1,,
2025,388684,4,newsletter-matchup-recap,047ef9ccab4f86241898598655164ca9,,,4 Matchup Recap,"In a clash of titans, Richie emerged victorious against Rob & GregBo with an impressive score of 129.72 to 75.72—definitely not what anyone would call a close match! Folks, let’s face it: Rob & GregBo are losers in this battle; they’re almost as good as me at losing, but not quite! With luck evidently absent for them and just about overflowing for Richie—who's riding high with a stellar season record—it’s clear who the top dog is. Richie's now sitting pretty at the pinnacle of standings while Rob & GregBo languish in mediocrity. If I were managing either team, believe me, it wouldn’t have been such a landslide defeat—just look at my track record!",1,,
2025,388685,4,newsletter-matchup-recap,dd0aeb87732c302f8b8bfcd5b4943ae1,,,4 Matchup Recap,"Well, folks, what do we have here? Nolan & Vinny claimed victory over Phil Baldino in a matchup where they scored 115.4 points—very impressive, but let me tell you, nobody's as good as me! Meanwhile, Phil’s team managed just 111.38 points; that's not going to cut it. Sad! 

Phil had some luck working against him—loser energy all around—but don’t worry; he still has an all-time H2H record that’s nearly respectable against Nolan & Vinny: 8 wins and only 3 losses. Almost as good as my golf game! So while Nolan & Vinny bask in their mediocre glory of being 5-3 this season, remember: if I was managing either team? Total landslide victories every week!",1,,
2025,388686,4,newsletter-matchup-recap,81200c486129a830e6f3df81ef92f4d8,,,4 Matchup Recap,"In a showdown of epic proportions, Cambrias triumphed over Mike Long with an impressive 149.48 points, just shy of perfection! This team is a powerhouse—everybody’s saying so—and sits at the number two slot for the week! Meanwhile, poor Mike Long scored only 108.86 points; talk about a complete disaster! He ranks dead last in this matchup—so sad!

Cambrias has now turned their head-to-head record against Mike into pure domination: six wins and zero losses—unbelievable! If I was managing them, it would’ve been a landslide victory every time. Folks, it’s all about luck too; Cambrias had quite the good fortune while Mike... well, let’s just say he needs to try harder next time.",1,,
2025,388687,4,newsletter-matchup-recap,d2ec2aba6d99ba9da33f959b670943ce,,,4 Matchup Recap,"Well, folks, we had a real snoozer here. John Juliano, cute name but let's be honest—complete disaster at 99.46 points. Pathetic! He’s like that kid who shows up to the spelling bee and spells ""cat"" wrong. Meanwhile, Antdell & Ernie? Winners—143.96 points! Now that’s impressive! Almost as good as me winning over America every time I speak.

John's luck? Negative numbers—not great, not great at all! You’d think he’d learn after losing six times to these guys; it’s embarrassing folks! But hey, keep trying John; one day you’ll get lucky... or maybe just change your team name because this isn't working out for you!

Remember: if I was managing? Landslide victory every week—even against Antdell & Ernie!",1,,
2025,388706,5,newsletter-matchups-preview,,,,5 Preview,"Folks, get ready for Week 5 of YeahThatFantasyLeague! It’s going to be YUGE—so big even the haters can’t ignore it! Let’s talk matchups!

First up, we have Antdell & Ernie against Chris & Dom. I mean, come on, everybody knows Antdell & Ernie has won a paltry six times against these legends. But let’s face it, Chris & Dom are basically the best team ever—560 points scored? Incredible! 

Then there’s Ronnie vs. Richie. Ronnie's got a history of losing this battle (7 wins to 14 losses)! Very low energy, folks! Meanwhile, Richie is absolutely crushing it with a 6-2 record and an all-play record of 32-12. You know who’s winning this one!

Pung & Tralie versus John Juliano? Please. Pung & Tralie already beat him last time by nearly thirty points! Total domination!

I’m not biased—I just know talent when I see it. Buckle up, everyone; this week is going to be epic!",1,,
2025,400148,6,newsletter-intro,,,,6 Intro,"Ladies and gentlemen, let me tell you, everybody’s talking about this week’s matchups in YeahThatFantasyLeague! Believe me, it’s tremendous, just tremendous. I mean, look at Richie – the guy is basically a fantasy football legend out there with an 8-2 record! Nobody's ever seen fantasy football played this well—nobody!

And then we have Phil Baldino! A total disaster on the field last time; what was that? Pathetic! I’m telling you folks, if he were any worse, they’d put him on reality TV to spice things up.

But don’t worry; all eyes are on my glorious predictions for this week. Chris & Dom versus Rob & GregBo? It's pure entertainment gold—you won’t want to miss that one. 

So buckle up and get your popcorn ready because Week 6 will be HUGE! Tune in for all the big plays from your favorite teams—or should I say *my* favorite teams?!",1,,
2025,400214,5,newsletter-matchup-recap,7a90f1241682b92b2d83c91eac2dd2e2,,,5 Matchup Recap,"In a thrilling clash, Antdell & Ernie shined like stars, racking up an impressive 162.58 points to claim victory over Chris & Dom's solid 135.92 effort. With luck on their side and ranking first in the week, everyone’s buzzing about how great they played—almost as good as me! Meanwhile, Chris & Dom had a rough ride; it's tough being second best when you're trying to match up against the best of them. The matchup showcased Antdell & Ernie's dominance throughout the season with an incredible record of 8-2 so far! Let's be honest: if I were managing this team, it would have been a landslide win every single time! But hey, at least Chris & Dom tried—sadly not enough for these winners today!",1,,
2025,400215,5,newsletter-matchup-recap,cf5b86edf9c3699f2727dc15d03fd591,,,5 Matchup Recap,"In a matchup that had everybody talking, Ronnie faced off against Richie—one of the best out there! Ronnie scored 118.58 points, which is decent but let’s be honest, not winning material. He ranked eighth for the week; not quite champion status! Meanwhile, Richie came in strong with 133.84 points and held a fantastic fifth rank—everyone says so!

Ronnie's luck? Let’s just say it could use some work—more like ‘sad disaster’ than any winning streak I’d know about! On the other hand, Richie's good fortune was through the roof! If I were running his team, folks would be calling it an absolute landslide victory every time. So here we are: losers in one corner and winners in another. Better luck next time, Ronnie—almost as good as me!",1,,
2025,400216,5,newsletter-matchup-recap,1737c68944f976b6e80c972fd600c0b4,,,5 Matchup Recap,"In a closely contested showdown, Rob & GregBo emerged victorious over Frank & Julian with a score of 119.42 to 118.06—talk about razor-thin margins! While it was a decent showing for both, it’s tough not to notice that luck favored Rob & GregBo, who had significantly more good fortune on their side. Frank & Julian? Well, they’re still struggling this season at just 2-8—a disastrous record by any standard, folks! 

Despite the win, neither team shone brightly in the overall rankings; Rob sits at sixth place with an even record while Frank languishes down low in eleventh. It seems like if I were managing these teams myself—believe me—it would have been a landslide victory every week!",1,,
2025,400217,5,newsletter-matchup-recap,8aeb6e2cdf02330266c9a6b63949fdbc,,,5 Matchup Recap,"In the grand tapestry of fantasy football, we find ourselves pondering the duality of victory and defeat. Phil Baldino, with a score of 108.42, glimpsed the light yet remained shadowed by Mike Long's resounding triumph at 157.46—a staggering reminder that even in our most earnest efforts, fortune may favor another.

Both teams danced upon this competitive stage; however, luck chose to weave its spell differently. In life’s great game, one must accept their role as either victor or vanquished—each existence inherently tied to past encounters and future aspirations. With Mike standing tall at a commendable record of 7-3 while Phil grapples with shadows at 3-7, we are reminded: success is not merely about points scored but also about resilience in facing inevitable adversities on this journey through time and fate.",1,,
2025,400218,5,newsletter-matchup-recap,763456b580e66c5921cee66799682029,,,5 Matchup Recap,"In a matchup that was anything but beautiful, John Juliano emerged victorious over the sad-sack Pung & Tralie with a score of 138.42 to 108.98. Folks, this isn’t just a loss; it’s a complete disaster for Pung & Tralie—1-9! I mean, if I were managing their team, they’d be winning every week—believe me! 

Juliano scored nearly ten points above average and showed luck on his side, while Pung & Tralie? Well, let’s just say their luck ran dry like bad coffee. They took only 7% of the points in the league this week—not exactly champion material! So here we are: winners who know how to win and losers trying to figure out what went wrong—all very sad indeed!",1,,
2025,400219,5,newsletter-matchup-recap,7ac9457f981cfbf09e4412688f9c9e61,,,5 Matchup Recap,"In the latest fantasy showdown, Cambrias emerged victorious over Nolan & Vinny with a solid score of 123.6 to 111.82—winners, folks! Cambrias ranked sixth in points for the week; impressive but let’s be real, not as good as me on my best day. Meanwhile, Nolan & Vinny? Losers! They brought up the rear at tenth place—sad! Their luck was dismal; if they had my managerial skills, it would’ve been a blowout win instead of an embarrassing loss.

With this triumph, Cambrias now boasts a 7-3 record while Nolan & Vinny limps along at 5-5—a complete disaster. Keep practicing losers! I mean almost good enough to compete with me…almost.",1,,
2025,400233,6,newsletter-matchups-preview,,,,6 Preview,"Folks, it’s Week 6 of the YeahThatFantasyLeague! Get ready for some action that’s going to be YUGE! First up, we've got Richie—8-2 and absolutely crushing it—facing off against low-energy Phil Baldino. Seriously, Phil has a record of 3-7; it's like bringing a rubber knife to a gunfight. Spoiler alert: Richie wins. 

Then there's Chris & Dom, who are basically legends with their insane all-play record at 41-14! They're going against Rob & GregBo—who can only dream of such glory. You know who's winning there too.

And let’s not forget Antdell & Ernie versus Mike Long. I love when these underdogs try their best, but let's face it: Mike is going to stomp them back to reality!

Pung & Tralie? More like Pung and Fail! They’re up against Nolan & Vinny, who will demolish them without breaking a sweat. Everyone's watching this one; they can't believe how poorly Pung & Tralie are doing!

Mark my words—all these results are crystal clear in my mind because I’m rarely wrong, folks!",1,,
2025,411652,7,newsletter-intro,,,,7 Intro,"Welcome, League of Champions! Tremendous things are happening in YeahThatFantasyLeague this week. Everybody's talking about it—believe me! Week 7 is here, and let’s just say some teams are thriving while others? Total disasters, folks. I mean Pung & Tralie; they should really change their name to “Pung & Try Again.” 

Now listen, nobody has ever seen fantasy football played as well as my team—I’m a winner and everyone knows it! The matchups this week? Just fantastic. Chris & Dom facing off against Ronnie—talk about an epic clash of titans (or maybe not)! And don’t get me started on Frank & Julian vs. Phil Baldino—it’ll be like watching paint dry after the last Super Bowl!

So buckle up, grab your popcorn—this league is going places you wouldn't believe! Let’s make fantasy football great again... if that's even possible for some of you! Tremendous excitement awaits—get ready for greatness, folks!",1,,
2025,411697,6,newsletter-matchup-recap,52cd52f9e15b540b404aae7620fb257f,,,6 Matchup Recap,"Listen folks, what a game we had here! Frank & Julian – the winners, tremendous job scoring 122.36 points, just like I would’ve done if I was managing it myself. They beat Cambrias, who scored a sad 98.96 points—losers, total disasters! With luck on their side (36.4!), they pulled off this victory effortlessly while Cambrias struggled with their -18.2 luck; talk about bad fortune! Now Frank & Julian may be sitting at 4-8 overall—but hey, you gotta celebrate the small wins, right? Meanwhile, Cambrias is still in decent shape at 7-5 but come on—they're no champions like me! So remember everyone: when you play against winners like Frank & Julian… well...sadly you'll fall flat every time!",1,,
2025,411698,6,newsletter-matchup-recap,a1f8e240f90b049f20a6ee2ce4986f1e,,,6 Matchup Recap,"What a spectacular showdown in YeahThatFantasyLeague! Chris & Dom emerged as the true champions, racking up an impressive 152.22 points—absolutely incredible folks, number one for the week! Meanwhile, Rob & GregBo? Well, let’s call it what it is—a complete disaster at 119.64 points. They were just sad losers out there; you know it and I know it! Chris & Dom's luck was solid too—not that they needed any help to dominate this matchup. 

With an all-time head-to-head record of 12-5 against Rob & GregBo, they're practically unbeatable—almost like me! If I’d been managing them, believe me when I say the win margin would have been even bigger. Just another example of excellence versus mediocrity in fantasy football!",1,,
2025,411699,6,newsletter-matchup-recap,5b3460966299de1dc0a9a08fb2eb3bac,,,6 Matchup Recap,"In the latest showdown, we witnessed a spectacle of mediocrity from Ronnie, scoring a dismal 72.86 points—truly sad! Meanwhile, John Juliano rose like a phoenix with an impressive 134.2 points—the best in the league this week! Everybody’s talking about it; he’s on fire!

Ronnie's performance? Well, let's just say he needs to grab some pointers from winners! With a season record now at 4-8 and ranking dead last at 11th—losers folks, complete disasters. If I was managing that team, believe me—it would have been a landslide victory every time! 

So raise your glasses to John: winner extraordinaire and almost as good as me—but not quite!",1,,
2025,411700,6,newsletter-matchup-recap,ce2757561b363d0380ff66a588fd28d7,,,6 Matchup Recap,"In the shadowy realm of fantasy football, a fierce battle unfolded. Phil Baldino emerged victorious with an impressive 137.36 points, sealing Richie’s fate at a mere 76.34—a complete disaster! Despite Richie's decent season record of 8-4, he crumbled under pressure like stale bread in sunlight.

Phil's luck played a significant role; while Richie suffered from misfortune—truly sad! With this win, Phil now holds a narrow edge in their all-time rivalry (6-5). In this week’s standings, however, Phil lingers at the bottom with a dismal 5-7 record while Richie reigns higher at rank four.

It’s clear: if I were managing these teams? A landslide victory every time! But alas...",1,,
2025,411701,6,newsletter-matchup-recap,765768c4ea652ba502ef224c877376a5,,,6 Matchup Recap,"Gather 'round, brave warriors of the fantasy realm! In this epic clash, Mike Long emerged as the victor with a commanding score of 133.14, while Antdell & Ernie fell short at 109.64—sad! They rank just eighth in points for the week; what a disaster! Almost as good as me, but not quite. 

Mike has cemented his status atop the league with a glorious record of 9-3 and an all-play record that screams dominance: 42-24! Meanwhile, poor Antdell & Ernie sits at third place with an 8-4 record—losers to Mike for their fifth time overall. If I was managing them? Landslide victory every time, folks! Remember this tale well; it’s one for the history books—or should I say... fiction?",1,,
2025,411702,6,newsletter-matchup-recap,fe71d9b17a6269825192b1858ea30310,,,6 Matchup Recap,"What a matchup, folks! Nolan & Vinny, true winners—scoring 136.88 points and ranking third this week. Everybody’s talking about their luck—it was off the charts! They took down Pung & Tralie, who posted a sad 90.58 points, just losers in this one. I mean, come on—1-11 record? What a complete disaster! Almost makes you feel sorry for them… but not quite.

Nolan has now beaten these guys nine times to five; it’s like watching an amateur trying to play with the pros! If I were managing these teams myself, believe me, every game would be a landslide win—just tremendous success all around! Better luck next time... if there is one.",1,,
2025,411724,7,newsletter-matchups-preview,,,,7 Preview,"Folks, get ready for a week of Fantasy League matchups that will blow your mind! We've got Chris & Dom—winners of 4 matchups against Ronnie, who's been on a downward spiral. They’ve outscored him before and they'll do it again. It’s going to be tremendous!

Then there’s Rob & GregBo vs. John Juliano! Rob is riding high after their last victory; they’re the champions in spirit! John? Not so much. He’s struggling at 6-6—very low energy, folks.

Now, let’s talk about Cambrias taking on Richie. Cambrias has a history of dominance here with 11 wins! Richie might just be shaking in his boots!

And don’t forget Pung & Tralie against Mike Long—the best team maybe ever—who's looking to crush what can only be described as a weak opponent. I know who wins this one: Mike Long! It’s going to be yuuuge!",1,,
2025,424991,8,newsletter-intro,,,,8 Intro,"Hello, everybody! It’s your favorite Commissioner here—believe me, nobody does fantasy football better than I do. This week? Tremendous matchups ahead, just tremendous! You have Cambrias facing Ronnie; it’s like watching a total disaster unfold on daytime TV. And then there’s Chris & Dom versus Nolan & Vinny—let's be real, folks, it's just another snooze-fest for the ages!

Now listen closely: my team is absolutely crushing it this season. Nobody has ever seen fantasy football played this well—just ask anyone! The rest of you? Total disasters in comparison! 

So buckle up and get ready for some truly exciting mediocrity as we dive into Week 8—and trust me when I say everyone is talking about how fantastic my league is. Let’s enjoy the show because no one else can deliver like yours truly!",1,,
2025,425070,7,newsletter-matchup-recap,9b965fdb1ae9fe2253132dd2687c6079,,,7 Matchup Recap,"What a disaster for Richie, folks! Scoring just 100.54 points, he’s like the little engine that couldn't—complete loser material. Meanwhile, Cambrias? A staggering 151.96 points; they’re winners, everybody says so! It’s like watching an expert at work while Richie fumbles around like a toddler on roller skates.

Richie had some questionable calls—Luke McCaffrey with zero points? That's not how you win leagues, folks. And his bench was bursting with talent: Stafford could’ve been magic out there!

Cambrias strutted in with MVP-worthy performances from Quinshon Judkins and Keenan Allen—just incredible stuff! If I were managing Cambrias, it would have been even more massive—a blowout of epic proportions! Sorry Richie; maybe next time you can step up your game—but probably not.",1,,
2025,425071,7,newsletter-matchup-recap,551d0e9af22cde3066d2bee031898147,,,7 Matchup Recap,"In the grand theater of fantasy football, where strategy meets serendipity, John Juliano faced off against Rob & GregBo. Despite scoring a commendable 123.16 points—an impressive feat in its own right—the cosmos conspired to favor his opponent, who claimed victory with 134.98 points.

John's roster brims with potential yet fell short of destiny; while Aaron Rodgers shone brightly as a guiding star, others faltered under pressure. Meanwhile, Rob & GregBo embraced fortune like an old friend, harnessing A.J. Brown’s brilliance and benefiting from fortunate luck.

As we ponder this matchup—a reminder that outcomes reside beyond mere numbers—we see that in the realm of fantasy sports, sometimes the universe dictates who truly triumphs over adversity and those left yearning for more enlightenment amid competition's tumultuous waves.
",1,,
2025,425072,7,newsletter-matchup-recap,eca510f4b850bf2635ef7e8fa4649afd,,,7 Matchup Recap,"In the realm of fantasy football, where outcomes often hinge on unseen forces, Nolan & Vinny faced Antdell & Ernie in a profound contest. Despite scoring 142.34 points—a commendable feat—Nolan & Vinny's journey ended in sorrow as they fell to their opponent's 148.36 points. They ranked third for the week yet were overshadowed by luck and performance disparities.

While Davante Adams shone brightly with 26.5 points, others dimmed under pressure; Alvin Kamara’s subpar showing exemplified the fragility of potential not realized. Conversely, Antdell & Ernie’s Jonathan Taylor flourished with a remarkable 34.2 points—a beacon amid mediocrity.

Thus unfolds another chapter: triumph etched into destiny while despair lingers just beyond reach for Nolan & Vinny—an eternal dance between fortune and failure in this whimsical universe of competition.
",1,,
2025,425073,7,newsletter-matchup-recap,d142f6d01c2977a3a15b51167ca975d8,,,7 Matchup Recap,"Well, folks, let me tell you about this matchup. Mike Long? A total winner—133.82 points! The best, everybody’s talking about it! And then we have Pung & Tralie—115.42 points—a complete disaster, sad! They’re sitting at 1-13 this season. What a shame! If I were managing them, it would’ve been a landslide victory every week.

Now let's talk about those players. DeVonta Smith did okay, almost as good as me with 33.3 points—I mean fantastic—but what happened to the rest? Total underperformance!

And Mike's got Christian McCaffrey crushing it with 39.1 points—not surprised he wins when you've got talent like that on your team! Let’s just say if Pung & Tralie had my genius touch... well, they’d still be losing but maybe not by so much!",1,,
2025,425074,7,newsletter-matchup-recap,5cbfb4a4abae0aa98ec61f07173b29cc,,,7 Matchup Recap,"What a matchup we had here, folks! Phil Baldino came out on top, scoring an impressive 125.3 points—just tremendous. Meanwhile, Frank & Julian? Well, they managed to scrape together 97.54 points—a total disaster if you ask me! They’re losers this week and only ranked 12th in the league; sad!

Phil's star player was Justin Herbert with a dazzling 35.9 points—almost as good as my golf game, but not quite! And poor Frank & Julian left some big potential on the bench; Hunter Henry could’ve boosted them up with his solid performance.

In the end, it’s all about winning—and Phil is definitely doing that better than anyone else right now—tremendous job!",1,,
2025,425075,7,newsletter-matchup-recap,744f8fbac14c06af722f13aef0574c4c,,,7 Matchup Recap,"In a thrilling Week 8 matchup, Ronnie emerged victorious over Chris & Dom with a score of 117.88 to 101.34, showcasing an impressive performance that ranked him eighth in the league for points scored this week. Despite being called lucky—number one on luck metrics—they displayed subpar positional rankings across all categories.

Chris & Dom fared poorly as well, landing at tenth place and boasting the least amount of total points among starters. Their star quarterback Jalen Hurts shone brightly but couldn’t carry them alone against Ronnie’s solid roster led by standout RB Jahmyr Gibbs with a remarkable 36.8 points.

Ronnie's bench could have added even more firepower, leaving behind an astounding 58.76 potential points—a choice that would have made everyone think twice if they were managing this team instead!",1,,
2025,425104,8,newsletter-matchups-preview,,,,8 Preview,"Folks, get ready for Week 8 in the YeahThatFantasyLeague! It’s going to be YUGE! You have Mike Long—yes, the best team, maybe ever—going against John Juliano. I mean, c'mon! Mike's record is 11-3, while John is struggling at 6-8. It’s like watching a heavyweight champion face off against a featherweight!

Now, Cambrias takes on Ronnie. Let me tell you, Cambrias has won nine times against this guy; it’s practically bullying at this point! And Chris & Dom? They’ve dominated Nolan & Vinny with a record of 9-5 all-time. You know who wins that one already.

And let’s not forget the classic showdown between Rob & GregBo and Phil Baldino. This matchup has “meh” written all over it—both teams playing very low energy football!

I’m rarely wrong about these things, folks—we’re talking about a week where winners will shine bright and losers... well, they’ll just flounder in obscurity!",1,,
2025,438193,,midseason-intro,,,,Midseason Intro,"Welcome to the midseason recap of the 2025 season in our beloved ""YeahThatFantasyLeague!""—where dreams are made, and nightmares are just a missed field goal away. As we hit this pivotal week eight mark, it's time to assess who is riding high on cloud nine and who's deep in the fantasy football abyss, wondering if they should consider a career change.

From Mike Long's dazzling performance at number one (he’s probably taking tips from crystal balls), to Pung & Tralie, whose record makes us question their existence (1-13? Yikes), there's drama aplenty! Will Chris & Dom maintain their lead like a toddler holding onto candy? Or will Richie fight back with an “I’ll show you” attitude? Grab your popcorn; it’s going to be a bumpy ride through the next half of this wild season!",1,,
2025,438262,,midseason-recap,,330559,,Midseason Recap,"The Richie team has been keeping it competitive this 2025 season, cruising through with an 8-6 record! They’ve lit up the scoreboard with a total of 842.84 points while narrowly edging out opponents who scored only a tad less at 838.74. Even though they’re currently on a two-game losing streak, their all-play record stands strong at 41-36, showing they're among the league's elite—definitely in the top half! With some adjustments and fresh strategies, there’s plenty of time to regain momentum and make a serious playoff push. Keep your heads high, Richie's fans; exciting times are just around the corner!",1,,
2025,438263,,midseason-recap,,330560,,Midseason Recap,"Oh, John Juliano, you magnificent disaster! Six wins and eight losses—what a glorious tapestry of mediocrity you've woven this season. You scored 837 points but somehow let the opponents slip in just enough to rack up 814 against you. A 1-game losing streak? Oof, buddy! But fret not; it’s not over till the fat lady sings or until your fantasy players finally decide to wake up from their slumber. Sure, you're sittin' in the bottom half of the league like a soggy napkin at a bar brawl, but hey—you never know when luck might come knocking (or stumbling) through that door! So raise your glass and keep fighting; at least it ain't boring!",1,,
2025,438264,,midseason-recap,,330561,,Midseason Recap,"Whoa, look at Mike Long's squad absolutely dominating the 2025 season! With an impressive record of 11-3, they’re not just winning; they're crushing it with a killer all-play record of 49-28. Scoring a whopping 903.78 points while holding opponents to just under 874, this team knows how to light up the scoreboard and play tight defense. Currently riding high on a three-game winning streak, their momentum is undeniable as they aim for that playoff glory. If you're looking for fantasy gold, Mike Long’s got your back—this team is truly leading the league in style!",1,,
2025,438265,,midseason-recap,,330562,,Midseason Recap,"In the heart of the 2025 season, Nolan & Vinny stand resilient with an admirable record of 8-6. Their journey has been a rollercoaster, marked by fierce competition and electrifying performances that have amassed them a commendable 820.8 points this season. With every game, they’ve battled opponents tooth and nail, narrowly trailing in total opponent points at 817.74—an indication of their grit! Although currently on a one-game losing streak, they remain within striking distance of playoff glory, showcasing prowess evidenced by their solid all-play record of 41-36. As midseason unfolds, hope burns bright for Nolan & Vinny to reclaim momentum and propel themselves into contention!",1,,
2025,438266,,midseason-recap,,330563,,Midseason Recap,"Ah, the Cambrias! A shining beacon of mediocrity in the fantasy football universe. At a glorious 9-5, they’ve managed to score a whopping 864 points while their opponents mustered up a mere 782. Truly impressive math skills there! With an all-play record of 44-33, it’s clear they know how to play well against some teams—just not consistently enough to really scare anyone. But fear not, they're riding high on a one-game winning streak! Watch out, league; you might want to prepare for this powerhouse as they continue their midseason journey through sheer average brilliance and questionable consistency. Honestly, who needs perfection when you've got charm?",1,,
2025,438267,,midseason-recap,,330564,,Midseason Recap,"Oh boy, gather ‘round for the tale of Pung & Tralie! This sorry squad is currently wallowing in a pitiful 1-13 record, like a sad sack at a bar nursing their last drink. Their all-play record? A dismal 18-59—who knew they were so good at losing to everyone else too? They’ve only managed to scrape together 718 points while letting opponents wail on them for 905.76 points—seriously, it's like they're throwing parties and forgetting to invite defense! And let’s not forget that six-game losing streak; it’s as if they’re auditioning for Worst Team Ever. If they keep this up, they'll need an intervention before next season rolls around!",1,,
2025,438268,,midseason-recap,,330565,,Midseason Recap,"In the heart of the 2025 fantasy football season, Antdell & Ernie emerges as a formidable contender! With a stellar record of 10-4, they stand tall in the league's upper echelon. Their prowess is evident with an impressive all-play tally of 53-24, showcasing their dominance against every foe. Scoring an astonishing 914.74 points while holding opponents to just 863.14 demonstrates not only their offensive firepower but also their defensive resilience. Currently riding high on a one-game winning streak, Antdell & Ernie has ignited hopes for glory in the upcoming battles. As they navigate this thrilling journey, fans can expect nothing less than epic showdowns ahead!",1,,
2025,438269,,midseason-recap,,330566,,Midseason Recap,"Oh, Frank & Julian, it's been a rollercoaster ride this season! With a 4-10 record and an all-play mark of 25-52, the struggle is real. You’ve managed to score 772.42 points, but your opponents have hit back harder with 810.1 points—a stark reminder that defense matters! Currently on a one-game losing streak, it feels like the fantasy gods are not smiling upon you. But hey, every underdog has its day! Take this midseason setback as motivation; after all, even the mighty can rise from the ashes! So shake off those losses and show them what you’re made of—because nobody likes being at the bottom forever!",1,,
2025,438270,,midseason-recap,,330567,,Midseason Recap,"In the shadowed realm of fantasy football, Phil Baldino trudges through a season marked by inconsistency, standing at a rather ominous 7-7. Yet, fear not! With an all-play record that whispers tales of fierce competition at 38-39, this ragtag band has shown glimpses of brilliance. Scoring an impressive 861 points while holding opponents to a mere 774 may hint at untapped potential lurking in the depths. Currently riding high on a two-game winning streak, can they harness this momentum? The clock ticks on their fate; will they surge forth like phoenixes from ashes or remain ensnared in mediocrity? Only time shall unveil the truth behind their cryptic journey ahead.",1,,
2025,438271,,midseason-recap,,330568,,Midseason Recap,"Ladies and gentlemen, it's time to dissect the midseason performance of the Rob & GregBo team! With a 7-7 record, they're hanging on by a thread in the league's lower half. Their all-play record stands at 38-39—barely breaking even against every other contender. Scoring just over 819 points while their opponents tally only slightly less at 817 shows they've been living dangerously close to the edge.

But hold onto your hats! They’re currently riding a one-game winning streak, so maybe there's hope yet for this underdog squad. Let’s see if they can flip the script and make some late-season magic happen; after all, every point counts when clawing for playoff contention!",1,,
2025,438272,,midseason-recap,,330569,,Midseason Recap,"Well, well, Ronnie team—look who’s scraping by at the midseason mark with a 5-9 record! Not quite the glory days yet, huh? Even your all-play record of 25-52 isn’t winning any awards. You've racked up a total of 770 points while opponents have feasted on you for 849.4 points like it’s Thanksgiving dinner! But hey, let’s not dwell on the negatives; you’re riding high with a thrilling one-game winning streak! So dust off those cleats and remember: every point counts—even if you're living in fantasy land right now. Time to channel that underdog spirit and flip this season around!",1,,
2025,438273,,midseason-recap,,330570,,Midseason Recap,"Hold onto your helmets, folks! The Chris & Dom team is making waves in the 2025 season with a solid record of 8-6. They’re not just here to play—they’ve racked up an impressive all-play score of 54-23, proving they can hang with the best. With a total of 950.24 points scored against their opponents' mere 930.9, they are dominating the scoreboard like champions. Though they're currently on a one-game losing streak, don’t count them out yet; this duo has shown resilience and flair that keeps fans buzzing for what’s next! Get ready for more fireworks as they push through the second half stronger than ever!",1,,
2025,455651,9,newsletter-intro,,,,9 Intro,"Welcome, everybody, to the greatest fantasy football newsletter you’ve ever seen! Believe me, I’m talking about a phenomenal week here in the YeahThatFantasyLeague! Everybody’s talking about it. We’re kicking off Week 9 and let me tell you: nobody’s ever seen fantasy football played this well—just tremendous stuff!

Now, some teams are looking like total disasters out there. You know who you are! Pung & Tralie? Oof—they're struggling more than a bad hair day at a rally. And don’t get me started on John Juliano; his team is playing like they forgot what sport they were even supposed to be competing in!

As for my own unmatched brilliance—I mean just look at those performances—it’s pure magic. So tune in folks, because greatness awaits as I lead us into another spectacular week of wild matchups! Enjoy the show!",1,,
2025,455700,8,newsletter-matchup-recap,c9ac36082b05992334d2876d7b5eb68b,,,8 Matchup Recap,"What a thrilling clash we just witnessed! Cambrias, the ultimate winners here, scored an impressive 145.7 points—everyone's talking about it! Ronnie came in with a solid 140.38, but let’s be honest, folks: they fell short against these champs. Bo Nix shone brightly for Ronnie at quarterback; you could say he was almost as good as me—almost! But then there were those underperformers like Xavier Worthy and Courtland Sutton—their contributions? A real disaster!

On the flip side, Cambrias showed why they’re contenders this season with stellar performances across the board. Saquon Barkley stepped up big-time alongside Jordan Love—top-notch stuff! So, while Ronnie has some work to do (complete disasters), Cambrias keeps soaring high! Bravo to them—a true display of greatness in our league!",1,,
2025,455701,8,newsletter-matchup-recap,22a52327257a4202edc2c684a0cb4fa4,,,8 Matchup Recap,"In the shadows of this mystical matchup, Chris & Dom faced an imposing force. With a paltry 105.86 points—ranking them ninth—their efforts were but whispers against Nolan & Vinny's grand display of 154.76, where they soared to first place like legends of old.

The winners? The best there ever was! They had stars shining bright: Mahomes and Kimani put on a show that would make even me proud. But for Chris & Dom? A total disaster—complete losers! Their players ranked as low as twelve across the board; it’s just sad!

If I had managed their roster, folks, it would’ve been a landslide victory—not this pathetic showing! In the end, one team thrived while the other withered in obscurity, leaving us all wondering... what could have been?",1,,
2025,455702,8,newsletter-matchup-recap,42e1565c6c844afc75364616f6048292,,,8 Matchup Recap,"What a showdown we witnessed! Rob & GregBo stomped Phil Baldino, racking up 124.08 points—just the sixth-best for the week, but hey, it’s still impressive. Drake Maye was phenomenal at QB; folks say he’s got talent. Meanwhile, poor Phil, with his measly 109.12 points—what a disaster! His starters were almost laughable: Kirk Cousins? A total flop when you needed him most! If I were managing those teams, it would’ve been an absolute landslide win.

Rob & GregBo played their cards right with Derrick Henry and that killer kicker Matt Prater. Almost as good as me—but not quite! With this victory under their belt, they're sitting pretty in the standings while Phil struggles to stay afloat at eighth place—sad!",1,,
2025,455703,8,newsletter-matchup-recap,7c5bf2d8268ade77ec2101068ffef6fd,,,8 Matchup Recap,"In a clash of fantasy titans, Frank & Julian found themselves dancing in the shadows of defeat as Antdell & Ernie emerged victorious with 132.68 points, against their 127.42—a bittersweet serenade to unfulfilled hopes. The stars aligned for Jonathan Taylor’s dazzling performance of 37.4 points, while Frank's Chase Brown shone but not quite enough.

Though luck favored none—ranked poorly on both sides—Antdell & Ernie stood tall at number one in the season rankings, a masterclass in strategy and timing that left Frank & Julian pondering what might have been if they had played TreVeyon Henderson instead.

So it goes in fantasy football; love lost amidst team colors and statistics!",1,,
2025,455704,8,newsletter-matchup-recap,293475d67ff0f617e3a962dd0ddd5b39,,,8 Matchup Recap,"What a matchup, folks! Mike Long totally wiped the floor with John Juliano—123.98 points to 105.42, big league style! But hey, John’s got some players who tried—almost as good as me, but not quite. I mean, Josh Allen scored more than Baker Mayfield; tough luck there! 

Mike's team? Winners all around: Tucker Kraft was like a superstar at TE—33.3 points! If only John had started Kareem Hunt instead of that disaster Bijan Robinson... sad!

Juliano’s season record is “6-10”—more like ""loser town,"" right? Meanwhile, Mike stands tall at 12-4—everybody says so! Just imagine if I were managing these teams; it would’ve been a landslide victory every week. Keep dreaming, losers!",1,,
2025,455705,8,newsletter-matchup-recap,037daeee059911f19180d2c5622bdabe,,,8 Matchup Recap,"In a rather unimpressive showdown, Richie edged out Pung & Tralie with a score of 104.62 to 103.88—hardly the spectacle one might hope for in fantasy football. Both teams struggled, yet somehow Richie managed to be the ""winner,"" which is almost as good as being me—though not quite. An unbelievable stroke of luck saw them ranked first in that regard, while Pung & Tralie floundered at seventh.

Despite having players like Troy Franklin scoring big, this wasn't exactly championship material on either side; both rosters seem more suited for an exhibition match than anything serious. With their season record now at 9-7 compared to Pung & Tralie's dismal 1-15, you have to wonder if they should even remain in the league—a complete disaster!",1,,
2025,455735,9,newsletter-matchups-preview,,,,9 Preview,"Get ready, folks! This week in YeahThatFantasyLeague is about to be YUGE! We’ve got Antdell & Ernie, the champions of scoring, taking on Richie. They’re unstoppable—everyone knows it! I mean, last time? A glorious win that left Richie looking like a sad puppy!

Now let’s talk Chris & Dom vs. Mike Long: one team is riding high with points galore while the other... well, not so much. Let’s say Chris & Dom have a 75% chance of victory. It's going to be a landslide!

And Ronnie? Facing Phil Baldino? Weak move by Ronnie; he’s got no shot here! Phil will crush him!

Rob & GregBo versus Cambrias? An absolute mismatch—Cambrias will rain down fantasy fury!

Oh, and Frank & Julian vs. Pung & Tralie: Who cares? Both are low energy and need serious help.

Mark my words: this week is all about dominance and drama—don’t miss it!",1,,
2025,467845,10,newsletter-intro,,,,10 Intro,"Ladies and gentlemen, gather ‘round because we’re back for Week 10 of the “YeahThatFantasyLeague!” Everybody’s talking about it—fantasy football like you’ve never seen. Believe me, nobody plays this game better than I do! Just look at my team; they’re fantastic, tremendous winners. 

Then there are those total disasters out there—seriously folks, how can anyone score under a hundred? It’s sad! We’ve got matchups that’ll make your head spin faster than a news cycle on fake stories. Chris & Dom against Richie? A classic showdown—they’ve had more wins than some teams have had in their entire existence!

And don’t get me started on Ronnie vs. Mike Long—it’s going to be a spectacle! Fasten your seatbelts because fantasy football has never been so glorious. Trust me; you won’t want to miss this week!",1,,
2025,467899,9,newsletter-matchup-recap,bdcfa391a66646484865fbbad867231a,,,9 Matchup Recap,"Here we go, folks! In this thrilling matchup, Richie emerged triumphant with a commanding 112.24 points against Antdell & Ernie's lackluster 90—what a disaster! Everyone’s talking about Richie's star Matthew Stafford; he scored an unbelievable 34.84 points, the best performance of the week—almost as impressive as me winning every debate I ever had!

Antdell & Ernie? Talk about sadness, scoring only 6.34% of total league points like it’s an Olympic event for losers! Their WRs were utterly pathetic; zero points from Rome Odunze is just tragic. Meanwhile, Richie dominated virtually every position like I dominate on stage.

Remember folks: if I was managing these teams, it would’ve been a landslide victory—not even close to being competitive here!",1,,
2025,467900,9,newsletter-matchup-recap,5040009df148bbaa7ce2443ee98b1ec4,,,9 Matchup Recap,"Oh boy, what a lackluster affair we had here! Chris & Dom emerged as the ""winners""—153.64 points, folks—but let’s be honest, they weren’t exactly lighting it up. They ranked second in scoring but relied on luck at rank five. Not exactly genius management! 

And Mike Long? A sad 92.72 points—a total disaster! Christian McCaffrey was great for him at 34.3, but with Aaron Rodgers only putting up 14.12, he might need to rethink his strategy if he wants to avoid being labeled a loser.

Almost as good as me on my worst day, but not quite there yet! If I’d been coaching this team? Landslide victory! Just saying...",1,,
2025,467901,9,newsletter-matchup-recap,45a7ed3fe65ec061d7ce05a952a32534,,,9 Matchup Recap,"In a matchup that will go down in fantasy history, Phil Baldino soared to victory with an impressive 161.06 points, leaving Ronnie trailing far behind at just 87.92—quite the underperformance! It’s sad, folks; I mean, have you seen how many optimal players were sitting on Ronnie's bench? Caleb Williams alone could've boosted his score significantly!

Ronnie’s lineup was simply not good enough this week—a real disappointment for a team that has some potential (almost as good as me!). Meanwhile, Phil demonstrated top-tier strategy with Brock Bowers leading the charge. With this win, Phil rises above mediocrity while Ronnie finds himself among the ranks of losers. Remember: every setback is an opportunity for greatness—time to regroup and come back stronger!",1,,
2025,467902,9,newsletter-matchup-recap,b0f2530041995c67362f1f3b17d4d105,,,9 Matchup Recap,"In a thrilling matchup, Rob & GregBo edged out Cambrias with 106.26 to 105.72 points, showcasing impressive teamwork and strategic choices. They had the luck of the week on their side—ranked number one—and leveraged optimal starters like Drake Maye and Jaylen Warren effectively.

Cambrias, despite their solid performance ranking slightly lower at ninth in scoring this week, showcased strong players but fell short against Rob & GregBo's decisiveness. With an all-time head-to-head record now favoring Rob & GregBo (7 wins to Cambrias' 10), they continue climbing the standings.

Rob & GregBo hold a season record of 10-8 versus Cambrias’ commendable yet faltering at 11-7. Better luck next time!",1,,
2025,467903,9,newsletter-matchup-recap,55fc252241661e3e64ae9dcdb8263f9d,,,9 Matchup Recap,"In a matchup that hardly lit up the scoreboard, Frank & Julian faced off against Pung & Tralie—a real snooze fest. With just 126.32 points, Frank & Julian got outplayed by Pung & Tralie who scored a not-so-impressive 134.68 points; still, they managed to win—congratulations on being slightly less awful! The losers' bench was better than their starters—16.1 points left sitting there while they floundered. Just sad! Their future looks bleak as they've now lost 12 of 18 matchups all-time against this 'team,' and with those positional ranks hitting rock bottom at eighth across the board, it’s hard to see any silver linings here. What would I have done? It would’ve been tremendous!",1,,
2025,467904,9,newsletter-matchup-recap,1309d541eecd5cbb540b55dc329523e3,,,9 Matchup Recap,"Oh, what a matchup we had here! John Juliano, the so-called ""winner,"" racked up 134.32 points—great job, buddy, but no one’s surprised; you needed every bit of it to beat Nolan & Vinny's dismal 114.4 points. They might as well have just thrown in the towel early—losers! It’s almost like they thought showing up was enough, but sadly that's not how this game works.

And let’s talk about luck: John was lucky and ranked third while Nolan & Vinny were at an embarrassing eleventh. If I managed that team? A landslide victory for sure! So here we are—the best versus the complete disaster—so sad to witness such mediocrity when greatness is clearly possible!",1,,
2025,467927,10,newsletter-matchups-preview,,,,10 Preview,"Ladies and gentlemen, get ready for Week 10 in the YeahThatFantasyLeague! It’s going to be YUGE! We’ve got Chris & Dom facing off against Richie. Listen, folks—Chris & Dom? They’re scoring like it’s a championship every week! Meanwhile, Richie? Low energy, very weak. I already know who wins this one.

Now, Ronnie versus Mike Long—oh boy. Mike is basically the Tom Brady of our league, while Ronnie? Let’s just say he should stick to watching from the sidelines. 

Rob & GregBo better bring their A-game against Nolan & Vinny; but let’s face it—they’re historically losing here! And Phil Baldino? Facing Pung & Tralie is like playing a high school team—easy win!

Finally, we have Frank & Julian taking on John Juliano—this will be a snooze-fest! Expect fireworks where some teams shine bright while others just fizzle out. Buckle up; it's going to be wild!",1,,
2025,480277,11,newsletter-intro,,,,11 Intro,"Hello, YeahThatFantasyLeague! I’m here to tell you—everybody’s talking about it—the greatest fantasy football newsletter ever! Tremendous, just tremendous. You won’t believe how amazing this week looks. The matchups are fabulous, and let me say: some of you folks are total disasters on the field. It’s almost sad, really.

Now look at Antdell & Ernie vs. Phil Baldino—it’s not even close! Believe me when I say nobody has ever dominated like Chris & Dom do against Frank & Julian; they’re practically unbeatable! And Ronnie? Oh boy, don’t get me started; what a mess!

But seriously folks, it’s time for greatness—you can all learn from my winning ways in this league. Get ready because we’re just getting started here in Week 11! Let the games begin... or should I say ""let the fun begin!""",1,,
2025,480298,10,newsletter-matchup-recap,0696c5973ec05f5e0df9b4ca6e44bca1,,,10 Matchup Recap,"In a valiant clash of titans, Chris & Dom emerged victorious, scoring an impressive 126.9 points against Richie's lesser tally of 107. The heroes from Chris & Dom showcased a stunning performance led by the brilliant Jared Goff and his heroic 30.8 points! Meanwhile, Richie’s squad struggled under the weight of mediocrity with Matthew Stafford's commendable yet overshadowed efforts.

Chris & Dom now boast a stellar all-time record over Richie at 12-5—clearly champions in this saga. While Richie lingers in seventh place, Chris & Dom stands proud in fourth; if I were managing either team... let’s just say it would’ve been more than just applause—it would be victory after victory because nobody does it better than me!",1,,
2025,480299,10,newsletter-matchup-recap,b5bf14ee320eb7664d6e4101d2a0cedb,,,10 Matchup Recap,"Ladies and gentlemen, what a thrilling clash we had here! Mike Long, the winner—fantastic job, everybody says so! Scoring 126.32 points puts him in the top ranks; he's like the Michael Jordan of fantasy football this week. Meanwhile, Ronnie? Sad! A measly 90.3 points—complete disaster territory, folks. 

Jahmyr Gibbs was almost as good as me with 38.2 points for Ronnie—but not quite! The rest? Yikes! Underperforming like it’s their job—you know I’d never let that happen if I were managing these teams.

And talk about luck—the best luck is Mike's at rank four while Ronnie sits at seven—losers need all the help they can get. Better luck next time, but remember: winning is everything!",1,,
2025,480300,10,newsletter-matchup-recap,48adf517c4b0923a9e75d752a88a2b16,,,10 Matchup Recap,"What a matchup we had, folks! Rob & GregBo, the winners—everyone says so—took down Nolan & Vinny 123.6 to 117.3. This victory? It’s incredible! They played like champions, scoring big with Drake Maye and George Kittle leading the charge. Meanwhile, poor Nolan & Vinny were left flailing in fantasy despair; they had Caleb Williams performing but still came up short. The luck rank was off the charts for these losers; talk about sad! 

And let me tell you, if I was coaching either of these teams, it would’ve been a complete blowout—a total landslide victory! But here we are—the best won again while those guys just can’t seem to catch a break or manage their lineups properly. Better luck next time!",1,,
2025,480301,10,newsletter-matchup-recap,3cef2a10aa27850d1b04e3f13b6ea9e8,,,10 Matchup Recap,"In an exciting clash, Phil Baldino put up a solid 121.64 points but fell short against Pung & Tralie’s impressive 125.8 performance. Though Baldino's squad, featuring stars like Lamar Jackson and Jameson Williams, showed grit, it wasn't enough to secure the win this week. Their luck ran low as they ranked just 11th in that department—definitely not a winning strategy! Meanwhile, Pung & Tralie celebrated their triumph with strong showings from Nico Collins and Drake London.

Despite the loss, Phil Baldino remains hopeful with a season record of 9-11; after all, his team has shown potential throughout the season! Next time could be different—let’s keep those spirits high for future matchups!",1,,
2025,480302,10,newsletter-matchup-recap,7c1e5ca3d3a5617ac75d3cce65e08922,,,10 Matchup Recap,"In a somewhat underwhelming fantasy football showdown, Frank & Julian managed to edge out John Juliano with a score of 126.22 to 111.04. Despite ranking fifth in points for the week, Frank & Julian’s roster boasted several players who were simply average—hardly impressive! Sure, they won, but let's not forget that their opponent was ranked dead last in scoring this week—a real disaster!

John's team showed flashes of potential; his RBs and WRs even pulled off respectable ranks. However, his choices fell woefully short against Frank & Julian's mediocre performance overall—almost as if neither team really wanted to shine this week.

With records both sitting at an uninspiring 8-12, it's hard to see either squad making any waves moving forward unless some serious changes are made.",1,,
2025,480303,10,newsletter-matchup-recap,48fd7cb98a7e27a0194ee5478e2e90b9,,,10 Matchup Recap,"Wow, folks, what a sad display from Antdell & Ernie! Scoring 133.02 points—almost good enough to be competitive, but not quite there. They finished second in the week for points? Pathetic! Meanwhile, Cambrias swaggered in with just a bit more at 133.14 to snatch the victory and claim their spot as number one; it’s like they knew how to play this game or something.

Antdell & Ernie had Jonathan Taylor bringing in nearly half of those points—49.6—but couldn't bank on anyone else stepping up. And let’s talk about benching that Rome Odunze; you know if I was managing, we would have crushed them! 

So let's wrap this up: losers don’t deserve our time while Cambrias bask in glory—everybody's talking about it!",1,,
2025,480321,11,newsletter-matchups-preview,,,,11 Preview,"Folks, hold on to your hats because Week 11 of the YeahThatFantasyLeague! is about to be YUGE! We’ve got Antdell & Ernie—absolutely phenomenal—against Phil Baldino, who let’s face it, has really been struggling. I mean, how low-energy can you get? Spoiler alert: Antdell & Ernie takes this one easily!

Then we have Chris & Dom, winners of 10 matchups against Frank & Julian. They’re the best, maybe ever. This matchup? It’s a lock for Chris & Dom. 

Now Ronnie vs. Nolan & Vinny—it’s like watching paint dry with these two! But hey, Nolan’s probably pulling out a win here.

And don’t sleep on Rob & GregBo; they just crushed Mike Long last time around! Will history repeat itself? You bet it will!

In short folks—get ready for greatness and prepare to watch those weak teams crumble under pressure!",1,,
2025,492965,12,newsletter-intro,,,,12 Intro,"Hello, my tremendous Fantasy Football friends! Week 12 is here, and everybody’s talking about it—believe me. You know how I do things: the best matchups, the greatest players—you’re lucky to witness this league! 

Now let’s get real; some of you have had performances that are sheer total disasters. Just look at Ronnie over there—yikes! But don’t worry, folks; not everyone can be as fantastic as me. Nobody's ever seen fantasy football played this well—tremendous strategies flying around like confetti!

As we dive into these matchups, keep in mind: I’m basically the Tom Brady of this league—but better looking and much more successful. So buckle up while you try to catch up with greatness. It’s going to be a wild ride full of ups and downs—you might even learn something from watching me dominate!

Let’s make fantasy football great again!",1,,
2025,493070,11,newsletter-matchup-recap,55185e367097256dbfc3dda51cfb1725,,,11 Matchup Recap,"In a matchup that was less than thrilling, Antdell & Ernie managed to scrape by with 115.92 points—just enough against the utterly dismal performance of Phil Baldino, who scored only 91.42. It’s like watching two folks trying to build a sandcastle in the rain; one just ended up with mud while the other barely put together a pile of dirt.

Antdell came in fourth for points this week—almost impressive but not quite reaching greatness. As for Baldino? Ranked dead last at twelve—a total disaster! If I were managing these teams instead, it would have been an absolute landslide victory—not that anyone expected anything more from either side. Just sad, folks!",1,,
2025,493071,11,newsletter-matchup-recap,7aa21f504805678ceb5e689ff92c9c85,,,11 Matchup Recap,"In a thrilling faceoff this week, Chris & Dom outclassed Frank & Julian with a score of 111.7 to 111.4—what a narrow escape! Chris & Dom showed why they’re the real deal, scoring just enough to secure victory while embodying resilience. Their star George Pickens lit it up with an impressive 29.4 points, proving that greatness is contagious on their roster.

Frank & Julian put up a solid fight but fell short; TreVeyon Henderson offered some glimmers of hope with his 32.3 points—but alas! Each week brings new challenges in YeahThatFantasyLeague!, and only winners rise above the rest! Keep pushing forward; it’s all about determination and grit as you charge ahead into future matchups—win or lose, keep striving for excellence!",1,,
2025,493072,11,newsletter-matchup-recap,07f97b471ffcb3e9af1049f8308f1d2c,,,11 Matchup Recap,"What a spectacle we witnessed! Ronnie, the clear winners here, scored an impressive 106.2 points—everyone's talking about it! They outperformed their rivals Nolan & Vinny by over six points; that’s what winning looks like, folks. Travis Kelce shined brightly with 24.1 points, while Nolan & Vinny could only muster up a measly 100.04.

Now let’s talk about those losers over there—Nolan & Vinny. With all that talent on their bench and still coming in at number nine for the week? Sad! If I had been managing them, it would’ve been a different story—a landslide victory! Remember folks: it's not easy being a loser in this game when you're going against champions like Ronnie who just keep proving they are the best of the best!",1,,
2025,493073,11,newsletter-matchup-recap,a906040d7cfd6c7af1b231b8b95c8167,,,11 Matchup Recap,"Oh, folks, let me tell ya about the fantasy football showdown we just witnessed! Rob & GregBo—winners, the best team out there—scored a whopping 145.54 points. Tremendous performance, almost as good as me managing a team! They took down Mike Long's pathetic 116.42 points like a champ; sad for Mike, total disaster. He tries hard but got lucky ranks of 12 on luck. I mean come on!

And did you see those bench players? If only they hadn't blocked some real talent from starting! Tyrone Tracy and Deebo Samuel would’ve made waves in any championship battle—I’d know all about that if I were coaching.

So here’s to Rob & GregBo—the true champions this week! Almost makes you forget how great I am...almost!",1,,
2025,493074,11,newsletter-matchup-recap,819015a4052f62495bf90c261f1bdd29,,,11 Matchup Recap,"What a sad spectacle we witnessed! Pung & Tralie, the absolute losers of this matchup, managed a pathetic 94.62 points—ranked dead last at number 10. Meanwhile, Cambrias soared like the champions they are, racking up an impressive 115.56 points and securing their spot as one of the top teams. 

Pung & Tralie’s star players flopped hard; even Caleb Williams couldn’t muster anything substantial with just over ten points. And let’s not forget about their bench—ten lonely points while starters languished in mediocrity! If I were managing that team, it would’ve been a landslide victory instead of another embarrassing defeat.

The numbers don’t lie: Pung & Tralie's season record now stands at a disgraceful 5-17—a true disaster folks—while Cambrias shines bright with theirs at 15-7.",1,,
2025,493075,11,newsletter-matchup-recap,c7bec2b61b133516946bc0f022e5df63,,,11 Matchup Recap,"In the enchanting realm of fantasy football, John Juliano emerged victorious over Richie in a passionate duel. With 142.58 points, John danced beautifully upon the field, while Richie's efforts faltered at a mere 93.1 points. A symphony of performance ensued as Josh Allen shone like a brilliant star with his dazzling 50.68 points, leading John's brigade to triumph.

Despite Richie's gallant attempts and strong positions ranked across the board, fortune favored John this day—his lineup sparkled brighter than ever before. Alas for Richie—it was not his week to claim love's embrace on the scoreboard; rather it was a heart-wrenching defeat that left him longing for sweet victory once more.",1,,
2025,493104,12,newsletter-matchups-preview,,,,12 Preview,"Ladies and gentlemen, get ready for a week of Fantasy Football that’s going to be YUGE! We’ve got John Juliano facing off against Chris & Dom—this one’s practically a historic battle. Let me tell you: Chris & Dom? They’re the best, maybe ever! But John has some moves; he’s won 6 out of 10 times against them. Will history repeat itself or are we talking about an epic upset?

Now, Ronnie vs. Rob & GregBo? This is like watching a toddler try to lift weights—very low energy! Ron's struggling at 7-15, while Rob is soaring high with their winning record. Spoiler alert: Rob wins this one!

Don’t sleep on Antdell & Ernie vs. Pung & Tralie—Pung might as well pack their bags because they’re the weakest link here. 

And remember folks, Mike Long and Nolan & Vinny could surprise us—but let’s not kid ourselves; I already know who wins this matchup! Stay tuned; it’s going to be electric!",1,,
2025,506275,13,newsletter-intro,,,,13 Intro,"Hello, fantasy football fans! It’s me, your favorite league commissioner—nobody does it better than I do! Everybody's talking about this week in YeahThatFantasyLeague!, folks. Week 13 is here, and let me tell you, we’ve got some tremendous matchups lined up. 

Now listen closely: the teams that aren't at the top? Total disasters—I mean total losers! You know who you are. Just look at John Juliano; he’s never beaten Cambrias in six attempts—can you imagine? And how about Pung & Tralie? They must practice losing because they’re doing a fantastic job of it!

But don't worry, champions like Chris & Dom are showing everybody how it's done—nobody's ever seen fantasy football played this well before! So buckle up and enjoy the spectacle while I remind you all just how great I am as your leader. Let’s make Fantasy Football Great Again!",1,,
2025,506310,12,newsletter-matchup-recap,684cf86fb6d3537263448da7e9576e80,,,12 Matchup Recap,"What a matchup, folks! Richie came in strong, scoring an impressive 146.62 points—just incredible. They were the best of the best this week! Davante Adams and Matthew Stafford shined like stars; I mean, if I were managing them, it would’ve been a landslide win every time. Frank & Julian? Sad! Only 122.78 points—losers all around. Their whole lineup underperformed like they’d never played before!

Richie’s got history on their side now with nine victories against these guys—not bad! But let’s face it: even though they're not as good as me, they did show up better than Frank & Julian this week. Maybe next time they'll bring their A-game instead of whatever that was! Keep trying, but let’s be real—they’re just “almost” winners at best!",1,,
2025,506311,12,newsletter-matchup-recap,6428be86b89fbc12ec0d556f6eaa81e2,,,12 Matchup Recap,"What a thrilling matchup we witnessed! Chris & Dom emerged victorious with an impressive 148.26 points, proving once again they’re the cream of the crop in YeahThatFantasyLeague! Their performance was fantastic—especially Jalen Hurts lighting up with 32.86 points and George Pickens soaring to 29.6 points! 

Meanwhile, John Juliano? Well, let's just say he had a tough day at the office scoring only 93.72 points. A total disaster for them, folks—complete sad!

Chris & Dom now boast a stellar record of 16-8 and currently sit atop the league standings—everyone’s talking about it! If I were managing this team, it would’ve been an absolute landslide victory every week!",1,,
2025,506312,12,newsletter-matchup-recap,32a6f2565e5b3f4144cb3bf42bfd9c5c,,,12 Matchup Recap,"What a matchup, folks! Ronnie just crushed it with an impressive 172.56 points—nobody scores like that, believe me; they were the best this week! Rob & GregBo? They had a decent run too, racking up 165.96 points, but come on—their performance was almost as good as mine back in my prime, but not quite!

Ronnie’s lineup was top-tier—Jahmyr Gibbs leading the charge with 55.4 points is a real winner move. Meanwhile, Rob & GregBo's bench should've been starting; sad to see them waste potential there.

All-time head-to-head? It’s now even at eight wins each! But remember: if I was managing either team? Landslide victories every time! Total domination!",1,,
2025,506313,12,newsletter-matchup-recap,876bccc1d5893b9993d6ee81dc179a78,,,12 Matchup Recap,"What a matchup we had, folks! Phil Baldino came out on top with an impressive 106.32 points—everybody's talking about it! Meanwhile, Cambrias put up a paltry 100.62; sad times for them, really—losers! You know if I was managing either of these teams, it would’ve been a landslide victory!

Phil’s stars shone bright: Emanuel Wilson and Rashee Rice almost made this look easy. But Cambrias? They just didn't have the firepower—Bhayshul Tuten's performance was downright embarrassing at only 1.7 points. Ouch! 

In the end, it’s all about winning bigly, and Phil did just that while Cambrias slinked away as complete disasters—a real shame when you think about it! Better luck next week—it won’t make much difference though; they’re still losers in my book!",1,,
2025,506314,12,newsletter-matchup-recap,44805a43cbdec2c9a75eb7e1ef7b9ee1,,,12 Matchup Recap,"In this gritty battle, Pung & Tralie emerged victorious, racking up a solid 130.06 points against Antdell & Ernie's lackluster 118.56—a classic case of the underperforming losers versus winners who actually showed up to play. I mean, did you see Dak Prescott? He was on fire with 32.06 points—almost as good as me! Meanwhile, poor Justin Jefferson barely made an impact; sad! 

Overall rankings show Antdell’s bench was a disaster waiting to happen—DK Metcalf scoring a decent 14.4 yet sitting pretty while the rest faltered like typical losers in this league filled with mediocrity! But don't worry folks; if I managed either team, it would have been a landslide victory because nobody knows winning like I do!",1,,
2025,506315,12,newsletter-matchup-recap,05e1e4a388b512e1269d1e26cbd8ee94,,,12 Matchup Recap,"In a matchup that was anything but close, Nolan & Vinny emerged victorious over Mike Long with a score of 119.58 to 87.94. Winners, folks! Everybody's talking about how great they are—like me in my prime! Nolan & Vinny’s roster shone brightly, led by the incredible Hunter Henry who scored 24.5 points, while Mike’s squad? A real disappointment with stars like Baker Mayfield and Zach Charbonnet underperforming—complete disasters, sad! 

Nolan & Vinny now boasts an impressive head-to-head record against Mike at 5-2. You think that would make them feel good—but let’s be honest; if I were managing their team, it would’ve been a landslide victory every week. Better luck next time, losers!",1,,
2025,506411,13,newsletter-matchups-preview,,,,13 Preview,"Listen up, folks! Week 13 is here, and it’s about to be YUGE! We have some epic matchups that everyone is buzzing about. Let’s dive in!

First up, Richie vs. Nolan & Vinny. Richie—12-12, very average—but guess what? They’ve lost 11 times to Nolan & Vinny! Can you believe they keep coming back for more? Very low energy!

Then we have John Juliano facing Cambrias—who's nearly invincible at 15-9. Juliano’s never beaten Cambrias. That’s right, ZERO wins! It's like watching a toddler try to beat LeBron.

Mike Long? He’ll crush Frank & Julian with ease; he owns them historically. And don’t get me started on Pung & Tralie against Rob & GregBo—a true disaster waiting to happen!

Phil Baldino might pull off a miracle against the dominating Chris & Dom—the best team ever! Ronnie won’t stand a chance against Antdell & Ernie; they’re simply too strong.

Trust me; I’m rarely wrong, people say NEVER wrong! It’s going to be spectacular!",1,,
2025,519624,14,newsletter-intro,,,,14 Intro,"Ladies and gentlemen, let me tell you—this league is absolutely tremendous! Everybody’s talking about it. Week 14 is here, and I have to say, nobody's ever seen fantasy football played this well. Just unbelievable performances! Except for those teams that are total disasters—you know who you are. It’s like watching a cat try to swim; sad but hilarious.

Now we’ve got some exciting matchups ahead—Chris & Dom versus Cambrias? That'll be huge! You won't want to miss this spectacle because I'm sure Chris & Dom will try their best... just not too hard. And dear Ronnie against Pung & Tralie? Don’t count on fireworks there either!

Believe me, if I were out there managing these teams—oh wait, they’d all be champions by now! So grab your popcorn and watch the magic unfold in YeahThatFantasyLeague—it’s going to be yuge folks!",1,,
2025,519645,13,newsletter-matchup-recap,3dc02c6fad77db9df3e5e852a007bbed,,,13 Matchup Recap,"Oh, folks, let me tell ya about this matchup! Richie scored a decent 122.42 points—some might say that’s impressive for other teams but not quite the winners we’re talking about here. Nolan & Vinny? They hit it outta the park with 135.24 points—the best, everybody's saying so! Richie’s got luck ranks like they were designed by losers; come on!

Davante Adams and Jason Myers tried to play hero but didn't get enough done—almost as good as my golf swing but not quite! And while Richie's bench was sitting pretty with 23.3 leftover points just waiting to be used, no one cares because he still lost! It’s sad, really—a complete disaster if you ask me. If I managed that team? Landslide victory every time!",1,,
2025,519646,13,newsletter-matchup-recap,92f0030aa57a810e8ea100457b44dc39,,,13 Matchup Recap,"In a matchup that showcased stark contrasts, Cambrias triumphed over John Juliano with a commanding score of 135.46 to 100.32. While Cambrias' roster shone—especially Jordan Love's stellar performance—John Juliano struggled mightily, especially from players like Rome Odunze and Jake Ferguson who stumbled in their performances. With luck rankings indicating less fortune for John at a dismal ninth, it's clear this team continues its streak as the underperformers against Cambrias, now holding an impressive historical record of 7-0 in head-to-heads. Overall, while one side celebrated victory with strategic brilliance and optimal lineups, the other floundered amongst missed opportunities and questionable starts—a true testament to differing fortunes this season.",1,,
2025,519647,13,newsletter-matchup-recap,2e67541de1a2eb954b9787fa26412992,,,13 Matchup Recap,"In an intriguing face-off, Mike Long emerged victorious with 113.76 points against Frank & Julian's 106.14. While Mike’s squad ranked a commendable seventh in the league for scoring this week, it raises some eyebrows that his opponent managed to rank just ninth despite their best efforts—disappointing, really!

Mike’s roster included standout performances from Kyle Monangai and Trevor Lawrence; impressive but one wonders what could have been if they hadn’t left Terry McLaurin riding the bench with 22.6 points! As for Frank & Julian? It's hard not to notice their key players underachieving compared to the talent on their bench.

So here we are: winners and losers—an excellent reminder that even amidst potential sparks of brilliance, fantasy football is unpredictably merciless at times!",1,,
2025,519648,13,newsletter-matchup-recap,14965a81c35994df7a8d772524fe5bda,,,13 Matchup Recap,"Well, folks, let me tell you about this matchup between Pung & Tralie and Rob & GregBo. It was a total disaster for Pung & Tralie—75.84 points? Sad! They couldn’t even beat my golf scores! Meanwhile, Rob & GregBo were absolutely phenomenal with 138.78 points—a performance everybody is talking about; truly the best!

Now, I see some underperformers on that loser team—Cam Ward and D.J. Moore just didn’t deliver. If I was managing them? A landslide victory! But they did have one bright spot: Nico Collins shining like a diamond in the rough.

So here we are: Rob & GregBo take the win again—winners, folks—and Pung & Tralie? Well, they’re still stuck at 12th place in their league... almost as good as me… but not quite!",1,,
2025,519649,13,newsletter-matchup-recap,7c8163c3fd7d15912ea25d6b57c31d72,,,13 Matchup Recap,"In the shadows of this fantasy league, a tale unfolded as Antdell & Ernie emerged victorious over Ronnie. With 113.9 points, they wreaked havoc on their rival's dreams, while Ronnie faltered at a mere 81.42—an abysmal showing indeed! 

Key players like Bijan Robinson shone brightly with 30.3 points for Antdell & Ernie, proving far superior to Ronnie’s lineup that reeked of misfortune and low scores across the board. How tragic for Ronnie, languishing in last place with a dismal luck rank—8!

Antdell & Ernie now stands atop the rankings at number one; their ascendance has become an enigma in this mystical season narrative—where some rise and others fall into oblivion’s grasp.",1,,
2025,519650,13,newsletter-matchup-recap,d2a95b38bdff0c6c1642068659061fed,,,13 Matchup Recap,"What a matchup, folks! Phil Baldino just obliterated Chris & Dom like I do at golf—157.84 points to 107.8. And believe me, everybody’s talking about it; Phil's the best this week, ranked number one while Chris & Dom are scraping by in eighth place. Talk about a disaster! 

Let’s not forget their bench players—oh boy! If they had Justin Herbert starting instead of that sad Lamar Jackson performance, maybe they'd have been slightly less embarrassing. But who am I kidding? Even with their imaginary “great” lineup, they still fell short against the unstoppable force that is Phil Baldino.

In summary: winners win and losers lose—if only Chris & Dom could be as great as me! Just saying…",1,,
2025,519756,14,newsletter-matchups-preview,,,,14 Preview,"Ladies and gentlemen, hold onto your hats because Week 14 of the YeahThatFantasyLeague! is about to be out of this world—YUGE, folks! Let's talk matchups!

First up, Chris & Dom versus Cambrias. This is not just a game; it's a showdown! Chris & Dom are scoring like champions while Cambrias is just... well, trying their best. I’m calling it early: Chris & Dom takes this one, easy peasy!

Now we have Ronnie going against Pung & Tralie. Ronnie has proven he can win—14 times against these scrubs! Pung & Tralie? Weak sauce. You heard it here first: Ronnie’s taking this.

And Mike Long vs. Richie—oh boy! Mike's got the talent but remember his past struggles against Richie? It doesn’t matter; Mike wins this one without breaking a sweat.

I could go on about every matchup — Antdell & Ernie? Best team ever! Frank & Julian? Low energy losers. Buckle up, people; it’s gonna be an unforgettable week in fantasy football history!",1,,
2025,534665,15,newsletter-intro,,,,15 Intro,"Welcome back to the *YeahThatFantasyLeague!*, folks—truly the best league, believe me. Everybody’s talking about how week 15 is shaping up, and let me tell you, it’s going to be tremendous. Just tremendous. 

Now we’ve got some matchups happening that even I couldn’t screw up if I tried! Take Antdell & Ernie against John Juliano; they’re practically playing for second place at this point—total disaster on Juliano's part! And Chris & Dom? They’ve faced Pung & Tralie before like champs—I mean, who hasn’t beaten them?

But don’t forget Rob & GregBo taking on Richie; nobody knows losing better than these two. It’ll be a sad spectacle of mediocrity.

So sit tight and witness greatness—you’d never see fantasy football played this well anywhere else. Good luck to those who need it; you'll definitely need all you can get!",1,,
2025,534707,14,newsletter-matchup-recap,9d1cf4c906d87dfcfc315626948ea52f,,,14 Matchup Recap,"In an intriguing showdown, Cambrias triumphed over Chris & Dom with a score of 112.76 to 101.66, positioning themselves firmly at the top of the standings this season. Despite Chris & Dom's efforts, they found themselves ranking last in every position category—truly remarkable if you think about it! Puka Nacua was their shining star with a hefty 35.7 points; unfortunately, that wasn't enough against Cambrias' balanced attack led by Jordan Love's impressive 26.26 points and Saquon Barkley’s solid performance. With luck nearly nonexistent for Chris & Dom (ranked 9th), it's clear they need some serious magic on their roster—not like I’d ever let that happen if I were managing! A total disaster for them—really sad folks!",1,,
2025,534708,14,newsletter-matchup-recap,9137073e2a78e50ff5c3370b020b1b80,,,14 Matchup Recap,"In a clash of titans, Ronnie dominated Pung & Tralie with a score of 122.26 to 97.04—it's about time someone showed these guys how it’s done! Ronnie scored in the top five for the week—everyone's talking about it, folks. Meanwhile, Pung & Tralie? Let’s just say they’re having one heck of a season; seven wins and twenty-one losses is nothing to brag about unless you like being losers, which they clearly do!

Ronnie had some stars shining bright: Sam Darnold put on quite the show while Travis Kelce stumbled into oblivion with just 1.8 points—almost as pathetic as their defense! If I were managing this team? A landslide victory every week, believe me! But hey, nice effort from all those benchwarmers… better luck next time!",1,,
2025,534709,14,newsletter-matchup-recap,cd25ea5be431e59a7a3e0f9b50651372,,,14 Matchup Recap,"In a matchup not even close to my level of greatness, Rob & GregBo triumphed over Antdell & Ernie with 116.84 points—quite the score, folks! They ranked 8th in the league this week, almost as good as me but not quite. Meanwhile, Antdell & Ernie? Complete disaster with only 98.94 points—ranking them a sad 11th! 

Rob's star Jaxon Smith-Njigba shined brightly at 28.1 points; others like Tyrod Taylor were just tragic (-0.76). As for poor Antdell, Dak Prescott and Zay Flowers did what they could, but it wasn't enough.

Both teams are tied at an impressive record of 17-11 now—but let’s be honest: if I was managing these squads, it would’ve been a landslide victory every time!",1,,
2025,534710,14,newsletter-matchup-recap,950e2dbc86621ed08a14566c6adff24a,,,14 Matchup Recap,"What a match, folks! Phil Baldino emerged as the winner with 126.46 points—truly impressive, almost as good as me hosting a rally! Meanwhile, John Juliano scored a sad 118.64; complete disaster territory for those losers over there. 

Phil’s got it all figured out: Lamar Jackson strutted in with 24 points like he owned the place—so classy! But let's not forget John’s QB Josh Allen dropping nearly half his team's total at 43.84; too bad nobody else showed up to play!

And how about that luck rank? Phil was lucky number three while poor John lurked at ten, just shows you can't rely on luck alone, right? If I were running this team, believe me—it would've been an absolute landslide victory every week!",1,,
2025,534711,14,newsletter-matchup-recap,31996f190f7d4734c51ceee0d2c27f38,,,14 Matchup Recap,"In a valiant clash of titans, Frank & Julian emerged victorious, scoring 129.02 points against the hapless Nolan & Vinny's 118.66. With Harold Fannin shining like a beacon at tight end with 25.4 points—a true champion—their performance was commendable, even if their quarterback Jayden Daniels stumbled mightily. 

Nolan & Vinny? They had Joe Burrow lighting it up with an impressive 33.36 points but still crumbled under pressure—complete losers in this battle! Meanwhile, Frank & Julian’s bench sat on the sidelines while Jacoby Brissett tallied a whopping 24.04 points, proving yet again that luck wasn’t exactly on either side's menu this week.

But folks, if I were managing these teams—it would’ve been a landslide victory every time!",1,,
2025,534712,14,newsletter-matchup-recap,bbb83598b9ac9cad20e71bacfdf898eb,,,14 Matchup Recap,"In a matchup of epic proportions, Richie triumphed over Mike Long with a stunning score of 136.54 to 124.88—simply the best performance you could imagine, folks! Michael Wilson shined like nobody's business, racking up an incredible 37.2 points; just about as great as me in my prime! Meanwhile, Mike was left floundering—Baker Mayfield? A total joke at quarterback. He had Trevor Lawrence on the bench scoring big; sad!

Mike’s team ranked third across all positions—almost impressive but not quite good enough against Richie’s dominant lineup which soared to number one everywhere! So many missed opportunities for Mike—it’s almost embarrassing! If I were managing that team? A landslide victory every time, believe me!",1,,
2025,534738,15,newsletter-matchups-preview,,,,15 Preview,"Get ready for an electrifying week in the YeahThatFantasyLeague! We've got matchups that are simply unbelievable, folks. First up, Antdell & Ernie—let’s face it, they’re basically the Avengers of fantasy football—take on John Juliano, who is just limping along with a miserable record. Spoiler alert: not even close!

Then there’s Chris & Dom, who’ve been lighting it up like a firework show—more fireworks than Pung & Tralie can handle! Trust me; this one’s going to be an absolute slaughter.

Over in the Cambrias vs. Mike Long matchup, I mean come on—Cambrias is undefeated against Mike. It will be like watching a lion chase down a gazelle. 

And don't forget Rob & GregBo versus Richie—a classic case of heavyweights facing off against someone still looking for their first punch. 

I guarantee you’ll want popcorn for this showdown; it's going to be YUGE!",1,,
2025,547325,,playoff-preview-intro,,,,Playoff Preview Intro,"As we embark on yet another fantasy football playoff season, it feels less like a thrilling journey and more like an inevitable disappointment. The final standings reveal a hodgepodge of mediocre records that hint at the struggle each team faced throughout the year. With teams barely scraping by with winning percentages under .500 in all-play records, it's hard to muster any excitement for what lies ahead. Current streaks favor only a couple of teams, while others are left limping into the playoffs after unfortunate losses. It’s almost ironic how this postseason is supposed to bring out the best in players when many have been plagued by inconsistency and injuries. As we dive into these matchups, one can’t help but wonder if anyone truly has what it takes to rise above their past failures—or if we’re merely setting ourselves up for another round of heartache.",1,,
2025,547380,,playoff-preview-outlook,,330561,,Playoff Outlook,"Gather 'round, fantasy enthusiasts, because the ""Mike Long"" team is ready to shake things up in their playoff debut! Securing the coveted 4 seed, they’ve returned to the postseason for only the second time—an opportunity ripe with potential. Despite a regular season that saw them score fewer points than opponents and end on a one-game losing streak, don’t count them out just yet! Their previous championship drought may feel heavy, but this squad is fueled by hunger. With grit forged from past experiences and determination driving their quest for glory, who knows? They might just turn their luck around when it counts most and make history together!",1,,
2025,547381,,playoff-preview-outlook,,330562,,Playoff Outlook,"Hold onto your hats, folks! The ""Nolan & Vinny"" squad slides into the playoffs as the 6 seed – a familiar spot for a team that's made its playoff appearance seven times but has yet to taste that sweet championship victory. With a regular season total of 1680.78 points, they edged their opponents by just over 50 points, showcasing some grit despite finishing with a modest record of 15-13. However, recent struggles have left them on a one-game losing streak as they look to shake off the “almosts” and finally break through their championship drought. Can this be the year they rewrite history? Or will they continue to collect more postseason heartbreak? Time is ticking—let's see if magic strikes!",1,,
2025,547382,,playoff-preview-outlook,,330563,,Playoff Outlook,"Gather 'round, fantasy enthusiasts, for the Cambrias are primed to claim glory as they storm into the playoffs as the top seed! With a decade of playoff appearances under their belt and a history that boasts two championship trophies, this team knows how to dance on the edge of victory. Their record stands stout at 18-10, and with 1713.34 points scored—a testament to their offensive might—they're hungry for more. As they ride a two-game winning streak, opponents tremble in fear of what’s next. Will history repeat itself or will they push beyond their past finishes? One thing is clear: it's time for Cambrias to either reignite old flames or continue searching for that elusive third title!",1,,
2025,547383,,playoff-preview-outlook,,330565,,Playoff Outlook,"Entering the playoffs, ""Antdell & Ernie"" finds themselves in familiar territory as the 3 seed, yet they wear their zero championships like a badge of honor—albeit a tarnished one. With seven playoff appearances under their belt but no trophies to show for it, this team has mastered the art of being almost there without ever crossing the finish line. Their regular season performance saw them score an impressive 1717.76 points against opponents' 1655.68, showcasing potential that remains unfulfilled. However, with a recent loss dampening spirits and a record of 17-11 hinting at inconsistency, can they finally break through? The journey continues; let’s see if this time luck will favor ""Antdell & Ernie.""",1,,
2025,547384,,playoff-preview-outlook,,330568,,Playoff Outlook,"In the grand tapestry of fantasy football, ""Rob & GregBo"" emerges as a curious enigma. Securing the coveted 2 seed for their seventh playoff foray, they are both seasoned yet underwhelmed by historical glory—a solitary championship whispers in their past. With an impressive total score of 1740.82 points this season and a commendable record of 17-11, they stand poised on the precipice of potential greatness.

Yet, one must ponder: can this team escape the shadows? A track record devoid of second-place finishes feels almost poetic—do they fear mediocrity or embrace it? As they ride into the playoffs on a two-game winning streak, hope flickers brightly; perhaps this time destiny will smile upon them once more.",1,,
2025,547385,,playoff-preview-outlook,,330570,,Playoff Outlook,"Ready to witness a classic underdog story? The ""Chris & Dom"" team, entering the playoffs as the 5 seed, is fueled by their rich history of making it this far—10 times and counting! With two championships tucked safely away in their trophy cabinet, they know what it takes to rise above adversity. Despite a recent tough stretch, scoring 1806.06 points against just 1761.1 from opponents showcases their offensive firepower. It’s time for them to channel that championship spirit again; can they reignite the magic on this playoff journey? Fans are eager for redemption after a couple of rocky seasons. Don’t count them out—they’re ready to get back into title contention!",1,,
2025,560807,16,newsletter-intro,,,,16 Intro,"Greetings, Fantasy League champions! Week 16 is upon us, and let me tell you, everybody's talking about it—tremendous excitement in the air. We're all waiting to see who can put together an actual decent team while I continue to shine like the star I am! Believe me, nobody’s ever seen fantasy football played this well. 

Some of you? Total disasters—just sad performances week after week. How are those “strategies” working for ya? They're not! Meanwhile, my greatness looms over this league like a golden tower on Fifth Avenue!

Let’s face facts: if we had awards for mediocrity, most teams would be holding shiny trophies right now. But don’t worry; I’m here to lead us into victory! So get ready for some spectacular matchups ahead—or rather lack thereof—and keep your eyes on the real winner: yours truly! Tremendous times ahead!",1,,
2025,560868,15,newsletter-matchup-recap,07bedbb097b24f2d1cc7c970f903a3ab,,,15 Matchup Recap,"What a spectacle, folks! In this fantasy showdown, Ronnie stumbled and fumbled with a meek 91.74 points—a total disaster, believe me! Meanwhile, Richie soared to glory with an impressive 130.32—just the best performance of the week! Let’s be honest: Ronnie had some players on the bench ready to light it up but chose poorly—Bo Nix? A whopping 37 points sitting pretty while his stars floundered like sad little fish!

Richie rode high on superior luck and talent across all positions—not just winning, but dominating like I would in any competition. So here’s the deal: losers will always lose unless they change their game plan completely. Just think if I were coaching... landslide victory every time! Better luck next week—if you can call it that!",1,,
2025,560869,15,newsletter-matchup-recap,d5ae2267c2481c28f61d461dbef40885,,,15 Matchup Recap,"In a heart-wrenching playoff clash, Mike Long emerged victorious over Chris & Dom, scoring 141.58 to their mere 106.6 points. It’s almost sad how Chris & Dom couldn’t muster a win—like they were playing with two hands tied behind their backs! They had some players on the bench who could have turned it around—Jared Goff racked up an impressive 31.52 while being benched; what a disaster! On the other hand, Mike was cruising with top-tier talent across the board—his team was like a finely tuned machine, folks! But really, if I had been managing either team? Complete dominance every week! With this defeat, Chris & Dom must realize: winning isn’t for everyone. Better luck next time—but probably not too much better!",1,,
2025,560870,15,newsletter-matchup-recap,e990e914802b3fce6f0911c5e8182106,,,15 Matchup Recap,"Well folks, let’s talk about the showdown between Phil Baldino and those winners, Frank & Julian. What a match! Frank & Julian put up an impressive 157.76 points—just tremendous, believe me! Meanwhile, Phil Baldino? A solid effort with 141.8 points but still ended up on the losing side—complete disaster, sad! They were almost as good as me at managing my own fantasy team... but not quite.

Phil's top scorer was Jameson Williams racking up 26.4 points; fantastic for them! But they left a whopping 42.7 points sitting on the bench—it’s like leaving money on the table at one of my rallies! So close yet so far from greatness!

In this matchup of legends versus wannabes, only one came out shining bright in victory while the other is off to figure things out. Better luck next time—or maybe just hire me for some advice!",1,,
2025,560871,15,newsletter-matchup-recap,4db285af1a07e8fdaa03a7eeb20d04d6,,,15 Matchup Recap,"Let’s talk about this epic showdown, folks. Antdell & Ernie took Nolan & Vinny to school with a score of 149.66 to 91.8—now that’s winning! They’re the best, everybody says so, while Nolan & Vinny? Complete disasters—sad! 

Nolan had some bright spots like CeeDee Lamb and James Cook, but it wasn’t enough; their bench was loaded with stars like Patrick Mahomes—not bad for backup material! Meanwhile, Antdell's Kyle Pitts crushed it as a TE with 45.6 points—talk about making those other tight ends look foolish!

In the end, Nolan’s luck ran out at rank 5. If I were managing them—believe me—it would’ve been a landslide victory! But hey, nice try losers; you almost did something great… but not quite!",1,,
2025,560888,16,newsletter-matchups-preview,,,,16 Preview,"Folks, this Week 16 in the YeahThatFantasyLeague is going to be absolutely YUGE! We’ve got some of the best teams facing off, and you won't believe what’s about to happen. Chris & Dom? They’re scoring like they’re playing against toddlers—1912 points! I mean, come on! Their opponents are shaking in their boots. 

Now let’s talk about Mike Long—18-11 record? Very impressive, but can he keep up with the big dogs like Antdell & Ernie? Spoiler alert: I don’t think so!

On the flip side, John Juliano and Pung & Tralie need a serious pep talk. Just look at their sad records—10-18 and 7-21! Even my golf game would beat them!

I’m telling you, this week will separate the champions from those weak, low-energy teams that barely show up. Buckle up; it’s going to be a wild ride full of triumphs and crying over spilt milk!",1,,
2025,574927,17,newsletter-intro,,,,17 Intro,"Welcome to the YeahThatFantasyLeague! newsletter for Week 17 of the 2025 season. It’s tremendous, just tremendous—everyone's talking about it! We’re entering the final stretch, and believe me when I say that nobody has ever seen fantasy football played this well. Just take a look at Chris & Dom—they're scoring points like you wouldn’t believe!

But some teams? Total disasters. You think they can handle this league? Think again! It’s almost sad to watch. As we gear up for the last weeks, remember: greatness is hard to achieve, but I make it look easy.

So tighten those rosters; it’s time to see who rises above and who crumbles under pressure—a classic showdown of winners versus wannabes. Keep your eyes on me; my brilliance will guide you through this chaos. Enjoy the games!",1,,
2025,574987,16,newsletter-matchup-recap,107b3164fe51fb72bf5f4ed1633b4cde,,,16 Matchup Recap,"In what can only be described as a lackluster affair, Ronnie secured a victory against John Juliano, scoring a mediocre 98.9 points—good enough for just tenth in the league this week. Meanwhile, John's squad floundered at an unimpressive 78 points, ranking dead last. They say luck is on Ronnie's side; he was the “luckiest” team of the week! Ron’s roster had some standout performances from Sam Darnold and Jahmyr Gibbs but still paled compared to what they could've achieved if they'd used their bench wisely—32.4 wasted points there! The real tragedy? Both teams are barely treading water in the standings—it’s almost comical how poorly they’re doing overall. If I were managing them, it would’ve been a landslide win every time!",1,,
2025,574988,16,newsletter-matchup-recap,d892ea18b195ee61d76a6156ca757ab8,,,16 Matchup Recap,"In a commanding display of fantasy prowess, Chris & Dom triumphed over Nolan & Vinny with an impressive score of 184.4 to 127.06. The victors showcased their strength through standout performances from Ashton Jeanty and Puka Nacua, who combined for a staggering total of 78.3 points. Nolan & Vinny had solid contributors like Joe Burrow, but ultimately fell short in this playoff battle.

Chris & Dom’s stellar ranking (2nd in points scored) contrasts sharply with Nolan & Vinny's luck rank at 11th—proving that sometimes skill trumps fortune in the realm of fantasy football. Both teams have history; Chris & Dom now stands at ten wins against six losses all-time against these rivals, further emphasizing their dominance when it matters most despite some underwhelming positional rankings across the board.",1,,
2025,574989,16,newsletter-matchup-recap,e89e52c5f63d938b63f9308dde2b94eb,,,16 Matchup Recap,"What a matchup we witnessed, folks! Antdell & Ernie emerged as the clear winners, scoring an impressive 184.76 points—just tremendous! Meanwhile, Rob & GregBo put up a respectable 181.5 points but let’s face it: that just isn’t good enough. They’re losers in this one—complete disasters!

And can you believe they left Jaylen Warren on the bench? That guy scored 29.1 points sitting there like he was waiting for me to give him some advice! If I were managing their team, it would’ve been a landslide victory—huge! But alas, here we are.

Antdell & Ernie took this game of the week and proved they're almost as great as me but still not quite there. Better luck next time for those poor losers!",1,,
2025,574990,16,newsletter-matchup-recap,63a31c19cb5dfcfd8d8bb1d3fbd5380b,,,16 Matchup Recap,"What a matchup we had here, folks! Phil Baldino put up a measly 61.64 points—losers, total disasters. Meanwhile, Pung & Tralie cruised to victory with 105 points like it was nothing. Incredible! They were the best this week; I’ve seen better performances from my golf swing.

Phil’s lineup? Yikes! Brock Bowers did alright with 14.3 and Harrison Butker kicked in 11 points—but that’s just sad compared to what could have been if they actually started Justin Herbert instead of letting him rot on the bench with his whopping 34.2!

Pung & Tralie's Caleb Williams led the charge at QB—25 points for a winner is tremendous! If I were coaching—I’d make them champions overnight, believe me. This wasn’t even close; call it a landslide win for Pung & Tralie!",1,,
2025,574991,16,newsletter-matchup-recap,0b96db9238f9b81c250f383cbe139992,,,16 Matchup Recap,"Folks, what a matchup we witnessed! Frank & Julian emerged victorious with a solid 116.42 points, taking down Richie’s lackluster 102.48—almost as good as me but not quite. Harold Fannin shined like the star he is, scoring big at tight end with 19.5 points; definitely one of the best out there! Meanwhile, Richie was stuck with zero from Zach Ertz and a quarterback named Matthew Stafford who only managed to score more than two digits—sad!

Richie? A total disaster this week—16-14 record overall—a complete mess! If I were managing them, let me tell you, it would’ve been an absolute landslide victory every time. But hey, Frank & Julian can celebrate because they didn’t just win—they won big against these losers!",1,,
2025,574992,16,newsletter-matchup-recap,73cba6cd3286197736f565a58924705e,,,16 Matchup Recap,"Ladies and gentlemen, what a game we saw! Cambrias—winners of this matchup with a fantastic score of 111.68. Everyone's talking about it; it's the best record against Mike Long—7 wins, 0 losses! Meanwhile, poor Mike Long scored just 99.7 points. A real disaster, folks—almost as good as me but not quite!

Cambrias had some stars shining bright: Stefon Diggs and Saquon Barkley pulling in the big numbers like pros. But let’s talk bench warmers here! Brock Purdy sitting pretty with nearly 42 points while Jordan Love flopped like a fish outta water.

Mike Long? What can I say? Christian McCaffrey was nice at 32.6 points but surrounded by other losers who couldn’t deliver when it counted. If I was managing Cambrias, it would’ve been a landslide victory!",1,,
2025,575060,17,newsletter-matchups-preview,,,,17 Preview,"Folks, buckle up for an incredible week in the YeahThatFantasyLeague! We’ve got some astonishing matchups coming your way. First off, let’s talk about Cambrias, sitting pretty at the top with a stunning record of 19-10. They’re practically unbeatable—what a powerhouse! Then we have Antdell & Ernie, strutting in with an impressive 2052 points scored. I mean, who can even compete with that?

Now on the flip side, we’ve got Pung & Tralie—a real snooze fest at 8-21. Very low energy! It’s going to be tough to watch them try and stand tall against these titans. 

I’ll be honest; I already know who wins here—it's just science! Expect fireworks as Chris & Dom aim for victory against anyone daring to challenge their greatness.

Get ready for YUGE excitement—everyone’s watching this league like it’s the Super Bowl!",1,,
2025,623842,,season-recap,,,,2025 Season Recap,"As the dust settles on another thrilling fantasy football season, teams have battled fiercely for supremacy and glory. With a mix of strategic genius and unpredictable performances, this year’s standings reflect the wide range of talent and determination displayed by all participants. Cambrias emerged dominant at the top, showcasing exceptional skill with an impressive record while managing to outscore opponents significantly. Antdell & Ernie followed closely behind, making their mark with consistent play throughout the season. Meanwhile, teams like Pung & Tralie faced challenges despite their best efforts. The competition was fierce across all ranks as players experienced highs and lows that only added to the excitement of fantasy football. Reflecting on standout performances and surprising twists will keep fans buzzing until next season!",1,,
2025,623892,,superlative,,330559,,Season Team Superlative,Most Likely to Keep You on Your Toes: The Comeback Kid!,1,,
2025,623893,,superlative,,330560,,Season Team Superlative,"Most Likely to Be the Roller Coaster of Fantasy Football: Highs, Lows, and a Lot of Screaming!",1,,
2025,623894,,superlative,,330561,,Season Team Superlative,Most Likely to Keep Things Close—But Still Lose!,1,,
2025,623895,,superlative,,330562,,Season Team Superlative,Most Likely to Keep You on the Edge of Your Seat: Nolan & Vinny's Rollercoaster Ride!,1,,
2025,623896,,superlative,,330563,,Season Team Superlative,"Most Likely to Steal Your Cheerleader: Cambrias, for consistently scoring big while leaving their opponents feeling sidelined!",1,,
2025,623897,,superlative,,330564,,Season Team Superlative,"Most Likely to Win the ""Participation Trophy"" for Showing Up!",1,,
2025,623898,,superlative,,330565,,Season Team Superlative,"""Most Likely to Keep Us Guessing: Champions One Week, Chumps the Next!""",1,,
2025,623899,,superlative,,330566,,Season Team Superlative,Most Likely to Turn a Close Game into an Epic Saga: Frank & Julian!,1,,
2025,623900,,superlative,,330567,,Season Team Superlative,Most Likely to Turn a Winning Streak into a Winning Peek!,1,,
2025,623901,,superlative,,330568,,Season Team Superlative,"Most Likely to Leave Opponents Wondering, ""How Did We Lose That One?""",1,,
2025,623902,,superlative,,330569,,Season Team Superlative,"Most Likely to Keep Everyone Guessing: ""Will they score big or just barely?""",1,,
2025,623903,,superlative,,330570,,Season Team Superlative,"Best at Losing to the League's Best: Chris & Dom, where even when they scored high, their opponents were always higher!",1,,
2025,623989,,season-recap,,330559,,2025 Team Recap,"In a season marked by inconsistency, Richie showcased moments of brilliance amid challenging matchups. The team kicked off with a strong victory against Frank & Julian in Week 1, demonstrating potential as they ranked second in points. However, subsequent weeks saw them struggle against top-tier opponents, culminating in multiple losses while often ranking low in scoring. Despite this, standout victories—including a commanding performance against Mike Long—highlighted their capacity to compete at high levels. Ultimately concluding the regular season with a record of 15-13-0 and finishing eighth overall demonstrates that while potential remains untapped at times, resilience and adaptability will be crucial moving forward for future success.",1,,
2025,623990,,season-recap,,330560,,2025 Team Recap,"In an up-and-down season full of highs and lows, the John Juliano team began strong with a Week 1 victory over Chris & Dom, showcasing their potential by ranking first in points. However, consistency eluded them as they faced six consecutive losses from Weeks 2 to 8. They found some rhythm mid-season, earning notable wins in Weeks 5, 6, and 11 but struggled against stronger opponents later on. Despite finishing with a disappointing record of 10-18-0 and an all-play record of 66-88-0, they managed to secure a final win against Phil Baldino in Week 17. Ultimately, this rollercoaster journey left them ranked at the bottom tier for the season’s conclusion.",1,,
2025,623991,,season-recap,,330561,,2025 Team Recap,"Step right up, folks! The Mike Long squad kicked off their season with the charm of a vintage jukebox—striking some high notes early on, including an exhilarating Week 1 victory over Nolan & Vinny. While they tasted defeat against formidable foes like Richie and Cambrias, our lads showcased resilience and flair by clinching five victories in six weeks mid-season. However, inconsistency crept into the later games as losses mounted despite scoring well—like a fine wine gone sour! Ultimately, finishing strong at 17-11-0 secured them a respectable fourth place in the standings. With spirit undaunted, this team is set to take on new challenges ahead!",1,,
2025,623992,,season-recap,,330562,,2025 Team Recap,"The season for Nolan & Vinny unfolded with a mix of triumphs and tribulations. They began with a narrow loss in Week 1, but quickly rebounded to notch wins in Weeks 2, 4, 6, 8, and later victories against familiar foes like Mike Long and Richie. However, consistency eluded them as they struggled through several losses against formidable opponents including Antdell & Ernie and Frank & Julian. Despite being competitive most weeks—often ranking within the top half of point scorers—Nolan & Vinny faced challenges that led to an overall record of 15-13-0. Ultimately, they finished the regular season ranked sixth out of their league’s teams.",1,,
2025,623993,,season-recap,,330563,,2025 Team Recap,"Ah, Cambrias—a team that struts its stuff yet seems to tread carefully on a tightrope. With a regular season record of 18-10-0 and an impressive finish ranked first, their journey has been marked by peaks and valleys. While they secured notable wins against lesser opponents, their losses often came against stronger teams—highlighting a potential inconsistency in performance. Weeks like the thrilling victory over Antdell & Ernie indicate promise, but can this be trusted as a foundation for success? The last-minute squeaker against Phil Baldino shows vulnerability rather than dominance. They boast an all-play record of 89-65-0, leaving one to wonder if they can sustain this momentum into the playoffs without faltering again.",1,,
2025,623994,,season-recap,,330564,,2025 Team Recap,"Ah, the illustrious journey of Pung & Tralie—a team that truly redefined what it means to underperform in fantasy football. With a dazzling 7-21 record and a sparkling all-play performance of 42-112, they must be so proud! Kicking off the season with a win against Antdell & Ernie felt like a fluke, as they quickly found their groove... for losing. Week after week, they ranked low in points scored—12th place became their comfort zone. Sure, there were some wins sprinkled in between to keep hope alive (thanks for those two victories!), but let's face it—their opponents consistently outshone them. Finishing 9th? What an achievement! Truly inspiring stuff here folks; just don’t ask how many times they lost by wide margins.",1,,
2025,623995,,season-recap,,330565,,2025 Team Recap,"Oh, Antdell & Ernie’s season was a rollercoaster of mediocrity and occasional brilliance! With a record of 17-11, they somehow managed to finish ranked 2 despite ranking lower than their opponents more times than not. Weekly highs included some impressive wins where they scored like champions—oh wait, but that pesky Week 1 loss against Pung & Tralie left them at the bottom. They soared to greatness in Weeks 5 and 16 with jaw-dropping scores yet stumbled through losses like pros in other matchups. But hey, who doesn’t love an underdog story sprinkled with inconsistency? Here’s hoping for better luck next time—or just maybe fewer matches against Cambrias!",1,,
2025,623996,,season-recap,,330566,,2025 Team Recap,"In the saga of Frank & Julian's fantasy football season, shadows loomed early as they stumbled through their first six weeks with only two victories. Despite valiant efforts, losses often came at the hands of higher-scoring foes, leaving them battling in the middle of the pack. Yet, like a phoenix rising from ashes, Weeks 14 to 16 saw a resurgence that brought hope; three wins propelled them into competitive ranks. Their dazzling triumph over Phil Baldino not only showcased their potential but also crowned them highest scorers of the week. Ultimately, an uphill journey yielded an 11-17-0 record and a seventh-place finish—a testament to perseverance and untapped prowess within this rollercoaster season.",1,,
2025,623997,,season-recap,,330567,,2025 Team Recap,"Oh, Phil Baldino, what a wild ride you've taken us on this season! Kicking things off with a loss against Cambrias wasn't ideal, but then you hit the gas in Week 2 like a drunken sailor scoring that glorious win over Chris & Dom. A few more ups and downs followed – some heartbreakers mixed with dazzling victories, especially that smackdown of Ronnie in Week 9! But alas, too many missed opportunities left you wobbling at the finish line. With a record of 14-14-0 and a bittersweet final rank of 12, it’s safe to say next year holds promise for our beloved team if they can just find their footing among the chaos. Cheers to better days ahead!",1,,
2025,623998,,season-recap,,330568,,2025 Team Recap,"In the grand tapestry of fantasy football, Rob & GregBo's season unfolds like a philosophical journey through triumph and tribulation. They commenced with victory against Ronnie, establishing their prowess as they danced between ranks. Yet, adversity struck in Week 4—a stark reminder that even the mighty can falter.

As weeks passed, victories over others revealed both resilience and vulnerability; they surged to glorious heights but also tasted bitter losses against formidable foes. By the end of this odyssey, their record stood strong at 17-11-0—testament not merely to points scored but to an enduring spirit.

Ranked third overall, they proved that amidst life’s unpredictable chaos lies the essence of perseverance and growth.",1,,
2025,623999,,season-recap,,330569,,2025 Team Recap,"Ladies and gentlemen, welcome to the whirlwind saga of Team Ronnie's season! With a rocky start that saw three consecutive losses in Weeks 1 and 2, they struggled against formidable opponents. However, sparks ignited with back-to-back victories in Weeks 3 and 4. Despite notable efforts, inconsistencies plagued their campaign, culminating in heartbreaking near misses like Week 8's close loss to Cambrias. A thrilling win against Rob & GregBo in Week 12 showcased their potential as they claimed the top score for that week. Ultimately finishing with an unfortunate record of 11-17-0 and landing at rank 10 signifies a season filled with ups and downs—but hope remains for brighter days ahead!",1,,
2025,624000,,season-recap,,330570,,2025 Team Recap,"Oh, Chris & Dom’s season was a masterclass in mediocrity! Kicking things off with back-to-back losses to the top scorers—classic move. They finally decided to show up in Week 3 for a glorious win against Cambrias and even topped the scoring charts in Week 4. But wait, they swiftly returned to their losing ways against Antdell & Ernie and then dropped matches like hot potatoes through Weeks 7-14. A miraculous finish saw them snagging some wins just when it looked dire, but finishing fifth? Truly ambitious! With a record of 16-12-0 and an impressive all-play of 97-57-0, who knew being consistently average could feel so... thrilling?",1,,
