season,receiver_player_id,receiver_full_name,receiver_position,posteam,targets,adot,deep_share,rz_targets,ez_targets,catchable
2020,00-0022921,Larry Fitzgerald,WR,ARI,72,6,0.06944444444444445,7,2,0.7376588703029685
2020,00-0024243,Marcedes Lewis,TE,GB,20,6.15,0.05,4,3,0.7166577845811843
2020,00-0025418,Greg Olsen,TE,SEA,37,7.8108108108108105,0.02702702702702703,9,5,0.6634984282222954
2020,00-0026035,Danny Amendola,WR,DET,69,8.086956521739129,0.07246376811594203,6,2,0.7007289870061736
2020,00-0026189,DeSean Jackson,WR,PHI,26,16.615384615384617,0.3076923076923077,2,0,0.5855590672447131
2020,00-0027061,Jared Cook,TE,NO,74,10.864864864864865,0.0945945945945946,16,4,0.6332379801047815
2020,00-0027150,Julian Edelman,WR,NE,39,10.282051282051281,0.1282051282051282,4,2,0.6476729810237885
2020,00-0027656,Rob Gronkowski,TE,TB,91,10.65934065934066,0.1978021978021978,23,13,0.6250747045972845
2020,00-0027685,Emmanuel Sanders,WR,NO,94,8.585106382978724,0.07446808510638298,14,7,0.6954546030214492
2020,00-0027696,Jimmy Graham,TE,CHI,78,6.923076923076923,0.05128205128205128,21,12,0.6540811161200205
2020,00-0027793,Antonio Brown,WR,TB,74,9.108108108108107,0.17567567567567569,9,4,0.6909979499272398
2020,00-0027891,Golden Tate,WR,NYG,52,8.923076923076925,0.11538461538461539,5,2,0.6389898159182988
2020,00-0027942,A.J. Green,WR,CIN,104,13.721153846153847,0.25,9,7,0.5580505178524897
2020,00-0027944,Julio Jones,WR,ATL,68,11.235294117647058,0.19117647058823528,10,1,0.6505239702322904
2020,00-0027981,Kyle Rudolph,TE,MIN,38,7.2631578947368425,0.02631578947368421,6,3,0.7050394964845557
2020,00-0028002,Randall Cobb,WR,HOU,50,6.540000000000001,0.04,9,8,0.6869380688667297
2020,00-0028087,Dion Lewis,RB,NYG,31,2.290322580645161,0,6,2,0.6980202582574659
2020,00-0028237,NA,NA,NYJ,26,9.961538461538462,0.11538461538461539,4,2,0.5922998934984207
2020,00-0028411,Dontrelle Inman,WR,WAS,29,8.03448275862069,0.06896551724137931,3,1,0.6345411251331198
2020,00-0029000,Cole Beasley,WR,BUF,126,7.507936507936508,0.09523809523809523,11,7,0.7016755956269446
2020,00-0029293,Marvin Jones,WR,DET,116,12.612068965517244,0.21551724137931033,15,6,0.6200658884541742
2020,00-0029608,T.Y. Hilton,WR,IND,99,12.616161616161614,0.1717171717171717,11,4,0.6223993847767513
2020,00-0029632,Mohamed Sanu,WR,DET,24,11.916666666666668,0.16666666666666666,2,1,0.6470620644589266
2020,00-0029738,Darren Fells,TE,HOU,28,7.107142857142857,0,4,2,0.6927623291100774
2020,00-0029892,Kyle Juszczyk,RB,SF,29,6.482758620689655,0.10344827586206896,9,5,0.6795283761517755
2020,00-0030035,Adam Thielen,WR,MIN,109,11.385321100917428,0.1743119266055046,21,14,0.6205301462510311
2020,00-0030061,Zach Ertz,TE,PHI,73,7.36986301369863,0.0410958904109589,8,6,0.6738062770399329
2020,00-0030181,Jack Doyle,TE,IND,43,7.023255813953488,0.023255813953488372,10,4,0.698436668099359
2020,00-0030279,Keenan Allen,WR,LAC,149,7.087248322147653,0.06711409395973154,19,8,0.6866705106608819
2020,00-0030288,Rex Burkhead,RB,NE,33,0.9393939393939408,0.06060606060606061,6,2,0.7273819315614123
2020,00-0030404,Chris Thompson,RB,JAX,23,2.782608695652174,0,4,0,0.7450902928476748
2020,00-0030431,Robert Woods,WR,LA,147,6.680272108843536,0.08843537414965986,13,3,0.7004279983895165
2020,00-0030456,Giovani Bernard,RB,CIN,59,1.305084745762711,0.03389830508474576,11,4,0.7373575646493394
2020,00-0030470,Vance McDonald,TE,PIT,22,1.8636363636363638,0,3,2,0.7427669248797677
2020,00-0030472,Jordan Reed,TE,SF,46,8.043478260869566,0.06521739130434782,8,4,0.648691836906516
2020,00-0030496,Le'Veon Bell,RB,KC,20,0.5499999999999997,0,7,2,0.7745597124099731
2020,00-0030506,Travis Kelce,TE,KC,186,8.274193548387096,0.05913978494623656,31,19,0.6791317347557314
2020,00-0030513,Latavius Murray,RB,NO,28,-1.2857142857142863,0,6,1,0.8027418894427163
2020,00-0030549,Tyler Eifert,TE,JAX,60,8.2,0.1,11,3,0.6666226913531621
2020,00-0030564,DeAndre Hopkins,WR,ARI,161,8.813664596273291,0.09937888198757763,19,11,0.6939955148267449
2020,00-0030578,Cordarrelle Patterson,WR,CHI,25,3.5999999999999996,0.08,3,0,0.7416603100299836
2020,00-0030663,Willie Snead,WR,BAL,55,8.163636363636364,0.10909090909090909,8,4,0.6813672450455752
2020,00-0030710,Trey Burton,TE,IND,50,7.4,0.02,10,4,0.6764353203773499
2020,00-0031045,Carlos Hyde,RB,SEA,20,2.35,0.05,0,0,0.7203123040497303
2020,00-0031051,John Brown,WR,BUF,71,12,0.2112676056338028,11,4,0.6367757790525195
2020,00-0031062,James White,RB,NE,62,-0.6451612903225803,0,6,3,0.7758548605826593
2020,00-0031235,Odell Beckham,WR,CLE,43,13.581395348837209,0.20930232558139536,6,5,0.608819029705469
2020,00-0031236,Brandin Cooks,WR,HOU,119,11.789915966386554,0.20168067226890757,11,5,0.6401427747572169
2020,00-0031260,Logan Thomas,TE,WAS,121,7.280991735537189,0.09917355371900827,21,9,0.6543428979136727
2020,00-0031273,Cameron Brate,TE,TB,53,8.754716981132075,0.07547169811320754,6,5,0.6714812961389434
2020,00-0031325,Sammy Watkins,WR,KC,56,8.125,0.03571428571428571,9,8,0.6931046364562852
2020,00-0031376,Jerick McKinnon,RB,SF,47,3.3617021276595733,0.06382978723404255,7,3,0.7168623500681938
2020,00-0031381,Davante Adams,WR,GB,174,8.30459770114943,0.1206896551724138,37,27,0.6742029373330631
2020,00-0031382,Jarvis Landry,WR,CLE,119,7.630252100840337,0.09243697478991597,21,10,0.6869302726342899
2020,00-0031384,Richard Rodgers,TE,PHI,32,9.59375,0.125,4,1,0.6358788968063891
2020,00-0031387,Eric Ebron,TE,PIT,103,6.805825242718445,0.05825242718446602,23,11,0.6747487685055409
2020,00-0031408,Mike Evans,WR,TB,133,13.135338345864662,0.23308270676691728,24,18,0.5794791944493028
2020,00-0031428,Allen Robinson,WR,CHI,158,9.512658227848101,0.13924050632911392,19,9,0.6294280440558361
2020,00-0031544,Amari Cooper,WR,DAL,130,8.807692307692308,0.11538461538461539,16,10,0.6765495625826029
2020,00-0031547,DeVante Parker,WR,MIA,104,9.653846153846153,0.07692307692307693,15,9,0.629827154513735
2020,00-0031549,Nelson Agholor,WR,LV,82,15.475609756097562,0.2682926829268293,13,8,0.5801684961813252
2020,00-0031588,Stefon Diggs,WR,BUF,198,10.843434343434343,0.12121212121212122,20,10,0.6465047028179121
2020,00-0031610,Darren Waller,TE,LV,146,7.739726027397256,0.1095890410958904,24,12,0.7015719995514986
2020,00-0031806,Malcolm Brown,RB,LA,35,0,0,4,1,0.7855050393513271
2020,00-0031868,Damiere Byrd,WR,NE,77,11.454545454545455,0.14285714285714285,2,1,0.651184199692367
2020,00-0031941,Jamison Crowder,WR,NYJ,89,7.561797752808991,0.06741573033707865,10,3,0.6575263999821095
2020,00-0031951,James O'Shaughnessy,TE,JAX,39,7.076923076923077,0.07692307692307693,3,1,0.726292949456435
2020,00-0032009,Adam Humphries,WR,TEN,35,9.571428571428573,0.05714285714285714,6,0,0.627660072701318
2020,00-0032054,Breshad Perriman,WR,NYJ,60,15.1,0.26666666666666666,6,1,0.5398723651965459
2020,00-0032063,Mike Davis,RB,CAR,70,-0.5,0,11,5,0.8003784137112754
2020,00-0032128,Chris Conley,WR,JAX,63,10.34920634920635,0.14285714285714285,6,3,0.628621623393089
2020,00-0032135,Jesse James,TE,DET,22,5.363636363636363,0.045454545454545456,7,3,0.7010713097724047
2020,00-0032144,Melvin Gordon,RB,DEN,44,0.0909090909090914,0,4,2,0.7556835907426748
2020,00-0032187,David Johnson,RB,HOU,46,3.6521739130434785,0.021739130434782608,14,5,0.7141663940704387
2020,00-0032211,Tyler Lockett,WR,SEA,136,10.066176470588236,0.1323529411764706,16,9,0.6725807404693436
2020,00-0032241,Todd Gurley,RB,ATL,35,1.457142857142858,0.02857142857142857,0,0,0.7880015892641885
2020,00-0032257,Duke Johnson,RB,HOU,35,1.9142857142857141,0.05714285714285714,8,3,0.7787279580320631
2020,00-0032385,Sterling Shepard,WR,NYG,92,8.152173913043478,0.09782608695652174,13,6,0.6505750160178413
2020,00-0032392,Austin Hooper,TE,CLE,84,6.773809523809523,0.05952380952380952,14,9,0.688780410303956
2020,00-0032394,Nick Vannett,TE,DEN,22,4.2727272727272725,0.045454545454545456,4,3,0.7001008161089637
2020,00-0032602,J.D. McKissic,RB,WAS,113,1.601769911504424,0.02654867256637168,12,2,0.7447727704338268
2020,00-0032688,Robby Anderson,WR,CAR,137,9.635036496350365,0.16058394160583941,16,5,0.6596638405845113
2020,00-0032764,Derrick Henry,RB,TEN,34,-0.7647058823529408,0,2,2,0.8211451803936678
2020,00-0032765,Michael Thomas,WR,NO,66,9.318181818181818,0.045454545454545456,14,7,0.6752669856403813
2020,00-0032775,Demarcus Robinson,WR,KC,64,9.375,0.15625,8,2,0.6685491325333714
2020,00-0032791,Jakeem Grant,WR,MIA,54,10.5,0.14814814814814814,4,2,0.6528616536546636
2020,00-0032972,Devontae Booker,RB,LV,21,0.33333333333333326,0,3,2,0.8136806204205468
2020,00-0032977,Rashard Higgins,WR,CLE,66,13.56060606060606,0.19696969696969696,9,4,0.5818443702477397
2020,00-0032980,Marcus Johnson,WR,IND,28,17.392857142857142,0.32142857142857145,1,0,0.5701236884508815
2020,00-0033009,Tyler Boyd,WR,CIN,110,8.545454545454545,0.07272727272727272,16,7,0.6537612042643807
2020,00-0033025,Jalen Richard,RB,LV,23,2.130434782608696,0,4,1,0.7699519292167996
2020,00-0033040,Tyreek Hill,WR,KC,166,12.33132530120482,0.22289156626506024,23,13,0.6360463757651398
2020,00-0033045,Ezekiel Elliott,RB,DAL,72,-0.20833333333333356,0,8,2,0.7762570902705193
2020,00-0033090,Hunter Henry,TE,LAC,93,7.967741935483871,0.053763440860215055,14,8,0.6767090222527904
2020,00-0033094,Marvin Hall,WR,DET,30,17.266666666666666,0.26666666666666666,2,1,0.6157413199543953
2020,00-0033110,Tyler Higbee,TE,LA,66,7.8181818181818175,0.13636363636363635,7,5,0.7025572187972792
2020,00-0033114,Mike Thomas,WR,CIN,21,8.619047619047619,0.09523809523809523,1,1,0.6435696922597431
2020,00-0033118,Kenyan Drake,RB,ARI,31,-0.967741935483871,0,2,0,0.8365695995669211
2020,00-0033127,Will Fuller,WR,HOU,75,12.533333333333333,0.18666666666666668,8,4,0.6380341716607412
2020,00-0033217,Mo Alie-Cox,TE,IND,43,6.6976744186046515,0.046511627906976744,7,2,0.7243942673816237
2020,00-0033251,Zach Pascal,WR,IND,77,10.545454545454545,0.16883116883116883,16,8,0.6427237648855556
2020,00-0033282,Curtis Samuel,WR,CAR,97,7.3298969072164954,0.13402061855670103,12,4,0.7011308995718808
2020,00-0033288,George Kittle,TE,SF,64,7.21875,0.09375,5,4,0.6998037933371961
2020,00-0033292,Trent Taylor,WR,SF,21,5.571428571428571,0,7,3,0.6779814646357581
2020,00-0033293,Aaron Jones,RB,GB,72,0.9861111111111096,0.05555555555555555,11,6,0.7585988829119338
2020,00-0033307,Kendrick Bourne,WR,SF,75,9.173333333333334,0.05333333333333334,12,6,0.6365040210882823
2020,00-0033375,Tim Patrick,WR,DEN,80,12.350000000000003,0.2625,11,9,0.5894260535016655
2020,00-0033387,Jacob Hollister,TE,SEA,46,6.5,0.043478260869565216,11,5,0.6935479491949081
2020,00-0033455,Anthony Firkser,TE,TEN,55,6.909090909090908,0.01818181818181818,8,3,0.691916394775564
2020,00-0033466,Isaiah McKenzie,WR,BUF,37,4.081081081081081,0.05405405405405406,8,3,0.7384137185038747
2020,00-0033471,Isaiah Ford,WR,MIA,44,9.204545454545455,0.022727272727272728,5,2,0.6602313525297425
2020,00-0033536,Mike Williams,WR,LAC,85,14.541176470588235,0.25882352941176473,11,6,0.5521228648283902
2020,00-0033553,James Conner,RB,PIT,50,-0.18000000000000013,0,9,3,0.7853943467140198
2020,00-0033555,Mack Hollins,WR,MIA,26,9.307692307692308,0.11538461538461539,3,2,0.651727536549935
2020,00-0033567,Brian Hill,RB,ATL,30,1.2666666666666666,0,1,0,0.796146051088969
2020,00-0033572,Jamal Agnew,WR,DET,20,4.85,0.1,3,0,0.7359871014952659
2020,00-0033589,David Moore,WR,SEA,48,8.583333333333332,0.125,13,7,0.657218899888297
2020,00-0033591,Noah Brown,WR,DAL,25,9.96,0.12,3,1,0.6527596950531006
2020,00-0033594,Chris Carson,RB,SEA,49,1.7959183673469388,0.04081632653061224,7,4,0.7528474282245247
2020,00-0033681,Keelan Cole,WR,JAX,89,10.764044943820224,0.1797752808988764,11,5,0.6285102461161238
2020,00-0033699,Austin Ekeler,RB,LAC,65,-1.2000000000000002,0,10,5,0.7891766713215754
2020,00-0033733,Greg Ward,WR,PHI,80,5.575,0.0375,8,5,0.6825647197663784
2020,00-0033757,Robert Tonyan,TE,GB,67,7.3731343283582085,0.13432835820895522,12,8,0.6821325563672763
2020,00-0033840,Chad Hansen,WR,HOU,25,11.68,0.16,1,1,0.6370890092849731
2020,00-0033854,Dare Ogunbowale,RB,JAX,20,0.8500000000000001,0,1,0,0.7644654184579849
2020,00-0033856,Leonard Fournette,RB,TB,68,0.14705882352941185,0,11,4,0.8006354456438738
2020,00-0033857,JuJu Smith-Schuster,WR,PIT,149,6.040268456375838,0.06040268456375839,24,12,0.678240964076663
2020,00-0033858,Jonnu Smith,TE,TEN,69,5.36231884057971,0.028985507246376812,19,10,0.7060242260711781
2020,00-0033871,Corey Davis,WR,TEN,94,11.617021276595745,0.11702127659574468,8,3,0.6314382970016054
2020,00-0033881,Evan Engram,TE,NYG,109,7.2018348623853194,0.07339449541284404,13,3,0.6861568801446791
2020,00-0033885,David Njoku,TE,CLE,35,6.9714285714285715,0.11428571428571428,6,4,0.6748927456992013
2020,00-0033891,Zay Jones,WR,LV,20,7.1,0.05,4,3,0.7005208104848861
2020,00-0033893,Dalvin Cook,RB,MIN,54,-1.7777777777777777,0,2,1,0.8067535349616298
2020,00-0033895,Gerald Everett,TE,LA,64,6.265625,0.0625,5,3,0.6990564269945025
2020,00-0033896,Adam Shaheen,TE,MIA,22,4.318181818181818,0.045454545454545456,6,6,0.7244980551979758
2020,00-0033897,Joe Mixon,RB,CIN,26,-0.9615384615384617,0,3,2,0.7724297780257005
2020,00-0033906,Alvin Kamara,RB,NO,115,0.7217391304347823,0.02608695652173913,17,3,0.7769549812959589
2020,00-0033908,Cooper Kupp,WR,LA,133,7.090225563909774,0.08270676691729323,13,5,0.6968967953794881
2020,00-0033921,Chris Godwin,WR,TB,116,10.32758620689655,0.16379310344827586,11,8,0.6709918488973174
2020,00-0033923,Kareem Hunt,RB,CLE,53,1.1698113207547167,0.03773584905660377,9,5,0.7598300193840603
2020,00-0033932,Kenny Golladay,WR,DET,32,14.5625,0.21875,5,2,0.6075144484639168
2020,00-0033943,Josh Reynolds,WR,LA,85,10.976470588235298,0.17647058823529413,6,3,0.6573739455026738
2020,00-0033948,Jamaal Williams,RB,GB,39,0.38461538461538447,0.02564102564102564,3,2,0.8068323074243008
2020,00-0033950,Wayne Gallman,RB,NYG,27,0.37037037037037046,0,5,0,0.772198971774843
2020,00-0034011,Dan Arnold,TE,ARI,45,12.555555555555555,0.26666666666666666,6,3,0.637409304247962
2020,00-0034073,Ross Dwelley,TE,SF,24,7.583333333333334,0.041666666666666664,3,2,0.665266864001751
2020,00-0034104,Cam Sims,WR,WAS,61,11.196721311475411,0.2459016393442623,5,2,0.6008502137465556
2020,00-0034115,Jeffery Wilson,RB,SF,28,1.8214285714285716,0,6,2,0.7342043795755931
2020,00-0034159,Will Dissly,TE,SEA,31,4.612903225806452,0.03225806451612903,4,2,0.7470636031320018
2020,00-0034270,Tyler Conklin,TE,MIN,26,4.384615384615384,0.038461538461538464,1,0,0.7620417063052838
2020,00-0034272,Marquez Valdes-Scantling,WR,GB,77,18.16883116883117,0.4025974025974026,7,2,0.5751187708470729
2020,00-0034286,Richie James,WR,SF,35,10.657142857142857,0.22857142857142856,4,1,0.6829242535999843
2020,00-0034297,Byron Pringle,WR,KC,27,8.444444444444446,0.1111111111111111,4,2,0.6630445928485306
2020,00-0034301,Darrel Williams,RB,KC,39,-0.7179487179487178,0,6,2,0.7960957739597712
2020,00-0034309,Chad Beebe,WR,MIN,30,6.033333333333333,0,4,1,0.6734728187322616
2020,00-0034349,Kerryon Johnson,RB,DET,26,-0.11538461538461563,0,2,1,0.7965941887635452
2020,00-0034351,Dallas Goedert,TE,PHI,65,8.553846153846155,0.13846153846153847,6,3,0.6542962684081151
2020,00-0034353,Anthony Miller,WR,CHI,79,9.670886075949365,0.11392405063291139,10,4,0.6165409222056594
2020,00-0034364,Jordan Akins,TE,HOU,49,7.530612244897959,0.04081632653061224,8,5,0.6681401924211152
2020,00-0034365,Ian Thomas,TE,CAR,31,6.32258064516129,0.06451612903225806,5,1,0.7060283970448279
2020,00-0034366,Keke Coutee,WR,HOU,41,9.24390243902439,0.07317073170731707,12,6,0.6571465250922413
2020,00-0034367,Nyheim Hines,RB,IND,79,0.6962025316455703,0.012658227848101266,13,5,0.7896016621136968
2020,00-0034370,DaeSean Hamilton,WR,DEN,44,13.431818181818183,0.20454545454545456,7,1,0.5716546628285538
2020,00-0034378,Ito Smith,RB,ATL,26,0.03846153846153856,0,8,3,0.7881000683857844
2020,00-0034383,Dalton Schultz,TE,DAL,89,6.438202247191011,0.056179775280898875,14,4,0.7139607210842411
2020,00-0034407,Ray-Ray McCloud,WR,PIT,22,-1.5,0,1,0,0.8387748788703572
2020,00-0034411,Russell Gage,WR,ATL,109,8.504587155963302,0.08256880733944955,17,8,0.6641736856294335
2020,00-0034414,Boston Scott,RB,PHI,36,2.6388888888888893,0.027777777777777776,5,2,0.7032238816221555
2020,00-0034418,Cedrick Wilson,WR,DAL,28,8.714285714285714,0.17857142857142858,6,3,0.6657451737139907
2020,00-0034419,Braxton Berrios,WR,NYJ,55,7.563636363636364,0.12727272727272726,5,3,0.6640341024507176
2020,00-0034439,Ryan Izzo,TE,NE,20,10.25,0.1,1,1,0.6498297810554504
2020,00-0034440,Justin Jackson,RB,LAC,25,-1.6,0,2,1,0.8060368251800537
2020,00-0034521,Allen Lazard,WR,GB,60,10.9,0.18333333333333332,10,5,0.6492175102233887
2020,00-0034676,James Washington,WR,PIT,62,12.451612903225806,0.25806451612903225,8,2,0.585004776475891
2020,00-0034681,Chase Edmonds,RB,ARI,67,2.014925373134328,0.014925373134328358,11,4,0.7540707663813634
2020,00-0034686,Auden Tate,WR,CIN,22,9.40909090909091,0.045454545454545456,4,0,0.6122254268689589
2020,00-0034753,Mark Andrews,TE,BAL,105,9.685714285714287,0.0761904761904762,22,12,0.6367783256939479
2020,00-0034764,Michael Gallup,WR,DAL,105,11.78095238095238,0.1619047619047619,14,5,0.615206430213792
2020,00-0034765,Tre'Quan Smith,WR,NO,53,9.566037735849056,0.07547169811320754,8,1,0.6348820846035795
2020,00-0034766,Christopher Herndon,TE,NYJ,46,6.739130434782608,0.08695652173913043,5,4,0.6546406013810117
2020,00-0034775,Christian Kirk,WR,ARI,79,11.835443037974683,0.24050632911392406,14,10,0.631464205210722
2020,00-0034777,D.J. Chark,WR,JAX,94,13.851063829787233,0.26595744680851063,13,4,0.5717530382123399
2020,00-0034791,Nick Chubb,RB,CLE,27,1.4814814814814818,0.037037037037037035,3,1,0.7708421139805405
2020,00-0034798,Durham Smythe,TE,MIA,29,3.9310344827586206,0,6,4,0.766705611656452
2020,00-0034799,Kalen Ballage,RB,LAC,27,-0.8148148148148147,0,4,0,0.7995549241701762
2020,00-0034816,Ronald Jones,RB,TB,44,0.840909090909091,0,4,2,0.7840281636877493
2020,00-0034827,D.J. Moore,WR,CAR,118,13.228813559322035,0.211864406779661,9,6,0.6181708051491592
2020,00-0034829,Mike Gesicki,TE,MIA,85,11.058823529411764,0.16470588235294117,16,9,0.6103385939317592
2020,00-0034830,Hayden Hurst,TE,ATL,89,6.696629213483145,0.056179775280898875,16,10,0.7219365858629848
2020,00-0034837,Calvin Ridley,WR,ATL,145,14.179310344827588,0.27586206896551724,24,13,0.5888710270667898
2020,00-0034928,Steven Sims,WR,WAS,41,7.2926829268292686,0.12195121951219512,4,1,0.6452398678151573
2020,00-0034960,Jakobi Meyers,WR,NE,82,10.097560975609758,0.10975609756097561,6,3,0.6592171457482547
2020,00-0034970,Irv Smith,TE,MIN,44,7.909090909090908,0.13636363636363635,13,8,0.6803701147437096
2020,00-0034983,Hunter Renfrow,WR,LV,77,7.103896103896103,0.1038961038961039,8,3,0.712359701271181
2020,00-0034988,Kaden Smith,TE,NYG,21,1.952380952380952,0,4,1,0.7766925011362348
2020,00-0035006,Olabisi Johnson,WR,MIN,20,10.85,0.15,1,1,0.6507651135325432
2020,00-0035140,Mecole Hardman,WR,KC,76,9.276315789473685,0.18421052631578946,7,4,0.6982280086529882
2020,00-0035208,Olamide Zaccheaus,WR,ATL,32,13.75,0.25,2,1,0.6360577717423439
2020,00-0035215,Deonte Harris,WR,NO,33,3.666666666666667,0,3,1,0.7420802089301023
2020,00-0035216,Diontae Johnson,WR,PIT,160,8.268749999999999,0.11875,13,6,0.6588841490447521
2020,00-0035229,T.J. Hockenson,TE,DET,102,6.980392156862745,0.049019607843137254,18,10,0.6929555494411319
2020,00-0035243,Miles Sanders,RB,PHI,52,1.8269230769230755,0.057692307692307696,1,0,0.7442762066538517
2020,00-0035250,Devin Singletary,RB,BUF,59,0.9830508474576274,0.03389830508474576,9,0,0.769835361989878
2020,00-0035261,Tony Pollard,RB,DAL,40,-0.3499999999999997,0,8,2,0.8025842994451523
2020,00-0035287,KeeSean Johnson,WR,ARI,23,10.869565217391305,0.17391304347826086,2,2,0.6674220963664677
2020,00-0035298,Scott Miller,WR,TB,59,15.508474576271187,0.3559322033898305,5,0,0.5918030077117985
2020,00-0035311,Myles Gaskin,RB,MIA,47,0.21276595744680854,0.02127659574468085,7,4,0.7718952672278627
2020,00-0035329,Donald Parham,TE,LAC,20,8.75,0.05,7,4,0.6049232706427574
2020,00-0035350,Preston Williams,WR,MIA,37,13.837837837837839,0.2702702702702703,8,7,0.5632960425840842
2020,00-0035414,Jalen Guyton,WR,LAC,55,16.27272727272727,0.32727272727272727,7,2,0.5683369232849641
2020,00-0035457,Tyron Johnson,WR,LAC,26,20.538461538461537,0.4230769230769231,1,0,0.5531651635582631
2020,00-0035510,Jeff Smith,WR,NYJ,37,12.64864864864865,0.24324324324324326,2,2,0.574075567963961
2020,00-0035527,Andy Isabella,WR,ARI,35,11.257142857142858,0.22857142857142856,3,1,0.647409793308803
2020,00-0035535,Darius Slayton,WR,NYG,96,13.572916666666668,0.1875,10,6,0.5794791057705879
2020,00-0035537,Ty Johnson,RB,NYJ,20,0.15000000000000005,0.05,1,0,0.7454333364963531
2020,00-0035592,Travis Fulgham,WR,PHI,67,11.985074626865671,0.1044776119402985,10,3,0.5473818336404971
2020,00-0035624,N'Keal Harry,WR,NE,57,8.017543859649123,0.07017543859649122,10,5,0.6765173678858238
2020,00-0035631,Drew Sample,TE,CIN,53,4.188679245283019,0,11,5,0.7211707493044296
2020,00-0035640,DK Metcalf,WR,SEA,140,14.02857142857143,0.2357142857142857,17,10,0.5981216859604631
2020,00-0035644,Noah Fant,TE,DEN,94,6.680851063829786,0.07446808510638298,13,5,0.6752847956216081
2020,00-0035659,Terry McLaurin,WR,WAS,142,9.669014084507044,0.14084507042253522,14,5,0.6529816967290891
2020,00-0035662,Marquise Brown,WR,BAL,116,13.39655172413793,0.27586206896551724,12,7,0.5996603961905529
2020,00-0035664,Darrell Henderson,RB,LA,24,0.6666666666666663,0.08333333333333333,4,1,0.75618242037793
2020,00-0035676,A.J. Brown,WR,TEN,116,10.939655172413794,0.1206896551724138,14,10,0.6337278914348833
2020,00-0035685,David Montgomery,RB,CHI,69,0.9855072463768115,0.014492753623188406,12,4,0.7662540371867194
2020,00-0035689,Dawson Knox,TE,BUF,57,7.035087719298245,0.08771929824561403,16,9,0.6903462232204906
2020,00-0035700,Josh Jacobs,RB,LV,45,0.7333333333333333,0,3,1,0.7976321929030948
2020,00-0035703,Miles Boykin,WR,BAL,38,11.5,0.15789473684210525,6,4,0.6067602183473737
2020,00-0035719,Deebo Samuel,WR,SF,44,2.2045454545454546,0.022727272727272728,2,1,0.7827370918609879
2020,00-0035831,James Robinson,RB,JAX,62,-0.7258064516129032,0,8,5,0.7999162851802765
2020,00-0036142,Isaiah Wright,WR,WAS,36,4.194444444444445,0.05555555555555555,4,2,0.7497510098748736
2020,00-0036158,J.K. Dobbins,RB,BAL,31,1.1935483870967742,0,3,3,0.7674793899059296
2020,00-0036196,Gabriel Davis,WR,BUF,73,15.301369863013699,0.2465753424657534,16,8,0.5691435522820851
2020,00-0036219,Marquez Callaway,WR,NO,29,7.793103448275862,0.06896551724137931,4,1,0.7053447006077602
2020,00-0036223,Jonathan Taylor,RB,IND,43,-1.3720930232558135,0,7,0,0.8059978471245877
2020,00-0036232,Harrison Bryant,TE,CLE,39,7.846153846153846,0.10256410256410256,5,4,0.6722477949582614
2020,00-0036233,Donovan Peoples-Jones,WR,CLE,24,16,0.2916666666666667,2,1,0.5668615630517403
2020,00-0036247,Freddie Swain,WR,SEA,22,11.5,0.22727272727272727,4,1,0.6029216863892295
2020,00-0036251,Zack Moss,RB,BUF,22,1.8181818181818181,0,3,3,0.7333810803565112
2020,00-0036252,Michael Pittman,WR,IND,71,8.112676056338028,0.09859154929577464,12,3,0.7161137990548577
2020,00-0036254,Collin Johnson,WR,JAX,33,11.484848484848484,0.12121212121212122,7,6,0.592485864054073
2020,00-0036255,Denzel Mims,WR,NYJ,45,15.02222222222222,0.28888888888888886,5,2,0.5465893871254391
2020,00-0036261,Brandon Aiyuk,WR,SF,96,9.395833333333332,0.125,14,10,0.6636917667152982
2020,00-0036268,Laviska Shenault,WR,JAX,79,6.2405063291139244,0.05063291139240506,10,3,0.7060008201795288
2020,00-0036275,D'Andre Swift,RB,DET,57,0.8771929824561415,0,9,3,0.7756633834357847
2020,00-0036277,Quintez Cephus,WR,DET,36,14.194444444444446,0.19444444444444445,5,4,0.6101178299221728
2020,00-0036290,Cole Kmet,TE,CHI,49,5.938775510204081,0.08163265306122448,8,7,0.7035880824741052
2020,00-0036309,Darnell Mooney,WR,CHI,99,11.414141414141412,0.23232323232323232,11,6,0.6129072549367192
2020,00-0036322,Justin Jefferson,WR,MIN,128,11.2109375,0.171875,15,11,0.645721593988128
2020,00-0036326,Chase Claypool,WR,PIT,119,12.731092436974789,0.2605042016806723,19,13,0.5759801525278252
2020,00-0036328,Antonio Gibson,RB,WAS,47,-0.7659574468085109,0,3,1,0.7969882266318544
2020,00-0036331,Devin Duvernay,WR,BAL,26,6.192307692307692,0.07692307692307693,2,1,0.7312206327915192
2020,00-0036357,Henry Ruggs,WR,LV,43,17.3953488372093,0.32558139534883723,2,2,0.5989719161460566
2020,00-0036358,CeeDee Lamb,WR,DAL,111,9.288288288288289,0.17117117117117117,11,6,0.6631360858141839
2020,00-0036360,Clyde Edwards-Helaire,RB,KC,59,0.8305084745762712,0,6,3,0.7819824329877304
2020,00-0036364,Lynn Bowden,WR,MIA,37,5,0.08108108108108109,2,1,0.7148188094835024
2020,00-0036370,Joshua Kelley,RB,LAC,23,-1.0869565217391302,0,2,1,0.8163779248362002
2020,00-0036387,Jalen Reagor,WR,PHI,55,12.527272727272726,0.2545454545454545,8,2,0.6128320081667467
2020,00-0036398,John Hightower,WR,PHI,30,21.9,0.43333333333333335,4,1,0.5012935539086659
2020,00-0036407,Jerry Jeudy,WR,DEN,115,13.330434782608695,0.21739130434782608,10,4,0.5793273187201956
2020,00-0036410,Tee Higgins,WR,CIN,108,11.490740740740742,0.23148148148148148,11,5,0.6077253130023126
2020,00-0036412,K.J. Hamler,WR,DEN,56,10.625,0.14285714285714285,4,2,0.6283374545829636
2020,00-0036415,Van Jefferson,WR,LA,38,10.184210526315791,0.10526315789473684,4,3,0.6346175105948197
2020,00-0036425,DeeJay Dallas,RB,SEA,20,0.10000000000000023,0,3,1,0.8124526023864747
2020,00-0036427,Tyler Johnson,WR,TB,21,10.761904761904763,0.14285714285714285,4,4,0.6427155548617953
2021,00-0024243,Marcedes Lewis,TE,GB,29,3.5172413793103443,0.06896551724137931,7,5,0.7514456654417103
2021,00-0026035,Danny Amendola,WR,HOU,39,8.282051282051281,0.1282051282051282,4,3,0.6518146090018444
2021,00-0026189,DeSean Jackson,WR,LV,21,15.571428571428573,0.2857142857142857,1,1,0.5986933580466679
2021,00-0027061,Jared Cook,TE,LAC,85,8.105882352941176,0.09411764705882353,15,8,0.6602459264152191
2021,00-0027656,Rob Gronkowski,TE,TB,106,10.245283018867925,0.16037735849056603,14,7,0.6626200102410227
2021,00-0027685,Emmanuel Sanders,WR,BUF,77,14.805194805194807,0.24675324675324675,11,7,0.582982385313356
2021,00-0027696,Jimmy Graham,TE,CHI,24,7.75,0.08333333333333333,9,5,0.5712737794965506
2021,00-0027793,NA,NA,TB,62,11.838709677419356,0.22580645161290322,3,1,0.6423540189862251
2021,00-0027942,A.J. Green,WR,ARI,96,12.239583333333332,0.19791666666666666,18,12,0.6081773824989796
2021,00-0027944,Julio Jones,WR,TEN,55,11.527272727272726,0.14545454545454545,7,3,0.647818514433774
2021,00-0027966,Mark Ingram,RB,NO,27,-0.4814814814814816,0,4,2,0.7794632856492643
2021,00-0027981,Kyle Rudolph,TE,NYG,40,6.05,0.05,9,6,0.6541544198989868
2021,00-0028002,Randall Cobb,WR,GB,40,7.775000000000001,0.1,14,11,0.6316188935190439
2021,00-0029000,Cole Beasley,WR,BUF,122,5.590163934426229,0.02459016393442623,15,4,0.7363074922659358
2021,00-0029239,Brandon Bolden,RB,NE,55,0.854545454545454,0.03636363636363636,10,2,0.7704267084598542
2021,00-0029293,Marvin Jones,WR,JAX,120,11.85,0.2,18,11,0.5872830100357532
2021,00-0029608,T.Y. Hilton,WR,IND,37,12.864864864864867,0.1891891891891892,4,2,0.6038759745456077
2021,00-0029632,Mohamed Sanu,WR,SF,24,9.458333333333332,0.08333333333333333,4,0,0.6442898015181223
2021,00-0029892,Kyle Juszczyk,RB,SF,41,7.219512195121952,0.07317073170731707,5,2,0.6823986383473001
2021,00-0030035,Adam Thielen,WR,MIN,95,9.505263157894737,0.1368421052631579,15,8,0.669816821186166
2021,00-0030061,Zach Ertz,TE,ARI,86,7.151162790697674,0.05813953488372093,15,7,0.710193321108818
2021,00-0030061,Zach Ertz,TE,PHI,31,8.03225806451613,0.06451612903225806,6,3,0.6662289932850869
2021,00-0030068,Marquise Goodwin,WR,CHI,40,11.875,0.175,3,2,0.6082732260227204
2021,00-0030085,Kenny Stills,WR,NO,23,18.304347826086957,0.34782608695652173,2,1,0.536754231090131
2021,00-0030108,Ryan Griffin,TE,NYJ,42,5.309523809523809,0.023809523809523808,6,3,0.7110116063129335
2021,00-0030181,Jack Doyle,TE,IND,45,6.5555555555555545,0.06666666666666667,10,6,0.7099837025006612
2021,00-0030279,Keenan Allen,WR,LAC,158,8.30379746835443,0.08227848101265822,26,13,0.6909586462793471
2021,00-0030288,Rex Burkhead,RB,HOU,32,1.5625,0,3,2,0.7369088344275951
2021,00-0030431,Robert Woods,WR,LA,70,8.071428571428573,0.05714285714285714,17,8,0.7060092796172415
2021,00-0030456,Giovani Bernard,RB,TB,37,1.054054054054054,0.02702702702702703,8,7,0.7891240514613487
2021,00-0030506,Travis Kelce,TE,KC,161,7.428571428571428,0.043478260869565216,21,12,0.7193923657355101
2021,00-0030525,Tavon Austin,WR,JAX,37,8.513513513513512,0.13513513513513514,3,1,0.6667410602440705
2021,00-0030564,DeAndre Hopkins,WR,ARI,64,12.3125,0.234375,15,8,0.6063021412119269
2021,00-0030578,Cordarrelle Patterson,RB,ATL,69,3.1014492753623184,0.057971014492753624,12,2,0.7054659698320471
2021,00-0030669,Albert Wilson,WR,MIA,39,5.384615384615384,0.07692307692307693,2,0,0.6952242828332461
2021,00-0030874,Damien Williams,RB,CHI,23,1.7826086956521747,0.08695652173913043,1,0,0.7299740521804147
2021,00-0031045,Carlos Hyde,RB,JAX,21,1.4761904761904763,0.047619047619047616,1,0,0.7526827000436329
2021,00-0031235,Odell Beckham,WR,CLE,34,13.941176470588237,0.29411764705882354,3,2,0.6095729233587489
2021,00-0031235,Odell Beckham,WR,LA,75,11.813333333333333,0.16,13,6,0.6241011079152425
2021,00-0031236,Brandin Cooks,WR,HOU,134,10.619402985074625,0.17164179104477612,10,3,0.6287545442803583
2021,00-0031260,Logan Thomas,TE,WAS,25,9.76,0.16,5,3,0.631293170452118
2021,00-0031273,Cameron Brate,TE,TB,63,7.428571428571427,0.06349206349206349,22,9,0.6851292001822639
2021,00-0031285,Devonta Freeman,RB,BAL,42,0.9761904761904769,0.023809523809523808,9,3,0.777788003995305
2021,00-0031325,Sammy Watkins,WR,BAL,49,13.020408163265305,0.20408163265306123,4,1,0.6127071277219422
2021,00-0031376,Jerick McKinnon,RB,KC,37,-0.9189189189189189,0,8,2,0.7776730833826838
2021,00-0031381,Davante Adams,WR,GB,180,9.62222222222222,0.15,29,14,0.6570692331426673
2021,00-0031382,Jarvis Landry,WR,CLE,87,7.781609195402298,0.08045977011494253,10,4,0.681297320744087
2021,00-0031408,Mike Evans,WR,TB,140,12.52857142857143,0.2,25,13,0.6243353750024523
2021,00-0031428,Allen Robinson,WR,CHI,67,11.164179104477611,0.23880597014925373,7,2,0.6160808734929384
2021,00-0031544,Amari Cooper,WR,DAL,114,10.798245614035087,0.19298245614035087,21,7,0.6502329605190378
2021,00-0031547,DeVante Parker,WR,MIA,73,11.726027397260275,0.1232876712328767,6,2,0.6045850988936751
2021,00-0031549,Nelson Agholor,WR,NE,66,14.363636363636365,0.2878787878787879,7,1,0.57557938812357
2021,00-0031588,Stefon Diggs,WR,BUF,175,11.045714285714288,0.17142857142857143,36,16,0.6246319032566888
2021,00-0031610,Darren Waller,TE,LV,105,9.82857142857143,0.14285714285714285,18,7,0.6706103412877946
2021,00-0031763,DeAndre Carter,WR,WAS,44,11.022727272727273,0.2727272727272727,4,1,0.61689216169443994
2021,00-0031868,Damiere Byrd,WR,CHI,39,8.384615384615383,0.07692307692307693,5,2,0.6618569691975912
2021,00-0031941,Jamison Crowder,WR,NYJ,73,6.191780821917807,0.0410958904109589,14,4,0.6939975460098214
2021,00-0031951,James O'Shaughnessy,TE,JAX,35,6.514285714285714,0.11428571428571428,1,1,0.7079882672854833
2021,00-0032009,Adam Humphries,WR,WAS,62,6.758064516129032,0.04838709677419355,6,2,0.681141896353614
2021,00-0032054,Breshad Perriman,WR,TB,21,8.80952380952381,0.19047619047619047,3,1,0.6670201924585161
2021,00-0032063,Mike Davis,RB,ATL,58,-0.8965517241379308,0,6,4,0.7798255188711758
2021,00-0032104,Ameer Abdullah,RB,CAR,49,0.8367346938775511,0,7,2,0.7610468785373532
2021,00-0032128,Chris Conley,WR,HOU,37,9.189189189189188,0.13513513513513514,1,0,0.6689072013706774
2021,00-0032134,C.J. Uzomah,TE,CIN,81,4.432098765432099,0.024691358024691357,10,4,0.7374568585260415
2021,00-0032141,Geoff Swaim,TE,TEN,40,3.65,0,8,4,0.7404288969933986
2021,00-0032144,Melvin Gordon,RB,DEN,38,0.3157894736842104,0,8,3,0.75474671705773
2021,00-0032187,David Johnson,RB,HOU,42,2.0714285714285716,0.023809523809523808,7,5,0.7341270858333224
2021,00-0032200,Ty Montgomery,WR,NO,26,1.7692307692307692,0.038461538461538464,2,2,0.7723068377146354
2021,00-0032211,Tyler Lockett,WR,SEA,108,14.481481481481481,0.3055555555555556,8,3,0.5938876538916871
2021,00-0032214,Tyler Kroft,TE,NYJ,25,5.76,0.04,2,1,0.7288928639888763
2021,00-0032355,Chester Rogers,WR,TEN,45,6.911111111111111,0.08888888888888889,5,3,0.701807787683275
2021,00-0032385,Sterling Shepard,WR,NYG,53,7.622641509433963,0.05660377358490566,9,3,0.6771240341213515
2021,00-0032392,Austin Hooper,TE,CLE,62,5.322580645161291,0.03225806451612903,13,6,0.7345605949240346
2021,00-0032398,Chris Moore,WR,HOU,22,4.090909090909092,0.09090909090909091,2,0,0.730428743768822
2021,00-0032464,Kalif Raymond,WR,DET,71,10.211267605633804,0.18309859154929578,6,3,0.6643915866882029
2021,00-0032602,J.D. McKissic,RB,WAS,54,0.6111111111111112,0.018518518518518517,4,3,0.7848640310543555
2021,00-0032688,Robby Anderson,WR,CAR,110,10.509090909090908,0.17272727272727273,8,5,0.630618510463021
2021,00-0032764,Derrick Henry,RB,TEN,20,-0.1500000000000002,0,2,0,0.8351333945989609
2021,00-0032775,Demarcus Robinson,WR,KC,50,9.9,0.18,4,1,0.6678564012050628
2021,00-0032778,Tajae Sharpe,WR,ATL,37,9.378378378378379,0.08108108108108109,5,2,0.6404580695403589
2021,00-0032951,Laquon Treadwell,WR,JAX,51,12.019607843137255,0.11764705882352941,6,4,0.611267711017646
2021,00-0032972,Devontae Booker,RB,NYG,45,-0.1777777777777779,0,2,2,0.7858873844146729
2021,00-0032977,Rashard Higgins,WR,CLE,47,11.48936170212766,0.1276595744680851,5,2,0.6222581352959288
2021,00-0033009,Tyler Boyd,WR,CIN,115,7.121739130434783,0.06956521739130435,12,6,0.6939809511537137
2021,00-0033040,Tyreek Hill,WR,KC,187,10.074866310160425,0.15508021390374332,32,12,0.6804186521685697
2021,00-0033045,Ezekiel Elliott,RB,DAL,69,0.3188405797101452,0,17,5,0.7770660122235615
2021,00-0033090,Hunter Henry,TE,NE,79,9.911392405063292,0.11392405063291139,19,10,0.603268169904057
2021,00-0033110,Tyler Higbee,TE,LA,99,5.666666666666667,0.06060606060606061,21,10,0.7275219168325867
2021,00-0033118,Kenyan Drake,RB,LV,40,1.7750000000000006,0.075,6,0,0.7837076656520366
2021,00-0033217,Mo Alie-Cox,TE,IND,45,9.822222222222223,0.13333333333333333,9,4,0.626623676220576
2021,00-0033251,Zach Pascal,WR,IND,69,8.811594202898553,0.11594202898550725,13,9,0.6627963910932126
2021,00-0033280,Christian McCaffrey,RB,CAR,41,2.219512195121952,0.024390243902439025,3,0,0.7348789369187704
2021,00-0033288,George Kittle,TE,SF,108,8.5,0.1388888888888889,11,5,0.6889281586088516
2021,00-0033293,Aaron Jones,RB,GB,75,1.0266666666666666,0.02666666666666667,17,5,0.7597427282730739
2021,00-0033307,Kendrick Bourne,WR,NE,78,8.384615384615383,0.08974358974358974,9,4,0.6808487772941589
2021,00-0033375,Tim Patrick,WR,DEN,85,11.705882352941178,0.2,11,7,0.5940284737769295
2021,00-0033439,Pharaoh Brown,TE,HOU,34,4.294117647058823,0.029411764705882353,0,0,0.7291868741021437
2021,00-0033455,Anthony Firkser,TE,TEN,44,5.75,0.022727272727272728,6,3,0.699342281980948
2021,00-0033460,John Ross,WR,NYG,20,15.7,0.2,1,1,0.5772909909486771
2021,00-0033466,Isaiah McKenzie,WR,BUF,30,5.6,0.06666666666666667,5,2,0.7340634177128474
2021,00-0033526,Samaje Perine,RB,CIN,38,0.02631578947368386,0,6,1,0.7710972130298615
2021,00-0033536,Mike Williams,WR,LAC,130,11.530769230769229,0.2153846153846154,24,13,0.6302481526365646
2021,00-0033553,James Conner,RB,ARI,41,0.31707317073170743,0,3,1,0.8040176411954368
2021,00-0033555,Mack Hollins,WR,MIA,29,14.862068965517242,0.20689655172413793,9,6,0.5358884540097467
2021,00-0033572,Jamal Agnew,WR,JAX,40,7.325,0.125,4,3,0.6577066101133824
2021,00-0033591,Noah Brown,WR,DAL,25,9.08,0.08,2,0,0.7109993541240692
2021,00-0033611,Ricky Seals-Jones,TE,WAS,51,5.352941176470589,0.058823529411764705,15,7,0.6619729820419761
2021,00-0033681,Keelan Cole,WR,NYJ,52,13.230769230769232,0.21153846153846154,7,2,0.5860056206583977
2021,00-0033699,Austin Ekeler,RB,LAC,95,1.8210526315789473,0.031578947368421054,17,4,0.7568600237369537
2021,00-0033757,Robert Tonyan,TE,GB,29,8.82758620689655,0.2413793103448276,6,2,0.6790966812906594
2021,00-0033854,Dare Ogunbowale,RB,JAX,21,1.4761904761904763,0,3,2,0.7521970768769582
2021,00-0033856,Leonard Fournette,RB,TB,93,0.6344086021505383,0.010752688172043012,18,5,0.7999868482671758
2021,00-0033857,JuJu Smith-Schuster,WR,PIT,36,6,0.05555555555555555,0,0,0.7062649246719148
2021,00-0033858,Jonnu Smith,TE,NE,45,5.533333333333334,0.1111111111111111,10,5,0.723764165242513
2021,00-0033871,Corey Davis,WR,NYJ,59,12.966101694915256,0.1864406779661017,5,2,0.6137608221526873
2021,00-0033879,O.J. Howard,TE,TB,23,6.217391304347826,0.043478260869565216,3,2,0.7380482580350793
2021,00-0033881,Evan Engram,TE,NYG,73,5.013698630136986,0.0410958904109589,5,4,0.712698323677664
2021,00-0033885,David Njoku,TE,CLE,53,8.150943396226415,0.16981132075471697,9,5,0.6579889463928511
2021,00-0033891,Zay Jones,WR,LV,78,13.692307692307692,0.21794871794871795,10,3,0.5975330086090626
2021,00-0033893,Dalvin Cook,RB,MIN,49,-1.6122448979591837,0,3,0,0.8068039259132074
2021,00-0033895,Gerald Everett,TE,SEA,63,5.238095238095236,0.047619047619047616,8,7,0.7030238930195096
2021,00-0033897,Joe Mixon,RB,CIN,69,-0.34782608695652145,0.014492753623188406,11,6,0.7949718107347903
2021,00-0033906,Alvin Kamara,RB,NO,67,1.1492537313432842,0.029850746268656716,14,5,0.7549353935825291
2021,00-0033908,Cooper Kupp,WR,LA,234,8.64957264957265,0.13247863247863248,49,23,0.6829886298913223
2021,00-0033921,Chris Godwin,WR,TB,127,7.330708661417325,0.10236220472440945,26,8,0.7299143343459903
2021,00-0033923,Kareem Hunt,RB,CLE,27,0.14814814814814833,0,4,1,0.7899164866518091
2021,00-0033932,Kenny Golladay,WR,NYG,77,13.662337662337663,0.2077922077922078,11,3,0.5456368478087635
2021,00-0033943,Josh Reynolds,WR,DET,36,14.555555555555554,0.2222222222222222,5,2,0.5554543336232504
2021,00-0033948,Jamaal Williams,RB,DET,28,0.35714285714285715,0,0,0,0.7718939376728875
2021,00-0033955,Jeremy McNichols,RB,TEN,38,-0.05263157894736855,0,7,3,0.765337021727311
2021,00-0034011,Dan Arnold,TE,JAX,42,5.738095238095238,0.047619047619047616,4,2,0.6904607784180414
2021,00-0034052,Brandon Zylstra,WR,CAR,25,10.479999999999999,0.16,3,0,0.62882839977741245
2021,00-0034104,Cam Sims,WR,WAS,23,11.608695652173912,0.13043478260869565,5,2,0.6040669446406157
2021,00-0034159,Will Dissly,TE,SEA,26,4.307692307692308,0,3,1,0.7462029204918788
2021,00-0034253,Dontrell Hilliard,RB,TEN,29,-0.4827586206896554,0,5,1,0.7515018962580582
2021,00-0034270,Tyler Conklin,TE,MIN,87,5.333333333333334,0.04597701149425287,16,5,0.7327026567239872
2021,00-0034272,Marquez Valdes-Scantling,WR,GB,56,17.625,0.42857142857142855,9,4,0.5468253056917872
2021,00-0034297,Byron Pringle,WR,KC,77,9.74025974025974,0.18181818181818182,10,5,0.6620187720695099
2021,00-0034301,Darrel Williams,RB,KC,57,1.4385964912280709,0.017543859649122806,10,5,0.7672546061507443
2021,00-0034348,Courtland Sutton,WR,DEN,100,15.13,0.3,14,7,0.5742975708842277
2021,00-0034351,Dallas Goedert,TE,PHI,89,8.98876404494382,0.0898876404494382,8,4,0.6604255354136563
2021,00-0034364,Jordan Akins,TE,HOU,33,6.2727272727272725,0.030303030303030304,5,3,0.6858196168234854
2021,00-0034365,Ian Thomas,TE,CAR,30,6.099999999999999,0.1,4,0,0.6919302483399709
2021,00-0034367,Nyheim Hines,RB,IND,57,1.9824561403508776,0.03508771929824561,5,1,0.7342030327571066
2021,00-0034383,Dalton Schultz,TE,DAL,114,6.973684210526317,0.07017543859649122,16,9,0.7169169443741179
2021,00-0034407,Ray-Ray McCloud,WR,PIT,68,6.382352941176471,0.07352941176470588,10,3,0.6806201882222119
2021,00-0034411,Russell Gage,WR,ATL,94,9.319148936170215,0.11702127659574468,14,4,0.6422846150842118
2021,00-0034418,Cedrick Wilson,WR,DAL,72,10.291666666666666,0.18055555555555555,11,3,0.655306291869945
2021,00-0034419,Braxton Berrios,WR,NYJ,65,5.107692307692308,0.06153846153846154,8,5,0.7088711871550634
2021,00-0034440,Justin Jackson,RB,LAC,25,0.7999999999999998,0,5,1,0.8058117771148682
2021,00-0034487,Trent Sherfield,WR,SF,22,8.363636363636363,0.045454545454545456,4,3,0.6887341155247255
2021,00-0034521,Allen Lazard,WR,GB,61,10.803278688524589,0.14754098360655737,17,5,0.610053971654079
2021,00-0034676,James Washington,WR,PIT,47,12.255319148936172,0.2553191489361702,9,3,0.582404596691436
2021,00-0034681,Chase Edmonds,RB,ARI,54,0.7407407407407409,0.018518518518518517,7,1,0.7996194268818255
2021,00-0034753,Mark Andrews,TE,BAL,158,10.056962025316457,0.13924050632911392,27,16,0.6359740177853198
2021,00-0034764,Michael Gallup,WR,DAL,62,11.645161290322582,0.1935483870967742,8,2,0.6362524563747067
2021,00-0034765,Tre'Quan Smith,WR,NO,51,9.450980392156863,0.11764705882352941,10,5,0.6197998999964958
2021,00-0034775,Christian Kirk,WR,ARI,114,11.63157894736842,0.23684210526315788,10,6,0.6503395669554409
2021,00-0034777,D.J. Chark,WR,JAX,23,15.695652173913043,0.21739130434782608,2,1,0.5335794894591622
2021,00-0034791,Nick Chubb,RB,CLE,25,1,0.04,1,1,0.7852711427211762
2021,00-0034798,Durham Smythe,TE,MIA,41,6.341463414634146,0.04878048780487805,7,4,0.701132751819564
2021,00-0034827,D.J. Moore,WR,CAR,164,10.560975609756097,0.12804878048780488,15,10,0.6252472536956392
2021,00-0034829,Mike Gesicki,TE,MIA,113,9.20353982300885,0.07964601769911504,12,5,0.664585976474053
2021,00-0034830,Hayden Hurst,TE,ATL,31,6.612903225806452,0.06451612903225806,7,1,0.7099356603237891
2021,00-0034837,Calvin Ridley,WR,ATL,52,10.019230769230768,0.11538461538461539,11,5,0.6522138070028561
2021,00-0034844,Saquon Barkley,RB,NYG,57,0.5263157894736841,0.03508771929824561,3,1,0.7435125972618136
2021,00-0034845,Sony Michel,RB,LA,37,-0.7297297297297296,0,3,1,0.8267101081641944
2021,00-0034854,KhaDarel Hodge,WR,DET,28,10.928571428571429,0.17857142857142858,6,2,0.5853825993835926
2021,00-0034930,Trinity Benson,WR,DET,22,7.954545454545455,0.09090909090909091,1,0,0.659871211106127
2021,00-0034960,Jakobi Meyers,WR,NE,137,9.284671532846716,0.12408759124087591,19,11,0.6396370770504874
2021,00-0034972,Alexander Mattison,RB,MIN,39,0.0769230769230769,0,8,3,0.7995470869235504
2021,00-0034981,Foster Moreau,TE,LV,47,7.361702127659574,0.0851063829787234,8,2,0.6824642185201036
2021,00-0034983,Hunter Renfrow,WR,LV,140,6.435714285714286,0.06428571428571428,27,15,0.7007401562162807
2021,00-0035021,Ashton Dulin,WR,IND,22,13.818181818181818,0.2727272727272727,2,2,0.5974422916769981
2021,00-0035126,Antoine Wesley,WR,ARI,34,10.529411764705882,0.20588235294117646,6,4,0.6335693812545609
2021,00-0035140,Mecole Hardman,WR,KC,92,7.152173913043479,0.15217391304347827,18,8,0.7346251943837041
2021,00-0035208,Olamide Zaccheaus,WR,ATL,54,8.87037037037037,0.07407407407407407,9,6,0.6387678793183079
2021,00-0035215,Deonte Harris,WR,NO,59,10,0.1864406779661017,5,0,0.6593940773252713
2021,00-0035216,Diontae Johnson,WR,PIT,183,8.524590163934429,0.15300546448087432,28,13,0.6534051469277815
2021,00-0035222,Zach Gentry,TE,PIT,29,3.0689655172413794,0,6,3,0.7466405953826576
2021,00-0035229,T.J. Hockenson,TE,DET,86,7.209302325581395,0.06976744186046512,12,6,0.6780906066645024
2021,00-0035243,Miles Sanders,RB,PHI,37,-0.37837837837837807,0.02702702702702703,3,0,0.7970695930558283
2021,00-0035250,Devin Singletary,RB,BUF,59,-0.25423728813559354,0,7,2,0.8023487501225229
2021,00-0035261,Tony Pollard,RB,DAL,49,0.1632653061224493,0,8,1,0.7929833762499751
2021,00-0035311,Myles Gaskin,RB,MIA,63,0.5079365079365088,0.015873015873015872,9,6,0.7610458580274431
2021,00-0035329,Donald Parham,TE,LAC,28,4.5,0.03571428571428571,7,7,0.707708939909935
2021,00-0035414,Jalen Guyton,WR,LAC,48,10.479166666666668,0.125,7,3,0.648111255839467
2021,00-0035535,Darius Slayton,WR,NYG,58,13.327586206896552,0.1896551724137931,2,0,0.5948369012310587
2021,00-0035537,Ty Johnson,RB,NYJ,55,2.309090909090908,0.01818181818181818,4,0,0.7220613257451491
2021,00-0035594,Travis Homer,RB,SEA,20,2.3999999999999995,0,3,1,0.7329229220747948
2021,00-0035624,N'Keal Harry,WR,NE,22,14.863636363636363,0.3181818181818182,1,1,0.5957525656981901
2021,00-0035628,D'Ernest Johnson,RB,CLE,25,0.23999999999999977,0,1,0,0.7519550573825836
2021,00-0035639,Parris Campbell,WR,IND,20,16.7,0.3,1,0,0.5528419658541679
2021,00-0035640,DK Metcalf,WR,SEA,129,12.682170542635658,0.23255813953488372,20,5,0.6039621635924938
2021,00-0035644,Noah Fant,TE,DEN,91,6.065934065934066,0.06593406593406594,17,5,0.6953418092740761
2021,00-0035657,Damien Harris,RB,NE,22,-0.04545454545454554,0,2,0,0.8141426714983854
2021,00-0035659,Terry McLaurin,WR,WAS,130,13.053846153846155,0.23076923076923078,9,4,0.599810081261855
2021,00-0035662,Marquise Brown,WR,BAL,147,11.04761904761905,0.20408163265306123,18,9,0.6480052778307273
2021,00-0035664,Darrell Henderson,RB,LA,45,1.911111111111111,0.044444444444444446,11,5,0.7385669999652439
2021,00-0035676,A.J. Brown,WR,TEN,114,12.36842105263158,0.14912280701754385,12,4,0.6259091742206038
2021,00-0035685,David Montgomery,RB,CHI,51,0.8823529411764703,0,8,2,0.7515195286741444
2021,00-0035689,Dawson Knox,TE,BUF,80,7.575,0.125,21,11,0.6632722916081548
2021,00-0035700,Josh Jacobs,RB,LV,69,-0.33333333333333337,0,7,3,0.8048635976038118
2021,00-0035719,Deebo Samuel,WR,SF,135,7.859259259259258,0.1111111111111111,10,5,0.7039549600195001
2021,00-0035806,Jamycal Hasty,RB,SF,32,2,0,5,1,0.7161668813787401
2021,00-0035831,James Robinson,RB,JAX,46,0.8695652173913041,0,2,1,0.7728386106698409
2021,00-0035864,Kendall Hinton,WR,DEN,23,8.043478260869565,0.043478260869565216,2,2,0.6572872361411219
2021,00-0036040,Juwan Johnson,TE,NO,22,10.90909090909091,0.22727272727272727,7,3,0.593506861816753
2021,00-0036133,James Proche,WR,BAL,20,9.6,0.1,1,0,0.6801781311631203
2021,00-0036182,Nick Westbrook-Ikhine,WR,TEN,58,10.517241379310343,0.15517241379310345,11,5,0.6207089686188204
2021,00-0036196,Gabriel Davis,WR,BUF,76,14.302631578947366,0.2236842105263158,21,8,0.5680050263671499
2021,00-0036219,Marquez Callaway,WR,NO,84,12.619047619047619,0.20238095238095238,9,3,0.5686172200810342
2021,00-0036223,Jonathan Taylor,RB,IND,52,-0.8269230769230771,0,4,2,0.7849142138774579
2021,00-0036232,Harrison Bryant,TE,CLE,28,9.214285714285714,0.17857142857142858,6,3,0.6447802696909223
2021,00-0036233,Donovan Peoples-Jones,WR,CLE,59,15.355932203389832,0.2711864406779661,4,3,0.571538601133783
2021,00-0036247,Freddie Swain,WR,SEA,41,7.951219512195122,0.14634146341463414,5,2,0.6739365967308603
2021,00-0036251,Zack Moss,RB,BUF,32,0.8125,0,6,3,0.7856196947395802
2021,00-0036252,Michael Pittman,WR,IND,130,9.653846153846152,0.13076923076923078,18,10,0.638096900169666
2021,00-0036254,Collin Johnson,WR,NYG,21,8.476190476190476,0.047619047619047616,1,1,0.6667520105838776
2021,00-0036255,Denzel Mims,WR,NYJ,23,11.652173913043478,0.17391304347826086,2,2,0.5936507064363231
2021,00-0036259,Jauan Jennings,WR,SF,47,8.808510638297872,0.10638297872340426,7,3,0.6642785046962981
2021,00-0036261,Brandon Aiyuk,WR,SF,101,9.673267326732674,0.0891089108910891,12,9,0.6507569446717159
2021,00-0036265,A.J. Dillon,RB,GB,37,0.3783783783783783,0,5,1,0.7986953741795307
2021,00-0036268,Laviska Shenault,WR,JAX,100,5.540000000000001,0.05,10,5,0.7095003005862236
2021,00-0036271,Quez Watkins,WR,PHI,70,13.47142857142857,0.3,10,5,0.5941760405898094
2021,00-0036275,D'Andre Swift,RB,DET,78,-0.012820512820512888,0,11,3,0.7812451831041238
2021,00-0036277,Quintez Cephus,WR,DET,23,11,0.21739130434782608,4,3,0.6199918784525084
2021,00-0036290,Cole Kmet,TE,CHI,93,7.752688172043011,0.07526881720430108,14,4,0.674459566352188
2021,00-0036309,Darnell Mooney,WR,CHI,141,11.042553191489361,0.16312056737588654,12,7,0.6259588261022635
2021,00-0036322,Justin Jefferson,WR,MIN,170,12.217647058823529,0.2235294117647059,25,12,0.6197643704274121
2021,00-0036326,Chase Claypool,WR,PIT,112,11.535714285714286,0.20535714285714285,14,7,0.6112064187015805
2021,00-0036328,Antonio Gibson,RB,WAS,53,-0.13207547169811365,0.018867924528301886,7,5,0.7607700526714325
2021,00-0036331,Devin Duvernay,WR,BAL,47,6.042553191489363,0.0425531914893617,8,5,0.7108253633722346
2021,00-0036332,Josiah Deguara,TE,GB,34,3.88235294117647,0.029411764705882353,7,1,0.7408198302283007
2021,00-0036345,K.J. Osborn,WR,MIN,82,10.426829268292686,0.1951219512195122,9,5,0.6373946297822928
2021,00-0036357,NA,NA,LV,36,16.88888888888889,0.3333333333333333,1,0,0.6078860734899839
2021,00-0036358,CeeDee Lamb,WR,DAL,126,10.1984126984127,0.1984126984126984,13,5,0.6764839904175864
2021,00-0036360,Clyde Edwards-Helaire,RB,KC,28,-1.714285714285714,0,5,4,0.8324117468936103
2021,00-0036365,Bryan Edwards,WR,LV,66,13.636363636363635,0.2727272727272727,9,6,0.6087103641845963
2021,00-0036387,Jalen Reagor,WR,PHI,60,9.4,0.15,5,2,0.6484822494288286
2021,00-0036407,Jerry Jeudy,WR,DEN,56,10.625,0.125,3,1,0.6579685243112701
2021,00-0036410,Tee Higgins,WR,CIN,141,11.843971631205672,0.14893617021276595,19,10,0.6125066969411593
2021,00-0036415,Van Jefferson,WR,LA,106,13.820754716981133,0.22641509433962265,18,9,0.6051063751274685
2021,00-0036422,Adam Trautman,TE,NO,44,5.613636363636363,0.06818181818181818,9,4,0.6970621631904081
2021,00-0036423,Albert Okwuegbunam,TE,DEN,40,5.650000000000001,0.1,5,4,0.7394579119980336
2021,00-0036425,DeeJay Dallas,RB,SEA,23,1.695652173913044,0.08695652173913043,2,0,0.7744034036346104
2021,00-0036427,Tyler Johnson,WR,TB,65,7.153846153846155,0.09230769230769231,12,7,0.6948105339820568
2021,00-0036550,Rashod Bateman,WR,BAL,68,8.794117647058822,0.11764705882352941,6,2,0.6706071883878287
2021,00-0036554,Nico Collins,WR,HOU,60,10.616666666666667,0.13333333333333333,6,5,0.617031725247701
2021,00-0036555,Chuba Hubbard,RB,CAR,37,0.37837837837837807,0,3,2,0.7727844634571591
2021,00-0036556,Brevin Jordan,TE,HOU,28,5.678571428571429,0.07142857142857142,4,2,0.700095667370728
2021,00-0036567,Elijah Mitchell,RB,SF,29,-0.31034482758620713,0,2,1,0.8007273694564556
2021,00-0036613,Jaylen Waddle,WR,MIA,140,7.092857142857143,0.08571428571428572,15,8,0.6929015994071961
2021,00-0036620,D'Wayne Eskridge,WR,SEA,20,12.6,0.25,4,1,0.6057606935501099
2021,00-0036626,Dyami Brown,WR,WAS,25,15.239999999999998,0.32,3,0,0.5811799013614655
2021,00-0036628,John Bates,TE,WAS,25,5.959999999999999,0.08,3,0,0.7057321906089783
2021,00-0036654,Demetric Felton,RB,CLE,21,0.4285714285714285,0.047619047619047616,2,1,0.7854204589412326
2021,00-0036862,Ben Skowronek,WR,LA,26,10.846153846153847,0.15384615384615385,2,2,0.6753801588828747
2021,00-0036875,Rhamondre Stevenson,RB,NE,22,-0.2727272727272729,0.045454545454545456,3,1,0.7881917167793621
2021,00-0036893,Najee Harris,RB,PIT,96,-0.23958333333333334,0,14,6,0.7837216161812345
2021,00-0036894,Pat Freiermuth,TE,PIT,85,5.105882352941176,0.023529411764705882,21,10,0.7026511223877178
2021,00-0036900,Ja'Marr Chase,WR,CIN,163,11.975460122699385,0.2085889570552147,18,9,0.6229549192029273
2021,00-0036912,DeVonta Smith,WR,PHI,117,13.58974358974359,0.2564102564102564,11,7,0.5944429376186469
2021,00-0036913,Kadarius Toney,WR,NYG,57,6.438596491228071,0.08771929824561403,5,2,0.6925366737863474
2021,00-0036919,Kenneth Gainwell,RB,PHI,55,1.5636363636363644,0.01818181818181818,11,1,0.7538229958577589
2021,00-0036924,Michael Carter,RB,NYJ,55,0.5999999999999999,0,2,1,0.7698000366037542
2021,00-0036936,Rondale Moore,WR,ARI,70,1.5285714285714291,0.05714285714285714,8,2,0.8010092279740743
2021,00-0036955,Terrace Marshall,WR,CAR,31,6.870967741935484,0.03225806451612903,4,3,0.68051774367209406
2021,00-0036963,Amon-Ra St. Brown,WR,DET,121,6.900826446280992,0.0743801652892562,17,7,0.6755726794319704
2021,00-0036970,Kyle Pitts,TE,ATL,110,10.8,0.11818181818181818,15,7,0.638382042538036
2021,00-0036980,Elijah Moore,WR,NYJ,78,11.551282051282053,0.24358974358974358,9,3,0.5992665871595725
2021,00-0036988,Josh Palmer,WR,LAC,49,9.979591836734695,0.14285714285714285,8,5,0.6544462475849657
2021,00-0036997,Javonte Williams,RB,DEN,53,-0.22641509433962287,0,8,3,0.7854059226108048
2021,00-0036999,Anthony Schwartz,WR,CLE,23,17.217391304347824,0.30434782608695654,2,1,0.5652625262737274
2021,00-0037005,Tommy Tremble,TE,CAR,36,8.027777777777779,0.1111111111111111,5,5,0.6574763581156731
2022,00-0027942,A.J. Green,WR,ARI,49,10.693877551020408,0.1836734693877551,8,6,0.6054567007385955
2022,00-0027944,Julio Jones,WR,TB,54,12.314814814814815,0.24074074074074073,16,6,0.586376093879894
2022,00-0028002,Randall Cobb,WR,GB,50,9.5,0.14,7,2,0.6383915147185326
2022,00-0029293,Marvin Jones,WR,JAX,90,13.366666666666667,0.2,12,6,0.5719335950083203
2022,00-0029892,Kyle Juszczyk,RB,SF,24,2.75,0.041666666666666664,2,2,0.7428081855177879
2022,00-0030035,Adam Thielen,WR,MIN,113,9.84070796460177,0.10619469026548672,24,13,0.6512945523831697
2022,00-0030061,Zach Ertz,TE,ARI,71,7.774647887323945,0.11267605633802817,17,12,0.6763030475294086
2022,00-0030068,Marquise Goodwin,WR,SEA,42,10.523809523809524,0.19047619047619047,5,0,0.6027744391134807
2022,00-0030279,Keenan Allen,WR,LAC,102,8.1078431372549,0.10784313725490197,20,10,0.6785125796701393
2022,00-0030288,Rex Burkhead,RB,HOU,51,1.6666666666666665,0,9,5,0.7192573640860763
2022,00-0030431,Robert Woods,WR,TEN,91,7.802197802197801,0.04395604395604396,14,5,0.6390500631961193
2022,00-0030506,Travis Kelce,TE,KC,184,6.961956521739129,0.059782608695652176,39,23,0.7062426967465358
2022,00-0030513,Latavius Murray,RB,DEN,34,-1.7941176470588238,0,0,0,0.8029093742370605
2022,00-0030564,DeAndre Hopkins,WR,ARI,98,10,0.14285714285714285,8,4,0.6327865400484629
2022,00-0030578,Cordarrelle Patterson,RB,ATL,31,2.419354838709677,0.03225806451612903,4,2,0.7300793826580048
2022,00-0031236,Brandin Cooks,WR,HOU,93,10.731182795698922,0.1935483870967742,10,4,0.6062636577313947
2022,00-0031260,Logan Thomas,TE,WAS,61,7.049180327868852,0.06557377049180328,9,3,0.6648889457593199
2022,00-0031273,Cameron Brate,TE,TB,41,7.341463414634146,0.04878048780487805,5,3,0.6700223415363126
2022,00-0031325,Sammy Watkins,WR,GB,22,12,0.22727272727272727,5,2,0.6348551389845934
2022,00-0031376,Jerick McKinnon,RB,KC,79,0.607594936708861,0,19,14,0.7656380292735522
2022,00-0031381,Davante Adams,WR,LV,181,11.773480662983426,0.19889502762430938,23,13,0.6206683179785533
2022,00-0031382,Jarvis Landry,WR,NO,40,9.4,0.125,7,3,0.6170502789318562
2022,00-0031408,Mike Evans,WR,TB,140,13.042857142857143,0.24285714285714285,16,9,0.5794605903327466
2022,00-0031428,Allen Robinson,WR,LA,52,9.653846153846153,0.1346153846153846,14,12,0.5795863743584889
2022,00-0031544,Amari Cooper,WR,CLE,132,12.030303030303031,0.17424242424242425,18,7,0.5667651732536879
2022,00-0031547,DeVante Parker,WR,NE,47,15.851063829787233,0.3191489361702128,4,2,0.5502805399133804
2022,00-0031549,Nelson Agholor,WR,NE,53,12.320754716981133,0.24528301886792453,3,1,0.6316647850117594
2022,00-0031585,MyCole Pruitt,TE,ATL,21,5.619047619047619,0.047619047619047616,8,5,0.6678895595527831
2022,00-0031588,Stefon Diggs,WR,BUF,173,11.722543352601159,0.1791907514450867,26,12,0.636161250444506
2022,00-0031610,Darren Waller,TE,LV,44,13.15909090909091,0.3181818181818182,12,8,0.5827761356803504
2022,00-0031687,Raheem Mostert,RB,MIA,42,1.1428571428571432,0,7,4,0.7410663139252436
2022,00-0031763,DeAndre Carter,WR,LAC,68,8.691176470588236,0.11764705882352941,10,4,0.6752171389320317
2022,00-0031868,Damiere Byrd,WR,ATL,23,20.34782608695652,0.34782608695652173,0,0,0.5202463023040605
2022,00-0032104,Ameer Abdullah,RB,LV,32,2.96875,0.0625,7,1,0.7145977239124477
2022,00-0032134,C.J. Uzomah,TE,NYJ,27,7.2592592592592595,0.1111111111111111,1,1,0.6821297252619708
2022,00-0032144,Melvin Gordon,RB,DEN,32,0.71875,0,2,1,0.7533268351107836
2022,00-0032208,Phillip Dorsett,WR,HOU,40,11.125,0.2,2,1,0.6150583878159523
2022,00-0032211,Tyler Lockett,WR,SEA,125,10.368,0.152,10,5,0.6303115680217742
2022,00-0032385,Sterling Shepard,WR,NYG,24,9.375,0.16666666666666666,1,0,0.6579724662005901
2022,00-0032392,Austin Hooper,TE,TEN,60,7.816666666666666,0.06666666666666667,7,2,0.6463118190566699
2022,00-0032398,Chris Moore,WR,HOU,74,8.810810810810814,0.13513513513513514,11,2,0.6309772786256429
2022,00-0032464,Kalif Raymond,WR,DET,64,9.96875,0.203125,9,3,0.667945031542331
2022,00-0032602,J.D. McKissic,RB,WAS,42,1.285714285714286,0,6,6,0.7197059513557524
2022,00-0032688,Robby Anderson,WR,CAR,27,11.888888888888891,0.14814814814814814,2,1,0.6440854690693043
2022,00-0032764,Derrick Henry,RB,TEN,41,0.09756097560975603,0,6,3,0.7888249384193886
2022,00-0032765,Michael Thomas,WR,NO,22,10.772727272727273,0.045454545454545456,3,3,0.612108515067534
2022,00-0032775,Demarcus Robinson,WR,BAL,78,9.153846153846153,0.14102564102564102,11,4,0.6330058118089651
2022,00-0032980,Marcus Johnson,WR,NYG,24,10.5,0.08333333333333333,4,4,0.5721349983165661
2022,00-0033009,Tyler Boyd,WR,CIN,92,9.347826086956522,0.10869565217391304,14,7,0.633557722620342
2022,00-0033040,Tyreek Hill,WR,MIA,186,12.17741935483871,0.20967741935483872,13,8,0.6323275985096091
2022,00-0033045,Ezekiel Elliott,RB,DAL,29,0.13793103448275892,0,3,2,0.7923220755725071
2022,00-0033090,Hunter Henry,TE,NE,59,7.694915254237288,0.11864406779661017,7,3,0.6716309454986604
2022,00-0033110,Tyler Higbee,TE,LA,108,3.0277777777777772,0.009259259259259259,16,10,0.735827241230894
2022,00-0033118,Kenyan Drake,RB,BAL,26,-0.6153846153846152,0.038461538461538464,6,1,0.7761884280122243
2022,00-0033217,Mo Alie-Cox,TE,IND,28,5.392857142857143,0.03571428571428571,4,3,0.6841126084327698
2022,00-0033246,Johnny Mundt,TE,MIN,22,1.318181818181818,0,3,2,0.8042062331329692
2022,00-0033251,Zach Pascal,WR,PHI,23,5.91304347826087,0.043478260869565216,2,0,0.7090360107629196
2022,00-0033280,Christian McCaffrey,RB,CAR,43,-0.02325581395348829,0,4,0,0.7448907383652621
2022,00-0033280,Christian McCaffrey,RB,SF,79,1.8481012658227853,0.05063291139240506,11,5,0.7263303689564331
2022,00-0033282,Curtis Samuel,WR,WAS,93,6.634408602150535,0.0967741935483871,12,9,0.6723527986836689
2022,00-0033288,George Kittle,TE,SF,98,6.785714285714286,0.09183673469387756,17,9,0.6763783608164106
2022,00-0033293,Aaron Jones,RB,GB,73,0.21917808219178025,0.0547945205479452,11,6,0.762510499725603
2022,00-0033307,Kendrick Bourne,WR,NE,48,10.270833333333332,0.20833333333333334,5,2,0.6348909785350164
2022,00-0033308,Matt Breida,RB,NYG,26,2.5384615384615383,0.038461538461538464,0,0,0.7194074461093316
2022,00-0033466,Isaiah McKenzie,WR,BUF,67,8.328358208955224,0.11940298507462686,12,5,0.6694246919742272
2022,00-0033526,Samaje Perine,RB,CIN,61,-0.016393442622951462,0.03278688524590164,8,2,0.7746767401695251
2022,00-0033536,Mike Williams,WR,LAC,93,12,0.17204301075268819,14,1,0.6273537672335102
2022,00-0033553,James Conner,RB,ARI,58,-0.8103448275862073,0.017241379310344827,4,2,0.799065720932237
2022,00-0033555,Mack Hollins,WR,LV,94,12.680851063829788,0.18085106382978725,12,7,0.6089066127513317
2022,00-0033572,Jamal Agnew,WR,JAX,35,5.542857142857142,0.08571428571428572,9,6,0.7140654376574925
2022,00-0033576,Eric Saubert,TE,DEN,24,8.416666666666668,0.16666666666666666,3,0,0.6378552863995234
2022,00-0033591,Noah Brown,WR,DAL,79,10.215189873417721,0.11392405063291139,14,6,0.6284676769488975
2022,00-0033681,Keelan Cole,WR,LV,21,16.428571428571427,0.3333333333333333,3,1,0.5289723568019413
2022,00-0033699,Austin Ekeler,RB,LAC,131,-0.8473282442748091,0.007633587786259542,26,13,0.7840678043492878
2022,00-0033757,Robert Tonyan,TE,GB,67,5.820895522388062,0.07462686567164178,9,0,0.7059512907889351
2022,00-0033854,Dare Ogunbowale,RB,HOU,26,-0.42307692307692285,0,2,1,0.7758461523514527
2022,00-0033856,Leonard Fournette,RB,TB,84,-0.6547619047619045,0,10,4,0.7919690793468839
2022,00-0033857,JuJu Smith-Schuster,WR,KC,114,7.280701754385964,0.02631578947368421,19,5,0.7084141695185712
2022,00-0033858,Jonnu Smith,TE,NE,38,3.052631578947368,0.02631578947368421,4,2,0.7586912936285922
2022,00-0033871,Corey Davis,WR,NYJ,64,13.453125,0.15625,8,3,0.5715649495832622
2022,00-0033879,O.J. Howard,TE,HOU,23,11,0.13043478260869565,3,1,0.6137033467707427
2022,00-0033881,Evan Engram,TE,JAX,118,5.805084745762711,0.07627118644067797,14,8,0.6999825042183117
2022,00-0033885,David Njoku,TE,CLE,80,6.525000000000001,0.1125,20,7,0.6781596763059496
2022,00-0033891,Zay Jones,WR,JAX,142,8.788732394366198,0.09859154929577464,22,8,0.645657353522912
2022,00-0033893,Dalvin Cook,RB,MIN,63,-0.7619047619047616,0,12,4,0.7695406892943004
2022,00-0033895,Gerald Everett,TE,LAC,96,5.625,0.041666666666666664,19,9,0.6996709331870079
2022,00-0033897,Joe Mixon,RB,CIN,85,-0.3647058823529413,0,15,7,0.7737707281813903
2022,00-0033906,Alvin Kamara,RB,NO,77,0.9480519480519485,0,11,1,0.7620763219409175
2022,00-0033908,Cooper Kupp,WR,LA,98,7.183673469387754,0.12244897959183673,11,6,0.6881650169284976
2022,00-0033921,Chris Godwin,WR,TB,159,5.371069182389936,0.03773584905660377,20,13,0.7218826148869857
2022,00-0033923,Kareem Hunt,RB,CLE,44,-0.4545454545454547,0,8,3,0.7667738531123508
2022,00-0033943,Josh Reynolds,WR,DET,59,11.932203389830509,0.1864406779661017,13,10,0.6110846430568372
2022,00-0034115,Jeffery Wilson,RB,MIA,28,2.3928571428571432,0.03571428571428571,3,2,0.7233370499951499
2022,00-0034159,Will Dissly,TE,SEA,38,5.421052631578948,0.02631578947368421,6,2,0.7384769430286006
2022,00-0034253,Dontrell Hilliard,RB,TEN,26,1.5,0,7,2,0.69466660458308
2022,00-0034270,Tyler Conklin,TE,NYJ,87,6.827586206896551,0.06896551724137931,4,3,0.6625772819094274
2022,00-0034272,Marquez Valdes-Scantling,WR,KC,92,14.217391304347824,0.22826086956521738,13,6,0.5880609214629816
2022,00-0034279,Equanimeous St. Brown,WR,CHI,39,12.769230769230768,0.20512820512820512,4,0,0.579264855155578
2022,00-0034286,Richie James,WR,NYG,86,6.813953488372093,0.03488372093023256,9,4,0.6803125406420508
2022,00-0034348,Courtland Sutton,WR,DEN,109,12.275229357798164,0.1834862385321101,14,6,0.5711239825148102
2022,00-0034351,Dallas Goedert,TE,PHI,87,5.988505747126436,0.034482758620689655,14,4,0.724705211390024
2022,00-0034364,Jordan Akins,TE,HOU,56,6,0.07142857142857142,13,5,0.6638036782720259
2022,00-0034365,Ian Thomas,TE,CAR,30,2.3000000000000007,0.06666666666666667,2,0,0.766841917236646
2022,00-0034367,Nyheim Hines,RB,IND,28,1.6071428571428568,0.03571428571428571,4,0,0.7652319180113929
2022,00-0034383,Dalton Schultz,TE,DAL,107,7.616822429906542,0.07476635514018691,20,10,0.6694781990530335
2022,00-0034386,Justin Watson,WR,KC,37,18,0.3783783783783784,3,2,0.5393519465987747
2022,00-0034407,Ray-Ray McCloud,WR,SF,25,11.8,0.2,1,1,0.6160729420185089
2022,00-0034411,Russell Gage,WR,TB,80,5.3875,0.0375,23,12,0.6785324648022651
2022,00-0034419,Braxton Berrios,WR,NYJ,32,6.8125,0.125,5,3,0.6698937169276178
2022,00-0034487,Trent Sherfield,WR,MIA,53,11.30188679245283,0.1509433962264151,8,2,0.6026436270407911
2022,00-0034521,Allen Lazard,WR,GB,101,12.386138613861387,0.2376237623762376,19,11,0.5825473487672239
2022,00-0034646,Brandon Powell,WR,LA,32,1.5,0.09375,6,2,0.7641405635513365
2022,00-0034753,Mark Andrews,TE,BAL,124,9.725806451612904,0.08870967741935484,21,8,0.6402173480920254
2022,00-0034764,Michael Gallup,WR,DAL,83,11.325301204819278,0.12048192771084337,14,8,0.5964697807668203
2022,00-0034765,Tre'Quan Smith,WR,NO,27,12.25925925925926,0.1111111111111111,2,1,0.6187088588873545
2022,00-0034775,Christian Kirk,WR,JAX,162,9.006172839506174,0.12962962962962962,26,13,0.6506231991045269
2022,00-0034777,D.J. Chark,WR,DET,52,15.230769230769232,0.28846153846153844,4,2,0.5943911132904199
2022,00-0034791,Nick Chubb,RB,CLE,37,0,0.02702702702702703,1,1,0.7685810504732905
2022,00-0034798,Durham Smythe,TE,MIA,21,4.333333333333334,0.047619047619047616,3,1,0.7008650160971142
2022,00-0034827,D.J. Moore,WR,CAR,118,13,0.23728813559322035,11,5,0.5853861630341763
2022,00-0034829,Mike Gesicki,TE,MIA,59,9.694915254237289,0.11864406779661017,15,9,0.6014010820348383
2022,00-0034830,Hayden Hurst,TE,CIN,85,5.141176470588236,0.023529411764705882,14,5,0.7138319892041823
2022,00-0034844,Saquon Barkley,RB,NYG,86,-0.29069767441860556,0.023255813953488372,3,2,0.7579719971778781
2022,00-0034854,KhaDarel Hodge,WR,ATL,21,12.857142857142856,0.23809523809523808,1,1,0.6079189898002715
2022,00-0034860,Dante Pettis,WR,CHI,42,8.880952380952381,0.14285714285714285,6,3,0.5908142282139688
2022,00-0034928,Steven Sims,WR,PIT,23,4.478260869565217,0.043478260869565216,1,0,0.6776045353516288
2022,00-0034960,Jakobi Meyers,WR,NE,98,9.73469387755102,0.15306122448979592,10,7,0.6407712396918511
2022,00-0034970,Irv Smith,TE,MIN,38,4.394736842105263,0.02631578947368421,8,4,0.7255266151930156
2022,00-0034981,Foster Moreau,TE,LV,54,8.111111111111109,0.09259259259259259,5,3,0.6599544788952227
2022,00-0034983,Hunter Renfrow,WR,LV,51,6.764705882352941,0.058823529411764705,6,2,0.7095596991917666
2022,00-0035021,Ashton Dulin,WR,IND,22,11.454545454545455,0.09090909090909091,4,2,0.6002478545362299
2022,00-0035125,Alec Ingold,RB,MIA,23,2.3478260869565206,0.043478260869565216,2,0,0.7673779596453127
2022,00-0035140,Mecole Hardman,WR,KC,37,7.837837837837837,0.16216216216216217,10,6,0.6885932732272793
2022,00-0035208,Olamide Zaccheaus,WR,ATL,61,11.836065573770492,0.22950819672131148,6,3,0.605133837363759
2022,00-0035216,Diontae Johnson,WR,PIT,149,10.093959731543624,0.14093959731543623,20,7,0.6030079116357252
2022,00-0035222,Zach Gentry,TE,PIT,23,2.7826086956521743,0.043478260869565216,2,2,0.7447486843751825
2022,00-0035229,T.J. Hockenson,TE,DET,44,7.75,0.045454545454545456,8,5,0.7002391889691353
2022,00-0035229,T.J. Hockenson,TE,MIN,98,7.316326530612246,0.07142857142857142,15,6,0.6750481648712742
2022,00-0035243,Miles Sanders,RB,PHI,28,0.8214285714285723,0.03571428571428571,0,0,0.7954428238528115
2022,00-0035249,Josh Oliver,TE,BAL,27,8.074074074074073,0.14814814814814814,10,3,0.6611707795549322
2022,00-0035250,Devin Singletary,RB,BUF,60,0.06666666666666675,0,9,3,0.782487856845061
2022,00-0035261,Tony Pollard,RB,DAL,61,1.1967213114754103,0.03278688524590164,9,5,0.7541642609189768
2022,00-0035298,Scott Miller,WR,TB,40,12.8,0.25,5,3,0.6129914365708828
2022,00-0035341,Trenton Irwin,WR,CIN,27,10.518518518518519,0.1111111111111111,5,3,0.5936565586814174
2022,00-0035500,Greg Dortch,WR,ARI,64,4.9375,0.046875,7,3,0.7284094071947038
2022,00-0035535,Darius Slayton,WR,NYG,84,12.261904761904763,0.15476190476190477,4,2,0.6314851324118319
2022,00-0035537,Ty Johnson,RB,NYJ,24,2,0.041666666666666664,0,0,0.7136766264835993
2022,00-0035639,Parris Campbell,WR,IND,92,6.347826086956521,0.08695652173913043,10,6,0.6713527666161889
2022,00-0035640,DK Metcalf,WR,SEA,156,11.301282051282051,0.1282051282051282,32,13,0.5975148669229103
2022,00-0035644,Noah Fant,TE,SEA,65,6.4,0.06153846153846154,10,8,0.7010777111236866
2022,00-0035657,Damien Harris,RB,NE,23,1.0869565217391302,0,7,6,0.7524730770484261
2022,00-0035659,Terry McLaurin,WR,WAS,120,12.808333333333332,0.23333333333333334,14,3,0.5852324473361175
2022,00-0035662,Marquise Brown,WR,ARI,107,11.261682242990654,0.21495327102803738,12,2,0.6446334540008385
2022,00-0035664,NA,NA,LA,22,1.2727272727272727,0.045454545454545456,2,0,0.7606803978031332
2022,00-0035676,A.J. Brown,WR,PHI,167,12.239520958083833,0.20359281437125748,16,8,0.6279796086207122
2022,00-0035685,David Montgomery,RB,CHI,40,1.275,0.025,3,1,0.759313590079546
2022,00-0035689,Dawson Knox,TE,BUF,77,8,0.09090909090909091,14,7,0.6609057776339643
2022,00-0035700,Josh Jacobs,RB,LV,64,0.546875,0,4,1,0.7937757531180978
2022,00-0035719,Deebo Samuel,WR,SF,116,4.879310344827585,0.06896551724137931,14,7,0.730600754762518
2022,00-0035771,Mitchell Wilcox,TE,CIN,22,4.181818181818182,0,2,0,0.7522276369008151
2022,00-0035806,Jamycal Hasty,RB,JAX,28,-0.9285714285714287,0,1,1,0.7527132853865623
2022,00-0035864,Kendall Hinton,WR,DEN,33,9.181818181818183,0.12121212121212122,4,2,0.6166556193069979
2022,00-0036040,Juwan Johnson,TE,NO,65,9.061538461538461,0.06153846153846154,11,4,0.6405499274914082
2022,00-0036145,Lawrence Cager,TE,NYG,22,5.5,0.045454545454545456,3,3,0.6499745805155147
2022,00-0036165,Isaiah Hodgins,WR,NYG,54,9,0.05555555555555555,9,6,0.6313907128793221
2022,00-0036182,Nick Westbrook-Ikhine,WR,TEN,50,12.82,0.2,7,3,0.5735635927319527
2022,00-0036196,Gabe Davis,WR,BUF,106,15.981132075471699,0.2830188679245283,17,5,0.5639320380001698
2022,00-0036219,Marquez Callaway,WR,NO,32,12.15625,0.1875,5,2,0.5888840672560036
2022,00-0036223,Jonathan Taylor,RB,IND,42,-1.5476190476190477,0,5,3,0.7880490592547825
2022,00-0036232,Harrison Bryant,TE,CLE,43,5.5813953488372094,0.023255813953488372,9,5,0.6909533891566965
2022,00-0036233,Donovan Peoples-Jones,WR,CLE,96,11.666666666666666,0.17708333333333334,13,7,0.5991290964496633
2022,00-0036244,Colby Parkinson,TE,SEA,40,7.825,0.1,7,2,0.668342112749815
2022,00-0036252,Michael Pittman,WR,IND,142,6.859154929577466,0.04225352112676056,15,10,0.6842250240520692
2022,00-0036255,Denzel Mims,WR,NYJ,25,12.52,0.24,1,0,0.6018181788921356
2022,00-0036259,Jauan Jennings,WR,SF,63,9.126984126984127,0.12698412698412698,4,2,0.6410949268038311
2022,00-0036261,Brandon Aiyuk,WR,SF,124,10.556451612903224,0.14516129032258066,17,4,0.6497381794596871
2022,00-0036265,A.J. Dillon,RB,GB,43,0.5348837209302326,0,4,2,0.7674096947492555
2022,00-0036268,Laviska Shenault,WR,CAR,32,-0.6875,0.03125,2,0,0.8162308158352971
2022,00-0036271,Quez Watkins,WR,PHI,54,10.074074074074073,0.2222222222222222,4,1,0.6620922480468396
2022,00-0036275,D'Andre Swift,RB,DET,70,0.45714285714285735,0.014285714285714285,14,3,0.7539723091891833
2022,00-0036290,Cole Kmet,TE,CHI,70,6.628571428571429,0.1,11,6,0.677058150087084
2022,00-0036309,Darnell Mooney,WR,CHI,62,11.822580645161288,0.22580645161290322,8,4,0.6045629807537602
2022,00-0036322,Justin Jefferson,WR,MIN,194,10.067010309278352,0.14432989690721648,33,21,0.6420164455458062
2022,00-0036326,Chase Claypool,WR,CHI,29,11.862068965517244,0.3103448275862069,2,1,0.5899988669773628
2022,00-0036326,Chase Claypool,WR,PIT,50,9.46,0.16,4,2,0.6333618569374084
2022,00-0036328,Antonio Gibson,RB,WAS,58,1.1896551724137927,0.017241379310344827,6,2,0.738865654787113
2022,00-0036331,Devin Duvernay,WR,BAL,49,8.979591836734693,0.1836734693877551,8,4,0.6602701371421619
2022,00-0036345,K.J. Osborn,WR,MIN,93,8.419354838709676,0.13978494623655913,12,6,0.6758721405139534
2022,00-0036358,CeeDee Lamb,WR,DAL,175,9.925714285714285,0.1657142857142857,18,6,0.6640048829146794
2022,00-0036360,Clyde Edwards-Helaire,RB,KC,23,0.43478260869565205,0,6,5,0.7899250271527664
2022,00-0036370,Joshua Kelley,RB,LAC,26,2,0,1,0,0.7421467120830829
2022,00-0036383,Eno Benjamin,RB,ARI,33,-1.181818181818182,0,5,1,0.8067766193187598
2022,00-0036407,Jerry Jeudy,WR,DEN,100,11.5,0.23,11,6,0.6042690968513489
2022,00-0036410,Tee Higgins,WR,CIN,132,10.84090909090909,0.1590909090909091,16,8,0.6096277339666178
2022,00-0036415,Van Jefferson,WR,LA,44,15.795454545454545,0.20454545454545456,5,3,0.5479281832548705
2022,00-0036422,Adam Trautman,TE,NO,22,5.363636363636363,0,3,0,0.7191687470132654
2022,00-0036493,Deon Jackson,RB,IND,34,-0.5,0,3,1,0.7622496503240922
2022,00-0036550,Rashod Bateman,WR,BAL,28,13.357142857142856,0.25,1,1,0.6478603178901332
2022,00-0036554,Nico Collins,WR,HOU,66,11.272727272727272,0.13636363636363635,8,3,0.6043423696449308
2022,00-0036556,Brevin Jordan,TE,HOU,28,7.071428571428572,0.03571428571428571,2,0,0.6755745794091906
2022,00-0036572,Shi Smith,WR,CAR,42,7.357142857142857,0.09523809523809523,6,2,0.6638749064434142
2022,00-0036613,Jaylen Waddle,WR,MIA,125,12.544000000000002,0.176,10,6,0.611706884264946
2022,00-0036628,John Bates,TE,WAS,22,5.1818181818181825,0.045454545454545456,2,0,0.7038582251830534
2022,00-0036637,Noah Gray,TE,KC,38,5.2368421052631575,0.02631578947368421,4,2,0.7421293337094156
2022,00-0036754,Brock Wright,TE,DET,24,3,0,5,4,0.7619294201334318
2022,00-0036849,Tutu Atwell,WR,LA,35,17.771428571428572,0.3142857142857143,2,1,0.5393150751079832
2022,00-0036862,Ben Skowronek,WR,LA,61,7.868852459016392,0.14754098360655737,3,1,0.6920805480636534
2022,00-0036875,Rhamondre Stevenson,RB,NE,90,-0.11111111111111116,0.011111111111111112,9,4,0.7740641994608773
2022,00-0036876,Kylen Granson,TE,IND,40,6.474999999999999,0.05,3,0,0.707232654094696
2022,00-0036893,Najee Harris,RB,PIT,53,1.6981132075471703,0.018867924528301886,7,5,0.7163890125054233
2022,00-0036894,Pat Freiermuth,TE,PIT,98,8.275510204081632,0.11224489795918367,13,6,0.6263198441996867
2022,00-0036900,Ja'Marr Chase,WR,CIN,162,8.975308641975309,0.1111111111111111,30,11,0.6474866827512965
2022,00-0036912,DeVonta Smith,WR,PHI,159,9.861635220125786,0.15723270440251572,18,6,0.6600125581963258
2022,00-0036913,Kadarius Toney,WR,KC,27,4.333333333333334,0.14814814814814814,6,5,0.7547363153210392
2022,00-0036919,Kenneth Gainwell,RB,PHI,38,0.8684210526315791,0,7,5,0.7811493261864311
2022,00-0036924,Michael Carter,RB,NYJ,54,0.5740740740740743,0,8,3,0.7295049558635112
2022,00-0036936,Rondale Moore,WR,ARI,56,5.517857142857143,0.07142857142857142,7,2,0.7198959926941565
2022,00-0036955,Terrace Marshall,WR,CAR,47,12.46808510638298,0.19148936170212766,6,3,0.56565527015544
2022,00-0036959,Michael Bandy,WR,LAC,21,8.238095238095237,0.19047619047619047,1,0,0.6954635353315444
2022,00-0036963,Amon-Ra St. Brown,WR,DET,146,6.493150684931507,0.0410958904109589,22,7,0.7130287601931454
2022,00-0036970,Kyle Pitts,TE,ATL,59,13.830508474576272,0.288135593220339,5,4,0.593161749385171
2022,00-0036973,Travis Etienne,RB,JAX,49,-0.04081632653061237,0.02040816326530612,6,2,0.7730432335211306
2022,00-0036980,Elijah Moore,WR,NYJ,65,12.076923076923075,0.18461538461538463,7,1,0.5820527076721191
2022,00-0036988,Josh Palmer,WR,LAC,114,8.754385964912283,0.11403508771929824,10,5,0.655254810264236
2022,00-0036997,Javonte Williams,RB,DEN,23,-0.9565217391304349,0,7,4,0.757749159698901
2022,00-0037005,Tommy Tremble,TE,CAR,32,7.65625,0.125,7,6,0.635105034802109
2022,00-0037011,Tre' McKitty,TE,LAC,20,3.4,0.05,4,4,0.7431426137685776
2022,00-0037197,Isiah Pacheco,RB,KC,21,-1.4285714285714284,0,1,0,0.8096772034962972
2022,00-0037228,Jaylen Warren,RB,PIT,33,-0.4848484848484851,0,5,1,0.7436759191932101
2022,00-0037238,Drake London,WR,ATL,118,10.288135593220339,0.1271186440677966,17,10,0.6257860132698285
2022,00-0037239,Chris Olave,WR,NO,120,14.066666666666668,0.23333333333333334,12,3,0.586314619705081
2022,00-0037247,George Pickens,WR,PIT,85,14.611764705882354,0.3176470588235294,8,5,0.539179440631586
2022,00-0037248,James Cook,RB,BUF,32,2.40625,0,6,2,0.7397608999162912
2022,00-0037252,Greg Dulcich,TE,DEN,55,11.345454545454546,0.23636363636363636,2,1,0.6265707506374879
2022,00-0037256,Rachaad White,RB,TB,64,-0.5,0,8,2,0.7889054203405976
2022,00-0037257,David Bell,WR,CLE,35,7.142857142857143,0.08571428571428572,2,0,0.6855226184640612
2022,00-0037258,Dameon Pierce,RB,HOU,39,-0.2820512820512821,0,2,1,0.7744484146436056
2022,00-0037261,Khalil Shakir,WR,BUF,28,11.892857142857144,0.2857142857142857,2,1,0.6210700858916555
2022,00-0037545,Rashid Shaheed,WR,NO,34,11.823529411764703,0.20588235294117646,1,0,0.6396352631204268
2022,00-0037664,Alec Pierce,WR,IND,78,11.717948717948719,0.19230769230769232,6,3,0.6038199842740328
2022,00-0037740,Garrett Wilson,WR,NYJ,146,10.630136986301368,0.1232876712328767,19,10,0.5809202459577012
2022,00-0037741,Jahan Dotson,WR,WAS,63,13.603174603174605,0.2698412698412698,10,7,0.5319142592331719
2022,00-0037742,Treylon Burks,WR,TEN,54,11.629629629629628,0.2222222222222222,4,3,0.5904870999080163
2022,00-0037744,Trey McBride,TE,ARI,39,6.051282051282051,0.02564102564102564,1,1,0.700670831478559
2022,00-0037755,Jelani Woods,TE,IND,40,9.95,0.125,6,3,0.6163432441651822
2022,00-0037809,Chigoziem Okonkwo,TE,TEN,47,7.51063829787234,0.0851063829787234,7,4,0.6410459007354493
2022,00-0037816,Romeo Doubs,WR,GB,67,9.432835820895525,0.13432835820895522,8,1,0.6758907619696944
2022,00-0037838,Isaiah Likely,TE,BAL,60,6.75,0.08333333333333333,11,7,0.6735004146893819
2022,00-0038041,Jake Ferguson,TE,DAL,23,3.434782608695652,0,3,2,0.7700302212134652
2022,00-0038090,Skyy Moore,WR,KC,41,7,0.04878048780487805,1,1,0.7229206801914587
2022,00-0038104,Tyquan Thornton,WR,NE,45,14.244444444444447,0.3111111111111111,5,4,0.5854535887638728
2022,00-0038115,Daniel Bellinger,TE,NYG,41,3.902439024390244,0,8,3,0.7228289377398607
2022,00-0038117,Wan'Dale Robinson,WR,NYG,31,6.193548387096774,0.06451612903225806,2,1,0.6997096975964885
2022,00-0038120,Breece Hall,RB,NYJ,31,4.741935483870968,0.06451612903225806,5,2,0.6788708005220659
2022,00-0038124,Christian Watson,WR,GB,66,13.803030303030303,0.25757575757575757,14,7,0.5877227611613997
2022,00-0038129,Cade Otton,TE,TB,72,5.097222222222223,0.06944444444444445,17,8,0.69318529839317
2022,00-0038134,Kenneth Walker,RB,SEA,36,-2.083333333333333,0,1,0,0.7954907707042165
2023,00-0027944,Julio Jones,WR,PHI,22,6.954545454545455,0.09090909090909091,4,1,0.6734578711065379
2023,00-0029892,Kyle Juszczyk,RB,SF,22,5.363636363636363,0.045454545454545456,5,2,0.7011576511643149
2023,00-0030035,Adam Thielen,WR,CAR,138,7.681159420289854,0.07246376811594203,16,10,0.6419536071842995
2023,00-0030061,Zach Ertz,TE,ARI,43,7.72093023255814,0.06976744186046512,8,2,0.6403246515018995
2023,00-0030279,Keenan Allen,WR,LAC,150,9.68,0.10666666666666667,14,11,0.659711807568868
2023,00-0030431,Robert Woods,WR,HOU,81,9.555555555555555,0.06172839506172839,12,5,0.6372990444486524
2023,00-0030506,Travis Kelce,TE,KC,158,6.6455696202531644,0.056962025316455694,26,13,0.6990232631752763
2023,00-0030513,Latavius Murray,RB,BUF,28,1.3571428571428568,0,4,3,0.7524919818554606
2023,00-0030564,DeAndre Hopkins,WR,TEN,137,14.116788321167883,0.26277372262773724,18,10,0.5389872721947023
2023,00-0031235,Odell Beckham Jr.,WR,BAL,71,14.07042253521127,0.2112676056338028,11,7,0.5790859679101219
2023,00-0031236,Brandin Cooks,WR,DAL,90,12.933333333333332,0.2,13,10,0.5990623608231544
2023,00-0031260,Logan Thomas,TE,WAS,79,5.987341772151899,0.05063291139240506,10,7,0.6903872442773625
2023,00-0031376,Jerick McKinnon,RB,KC,34,0.2647058823529411,0,5,3,0.7616928675595451
2023,00-0031381,Davante Adams,WR,LV,175,10.834285714285716,0.14857142857142858,30,15,0.6225802393470492
2023,00-0031408,Mike Evans,WR,TB,157,14.152866242038218,0.267515923566879,19,10,0.5562013872679631
2023,00-0031428,Allen Robinson,WR,PIT,52,7.192307692307692,0.038461538461538464,4,3,0.6602820031918012
2023,00-0031544,Amari Cooper,WR,CLE,135,14.103703703703706,0.21481481481481482,16,7,0.5481338986644039
2023,00-0031547,DeVante Parker,WR,NE,55,11.636363636363635,0.23636363636363636,0,0,0.6028131891380657
2023,00-0031549,Nelson Agholor,WR,BAL,52,9.576923076923075,0.09615384615384616,8,3,0.6427759442191857
2023,00-0031588,Stefon Diggs,WR,BUF,178,10.134831460674159,0.1404494382022472,17,6,0.655665981886762
2023,00-0031610,Darren Waller,TE,NYG,74,8,0.0945945945945946,4,1,0.6625673102365958
2023,00-0031687,Raheem Mostert,RB,MIA,34,-0.9411764705882351,0.058823529411764705,6,3,0.7893403566935483
2023,00-0031941,Jamison Crowder,WR,WAS,20,6.1,0.05,1,0,0.68832615986466406
2023,00-0032104,Ameer Abdullah,RB,LV,24,1.9166666666666665,0,3,2,0.721186508735021
2023,00-0032211,Tyler Lockett,WR,SEA,124,10.693548387096774,0.1532258064516129,15,7,0.6100573754839359
2023,00-0032385,Sterling Shepard,WR,NYG,22,7.2727272727272725,0.045454545454545456,7,3,0.6231599978425286
2023,00-0032392,Austin Hooper,TE,LV,32,4.125,0,4,2,0.7195573458448052
2023,00-0032398,Chris Moore,WR,TEN,35,18.314285714285713,0.4,1,0,0.5048843864883695
2023,00-0032464,Kalif Raymond,WR,DET,44,8.818181818181818,0.13636363636363635,4,0,0.7029940668832172
2023,00-0032543,Alex Erickson,WR,LAC,29,10.17241379310345,0.1724137931034483,2,0,0.6080109857279679
2023,00-0032764,Derrick Henry,RB,TEN,36,-2.7777777777777772,0,2,1,0.7905038976007037
2023,00-0032765,Michael Thomas,WR,NO,64,10.15625,0.15625,9,5,0.6265738366637379
2023,00-0032775,Demarcus Robinson,WR,LA,45,13.42222222222222,0.2222222222222222,9,7,0.5562111155854331
2023,00-0033009,Tyler Boyd,WR,CIN,98,6.418367346938775,0.061224489795918366,9,4,0.6886825598016078
2023,00-0033040,Tyreek Hill,WR,MIA,180,10.733333333333333,0.2111111111111111,26,17,0.6419010789857971
2023,00-0033045,Ezekiel Elliott,RB,NE,65,-0.6461538461538459,0,5,0,0.7765498142976027
2023,00-0033090,Hunter Henry,TE,NE,61,8.819672131147541,0.08196721311475409,6,4,0.6338145776850278
2023,00-0033110,Tyler Higbee,TE,LA,71,5.859154929577466,0.028169014084507043,5,4,0.7294576470281037
2023,00-0033217,Mo Alie-Cox,TE,IND,23,9.73913043478261,0.08695652173913043,5,2,0.6643384617307911
2023,00-0033246,Johnny Mundt,TE,MIN,23,4.9565217391304355,0.13043478260869565,4,3,0.6940542381742726
2023,00-0033280,Christian McCaffrey,RB,SF,108,1.7685185185185182,0.009259259259259259,18,8,0.7467815244087467
2023,00-0033282,Curtis Samuel,WR,WAS,91,6.571428571428572,0.0989010989010989,16,7,0.6624134610314946
2023,00-0033288,George Kittle,TE,SF,103,9.660194174757283,0.13592233009708737,14,4,0.6621132267331614
2023,00-0033293,Aaron Jones,RB,GB,51,-1.0784313725490198,0,13,4,0.7625657699856103
2023,00-0033307,Kendrick Bourne,WR,NE,55,10.436363636363636,0.14545454545454545,6,3,0.6392263523556969
2023,00-0033308,Matt Breida,RB,NYG,21,0.0476190476190477,0,0,0,0.7673619304384504
2023,00-0033357,Taysom Hill,QB,NO,40,5.225,0.075,5,3,0.723720608651638
2023,00-0033526,Samaje Perine,RB,DEN,56,-0.17857142857142852,0,3,1,0.7641928834574563
2023,00-0033536,Mike Williams,WR,LAC,26,11.807692307692308,0.2692307692307692,2,2,0.6683384661491101
2023,00-0033553,James Conner,RB,ARI,35,-0.5428571428571428,0,7,3,0.7629572693790708
2023,00-0033555,Mack Hollins,WR,ATL,30,12.5,0.2,2,0,0.6015470107396443
2023,00-0033572,Jamal Agnew,WR,JAX,21,12.047619047619047,0.09523809523809523,2,1,0.6046948163282304
2023,00-0033591,Noah Brown,WR,HOU,57,11.877192982456142,0.19298245614035087,8,6,0.5866542534347166
2023,00-0033699,Austin Ekeler,RB,LAC,74,-1.1081081081081081,0.013513513513513514,9,2,0.7856142287318771
2023,00-0033857,JuJu Smith-Schuster,WR,NE,47,7.1914893617021285,0.06382978723404255,3,1,0.6760472794796558
2023,00-0033858,Jonnu Smith,TE,ATL,70,6.542857142857143,0.07142857142857142,9,5,0.6938876426645688
2023,00-0033881,Evan Engram,TE,JAX,144,4.98611111111111,0.05555555555555555,11,5,0.7289567424191369
2023,00-0033885,David Njoku,TE,CLE,134,5.231343283582089,0.05970149253731343,20,10,0.6775643001519033
2023,00-0033891,Zay Jones,WR,JAX,64,13.609375,0.1875,11,5,0.5522340366151184
2023,00-0033893,Dalvin Cook,RB,NYJ,20,-1.1499999999999997,0,0,0,0.7888205051422119
2023,00-0033895,Gerald Everett,TE,LAC,70,4.0285714285714285,0.04285714285714286,11,7,0.7241741414581027
2023,00-0033897,Joe Mixon,RB,CIN,65,-1.7230769230769225,0,15,7,0.8007851000015552
2023,00-0033906,Alvin Kamara,RB,NO,87,0.08045977011494289,0,9,2,0.7827864049494951
2023,00-0033908,Cooper Kupp,WR,LA,106,8.047169811320753,0.12264150943396226,25,12,0.6536170514124744
2023,00-0033921,Chris Godwin,WR,TB,144,9.11111111111111,0.1111111111111111,18,12,0.6401391780624787
2023,00-0033923,Kareem Hunt,RB,CLE,27,-0.5555555555555557,0,2,0,0.7751830065691913
2023,00-0033943,Josh Reynolds,WR,DET,78,10.435897435897434,0.14102564102564102,15,9,0.6299716675510774
2023,00-0033948,Jamaal Williams,RB,NO,20,-1.35,0,1,0,0.773128442466259
2023,00-0034159,Will Dissly,TE,SEA,22,2.8181818181818183,0,2,0,0.7684999975291166
2023,00-0034270,Tyler Conklin,TE,NYJ,87,6.8390804597701145,0.08045977011494253,9,8,0.6438238553959748
2023,00-0034272,Marquez Valdes-Scantling,WR,KC,55,17.8,0.36363636363636365,7,1,0.5288792954249816
2023,00-0034297,Byron Pringle,WR,WAS,22,13.5,0.18181818181818182,0,0,0.5437155989083376
2023,00-0034348,Courtland Sutton,WR,DEN,91,11.670329670329673,0.1978021978021978,19,8,0.5698513326409099
2023,00-0034351,Dallas Goedert,TE,PHI,89,5.415730337078651,0.033707865168539325,11,4,0.7270007381278478
2023,00-0034364,Jordan Akins,TE,CLE,23,4.739130434782608,0.08695652173913043,0,0,0.6926414979540784
2023,00-0034383,Dalton Schultz,TE,HOU,98,8.153061224489797,0.061224489795918366,15,6,0.6581439582669005
2023,00-0034386,Justin Watson,WR,KC,63,16.82539682539683,0.36507936507936506,7,4,0.5018828615309701
2023,00-0034418,Ced Wilson,WR,MIA,45,11.444444444444445,0.15555555555555556,5,4,0.5952395909362369
2023,00-0034419,Braxton Berrios,WR,MIA,34,7.1764705882352935,0.029411764705882353,2,0,0.6710568903123632
2023,00-0034487,Trent Sherfield,WR,BUF,25,10.839999999999998,0.2,3,1,0.630261088013649
2023,00-0034521,Allen Lazard,WR,NYJ,49,12.183673469387756,0.16326530612244897,4,2,0.5574667250015297
2023,00-0034613,Tanner Hudson,TE,CIN,50,5.38,0,3,0,0.7094233155250549
2023,00-0034646,Brandon Powell,WR,MIN,44,7.545454545454545,0.09090909090909091,6,4,0.6431740512224761
2023,00-0034681,Chase Edmonds,RB,TB,21,-1.8095238095238098,0,0,0,0.7821547289689382
2023,00-0034753,Mark Andrews,TE,BAL,63,7.269841269841271,0.031746031746031744,14,7,0.6913515050259847
2023,00-0034764,Michael Gallup,WR,DAL,63,10.952380952380953,0.14285714285714285,6,1,0.6367962658405304
2023,00-0034775,Christian Kirk,WR,JAX,85,9.905882352941177,0.15294117647058825,6,2,0.6518781235989402
2023,00-0034777,D.J. Chark,WR,CAR,66,15.393939393939394,0.3181818181818182,6,3,0.5086432657007015
2023,00-0034798,Durham Smythe,TE,MIA,47,6.212765957446808,0.02127659574468085,5,3,0.7216214461529509
2023,00-0034827,D.J. Moore,WR,CHI,138,10.76086956521739,0.21739130434782608,14,9,0.6143016295804493
2023,00-0034829,Mike Gesicki,TE,NE,46,8.586956521739129,0.08695652173913043,7,2,0.6158865395447483
2023,00-0034830,Hayden Hurst,TE,CAR,32,7.5625,0.0625,5,3,0.6617367933504283
2023,00-0034837,Calvin Ridley,WR,JAX,137,12.94160583941606,0.20437956204379562,28,14,0.5565520800160666
2023,00-0034844,Saquon Barkley,RB,NYG,61,2.2131147540983607,0.08196721311475409,6,4,0.7008355531047602
2023,00-0034854,KhaDarel Hodge,WR,ATL,23,14.347826086956522,0.2608695652173913,0,0,0.5492288930260617
2023,00-0034960,Jakobi Meyers,WR,LV,106,9.69811320754717,0.08490566037735849,16,9,0.6440478675770309
2023,00-0034970,Irv Smith,TE,CIN,26,4.038461538461538,0.038461538461538464,6,4,0.7307546413861788
2023,00-0034972,Alexander Mattison,RB,MIN,44,0.5454545454545455,0.022727272727272728,11,6,0.7440045807849277
2023,00-0034975,Justice Hill,RB,BAL,48,0.375,0.020833333333333332,2,0,0.7596588836361965
2023,00-0034981,Foster Moreau,TE,NO,25,4.88,0,4,3,0.7323666799068451
2023,00-0034983,Hunter Renfrow,WR,LV,37,5.594594594594594,0.08108108108108109,5,0,0.7215281378578495
2023,00-0035140,Mecole Hardman,WR,KC,28,7.642857142857144,0.21428571428571427,4,2,0.6889520085283688
2023,00-0035208,Olamide Zaccheaus,WR,PHI,21,10.095238095238095,0.19047619047619047,3,1,0.6008338027057194
2023,00-0035215,Deonte Harty,WR,BUF,23,10.26086956521739,0.17391304347826086,3,1,0.688583695370218
2023,00-0035216,Diontae Johnson,WR,PIT,94,12.563829787234043,0.19148936170212766,13,6,0.5465335596273554
2023,00-0035229,T.J. Hockenson,TE,MIN,127,7.685039370078739,0.05511811023622047,14,7,0.6742136140507976
2023,00-0035243,Miles Sanders,RB,CAR,41,0.5609756097560978,0,3,0,0.7438073129188724
2023,00-0035249,Josh Oliver,TE,MIN,28,2.5714285714285716,0.03571428571428571,5,3,0.7425496109894344
2023,00-0035250,Devin Singletary,RB,HOU,47,0.6595744680851062,0.02127659574468085,4,2,0.7558713396813007
2023,00-0035261,Tony Pollard,RB,DAL,76,0.539473684210526,0.013157894736842105,14,2,0.7767237711109614
2023,00-0035329,Donald Parham,TE,LAC,41,7.463414634146341,0.0975609756097561,10,7,0.6530345220391344
2023,00-0035341,Trenton Irwin,WR,CIN,32,10.53125,0.15625,7,4,0.6377504011616111
2023,00-0035414,Jalen Guyton,WR,LAC,21,10.380952380952381,0.19047619047619047,4,1,0.6081049499057588
2023,00-0035500,Greg Dortch,WR,ARI,41,9.341463414634147,0.0975609756097561,3,2,0.6377026529573813
2023,00-0035535,Darius Slayton,WR,NYG,79,12.240506329113924,0.21518987341772153,4,0,0.6030453315264062
2023,00-0035631,Drew Sample,TE,CIN,27,1.074074074074074,0.037037037037037035,3,0,0.7720663525440075
2023,00-0035639,Parris Campbell,WR,NYG,27,3.3703703703703702,0.037037037037037035,4,1,0.7449290851751963
2023,00-0035640,DK Metcalf,WR,SEA,119,12.848739495798318,0.2184873949579832,23,9,0.5748022772183939
2023,00-0035644,Noah Fant,TE,SEA,43,6.930232558139535,0.06976744186046512,2,0,0.7153067623460015
2023,00-0035659,Terry McLaurin,WR,WAS,132,11.469696969696969,0.2196969696969697,10,3,0.6013599174718062
2023,00-0035662,Marquise Brown,WR,ARI,104,11.557692307692308,0.19230769230769232,12,6,0.5888294462974255
2023,00-0035676,A.J. Brown,WR,PHI,158,11.727848101265824,0.18354430379746836,18,7,0.6221641846284082
2023,00-0035685,David Montgomery,RB,DET,31,-0.38709677419354865,0,1,0,0.7774777248982461
2023,00-0035689,Dawson Knox,TE,BUF,39,6.948717948717949,0.07692307692307693,10,6,0.6877624690532684
2023,00-0035700,Josh Jacobs,RB,LV,54,0.703703703703704,0,7,3,0.7992922315994898
2023,00-0035719,Deebo Samuel,WR,SF,111,6.756756756756756,0.0990990990990991,18,3,0.7170945902665457
2023,00-0036020,Salvon Ahmed,RB,MIA,23,0.6086956521739129,0,5,1,0.7892567437628041
2023,00-0036040,Juwan Johnson,TE,NO,59,7.525423728813559,0.0847457627118644,8,3,0.6769825846461927
2023,00-0036139,Rico Dowdle,RB,DAL,25,0.08000000000000057,0,6,0,0.7668460029363632
2023,00-0036165,Isaiah Hodgins,WR,NYG,33,8.151515151515152,0,5,2,0.6345415295976581
2023,00-0036182,Nick Westbrook-Ikhine,WR,TEN,46,12.043478260869566,0.21739130434782608,7,3,0.5628752776462098
2023,00-0036196,Gabe Davis,WR,BUF,82,14.926829268292684,0.2926829268292683,13,6,0.5475900449403903
2023,00-0036223,Jonathan Taylor,RB,IND,23,-0.9130434782608697,0,4,3,0.7940383035203685
2023,00-0036232,Harrison Bryant,TE,CLE,26,4.884615384615384,0,6,4,0.6824956559217893
2023,00-0036244,Colby Parkinson,TE,SEA,34,6.411764705882353,0.058823529411764705,8,4,0.6647504896802061
2023,00-0036251,Zack Moss,RB,IND,39,-0.25641025641025667,0,9,4,0.7853664870445545
2023,00-0036252,Michael Pittman,WR,IND,158,7.79113924050633,0.08860759493670886,22,6,0.6761030169981944
2023,00-0036259,Jauan Jennings,WR,SF,46,9.82608695652174,0.13043478260869565,3,2,0.6315747104261232
2023,00-0036261,Brandon Aiyuk,WR,SF,125,13.984,0.176,12,6,0.5901869195699692
2023,00-0036265,AJ Dillon,RB,GB,28,0.03571428571428565,0,1,0,0.7536347146545138
2023,00-0036271,Quez Watkins,WR,PHI,25,10.799999999999999,0.2,3,0,0.6258349215984345
2023,00-0036275,D'Andre Swift,RB,PHI,53,0.6226415094339627,0.03773584905660377,5,1,0.7825829099934056
2023,00-0036290,Cole Kmet,TE,CHI,90,6.18888888888889,0.05555555555555555,15,7,0.6813707477516598
2023,00-0036309,Darnell Mooney,WR,CHI,61,10.327868852459016,0.19672131147540983,8,5,0.6123842345397981
2023,00-0036322,Justin Jefferson,WR,MIN,100,12.580000000000002,0.24,11,7,0.599394356161356
2023,00-0036328,Antonio Gibson,RB,WAS,59,-0.033898305084745554,0.03389830508474576,5,1,0.7709942672212245
2023,00-0036345,K.J. Osborn,WR,MIN,75,8.786666666666667,0.06666666666666667,11,6,0.6532236135005951
2023,00-0036358,CeeDee Lamb,WR,DAL,199,9.688442211055278,0.1457286432160804,35,19,0.6556112570079726
2023,00-0036360,Clyde Edwards-Helaire,RB,KC,26,-2.5384615384615383,0,6,6,0.7784539678922067
2023,00-0036387,Jalen Reagor,WR,NE,23,15.608695652173912,0.30434782608695654,1,1,0.5354454601588456
2023,00-0036407,Jerry Jeudy,WR,DEN,87,12.747126436781608,0.21839080459770116,11,5,0.5976651918956604
2023,00-0036410,Tee Higgins,WR,CIN,76,12.802631578947366,0.17105263157894737,12,4,0.5755816725523848
2023,00-0036415,Van Jefferson,WR,ATL,28,15.071428571428573,0.25,1,0,0.5653984030442578
2023,00-0036422,Adam Trautman,TE,DEN,35,6.457142857142857,0.08571428571428572,13,9,0.6304965802601405
2023,00-0036438,Stephen Sullivan,TE,CAR,24,10.625,0.125,0,0,0.5771616045385599
2023,00-0036550,Rashod Bateman,WR,BAL,62,14.53225806451613,0.24193548387096775,4,3,0.5758414696301183
2023,00-0036554,Nico Collins,WR,HOU,126,10.873015873015873,0.18253968253968253,17,9,0.6328829293922772
2023,00-0036555,Chuba Hubbard,RB,CAR,44,-0.7727272727272726,0,1,0,0.7732234881682829
2023,00-0036556,Brevin Jordan,TE,HOU,23,5.260869565217392,0,2,1,0.7399971951609072
2023,00-0036613,Jaylen Waddle,WR,MIA,109,10.431192660550458,0.12844036697247707,9,6,0.6539403489970286
2023,00-0036626,Dyami Brown,WR,WAS,23,16.82608695652174,0.34782608695652173,2,2,0.5345054793617
2023,00-0036628,John Bates,TE,WAS,28,6.25,0.14285714285714285,3,3,0.6752647885254451
2023,00-0036637,Noah Gray,TE,KC,52,6.596153846153846,0.09615384615384616,4,2,0.676567595738631
2023,00-0036849,Tutu Atwell,WR,LA,69,11.376811594202898,0.21739130434782608,6,5,0.6172333571358003
2023,00-0036875,Rhamondre Stevenson,RB,NE,51,0.25490196078431393,0,4,0,0.765631602675307
2023,00-0036876,Kylen Granson,TE,IND,50,8.04,0.14,6,4,0.6704032921791077
2023,00-0036893,Najee Harris,RB,PIT,41,0.4146341463414635,0,3,2,0.7337381803407902
2023,00-0036894,Pat Freiermuth,TE,PIT,56,6.732142857142857,0.03571428571428571,7,3,0.62904931578253
2023,00-0036900,Ja'Marr Chase,WR,CIN,145,8.648275862068965,0.13793103448275862,21,10,0.6549642060337395
2023,00-0036906,Khalil Herbert,RB,CHI,31,0.5483870967741938,0,4,2,0.7433495612875107
2023,00-0036912,DeVonta Smith,WR,PHI,125,12.096,0.176,8,5,0.6194692460298539
2023,00-0036913,Kadarius Toney,WR,KC,38,2.9473684210526314,0,5,3,0.7846364543626183
2023,00-0036919,Kenneth Gainwell,RB,PHI,39,1.7948717948717945,0.02564102564102564,0,0,0.768125057984621
2023,00-0036924,Michael Carter,RB,NYJ,20,1.05,0,1,0,0.7410110771656037
2023,00-0036936,Rondale Moore,WR,ARI,63,5.142857142857144,0.12698412698412698,6,2,0.7067502713392652
2023,00-0036955,Terrace Marshall,WR,CAR,33,7.212121212121213,0.030303030303030304,3,1,0.652818733995611
2023,00-0036963,Amon-Ra St. Brown,WR,DET,199,7.653266331658291,0.08542713567839195,33,15,0.7031544123462696
2023,00-0036970,Kyle Pitts,TE,ATL,90,11.433333333333334,0.12222222222222222,5,3,0.6245331580440203
2023,00-0036973,Travis Etienne,RB,JAX,73,-0.9178082191780823,0.0273972602739726,2,0,0.7717032469298741
2023,00-0036980,Elijah Moore,WR,CLE,106,10.92452830188679,0.1509433962264151,14,6,0.5886636999136996
2023,00-0036988,Josh Palmer,WR,LAC,61,11.360655737704919,0.21311475409836064,9,5,0.6095036307319266
2023,00-0036997,Javonte Williams,RB,DEN,59,-1.6440677966101696,0,5,4,0.7867469706777799
2023,00-0037005,Tommy Tremble,TE,CAR,32,6.375,0.0625,4,3,0.6589927831664681
2023,00-0037091,Bo Melton,WR,GB,27,12.333333333333334,0.14814814814814814,5,2,0.6187367571724786
2023,00-0037197,Isiah Pacheco,RB,KC,61,-2.098360655737705,0,11,5,0.8154592025475423
2023,00-0037228,Jaylen Warren,RB,PIT,76,-1.5789473684210524,0,5,2,0.7783050803761733
2023,00-0037238,Drake London,WR,ATL,112,11.321428571428573,0.16964285714285715,18,10,0.5937956340078797
2023,00-0037239,Chris Olave,WR,NO,139,13.20863309352518,0.2302158273381295,13,7,0.596945236162316
2023,00-0037240,Jameson Williams,WR,DET,51,16.11764705882353,0.3137254901960784,5,1,0.6016953271978042
2023,00-0037247,George Pickens,WR,PIT,117,13.230769230769232,0.2222222222222222,10,3,0.5494025915096967
2023,00-0037248,James Cook,RB,BUF,63,1.8888888888888886,0.031746031746031744,8,5,0.7433388997164984
2023,00-0037256,Rachaad White,RB,TB,78,-0.34615384615384576,0,10,3,0.7751795095510972
2023,00-0037257,David Bell,WR,CLE,31,5.838709677419355,0.06451612903225806,3,1,0.6639790126392918
2023,00-0037261,Khalil Shakir,WR,BUF,58,7.896551724137932,0.13793103448275862,6,3,0.667845258425022
2023,00-0037263,Tyler Allgeier,RB,ATL,24,-0.875,0,3,1,0.7609461086491743
2023,00-0037267,Jerome Ford,RB,CLE,67,0.2985074626865683,0,6,2,0.7386665170762077
2023,00-0037273,Kyle Philips,WR,TEN,22,8.954545454545455,0.13636363636363635,1,1,0.5643888644196771
2023,00-0037276,Ty Chandler,RB,MIN,25,-1.8800000000000001,0,3,2,0.7890940117835998
2023,00-0037292,Andrew Ogletree,TE,IND,21,9.952380952380953,0.09523809523809523,2,2,0.6464984906571252
2023,00-0037304,Connor Heyward,TE,PIT,35,5.142857142857143,0.05714285714285714,3,1,0.7080260413033622
2023,00-0037382,Brandon Johnson,WR,DEN,31,10.64516129032258,0.1935483870967742,7,4,0.5618525709836714
2023,00-0037475,Stone Smartt,TE,LAC,21,8.571428571428571,0.19047619047619047,2,2,0.6361237139928908
2023,00-0037487,Deven Thompkins,WR,TB,27,5.851851851851853,0.14814814814814814,5,1,0.6944429421866382
2023,00-0037545,Rashid Shaheed,WR,NO,75,14.586666666666666,0.32,7,2,0.6019727136691412
2023,00-0037614,John Metchie III,WR,HOU,33,8.93939393939394,0.15151515151515152,4,3,0.6387127755266248
2023,00-0037664,Alec Pierce,WR,IND,65,15.03076923076923,0.3076923076923077,6,2,0.5625773886075387
2023,00-0037666,Jalen Tolbert,WR,DAL,38,13.105263157894736,0.2631578947368421,5,2,0.5919672568377695
2023,00-0037740,Garrett Wilson,WR,NYJ,168,10.160714285714285,0.15476190476190477,19,11,0.6044960905398641
2023,00-0037741,Jahan Dotson,WR,WAS,83,9.25301204819277,0.13253012048192772,12,7,0.6122003070202219
2023,00-0037742,Treylon Burks,WR,TEN,30,18.233333333333334,0.43333333333333335,1,0,0.565738400320212
2023,00-0037744,Trey McBride,TE,ARI,106,6.150943396226414,0.05660377358490566,11,7,0.6987117053765171
2023,00-0037746,Brian Robinson,RB,WAS,43,-1.27906976744186,0,5,2,0.7680067835852157
2023,00-0037805,Jeremy Ruckert,TE,NYJ,22,6.318181818181818,0.045454545454545456,1,0,0.6819323314861818
2023,00-0037809,Chigoziem Okonkwo,TE,TEN,77,6.8181818181818175,0.1038961038961039,6,3,0.6357215639058647
2023,00-0037816,Romeo Doubs,WR,GB,108,12.092592592592592,0.16666666666666666,22,10,0.5832514576613903
2023,00-0037837,Calvin Austin,WR,PIT,32,12.15625,0.21875,1,1,0.5890184785239398
2023,00-0037838,Isaiah Likely,TE,BAL,46,6.869565217391305,0.06521739130434782,9,3,0.6871532681195631
2023,00-0037840,Kyren Williams,RB,LA,49,0.22448979591836785,0,13,4,0.7569399305752346
2023,00-0038041,Jake Ferguson,TE,DAL,114,5.166666666666666,0.05263157894736842,29,14,0.7127571179155718
2023,00-0038090,Skyy Moore,WR,KC,38,8.921052631578949,0.10526315789473684,7,2,0.6658501538791155
2023,00-0038104,Tyquan Thornton,WR,NE,23,10,0.17391304347826086,0,0,0.6399499035399893
2023,00-0038115,Daniel Bellinger,TE,NYG,28,4.642857142857143,0,1,0,0.7371098271438054
2023,00-0038117,Wan'Dale Robinson,WR,NYG,78,5.256410256410257,0.07692307692307693,3,1,0.6929439013967147
2023,00-0038120,Breece Hall,RB,NYJ,95,-0.5052631578947369,0.010526315789473684,7,3,0.7507045639188666
2023,00-0038124,Christian Watson,WR,GB,56,15.053571428571427,0.26785714285714285,13,7,0.5264533345720598
2023,00-0038129,Cade Otton,TE,TB,86,6.662790697674419,0.046511627906976744,14,5,0.6819796742394914
2023,00-0038134,Kenneth Walker,RB,SEA,37,-2.1351351351351346,0.02702702702702703,3,0,0.7942188204945745
2023,00-0038393,Dontayvion Wicks,WR,GB,62,10.177419354838708,0.11290322580645161,9,2,0.6256500944014518
2023,00-0038394,Will Mallory,TE,IND,26,7.807692307692308,0.07692307692307693,1,0,0.6759188312750596
2023,00-0038465,Malik Heath,WR,GB,24,8.75,0.08333333333333333,5,2,0.6210201239834229
2023,00-0038496,Xavier Gipson,WR,NYJ,38,9.421052631578949,0.21052631578947367,6,3,0.5705696548286238
2023,00-0038542,Bijan Robinson,RB,ATL,86,0.27906976744186024,0.023255813953488372,12,6,0.7596764633821886
2023,00-0038543,Jaxon Smith-Njigba,WR,SEA,93,6.118279569892474,0.10752688172043011,10,5,0.7024962488682039
2023,00-0038544,Quentin Johnston,WR,LAC,67,12.850746268656717,0.2537313432835821,8,4,0.5854056986855037
2023,00-0038559,Michael Wilson,WR,ARI,58,12.413793103448274,0.13793103448275862,7,4,0.5744578953960846
2023,00-0038563,Tre Tucker,WR,LV,34,18.352941176470587,0.4117647058823529,4,1,0.5390163423383937
2023,00-0038606,Parker Washington,WR,JAX,21,7.380952380952381,0.047619047619047616,3,1,0.620991526615052
2023,00-0038618,Xavier Hutchinson,WR,HOU,23,9,0.17391304347826086,1,1,0.6778627957986749
2023,00-0038619,Andrei Iosivas,WR,CIN,25,8.6,0.12,5,4,0.5997345948219299
2023,00-0038621,Demario Douglas,WR,NE,79,8.20253164556962,0.17721518987341772,4,2,0.6414402985497366
2023,00-0038705,Emari Demercado,RB,ARI,30,0.8999999999999998,0.03333333333333333,1,1,0.7558441748221715
2023,00-0038752,Jake Bobo,WR,SEA,25,6,0.04,4,1,0.680378440618515
2023,00-0038794,Jaleel McLaughlin,RB,DEN,36,-3.888888888888889,0,7,1,0.8197025226222144
2023,00-0038933,Dalton Kincaid,TE,BUF,102,6.23529411764706,0.08823529411764706,9,4,0.6974801895957368
2023,00-0038938,Jalin Hyatt,WR,NYG,40,21.025,0.45,0,0,0.49493743367493154
2023,00-0038941,Tyler Scott,WR,CHI,32,11.5625,0.1875,5,3,0.6043848739936948
2023,00-0038976,Marvin Mims,WR,DEN,33,15.060606060606059,0.36363636363636365,1,1,0.5781388901399843
2023,00-0038977,Tank Dell,WR,HOU,76,14.105263157894736,0.21052631578947367,9,4,0.5930056042577091
2023,00-0038979,Cedric Tillman,WR,CLE,44,10.636363636363637,0.11363636363636363,7,2,0.5714115893298929
2023,00-0038994,Jordan Addison,WR,MIN,108,12.472222222222221,0.2037037037037037,17,9,0.5950524885621336
2023,00-0038996,Tucker Kraft,TE,GB,49,3.714285714285714,0.04081632653061224,11,4,0.7487409850772546
2023,00-0038997,Josh Downs,WR,IND,98,7.2142857142857135,0.12244897959183673,10,5,0.6834903994993288
2023,00-0039021,Roschon Johnson,RB,CHI,40,-0.8250000000000001,0,4,1,0.7859788171947002
2023,00-0039032,Tyjae Spears,RB,TEN,70,-0.17142857142857196,0.02857142857142857,6,2,0.7493976903813225
2023,00-0039040,De'Von Achane,RB,MIA,43,0.37209302325581356,0.023255813953488372,6,5,0.7551502121049304
2023,00-0039052,Trey Palmer,WR,TB,73,10.63013698630137,0.1917808219178082,5,4,0.616770113371823
2023,00-0039062,Jonathan Mingo,WR,CAR,85,10.83529411764706,0.16470588235294117,3,2,0.6099974735694773
2023,00-0039064,Zay Flowers,WR,BAL,122,8.647540983606557,0.18032786885245902,17,8,0.6698746769154658
2023,00-0039065,Sam LaPorta,TE,DET,149,6.879194630872483,0.06040268456375839,24,15,0.7006895662154127
2023,00-0039066,Michael Mayer,TE,LV,41,5.560975609756096,0.04878048780487805,8,3,0.7063679433450466
2023,00-0039067,Rashee Rice,WR,KC,135,4.562962962962963,0.044444444444444446,28,13,0.718906068249985
2023,00-0039075,Puka Nacua,WR,LA,170,9.111764705882354,0.11764705882352941,16,8,0.6693278452052789
2023,00-0039139,Jahmyr Gibbs,RB,DET,86,0.16279069767441917,0,11,7,0.7853053087411925
2023,00-0039144,Luke Musgrave,TE,GB,53,7.60377358490566,0.1509433962264151,7,1,0.6860141703542674
2023,00-0039146,Jayden Reed,WR,GB,102,9.931372549019606,0.19607843137254902,19,9,0.6299011511545556
2023,00-0039165,Zach Charbonnet,RB,SEA,40,-1.025,0,1,0,0.7733481891453267
2024,00-0029892,Kyle Juszczyk,RB,SF,31,6.225806451612903,0.12903225806451613,2,1,0.7164011895656586
2024,00-0030035,Adam Thielen,WR,CAR,62,11.161290322580644,0.1935483870967742,8,2,0.5841512605547905
2024,00-0030061,Zach Ertz,TE,WAS,118,7.296610169491525,0.03389830508474576,27,16,0.6739542855549667
2024,00-0030279,Keenan Allen,WR,CHI,123,9.097560975609756,0.15447154471544716,17,10,0.6107615435995707
2024,00-0030431,Robert Woods,WR,HOU,34,9.352941176470589,0.14705882352941177,4,1,0.6612125512431649
2024,00-0030506,Travis Kelce,TE,KC,153,6.555555555555555,0.05228758169934641,30,11,0.699683632433804
2024,00-0030564,DeAndre Hopkins,WR,KC,68,10.75,0.1323529411764706,12,10,0.5908525329740608
2024,00-0030564,DeAndre Hopkins,WR,TEN,21,11.285714285714286,0.09523809523809523,2,1,0.60561232481684
2024,00-0031236,Brandin Cooks,WR,DAL,54,11.74074074074074,0.16666666666666666,8,6,0.5896103666336449
2024,00-0031381,Davante Adams,WR,LV,27,9.703703703703704,0.14814814814814814,4,3,0.6141068957470082
2024,00-0031381,Davante Adams,WR,NYJ,115,7.930434782608695,0.14782608695652175,23,14,0.6393635366273963
2024,00-0031408,Mike Evans,WR,TB,117,11.427350427350428,0.15384615384615385,16,11,0.6234134524805933
2024,00-0031544,Amari Cooper,WR,BUF,40,12.425,0.225,3,2,0.6198012441396713
2024,00-0031544,Amari Cooper,WR,CLE,53,13.150943396226413,0.20754716981132076,3,1,0.5567823190171763
2024,00-0031549,Nelson Agholor,WR,BAL,31,13.064516129032258,0.2903225806451613,2,1,0.6031979562774781
2024,00-0031588,Stefon Diggs,WR,HOU,64,8.6875,0.125,5,4,0.6735555836930871
2024,00-0031687,Raheem Mostert,RB,MIA,24,0.6666666666666667,0,3,1,0.7531798283259074
2024,00-0032104,Ameer Abdullah,RB,LV,47,0.6595744680851073,0,6,4,0.7619137446931068
2024,00-0032211,Tyler Lockett,WR,SEA,74,10.58108108108108,0.14864864864864866,10,6,0.6099151741411235
2024,00-0032385,Sterling Shepard,WR,TB,52,9.134615384615383,0.11538461538461539,7,5,0.6474867761135101
2024,00-0032392,Austin Hooper,TE,NE,59,6.5423728813559325,0.06779661016949153,9,1,0.6838394312535302
2024,00-0032394,Nick Vannett,TE,TEN,20,1.1,0,5,4,0.7302138522267342
2024,00-0032464,Kalif Raymond,WR,DET,25,7.5600000000000005,0.12,3,1,0.7454300045967102
2024,00-0032764,Derrick Henry,RB,BAL,24,-0.375,0,6,3,0.7532632748285929
2024,00-0032775,Demarcus Robinson,WR,LA,75,15.32,0.30666666666666664,15,11,0.5252231027682622
2024,00-0033009,Tyler Boyd,WR,TEN,58,7.275862068965518,0.06896551724137931,8,4,0.6519099121977543
2024,00-0033040,Tyreek Hill,WR,MIA,123,11.146341463414632,0.14634146341463414,20,10,0.6155408347040657
2024,00-0033090,Hunter Henry,TE,NE,97,7.030927835051546,0.05154639175257732,18,10,0.6376570444746116
2024,00-0033110,Tyler Higbee,TE,LA,27,3.074074074074074,0.037037037037037035,11,5,0.7224153975645701
2024,00-0033217,Mo Alie-Cox,TE,IND,23,9.26086956521739,0.08695652173913043,7,2,0.6256016013414963
2024,00-0033246,Johnny Mundt,TE,MIN,30,4.2,0.03333333333333333,5,3,0.7379318167765935
2024,00-0033282,Curtis Samuel,WR,BUF,54,4.592592592592592,0.09259259259259259,7,3,0.7209297462745949
2024,00-0033288,George Kittle,TE,SF,94,8.51063829787234,0.0851063829787234,21,11,0.6638807193078893
2024,00-0033293,Aaron Jones,RB,MIN,68,0.44117647058823556,0.04411764705882353,19,7,0.7724503815612372
2024,00-0033307,Kendrick Bourne,WR,NE,38,9.289473684210526,0.07894736842105263,2,2,0.6082593473164659
2024,00-0033357,Taysom Hill,TE,NO,31,3.483870967741935,0.03225806451612903,2,0,0.7605794331719798
2024,00-0033375,Tim Patrick,WR,DET,49,10.122448979591837,0.16326530612244897,10,6,0.6859773294049867
2024,00-0033526,Samaje Perine,RB,KC,38,0.26315789473684187,0,4,3,0.7346550955584175
2024,00-0033536,Mike Williams,WR,NYJ,22,14.136363636363637,0.22727272727272727,3,2,0.5223389295014468
2024,00-0033553,James Conner,RB,ARI,55,-1.8727272727272728,0,5,1,0.8308327913284301
2024,00-0033555,Mack Hollins,WR,BUF,58,13.879310344827585,0.20689655172413793,7,6,0.5737511191902489
2024,00-0033589,David Moore,WR,CAR,57,11.07017543859649,0.10526315789473684,11,4,0.586349608866792
2024,00-0033591,Noah Brown,WR,WAS,56,11.375,0.14285714285714285,4,2,0.644053014261382
2024,00-0033699,Austin Ekeler,RB,WAS,57,-0.5614035087719287,0.017543859649122806,7,3,0.7861856460048441
2024,00-0033854,Dare Ogunbowale,RB,HOU,29,1.4482758620689657,0.034482758620689655,6,3,0.7057215597095161
2024,00-0033857,JuJu Smith-Schuster,WR,KC,32,6.03125,0,6,2,0.6891722865402699
2024,00-0033858,Jonnu Smith,TE,MIA,111,4.882882882882884,0.04504504504504504,18,13,0.7147376330586167
2024,00-0033881,Evan Engram,TE,JAX,67,5.462686567164178,0.029850746268656716,7,3,0.7105665487139973
2024,00-0033885,David Njoku,TE,CLE,99,5.191919191919193,0.050505050505050504,16,12,0.6673568118401249
2024,00-0033897,Joe Mixon,RB,HOU,57,-0.43859649122807015,0,8,5,0.7932964694081691
2024,00-0033906,Alvin Kamara,RB,NO,89,0.8876404494382026,0.0449438202247191,6,0,0.7820676093021136
2024,00-0033908,Cooper Kupp,WR,LA,108,8.203703703703702,0.12962962962962962,12,8,0.664406481164473
2024,00-0033921,Chris Godwin,WR,TB,62,5.741935483870968,0.016129032258064516,7,5,0.7329274069878363
2024,00-0033923,Kareem Hunt,RB,KC,35,-1.7142857142857142,0,10,6,0.7758181921073368
2024,00-0034159,Will Dissly,TE,LAC,69,4.724637681159419,0.028985507246376812,8,2,0.7162716099317523
2024,00-0034270,Tyler Conklin,TE,NYJ,73,4.931506849315068,0.0684931506849315,10,7,0.7053511979645246
2024,00-0034272,Marquez Valdes-Scantling,WR,NO,35,17.82857142857143,0.42857142857142855,2,1,0.5524311453104019
2024,00-0034348,Courtland Sutton,WR,DEN,144,13.5,0.2013888888888889,23,9,0.5558307244338923
2024,00-0034351,Dallas Goedert,TE,PHI,72,6.361111111111111,0.041666666666666664,10,3,0.6936184254785379
2024,00-0034364,Jordan Akins,TE,CLE,58,5.844827586206897,0,7,4,0.659710264925299
2024,00-0034383,Dalton Schultz,TE,HOU,93,8.35483870967742,0.0967741935483871,8,2,0.6719195339628445
2024,00-0034386,Justin Watson,WR,KC,33,14.787878787878787,0.21212121212121213,5,2,0.5749111785130068
2024,00-0034407,Ray-Ray McCloud,WR,ATL,87,6.7701149425287355,0.04597701149425287,6,1,0.7156412402788798
2024,00-0034418,Cedrick Wilson Jr.,WR,NO,27,7.2592592592592595,0.037037037037037035,1,0,0.6645172370804681
2024,00-0034521,Allen Lazard,WR,NYJ,61,11.245901639344263,0.14754098360655737,12,3,0.5966376395987683
2024,00-0034613,Tanner Hudson,TE,CIN,24,4.166666666666666,0.041666666666666664,5,3,0.7122269769509634
2024,00-0034753,Mark Andrews,TE,BAL,80,10.175,0.1125,17,7,0.6312596894800663
2024,00-0034775,Christian Kirk,WR,JAX,47,13.702127659574467,0.2553191489361702,5,3,0.5909486606400064
2024,00-0034827,DJ Moore,WR,CHI,142,7.408450704225355,0.14084507042253522,23,8,0.681068156806516
2024,00-0034829,Mike Gesicki,TE,CIN,83,7.409638554216866,0.012048192771084338,10,3,0.6862223054989275
2024,00-0034837,Calvin Ridley,WR,TEN,120,15.691666666666668,0.26666666666666666,8,3,0.546268637975057
2024,00-0034844,Saquon Barkley,RB,PHI,58,1.448275862068966,0.06896551724137931,11,2,0.7577078730381769
2024,00-0034860,Dante Pettis,WR,NO,29,9.793103448275865,0.1724137931034483,4,3,0.5791215773286491
2024,00-0034960,Jakobi Meyers,WR,LV,130,9.86923076923077,0.13846153846153847,16,7,0.62013707699684
2024,00-0034972,Alexander Mattison,RB,LV,48,-0.0833333333333332,0,2,1,0.767619784300526
2024,00-0034975,Justice Hill,RB,BAL,57,-0.7719298245614034,0.03508771929824561,9,3,0.7961423093812507
2024,00-0034981,Foster Moreau,TE,NO,43,9.232558139534884,0.13953488372093023,9,5,0.6436684665291809
2024,00-0035208,Olamide Zaccheaus,WR,WAS,75,5.919999999999999,0.08,11,5,0.7112166877587637
2024,00-0035216,Diontae Johnson,WR,CAR,58,9.827586206896552,0.13793103448275862,11,8,0.6048439363467282
2024,00-0035229,T.J. Hockenson,TE,MIN,67,8.253731343283581,0.04477611940298507,9,1,0.6969537312415108
2024,00-0035243,Miles Sanders,RB,CAR,30,1.3666666666666663,0.06666666666666667,4,0,0.7508608202139536
2024,00-0035249,Josh Oliver,TE,MIN,29,7.448275862068966,0.13793103448275862,3,2,0.7102824110409309
2024,00-0035250,Devin Singletary,RB,NYG,24,-2.833333333333333,0,0,0,0.7965733831127485
2024,00-0035261,Tony Pollard,RB,TEN,57,0.1403508771929821,0.03508771929824561,3,1,0.7553472738516959
2024,00-0035406,Lil'Jordan Humphrey,WR,DEN,45,6.511111111111111,0.08888888888888889,6,4,0.6858698884646098
2024,00-0035500,Greg Dortch,WR,ARI,50,4.139999999999999,0.08,8,2,0.7320669746398926
2024,00-0035535,Darius Slayton,WR,NYG,72,12.916666666666668,0.18055555555555555,6,1,0.5599043897042673
2024,00-0035537,Ty Johnson,RB,BUF,29,7.724137931034482,0.20689655172413793,7,1,0.6198143404105614
2024,00-0035631,Drew Sample,TE,CIN,22,1.5454545454545456,0,2,1,0.7816748917102814
2024,00-0035640,DK Metcalf,WR,SEA,109,13.605504587155963,0.3119266055045872,10,6,0.5854849798963704
2024,00-0035644,Noah Fant,TE,SEA,64,5.296875,0.015625,5,1,0.7048711045645177
2024,00-0035659,Terry McLaurin,WR,WAS,141,12.567375886524822,0.2127659574468085,21,11,0.6145466561858536
2024,00-0035662,Marquise Brown,WR,KC,28,10.357142857142858,0.21428571428571427,4,0,0.6224022688610213
2024,00-0035676,A.J. Brown,WR,PHI,120,12.358333333333333,0.19166666666666668,14,5,0.604611000418663
2024,00-0035685,David Montgomery,RB,DET,38,-0.47368421052631593,0,3,0,0.8335967895231748
2024,00-0035689,Dawson Knox,TE,BUF,39,9.871794871794872,0.1794871794871795,7,4,0.6510902906839664
2024,00-0035700,Josh Jacobs,RB,GB,46,-0.7608695652173912,0,4,3,0.7744022432876669
2024,00-0035719,Deebo Samuel Sr.,WR,SF,81,6.80246913580247,0.1111111111111111,14,5,0.7179917792479198
2024,00-0036040,Juwan Johnson,TE,NO,68,8.102941176470589,0.08823529411764706,8,4,0.6727376317276674
2024,00-0036139,Rico Dowdle,RB,DAL,50,0.059999999999999776,0.02,8,3,0.77722669839859
2024,00-0036158,J.K. Dobbins,RB,LAC,39,-1.1282051282051286,0.02564102564102564,5,0,0.7859853108723959
2024,00-0036182,Nick Westbrook-Ikhine,WR,TEN,60,11.666666666666668,0.13333333333333333,10,7,0.5628688976168632
2024,00-0036196,Gabe Davis,WR,JAX,42,13.452380952380953,0.23809523809523808,10,5,0.5471388569899968
2024,00-0036223,Jonathan Taylor,RB,IND,31,-0.3225806451612904,0,3,1,0.7782690102054227
2024,00-0036244,Colby Parkinson,TE,LA,53,5.2264150943396235,0.018867924528301886,10,4,0.7089573639743733
2024,00-0036251,Zack Moss,RB,CIN,27,0.11111111111111123,0,3,1,0.7827511628468832
2024,00-0036252,Michael Pittman,WR,IND,112,11.035714285714285,0.14285714285714285,14,5,0.6400674819680197
2024,00-0036259,Jauan Jennings,WR,SF,113,9.902654867256636,0.10619469026548672,15,8,0.6399240326301187
2024,00-0036261,Brandon Aiyuk,WR,SF,47,11.829787234042552,0.0851063829787234,6,2,0.6138766598194203
2024,00-0036275,D'Andre Swift,RB,CHI,53,0.07547169811320707,0.018867924528301886,1,1,0.779592290801822
2024,00-0036290,Cole Kmet,TE,CHI,59,6.796610169491525,0.0847457627118644,12,9,0.674065430790691
2024,00-0036309,Darnell Mooney,WR,ATL,106,12.20754716981132,0.2169811320754717,6,2,0.6249279721446757
2024,00-0036322,Justin Jefferson,WR,MIN,163,11.245398773006135,0.15337423312883436,27,14,0.6362003523147911
2024,00-0036328,Antonio Gibson,RB,NE,29,1.8275862068965505,0.06896551724137931,2,0,0.7369431108236313
2024,00-0036358,CeeDee Lamb,WR,DAL,154,7.753246753246751,0.09740259740259741,20,5,0.6785928321542678
2024,00-0036407,Jerry Jeudy,WR,CLE,148,10.959459459459463,0.11486486486486487,17,8,0.5864646233416893
2024,00-0036410,Tee Higgins,WR,CIN,110,9.718181818181819,0.08181818181818182,25,15,0.6170384904200381
2024,00-0036415,Van Jefferson,WR,PIT,42,11.952380952380953,0.23809523809523808,8,7,0.5885758800875573
2024,00-0036422,Adam Trautman,TE,DEN,23,5.521739130434783,0,5,1,0.7266350012758503
2024,00-0036427,Tyler Johnson,WR,LA,41,5.585365853658536,0,10,5,0.6721810524056597
2024,00-0036527,DJ Turner,WR,LV,29,8.793103448275865,0.20689655172413793,4,0,0.6420180335127074
2024,00-0036550,Rashod Bateman,WR,BAL,79,13.670886075949365,0.21518987341772153,11,3,0.5953253219022027
2024,00-0036554,Nico Collins,WR,HOU,115,11.278260869565218,0.1826086956521739,15,9,0.6301819759866466
2024,00-0036555,Chuba Hubbard,RB,CAR,54,-1.2037037037037035,0,11,3,0.7919033451212777
2024,00-0036613,Jaylen Waddle,WR,MIA,85,9.776470588235293,0.09411764705882353,13,5,0.6323482017306721
2024,00-0036626,Dyami Brown,WR,WAS,58,8.32758620689655,0.1724137931034483,7,3,0.6895827995292072
2024,00-0036637,Noah Gray,TE,KC,53,6.037735849056604,0.03773584905660377,10,4,0.6810560546955973
2024,00-0036849,Tutu Atwell,WR,LA,63,12.047619047619047,0.15873015873015872,3,1,0.6440058629664164
2024,00-0036875,Rhamondre Stevenson,RB,NE,43,-0.86046511627907,0,13,5,0.7364116269488667
2024,00-0036876,Kylen Granson,TE,IND,31,11.35483870967742,0.1935483870967742,6,2,0.6172348582936872
2024,00-0036893,Najee Harris,RB,PIT,51,-1.5294117647058822,0,4,0,0.7690533645012799
2024,00-0036894,Pat Freiermuth,TE,PIT,82,5.987804878048781,0.012195121951219513,14,4,0.6850148046888956
2024,00-0036900,Ja'Marr Chase,WR,CIN,175,8.72,0.11428571428571428,36,17,0.6528644933870861
2024,00-0036912,DeVonta Smith,WR,PHI,107,8.80373831775701,0.12149532710280374,14,7,0.6680085058802756
2024,00-0036919,Kenneth Gainwell,RB,PHI,25,0.6000000000000001,0,3,0,0.7749787473678589
2024,00-0036963,Amon-Ra St. Brown,WR,DET,151,7.748344370860927,0.052980132450331126,32,15,0.7180155736721114
2024,00-0036970,Kyle Pitts,TE,ATL,74,8.41891891891892,0.0945945945945946,13,4,0.6567504313346502
2024,00-0036973,Travis Etienne,RB,JAX,52,0.07692307692307719,0.019230769230769232,6,2,0.7765931727794501
2024,00-0036980,Elijah Moore,WR,CLE,102,9.313725490196079,0.12745098039215685,7,2,0.6349490506976259
2024,00-0036988,Josh Palmer,WR,LAC,67,14.850746268656717,0.2537313432835821,9,4,0.5612042239352838
2024,00-0036997,Javonte Williams,RB,DEN,72,-0.3888888888888885,0,4,1,0.7864182699057791
2024,00-0037005,Tommy Tremble,TE,CAR,32,5.6875,0.03125,4,1,0.6646395772695541
2024,00-0037086,Grant Calcaterra,TE,PHI,31,7.225806451612903,0.0967741935483871,2,1,0.6897699938666436
2024,00-0037091,Bo Melton,WR,GB,20,18.35,0.4,2,1,0.49381368681788446
2024,00-0037197,Isiah Pacheco,RB,KC,21,-1.0952380952380953,0,2,1,0.7772913518406096
2024,00-0037228,Jaylen Warren,RB,PIT,52,-0.28846153846153855,0,7,1,0.7505117927033168
2024,00-0037231,Kevin Austin Jr.,WR,NO,22,11.772727272727273,0.13636363636363635,0,0,0.6262457418170843
2024,00-0037238,Drake London,WR,ATL,159,10.849056603773585,0.13836477987421383,27,11,0.6216451676574144
2024,00-0037239,Chris Olave,WR,NO,44,10.34090909090909,0.1590909090909091,6,1,0.6433326026255434
2024,00-0037240,Jameson Williams,WR,DET,95,12.084210526315792,0.15789473684210525,12,3,0.6603185462324243
2024,00-0037247,George Pickens,WR,PIT,108,13.675925925925927,0.2962962962962963,16,7,0.5557437380430875
2024,00-0037248,James Cook,RB,BUF,44,0.5681818181818175,0.022727272727272728,5,1,0.7778706110336564
2024,00-0037256,Rachaad White,RB,TB,59,-1.7796610169491527,0.01694915254237288,11,6,0.8000081141116255
2024,00-0037261,Khalil Shakir,WR,BUF,120,5.425000000000001,0.1,10,2,0.7355043941487869
2024,00-0037267,Jerome Ford,RB,CLE,43,-0.34883720930232587,0.023255813953488372,1,0,0.7521964744773022
2024,00-0037291,Jalen Nailor,WR,MIN,47,11.893617021276595,0.1702127659574468,7,5,0.6151738074865747
2024,00-0037539,Lucas Krull,TE,DEN,24,5,0.041666666666666664,0,0,0.7418616600334644
2024,00-0037545,Rashid Shaheed,WR,NO,41,17.585365853658537,0.3902439024390244,4,2,0.5564249932039075
2024,00-0037614,John Metchie III,WR,HOU,47,9.25531914893617,0.10638297872340426,9,3,0.6557865028685712
2024,00-0037664,Alec Pierce,WR,IND,69,21.73913043478261,0.4782608695652174,6,4,0.4716621868420338
2024,00-0037666,Jalen Tolbert,WR,DAL,79,11.468354430379748,0.20253164556962025,13,7,0.6117866997477375
2024,00-0037740,Garrett Wilson,WR,NYJ,154,8.954545454545455,0.12987012987012986,25,12,0.6338900781490586
2024,00-0037741,Jahan Dotson,WR,PHI,38,9.789473684210526,0.18421052631578946,3,0,0.6222952792519018
2024,00-0037744,Trey McBride,TE,ARI,147,6.1360544217687085,0.047619047619047616,22,13,0.7200853672562814
2024,00-0037746,Brian Robinson,RB,WAS,30,-0.8666666666666663,0,5,1,0.8059216002623241
2024,00-0037801,KaVontae Turpin,WR,DAL,52,8.442307692307692,0.11538461538461539,7,2,0.6594277064387615
2024,00-0037805,Jeremy Ruckert,TE,NYJ,28,3.4285714285714284,0,3,0,0.7416053424988475
2024,00-0037809,Chig Okonkwo,TE,TEN,71,5.873239436619718,0.07042253521126761,6,2,0.6841644617453427
2024,00-0037816,Romeo Doubs,WR,GB,75,11.986666666666668,0.2,12,4,0.6165751552581787
2024,00-0037837,Calvin Austin III,WR,PIT,60,13.083333333333332,0.26666666666666666,5,2,0.5766579657793045
2024,00-0037838,Isaiah Likely,TE,BAL,68,8.705882352941178,0.11764705882352941,14,9,0.6419820851262878
2024,00-0037840,Kyren Williams,RB,LA,45,-0.8888888888888886,0,11,5,0.8019883645905389
2024,00-0038041,Jake Ferguson,TE,DAL,86,4.186046511627907,0.046511627906976744,6,3,0.7554164761027624
2024,00-0038098,Pierre Strong,RB,CLE,22,0.27272727272727293,0,1,0,0.7594813013618643
2024,00-0038117,Wan'Dale Robinson,WR,NYG,140,4.685714285714286,0.02857142857142857,18,9,0.688977754328932
2024,00-0038120,Breece Hall,RB,NYJ,76,0.25,0.039473684210526314,9,3,0.7555059974915103
2024,00-0038124,Christian Watson,WR,GB,54,17.51851851851852,0.3148148148148148,9,3,0.5185591592280953
2024,00-0038129,Cade Otton,TE,TB,89,5.43820224719101,0.056179775280898875,16,8,0.7122878678394168
2024,00-0038134,Kenneth Walker III,RB,SEA,53,-1.1886792452830184,0,10,1,0.8022085681276502
2024,00-0038393,Dontayvion Wicks,WR,GB,82,12.487804878048783,0.21951219512195122,14,6,0.6064454004531954
2024,00-0038542,Bijan Robinson,RB,ATL,72,-0.29166666666666713,0.027777777777777776,7,1,0.7909893211391237
2024,00-0038543,Jaxon Smith-Njigba,WR,SEA,138,8.608695652173912,0.13768115942028986,16,8,0.6441634846986204
2024,00-0038544,Quentin Johnston,WR,LAC,96,11.166666666666666,0.22916666666666666,12,2,0.6228230598693092
2024,00-0038547,Luke Schoonmaker,TE,DAL,36,5.527777777777777,0.027777777777777776,1,0,0.7307484348615011
2024,00-0038558,Darnell Washington,TE,PIT,28,4.392857142857143,0.03571428571428571,2,2,0.7116947355014938
2024,00-0038559,Michael Wilson,WR,ARI,71,11.338028169014084,0.2112676056338028,8,5,0.6336389744365719
2024,00-0038563,Tre Tucker,WR,LV,81,12.555555555555554,0.2345679012345679,5,1,0.5952131242295842
2024,00-0038589,Josh Whyle,TE,TEN,38,5.552631578947368,0.05263157894736842,5,3,0.6619192212820053
2024,00-0038597,Chase Brown,RB,CIN,65,0.8153846153846152,0,14,7,0.7612796769692347
2024,00-0038606,Parker Washington,WR,JAX,53,11.415094339622641,0.1509433962264151,9,5,0.5889616839165958
2024,00-0038608,Kayshon Boutte,WR,NE,69,14.681159420289854,0.2608695652173913,5,3,0.5654388981452887
2024,00-0038618,Xavier Hutchinson,WR,HOU,33,10.636363636363635,0.12121212121212122,3,1,0.5820004402688055
2024,00-0038619,Andrei Iosivas,WR,CIN,61,11.344262295081966,0.18032786885245902,10,10,0.6023905274809385
2024,00-0038621,Demario Douglas,WR,NE,87,6.103448275862068,0.06896551724137931,6,2,0.6688174598518459
2024,00-0038640,Jalen Brooks,WR,DAL,30,13.633333333333333,0.16666666666666666,4,3,0.5660535405079524
2024,00-0038705,Emari Demercado,RB,ARI,20,1.2999999999999998,0,4,0,0.762058362364769
2024,00-0038720,Julian Hill,TE,MIA,20,6.1,0,6,2,0.7021921932697296
2024,00-0038794,Jaleel McLaughlin,RB,DEN,28,-3.9642857142857144,0,4,2,0.8201225804431098
2024,00-0038824,Ryan Miller,WR,TB,20,9.75,0.15,3,1,0.6524747610092163
2024,00-0038933,Dalton Kincaid,TE,BUF,84,7.988095238095238,0.14285714285714285,10,4,0.6804473604119959
2024,00-0038935,Brenton Strange,TE,JAX,53,6.433962264150944,0.05660377358490566,6,4,0.6987418594225397
2024,00-0038976,Marvin Mims Jr.,WR,DEN,57,7.438596491228072,0.21052631578947367,6,4,0.6881192943506074
2024,00-0038977,Tank Dell,WR,HOU,81,12.543209876543209,0.20987654320987653,9,4,0.6169110698464476
2024,00-0038979,Cedric Tillman,WR,CLE,51,10.901960784313724,0.1568627450980392,7,4,0.5990252275677288
2024,00-0038994,Jordan Addison,WR,MIN,108,13.333333333333332,0.2777777777777778,19,10,0.6046976678901248
2024,00-0038996,Tucker Kraft,TE,GB,76,5.0131578947368425,0.05263157894736842,17,4,0.6958637417931306
2024,00-0038997,Josh Downs,WR,IND,107,6.859813084112151,0.09345794392523364,14,6,0.689712076822174
2024,00-0039021,Roschon Johnson,RB,CHI,20,0.55,0,2,0,0.7718123286962509
2024,00-0039032,Tyjae Spears,RB,TEN,35,-0.8857142857142853,0,3,0,0.7547797867230006
2024,00-0039040,De'Von Achane,RB,MIA,87,-0.4022988505747126,0.022988505747126436,14,5,0.7885445671520014
2024,00-0039041,Elijah Higgins,TE,ARI,24,4.5,0,3,2,0.7412032609184583
2024,00-0039052,Trey Palmer,WR,TB,22,14.318181818181817,0.2727272727272727,2,0,0.5963315679268404
2024,00-0039062,Jonathan Mingo,WR,CAR,26,9.269230769230768,0.07692307692307693,0,0,0.6656591806274194
2024,00-0039064,Zay Flowers,WR,BAL,117,10.333333333333334,0.19658119658119658,8,7,0.6495210594601102
2024,00-0039065,Sam LaPorta,TE,DET,90,6.7666666666666675,0.1,21,10,0.7069162183337742
2024,00-0039066,Michael Mayer,TE,LV,32,6.15625,0.09375,6,2,0.7212570002302527
2024,00-0039067,Rashee Rice,WR,KC,29,5.206896551724137,0.06896551724137931,2,1,0.7614549542295521
2024,00-0039075,Puka Nacua,WR,LA,130,8.061538461538461,0.09230769230769231,17,4,0.6985101751410043
2024,00-0039139,Jahmyr Gibbs,RB,DET,74,0.5540540540540534,0.05405405405405406,14,2,0.7826209942231307
2024,00-0039146,Jayden Reed,WR,GB,80,8.85,0.2,12,5,0.6583247505128383
2024,00-0039165,Zach Charbonnet,RB,SEA,52,-1.0384615384615385,0.019230769230769232,1,0,0.8028440515582378
2024,00-0039337,Malik Nabers,WR,NYG,172,9.377906976744185,0.16279069767441862,17,12,0.6184359572308008
2024,00-0039338,Brock Bowers,TE,LV,153,6.0326797385620905,0.0784313725490196,16,8,0.6973357416835486
2024,00-0039342,Xavier Legette,WR,CAR,85,12.141176470588235,0.2235294117647059,13,7,0.5779174613602022
2024,00-0039355,Luke McCaffrey,WR,WAS,26,7,0.07692307692307693,4,3,0.6708469367944278
2024,00-0039356,Ja'Tavion Sanders,TE,CAR,43,6.2325581395348815,0.09302325581395349,6,4,0.69629547589047
2024,00-0039359,Cade Stover,TE,HOU,26,4.884615384615384,0.038461538461538464,3,1,0.7701226083131937
2024,00-0039361,Bucky Irving,RB,TB,55,-2.9636363636363634,0,10,7,0.8288881009275263
2024,00-0039384,Tyrone Tracy Jr.,RB,NYG,54,0.37037037037037046,0,6,3,0.743424536453353
2024,00-0039424,Devaughn Vele,WR,DEN,57,8.385964912280702,0.10526315789473684,7,3,0.6692932833705032
2024,00-0039491,Jalen Coker,WR,CAR,46,11.217391304347824,0.08695652173913043,7,3,0.5927234855682953
2024,00-0039623,Mason Tipton,WR,NO,26,12.538461538461538,0.23076923076923078,1,0,0.6055031516231023
2024,00-0039751,Jordan Whittington,WR,LA,29,5.586206896551725,0.06896551724137931,2,2,0.7322320516767173
2024,00-0039793,AJ Barner,TE,SEA,38,3.578947368421052,0.02631578947368421,7,4,0.7488275091899069
2024,00-0039794,Braelon Allen,RB,NYJ,27,-0.18518518518518523,0,1,0,0.7773379926328305
2024,00-0039814,Erick All,TE,CIN,22,3.2727272727272725,0,2,0,0.7722389887679707
2024,00-0039847,Theo Johnson,TE,NYG,43,6.697674418604651,0.06976744186046512,1,1,0.6519995269387268
2024,00-0039849,Marvin Harrison Jr.,WR,ARI,116,13.5,0.22413793103448276,14,6,0.5768707664362316
2024,00-0039855,Jalen McMillan,WR,TB,62,12.370967741935484,0.20967741935483872,8,5,0.6074099379681772
2024,00-0039868,Troy Franklin,WR,DEN,56,13.392857142857144,0.35714285714285715,8,2,0.6023713837244681
2024,00-0039880,Malik Washington,WR,MIA,36,5.416666666666666,0.05555555555555555,2,1,0.7025679556859864
2024,00-0039890,Adonai Mitchell,WR,IND,55,14.09090909090909,0.2909090909090909,7,2,0.55472163178704
2024,00-0039893,Brian Thomas Jr.,WR,JAX,135,11.444444444444446,0.2074074074074074,18,11,0.6165465148510756
2024,00-0039894,Xavier Worthy,WR,KC,120,8.958333333333332,0.175,25,9,0.6604652995864551
2024,00-0039901,Keon Coleman,WR,BUF,67,14.791044776119403,0.31343283582089554,14,8,0.5256972168363742
2024,00-0039907,Ja'Lynn Polk,WR,NE,34,11.676470588235293,0.20588235294117646,5,3,0.5360450472901849
2024,00-0039915,Ladd McConkey,WR,LAC,127,10.440944881889763,0.08661417322834646,10,9,0.6378355052058152
2024,00-0039916,Ricky Pearsall,WR,SF,47,11.276595744680852,0.14893617021276595,8,4,0.6409239306094798
2024,00-0039919,Rome Odunze,WR,CHI,101,13.841584158415841,0.22772277227722773,17,4,0.552697757093033
2025,00-0029892,Kyle Juszczyk,RB,SF,33,4.363636363636363,0.030303030303030304,6,4,0.7018071205327006
2025,00-0030061,Zach Ertz,TE,WAS,73,9.013698630136986,0.0958904109589041,9,6,0.6634188353607099
2025,00-0030279,Keenan Allen,WR,LAC,130,8.292307692307691,0.1076923076923077,17,8,0.6458773830762277
2025,00-0030506,Travis Kelce,TE,KC,109,6.761467889908255,0.09174311926605505,13,8,0.6960333033439217
2025,00-0030564,DeAndre Hopkins,WR,BAL,39,13.153846153846153,0.20512820512820512,3,1,0.5532541871070862
2025,00-0031236,Brandin Cooks,WR,BUF,22,24.90909090909091,0.6363636363636364,1,0,0.4492165358229117
2025,00-0031236,Brandin Cooks,WR,NO,25,9.24,0.16,1,0,0.6415490806102753
2025,00-0031381,Davante Adams,WR,LA,139,13.179856115107917,0.2014388489208633,34,24,0.5749920873547629
2025,00-0031408,Mike Evans,WR,TB,62,13.290322580645162,0.22580645161290322,9,5,0.5989000220452586
2025,00-0031588,Stefon Diggs,WR,NE,122,8.196721311475411,0.12295081967213115,13,8,0.6718628702105068
2025,00-0031610,Darren Waller,TE,MIA,35,10.314285714285715,0.14285714285714285,8,6,0.585768324988229
2025,00-0032211,Tyler Lockett,WR,LV,35,7.657142857142857,0.11428571428571428,3,3,0.6179003042834146
2025,00-0032211,Tyler Lockett,WR,TEN,21,7.619047619047619,0,0,0,0.6528577123369489
2025,00-0032385,Sterling Shepard,WR,TB,54,8.425925925925927,0.09259259259259259,8,3,0.6748295327027639
2025,00-0032392,Austin Hooper,TE,NE,33,9.424242424242424,0.15151515151515152,5,3,0.6585434991301913
2025,00-0032398,Chris Moore,WR,WAS,23,14.434782608695652,0.21739130434782608,2,0,0.5559347952189653
2025,00-0032464,Kalif Raymond,WR,DET,30,5.633333333333334,0.06666666666666667,2,1,0.7569131990273793
2025,00-0032764,Derrick Henry,RB,BAL,21,0.5714285714285716,0,2,0,0.7896824110121954
2025,00-0032775,Demarcus Robinson,WR,SF,44,12.704545454545455,0.22727272727272727,5,3,0.5877275419506159
2025,00-0033040,Tyreek Hill,WR,MIA,29,13.75862068965517,0.27586206896551724,2,2,0.599790597270275
2025,00-0033090,Hunter Henry,TE,NE,103,8.21359223300971,0.0970873786407767,24,11,0.6641381139894134
2025,00-0033110,Tyler Higbee,TE,LA,42,4.547619047619045,0.09523809523809523,10,4,0.7074105611869267
2025,00-0033217,Mo Alie-Cox,TE,IND,20,4.65,0,6,2,0.7396982073783874
2025,00-0033280,Christian McCaffrey,RB,SF,143,2.776223776223776,0.027972027972027972,27,14,0.7352905925754067
2025,00-0033288,George Kittle,TE,SF,71,6.704225352112676,0.056338028169014086,13,5,0.6833498589169811
2025,00-0033293,Aaron Jones,RB,MIN,41,-0.6097560975609759,0.024390243902439025,5,0,0.7810783727866847
2025,00-0033307,Kendrick Bourne,WR,SF,55,11.254545454545456,0.12727272727272726,2,1,0.6353970581834967
2025,00-0033375,Tim Patrick,WR,JAX,25,11.16,0.12,9,4,0.6089918315410614
2025,00-0033526,Samaje Perine,RB,CIN,21,-1.5238095238095237,0,1,0,0.7662120532421839
2025,00-0033555,Mack Hollins,WR,NE,75,14.199999999999998,0.22666666666666666,6,4,0.5955943771203358
2025,00-0033857,JuJu Smith-Schuster,WR,KC,45,5.4222222222222225,0.022222222222222223,9,3,0.7022680222988129
2025,00-0033858,Jonnu Smith,TE,PIT,58,4.275862068965518,0.05172413793103448,8,4,0.7295336723327637
2025,00-0033881,Evan Engram,TE,DEN,83,4.204819277108434,0.04819277108433735,12,2,0.7291807643620365
2025,00-0033885,David Njoku,TE,CLE,48,5.270833333333334,0.041666666666666664,9,3,0.683556018397212
2025,00-0033906,Alvin Kamara,RB,NO,39,0.846153846153846,0.02564102564102564,5,2,0.7649008402457604
2025,00-0033908,Cooper Kupp,WR,SEA,94,7.6489361702127665,0.0851063829787234,16,5,0.6776022838151201
2025,00-0033921,Chris Godwin Jr.,WR,TB,52,6.980769230769232,0.07692307692307693,8,6,0.6765092639968946
2025,00-0033923,Kareem Hunt,RB,KC,25,0,0,5,1,0.7472383415699005
2025,00-0033943,Josh Reynolds,WR,NYJ,22,12.636363636363635,0.18181818181818182,2,2,0.5771668004718694
2025,00-0033955,Jeremy McNichols,RB,WAS,32,-0.65625,0,3,1,0.781579002737999
2025,00-0034272,Marquez Valdes-Scantling,WR,PIT,26,11.076923076923075,0.19230769230769232,5,3,0.5737818766098756
2025,00-0034348,Courtland Sutton,WR,DEN,139,12.20863309352518,0.17266187050359713,21,9,0.5881006518285051
2025,00-0034351,Dallas Goedert,TE,PHI,89,7.5280898876404505,0.07865168539325842,17,10,0.6893316704905434
2025,00-0034383,Dalton Schultz,TE,HOU,113,6.106194690265487,0.05309734513274336,14,8,0.6954904077327357
2025,00-0034613,Tanner Hudson,TE,CIN,24,4.958333333333334,0.041666666666666664,6,4,0.707164910932382
2025,00-0034753,Mark Andrews,TE,BAL,70,7.257142857142858,0.02857142857142857,15,9,0.6639883628913335
2025,00-0034775,Christian Kirk,WR,HOU,68,7.470588235294119,0.10294117647058823,10,8,0.652810576645767
2025,00-0034791,Nick Chubb,RB,HOU,21,1.1428571428571432,0,2,0,0.7486798564592997
2025,00-0034827,DJ Moore,WR,CHI,100,11.24,0.24,13,7,0.6187413103878499
2025,00-0034829,Mike Gesicki,TE,CIN,43,9.767441860465116,0.09302325581395349,8,5,0.6186640571023143
2025,00-0034837,Calvin Ridley,WR,TEN,36,12.583333333333332,0.1111111111111111,2,1,0.5807158533069823
2025,00-0034844,Saquon Barkley,RB,PHI,57,0.5964912280701755,0.05263157894736842,8,4,0.7594926623921645
2025,00-0034960,Jakobi Meyers,WR,JAX,65,9.492307692307692,0.07692307692307693,10,6,0.6468739812190716
2025,00-0034960,Jakobi Meyers,WR,LV,49,8.89795918367347,0.061224489795918366,6,0,0.6646259275017953
2025,00-0034975,Justice Hill,RB,BAL,27,-0.2222222222222224,0,1,0,0.8128928122697053
2025,00-0034983,Hunter Renfrow,WR,CAR,26,7.461538461538462,0.038461538461538464,6,3,0.6374388921719331
2025,00-0035208,Olamide Zaccheaus,WR,CHI,70,7.300000000000001,0.08571428571428572,14,5,0.6791089800851686
2025,00-0035229,T.J. Hockenson,TE,MIN,66,4.984848484848484,0.030303030303030304,11,3,0.7143661443031195
2025,00-0035249,Josh Oliver,TE,MIN,20,3.25,0,7,3,0.7064611881971359
2025,00-0035261,Tony Pollard,RB,TEN,41,0.29268292682926805,0,1,0,0.7530633312899891
2025,00-0035359,David Sills,WR,ATL,36,11.222222222222221,0.19444444444444445,6,3,0.6193792050083479
2025,00-0035406,Lil'Jordan Humphrey,WR,DEN,23,10.217391304347824,0.13043478260869565,3,3,0.5768925029298534
2025,00-0035500,Greg Dortch,WR,ARI,33,1.7575757575757573,0.030303030303030304,7,0,0.7960696771289363
2025,00-0035535,Darius Slayton,WR,NYG,65,13.015384615384614,0.2153846153846154,8,7,0.5832540326393567
2025,00-0035537,Ty Johnson,RB,BUF,33,-1.181818181818182,0,4,1,0.7986889499606509
2025,00-0035631,Drew Sample,TE,CIN,20,-0.3500000000000001,0,1,1,0.7878579661250115
2025,00-0035640,DK Metcalf,WR,PIT,104,10.586538461538462,0.18269230769230768,13,7,0.6388225919352128
2025,00-0035644,Noah Fant,TE,CIN,41,3.341463414634146,0.04878048780487805,4,3,0.7407136290538602
2025,00-0035659,Terry McLaurin,WR,WAS,60,13.983333333333333,0.23333333333333334,8,3,0.5459430831174056
2025,00-0035662,Marquise Brown,WR,KC,74,11.2972972972973,0.16216216216216217,10,8,0.6298826673143619
2025,00-0035676,A.J. Brown,WR,PHI,128,12.171875,0.1953125,13,5,0.6123522580601275
2025,00-0035685,David Montgomery,RB,DET,29,0.4137931034482759,0,2,0,0.783551300394124
2025,00-0035689,Dawson Knox,TE,BUF,58,6.724137931034482,0.06896551724137931,14,8,0.6943091215758488
2025,00-0035700,Josh Jacobs,RB,GB,47,-0.5744680851063836,0,6,2,0.7914533076134134
2025,00-0035719,Deebo Samuel Sr.,WR,WAS,100,5.290000000000001,0.06,13,8,0.7229807648062706
2025,00-0036040,Juwan Johnson,TE,NO,102,7.578431372549019,0.06862745098039216,8,1,0.6723361041615991
2025,00-0036139,Rico Dowdle,RB,CAR,52,-0.9230769230769229,0.019230769230769232,6,1,0.7653733864426613
2025,00-0036182,Nick Westbrook-Ikhine,WR,MIA,20,5.5,0,2,1,0.726321417093277
2025,00-0036196,Gabe Davis,WR,BUF,21,8.714285714285714,0.047619047619047616,6,6,0.6321738759676615
2025,00-0036223,Jonathan Taylor,RB,IND,56,-0.767857142857143,0.017857142857142856,5,2,0.7939609039042678
2025,00-0036244,Colby Parkinson,TE,LA,70,5.114285714285714,0.07142857142857142,24,10,0.7269312160355704
2025,00-0036252,Michael Pittman,WR,IND,114,8.096491228070175,0.07894736842105263,18,10,0.6830151138598459
2025,00-0036259,Jauan Jennings,WR,SF,101,10.01980198019802,0.12871287128712872,23,12,0.6219740583755002
2025,00-0036275,D'Andre Swift,RB,CHI,50,-0.4199999999999998,0,1,0,0.7849548971652984
2025,00-0036290,Cole Kmet,TE,CHI,54,8.444444444444446,0.14814814814814814,9,4,0.6500031641787953
2025,00-0036309,Darnell Mooney,WR,ATL,72,14.152777777777779,0.25,8,3,0.575566896961795
2025,00-0036322,Justin Jefferson,WR,MIN,142,10.14084507042254,0.14788732394366197,19,11,0.6181236548532902
2025,00-0036358,CeeDee Lamb,WR,DAL,117,11.991452991452991,0.1794871794871795,17,7,0.6393389796089922
2025,00-0036407,Jerry Jeudy,WR,CLE,106,12.150943396226415,0.16981132075471697,9,3,0.5537262021932962
2025,00-0036410,Tee Higgins,WR,CIN,99,13.292929292929292,0.25252525252525254,16,8,0.5723682154308666
2025,00-0036415,Van Jefferson,WR,TEN,52,11.980769230769232,0.17307692307692307,3,1,0.6011062006537731
2025,00-0036422,Adam Trautman,TE,DEN,25,4.959999999999999,0,1,1,0.7459692001342774
2025,00-0036550,Rashod Bateman,WR,BAL,39,12.051282051282051,0.15384615384615385,9,4,0.5988391614877261
2025,00-0036554,Nico Collins,WR,HOU,128,12.4140625,0.171875,19,10,0.5966695486567914
2025,00-0036555,Chuba Hubbard,RB,CAR,43,-0.9767441860465124,0,6,4,0.7729175492774608
2025,00-0036613,Jaylen Waddle,WR,MIA,100,13.059999999999999,0.18,11,5,0.6102926823496818
2025,00-0036626,Dyami Brown,WR,JAX,37,14,0.1891891891891892,9,3,0.5872669775743742
2025,00-0036637,Noah Gray,TE,KC,38,6.342105263157896,0.10526315789473684,3,2,0.6942231270827746
2025,00-0036754,Brock Wright,TE,DET,22,1,0,2,2,0.816995463588021
2025,00-0036875,Rhamondre Stevenson,RB,NE,52,3.230769230769231,0.057692307692307696,7,1,0.7157499099580141
2025,00-0036894,Pat Freiermuth,TE,PIT,57,6.807017543859648,0.08771929824561403,9,4,0.6770322464014354
2025,00-0036900,Ja'Marr Chase,WR,CIN,185,8.486486486486488,0.10810810810810811,22,8,0.6706991360799687
2025,00-0036912,DeVonta Smith,WR,PHI,125,11.160000000000002,0.168,13,4,0.6306634711027146
2025,00-0036919,Kenneth Gainwell,RB,PIT,91,-0.10989010989011018,0.01098901098901099,17,6,0.7499676037293214
2025,00-0036924,Michael Carter,RB,ARI,45,1.6666666666666663,0.022222222222222223,7,3,0.772770541244083
2025,00-0036963,Amon-Ra St. Brown,WR,DET,172,8.08139534883721,0.046511627906976744,35,21,0.6919644331169683
2025,00-0036970,Kyle Pitts,TE,ATL,119,7.319327731092438,0.06722689075630252,13,7,0.6884393358931822
2025,00-0036973,Travis Etienne,RB,JAX,57,-1.2105263157894741,0.017543859649122806,11,6,0.7965719626660932
2025,00-0036988,Josh Palmer,WR,BUF,37,11.45945945945946,0.13513513513513514,6,2,0.636402391098641
2025,00-0036997,Javonte Williams,RB,DAL,51,-1.3137254901960786,0,12,5,0.8117247960146736
2025,00-0037005,Tommy Tremble,TE,CAR,40,4.275,0.05,5,3,0.7069126792252064
2025,00-0037085,Tyler Badie,RB,DEN,33,-1.212121212121213,0.030303030303030304,4,1,0.7665298021200931
2025,00-0037112,Jake Tonges,TE,SF,55,5.8181818181818175,0.03636363636363636,7,5,0.6901152692057869
2025,00-0037157,Bam Knight,RB,ARI,31,1.1935483870967742,0,6,1,0.7431606909921092
2025,00-0037197,Isiah Pacheco,RB,KC,26,-1.0384615384615383,0,4,2,0.7869616254017904
2025,00-0037228,Jaylen Warren,RB,PIT,46,-2.3695652173913038,0,5,4,0.8137598517148391
2025,00-0037231,Kevin Austin Jr.,WR,NO,23,8.304347826086957,0.08695652173913043,2,1,0.6656386593113774
2025,00-0037238,Drake London,WR,ATL,113,10.823008849557521,0.1504424778761062,16,9,0.630945936240981
2025,00-0037239,Chris Olave,WR,NO,156,11.801282051282056,0.1987179487179487,15,4,0.6057023001022828
2025,00-0037240,Jameson Williams,WR,DET,102,12.637254901960784,0.20588235294117646,9,4,0.6356756457803296
2025,00-0037247,George Pickens,WR,DAL,137,11.291970802919709,0.16058394160583941,23,10,0.6262579222012611
2025,00-0037248,James Cook,RB,BUF,46,1.2391304347826084,0.021739130434782608,3,1,0.7723948450192161
2025,00-0037252,Greg Dulcich,TE,MIA,34,4.617647058823529,0,7,3,0.7257430562201668
2025,00-0037256,Rachaad White,RB,TB,45,-2.266666666666667,0,10,1,0.8118992474344041
2025,00-0037261,Khalil Shakir,WR,BUF,118,3.372881355932204,0.0423728813559322,20,7,0.7577075054079799
2025,00-0037267,Jerome Ford,RB,CLE,32,-1.53125,0,6,0,0.7808863436803222
2025,00-0037291,Jalen Nailor,WR,MIN,54,12.185185185185187,0.18518518518518517,13,7,0.5633466403793406
2025,00-0037545,Rashid Shaheed,WR,NO,66,11.333333333333332,0.19696969696969696,7,2,0.62036193387978
2025,00-0037545,Rashid Shaheed,WR,SEA,36,15.777777777777779,0.3055555555555556,3,0,0.5656507710615793
2025,00-0037614,John Metchie III,WR,NYJ,44,5.954545454545455,0,5,2,0.665637286210602
2025,00-0037664,Alec Pierce,WR,IND,84,18.96428571428571,0.2976190476190476,9,4,0.5359001966814201
2025,00-0037666,Jalen Tolbert,WR,DAL,35,11.714285714285714,0.14285714285714285,5,2,0.6069039911031723
2025,00-0037740,Garrett Wilson,WR,NYJ,60,8.95,0.13333333333333333,5,2,0.6357249602675438
2025,00-0037741,Jahan Dotson,WR,PHI,37,15.567567567567567,0.2972972972972973,5,0,0.5510318089981336
2025,00-0037742,Treylon Burks,WR,WAS,22,13.454545454545455,0.22727272727272727,4,4,0.5393775687976317
2025,00-0037744,Trey McBride,TE,ARI,170,6.635294117647058,0.052941176470588235,34,12,0.6927948033108431
2025,00-0037801,KaVontae Turpin,WR,DAL,38,8.921052631578949,0.13157894736842105,5,2,0.6922645796286433
2025,00-0037805,Jeremy Ruckert,TE,NYJ,29,3.5172413793103443,0,3,2,0.7144365516202204
2025,00-0037809,Chig Okonkwo,TE,TEN,79,4.632911392405063,0.05063291139240506,5,3,0.7185450984707361
2025,00-0037816,Romeo Doubs,WR,GB,97,12.371134020618557,0.18556701030927836,20,11,0.6002364018835973
2025,00-0037837,Calvin Austin III,WR,PIT,61,11.672131147540986,0.19672131147540983,4,1,0.6036013391662817
2025,00-0037838,Isaiah Likely,TE,BAL,36,7.972222222222222,0.08333333333333333,6,2,0.6640676450398233
2025,00-0037840,Kyren Williams,RB,LA,59,2.7627118644067794,0.01694915254237288,14,5,0.7365874415737087
2025,00-0038041,Jake Ferguson,TE,DAL,103,4.631067961165049,0.038834951456310676,25,14,0.7345623148297801
2025,00-0038104,Tyquan Thornton,WR,KC,37,26.891891891891895,0.6216216216216216,4,2,0.40459808022589294
2025,00-0038115,Daniel Bellinger,TE,NYG,26,9.384615384615383,0.07692307692307693,6,1,0.6457284562862836
2025,00-0038117,Wan'Dale Robinson,WR,NYG,141,8.432624113475176,0.14893617021276595,14,6,0.6498930767072854
2025,00-0038120,Breece Hall,RB,NYJ,48,0.2916666666666664,0,9,3,0.7481447029858828
2025,00-0038124,Christian Watson,WR,GB,62,17.209677419354836,0.3225806451612903,7,5,0.5495885706716969
2025,00-0038129,Cade Otton,TE,TB,82,5.134146341463415,0.012195121951219513,7,3,0.7417425426041208
2025,00-0038134,Kenneth Walker III,RB,SEA,47,-0.7659574468085109,0,4,1,0.8030788010739266
2025,00-0038359,Xavier Smith,WR,LA,24,16.875,0.3333333333333333,3,0,0.613184966146946
2025,00-0038393,Dontayvion Wicks,WR,GB,46,11.23913043478261,0.15217391304347827,4,1,0.6215473977120026
2025,00-0038542,Bijan Robinson,RB,ATL,103,0.980582524271844,0.02912621359223301,13,4,0.7557324581933254
2025,00-0038543,Jaxon Smith-Njigba,WR,SEA,189,11.084656084656084,0.14814814814814814,23,8,0.6285528509074418
2025,00-0038544,Quentin Johnston,WR,LAC,90,11.6,0.2222222222222222,15,7,0.6281429087122281
2025,00-0038547,Luke Schoonmaker,TE,DAL,23,7.17391304347826,0.13043478260869565,2,0,0.6830275356769562
2025,00-0038558,Darnell Washington,TE,PIT,44,5.545454545454545,0.045454545454545456,9,5,0.7208192003044215
2025,00-0038559,Michael Wilson,WR,ARI,127,11.842519685039369,0.1732283464566929,17,5,0.6043901117298547
2025,00-0038563,Tre Tucker,WR,LV,92,10.16304347826087,0.1956521739130435,10,5,0.631069585033085
2025,00-0038597,Chase Brown,RB,CIN,89,0.5393258426966294,0.011235955056179775,12,7,0.7653969263427713
2025,00-0038606,Parker Washington,WR,JAX,109,12.26605504587156,0.22935779816513763,19,7,0.6058790266787241
2025,00-0038608,Kayshon Boutte,WR,NE,66,16.87878787878788,0.3181818181818182,5,2,0.5498946160078049
2025,00-0038618,Xavier Hutchinson,WR,HOU,74,10,0.10810810810810811,8,4,0.6411074639574902
2025,00-0038619,Andrei Iosivas,WR,CIN,58,10.448275862068964,0.15517241379310345,7,4,0.6371309251107019
2025,00-0038621,DeMario Douglas,WR,NE,58,9.155172413793103,0.1724137931034483,7,4,0.6562626125483677
2025,00-0038679,Tyrell Shavers,WR,BUF,25,12.8,0.16,0,0,0.6148261815309525
2025,00-0038705,Emari Demercado,RB,ARI,20,0.5999999999999996,0,4,3,0.7558706164360046
2025,00-0038720,Julian Hill,TE,MIA,21,3.238095238095238,0,4,1,0.7402191176300957
2025,00-0038839,Mitchell Tinsley,WR,CIN,24,14.75,0.2916666666666667,5,1,0.5041531523068746
2025,00-0038933,Dalton Kincaid,TE,BUF,61,9.213114754098362,0.09836065573770492,11,5,0.6576163021267437
2025,00-0038935,Brenton Strange,TE,JAX,65,7.2,0.09230769230769231,11,4,0.7099277693491716
2025,00-0038976,Marvin Mims Jr.,WR,DEN,65,9.246153846153845,0.26153846153846155,3,1,0.6714660880657343
2025,00-0038979,Cedric Tillman,WR,CLE,39,11.87179487179487,0.15384615384615385,4,2,0.5825127898118435
2025,00-0038994,Jordan Addison,WR,MIN,79,13.708860759493671,0.27848101265822783,13,5,0.5618183965547175
2025,00-0038996,Tucker Kraft,TE,GB,44,4.5681818181818175,0.045454545454545456,12,3,0.7106792066584934
2025,00-0038997,Josh Downs,WR,IND,88,7.488636363636365,0.09090909090909091,15,5,0.6639494018798524
2025,00-0039032,Tyjae Spears,RB,TEN,50,-2.3,0,7,3,0.7979013991355896
2025,00-0039040,De'Von Achane,RB,MIA,85,0.4117647058823527,0.023529411764705882,11,5,0.7788220707107992
2025,00-0039041,Elijah Higgins,TE,ARI,37,4,0,5,3,0.7354001273980012
2025,00-0039064,Zay Flowers,WR,BAL,119,10.134453781512605,0.17647058823529413,12,6,0.6489489377797151
2025,00-0039065,Sam LaPorta,TE,DET,49,5.653061224489796,0.04081632653061224,6,3,0.7158621567852643
2025,00-0039066,Michael Mayer,TE,LV,50,4.8,0.04,6,3,0.7160928207635879
2025,00-0039067,Rashee Rice,WR,KC,79,4.303797468354429,0.0759493670886076,19,15,0.7160115973858894
2025,00-0039074,Davis Allen,TE,LA,33,3.93939393939394,0.030303030303030304,7,4,0.7424521401072993
2025,00-0039075,Puka Nacua,WR,LA,208,10.10096153846154,0.16826923076923078,21,10,0.6608505725430753
2025,00-0039139,Jahmyr Gibbs,RB,DET,94,0.5744680851063836,0.010638297872340425,15,4,0.790056659978755
2025,00-0039144,Luke Musgrave,TE,GB,33,8.848484848484848,0.18181818181818182,1,0,0.6695464984937147
2025,00-0039146,Jayden Reed,WR,GB,29,9.379310344827585,0.20689655172413793,6,1,0.6480292266812818
2025,00-0039165,Zach Charbonnet,RB,SEA,24,1.6666666666666665,0,3,1,0.7801685879627863
2025,00-0039337,Malik Nabers,WR,NYG,35,15.857142857142856,0.3142857142857143,4,3,0.5621938931090491
2025,00-0039338,Brock Bowers,TE,LV,87,6.459770114942529,0.06896551724137931,18,10,0.6557160040427898
2025,00-0039342,Xavier Legette,WR,CAR,68,9.955882352941178,0.11764705882352941,13,3,0.6074583578635665
2025,00-0039356,Ja'Tavion Sanders,TE,CAR,34,4.823529411764706,0,10,2,0.7247460019939086
2025,00-0039359,Cade Stover,TE,HOU,21,2.142857142857143,0,4,2,0.7825633202280317
2025,00-0039361,Bucky Irving,RB,TB,35,-1.6,0.02857142857142857,4,1,0.7899814758981977
2025,00-0039384,Tyrone Tracy Jr.,RB,NYG,48,0.3958333333333333,0.020833333333333332,5,1,0.741588130282859
2025,00-0039391,Kimani Vidal,RB,LAC,25,0.5999999999999994,0.08,6,3,0.7568236339092255
2025,00-0039410,Ryan Flournoy,WR,DAL,56,8.321428571428571,0.08928571428571429,7,5,0.6680555306375027
2025,00-0039424,Devaughn Vele,WR,NO,40,10.975,0.1,5,4,0.5929219584912062
2025,00-0039451,Isaiah Williams,WR,NYJ,36,3.3888888888888884,0,1,0,0.7032461340228716
2025,00-0039491,Jalen Coker,WR,CAR,57,10.192982456140351,0.14035087719298245,7,6,0.62409662363822
2025,00-0039739,Roman Wilson,WR,PIT,21,13.19047619047619,0.3333333333333333,1,1,0.5892129597209749
2025,00-0039751,Jordan Whittington,WR,LA,27,6.62962962962963,0.1111111111111111,1,0,0.7160059699305782
2025,00-0039793,AJ Barner,TE,SEA,75,4.466666666666666,0.05333333333333334,16,7,0.7157686503728231
2025,00-0039798,Isaiah Davis,RB,NYJ,29,1.1724137931034482,0.034482758620689655,2,1,0.7152416469721958
2025,00-0039847,Theo Johnson,TE,NYG,74,8.324324324324326,0.0945945945945946,14,6,0.6334433253552463
2025,00-0039849,Marvin Harrison Jr.,WR,ARI,74,12.810810810810812,0.21621621621621623,11,6,0.5892857864901826
2025,00-0039868,Troy Franklin,WR,DEN,107,12.401869158878508,0.22429906542056074,21,11,0.6110104865559908
2025,00-0039880,Malik Washington,WR,MIA,65,5.184615384615385,0.07692307692307693,11,7,0.6996046570631174
2025,00-0039890,Adonai Mitchell,WR,NYJ,58,14.551724137931036,0.2413793103448276,8,2,0.5111830643024938
2025,00-0039893,Brian Thomas Jr.,WR,JAX,93,14.354838709677418,0.24731182795698925,8,6,0.5800111830554984
2025,00-0039894,Xavier Worthy,WR,KC,73,12.931506849315067,0.2328767123287671,6,2,0.6161620835327122
2025,00-0039901,Keon Coleman,WR,BUF,66,11.106060606060606,0.18181818181818182,14,10,0.6187017544200926
2025,00-0039915,Ladd McConkey,WR,LAC,110,9.945454545454549,0.13636363636363635,15,6,0.6295130004936997
2025,00-0039916,Ricky Pearsall,WR,SF,55,13.836363636363636,0.3090909090909091,4,2,0.5789127618074417
2025,00-0039919,Rome Odunze,WR,CHI,103,14.281553398058254,0.2815533980582524,14,6,0.5724992665272315
2025,00-0040078,Brashard Smith,RB,KC,35,-1.6,0,7,3,0.8163262316158839
2025,00-0040122,Ashton Jeanty,RB,LV,73,-1.4246575342465742,0.0136986301369863,10,3,0.7636363510399649
2025,00-0040124,Tetairoa McMillan,WR,CAR,129,11.689922480620154,0.17829457364341086,15,6,0.585780585921088
2025,00-0040126,Colston Loveland,TE,CHI,109,9.75229357798165,0.14678899082568808,19,8,0.6470316807064441
2025,00-0040128,Tyler Warren,TE,IND,114,5.31578947368421,0.02631578947368421,23,13,0.7187896985233876
2025,00-0040129,Emeka Egbuka,WR,TB,128,12.296875,0.2109375,15,5,0.628801365965046
2025,00-0040130,Jayden Higgins,WR,HOU,83,12.397590361445783,0.18072289156626506,9,4,0.5848593688513859
2025,00-0040131,Kyle Williams,WR,NE,27,18.88888888888889,0.4074074074074074,0,0,0.5131749869496735
2025,00-0040134,Pat Bryant,WR,DEN,53,8.132075471698112,0.07547169811320754,8,4,0.6794166441233653
2025,00-0040138,Jaylin Noel,WR,HOU,37,10.08108108108108,0.24324324324324326,5,3,0.6269025685819419
2025,00-0040162,Dylan Sampson,RB,CLE,40,-1.55,0,6,2,0.7799395650625229
2025,00-0040164,Jaylin Lane,WR,WAS,32,13.34375,0.21875,2,0,0.5957567617297173
2025,00-0040170,Elic Ayomanor,WR,TEN,89,12.651685393258427,0.20224719101123595,8,6,0.5614333591434393
2025,00-0040187,Mitchell Evans,TE,CAR,26,3.3846153846153846,0,5,4,0.7489165308383795
2025,00-0040189,Oronde Gadsden II,TE,LAC,72,8.875,0.125,15,5,0.638259137670199
2025,00-0040236,Kyle Monangai,RB,CHI,37,0.16216216216216217,0,4,2,0.7795383028081946
2025,00-0040237,Tez Johnson,WR,TB,44,11.727272727272727,0.20454545454545456,7,1,0.6323952617293055
2025,00-0040581,Dont'e Thornton Jr.,WR,LV,30,16.566666666666666,0.36666666666666664,2,0,0.5754268258810044
2025,00-0040583,Woody Marks,RB,HOU,40,2.225,0.025,10,4,0.7036556478589773
2025,00-0040584,Gunnar Helm,TE,TEN,55,5.50909090909091,0.03636363636363636,8,3,0.6849619258533824
2025,00-0040590,Konata Mumpfield,WR,LA,29,12.724137931034482,0.13793103448275862,6,3,0.5915399337637013
2025,00-0040648,Tory Horton,WR,SEA,22,15.318181818181818,0.2727272727272727,4,3,0.550805694677613
2025,00-0040663,Harold Fannin Jr.,TE,CLE,108,6,0.06481481481481481,11,4,0.6494799598499581
2025,00-0040666,Omarion Hampton,RB,LAC,35,-1.5428571428571431,0,2,1,0.8033254419054304
2025,00-0040667,Matthew Golden,WR,GB,49,12.714285714285714,0.2857142857142857,2,0,0.6110462646703331
2025,00-0040669,Isaac TeSlaa,WR,DET,27,13.037037037037036,0.14814814814814814,11,3,0.5248567649611721
2025,00-0040705,Chimere Dike,WR,TEN,74,8.094594594594595,0.14864864864864866,14,5,0.6468203246996209
2025,00-0040715,Cam Skattebo,RB,NYG,32,-0.15625,0,4,1,0.7842743126675487
2025,00-0040718,Travis Hunter,WR,JAX,45,7.866666666666666,0.13333333333333333,5,2,0.6830857210689121
2025,00-0040727,Tre Harris,WR,LAC,46,9.413043478260871,0.17391304347826086,5,1,0.6493644474641137
2025,00-0040729,Jack Bech,WR,LV,29,8.275862068965518,0.10344827586206896,4,1,0.6414678430762785
2025,00-0040730,RJ Harvey,RB,DEN,70,0.8285714285714284,0.02857142857142857,13,6,0.7631201769624437
2025,00-0040734,TreVeyon Henderson,RB,NE,48,-0.2916666666666664,0.020833333333333332,4,3,0.7870706859976053
2025,00-0040735,Luther Burden III,WR,CHI,74,8.14864864864865,0.16216216216216217,7,1,0.683439230999431
2025,00-0040736,Mason Taylor,TE,NYJ,66,5.712121212121213,0.030303030303030304,9,4,0.691450603983619
2025,00-0040737,Terrance Ferguson,TE,LA,31,17.870967741935484,0.5161290322580645,4,3,0.5069625891985432
2025,00-0040739,Elijah Arroyo,TE,SEA,26,8.461538461538462,0.19230769230769232,5,3,0.6946318929012005
2025,00-0040782,Isaiah Bond,WR,CLE,44,17.06818181818182,0.4090909090909091,4,3,0.49221253327348014
2025,00-0040784,Quinshon Judkins,RB,CLE,36,-0.41666666666666685,0,1,0,0.7572725357280837
