season,player_id,full_name,position,opps_rec,opps_rush,ep_total_rec,ep_total_rush,ep_per_opp_rec,ep_per_opp_rush
2020,00-0022921,Larry Fitzgerald,WR,72,NA,119.19656110461801,NA,1.6555077931196946,NA
2020,00-0023500,Frank Gore,RB,NA,187,NA,448.16969091945793,NA,2.396629363205657
2020,00-0025394,Adrian Peterson,RB,NA,156,NA,440.4840075089887,NA,2.8236154327499277
2020,00-0026035,Danny Amendola,WR,69,NA,102.11516241077334,NA,1.4799298900112077,NA
2020,00-0027061,Jared Cook,TE,60,NA,131.04221684060758,NA,2.1840369473434595,NA
2020,00-0027656,Rob Gronkowski,TE,77,NA,188.07804872537963,NA,2.442572061368567,NA
2020,00-0027685,Emmanuel Sanders,WR,82,NA,191.1684016196523,NA,2.331321970971369,NA
2020,00-0027696,Jimmy Graham,TE,76,NA,197.87696806853637,NA,2.603644316691268,NA
2020,00-0027793,Antonio Brown,WR,62,NA,127.6723439314519,NA,2.059231353733095,NA
2020,00-0027891,Golden Tate,WR,52,NA,89.54254541354021,NA,1.7219720271834658,NA
2020,00-0027939,Cam Newton,QB,NA,139,NA,386.5377204548274,NA,2.78084690974696
2020,00-0027942,A.J. Green,WR,104,NA,194.9641408683674,NA,1.8746552006573787,NA
2020,00-0027944,Julio Jones,WR,68,NA,137.95124160917476,NA,2.0286947295466877,NA
2020,00-0027966,Mark Ingram,RB,NA,72,NA,201.25565935013583,NA,2.7952174909741085
2020,00-0028002,Randall Cobb,WR,50,NA,111.62908069897071,NA,2.232581613979414,NA
2020,00-0029000,Cole Beasley,WR,108,NA,218.8480797222727,NA,2.026371108539562,NA
2020,00-0029141,Alfred Morris,RB,NA,55,NA,115.0199533472769,NA,2.091271879041398
2020,00-0029263,Russell Wilson,QB,NA,83,NA,122.4485059446015,NA,1.4752832041518251
2020,00-0029293,Marvin Jones,WR,116,NA,224.83704931482487,NA,1.9382504251278003,NA
2020,00-0029608,T.Y. Hilton,WR,94,NA,175.0641161160455,NA,1.8623842140004843,NA
2020,00-0029701,Ryan Tannehill,QB,NA,45,NA,93.30756980853016,NA,2.0735015513006707
2020,00-0030035,Adam Thielen,WR,109,NA,242.8171356437232,NA,2.2276801435203963,NA
2020,00-0030061,Zach Ertz,TE,73,NA,131.51364455900318,NA,1.8015567747808654,NA
2020,00-0030279,Keenan Allen,WR,149,NA,289.8265025018479,NA,1.945144312092939,NA
2020,00-0030288,Rex Burkhead,RB,NA,67,NA,186.59899273430347,NA,2.785059593049305
2020,00-0030431,Robert Woods,WR,129,NA,239.47595685059787,NA,1.8564027662837046,NA
2020,00-0030456,Giovani Bernard,RB,59,124,121.67876331350999,267.67688239505515,2.0623519205679655,2.1586845354439936
2020,00-0030472,Jordan Reed,TE,46,NA,90.39941754855681,NA,1.9652047293164525,NA
2020,00-0030496,Le'Veon Bell,RB,NA,82,NA,200.24901346676052,NA,2.4420611398385423
2020,00-0030506,Travis Kelce,TE,146,NA,317.4308993844751,NA,2.174184242359418,NA
2020,00-0030513,Latavius Murray,RB,NA,146,NA,381.9032029847731,NA,2.615775362909405
2020,00-0030549,Tyler Eifert,TE,60,NA,133.10596247704234,NA,2.2184327079507056,NA
2020,00-0030564,DeAndre Hopkins,WR,161,NA,275.4639840376475,NA,1.7109564225940839,NA
2020,00-0030578,Cordarrelle Patterson,WR,NA,64,NA,165.15105255437084,NA,2.5804851961620443
2020,00-0030663,Willie Snead,WR,48,NA,91.98433707296499,NA,1.9163403556867706,NA
2020,00-0030710,Trey Burton,TE,47,NA,106.39441580075072,NA,2.263710974484058,NA
2020,00-0031045,Carlos Hyde,RB,NA,81,NA,215.76648883603048,NA,2.6637838127905
2020,00-0031051,John Brown,WR,52,NA,121.94762809827807,NA,2.345146694197655,NA
2020,00-0031062,James White,RB,62,NA,108.11343543979456,NA,1.743765087738622,NA
2020,00-0031235,Odell Beckham,WR,43,NA,95.12300201528706,NA,2.2121628375648155,NA
2020,00-0031236,Brandin Cooks,WR,119,NA,274.95728053091443,NA,2.3105653826127264,NA
2020,00-0031237,Teddy Bridgewater,QB,NA,53,NA,133.568731397565,NA,2.520164743350283
2020,00-0031260,Logan Thomas,TE,111,NA,215.4974977152159,NA,1.9414188983352783,NA
2020,00-0031285,Devonta Freeman,RB,NA,54,NA,143.34459704888286,NA,2.6545295749793123
2020,00-0031325,Sammy Watkins,WR,55,NA,133.03262394250487,NA,2.418774980772816,NA
2020,00-0031376,Jerick McKinnon,RB,47,81,75.43912090403308,181.4820279229607,1.6050876788092143,2.240518863246428
2020,00-0031381,Davante Adams,WR,149,NA,337.09300148292095,NA,2.2623691374692685,NA
2020,00-0031382,Jarvis Landry,WR,101,NA,213.28300692583434,NA,2.111712939859746,NA
2020,00-0031387,Eric Ebron,TE,92,NA,203.14413858587784,NA,2.208088462889976,NA
2020,00-0031408,Mike Evans,WR,111,NA,264.80442387578637,NA,2.3856254403223995,NA
2020,00-0031428,Allen Robinson,WR,151,NA,307.18794137847726,NA,2.0343572276720345,NA
2020,00-0031544,Amari Cooper,WR,130,NA,250.6466006245464,NA,1.9280507740349726,NA
2020,00-0031547,DeVante Parker,WR,104,NA,223.07806935221004,NA,2.1449814360789423,NA
2020,00-0031549,Nelson Agholor,WR,82,NA,180.0740770768025,NA,2.196025330204909,NA
2020,00-0031588,Stefon Diggs,WR,166,NA,340.4135929540498,NA,2.0506842949039146,NA
2020,00-0031610,Darren Waller,TE,146,NA,346.6262990511749,NA,2.374152733227225,NA
2020,00-0031687,Raheem Mostert,RB,NA,104,NA,234.70408786274493,NA,2.2567700756033164
2020,00-0031806,Malcolm Brown,RB,NA,101,NA,241.78131915224367,NA,2.3938744470519175
2020,00-0031868,Damiere Byrd,WR,77,NA,123.20274212828372,NA,1.6000356120556325,NA
2020,00-0031941,Jamison Crowder,WR,89,NA,137.07123862442677,NA,1.540126276678952,NA
2020,00-0032054,Breshad Perriman,WR,60,NA,106.36895294347778,NA,1.7728158823912963,NA
2020,00-0032063,Mike Davis,RB,70,165,149.98106559857843,474.3479874098266,2.1425866514082634,2.8748362873322826
2020,00-0032128,Chris Conley,WR,63,NA,126.75875504867872,NA,2.0120437309314076,NA
2020,00-0032144,Melvin Gordon,RB,44,215,72.3955177651369,455.62889588062535,1.6453526764803843,2.11920416688663
2020,00-0032187,David Johnson,RB,46,147,119.78768858435797,350.62844696175307,2.604080186616477,2.3852275303520623
2020,00-0032211,Tyler Lockett,WR,132,NA,286.4813386721362,NA,2.1703131717586075,NA
2020,00-0032241,Todd Gurley,RB,NA,195,NA,558.8738999028574,NA,2.866019999501833
2020,00-0032257,Duke Johnson,RB,NA,77,NA,165.44528485529008,NA,2.148640063055715
2020,00-0032385,Sterling Shepard,WR,92,NA,166.54090799888922,NA,1.8102272608574916,NA
2020,00-0032392,Austin Hooper,TE,70,NA,145.99666704257834,NA,2.0856666720368335,NA
2020,00-0032602,J.D. McKissic,RB,110,85,210.92935685772682,200.93677207024302,1.9175396077975164,2.3639620243558004
2020,00-0032688,Robby Anderson,WR,137,NA,246.45190936017013,NA,1.7989190464245997,NA
2020,00-0032741,Peyton Barber,RB,NA,95,NA,222.1510054242534,NA,2.3384316360447728
2020,00-0032764,Derrick Henry,RB,NA,380,NA,937.2901046892509,NA,2.4665529070769763
2020,00-0032765,Michael Thomas,WR,55,NA,120.31896621343913,NA,2.187617567517075,NA
2020,00-0032775,Demarcus Robinson,WR,59,NA,122.75743954943027,NA,2.0806345686344114,NA
2020,00-0032791,Jakeem Grant,WR,54,NA,108.43328045116505,NA,2.008023712058612,NA
2020,00-0032950,Carson Wentz,QB,NA,54,NA,114.27706452144753,NA,2.116241935582361
2020,00-0032972,Devontae Booker,RB,NA,93,NA,255.6588040299248,NA,2.7490193981712343
2020,00-0032977,Rashard Higgins,WR,52,NA,105.67538403510116,NA,2.0322189237519455,NA
2020,00-0033009,Tyler Boyd,WR,110,NA,217.2854970913031,NA,1.9753227008300285,NA
2020,00-0033040,Tyreek Hill,WR,135,NA,302.77149900689255,NA,2.2427518444955004,NA
2020,00-0033045,Ezekiel Elliott,RB,72,245,157.93193214260089,645.1003898649504,2.1934990575361235,2.633062815775308
2020,00-0033090,Hunter Henry,TE,93,NA,166.72619926583138,NA,1.7927548308153918,NA
2020,00-0033106,Jared Goff,QB,NA,51,NA,111.96607013768516,NA,2.195413139954611
2020,00-0033110,Tyler Higbee,TE,61,NA,127.67182169547584,NA,2.092980683532391,NA
2020,00-0033118,Kenyan Drake,RB,NA,239,NA,651.6938985394663,NA,2.726752713554253
2020,00-0033127,Will Fuller,WR,75,NA,135.22978213219903,NA,1.8030637617626537,NA
2020,00-0033251,Zach Pascal,WR,72,NA,162.59745973463566,NA,2.25829805186994,NA
2020,00-0033280,Christian McCaffrey,RB,NA,59,NA,171.85526543232845,NA,2.9128011090225163
2020,00-0033282,Curtis Samuel,WR,97,41,185.6587963209313,121.6422449205711,1.914008209494137,2.9668840224529536
2020,00-0033288,George Kittle,TE,64,NA,107.89830405179225,NA,1.685911000809254,NA
2020,00-0033293,Aaron Jones,RB,63,202,141.23880093253683,549.9855389284056,2.241885729087886,2.7227006877643847
2020,00-0033307,Kendrick Bourne,WR,75,NA,134.16529740976682,NA,1.7888706321302241,NA
2020,00-0033308,Matt Breida,RB,NA,59,NA,158.22326688747853,NA,2.6817502862284495
2020,00-0033357,Taysom Hill,QB,NA,87,NA,264.78876559159835,NA,3.043549029788487
2020,00-0033375,Tim Patrick,WR,80,NA,152.86795594498096,NA,1.9108494493122619,NA
2020,00-0033387,Jacob Hollister,TE,41,NA,93.84961297379039,NA,2.289014950580253,NA
2020,00-0033455,Anthony Firkser,TE,53,NA,105.79518109059427,NA,1.9961354922753636,NA
2020,00-0033471,Isaiah Ford,WR,44,NA,78.60538272478152,NA,1.7864859710177616,NA
2020,00-0033526,Samaje Perine,RB,NA,63,NA,181.46065583117888,NA,2.8803278703361728
2020,00-0033536,Mike Williams,WR,85,NA,158.85217627586098,NA,1.868849132657188,NA
2020,00-0033537,Deshaun Watson,QB,NA,90,NA,181.09308721814887,NA,2.0121454135349874
2020,00-0033553,James Conner,RB,43,169,103.285743363027,410.53415622236207,2.401994031698302,2.429196190664864
2020,00-0033567,Brian Hill,RB,NA,100,NA,242.93778522725916,NA,2.4293778522725917
2020,00-0033589,David Moore,WR,47,NA,111.23977297113743,NA,2.3668036802369667,NA
2020,00-0033594,Chris Carson,RB,47,141,116.24708659572923,356.14134418423055,2.473342267994239,2.5258251360583728
2020,00-0033681,Keelan Cole,WR,89,NA,159.4867957371897,NA,1.7919864689571878,NA
2020,00-0033699,Austin Ekeler,RB,65,116,131.32818365446292,283.47315140388673,2.020433594684045,2.443734063826609
2020,00-0033733,Greg Ward,WR,80,NA,141.21582904581726,NA,1.7651978630727154,NA
2020,00-0033757,Robert Tonyan,TE,59,NA,125.50089702240075,NA,2.1271338478373005,NA
2020,00-0033856,Leonard Fournette,RB,47,97,103.47746555658523,278.66436610779783,2.2016482033316005,2.872828516575235
2020,00-0033857,JuJu Smith-Schuster,WR,129,NA,235.4374560733994,NA,1.8250965587085224,NA
2020,00-0033858,Jonnu Smith,TE,66,NA,169.19013011704362,NA,2.563486819955206,NA
2020,00-0033871,Corey Davis,WR,92,NA,189.20233222155366,NA,2.056547089364714,NA
2020,00-0033873,Patrick Mahomes,QB,NA,62,NA,141.41337388911052,NA,2.280860869179202
2020,00-0033881,Evan Engram,TE,109,NA,186.44279455402284,NA,1.7104843537066317,NA
2020,00-0033893,Dalvin Cook,RB,54,315,84.12319045804907,843.6673856439735,1.557836860334242,2.6783091607745195
2020,00-0033895,Gerald Everett,TE,62,NA,105.83705960196676,NA,1.7070493484188187,NA
2020,00-0033897,Joe Mixon,RB,NA,119,NA,295.95994737988804,NA,2.487058381343597
2020,00-0033906,Alvin Kamara,RB,107,187,240.321939760237,537.7728801830672,2.2459994370115606,2.8757908031180057
2020,00-0033908,Cooper Kupp,WR,124,NA,229.35483821449452,NA,1.8496357920523754,NA
2020,00-0033921,Chris Godwin,WR,84,NA,161.31285652751103,NA,1.9203911491370362,NA
2020,00-0033923,Kareem Hunt,RB,51,198,106.560121650371,499.25420198906795,2.089414150007274,2.521485868631656
2020,00-0033943,Josh Reynolds,WR,81,NA,158.96295013616327,NA,1.9625055572365835,NA
2020,00-0033948,Jamaal Williams,RB,NA,121,NA,341.38323492469476,NA,2.8213490489644193
2020,00-0033950,Wayne Gallman,RB,NA,147,NA,329.216933710617,NA,2.239570977623245
2020,00-0033955,Jeremy McNichols,RB,NA,47,NA,123.28102839831263,NA,2.6230006042194183
2020,00-0034011,Dan Arnold,TE,45,NA,95.26676391810179,NA,2.1170391981800396,NA
2020,00-0034104,Cam Sims,WR,48,NA,91.08265269704862,NA,1.8975552645218463,NA
2020,00-0034109,Phillip Lindsay,RB,NA,118,NA,212.945798094559,NA,1.8046254075810084
2020,00-0034115,Jeffery Wilson,RB,NA,126,NA,325.08883559546666,NA,2.580070123773545
2020,00-0034184,Gus Edwards,RB,NA,144,NA,370.6340745231719,NA,2.5738477397442496
2020,00-0034272,Marquez Valdes-Scantling,WR,63,NA,98.08389373891987,NA,1.5568872022050773,NA
2020,00-0034349,Kerryon Johnson,RB,NA,52,NA,155.93449008101015,NA,2.99874019386558
2020,00-0034351,Dallas Goedert,TE,65,NA,124.36445964634186,NA,1.91329937917449,NA
2020,00-0034353,Anthony Miller,WR,76,NA,154.8433000985242,NA,2.0374118434016344,NA
2020,00-0034364,Jordan Akins,TE,49,NA,114.50394556997344,NA,2.336815215713744,NA
2020,00-0034366,Keke Coutee,WR,41,NA,96.24445419090614,NA,2.3474257119733206,NA
2020,00-0034367,Nyheim Hines,RB,76,89,160.95067717065103,269.861641276977,2.117772068034882,3.0321532727750227
2020,00-0034370,DaeSean Hamilton,WR,44,NA,93.91658991173608,NA,2.1344679525394565,NA
2020,00-0034378,Ito Smith,RB,NA,63,NA,153.87307083493215,NA,2.4424296957925735
2020,00-0034383,Dalton Schultz,TE,89,NA,210.42511765207746,NA,2.364327164630084,NA
2020,00-0034400,Jordan Wilkins,RB,NA,86,NA,202.14788713128632,NA,2.3505568271079813
2020,00-0034411,Russell Gage,WR,109,NA,214.26851864368655,NA,1.9657662260888675,NA
2020,00-0034414,Boston Scott,RB,NA,80,NA,205.38792400519014,NA,2.567349050064877
2020,00-0034419,Braxton Berrios,WR,55,NA,97.40383006178308,NA,1.7709787283960563,NA
2020,00-0034440,Justin Jackson,RB,NA,59,NA,125.73922042566119,NA,2.131173227553579
2020,00-0034521,Allen Lazard,WR,46,NA,99.47993039153516,NA,2.1626071824246775,NA
2020,00-0034676,James Washington,WR,56,NA,115.1584240795928,NA,2.0564004299927285,NA
2020,00-0034681,Chase Edmonds,RB,67,97,155.3055244916468,274.81325704387564,2.3179929028604,2.8331263612770683
2020,00-0034753,Mark Andrews,TE,88,NA,182.01799166668206,NA,2.0683862689395687,NA
2020,00-0034764,Michael Gallup,WR,105,NA,225.3136797254847,NA,2.1458445688141397,NA
2020,00-0034765,Tre'Quan Smith,WR,50,NA,102.18195782945259,NA,2.0436391565890517,NA
2020,00-0034766,Christopher Herndon,TE,46,NA,84.8393604208394,NA,1.8443339221921609,NA
2020,00-0034775,Christian Kirk,WR,79,NA,172.05607687219162,NA,2.177925023698628,NA
2020,00-0034777,D.J. Chark,WR,94,NA,169.2107789279106,NA,1.8001146694458576,NA
2020,00-0034791,Nick Chubb,RB,NA,190,NA,486.6822481067211,NA,2.561485516351164
2020,00-0034796,Lamar Jackson,QB,NA,159,NA,377.94498407724313,NA,2.377012478473227
2020,00-0034799,Kalen Ballage,RB,NA,91,NA,278.1654636783642,NA,3.056763337124881
2020,00-0034816,Ronald Jones,RB,42,192,84.66966203087941,476.544920011831,2.0159443340685574,2.4820047917282864
2020,00-0034827,D.J. Moore,WR,118,NA,231.2934257517627,NA,1.9601137775573112,NA
2020,00-0034829,Mike Gesicki,TE,85,NA,188.0012916965934,NA,2.2117799023128635,NA
2020,00-0034830,Hayden Hurst,TE,89,NA,201.23877900328068,NA,2.2611098764413557,NA
2020,00-0034837,Calvin Ridley,WR,145,NA,316.17159397923365,NA,2.1804937515809213,NA
2020,00-0034845,Sony Michel,RB,NA,79,NA,181.63622377748834,NA,2.299192706044156
2020,00-0034855,Baker Mayfield,QB,NA,54,NA,116.61344154260587,NA,2.159508176714924
2020,00-0034857,Josh Allen,QB,NA,102,NA,260.41383470746223,NA,2.5530768108574726
2020,00-0034960,Jakobi Meyers,WR,82,NA,143.63369631122612,NA,1.7516304428198304,NA
2020,00-0034970,Irv Smith,TE,44,NA,104.38982738282346,NA,2.372496076882351,NA
2020,00-0034972,Alexander Mattison,RB,NA,96,NA,253.0303288846335,NA,2.6357325925482655
2020,00-0034983,Hunter Renfrow,WR,77,NA,147.92683950657374,NA,1.9211277857996591,NA
2020,00-0035140,Mecole Hardman,WR,63,NA,132.7067440754762,NA,2.1064562551662886,NA
2020,00-0035216,Diontae Johnson,WR,144,NA,246.62732320470968,NA,1.7126897444771507,NA
2020,00-0035217,Benny Snell,RB,NA,111,NA,274.20342506829184,NA,2.4703011267413677
2020,00-0035228,Kyler Murray,QB,NA,134,NA,323.21867883719085,NA,2.4120796928148573
2020,00-0035229,T.J. Hockenson,TE,102,NA,225.87353779138346,NA,2.214446448935132,NA
2020,00-0035243,Miles Sanders,RB,52,168,85.66430328116985,333.0559661769071,1.647390447714805,1.9824759891482566
2020,00-0035250,Devin Singletary,RB,50,156,131.14392316096928,369.21073020776385,2.6228784632193856,2.3667354500497684
2020,00-0035261,Tony Pollard,RB,40,101,87.31724092992954,251.03223699500086,2.1829310232482384,2.4854676930198103
2020,00-0035298,Scott Miller,WR,53,NA,92.18647792126285,NA,1.7393675079483555,NA
2020,00-0035311,Myles Gaskin,RB,47,142,89.75874484927044,373.8732739779807,1.9097605287078818,2.632910380126625
2020,00-0035414,Jalen Guyton,WR,55,NA,97.75014742533676,NA,1.7772754077333959,NA
2020,00-0035535,Darius Slayton,WR,96,NA,174.36897141783265,NA,1.8163434522690902,NA
2020,00-0035537,Ty Johnson,RB,NA,54,NA,118.97952826335677,NA,2.20332459746957
2020,00-0035592,Travis Fulgham,WR,67,NA,128.6641167505295,NA,1.9203599515004401,NA
2020,00-0035624,N'Keal Harry,WR,57,NA,121.69251742551569,NA,2.1349564460616786,NA
2020,00-0035631,Drew Sample,TE,53,NA,103.25283568026498,NA,1.9481667109483958,NA
2020,00-0035640,DK Metcalf,WR,129,NA,260.709373800928,NA,2.021002897681613,NA
2020,00-0035644,Noah Fant,TE,94,NA,161.50033509645425,NA,1.718088671238875,NA
2020,00-0035657,Damien Harris,RB,NA,137,NA,353.38285984139657,NA,2.5794369331488802
2020,00-0035659,Terry McLaurin,WR,135,NA,259.9619645084166,NA,1.9256441815438265,NA
2020,00-0035662,Marquise Brown,WR,100,NA,190.79707985336427,NA,1.9079707985336425,NA
2020,00-0035664,Darrell Henderson,RB,NA,138,NA,343.74854595257784,NA,2.4909314924099846
2020,00-0035676,A.J. Brown,WR,106,NA,203.3656390182732,NA,1.9185437643233325,NA
2020,00-0035685,David Montgomery,RB,68,248,146.76801769531448,674.3301733397383,2.1583532014016837,2.719073279595719
2020,00-0035689,Dawson Knox,TE,44,NA,112.24307313101599,NA,2.550978934795818,NA
2020,00-0035700,Josh Jacobs,RB,45,273,99.3924505909672,770.8230598270893,2.2087211242437155,2.8235276916743186
2020,00-0035704,Drew Lock,QB,NA,44,NA,97.01142969765351,NA,2.2048052204012163
2020,00-0035710,Daniel Jones,QB,NA,65,NA,116.06693853461184,NA,1.7856452082247973
2020,00-0035719,Deebo Samuel,WR,44,NA,80.09403235820355,NA,1.8203189172318988,NA
2020,00-0035831,James Robinson,RB,62,241,123.18210690325918,556.7551890162139,1.986808175859019,2.310187506291344
2020,00-0035957,Rodney Smith,RB,NA,41,NA,104.17551538647967,NA,2.5408662289385284
2020,00-0036020,Salvon Ahmed,RB,NA,75,NA,208.4000865179696,NA,2.778667820239595
2020,00-0036158,J.K. Dobbins,RB,NA,135,NA,360.2166818392142,NA,2.668271717327513
2020,00-0036196,Gabriel Davis,WR,62,NA,159.189698770002,NA,2.5675757866129354,NA
2020,00-0036223,Jonathan Taylor,RB,NA,232,NA,691.6065208061191,NA,2.9810625896815477
2020,00-0036251,Zack Moss,RB,NA,112,NA,305.1508397067373,NA,2.7245610688101554
2020,00-0036252,Michael Pittman,WR,61,NA,138.43105875968467,NA,2.269361619011224,NA
2020,00-0036255,Denzel Mims,WR,45,NA,77.39590544982627,NA,1.719909009996139,NA
2020,00-0036261,Brandon Aiyuk,WR,96,NA,203.96977052348666,NA,2.1246851096196524,NA
2020,00-0036265,A.J. Dillon,RB,NA,46,NA,97.09611402172595,NA,2.110785087428825
2020,00-0036268,Laviska Shenault,WR,79,NA,135.21811461856123,NA,1.7116217040324206,NA
2020,00-0036269,La'Mical Perine,RB,NA,64,NA,134.64960080955643,NA,2.1039000126493193
2020,00-0036275,D'Andre Swift,RB,57,114,123.84381144947838,311.31814721773844,2.1726984464820767,2.7308609405064774
2020,00-0036290,Cole Kmet,TE,45,NA,103.85974353623158,NA,2.307994300805146,NA
2020,00-0036309,Darnell Mooney,WR,99,NA,194.1161994992434,NA,1.9607696919115492,NA
2020,00-0036322,Justin Jefferson,WR,128,NA,259.80442462531175,NA,2.0297220673852485,NA
2020,00-0036326,Chase Claypool,WR,112,NA,245.72575438850583,NA,2.1939799498973733,NA
2020,00-0036328,Antonio Gibson,RB,44,170,92.35923995898338,430.3764149437775,2.0990736354314405,2.5316259702575143
2020,00-0036355,Justin Herbert,QB,NA,56,NA,145.76367488321546,NA,2.6029227657717042
2020,00-0036357,Henry Ruggs,WR,43,NA,79.47863895405317,NA,1.8483404407919342,NA
2020,00-0036358,CeeDee Lamb,WR,111,NA,217.89597203879384,NA,1.9630267751242685,NA
2020,00-0036360,Clyde Edwards-Helaire,RB,54,181,113.08455224143108,420.30833666207036,2.0941583748413164,2.3221455064202785
2020,00-0036370,Joshua Kelley,RB,NA,111,NA,322.72614615625935,NA,2.9074427581644984
2020,00-0036387,Jalen Reagor,WR,55,NA,100.87417266667751,NA,1.8340758666668637,NA
2020,00-0036389,Jalen Hurts,QB,NA,65,NA,134.522614466812,NA,2.0695786841048003
2020,00-0036407,Jerry Jeudy,WR,115,NA,162.26887867171877,NA,1.4110337275801634,NA
2020,00-0036410,Tee Higgins,WR,108,NA,179.1062241026666,NA,1.6583909639135797,NA
2020,00-0036412,K.J. Hamler,WR,56,NA,80.34846509149065,NA,1.4347940194909046,NA
2020,00-0036414,Cam Akers,RB,NA,145,NA,396.0296707654488,NA,2.731239108727233
2021,00-0026143,Matt Ryan,QB,NA,41,NA,94.30964083211427,NA,2.3002351422466893
2021,00-0027061,Jared Cook,TE,85,NA,181.74513896269468,NA,2.1381781054434668,NA
2021,00-0027656,Rob Gronkowski,TE,89,NA,197.927773441741,NA,2.2239075667611354,NA
2021,00-0027685,Emmanuel Sanders,WR,73,NA,161.35916575959698,NA,2.2103995309533833,NA
2021,00-0027793,NA,NA,62,NA,106.9988222841348,NA,1.7257874561957227,NA
2021,00-0027939,Cam Newton,QB,NA,48,NA,117.22004023038596,NA,2.442084171466374
2021,00-0027942,A.J. Green,WR,93,NA,193.5509025434293,NA,2.081192500466982,NA
2021,00-0027944,Julio Jones,WR,48,NA,99.81749207098619,NA,2.079531084812212,NA
2021,00-0027966,Mark Ingram,RB,NA,160,NA,370.7286169898289,NA,2.3170538561864307
2021,00-0027981,Kyle Rudolph,TE,40,NA,85.94591210405622,NA,2.1486478026014053,NA
2021,00-0029000,Cole Beasley,WR,113,NA,224.8526809822505,NA,1.989846734356199,NA
2021,00-0029239,Brandon Bolden,RB,49,45,102.69049939553952,115.32171904751146,2.0957244774599904,2.562704867722477
2021,00-0029263,Russell Wilson,QB,NA,43,NA,78.3129569311277,NA,1.8212315565378536
2021,00-0029293,Marvin Jones,WR,120,NA,232.5722477133677,NA,1.938102064278064,NA
2021,00-0029701,Ryan Tannehill,QB,NA,55,NA,128.14225276597426,NA,2.329859141199532
2021,00-0030035,Adam Thielen,WR,95,NA,204.53350688153296,NA,2.1529842829635046,NA
2021,00-0030061,Zach Ertz,TE,113,NA,261.3061154506139,NA,2.312443499562955,NA
2021,00-0030068,Marquise Goodwin,WR,40,NA,63.04431964090327,NA,1.5761079910225817,NA
2021,00-0030108,Ryan Griffin,TE,42,NA,93.24984163686167,NA,2.2202343246871825,NA
2021,00-0030181,Jack Doyle,TE,45,NA,107.11458141572052,NA,2.380324031460456,NA
2021,00-0030279,Keenan Allen,WR,158,NA,317.8908477703952,NA,2.0119673909518685,NA
2021,00-0030288,Rex Burkhead,RB,NA,122,NA,264.94147160308785,NA,2.1716514065826877
2021,00-0030431,Robert Woods,WR,70,NA,138.83396106837597,NA,1.9833423009767994,NA
2021,00-0030496,Le'Veon Bell,RB,NA,40,NA,108.88220393854124,NA,2.7220550984635308
2021,00-0030506,Travis Kelce,TE,134,NA,281.19041412571096,NA,2.098435926311276,NA
2021,00-0030513,Latavius Murray,RB,NA,119,NA,320.135227175022,NA,2.6902119930674124
2021,00-0030564,DeAndre Hopkins,WR,64,NA,148.53124423752888,NA,2.3208006912113888,NA
2021,00-0030578,Cordarrelle Patterson,RB,69,153,122.82213044841774,391.9375869652431,1.7800308760640253,2.5616835749362297
2021,00-0030874,Damien Williams,RB,NA,40,NA,99.64249085119809,NA,2.491062271279952
2021,00-0031045,Carlos Hyde,RB,NA,72,NA,174.92915437021293,NA,2.42957158847518
2021,00-0031235,Odell Beckham,WR,83,NA,148.75060880753142,NA,1.7921760097292943,NA
2021,00-0031236,Brandin Cooks,WR,134,NA,214.22408923416515,NA,1.5986872330907846,NA
2021,00-0031273,Cameron Brate,TE,57,NA,161.88835270062555,NA,2.840146538607466,NA
2021,00-0031280,Derek Carr,QB,NA,40,NA,88.8691396197537,NA,2.2217284904938426
2021,00-0031285,Devonta Freeman,RB,42,133,85.0112666846835,317.19595478801057,2.0240777782067503,2.384931990887298
2021,00-0031325,Sammy Watkins,WR,49,NA,81.19868573418353,NA,1.6571160353915007,NA
2021,00-0031381,Davante Adams,WR,169,NA,388.7544547218713,NA,2.30032221728918,NA
2021,00-0031382,Jarvis Landry,WR,87,NA,155.0870778974786,NA,1.782610090775616,NA
2021,00-0031408,Mike Evans,WR,114,NA,243.71534989989595,NA,2.1378539464903152,NA
2021,00-0031428,Allen Robinson,WR,67,NA,123.68743749464909,NA,1.8460811566365536,NA
2021,00-0031544,Amari Cooper,WR,104,NA,230.99790062574903,NA,2.2211336598629714,NA
2021,00-0031547,DeVante Parker,WR,73,NA,117.98010053567123,NA,1.6161657607626196,NA
2021,00-0031549,Nelson Agholor,WR,64,NA,135.39664867392275,NA,2.115572635530043,NA
2021,00-0031588,Stefon Diggs,WR,164,NA,370.34589201191557,NA,2.2582066586092413,NA
2021,00-0031610,Darren Waller,TE,93,NA,184.86217019328615,NA,1.9877652708955498,NA
2021,00-0031763,DeAndre Carter,WR,44,NA,81.19000409328146,NA,1.8452273657563967,NA
2021,00-0031800,Taylor Heinicke,QB,NA,62,NA,124.58386293612398,NA,2.009417144131032
2021,00-0031941,Jamison Crowder,WR,73,NA,144.50508417145443,NA,1.979521700978828,NA
2021,00-0032009,Adam Humphries,WR,62,NA,110.57086321164388,NA,1.783401019542643,NA
2021,00-0032058,Tevin Coleman,RB,NA,84,NA,216.8659841226763,NA,2.5817379062223376
2021,00-0032063,Mike Davis,RB,58,138,91.07009915099479,325.5824154439033,1.5701741232930138,2.359292865535531
2021,00-0032104,Ameer Abdullah,RB,53,51,102.3084703583736,130.70916601954377,1.9303484973278036,2.562924823912623
2021,00-0032134,C.J. Uzomah,TE,63,NA,118.62140134733636,NA,1.8828793864656563,NA
2021,00-0032141,Geoff Swaim,TE,40,NA,95.82439454982523,NA,2.395609863745631,NA
2021,00-0032144,Melvin Gordon,RB,NA,203,NA,510.2970734673145,NA,2.5137786870311056
2021,00-0032187,David Johnson,RB,42,67,67.47487472515786,130.04905086400686,1.6065446363132825,1.9410306099105505
2021,00-0032211,Tyler Lockett,WR,108,NA,202.57435634550336,NA,1.8756884846805866,NA
2021,00-0032257,Duke Johnson,RB,NA,71,NA,169.65740842433297,NA,2.389540963722999
2021,00-0032355,Chester Rogers,WR,43,NA,79.53249156480888,NA,1.8495928270885789,NA
2021,00-0032385,Sterling Shepard,WR,53,NA,108.62048259808216,NA,2.0494430678883426,NA
2021,00-0032392,Austin Hooper,TE,62,NA,138.15593733919366,NA,2.2283215699869947,NA
2021,00-0032426,Alex Collins,RB,NA,108,NA,247.22995525493752,NA,2.2891662523605327
2021,00-0032464,Kalif Raymond,WR,71,NA,137.7223245955829,NA,1.939751050642013,NA
2021,00-0032602,J.D. McKissic,RB,54,49,86.47609925667336,125.18202735758666,1.6014092454939515,2.554735252195646
2021,00-0032688,Robby Anderson,WR,110,NA,180.8213383271941,NA,1.6438303484290373,NA
2021,00-0032741,Peyton Barber,RB,NA,55,NA,148.67415123051615,NA,2.703166386009385
2021,00-0032764,Derrick Henry,RB,NA,220,NA,547.3965704757865,NA,2.488166229435393
2021,00-0032775,Demarcus Robinson,WR,41,NA,97.87117578164907,NA,2.3871018483329043,NA
2021,00-0032780,Jordan Howard,RB,NA,86,NA,255.17231776658446,NA,2.967119974030052
2021,00-0032950,Carson Wentz,QB,NA,58,NA,109.54166134643299,NA,1.8886493335591892
2021,00-0032951,Laquon Treadwell,WR,51,NA,84.67309911604389,NA,1.660256845412625,NA
2021,00-0032972,Devontae Booker,RB,45,145,59.70885491342051,328.56855132139754,1.3268634425204557,2.2659900091130867
2021,00-0032977,Rashard Higgins,WR,47,NA,78.66099720131024,NA,1.6736382383257498,NA
2021,00-0033009,Tyler Boyd,WR,95,NA,164.121022212188,NA,1.727589707496716,NA
2021,00-0033040,Tyreek Hill,WR,159,NA,347.3738298569806,NA,2.184741068282897,NA
2021,00-0033045,Ezekiel Elliott,RB,65,240,142.54234887263738,558.8713158399474,2.1929592134251905,2.3286304826664477
2021,00-0033077,Dak Prescott,QB,NA,49,NA,125.93047751703114,NA,2.5700097452455335
2021,00-0033090,Hunter Henry,TE,75,NA,185.66892901755637,NA,2.475585720234085,NA
2021,00-0033110,Tyler Higbee,TE,85,NA,202.42090532087605,NA,2.3814224155397183,NA
2021,00-0033118,Kenyan Drake,RB,40,63,85.87737115751952,179.783148597955,2.146934278937988,2.8537007713961113
2021,00-0033217,Mo Alie-Cox,TE,45,NA,120.1869839738356,NA,2.6708218660852356,NA
2021,00-0033251,Zach Pascal,WR,69,NA,153.03166284324834,NA,2.217850186134034,NA
2021,00-0033280,Christian McCaffrey,RB,41,99,71.35012257203925,230.67594905698206,1.7402468920009575,2.330060091484667
2021,00-0033288,George Kittle,TE,94,NA,185.7278589658963,NA,1.9758282868712371,NA
2021,00-0033293,Aaron Jones,RB,65,171,159.1262226406252,447.2623580163636,2.448095732932695,2.6155693451249333
2021,00-0033307,Kendrick Bourne,WR,70,NA,126.19516171817668,NA,1.802788024545381,NA
2021,00-0033357,Taysom Hill,QB,NA,70,NA,193.0941863869084,NA,2.758488376955834
2021,00-0033375,Tim Patrick,WR,85,NA,169.45551029680064,NA,1.99359423878589,NA
2021,00-0033455,Anthony Firkser,TE,43,NA,65.69313491965295,NA,1.5277473237128594,NA
2021,00-0033526,Samaje Perine,RB,NA,55,NA,95.87260164116742,NA,1.7431382116575895
2021,00-0033536,Mike Williams,WR,130,NA,307.7835712769737,NA,2.3675659328997978,NA
2021,00-0033553,James Conner,RB,NA,202,NA,539.6091996868781,NA,2.6713326717172188
2021,00-0033572,Jamal Agnew,WR,40,NA,57.67910291066789,NA,1.4419775727666972,NA
2021,00-0033594,Chris Carson,RB,NA,54,NA,118.24609202166903,NA,2.189742444845723
2021,00-0033611,Ricky Seals-Jones,TE,51,NA,120.25744301735517,NA,2.35798907877167,NA
2021,00-0033681,Keelan Cole,WR,52,NA,91.39777695214423,NA,1.7576495567720043,NA
2021,00-0033699,Austin Ekeler,RB,95,208,198.56161084589246,577.2224373707138,2.090122219430447,2.775107871974585
2021,00-0033854,Dare Ogunbowale,RB,NA,44,NA,86.13699950014404,NA,1.9576590795487283
2021,00-0033856,Leonard Fournette,RB,84,180,219.8995646861149,491.0592888967076,2.617851960548987,2.7281071605372644
2021,00-0033858,Jonnu Smith,TE,45,NA,132.56329513920355,NA,2.945851003093412,NA
2021,00-0033871,Corey Davis,WR,59,NA,90.75082153524272,NA,1.5381495175464868,NA
2021,00-0033873,Patrick Mahomes,QB,NA,67,NA,144.44989720005822,NA,2.155968614926242
2021,00-0033881,Evan Engram,TE,73,NA,110.44630113051971,NA,1.5129630291852016,NA
2021,00-0033885,David Njoku,TE,53,NA,119.6510957601131,NA,2.2575678445304357,NA
2021,00-0033891,Zay Jones,WR,70,NA,118.04746596119367,NA,1.6863923708741952,NA
2021,00-0033893,Dalvin Cook,RB,49,251,84.8088588550745,602.601040802401,1.7307930378586633,2.4008009593721162
2021,00-0033895,Gerald Everett,TE,63,NA,104.10094843211118,NA,1.6523960068589076,NA
2021,00-0033897,Joe Mixon,RB,48,294,106.29602935176808,718.9776912855157,2.2145006114951684,2.4455023513112786
2021,00-0033906,Alvin Kamara,RB,67,241,137.9592488782946,588.6336687924485,2.0590932668402178,2.442463355985263
2021,00-0033908,Cooper Kupp,WR,192,NA,480.4639722324936,NA,2.5024165220442374,NA
2021,00-0033921,Chris Godwin,WR,127,NA,285.90812757765525,NA,2.2512450990366557,NA
2021,00-0033923,Kareem Hunt,RB,NA,79,NA,210.6674865529493,NA,2.666677044974042
2021,00-0033925,D'Onta Foreman,RB,NA,133,NA,329.0242783546564,NA,2.4738667545462882
2021,00-0033932,Kenny Golladay,WR,77,NA,145.52055063807336,NA,1.88987728101394,NA
2021,00-0033943,Josh Reynolds,WR,49,NA,81.20831412234111,NA,1.657312533109002,NA
2021,00-0033948,Jamaal Williams,RB,NA,153,NA,393.7766007424216,NA,2.573703272826285
2021,00-0033955,Jeremy McNichols,RB,NA,41,NA,95.44540791827603,NA,2.3279367784945375
2021,00-0034011,Dan Arnold,TE,53,NA,80.83081408510031,NA,1.525109699718874,NA
2021,00-0034109,Phillip Lindsay,RB,NA,88,NA,198.14144331560237,NA,2.251607310404572
2021,00-0034115,Jeffery Wilson,RB,NA,79,NA,192.76576788237435,NA,2.440073011169295
2021,00-0034253,Dontrell Hilliard,RB,NA,56,NA,113.35840357813868,NA,2.0242572067524764
2021,00-0034270,Tyler Conklin,TE,87,NA,181.72455005170195,NA,2.088787931628758,NA
2021,00-0034272,Marquez Valdes-Scantling,WR,56,NA,98.01163925374556,NA,1.750207843816885,NA
2021,00-0034297,Byron Pringle,WR,60,NA,136.3867962899385,NA,2.2731132714989752,NA
2021,00-0034301,Darrel Williams,RB,57,144,138.23201235107263,397.1211000949552,2.4251230237030286,2.757785417326078
2021,00-0034348,Courtland Sutton,WR,100,NA,173.89724279931374,NA,1.7389724279931376,NA
2021,00-0034351,Dallas Goedert,TE,77,NA,174.4255308931896,NA,2.2652666349764887,NA
2021,00-0034367,Nyheim Hines,RB,57,56,131.87582156789722,132.46344989264617,2.313610904699951,2.3654187480829676
2021,00-0034383,Dalton Schultz,TE,106,NA,225.44632863064157,NA,2.126852156892845,NA
2021,00-0034407,Ray-Ray McCloud,WR,66,NA,132.35466095307493,NA,2.0053736508041653,NA
2021,00-0034411,Russell Gage,WR,94,NA,166.4596439351153,NA,1.7708472759054823,NA
2021,00-0034414,Boston Scott,RB,NA,87,NA,239.90663238696288,NA,2.757547498700723
2021,00-0034418,Cedrick Wilson,WR,62,NA,118.62215373881907,NA,1.9132605441745008,NA
2021,00-0034419,Braxton Berrios,WR,65,NA,105.02767237852095,NA,1.6158103442849374,NA
2021,00-0034440,Justin Jackson,RB,NA,69,NA,223.55590980937984,NA,3.23994072187507
2021,00-0034521,Allen Lazard,WR,60,NA,125.34990325267427,NA,2.0891650542112377,NA
2021,00-0034676,James Washington,WR,44,NA,96.4970766796614,NA,2.193115379083214,NA
2021,00-0034681,Chase Edmonds,RB,53,116,104.37698422651738,292.0594642429496,1.9693770608776864,2.5177540020943936
2021,00-0034750,Rashaad Penny,RB,NA,119,NA,300.0731357332843,NA,2.52162298935533
2021,00-0034753,Mark Andrews,TE,158,NA,325.5035106902209,NA,2.060148801836841,NA
2021,00-0034764,Michael Gallup,WR,62,NA,127.10978522113874,NA,2.050157826147399,NA
2021,00-0034765,Tre'Quan Smith,WR,51,NA,105.2190770277665,NA,2.0631191574071863,NA
2021,00-0034775,Christian Kirk,WR,103,NA,204.74022520537255,NA,1.9877691767511898,NA
2021,00-0034791,Nick Chubb,RB,NA,228,NA,600.5872840953816,NA,2.6341547548043045
2021,00-0034796,Lamar Jackson,QB,NA,134,NA,264.25730179341906,NA,1.9720694163687988
2021,00-0034798,Durham Smythe,TE,41,NA,103.48117352562258,NA,2.5239310616005506,NA
2021,00-0034816,Ronald Jones,RB,NA,101,NA,244.0908549996384,NA,2.4167411386102815
2021,00-0034827,D.J. Moore,WR,164,NA,292.9594410884455,NA,1.7863380554173507,NA
2021,00-0034829,Mike Gesicki,TE,113,NA,211.61918963845517,NA,1.8727361914907537,NA
2021,00-0034837,Calvin Ridley,WR,52,NA,102.55913075036369,NA,1.9722909759685325,NA
2021,00-0034838,Royce Freeman,RB,NA,56,NA,123.5419182087935,NA,2.206105682299884
2021,00-0034844,Saquon Barkley,RB,57,162,110.61535608262056,302.8668280078564,1.940620282151238,1.8695483210361517
2021,00-0034845,Sony Michel,RB,NA,208,NA,571.3339872927172,NA,2.746798015830371
2021,00-0034857,Josh Allen,QB,NA,124,NA,329.1955954095754,NA,2.6548031887868984
2021,00-0034869,Sam Darnold,QB,NA,48,NA,114.27502102928702,NA,2.3807296047768127
2021,00-0034960,Jakobi Meyers,WR,128,NA,249.9846252154382,NA,1.953004884495611,NA
2021,00-0034972,Alexander Mattison,RB,NA,135,NA,395.7781750891735,NA,2.9316901858457287
2021,00-0034981,Foster Moreau,TE,44,NA,93.21593365073204,NA,2.118543946607546,NA
2021,00-0034983,Hunter Renfrow,WR,129,NA,286.16705702531897,NA,2.218349279266038,NA
2021,00-0035140,Mecole Hardman,WR,83,NA,183.27840357861714,NA,2.2081735370917728,NA
2021,00-0035208,Olamide Zaccheaus,WR,54,NA,112.13463625179418,NA,2.0765673379961886,NA
2021,00-0035215,Deonte Harris,WR,59,NA,107.13195045193424,NA,1.8157957703717669,NA
2021,00-0035216,Diontae Johnson,WR,173,NA,336.84081144400943,NA,1.9470567135491872,NA
2021,00-0035228,Kyler Murray,QB,NA,88,NA,237.9330933256133,NA,2.7037851514274243
2021,00-0035229,T.J. Hockenson,TE,86,NA,166.01071283526812,NA,1.9303571259914896,NA
2021,00-0035243,Miles Sanders,RB,NA,138,NA,341.3722185523801,NA,2.4737117286404358
2021,00-0035250,Devin Singletary,RB,50,188,97.92467819864396,498.1449177607137,1.9584935639728793,2.6497070093654975
2021,00-0035261,Tony Pollard,RB,47,130,111.37851283578482,351.21639013660024,2.369755592250741,2.7016645395123096
2021,00-0035311,Myles Gaskin,RB,63,173,140.0074023543857,423.6383437492186,2.222339719910884,2.4487765534636914
2021,00-0035414,Jalen Guyton,WR,48,NA,103.98821275515365,NA,2.166421099065701,NA
2021,00-0035535,Darius Slayton,WR,58,NA,98.21954459097469,NA,1.6934404239823224,NA
2021,00-0035537,Ty Johnson,RB,55,61,78.50264394961414,166.19364849862177,1.4273207990838936,2.7244860409610125
2021,00-0035567,Craig Reynolds,RB,NA,55,NA,125.84672009997303,NA,2.2881221836358727
2021,00-0035628,D'Ernest Johnson,RB,NA,100,NA,243.31123030517483,NA,2.433112303051748
2021,00-0035640,DK Metcalf,WR,129,NA,231.6343022371002,NA,1.7956147460240328,NA
2021,00-0035644,Noah Fant,TE,91,NA,171.42105644599349,NA,1.8837478730328954,NA
2021,00-0035657,Damien Harris,RB,NA,202,NA,598.217119894718,NA,2.9614708905679112
2021,00-0035659,Terry McLaurin,WR,130,NA,240.54023203477846,NA,1.850309477190604,NA
2021,00-0035662,Marquise Brown,WR,147,NA,280.71286871329346,NA,1.909611351791112,NA
2021,00-0035664,Darrell Henderson,RB,40,149,98.71823462404427,389.9968563573202,2.4679558656011067,2.617428566156511
2021,00-0035676,A.J. Brown,WR,105,NA,223.8123075181502,NA,2.1315457858871447,NA
2021,00-0035685,David Montgomery,RB,51,225,105.9840047043981,556.7264099665917,2.0781177393019235,2.474339599851519
2021,00-0035689,Dawson Knox,TE,71,NA,199.86456972023007,NA,2.81499393972155,NA
2021,00-0035700,Josh Jacobs,RB,64,217,138.12189733725972,590.6530085025879,2.158154645894683,2.721903264988884
2021,00-0035710,Daniel Jones,QB,NA,64,NA,132.43704174915888,NA,2.0693287773306075
2021,00-0035715,Derrick Gore,RB,NA,51,NA,137.40468451342895,NA,2.694209500263313
2021,00-0035719,Deebo Samuel,WR,121,59,185.98720562670496,161.54140013767756,1.537084344022355,2.737989832841992
2021,00-0035831,James Robinson,RB,46,164,64.0967540552665,368.6774476818391,1.3934076968536195,2.24803321757219
2021,00-0035860,Tony Jones,RB,NA,54,NA,117.36517256704974,NA,2.1734291216120325
2021,00-0035993,Tyler Huntley,QB,NA,47,NA,95.16486140884808,NA,2.0247842852946403
2021,00-0036020,Salvon Ahmed,RB,NA,54,NA,124.21894156490453,NA,2.3003507697204544
2021,00-0036182,Nick Westbrook-Ikhine,WR,57,NA,116.93160668900236,NA,2.051431696298287,NA
2021,00-0036196,Gabriel Davis,WR,63,NA,151.35379782691598,NA,2.402441235347873,NA
2021,00-0036212,Tua Tagovailoa,QB,NA,42,NA,74.95316232161713,NA,1.7845991028956458
2021,00-0036219,Marquez Callaway,WR,84,NA,131.03586349711986,NA,1.5599507559180938,NA
2021,00-0036223,Jonathan Taylor,RB,52,332,93.77989421605878,1019.7919931437646,1.8034595041549766,3.0716626299510974
2021,00-0036233,Donovan Peoples-Jones,WR,59,NA,104.06711184549192,NA,1.7638493533134223,NA
2021,00-0036247,Freddie Swain,WR,41,NA,68.24607782794908,NA,1.664538483608514,NA
2021,00-0036251,Zack Moss,RB,NA,96,NA,274.33404979572515,NA,2.8576463520388034
2021,00-0036252,Michael Pittman,WR,130,NA,281.85836793317856,NA,2.168141291793681,NA
2021,00-0036261,Brandon Aiyuk,WR,86,NA,136.78827529560635,NA,1.5905613406465853,NA
2021,00-0036265,A.J. Dillon,RB,NA,187,NA,526.9554259025608,NA,2.81794345402439
2021,00-0036268,Laviska Shenault,WR,100,NA,149.4474154629279,NA,1.4944741546292792,NA
2021,00-0036271,Quez Watkins,WR,63,NA,129.8582660062383,NA,2.061242317559338,NA
2021,00-0036275,D'Andre Swift,RB,78,151,152.91049327759538,347.26886667415965,1.9603909394563508,2.299793819034169
2021,00-0036290,Cole Kmet,TE,93,NA,170.86076324433088,NA,1.8372125080035577,NA
2021,00-0036309,Darnell Mooney,WR,141,NA,244.0292095987969,NA,1.7307036141758645,NA
2021,00-0036322,Justin Jefferson,WR,170,NA,291.48661839273666,NA,1.7146271670160984,NA
2021,00-0036326,Chase Claypool,WR,105,NA,193.9105235907482,NA,1.846766891340459,NA
2021,00-0036328,Antonio Gibson,RB,53,259,115.09379200388491,649.8080143231927,2.1715809812053757,2.5089112522130987
2021,00-0036331,Devin Duvernay,WR,47,NA,83.53755771016586,NA,1.7773948448971457,NA
2021,00-0036345,K.J. Osborn,WR,82,NA,153.4282146251353,NA,1.8710757881114062,NA
2021,00-0036355,Justin Herbert,QB,NA,63,NA,175.40113831462804,NA,2.7841450526131433
2021,00-0036358,CeeDee Lamb,WR,121,NA,219.9344098933651,NA,1.817639751184836,NA
2021,00-0036360,Clyde Edwards-Helaire,RB,NA,119,NA,271.69541147726704,NA,2.2831547182963616
2021,00-0036365,Bryan Edwards,WR,60,NA,113.86170713081071,NA,1.8976951188468452,NA
2021,00-0036387,Jalen Reagor,WR,57,NA,106.86259841400897,NA,1.874782428315947,NA
2021,00-0036389,Jalen Hurts,QB,NA,139,NA,340.91120681731263,NA,2.4525986101964934
2021,00-0036407,Jerry Jeudy,WR,56,NA,95.89918849180685,NA,1.7124855087822652,NA
2021,00-0036410,Tee Higgins,WR,111,NA,203.66348318634834,NA,1.8348061548319672,NA
2021,00-0036415,Van Jefferson,WR,89,NA,187.63733829537523,NA,2.1082846999480362,NA
2021,00-0036422,Adam Trautman,TE,44,NA,101.44348975007586,NA,2.305533857956269,NA
2021,00-0036423,Albert Okwuegbunam,TE,40,NA,68.84424108831445,NA,1.721106027207861,NA
2021,00-0036427,Tyler Johnson,WR,56,NA,92.61836109343847,NA,1.6538993052399724,NA
2021,00-0036442,Joe Burrow,QB,NA,40,NA,84.103305726283,NA,2.102582643157075
2021,00-0036550,Rashod Bateman,WR,68,NA,123.73778961610515,NA,1.8196733767074287,NA
2021,00-0036554,Nico Collins,WR,60,NA,117.97951256166562,NA,1.9663252093610937,NA
2021,00-0036555,Chuba Hubbard,RB,NA,172,NA,376.7628041727294,NA,2.1904814196088918
2021,00-0036567,Elijah Mitchell,RB,NA,207,NA,456.6164730601886,NA,2.205876681450186
2021,00-0036613,Jaylen Waddle,WR,140,NA,241.868555034569,NA,1.7276325359612072,NA
2021,00-0036755,Jaret Patterson,RB,NA,68,NA,161.94462408698746,NA,2.3815385895145216
2021,00-0036875,Rhamondre Stevenson,RB,NA,133,NA,361.13130774136516,NA,2.7152729905365804
2021,00-0036893,Najee Harris,RB,94,307,186.15326565870782,665.053078362529,1.9803538899862536,2.1662966721906485
2021,00-0036894,Pat Freiermuth,TE,80,NA,162.86162348451023,NA,2.0357702935563777,NA
2021,00-0036900,Ja'Marr Chase,WR,128,NA,247.46272233576747,NA,1.9333025182481833,NA
2021,00-0036906,Khalil Herbert,RB,NA,103,NA,245.7358539388806,NA,2.38578498969787
2021,00-0036912,DeVonta Smith,WR,105,NA,175.62076397619956,NA,1.672578704535234,NA
2021,00-0036913,Kadarius Toney,WR,57,NA,93.33629049663432,NA,1.6374787806427071,NA
2021,00-0036919,Kenneth Gainwell,RB,50,69,120.38137192113209,201.34241949518025,2.407627438422642,2.9180060796402936
2021,00-0036924,Michael Carter,RB,55,148,84.56942970590899,361.0590101462584,1.5376259946528907,2.4395879063936383
2021,00-0036936,Rondale Moore,WR,64,NA,124.06316171187791,NA,1.9384869017480924,NA
2021,00-0036945,Justin Fields,QB,NA,72,NA,131.56808715924853,NA,1.8273345438784516
2021,00-0036963,Amon-Ra St. Brown,WR,121,NA,247.92324531654572,NA,2.0489524406326094,NA
2021,00-0036970,Kyle Pitts,TE,110,NA,225.6380512221367,NA,2.051255011110334,NA
2021,00-0036971,Trevor Lawrence,QB,NA,73,NA,142.1463784595835,NA,1.947210663829911
2021,00-0036972,Mac Jones,QB,NA,44,NA,111.21199757125578,NA,2.5275453993467223
2021,00-0036980,Elijah Moore,WR,78,NA,139.06681310328702,NA,1.7829078602985515,NA
2021,00-0036984,Trey Sermon,RB,NA,41,NA,75.51179408686585,NA,1.841751075289411
2021,00-0036988,Josh Palmer,WR,49,NA,111.0786753667926,NA,2.2669117421794405,NA
2021,00-0036997,Javonte Williams,RB,53,203,86.783691611432,504.47957827171194,1.6374281436119245,2.4851210752301083
2022,00-0027942,A.J. Green,WR,49,NA,85.04146851692326,NA,1.7355401738147604,NA
2022,00-0027944,Julio Jones,WR,43,NA,91.73970854154322,NA,2.1334815939893774,NA
2022,00-0027966,Mark Ingram,RB,NA,64,NA,140.22693475961546,NA,2.1910458556189916
2022,00-0028002,Randall Cobb,WR,50,NA,105.24292422115104,NA,2.104858484423021,NA
2022,00-0029263,Russell Wilson,QB,NA,55,NA,87.99844493783894,NA,1.5999717261425264
2022,00-0029293,Marvin Jones,WR,81,NA,139.5096252419171,NA,1.7223410523693472,NA
2022,00-0030035,Adam Thielen,WR,109,NA,268.39870438040793,NA,2.4623734346826414,NA
2022,00-0030061,Zach Ertz,TE,71,NA,132.88611980527617,NA,1.8716354902151575,NA
2022,00-0030068,Marquise Goodwin,WR,42,NA,87.39804781787097,NA,2.0809059004254995,NA
2022,00-0030279,Keenan Allen,WR,89,NA,191.74733582889894,NA,2.1544644475157186,NA
2022,00-0030288,Rex Burkhead,RB,51,NA,100.57376634178218,NA,1.9720346341525916,NA
2022,00-0030431,Robert Woods,WR,91,NA,156.61905748938443,NA,1.7210885438393893,NA
2022,00-0030506,Travis Kelce,TE,153,NA,336.2803257093909,NA,2.1979106255515743,NA
2022,00-0030513,Latavius Murray,RB,NA,172,NA,312.7634989621728,NA,1.818392435826586
2022,00-0030564,DeAndre Hopkins,WR,98,NA,186.08110037475103,NA,1.8987867385178683,NA
2022,00-0030565,Geno Smith,QB,NA,68,NA,141.6042809035862,NA,2.082415895640973
2022,00-0030578,Cordarrelle Patterson,RB,NA,144,NA,426.94973724652664,NA,2.964928730878657
2022,00-0031236,Brandin Cooks,WR,93,NA,157.8819228108623,NA,1.6976550839877667,NA
2022,00-0031260,Logan Thomas,TE,61,NA,126.52244979178067,NA,2.0741385211767325,NA
2022,00-0031376,Jerick McKinnon,RB,72,72,182.92607231093268,230.59837883891305,2.5406398932073984,3.2027552616515704
2022,00-0031381,Davante Adams,WR,181,NA,365.34645428282954,NA,2.018488697695191,NA
2022,00-0031382,Jarvis Landry,WR,40,NA,83.61248173117917,NA,2.0903120432794795,NA
2022,00-0031408,Mike Evans,WR,128,NA,260.69765001874464,NA,2.036700390771442,NA
2022,00-0031428,Allen Robinson,WR,52,NA,128.8097488518397,NA,2.4771105548430707,NA
2022,00-0031544,Amari Cooper,WR,132,NA,272.3683609443251,NA,2.0633966738206446,NA
2022,00-0031547,DeVante Parker,WR,47,NA,102.47902652993798,NA,2.1804048197859145,NA
2022,00-0031549,Nelson Agholor,WR,53,NA,89.18020621855976,NA,1.682645400350184,NA
2022,00-0031588,Stefon Diggs,WR,154,NA,335.5858833940583,NA,2.1791291129484307,NA
2022,00-0031610,Darren Waller,TE,44,NA,108.07180352859712,NA,2.4561773529226616,NA
2022,00-0031687,Raheem Mostert,RB,42,181,89.14727846521419,422.7339126599836,2.1225542491717664,2.3355464787844396
2022,00-0031763,DeAndre Carter,WR,65,NA,147.9975739370857,NA,2.2768857528782416,NA
2022,00-0032144,Melvin Gordon,RB,NA,90,NA,206.31695872588898,NA,2.2924106525098775
2022,00-0032208,Phillip Dorsett,WR,40,NA,70.49310616229195,NA,1.7623276540572987,NA
2022,00-0032211,Tyler Lockett,WR,117,NA,208.20134095376125,NA,1.7794986406304376,NA
2022,00-0032268,Marcus Mariota,QB,NA,85,NA,192.88915639786865,NA,2.2692841929161016
2022,00-0032392,Austin Hooper,TE,60,NA,106.6381661768537,NA,1.7773027696142285,NA
2022,00-0032398,Chris Moore,WR,74,NA,139.35921038530068,NA,1.8832325727743338,NA
2022,00-0032464,Kalif Raymond,WR,64,NA,120.83958736911882,NA,1.8881185526424815,NA
2022,00-0032602,J.D. McKissic,RB,42,NA,70.01555573972269,NA,1.6670370414219686,NA
2022,00-0032688,Robby Anderson,WR,44,NA,66.88312821130967,NA,1.5200710957115833,NA
2022,00-0032764,Derrick Henry,RB,41,349,95.82368076322018,753.7034048197092,2.337162945444395,2.159608609798594
2022,00-0032775,Demarcus Robinson,WR,75,NA,136.8788118850207,NA,1.8250508251336093,NA
2022,00-0033009,Tyler Boyd,WR,85,NA,175.6917264092914,NA,2.066961487168134,NA
2022,00-0033040,Tyreek Hill,WR,170,NA,276.96813907288015,NA,1.6292243474875303,NA
2022,00-0033045,Ezekiel Elliott,RB,NA,231,NA,585.547323314313,NA,2.534836897464558
2022,00-0033077,Dak Prescott,QB,NA,45,NA,82.963048114907,NA,1.8436232914423778
2022,00-0033090,Hunter Henry,TE,59,NA,110.88066076408722,NA,1.8793332332896138,NA
2022,00-0033110,Tyler Higbee,TE,108,NA,253.0939266216301,NA,2.3434622835336123,NA
2022,00-0033118,Kenyan Drake,RB,NA,109,NA,271.905862898333,NA,2.4945492009021377
2022,00-0033119,Jacoby Brissett,QB,NA,49,NA,104.11977926519467,NA,2.124893454391728
2022,00-0033280,Christian McCaffrey,RB,108,246,208.22748825192684,594.8571075619836,1.928032298628952,2.4181183234226986
2022,00-0033282,Curtis Samuel,WR,93,NA,146.91669851397444,NA,1.5797494463868218,NA
2022,00-0033288,George Kittle,TE,86,NA,189.55969048605766,NA,2.204182447512298,NA
2022,00-0033293,Aaron Jones,RB,73,213,155.21767101243302,495.9283975077851,2.12626946592374,2.328302335717301
2022,00-0033307,Kendrick Bourne,WR,48,NA,75.10698827679153,NA,1.5647289224331566,NA
2022,00-0033308,Matt Breida,RB,NA,54,NA,154.21933603371144,NA,2.8559136302539154
2022,00-0033357,Taysom Hill,TE,NA,96,NA,261.3253858630196,NA,2.722139436073121
2022,00-0033466,Isaiah McKenzie,WR,65,NA,145.11171527463011,NA,2.2324879273020017,NA
2022,00-0033526,Samaje Perine,RB,51,96,101.14469867045409,261.4108558496663,1.9832293856951781,2.7230297484340236
2022,00-0033536,Mike Williams,WR,93,NA,207.27221595257288,NA,2.228733504866375,NA
2022,00-0033553,James Conner,RB,58,183,76.96751691377722,439.0640158021124,1.327026153685814,2.399256916951434
2022,00-0033555,Mack Hollins,WR,94,NA,174.92539050176856,NA,1.8609084095932829,NA
2022,00-0033591,Noah Brown,WR,75,NA,146.2762170042405,NA,1.9503495600565397,NA
2022,00-0033699,Austin Ekeler,RB,127,204,284.69040921659325,589.884463188675,2.2416567654849864,2.891590505826837
2022,00-0033757,Robert Tonyan,TE,67,NA,111.92109905314283,NA,1.670464164972281,NA
2022,00-0033854,Dare Ogunbowale,RB,NA,43,NA,94.55800897315191,NA,2.199023464491905
2022,00-0033856,Leonard Fournette,RB,83,189,164.8539522351639,466.06351124704815,1.9861921956043842,2.465944503952636
2022,00-0033857,JuJu Smith-Schuster,WR,102,NA,217.4958566485583,NA,2.132312320083905,NA
2022,00-0033871,Corey Davis,WR,64,NA,92.49249891319778,NA,1.4451952955187153,NA
2022,00-0033873,Patrick Mahomes,QB,NA,62,NA,147.82125539645483,NA,2.384213796717013
2022,00-0033881,Evan Engram,TE,101,NA,175.90185528084078,NA,1.7416025275330769,NA
2022,00-0033885,David Njoku,TE,80,NA,184.22923319973052,NA,2.3028654149966314,NA
2022,00-0033891,Zay Jones,WR,122,NA,242.37259812468244,NA,1.9866606403662495,NA
2022,00-0033893,Dalvin Cook,RB,56,264,132.71105378647917,661.385155424854,2.369840246187128,2.5052468008517206
2022,00-0033895,Gerald Everett,TE,88,NA,181.47500078043947,NA,2.0622159179595396,NA
2022,00-0033897,Joe Mixon,RB,75,210,181.86207288401783,554.8592238755955,2.424827638453571,2.6421867803599786
2022,00-0033906,Alvin Kamara,RB,77,223,186.66226463532075,497.9895274172886,2.424185255004166,2.2331368942479313
2022,00-0033908,Cooper Kupp,WR,98,NA,202.94562641117955,NA,2.0708737388895875,NA
2022,00-0033921,Chris Godwin,WR,145,NA,246.67199781209604,NA,1.7011861918075588,NA
2022,00-0033923,Kareem Hunt,RB,44,123,79.84803371137241,341.04227561783046,1.8147280388948275,2.772701427787239
2022,00-0033925,D'Onta Foreman,RB,NA,204,NA,483.3790636166667,NA,2.369505213807189
2022,00-0033943,Josh Reynolds,WR,59,NA,142.1204889777,NA,2.408821847079661,NA
2022,00-0033948,Jamaal Williams,RB,NA,263,NA,748.3157624813465,NA,2.8453070816781234
2022,00-0034115,Jeffery Wilson,RB,NA,176,NA,446.1429986723815,NA,2.534903401547622
2022,00-0034184,Gus Edwards,RB,NA,87,NA,216.05832748487592,NA,2.4834290515502984
2022,00-0034270,Tyler Conklin,TE,87,NA,119.02093525833334,NA,1.3680567271072797,NA
2022,00-0034272,Marquez Valdes-Scantling,WR,81,NA,152.5887106093287,NA,1.8838112420904778,NA
2022,00-0034286,Richie James,WR,70,NA,110.07804119749926,NA,1.5725434456785607,NA
2022,00-0034348,Courtland Sutton,WR,109,NA,188.80050725859473,NA,1.732114745491695,NA
2022,00-0034351,Dallas Goedert,TE,69,NA,148.47722392296419,NA,2.1518438249704954,NA
2022,00-0034364,Jordan Akins,TE,56,NA,114.28980210653367,NA,2.0408893233309584,NA
2022,00-0034383,Dalton Schultz,TE,89,NA,200.44997678298387,NA,2.2522469301458856,NA
2022,00-0034411,Russell Gage,WR,72,NA,141.2799190377989,NA,1.9622210977472065,NA
2022,00-0034414,Boston Scott,RB,NA,54,NA,144.24225015827687,NA,2.671152780708831
2022,00-0034440,Justin Jackson,RB,NA,43,NA,110.86427512388025,NA,2.578238956369308
2022,00-0034487,Trent Sherfield,WR,51,NA,96.66077406774275,NA,1.895309295445936,NA
2022,00-0034521,Allen Lazard,WR,101,NA,195.82716837654868,NA,1.9388828552133535,NA
2022,00-0034681,Chase Edmonds,RB,NA,68,NA,161.7697573695914,NA,2.37896702014105
2022,00-0034750,Rashaad Penny,RB,NA,57,NA,127.68237887584837,NA,2.2400417346640067
2022,00-0034753,Mark Andrews,TE,114,NA,217.730550027787,NA,1.9099171055069033,NA
2022,00-0034764,Michael Gallup,WR,74,NA,136.45346271505696,NA,1.8439657123656348,NA
2022,00-0034775,Christian Kirk,WR,134,NA,287.7515614598959,NA,2.147399712387283,NA
2022,00-0034777,D.J. Chark,WR,52,NA,106.38759235391626,NA,2.0459152375753127,NA
2022,00-0034791,Nick Chubb,RB,NA,303,NA,702.7992007651045,NA,2.3194693094557906
2022,00-0034796,Lamar Jackson,QB,NA,112,NA,251.17589450188098,NA,2.242641915195366
2022,00-0034827,D.J. Moore,WR,118,NA,213.3008008550678,NA,1.8076339055514221,NA
2022,00-0034829,Mike Gesicki,TE,53,NA,136.09593485535868,NA,2.5678478274595977,NA
2022,00-0034830,Hayden Hurst,TE,68,NA,138.2518405629089,NA,2.033115302395719,NA
2022,00-0034838,Royce Freeman,RB,NA,41,NA,108.10911242902512,NA,2.6368076202201247
2022,00-0034844,Saquon Barkley,RB,77,295,117.14790967437136,671.4814016193268,1.5214014243424852,2.2762081410824635
2022,00-0034857,Josh Allen,QB,NA,125,NA,310.25753235181026,NA,2.4820602588144824
2022,00-0034860,Dante Pettis,WR,42,NA,80.69372399106203,NA,1.921279142644334,NA
2022,00-0034960,Jakobi Meyers,WR,98,NA,148.42212461630675,NA,1.5145114756765996,NA
2022,00-0034972,Alexander Mattison,RB,NA,74,NA,202.58570670997142,NA,2.737644685269884
2022,00-0034975,Justice Hill,RB,NA,49,NA,104.61307479068637,NA,2.1349607100140076
2022,00-0034981,Foster Moreau,TE,54,NA,102.75952007816522,NA,1.9029540755215781,NA
2022,00-0034983,Hunter Renfrow,WR,51,NA,98.54537875131052,NA,1.9322623284570688,NA
2022,00-0035208,Olamide Zaccheaus,WR,61,NA,99.32715622120304,NA,1.6283140364131645,NA
2022,00-0035216,Diontae Johnson,WR,149,NA,295.83538807711716,NA,1.9854724032021287,NA
2022,00-0035228,Kyler Murray,QB,NA,68,NA,147.21596547005163,NA,2.1649406686772297
2022,00-0035229,T.J. Hockenson,TE,131,NA,255.54317503503967,NA,1.9507112598094631,NA
2022,00-0035243,Miles Sanders,RB,NA,260,NA,657.571248068285,NA,2.529120184878019
2022,00-0035250,Devin Singletary,RB,52,177,120.30943578615552,472.3932818509056,2.3136429958876064,2.6688885980277157
2022,00-0035261,Tony Pollard,RB,55,193,117.3360632613767,457.62937408083235,2.133382968388667,2.371136653268562
2022,00-0035298,Scott Miller,WR,40,NA,92.97080224417732,NA,2.324270056104433,NA
2022,00-0035500,Greg Dortch,WR,64,NA,115.27496401855024,NA,1.8011713127898474,NA
2022,00-0035535,Darius Slayton,WR,71,NA,114.41102059534751,NA,1.6114228252865843,NA
2022,00-0035639,Parris Campbell,WR,92,NA,171.11332103943266,NA,1.8599274026025288,NA
2022,00-0035640,DK Metcalf,WR,142,NA,305.9861737880418,NA,2.1548322097749426,NA
2022,00-0035644,Noah Fant,TE,63,NA,122.2992234848789,NA,1.9412575156329985,NA
2022,00-0035657,Damien Harris,RB,NA,106,NA,266.51436153938994,NA,2.5142864296168863
2022,00-0035659,Terry McLaurin,WR,120,NA,190.9749091200065,NA,1.591457576000054,NA
2022,00-0035662,Marquise Brown,WR,107,NA,176.52332959207706,NA,1.6497507438511874,NA
2022,00-0035664,NA,NA,NA,70,NA,145.84332846308826,NA,2.083476120901261
2022,00-0035676,A.J. Brown,WR,145,NA,305.72436397036654,NA,2.1084438894508035,NA
2022,00-0035685,David Montgomery,RB,40,201,52.2078344389447,485.91591241248534,1.3051958609736178,2.4174921015546533
2022,00-0035689,Dawson Knox,TE,65,NA,129.64058382582152,NA,1.9944705203972544,NA
2022,00-0035700,Josh Jacobs,RB,64,341,120.8500410138513,839.753414976978,1.8882818908414265,2.46261998526973
2022,00-0035710,Daniel Jones,QB,NA,120,NA,279.1656920861569,NA,2.3263807673846406
2022,00-0035719,Deebo Samuel,WR,94,42,185.6908909881604,100.74337158197886,1.9754350105123446,2.3986517043328304
2022,00-0035806,Jamycal Hasty,RB,NA,46,NA,129.46803208789788,NA,2.8145224366934323
2022,00-0035831,James Robinson,RB,NA,110,NA,256.53203052666504,NA,2.3321093684242276
2022,00-0035993,Tyler Huntley,QB,NA,44,NA,101.07985810977686,NA,2.2972695024949283
2022,00-0036040,Juwan Johnson,TE,65,NA,132.44827870093286,NA,2.037665826168198,NA
2022,00-0036158,J.K. Dobbins,RB,NA,92,NA,229.48534040217055,NA,2.494405873936637
2022,00-0036165,Isaiah Hodgins,WR,49,NA,96.09373899728223,NA,1.9610967142302496,NA
2022,00-0036182,Nick Westbrook-Ikhine,WR,50,NA,88.85300526360516,NA,1.7770601052721033,NA
2022,00-0036196,Gabe Davis,WR,93,NA,186.8799024389591,NA,2.009461316547948,NA
2022,00-0036223,Jonathan Taylor,RB,42,192,72.23620554056811,501.23866667528637,1.719909655727812,2.61061805560045
2022,00-0036232,Harrison Bryant,TE,43,NA,87.46828214991535,NA,2.034146096509659,NA
2022,00-0036233,Donovan Peoples-Jones,WR,96,NA,156.7753724065842,NA,1.633076795901919,NA
2022,00-0036251,Zack Moss,RB,NA,93,NA,227.86976778396638,NA,2.4502125568168425
2022,00-0036252,Michael Pittman,WR,142,NA,272.32650375460787,NA,1.917792279962027,NA
2022,00-0036259,Jauan Jennings,WR,56,NA,89.86063700486557,NA,1.6046542322297423,NA
2022,00-0036261,Brandon Aiyuk,WR,114,NA,238.99883396702353,NA,2.096480999710733,NA
2022,00-0036265,A.J. Dillon,RB,43,186,98.51104063377716,493.19856126152445,2.290954433343655,2.6516051680727117
2022,00-0036271,Quez Watkins,WR,51,NA,103.82463490928058,NA,2.0357771550839328,NA
2022,00-0036275,D'Andre Swift,RB,70,100,147.57493292778963,273.4682575814512,2.108213327539852,2.7346825758145124
2022,00-0036290,Cole Kmet,TE,70,NA,145.5879906759509,NA,2.0798284382278696,NA
2022,00-0036309,Darnell Mooney,WR,62,NA,115.7922723613882,NA,1.8676172961514226,NA
2022,00-0036322,Justin Jefferson,WR,185,NA,423.11342748424784,NA,2.2870996080229613,NA
2022,00-0036326,Chase Claypool,WR,79,NA,134.89053714921465,NA,1.7074751537875272,NA
2022,00-0036328,Antonio Gibson,RB,58,149,112.96821604893194,361.0451249423786,1.9477278629126196,2.4231216439085816
2022,00-0036331,Devin Duvernay,WR,49,NA,107.06250498362351,NA,2.184949081298439,NA
2022,00-0036345,K.J. Osborn,WR,90,NA,181.86834282329073,NA,2.0207593647032303,NA
2022,00-0036355,Justin Herbert,QB,NA,54,NA,108.01657880749553,NA,2.000307014953621
2022,00-0036358,CeeDee Lamb,WR,156,NA,316.69807458895957,NA,2.0301158627497413,NA
2022,00-0036360,Clyde Edwards-Helaire,RB,NA,71,NA,172.41525455306692,NA,2.428383866944605
2022,00-0036370,Joshua Kelley,RB,NA,69,NA,215.26895706559299,NA,3.1198399574723625
2022,00-0036383,Eno Benjamin,RB,NA,78,NA,211.27313240223145,NA,2.708629902592711
2022,00-0036389,Jalen Hurts,QB,NA,167,NA,431.5722000086678,NA,2.584264670710586
2022,00-0036407,Jerry Jeudy,WR,100,NA,176.84279234986752,NA,1.7684279234986748,NA
2022,00-0036410,Tee Higgins,WR,110,NA,229.18543797369045,NA,2.083503981579004,NA
2022,00-0036414,Cam Akers,RB,NA,188,NA,440.36697319633095,NA,2.3423775170017596
2022,00-0036415,Van Jefferson,WR,44,NA,70.21863047539955,NA,1.5958779653499897,NA
2022,00-0036442,Joe Burrow,QB,NA,75,NA,184.97219253980438,NA,2.4662959005307252
2022,00-0036493,Deon Jackson,RB,NA,68,NA,152.2116854134365,NA,2.2384071384328896
2022,00-0036554,Nico Collins,WR,66,NA,124.92457759880926,NA,1.8927966302849886,NA
2022,00-0036555,Chuba Hubbard,RB,NA,95,NA,223.17607867572224,NA,2.349221880797076
2022,00-0036567,Elijah Mitchell,RB,NA,45,NA,138.40933037744253,NA,3.0757628972765008
2022,00-0036572,Shi Smith,WR,42,NA,88.51569057903532,NA,2.107516442357984,NA
2022,00-0036613,Jaylen Waddle,WR,118,NA,208.945051198927,NA,1.7707207728722625,NA
2022,00-0036829,Caleb Huntley,RB,NA,76,NA,204.417397319281,NA,2.6897025963063292
2022,00-0036862,Ben Skowronek,WR,61,NA,121.02887422777712,NA,1.9840799053733955,NA
2022,00-0036875,Rhamondre Stevenson,RB,90,210,153.81217932779668,491.7961815518793,1.7090242147532966,2.341886578818473
2022,00-0036876,Kylen Granson,TE,40,NA,61.27074538409943,NA,1.5317686346024857,NA
2022,00-0036893,Najee Harris,RB,53,272,113.13207909918856,651.9042203841964,2.134567530173369,2.3967066925889577
2022,00-0036894,Pat Freiermuth,TE,98,NA,179.18500287318602,NA,1.8284183966651633,NA
2022,00-0036900,Ja'Marr Chase,WR,134,NA,315.3837356242584,NA,2.353609967345212,NA
2022,00-0036906,Khalil Herbert,RB,NA,129,NA,297.2898960108869,NA,2.3045728372936964
2022,00-0036912,DeVonta Smith,WR,137,NA,256.19962217395357,NA,1.8700702348463762,NA
2022,00-0036919,Kenneth Gainwell,RB,NA,53,NA,155.72787865626742,NA,2.938261861439008
2022,00-0036924,Michael Carter,RB,54,114,72.6233753648412,277.1452052333043,1.3448773215711332,2.4310982915202133
2022,00-0036936,Rondale Moore,WR,56,NA,100.39939731321647,NA,1.7928463805931514,NA
2022,00-0036945,Justin Fields,QB,NA,160,NA,356.0665719769313,NA,2.2254160748558207
2022,00-0036955,Terrace Marshall,WR,47,NA,96.33626226981869,NA,2.049707707868483,NA
2022,00-0036963,Amon-Ra St. Brown,WR,146,NA,325.5774245513312,NA,2.2299823599406245,NA
2022,00-0036970,Kyle Pitts,TE,59,NA,105.19032102343044,NA,1.7828867970072957,NA
2022,00-0036971,Trevor Lawrence,QB,NA,62,NA,154.56589994745445,NA,2.4929983862492655
2022,00-0036972,Mac Jones,QB,NA,47,NA,95.00407676730538,NA,2.0213633354745824
2022,00-0036973,Travis Etienne,RB,45,221,84.47563552862266,567.786207461453,1.8772363450805036,2.5691683595540855
2022,00-0036980,Elijah Moore,WR,65,NA,112.01437626429833,NA,1.7232980963738203,NA
2022,00-0036988,Josh Palmer,WR,108,NA,220.23023926360463,NA,2.0391688820704132,NA
2022,00-0036997,Javonte Williams,RB,NA,47,NA,84.96359289780958,NA,1.8077360191023313
2022,00-0037157,Zonovan Knight,RB,NA,85,NA,163.65618864801945,NA,1.9253669252708172
2022,00-0037197,Isiah Pacheco,RB,NA,170,NA,398.12598639179487,NA,2.341917567010558
2022,00-0037228,Jaylen Warren,RB,NA,77,NA,198.77548420644598,NA,2.581499794888909
2022,00-0037238,Drake London,WR,118,NA,254.05790762689128,NA,2.1530331154821294,NA
2022,00-0037239,Chris Olave,WR,120,NA,203.4749442637402,NA,1.6956245355311685,NA
2022,00-0037247,George Pickens,WR,85,NA,129.85479088935233,NA,1.5277034222276746,NA
2022,00-0037248,James Cook,RB,NA,89,NA,240.59614300902467,NA,2.703327449539603
2022,00-0037252,Greg Dulcich,TE,55,NA,64.19990744852112,NA,1.1672710445185654,NA
2022,00-0037256,Rachaad White,RB,58,130,116.11141178556136,260.5724841448099,2.0019208928545056,2.004403724190845
2022,00-0037258,Dameon Pierce,RB,NA,220,NA,506.0905445852841,NA,2.300411566296746
2022,00-0037263,Tyler Allgeier,RB,NA,211,NA,549.9624442474304,NA,2.6064570817413766
2022,00-0037525,Jordan Mason,RB,NA,43,NA,102.86976463766769,NA,2.392320107852737
2022,00-0037664,Alec Pierce,WR,78,NA,133.02672233068733,NA,1.705470799111376,NA
2022,00-0037740,Garrett Wilson,WR,146,NA,243.8039967927034,NA,1.669890388991118,NA
2022,00-0037741,Jahan Dotson,WR,63,NA,126.87189295943222,NA,2.013839570784638,NA
2022,00-0037742,Treylon Burks,WR,54,NA,98.55698787714937,NA,1.8251294051323956,NA
2022,00-0037746,Brian Robinson,RB,NA,205,NA,411.3975325325737,NA,2.006817231866213
2022,00-0037755,Jelani Woods,TE,40,NA,84.4634399425122,NA,2.1115859985628047,NA
2022,00-0037809,Chigoziem Okonkwo,TE,47,NA,74.92564974982804,NA,1.5941627606346391,NA
2022,00-0037816,Romeo Doubs,WR,67,NA,120.64096579770558,NA,1.800611429816501,NA
2022,00-0037838,Isaiah Likely,TE,60,NA,110.83901379950112,NA,1.8473168966583517,NA
2022,00-0038102,Kenny Pickett,QB,NA,55,NA,138.3586724291672,NA,2.5156122259848583
2022,00-0038104,Tyquan Thornton,WR,45,NA,91.04437434941065,NA,2.0232083188757923,NA
2022,00-0038120,Breece Hall,RB,NA,80,NA,207.47366347833304,NA,2.593420793479163
2022,00-0038124,Christian Watson,WR,66,NA,147.55655046529137,NA,2.235705310080172,NA
2022,00-0038129,Cade Otton,TE,65,NA,164.40496645806707,NA,2.5293071762779546,NA
2022,00-0038134,Kenneth Walker,RB,NA,228,NA,596.5519983214035,NA,2.616456132988612
2023,00-0029263,Russell Wilson,QB,NA,80,NA,165.72844026630628,NA,2.0716055033288283
2023,00-0030035,Adam Thielen,WR,138,NA,257.98218036325113,NA,1.8694360895887763,NA
2023,00-0030061,Zach Ertz,TE,43,NA,81.57254909467883,NA,1.8970360254576473,NA
2023,00-0030279,Keenan Allen,WR,150,NA,265.17342130455654,NA,1.7678228086970436,NA
2023,00-0030431,Robert Woods,WR,75,NA,141.1082385905902,NA,1.8814431812078691,NA
2023,00-0030506,Travis Kelce,TE,121,NA,270.08747490492533,NA,2.2321278917762424,NA
2023,00-0030513,Latavius Murray,RB,NA,79,NA,242.39274635192123,NA,3.0682626120496357
2023,00-0030564,DeAndre Hopkins,WR,137,NA,238.96942180511542,NA,1.7443023489424483,NA
2023,00-0030578,Cordarrelle Patterson,RB,NA,50,NA,140.3723780864966,NA,2.807447561729932
2023,00-0031235,Odell Beckham Jr.,WR,64,NA,147.04770501176245,NA,2.297620390808788,NA
2023,00-0031236,Brandin Cooks,WR,82,NA,193.93288674212806,NA,2.365035204172293,NA
2023,00-0031260,Logan Thomas,TE,79,NA,134.32941028020275,NA,1.700372282027883,NA
2023,00-0031381,Davante Adams,WR,175,NA,384.38268892784254,NA,2.1964725081591,NA
2023,00-0031408,Mike Evans,WR,137,NA,269.1521406946557,NA,1.9646141656544214,NA
2023,00-0031428,Allen Robinson,WR,49,NA,69.35517200315371,NA,1.4154116735337492,NA
2023,00-0031544,Amari Cooper,WR,130,NA,206.48694422261883,NA,1.5883611094047605,NA
2023,00-0031547,DeVante Parker,WR,55,NA,79.48721043451224,NA,1.4452220079002225,NA
2023,00-0031549,Nelson Agholor,WR,45,NA,92.67632099526236,NA,2.059473799894719,NA
2023,00-0031588,Stefon Diggs,WR,161,NA,295.34656636176794,NA,1.8344507227439,NA
2023,00-0031610,Darren Waller,TE,74,NA,110.03790026996285,NA,1.4869986522967953,NA
2023,00-0031687,Raheem Mostert,RB,NA,209,NA,567.0929577783681,NA,2.7133634343462587
2023,00-0032211,Tyler Lockett,WR,124,NA,235.8654415614435,NA,1.9021406577535764,NA
2023,00-0032464,Kalif Raymond,WR,44,NA,93.46091462596087,NA,2.124111696044565,NA
2023,00-0032764,Derrick Henry,RB,NA,280,NA,626.0126064696524,NA,2.235759308820187
2023,00-0032765,Michael Thomas,WR,64,NA,117.54956195308478,NA,1.8367119055169496,NA
2023,00-0033009,Tyler Boyd,WR,98,NA,189.8790166893159,NA,1.9375409866256728,NA
2023,00-0033040,Tyreek Hill,WR,172,NA,339.9441750234254,NA,1.9764196222292172,NA
2023,00-0033045,Ezekiel Elliott,RB,65,184,92.87043021875434,368.1856829629978,1.4287758495192975,2.0010091465380317
2023,00-0033077,Dak Prescott,QB,NA,56,NA,137.58660016082274,NA,2.456903574300406
2023,00-0033090,Hunter Henry,TE,61,NA,99.96327649662271,NA,1.6387422376495528,NA
2023,00-0033110,Tyler Higbee,TE,70,NA,151.0630337947514,NA,2.15804333992502,NA
2023,00-0033280,Christian McCaffrey,RB,83,272,198.14456088203588,780.0373199214227,2.387283866048625,2.867784264416995
2023,00-0033282,Curtis Samuel,WR,91,NA,174.14580919480068,NA,1.9136902109318756,NA
2023,00-0033288,George Kittle,TE,90,NA,179.1223481343186,NA,1.99024831260354,NA
2023,00-0033293,Aaron Jones,RB,43,142,100.40301131643355,396.16918881982565,2.3349537515449663,2.7899238649283498
2023,00-0033307,Kendrick Bourne,WR,55,NA,110.92353318358073,NA,2.0167915124287403,NA
2023,00-0033308,Matt Breida,RB,NA,55,NA,134.33122239354998,NA,2.442385861700908
2023,00-0033357,Taysom Hill,QB,40,81,100.08033527259249,287.2932479644078,2.5020083818148122,3.546830221782812
2023,00-0033526,Samaje Perine,RB,56,53,86.84068640106125,149.96203202096513,1.550726542876094,2.829472302282361
2023,00-0033553,James Conner,RB,NA,210,NA,505.38394756807224,NA,2.406590226514629
2023,00-0033591,Noah Brown,WR,56,NA,84.71125584789831,NA,1.5127009972838983,NA
2023,00-0033699,Austin Ekeler,RB,74,179,158.67922039265977,456.8630158237647,2.144313789089997,2.552307350970752
2023,00-0033857,JuJu Smith-Schuster,WR,47,NA,75.62558390683262,NA,1.6090549767411195,NA
2023,00-0033858,Jonnu Smith,TE,70,NA,155.28264669483178,NA,2.2183235242118826,NA
2023,00-0033873,Patrick Mahomes,QB,NA,75,NA,146.4048340334266,NA,1.952064453779021
2023,00-0033881,Evan Engram,TE,144,NA,263.5662840120639,NA,1.8303214167504436,NA
2023,00-0033885,David Njoku,TE,123,NA,217.46463670549565,NA,1.7680051764674447,NA
2023,00-0033891,Zay Jones,WR,64,NA,123.19893300990225,NA,1.9249833282797226,NA
2023,00-0033893,Dalvin Cook,RB,NA,67,NA,159.55672810511896,NA,2.381443703061477
2023,00-0033895,Gerald Everett,TE,70,NA,140.3170062210702,NA,2.004528660301003,NA
2023,00-0033897,Joe Mixon,RB,65,257,142.68256229879614,669.2272541536076,2.195116343058402,2.6039970978739597
2023,00-0033906,Alvin Kamara,RB,87,182,180.18760111213476,507.0000501711909,2.071121851863618,2.7857145613801704
2023,00-0033908,Cooper Kupp,WR,97,NA,236.8552618223764,NA,2.4418068229110967,NA
2023,00-0033921,Chris Godwin,WR,131,NA,224.4334283236966,NA,1.7132322772801265,NA
2023,00-0033923,Kareem Hunt,RB,NA,135,NA,381.70647315395763,NA,2.827455356695983
2023,00-0033925,D'Onta Foreman,RB,NA,109,NA,270.26960187542136,NA,2.4795376318845994
2023,00-0033943,Josh Reynolds,WR,64,NA,135.55082351301098,NA,2.1179816173907966,NA
2023,00-0033948,Jamaal Williams,RB,NA,106,NA,270.2460330820468,NA,2.549490878132517
2023,00-0033949,Joshua Dobbs,QB,NA,79,NA,150.3135003756904,NA,1.9027025364011447
2023,00-0034115,Jeff Wilson,RB,NA,41,NA,111.70534334547119,NA,2.7245205694017365
2023,00-0034184,Gus Edwards,RB,NA,199,NA,524.6924456555133,NA,2.636645455555344
2023,00-0034270,Tyler Conklin,TE,87,NA,125.73591709070024,NA,1.4452404263298877,NA
2023,00-0034272,Marquez Valdes-Scantling,WR,42,NA,64.08898174122442,NA,1.5259281366958195,NA
2023,00-0034348,Courtland Sutton,WR,91,NA,187.70840527921962,NA,2.062729728343073,NA
2023,00-0034351,Dallas Goedert,TE,83,NA,165.28408438788028,NA,1.9913745106973526,NA
2023,00-0034383,Dalton Schultz,TE,89,NA,161.13963748181402,NA,1.8105577245147646,NA
2023,00-0034386,Justin Watson,WR,53,NA,64.87651690002531,NA,1.2240852245287794,NA
2023,00-0034521,Allen Lazard,WR,49,NA,79.37855869642226,NA,1.6199705856412705,NA
2023,00-0034613,Tanner Hudson,TE,50,NA,83.86542122473475,NA,1.6773084244946945,NA
2023,00-0034646,Brandon Powell,WR,44,NA,86.44408482941799,NA,1.9646382915776814,NA
2023,00-0034681,Chase Edmonds,RB,NA,49,NA,108.33316513273166,NA,2.210880921076156
2023,00-0034753,Mark Andrews,TE,61,NA,146.00684830511454,NA,2.3935548902477795,NA
2023,00-0034764,Michael Gallup,WR,57,NA,124.19702075372334,NA,2.1788951009425146,NA
2023,00-0034775,Christian Kirk,WR,85,NA,156.7198023867968,NA,1.8437623810211388,NA
2023,00-0034777,D.J. Chark,WR,66,NA,109.86973025393672,NA,1.6646928826354048,NA
2023,00-0034796,Lamar Jackson,QB,NA,148,NA,362.9789656464418,NA,2.452560578692174
2023,00-0034798,Durham Smythe,TE,43,NA,88.5045820614323,NA,2.0582460944519143,NA
2023,00-0034827,D.J. Moore,WR,138,NA,273.02190184415645,NA,1.9784195785808436,NA
2023,00-0034829,Mike Gesicki,TE,46,NA,66.76219987221691,NA,1.45135217113515,NA
2023,00-0034837,Calvin Ridley,WR,137,NA,301.2336327316733,NA,2.198785640377177,NA
2023,00-0034838,Royce Freeman,RB,NA,77,NA,221.42062431908562,NA,2.8755925236244884
2023,00-0034844,Saquon Barkley,RB,61,248,99.7784846342546,533.316125792844,1.6357128628566329,2.150468249164694
2023,00-0034855,Baker Mayfield,QB,NA,62,NA,126.1458662537334,NA,2.034610746027958
2023,00-0034857,Josh Allen,QB,NA,111,NA,286.1170807851886,NA,2.5776313584251223
2023,00-0034960,Jakobi Meyers,WR,106,NA,249.22037643624935,NA,2.351135626757069,NA
2023,00-0034972,Alexander Mattison,RB,44,180,107.51031037882785,413.7035948508128,2.4434161449733605,2.2983533047267373
2023,00-0034975,Justice Hill,RB,NA,84,NA,235.04539464935078,NA,2.798159460111319
2023,00-0035216,Diontae Johnson,WR,87,NA,148.61139433452627,NA,1.7081769463738652,NA
2023,00-0035228,Kyler Murray,QB,NA,45,NA,125.15863321271888,NA,2.7813029602826416
2023,00-0035229,T.J. Hockenson,TE,127,NA,245.7237713379145,NA,1.9348328451804295,NA
2023,00-0035243,Miles Sanders,RB,41,129,78.83671619172674,271.9870377407933,1.9228467363835788,2.1084266491534365
2023,00-0035250,Devin Singletary,RB,NA,216,NA,525.6668344876671,NA,2.4336427522577178
2023,00-0035261,Tony Pollard,RB,67,253,161.79304131690878,723.1208318995631,2.4148215121926686,2.8581851063223835
2023,00-0035329,Donald Parham,TE,41,NA,100.82695122412406,NA,2.459193932295709,NA
2023,00-0035500,Greg Dortch,WR,41,NA,63.49813139566686,NA,1.5487349120894356,NA
2023,00-0035535,Darius Slayton,WR,79,NA,98.98459489527158,NA,1.2529695556363492,NA
2023,00-0035567,Craig Reynolds,RB,NA,41,NA,117.37083916572738,NA,2.8627033942860334
2023,00-0035628,D'Ernest Johnson,RB,NA,41,NA,111.59788520884467,NA,2.721899639240114
2023,00-0035640,DK Metcalf,WR,119,NA,250.96290848296485,NA,2.1089320040585284,NA
2023,00-0035644,Noah Fant,TE,43,NA,72.38815351610538,NA,1.6834454306071018,NA
2023,00-0035659,Terry McLaurin,WR,132,NA,245.4751618677401,NA,1.8596603171798491,NA
2023,00-0035662,Marquise Brown,WR,104,NA,170.449611982374,NA,1.6389385767535962,NA
2023,00-0035664,Darrell Henderson,RB,NA,46,NA,105.25416251394199,NA,2.2881339676943915
2023,00-0035676,A.J. Brown,WR,158,NA,305.14964392303955,NA,1.931326860272402,NA
2023,00-0035685,David Montgomery,RB,NA,219,NA,597.7080974032579,NA,2.729260718736337
2023,00-0035700,Josh Jacobs,RB,54,233,114.6571856358787,624.4616209191445,2.1232812154792353,2.680092793644396
2023,00-0035710,Daniel Jones,QB,NA,40,NA,91.91977148014121,NA,2.2979942870035304
2023,00-0035719,Deebo Samuel,WR,89,NA,183.44004066646448,NA,2.061124052432185,NA
2023,00-0036040,Juwan Johnson,TE,59,NA,129.93121796788182,NA,2.202224033353929,NA
2023,00-0036139,Rico Dowdle,RB,NA,89,NA,262.94074242915667,NA,2.954390364372547
2023,00-0036182,Nick Westbrook-Ikhine,WR,46,NA,94.90786561650737,NA,2.0632144699240733,NA
2023,00-0036196,Gabe Davis,WR,82,NA,178.3549212549841,NA,2.1750600153046844,NA
2023,00-0036223,Jonathan Taylor,RB,NA,169,NA,439.71778413132415,NA,2.601880379475291
2023,00-0036251,Zack Moss,RB,NA,183,NA,480.1727431482868,NA,2.6238947713021146
2023,00-0036252,Michael Pittman,WR,158,NA,314.83594268024876,NA,1.9926325486091696,NA
2023,00-0036261,Brandon Aiyuk,WR,105,NA,202.27522557030898,NA,1.9264307197172286,NA
2023,00-0036264,Jordan Love,QB,NA,51,NA,103.53123653026694,NA,2.030024245691508
2023,00-0036265,AJ Dillon,RB,NA,178,NA,469.94572176929796,NA,2.6401445043218983
2023,00-0036275,D'Andre Swift,RB,49,229,86.71263712499058,585.5608971378533,1.7696456556120528,2.5570344853181366
2023,00-0036290,Cole Kmet,TE,90,NA,183.79026257205987,NA,2.0421140285784434,NA
2023,00-0036309,Darnell Mooney,WR,61,NA,112.61961934348801,NA,1.8462232679260329,NA
2023,00-0036322,Justin Jefferson,WR,100,NA,205.22162357205525,NA,2.0522162357205525,NA
2023,00-0036328,Antonio Gibson,RB,59,65,93.9818579396524,148.06901590441703,1.5929128464347866,2.277984860067954
2023,00-0036345,K.J. Osborn,WR,75,NA,147.47529340803158,NA,1.966337245440421,NA
2023,00-0036355,Justin Herbert,QB,NA,52,NA,124.63385362998815,NA,2.3968048774997723
2023,00-0036358,CeeDee Lamb,WR,182,NA,428.93186178932945,NA,2.356768471369942,NA
2023,00-0036360,Clyde Edwards-Helaire,RB,NA,70,NA,178.5695389608445,NA,2.55099341372635
2023,00-0036370,Joshua Kelley,RB,NA,107,NA,259.4880350322928,NA,2.4251218227317084
2023,00-0036389,Jalen Hurts,QB,NA,157,NA,379.5223054770031,NA,2.41733952533123
2023,00-0036407,Jerry Jeudy,WR,87,NA,167.59256853180705,NA,1.9263513624345638,NA
2023,00-0036410,Tee Higgins,WR,76,NA,156.274079873343,NA,2.0562378930703025,NA
2023,00-0036414,Cam Akers,RB,NA,60,NA,137.9039250788337,NA,2.2983987513138953
2023,00-0036415,Van Jefferson,WR,43,NA,71.52833831933094,NA,1.6634497283565335,NA
2023,00-0036550,Rashod Bateman,WR,56,NA,116.520122882328,NA,2.080716480041571,NA
2023,00-0036554,Nico Collins,WR,109,NA,213.36852809868287,NA,1.9575094320980084,NA
2023,00-0036555,Chuba Hubbard,RB,44,238,59.28688176738797,534.8980606323166,1.3474291310769995,2.2474708429929278
2023,00-0036567,Elijah Mitchell,RB,NA,75,NA,221.10638147464488,NA,2.948085086328599
2023,00-0036613,Jaylen Waddle,WR,104,NA,201.61687330671703,NA,1.938623781795356,NA
2023,00-0036637,Noah Gray,TE,41,NA,88.88809631628101,NA,2.1680023491775855,NA
2023,00-0036849,Tutu Atwell,WR,68,NA,120.3695671524473,NA,1.7701406934183426,NA
2023,00-0036875,Rhamondre Stevenson,RB,51,156,83.74246013051015,353.1333172211889,1.642009022166866,2.263675110392237
2023,00-0036876,Kylen Granson,TE,50,NA,79.4838128874544,NA,1.589676257749088,NA
2023,00-0036893,Najee Harris,RB,NA,256,NA,575.0726164916558,NA,2.24637740817053
2023,00-0036894,Pat Freiermuth,TE,48,NA,66.66402173887752,NA,1.3888337862266151,NA
2023,00-0036900,Ja'Marr Chase,WR,145,NA,290.5807873336598,NA,2.004005429887309,NA
2023,00-0036906,Khalil Herbert,RB,NA,133,NA,303.108954485171,NA,2.2790146953772257
2023,00-0036912,DeVonta Smith,WR,113,NA,218.54635684403172,NA,1.9340385561418738,NA
2023,00-0036919,Kenneth Gainwell,RB,NA,85,NA,247.2896207775774,NA,2.9092896562067927
2023,00-0036936,Rondale Moore,WR,63,NA,96.4375310033937,NA,1.5307544603713286,NA
2023,00-0036945,Justin Fields,QB,NA,124,NA,275.9032223445829,NA,2.225025986649862
2023,00-0036963,Amon-Ra St. Brown,WR,165,NA,334.9243094880511,NA,2.029844299927583,NA
2023,00-0036970,Kyle Pitts,TE,90,NA,137.92634681725758,NA,1.532514964636195,NA
2023,00-0036971,Trevor Lawrence,QB,NA,70,NA,155.9415304370923,NA,2.2277361491013186
2023,00-0036973,Travis Etienne,RB,73,269,131.62532645987812,658.6345973887362,1.8030866638339471,2.448455752374484
2023,00-0036980,Elijah Moore,WR,104,NA,185.702103907126,NA,1.7855971529531347,NA
2023,00-0036988,Josh Palmer,WR,61,NA,131.86916996288346,NA,2.16178967152268,NA
2023,00-0036997,Javonte Williams,RB,59,219,111.74960681701475,530.781962859153,1.8940611324917753,2.4236619308637124
2023,00-0037077,Sam Howell,QB,NA,49,NA,90.68356625213335,NA,1.8506850255537417
2023,00-0037197,Isiah Pacheco,RB,49,206,109.3590297026094,536.1959948547445,2.231816932706314,2.602893178906527
2023,00-0037228,Jaylen Warren,RB,74,149,113.78116364302696,360.9699942084844,1.5375832924733372,2.4226174107951977
2023,00-0037238,Drake London,WR,112,NA,198.28382456616941,NA,1.7703912907693697,NA
2023,00-0037239,Chris Olave,WR,139,NA,276.75261417504214,NA,1.9910260012592957,NA
2023,00-0037240,Jameson Williams,WR,42,NA,92.21484925638651,NA,2.195591648961584,NA
2023,00-0037247,George Pickens,WR,106,NA,170.7250109774468,NA,1.6106133111079886,NA
2023,00-0037248,James Cook,RB,54,237,128.96676153774024,593.4558506018075,2.3882733618100045,2.5040331249021412
2023,00-0037256,Rachaad White,RB,70,272,125.69228742379346,607.9285247793596,1.7956041060541923,2.235031341100586
2023,00-0037258,Dameon Pierce,RB,NA,145,NA,348.25056088218116,NA,2.401728006084008
2023,00-0037261,Khalil Shakir,WR,46,NA,87.9630802747705,NA,1.912240875538489,NA
2023,00-0037263,Tyler Allgeier,RB,NA,187,NA,529.6618450622044,NA,2.8324162837551037
2023,00-0037267,Jerome Ford,RB,63,206,108.40166700881673,409.1709826903823,1.720661381092329,1.9862669062639915
2023,00-0037276,Ty Chandler,RB,NA,102,NA,227.1318439359311,NA,2.2267827836855987
2023,00-0037525,Jordan Mason,RB,NA,40,NA,104.6347581097798,NA,2.6158689527444947
2023,00-0037545,Rashid Shaheed,WR,75,NA,158.11943161580712,NA,2.1082590882107617,NA
2023,00-0037664,Alec Pierce,WR,65,NA,111.91777826426551,NA,1.7218119732963924,NA
2023,00-0037740,Garrett Wilson,WR,168,NA,291.75900432054186,NA,1.7366607400032255,NA
2023,00-0037741,Jahan Dotson,WR,83,NA,173.72218085400527,NA,2.0930383235422325,NA
2023,00-0037744,Trey McBride,TE,106,NA,188.8242271738418,NA,1.7813606337154888,NA
2023,00-0037746,Brian Robinson,RB,43,179,88.10304472525604,390.9228363926376,2.0489080168664193,2.183926460294065
2023,00-0037809,Chigoziem Okonkwo,TE,77,NA,124.02711571211694,NA,1.610741762495025,NA
2023,00-0037816,Romeo Doubs,WR,96,NA,184.59551528806332,NA,1.9228699509173262,NA
2023,00-0037838,Isaiah Likely,TE,40,NA,80.31872960267356,NA,2.007968240066839,NA
2023,00-0037840,Kyren Williams,RB,48,229,128.62547019289923,646.5015217651525,2.6796972956854006,2.8231507500661683
2023,00-0038040,Zamir White,RB,NA,104,NA,236.14202667609788,NA,2.270596410347095
2023,00-0038041,Jake Ferguson,TE,102,NA,238.82846199724008,NA,2.3414555097768632,NA
2023,00-0038098,Pierre Strong,RB,NA,64,NA,135.5009666127297,NA,2.1172026033239018
2023,00-0038102,Kenny Pickett,QB,NA,42,NA,63.166705644194735,NA,1.5039691820046366
2023,00-0038117,Wan'Dale Robinson,WR,78,NA,126.28824580402579,NA,1.6190800744105873,NA
2023,00-0038120,Breece Hall,RB,95,224,148.33573753433302,476.40919064539764,1.5614288161508738,2.126826743952668
2023,00-0038122,Desmond Ridder,QB,NA,53,NA,124.92442282199045,NA,2.3570645815469895
2023,00-0038124,Christian Watson,WR,53,NA,120.74358073662734,NA,2.2781807686156106,NA
2023,00-0038129,Cade Otton,TE,67,NA,145.19808178948006,NA,2.1671355490967175,NA
2023,00-0038134,Kenneth Walker,RB,NA,219,NA,554.9876395845495,NA,2.534190135089266
2023,00-0038393,Dontayvion Wicks,WR,58,NA,113.23830047689262,NA,1.9523844909809074,NA
2023,00-0038454,Keaton Mitchell,RB,NA,47,NA,114.85791467560921,NA,2.443785418629983
2023,00-0038542,Bijan Robinson,RB,86,214,157.30980077607092,468.95876219833735,1.8291837299543132,2.191396085038959
2023,00-0038543,Jaxon Smith-Njigba,WR,93,NA,150.6892513493367,NA,1.620314530638029,NA
2023,00-0038544,Quentin Johnston,WR,67,NA,124.16494347137632,NA,1.8532081115130794,NA
2023,00-0038551,Kendre Miller,RB,NA,41,NA,92.09917110216338,NA,2.2463212463942286
2023,00-0038555,Tank Bigsby,RB,NA,50,NA,132.0242656080809,NA,2.640485312161618
2023,00-0038559,Michael Wilson,WR,58,NA,110.34460612526163,NA,1.902493209056235,NA
2023,00-0038597,Chase Brown,RB,NA,44,NA,81.39128938314389,NA,1.8498020314350885
2023,00-0038611,Chris Rodriguez,RB,NA,51,NA,115.3220081391919,NA,2.261215845866508
2023,00-0038621,Demario Douglas,WR,79,NA,136.19280575792072,NA,1.7239595665559586,NA
2023,00-0038705,Emari Demercado,RB,NA,58,NA,114.2515149639803,NA,1.9698537062755226
2023,00-0038794,Jaleel McLaughlin,RB,NA,76,NA,154.38221312715905,NA,2.0313449095678826
2023,00-0038933,Dalton Kincaid,TE,91,NA,181.8689679914096,NA,1.998560087817688,NA
2023,00-0038938,Jalin Hyatt,WR,40,NA,56.80389179987833,NA,1.4200972949969581,NA
2023,00-0038977,Tank Dell,WR,76,NA,148.5559649083733,NA,1.9546837487943856,NA
2023,00-0038979,Cedric Tillman,WR,44,NA,74.77305255021201,NA,1.699387557959364,NA
2023,00-0038994,Jordan Addison,WR,108,NA,224.88201207231032,NA,2.082240852521392,NA
2023,00-0038996,Tucker Kraft,TE,40,NA,103.92890239349799,NA,2.59822255983745,NA
2023,00-0038997,Josh Downs,WR,98,NA,164.20776220975677,NA,1.6755894103036404,NA
2023,00-0039021,Roschon Johnson,RB,40,81,68.56178774137516,185.19108753991895,1.714044693534379,2.286309722715049
2023,00-0039032,Tyjae Spears,RB,70,100,109.03717348945793,212.08959738785052,1.5576739069922563,2.120895973878505
2023,00-0039040,De'Von Achane,RB,NA,103,NA,275.94108740618685,NA,2.6790396835552124
2023,00-0039052,Trey Palmer,WR,69,NA,126.29032488739165,NA,1.830294563585386,NA
2023,00-0039062,Jonathan Mingo,WR,85,NA,109.7251075207023,NA,1.2908836178906153,NA
2023,00-0039064,Zay Flowers,WR,109,NA,234.82910177246947,NA,2.1543954291052243,NA
2023,00-0039065,Sam LaPorta,TE,122,NA,226.45589260986867,NA,1.8561958410644972,NA
2023,00-0039066,Michael Mayer,TE,41,NA,78.08353818843887,NA,1.9044765411814357,NA
2023,00-0039067,Rashee Rice,WR,102,NA,230.21118300178205,NA,2.2569723823704124,NA
2023,00-0039075,Puka Nacua,WR,160,NA,309.8133213908295,NA,1.9363332586926845,NA
2023,00-0039139,Jahmyr Gibbs,RB,72,182,156.55648008098058,524.635911653575,2.1743955566802855,2.882614899195467
2023,00-0039144,Luke Musgrave,TE,46,NA,88.1225129168015,NA,1.9157068025391628,NA
2023,00-0039146,Jayden Reed,WR,95,NA,202.578463955855,NA,2.132404883745842,NA
2023,00-0039150,Bryce Young,QB,NA,40,NA,71.20690114943125,NA,1.7801725287357812
2023,00-0039163,C.J. Stroud,QB,NA,41,NA,92.64930127517414,NA,2.259739055492052
2023,00-0039165,Zach Charbonnet,RB,40,108,64.12089733348694,287.97226413106546,1.6030224333371734,2.6664098530654208
2024,00-0029263,Russell Wilson,QB,NA,43,NA,104.98788707953645,NA,2.441578769291545
2024,00-0030035,Adam Thielen,WR,62,NA,101.35481766605517,NA,1.6347551236460511,NA
2024,00-0030061,Zach Ertz,TE,93,NA,209.39883715505107,NA,2.251600399516678,NA
2024,00-0030279,Keenan Allen,WR,123,NA,256.1991546457282,NA,2.082919956469335,NA
2024,00-0030506,Travis Kelce,TE,134,NA,313.6260537419438,NA,2.3404929383727144,NA
2024,00-0030564,DeAndre Hopkins,WR,80,NA,156.51403722708346,NA,1.9564254653385433,NA
2024,00-0030565,Geno Smith,QB,NA,53,NA,82.94904797439813,NA,1.5650763768754365
2024,00-0031236,Brandin Cooks,WR,54,NA,110.19674428208964,NA,2.0406804496683266,NA
2024,00-0031381,Davante Adams,WR,142,NA,328.04929406281724,NA,2.3102062962170224,NA
2024,00-0031408,Mike Evans,WR,110,NA,232.23965385675547,NA,2.111269580515959,NA
2024,00-0031544,Amari Cooper,WR,85,NA,165.7815989459632,NA,1.9503717523054493,NA
2024,00-0031588,Stefon Diggs,WR,64,NA,126.55450957844732,NA,1.9774142121632394,NA
2024,00-0031687,Raheem Mostert,RB,NA,85,NA,219.48298221611185,NA,2.582152731954257
2024,00-0032104,Ameer Abdullah,RB,47,66,108.16047534841346,171.72454087430378,2.3012867095407117,2.601886982943997
2024,00-0032211,Tyler Lockett,WR,74,NA,140.68951303421636,NA,1.9012096355975185,NA
2024,00-0032385,Sterling Shepard,WR,52,NA,96.51218080426031,NA,1.856003477005006,NA
2024,00-0032392,Austin Hooper,TE,59,NA,130.27299212425714,NA,2.2080168156653754,NA
2024,00-0032764,Derrick Henry,RB,NA,325,NA,810.484716753941,NA,2.4937991284736643
2024,00-0032775,Demarcus Robinson,WR,66,NA,153.8176652532709,NA,2.3305706856556196,NA
2024,00-0033009,Tyler Boyd,WR,58,NA,97.70843016718561,NA,1.6846281063307864,NA
2024,00-0033040,Tyreek Hill,WR,123,NA,239.98320953246719,NA,1.9510830043290017,NA
2024,00-0033045,Ezekiel Elliott,RB,NA,74,NA,178.38772406973294,NA,2.410644919861256
2024,00-0033090,Hunter Henry,TE,97,NA,202.9601743867388,NA,2.0923729318220494,NA
2024,00-0033280,Christian McCaffrey,RB,NA,50,NA,120.0845546068449,NA,2.401691092136898
2024,00-0033282,Curtis Samuel,WR,46,NA,85.3189217314357,NA,1.854759168074689,NA
2024,00-0033288,George Kittle,TE,94,NA,216.23004639154533,NA,2.300319642463248,NA
2024,00-0033293,Aaron Jones,RB,62,255,163.82723427237943,722.5449402265367,2.6423747463287004,2.8335095695158308
2024,00-0033375,Tim Patrick,WR,45,NA,103.47952915089252,NA,2.299545092242056,NA
2024,00-0033553,James Conner,RB,55,239,120.18285664916039,664.0145552142491,2.1851428481665525,2.778303578302297
2024,00-0033555,Mack Hollins,WR,50,NA,96.19176207206328,NA,1.9238352414412656,NA
2024,00-0033589,David Moore,WR,57,NA,130.45122355601052,NA,2.288617957122992,NA
2024,00-0033591,Noah Brown,WR,56,NA,96.56059726845706,NA,1.724296379793876,NA
2024,00-0033699,Austin Ekeler,RB,41,77,74.00708596233744,223.29532015352743,1.8050508771301814,2.8999392227730834
2024,00-0033858,Jonnu Smith,TE,111,NA,231.70677973271813,NA,2.0874484660605237,NA
2024,00-0033873,Patrick Mahomes,QB,NA,58,NA,108.99097897089086,NA,1.8791548098429458
2024,00-0033881,Evan Engram,TE,67,NA,97.22522194629676,NA,1.4511227156163693,NA
2024,00-0033885,David Njoku,TE,99,NA,199.31432349848887,NA,2.013275994934231,NA
2024,00-0033897,Joe Mixon,RB,52,247,123.08873051271075,681.2382132005876,2.3670909713982837,2.758049446156225
2024,00-0033906,Alvin Kamara,RB,89,228,168.03365749350633,594.9373448704137,1.8880186235225431,2.6093743196070776
2024,00-0033908,Cooper Kupp,WR,100,NA,182.53931874906993,NA,1.8253931874906992,NA
2024,00-0033921,Chris Godwin,WR,62,NA,118.32196193904383,NA,1.90841874095232,NA
2024,00-0033923,Kareem Hunt,RB,NA,200,NA,528.4750500678783,NA,2.642375250339392
2024,00-0033925,D'Onta Foreman,RB,NA,71,NA,176.14283754405915,NA,2.480885035831819
2024,00-0033948,Jamaal Williams,RB,NA,48,NA,132.44509830660536,NA,2.759272881387612
2024,00-0033955,Jeremy McNichols,RB,NA,56,NA,166.9236431263124,NA,2.980779341541293
2024,00-0034159,Will Dissly,TE,64,NA,116.99897890115972,NA,1.8281090453306206,NA
2024,00-0034184,Gus Edwards,RB,NA,102,NA,310.82011599962414,NA,3.047256039212001
2024,00-0034270,Tyler Conklin,TE,73,NA,147.26370167346602,NA,2.0173109818283015,NA
2024,00-0034272,Marquez Valdes-Scantling,WR,44,NA,72.16620049753692,NA,1.6401409203985662,NA
2024,00-0034348,Courtland Sutton,WR,135,NA,280.35796980786836,NA,2.0767257022805063,NA
2024,00-0034351,Dallas Goedert,TE,52,NA,117.75980075728148,NA,2.2646115530246442,NA
2024,00-0034364,Jordan Akins,TE,58,NA,107.43408194632502,NA,1.852311757695259,NA
2024,00-0034383,Dalton Schultz,TE,85,NA,140.71800572102075,NA,1.6555059496590676,NA
2024,00-0034407,Ray-Ray McCloud,WR,87,NA,142.53573996623163,NA,1.6383418386923174,NA
2024,00-0034521,Allen Lazard,WR,61,NA,124.37014300507144,NA,2.038854803361827,NA
2024,00-0034753,Mark Andrews,TE,69,NA,158.56722835855908,NA,2.2980757733124504,NA
2024,00-0034775,Christian Kirk,WR,47,NA,79.37563558729016,NA,1.6888433103678757,NA
2024,00-0034791,Nick Chubb,RB,NA,102,NA,264.7896966674598,NA,2.595977418308429
2024,00-0034796,Lamar Jackson,QB,NA,140,NA,290.8604578691155,NA,2.077574699065111
2024,00-0034827,DJ Moore,WR,142,NA,264.67898783463147,NA,1.8639365340467002,NA
2024,00-0034829,Mike Gesicki,TE,83,NA,179.9848458203487,NA,2.168492118317454,NA
2024,00-0034837,Calvin Ridley,WR,120,NA,203.71827624039724,NA,1.6976523020033105,NA
2024,00-0034844,Saquon Barkley,RB,43,348,96.9076417433098,893.4881783649759,2.253666087053716,2.567494765416597
2024,00-0034855,Baker Mayfield,QB,NA,60,NA,108.06453562548268,NA,1.8010755937580447
2024,00-0034857,Josh Allen,QB,NA,102,NA,264.17369842733024,NA,2.5899382198757865
2024,00-0034869,Sam Darnold,QB,NA,67,NA,124.52627220971044,NA,1.8586010777568722
2024,00-0034960,Jakobi Meyers,WR,130,NA,266.7870888790493,NA,2.0522083759926866,NA
2024,00-0034972,Alexander Mattison,RB,48,134,86.19764664210379,317.1513734608013,1.7957843050438291,2.366801294483592
2024,00-0034975,Justice Hill,RB,51,47,100.11976948968368,118.89936469990062,1.9631327350918366,2.529773717019162
2024,00-0034981,Foster Moreau,TE,43,NA,111.74148315814091,NA,2.598639143212579,NA
2024,00-0035208,Olamide Zaccheaus,WR,64,NA,142.19547934352886,NA,2.2218043647426384,NA
2024,00-0035216,Diontae Johnson,WR,67,NA,133.48502366855973,NA,1.9923137860979068,NA
2024,00-0035228,Kyler Murray,QB,NA,80,NA,175.62150077676029,NA,2.1952687597095037
2024,00-0035229,T.J. Hockenson,TE,62,NA,127.03157911880407,NA,2.0488964374000656,NA
2024,00-0035243,Miles Sanders,RB,NA,55,NA,137.39556047180668,NA,2.4981010994873936
2024,00-0035250,Devin Singletary,RB,NA,113,NA,269.32603161403676,NA,2.3834162089737765
2024,00-0035261,Tony Pollard,RB,57,261,90.5681133371545,581.3404200919466,1.5889142690728861,2.2273579313867686
2024,00-0035406,Lil'Jordan Humphrey,WR,45,NA,89.639445074572,NA,1.991987668323822,NA
2024,00-0035500,Greg Dortch,WR,50,NA,113.05400796682807,NA,2.2610801593365615,NA
2024,00-0035535,Darius Slayton,WR,72,NA,117.7372223134297,NA,1.6352391987976347,NA
2024,00-0035537,Ty Johnson,RB,NA,41,NA,113.01923566777259,NA,2.7565667236042097
2024,00-0035640,DK Metcalf,WR,109,NA,177.49651213038294,NA,1.628408368168651,NA
2024,00-0035644,Noah Fant,TE,64,NA,115.29951661895029,NA,1.8015549471710983,NA
2024,00-0035659,Terry McLaurin,WR,118,NA,237.39133100448805,NA,2.0117909407160006,NA
2024,00-0035676,A.J. Brown,WR,97,NA,185.23829806299182,NA,1.9096731759071321,NA
2024,00-0035685,David Montgomery,RB,NA,186,NA,576.875928471345,NA,3.101483486405081
2024,00-0035700,Josh Jacobs,RB,43,303,84.75613905169303,804.015311926312,1.9710730012021633,2.653515880944925
2024,00-0035710,Daniel Jones,QB,NA,68,NA,157.2291276585746,NA,2.3121930538025675
2024,00-0035719,Deebo Samuel Sr.,WR,81,42,168.23042476322735,125.74315067514544,2.076918824237375,2.9938845398844154
2024,00-0035973,Patrick Taylor,RB,NA,40,NA,110.49318505074177,NA,2.7623296262685444
2024,00-0036040,Juwan Johnson,TE,68,NA,126.43470835758467,NA,1.8593339464350687,NA
2024,00-0036139,Rico Dowdle,RB,50,235,133.34687549357466,550.1993059917004,2.666937509871493,2.3412736425178737
2024,00-0036158,J.K. Dobbins,RB,NA,195,NA,469.30839717405615,NA,2.4067097290977237
2024,00-0036182,Nick Westbrook-Ikhine,WR,60,NA,111.06455526067293,NA,1.8510759210112155,NA
2024,00-0036196,Gabe Davis,WR,42,NA,84.82876085981843,NA,2.0197324014242484,NA
2024,00-0036223,Jonathan Taylor,RB,NA,305,NA,787.9968039153607,NA,2.5835960784110186
2024,00-0036244,Colby Parkinson,TE,49,NA,109.71644327626564,NA,2.2391110872707274,NA
2024,00-0036251,Zack Moss,RB,NA,74,NA,202.2228165419947,NA,2.7327407640810093
2024,00-0036252,Michael Pittman,WR,112,NA,188.3965421606407,NA,1.682111983577149,NA
2024,00-0036259,Jauan Jennings,WR,113,NA,237.4819387231255,NA,2.101610077195801,NA
2024,00-0036261,Brandon Aiyuk,WR,47,NA,93.84688239614479,NA,1.9967421786413788,NA
2024,00-0036275,D'Andre Swift,RB,53,253,98.17705372978514,586.0682570968929,1.8523972401846254,2.3164753244936476
2024,00-0036290,Cole Kmet,TE,59,NA,107.53926708322206,NA,1.8226994420885092,NA
2024,00-0036309,Darnell Mooney,WR,106,NA,201.27798831198015,NA,1.8988489463394358,NA
2024,00-0036322,Justin Jefferson,WR,154,NA,345.7153657832532,NA,2.244904972618527,NA
2024,00-0036328,Antonio Gibson,RB,NA,120,NA,305.79733956130804,NA,2.5483111630109
2024,00-0036355,Justin Herbert,QB,NA,70,NA,125.4780584269173,NA,1.7925436918131041
2024,00-0036358,CeeDee Lamb,WR,154,NA,317.6603156944327,NA,2.062729322691122,NA
2024,00-0036389,Jalen Hurts,QB,NA,152,NA,414.4842091113094,NA,2.72686979678493
2024,00-0036407,Jerry Jeudy,WR,148,NA,273.04067332691886,NA,1.844869414371073,NA
2024,00-0036410,Tee Higgins,WR,110,NA,254.7308114014885,NA,2.3157346491044404,NA
2024,00-0036414,Cam Akers,RB,NA,104,NA,246.97134373808512,NA,2.374724459020049
2024,00-0036415,Van Jefferson,WR,40,NA,86.51932636077981,NA,2.1629831590194954,NA
2024,00-0036427,Tyler Johnson,WR,41,NA,98.18217644194374,NA,2.3946872302913107,NA
2024,00-0036442,Joe Burrow,QB,NA,42,NA,78.72746892904979,NA,1.874463545929757
2024,00-0036550,Rashod Bateman,WR,72,NA,151.0769887706556,NA,2.09829151070355,NA
2024,00-0036554,Nico Collins,WR,99,NA,203.40294658322819,NA,2.0545752180124057,NA
2024,00-0036555,Chuba Hubbard,RB,54,251,118.69559329689946,650.8433401415676,2.1980665425351753,2.5930013551456876
2024,00-0036613,Jaylen Waddle,WR,85,NA,179.99847262460366,NA,2.1176290897012193,NA
2024,00-0036626,Dyami Brown,WR,40,NA,88.19874547448126,NA,2.2049686368620316,NA
2024,00-0036637,Noah Gray,TE,49,NA,126.41682658463833,NA,2.5799352364211905,NA
2024,00-0036849,Tutu Atwell,WR,62,NA,122.92063384043286,NA,1.9825908683940783,NA
2024,00-0036875,Rhamondre Stevenson,RB,43,207,103.84419160571974,499.4534457878908,2.4149812001330173,2.412818578685463
2024,00-0036893,Najee Harris,RB,48,263,94.20896922430256,655.166991503007,1.962686858839637,2.491129245258582
2024,00-0036894,Pat Freiermuth,TE,78,NA,144.73910981131485,NA,1.855629612965575,NA
2024,00-0036900,Ja'Marr Chase,WR,175,NA,444.389577903843,NA,2.5393690165933887,NA
2024,00-0036912,DeVonta Smith,WR,90,NA,191.3049617368523,NA,2.1256106859650257,NA
2024,00-0036919,Kenneth Gainwell,RB,NA,75,NA,240.49414254288422,NA,3.206588567238456
2024,00-0036945,Justin Fields,QB,NA,62,NA,135.98629197027185,NA,2.1933272898430944
2024,00-0036963,Amon-Ra St. Brown,WR,141,NA,347.34900886486867,NA,2.4634681479777916,NA
2024,00-0036970,Kyle Pitts,TE,74,NA,148.33634178424836,NA,2.0045451592465993,NA
2024,00-0036973,Travis Etienne,RB,52,150,87.16333496558946,331.39925290603423,1.6762179801074895,2.209328352706895
2024,00-0036980,Elijah Moore,WR,102,NA,180.07776397510315,NA,1.7654682742657173,NA
2024,00-0036984,Trey Sermon,RB,NA,56,NA,160.46956441563088,NA,2.8655279359934083
2024,00-0036988,Josh Palmer,WR,67,NA,110.30629080033373,NA,1.6463625492587124,NA
2024,00-0036997,Javonte Williams,RB,70,139,114.13660386746051,365.7584876102046,1.6305229123922929,2.631356025972695
2024,00-0037197,Isiah Pacheco,RB,NA,83,NA,211.89998575524078,NA,2.5530118765691663
2024,00-0037228,Jaylen Warren,RB,47,120,92.24502334365388,299.88707044217153,1.9626600711415718,2.4990589203514295
2024,00-0037238,Drake London,WR,159,NA,375.5408716834644,NA,2.3618922747387696,NA
2024,00-0037239,Chris Olave,WR,44,NA,98.95071651297621,NA,2.2488799207494594,NA
2024,00-0037240,Jameson Williams,WR,91,NA,211.6283755856566,NA,2.3255865448973254,NA
2024,00-0037247,George Pickens,WR,103,NA,192.73956607983564,NA,1.8712579231052002,NA
2024,00-0037248,James Cook,RB,NA,207,NA,637.4380572403606,NA,3.0794109045428053
2024,00-0037256,Rachaad White,RB,57,144,141.30687571043381,391.9187453703489,2.4790679949198915,2.721657953960756
2024,00-0037258,Dameon Pierce,RB,NA,40,NA,89.40135605103569,NA,2.235033901275892
2024,00-0037261,Khalil Shakir,WR,100,NA,203.67214987729676,NA,2.036721498772968,NA
2024,00-0037263,Tyler Allgeier,RB,NA,138,NA,380.1248627889289,NA,2.7545279912241223
2024,00-0037267,Jerome Ford,RB,43,104,55.8712707911036,224.8594018171716,1.2993318788628743,2.1621096328574194
2024,00-0037276,Ty Chandler,RB,NA,56,NA,138.23313816968584,NA,2.468448895887247
2024,00-0037291,Jalen Nailor,WR,42,NA,82.7605755031691,NA,1.9704898929325974,NA
2024,00-0037525,Jordan Mason,RB,NA,153,NA,438.29918324635946,NA,2.8647005440938527
2024,00-0037545,Rashid Shaheed,WR,41,NA,85.98041529775946,NA,2.0970832999453526,NA
2024,00-0037664,Alec Pierce,WR,69,NA,130.60876809689216,NA,1.8928806970564083,NA
2024,00-0037666,Jalen Tolbert,WR,79,NA,173.1405168225465,NA,2.191652111677804,NA
2024,00-0037740,Garrett Wilson,WR,154,NA,322.5016565297118,NA,2.0941666008422843,NA
2024,00-0037744,Trey McBride,TE,147,NA,342.2553580372478,NA,2.328267741749985,NA
2024,00-0037746,Brian Robinson,RB,NA,187,NA,561.1108454063069,NA,3.000592756183459
2024,00-0037801,KaVontae Turpin,WR,52,NA,104.09931175119709,NA,2.0019098413691747,NA
2024,00-0037809,Chig Okonkwo,TE,71,NA,124.11357934943214,NA,1.7480785823863683,NA
2024,00-0037816,Romeo Doubs,WR,73,NA,137.90978636698844,NA,1.8891751557121705,NA
2024,00-0037834,Brock Purdy,QB,NA,66,NA,158.54834649898112,NA,2.4022476742269867
2024,00-0037837,Calvin Austin III,WR,58,NA,79.99279657119769,NA,1.3791861477792704,NA
2024,00-0037838,Isaiah Likely,TE,58,NA,139.0997141028638,NA,2.3982709328079967,NA
2024,00-0037840,Kyren Williams,RB,40,316,88.07080053567188,880.6077343160869,2.201770013391797,2.786733336443313
2024,00-0038040,Zamir White,RB,NA,65,NA,150.6305689025903,NA,2.3173933677321585
2024,00-0038041,Jake Ferguson,TE,86,NA,144.205731682654,NA,1.6768108335192324,NA
2024,00-0038117,Wan'Dale Robinson,WR,140,NA,245.90352607605746,NA,1.7564537576861246,NA
2024,00-0038120,Breece Hall,RB,76,212,157.03023053490324,463.79647404838727,2.066187243880306,2.187719217209374
2024,00-0038124,Christian Watson,WR,54,NA,103.28820615525171,NA,1.9127445584305873,NA
2024,00-0038129,Cade Otton,TE,87,NA,204.439954519592,NA,2.3498845347079538,NA
2024,00-0038134,Kenneth Walker III,RB,53,153,116.94253542338265,386.3000143675308,2.206462932516654,2.5248366952126196
2024,00-0038393,Dontayvion Wicks,WR,76,NA,166.52515466275509,NA,2.191120456088883,NA
2024,00-0038542,Bijan Robinson,RB,72,305,142.76286012656055,828.952475344311,1.9828175017577854,2.7178769683420025
2024,00-0038543,Jaxon Smith-Njigba,WR,138,NA,244.35870129927923,NA,1.7707152268063713,NA
2024,00-0038544,Quentin Johnston,WR,91,NA,172.12586406373885,NA,1.891493011689438,NA
2024,00-0038555,Tank Bigsby,RB,NA,168,NA,436.28589247594937,NA,2.5969398361663654
2024,00-0038559,Michael Wilson,WR,71,NA,140.91908587509533,NA,1.9847758573957088,NA
2024,00-0038563,Tre Tucker,WR,81,NA,139.4307656781748,NA,1.721367477508331,NA
2024,00-0038597,Chase Brown,RB,65,230,179.1429724036425,636.3116334310761,2.7560457292868077,2.7665723192655474
2024,00-0038606,Parker Washington,WR,53,NA,84.18309808924073,NA,1.5883603413064287,NA
2024,00-0038608,Kayshon Boutte,WR,69,NA,124.14499926929409,NA,1.7992028879607838,NA
2024,00-0038619,Andrei Iosivas,WR,61,NA,139.96760300113237,NA,2.2945508688710223,NA
2024,00-0038621,Demario Douglas,WR,87,NA,145.19226792061818,NA,1.6688766427657262,NA
2024,00-0038794,Jaleel McLaughlin,RB,NA,113,NA,261.1675583991746,NA,2.3112173309661466
2024,00-0038797,Emanuel Wilson,RB,NA,103,NA,285.9855637891451,NA,2.776558871739273
2024,00-0038933,Dalton Kincaid,TE,75,NA,162.3873718524701,NA,2.1651649580329346,NA
2024,00-0038935,Brenton Strange,TE,53,NA,109.85641276388196,NA,2.0727625049789054,NA
2024,00-0038951,Sean Tucker,RB,NA,50,NA,125.92727024917258,NA,2.5185454049834513
2024,00-0038976,Marvin Mims Jr.,WR,53,NA,95.96816039418616,NA,1.8107200074374747,NA
2024,00-0038977,Tank Dell,WR,81,NA,166.93934047751827,NA,2.060979512068127,NA
2024,00-0038979,Cedric Tillman,WR,51,NA,102.47034271937423,NA,2.0092224062622397,NA
2024,00-0038994,Jordan Addison,WR,100,NA,233.9359469202899,NA,2.3393594692028996,NA
2024,00-0038996,Tucker Kraft,TE,71,NA,166.55443391868891,NA,2.345837097446323,NA
2024,00-0038997,Josh Downs,WR,107,NA,216.36702905767015,NA,2.022121766894114,NA
2024,00-0039021,Roschon Johnson,RB,NA,55,NA,161.18266564092482,NA,2.9305939207440876
2024,00-0039032,Tyjae Spears,RB,NA,84,NA,227.556668350182,NA,2.7090079565497858
2024,00-0039040,De'Von Achane,RB,87,203,194.81833571346942,551.6788474595814,2.23929121509735,2.717629790441288
2024,00-0039062,Jonathan Mingo,WR,42,NA,70.37878174724756,NA,1.6756852796963704,NA
2024,00-0039064,Zay Flowers,WR,117,NA,209.49740939344326,NA,1.790576148661908,NA
2024,00-0039065,Sam LaPorta,TE,83,NA,227.49874744389672,NA,2.740948764384298,NA
2024,00-0039075,Puka Nacua,WR,107,NA,241.03944009794202,NA,2.252705047644318,NA
2024,00-0039139,Jahmyr Gibbs,RB,63,250,151.42789003363578,709.2618886944547,2.4036173021212024,2.837047554777819
2024,00-0039146,Jayden Reed,WR,76,NA,155.24057641999377,NA,2.042639163420971,NA
2024,00-0039150,Bryce Young,QB,NA,43,NA,93.65177248194232,NA,2.1779481972544725
2024,00-0039152,Will Levis,QB,NA,45,NA,99.00790852651699,NA,2.200175745033711
2024,00-0039163,C.J. Stroud,QB,NA,52,NA,87.54055270933895,NA,1.6834721674872875
2024,00-0039164,Anthony Richardson,QB,NA,87,NA,210.07742226308608,NA,2.4146830145182308
2024,00-0039165,Zach Charbonnet,RB,52,135,64.86660420364933,339.5399747080519,1.2474346962240253,2.515110923763347
2024,00-0039325,Carson Steele,RB,NA,56,NA,134.55768375648768,NA,2.402815781365851
2024,00-0039337,Malik Nabers,WR,172,NA,357.2187467222391,NA,2.076853178617669,NA
2024,00-0039338,Brock Bowers,TE,153,NA,311.20066467206925,NA,2.0339912723664657,NA
2024,00-0039342,Xavier Legette,WR,85,NA,153.28362557700882,NA,1.8033367714942214,NA
2024,00-0039356,Ja'Tavion Sanders,TE,43,NA,83.04054871265544,NA,1.931175551457103,NA
2024,00-0039361,Bucky Irving,RB,53,207,149.21482891585026,573.2677443150606,2.815374130487741,2.76940939282638
2024,00-0039363,Isaac Guerendo,RB,NA,84,NA,244.6121287982678,NA,2.9120491523603307
2024,00-0039373,Audric Estimé,RB,NA,76,NA,169.15743444024702,NA,2.22575571631904
2024,00-0039384,Tyrone Tracy Jr.,RB,54,192,100.45565228296607,420.66977140985546,1.8602898570919641,2.190988392759664
2024,00-0039391,Kimani Vidal,RB,NA,43,NA,105.62988941912772,NA,2.4565090562587844
2024,00-0039424,Devaughn Vele,WR,55,NA,111.77813783293823,NA,2.032329778780695,NA
2024,00-0039491,Jalen Coker,WR,46,NA,92.08254044441856,NA,2.00179435748736,NA
2024,00-0039732,Bo Nix,QB,NA,92,NA,193.51370644581039,NA,2.103409852671852
2024,00-0039738,Blake Corum,RB,NA,58,NA,154.68349514651345,NA,2.6669568128709216
2024,00-0039794,Braelon Allen,RB,NA,92,NA,233.68221112713218,NA,2.540024033990567
2024,00-0039847,Theo Johnson,TE,43,NA,68.80487944022752,NA,1.6001134753541284,NA
2024,00-0039849,Marvin Harrison Jr.,WR,116,NA,233.99710482227965,NA,2.0172164208817214,NA
2024,00-0039851,Drake Maye,QB,NA,54,NA,104.96893466904294,NA,1.9438691605378322
2024,00-0039855,Jalen McMillan,WR,58,NA,133.3970256355533,NA,2.299948717854367,NA
2024,00-0039868,Troy Franklin,WR,53,NA,108.23716920131119,NA,2.042210739647381,NA
2024,00-0039874,Jaylen Wright,RB,NA,68,NA,157.90161514107604,NA,2.3220825756040595
2024,00-0039875,Ray Davis,RB,NA,113,NA,283.7126340075338,NA,2.510731274402954
2024,00-0039890,Adonai Mitchell,WR,55,NA,107.70934092777316,NA,1.9583516532322391,NA
2024,00-0039893,Brian Thomas Jr.,WR,135,NA,240.33057566860202,NA,1.7802264864340889,NA
2024,00-0039894,Xavier Worthy,WR,99,NA,221.288100712365,NA,2.2352333405289393,NA
2024,00-0039901,Keon Coleman,WR,58,NA,128.21627185762907,NA,2.210625376855673,NA
2024,00-0039910,Jayden Daniels,QB,NA,149,NA,386.666021769939,NA,2.5950739716103284
2024,00-0039915,Ladd McConkey,WR,113,NA,205.516898490794,NA,1.8187336149627786,NA
2024,00-0039916,Ricky Pearsall,WR,47,NA,87.98904037060845,NA,1.8721072419278393,NA
2024,00-0039918,Caleb Williams,QB,NA,81,NA,133.418019396835,NA,1.6471360419362346
2024,00-0039919,Rome Odunze,WR,101,NA,200.81128777304548,NA,1.988230572010351,NA
2024,00-0039921,Trey Benson,RB,NA,63,NA,155.16797211539233,NA,2.462983684371307
2025,00-0030061,Zach Ertz,TE,73,NA,122.13949756465433,NA,1.6731438022555387,NA
2025,00-0030279,Keenan Allen,WR,122,NA,229.55948906613048,NA,1.881635156279758,NA
2025,00-0030506,Travis Kelce,TE,109,NA,204.6195558062899,NA,1.8772436312503662,NA
2025,00-0030565,Geno Smith,QB,NA,41,NA,96.68058934152941,NA,2.3580631546714494
2025,00-0031381,Davante Adams,WR,114,NA,303.60912346452824,NA,2.663237925127441,NA
2025,00-0031408,Mike Evans,WR,62,NA,133.1278311033966,NA,2.1472230823128484,NA
2025,00-0031588,Stefon Diggs,WR,102,NA,172.59102775450447,NA,1.6920688995539654,NA
2025,00-0032211,Tyler Lockett,WR,56,NA,77.37695337839239,NA,1.3817313103284354,NA
2025,00-0032268,Marcus Mariota,QB,NA,50,NA,115.94648500854964,NA,2.318929700170992
2025,00-0032385,Sterling Shepard,WR,54,NA,95.3163853642908,NA,1.7651182474868663,NA
2025,00-0032764,Derrick Henry,RB,NA,307,NA,834.4248277820589,NA,2.7179961817005176
2025,00-0033077,Dak Prescott,QB,NA,53,NA,122.34767949712113,NA,2.3084467829645496
2025,00-0033090,Hunter Henry,TE,87,NA,201.40345597828855,NA,2.3149822526240063,NA
2025,00-0033280,Christian McCaffrey,RB,129,311,280.58772872854024,920.726729213784,2.175098672314266,2.9605361067967335
2025,00-0033288,George Kittle,TE,69,NA,166.4717083114083,NA,2.412633453788526,NA
2025,00-0033293,Aaron Jones,RB,41,132,82.24330678250408,290.47942002443597,2.0059343117683923,2.200601666851787
2025,00-0033307,Kendrick Bourne,WR,53,NA,93.95551761420211,NA,1.772745615362304,NA
2025,00-0033357,Taysom Hill,QB,NA,52,NA,140.58696412632708,NA,2.703595463967828
2025,00-0033526,Samaje Perine,RB,NA,84,NA,218.79869589951704,NA,2.6047463797561554
2025,00-0033555,Mack Hollins,WR,65,NA,118.0429027507198,NA,1.8160446577033817,NA
2025,00-0033857,JuJu Smith-Schuster,WR,45,NA,118.2091386304528,NA,2.6268697473433957,NA
2025,00-0033858,Jonnu Smith,TE,55,NA,115.86555789383408,NA,2.1066465071606197,NA
2025,00-0033873,Patrick Mahomes,QB,NA,64,NA,152.33293981815223,NA,2.3802021846586285
2025,00-0033881,Evan Engram,TE,77,NA,135.41302084493498,NA,1.7586106603238307,NA
2025,00-0033885,David Njoku,TE,48,NA,90.64203746622661,NA,1.8883757805463877,NA
2025,00-0033906,Alvin Kamara,RB,NA,131,NA,303.5376931827923,NA,2.31708162734956
2025,00-0033908,Cooper Kupp,WR,71,NA,138.08192154850974,NA,1.9448157964578836,NA
2025,00-0033921,Chris Godwin Jr.,WR,52,NA,99.89893498331355,NA,1.9211333650637221,NA
2025,00-0033923,Kareem Hunt,RB,NA,163,NA,411.08817365273717,NA,2.5220133352928658
2025,00-0033955,Jeremy McNichols,RB,NA,45,NA,91.95459399440722,NA,2.043435422097938
2025,00-0034348,Courtland Sutton,WR,125,NA,245.53504901043186,NA,1.9642803920834548,NA
2025,00-0034351,Dallas Goedert,TE,82,NA,195.66761308524292,NA,2.3861904034785724,NA
2025,00-0034383,Dalton Schultz,TE,107,NA,214.18604107048293,NA,2.0017387015932986,NA
2025,00-0034753,Mark Andrews,TE,70,NA,146.02219286109903,NA,2.086031326587129,NA
2025,00-0034775,Christian Kirk,WR,53,NA,105.02482374563976,NA,1.981600448030939,NA
2025,00-0034791,Nick Chubb,RB,NA,122,NA,305.81205900746863,NA,2.5066562213726935
2025,00-0034796,Lamar Jackson,QB,NA,67,NA,137.46938835643232,NA,2.0517819157676467
2025,00-0034827,DJ Moore,WR,85,NA,195.99863952648593,NA,2.305866347370423,NA
2025,00-0034829,Mike Gesicki,TE,43,NA,84.82871663563117,NA,1.9727608519914226,NA
2025,00-0034844,Saquon Barkley,RB,51,281,91.5191891259891,628.2833586860942,1.794493904431159,2.235883838740549
2025,00-0034855,Baker Mayfield,QB,NA,55,NA,99.7692962725414,NA,1.813987204955298
2025,00-0034857,Josh Allen,QB,NA,112,NA,272.1882072784647,NA,2.4302518507005773
2025,00-0034960,Jakobi Meyers,WR,110,NA,232.81333577257465,NA,2.1164848706597694,NA
2025,00-0035208,Olamide Zaccheaus,WR,66,NA,134.06487045717938,NA,2.031285916017869,NA
2025,00-0035229,T.J. Hockenson,TE,66,NA,135.16287954483414,NA,2.047922417345972,NA
2025,00-0035250,Devin Singletary,RB,NA,119,NA,321.42079803466913,NA,2.7010151095350343
2025,00-0035261,Tony Pollard,RB,41,242,64.00187200470828,526.1026288931025,1.561021268407519,2.173977805343399
2025,00-0035535,Darius Slayton,WR,65,NA,127.53895658135275,NA,1.9621377935592732,NA
2025,00-0035537,Ty Johnson,RB,NA,50,NA,179.88909042294836,NA,3.5977818084589672
2025,00-0035640,DK Metcalf,WR,99,NA,212.59988650813466,NA,2.1474736010922695,NA
2025,00-0035644,Noah Fant,TE,41,NA,88.44220097234938,NA,2.157126852984131,NA
2025,00-0035659,Terry McLaurin,WR,60,NA,104.77977751701837,NA,1.7463296252836398,NA
2025,00-0035662,Marquise Brown,WR,74,NA,174.67473299868288,NA,2.3604693648470656,NA
2025,00-0035676,A.J. Brown,WR,121,NA,215.38722827279707,NA,1.7800597377917113,NA
2025,00-0035685,David Montgomery,RB,NA,158,NA,463.52308066608384,NA,2.933690383962556
2025,00-0035689,Dawson Knox,TE,50,NA,130.15237583131227,NA,2.6030475166262455,NA
2025,00-0035700,Josh Jacobs,RB,44,234,80.14092754718149,676.7838590079336,1.821384716981398,2.892238713709118
2025,00-0035710,Daniel Jones,QB,NA,45,NA,122.8398161084333,NA,2.7297736912985173
2025,00-0035719,Deebo Samuel Sr.,WR,100,NA,222.81313653236418,NA,2.228131365323642,NA
2025,00-0036040,Juwan Johnson,TE,102,NA,200.3310629320331,NA,1.9640300287454222,NA
2025,00-0036139,Rico Dowdle,RB,50,237,103.6126088949386,563.7199300085921,2.072252177898772,2.378565105521486
2025,00-0036158,J.K. Dobbins,RB,NA,153,NA,361.1253949564707,NA,2.3602966990619
2025,00-0036223,Jonathan Taylor,RB,56,324,115.06331165069412,893.0014873982435,2.054701993762395,2.756177430241492
2025,00-0036244,Colby Parkinson,TE,56,NA,187.76778812566772,NA,3.3529962165297804,NA
2025,00-0036252,Michael Pittman,WR,114,NA,235.10930810285174,NA,2.062362351779401,NA
2025,00-0036259,Jauan Jennings,WR,93,NA,211.91006224257546,NA,2.2786028198126393,NA
2025,00-0036264,Jordan Love,QB,NA,47,NA,94.29213264759164,NA,2.0062155882466306
2025,00-0036275,D'Andre Swift,RB,48,223,87.10069615705288,597.8468839024426,1.8145978366052682,2.6809277305042274
2025,00-0036290,Cole Kmet,TE,49,NA,110.14827540914109,NA,2.247923987941655,NA
2025,00-0036309,Darnell Mooney,WR,72,NA,134.25226225529332,NA,1.8646147535457402,NA
2025,00-0036322,Justin Jefferson,WR,142,NA,301.9097382910112,NA,2.1261249175423322,NA
2025,00-0036355,Justin Herbert,QB,NA,84,NA,192.34654981635674,NA,2.2898398787661516
2025,00-0036358,CeeDee Lamb,WR,117,NA,263.7632256578363,NA,2.2543865440840714,NA
2025,00-0036389,Jalen Hurts,QB,NA,105,NA,268.1119223422429,NA,2.5534468794499325
2025,00-0036407,Jerry Jeudy,WR,106,NA,170.98282573604956,NA,1.6130455258117884,NA
2025,00-0036410,Tee Higgins,WR,99,NA,231.20915660359594,NA,2.335446026298949,NA
2025,00-0036415,Van Jefferson,WR,52,NA,77.38238044758327,NA,1.4881227009150626,NA
2025,00-0036554,Nico Collins,WR,121,NA,234.02423042112775,NA,1.9340845489349399,NA
2025,00-0036555,Chuba Hubbard,RB,NA,135,NA,318.7808322159834,NA,2.3613394978961737
2025,00-0036613,Jaylen Waddle,WR,100,NA,198.89022202635533,NA,1.9889022202635533,NA
2025,00-0036755,Jaret Patterson,RB,NA,41,NA,114.54848523871624,NA,2.7938654936272256
2025,00-0036875,Rhamondre Stevenson,RB,NA,131,NA,364.0236392883088,NA,2.778806406780983
2025,00-0036894,Pat Freiermuth,TE,54,NA,100.18834937043721,NA,1.8553398031562447,NA
2025,00-0036900,Ja'Marr Chase,WR,185,NA,379.9760882096307,NA,2.053924801133139,NA
2025,00-0036912,DeVonta Smith,WR,114,NA,190.12092862334964,NA,1.6677274440644703,NA
2025,00-0036919,Kenneth Gainwell,RB,85,114,173.65754474603455,302.5133784872014,2.0430299381886416,2.653626127080714
2025,00-0036924,Michael Carter,RB,45,92,92.59241373822442,229.8371303025633,2.0576091941827648,2.498229677201775
2025,00-0036945,Justin Fields,QB,NA,73,NA,165.0662647920833,NA,2.2611817094805935
2025,00-0036963,Amon-Ra St. Brown,WR,172,NA,369.6749803874991,NA,2.149273141787785,NA
2025,00-0036970,Kyle Pitts,TE,119,NA,227.91598134081858,NA,1.9152603474018366,NA
2025,00-0036971,Trevor Lawrence,QB,NA,82,NA,202.4952846719243,NA,2.4694546911210282
2025,00-0036973,Travis Etienne,RB,52,260,118.50750935287215,711.783384070266,2.2789905644783106,2.7376284002702542
2025,00-0036997,Javonte Williams,RB,51,252,123.27485099743353,701.7216767724603,2.4171539411261476,2.784609828462144
2025,00-0037112,Jake Tonges,TE,46,NA,117.95017403370002,NA,2.5641342181239137,NA
2025,00-0037157,Bam Knight,RB,NA,83,NA,243.86144446169772,NA,2.9380896923096116
2025,00-0037197,Isiah Pacheco,RB,NA,118,NA,316.6473160753376,NA,2.683451831146929
2025,00-0037228,Jaylen Warren,RB,45,211,98.8245427091606,542.5814570969669,2.196100949092458,2.5714760999856257
2025,00-0037238,Drake London,WR,113,NA,239.55644156820188,NA,2.119968509453114,NA
2025,00-0037239,Chris Olave,WR,156,NA,339.1397859741992,NA,2.1739729870140976,NA
2025,00-0037240,Jameson Williams,WR,102,NA,223.45921322493814,NA,2.1907766002444915,NA
2025,00-0037247,George Pickens,WR,137,NA,304.5292283804156,NA,2.2228410830687273,NA
2025,00-0037248,James Cook,RB,40,309,81.14707055842155,820.9070959498349,2.0286767639605388,2.656657268446067
2025,00-0037256,Rachaad White,RB,45,133,97.12616815324873,338.1006774508131,2.158359292294416,2.5421103567730308
2025,00-0037261,Khalil Shakir,WR,97,NA,185.72785006312165,NA,1.914720103743522,NA
2025,00-0037263,Tyler Allgeier,RB,NA,143,NA,411.16318295097153,NA,2.8752670136431577
2025,00-0037291,Jalen Nailor,WR,54,NA,122.26070104904636,NA,2.2640870564638216,NA
2025,00-0037525,Jordan Mason,RB,NA,159,NA,394.1427074872481,NA,2.478884952749988
2025,00-0037545,Rashid Shaheed,WR,92,NA,171.6978886210709,NA,1.8662813980551183,NA
2025,00-0037563,Malik Davis,RB,NA,52,NA,136.1994330562884,NA,2.619219866467085
2025,00-0037614,John Metchie III,WR,48,NA,81.41187868866837,NA,1.6960808060139243,NA
2025,00-0037664,Alec Pierce,WR,84,NA,158.80742156330962,NA,1.8905645424203525,NA
2025,00-0037740,Garrett Wilson,WR,60,NA,99.18265849522129,NA,1.6530443082536883,NA
2025,00-0037744,Trey McBride,TE,170,NA,410.76331504624966,NA,2.4162547943897033,NA
2025,00-0037746,Brian Robinson,RB,NA,92,NA,282.7523038589279,NA,3.07339460716226
2025,00-0037809,Chig Okonkwo,TE,79,NA,144.6948898616829,NA,1.8315808843251005,NA
2025,00-0037816,Romeo Doubs,WR,86,NA,197.8978048176358,NA,2.3011372653213464,NA
2025,00-0037837,Calvin Austin III,WR,55,NA,102.86922001058701,NA,1.8703494547379456,NA
2025,00-0037840,Kyren Williams,RB,50,259,116.20435313443886,695.753744315618,2.3240870626887773,2.686307893110494
2025,00-0038041,Jake Ferguson,TE,103,NA,231.39442452376522,NA,2.2465478109103416,NA
2025,00-0038117,Wan'Dale Robinson,WR,141,NA,213.59464023182215,NA,1.5148556044810084,NA
2025,00-0038120,Breece Hall,RB,48,243,112.67940985085443,541.9241723828891,2.347487705226134,2.2301406270900785
2025,00-0038124,Christian Watson,WR,55,NA,91.9685935753514,NA,1.6721562468245712,NA
2025,00-0038129,Cade Otton,TE,82,NA,145.9609073219034,NA,1.7800110649012608,NA
2025,00-0038134,Kenneth Walker III,RB,NA,221,NA,578.8213863025885,NA,2.6191012954868267
2025,00-0038393,Dontayvion Wicks,WR,46,NA,77.74005509074777,NA,1.6900011976249516,NA
2025,00-0038454,Keaton Mitchell,RB,NA,59,NA,165.27532056087512,NA,2.8012766196758494
2025,00-0038542,Bijan Robinson,RB,103,288,222.5273391783703,697.9000055480718,2.160459603673498,2.4232639081530274
2025,00-0038543,Jaxon Smith-Njigba,WR,163,NA,296.41583057373646,NA,1.8185020280597328,NA
2025,00-0038544,Quentin Johnston,WR,84,NA,180.16459601352108,NA,2.1448166192085845,NA
2025,00-0038551,Kendre Miller,RB,NA,47,NA,120.76626277441392,NA,2.5694949526471045
2025,00-0038555,Tank Bigsby,RB,NA,63,NA,187.00821612976142,NA,2.9683843830120855
2025,00-0038558,Darnell Washington,TE,44,NA,99.50833532058448,NA,2.261553075467829,NA
2025,00-0038559,Michael Wilson,WR,127,NA,248.86280486722524,NA,1.9595496446238208,NA
2025,00-0038563,Tre Tucker,WR,92,NA,199.5634783540154,NA,2.169168242978428,NA
2025,00-0038597,Chase Brown,RB,89,233,198.22963771382626,580.6371796935708,2.227299300155351,2.492005063062536
2025,00-0038606,Parker Washington,WR,97,NA,187.45124433544675,NA,1.9324870550046056,NA
2025,00-0038608,Kayshon Boutte,WR,46,NA,81.02200447389623,NA,1.7613479233455702,NA
2025,00-0038611,Chris Rodriguez Jr.,RB,NA,112,NA,336.9581964807003,NA,3.0085553257205384
2025,00-0038618,Xavier Hutchinson,WR,57,NA,129.56102818596992,NA,2.2730004944907005,NA
2025,00-0038619,Andrei Iosivas,WR,58,NA,116.35533144802321,NA,2.0061264042762623,NA
2025,00-0038621,DeMario Douglas,WR,46,NA,93.94660016184207,NA,2.042317394822654,NA
2025,00-0038705,Emari Demercado,RB,NA,44,NA,104.20727277550031,NA,2.368347108534098
2025,00-0038797,Emanuel Wilson,RB,NA,125,NA,325.48207549756626,NA,2.60385660398053
2025,00-0038933,Dalton Kincaid,TE,50,NA,106.86396569157648,NA,2.1372793138315296,NA
2025,00-0038935,Brenton Strange,TE,60,NA,129.35104967351072,NA,2.1558508278918453,NA
2025,00-0038951,Sean Tucker,RB,NA,86,NA,242.98412297322648,NA,2.8253967787584475
2025,00-0038976,Marvin Mims Jr.,WR,51,NA,86.77307637949707,NA,1.7014328701862171,NA
2025,00-0038994,Jordan Addison,WR,79,NA,180.65791245596483,NA,2.286809018429935,NA
2025,00-0038996,Tucker Kraft,TE,44,NA,110.68536572525045,NA,2.515576493755692,NA
2025,00-0038997,Josh Downs,WR,88,NA,180.67637365395785,NA,2.0531406097040668,NA
2025,00-0039032,Tyjae Spears,RB,50,72,83.95773503370583,182.17870709692943,1.6791547006741165,2.530259820790687
2025,00-0039040,De'Von Achane,RB,85,238,157.84525170052075,545.6810974204564,1.857002961182597,2.2927777202540183
2025,00-0039064,Zay Flowers,WR,119,NA,216.30932955969172,NA,1.8177254584848044,NA
2025,00-0039065,Sam LaPorta,TE,49,NA,103.28622709150659,NA,2.1078821855409506,NA
2025,00-0039066,Michael Mayer,TE,50,NA,95.61326285032555,NA,1.9122652570065113,NA
2025,00-0039067,Rashee Rice,WR,79,NA,178.15700903149252,NA,2.255152013056867,NA
2025,00-0039075,Puka Nacua,WR,166,NA,349.2300951361249,NA,2.1037957538320775,NA
2025,00-0039139,Jahmyr Gibbs,RB,94,243,195.85192163902684,665.6891613412299,2.083531081266243,2.7394615693054734
2025,00-0039150,Bryce Young,QB,NA,54,NA,105.09137513284804,NA,1.9461365765342231
2025,00-0039163,C.J. Stroud,QB,NA,48,NA,94.56789407535689,NA,1.9701644599032686
2025,00-0039165,Zach Charbonnet,RB,NA,185,NA,533.0709029355638,NA,2.881464340192237
2025,00-0039338,Brock Bowers,TE,87,NA,182.00830752532045,NA,2.0920495117852926,NA
2025,00-0039342,Xavier Legette,WR,64,NA,143.5992683673976,NA,2.2437385682405875,NA
2025,00-0039361,Bucky Irving,RB,NA,173,NA,403.99876235966804,NA,2.335252961616578
2025,00-0039373,Audric Estimé,RB,NA,46,NA,111.13316530786688,NA,2.4159383762579756
2025,00-0039384,Tyrone Tracy Jr.,RB,48,176,102.90566460066475,424.124002988945,2.143868012513849,2.4097954715280974
2025,00-0039391,Kimani Vidal,RB,NA,155,NA,423.1934515054454,NA,2.7302803322931948
2025,00-0039405,Jawhar Jordan,RB,NA,43,NA,106.5139907769044,NA,2.477069552951265
2025,00-0039410,Ryan Flournoy,WR,56,NA,108.61909052799456,NA,1.9396266165713314,NA
2025,00-0039424,Devaughn Vele,WR,40,NA,73.15020233612438,NA,1.8287550584031098,NA
2025,00-0039491,Jalen Coker,WR,45,NA,78.39508800019371,NA,1.7421130666709712,NA
2025,00-0039732,Bo Nix,QB,NA,83,NA,158.04188703070395,NA,1.9041191208518549
2025,00-0039738,Blake Corum,RB,NA,145,NA,438.70247513326467,NA,3.025534311263894
2025,00-0039793,AJ Barner,TE,68,NA,151.97314126446145,NA,2.2348991362420803,NA
2025,00-0039798,Isaiah Davis,RB,NA,43,NA,115.9329832464282,NA,2.6961158894518187
2025,00-0039847,Theo Johnson,TE,74,NA,144.23970971620292,NA,1.9491852664351748,NA
2025,00-0039849,Marvin Harrison Jr.,WR,74,NA,154.73766717316164,NA,2.091049556394076,NA
2025,00-0039851,Drake Maye,QB,NA,104,NA,241.8521600508392,NA,2.325501538950377
2025,00-0039868,Troy Franklin,WR,107,NA,219.68390067790426,NA,2.053120567083217,NA
2025,00-0039874,Jaylen Wright,RB,NA,70,NA,171.65369523281697,NA,2.4521956461830996
2025,00-0039875,Ray Davis,RB,NA,58,NA,148.11977577302605,NA,2.553789237465966
2025,00-0039880,Malik Washington,WR,65,NA,121.01706266502151,NA,1.8618009640772542,NA
2025,00-0039890,Adonai Mitchell,WR,74,NA,126.72730185434921,NA,1.712531106139854,NA
2025,00-0039893,Brian Thomas Jr.,WR,91,NA,168.01208326334017,NA,1.8462866292674742,NA
2025,00-0039894,Xavier Worthy,WR,73,NA,129.36884519908926,NA,1.7721759616313597,NA
2025,00-0039901,Keon Coleman,WR,62,NA,132.1279472319726,NA,2.1310959230963324,NA
2025,00-0039910,Jayden Daniels,QB,NA,59,NA,127.50696294153738,NA,2.161134965110803
2025,00-0039915,Ladd McConkey,WR,106,NA,243.9765341289458,NA,2.3016654163108092,NA
2025,00-0039916,Ricky Pearsall,WR,53,NA,89.51962182635907,NA,1.6890494684218693,NA
2025,00-0039918,Caleb Williams,QB,NA,77,NA,180.02105131515418,NA,2.337935731365639
2025,00-0039919,Rome Odunze,WR,91,NA,191.87404527261958,NA,2.1085059920068088,NA
2025,00-0040078,Brashard Smith,RB,NA,44,NA,121.65280004695524,NA,2.764836364703528
2025,00-0040122,Ashton Jeanty,RB,73,267,153.83151232247474,624.3943108357633,2.1072809907188317,2.3385554712949936
2025,00-0040124,Tetairoa McMillan,WR,122,NA,234.62036198325222,NA,1.9231177211741985,NA
2025,00-0040126,Colston Loveland,TE,83,NA,178.31446163089993,NA,2.148367007601204,NA
2025,00-0040128,Tyler Warren,TE,114,NA,292.58233290948533,NA,2.5665116921884676,NA
2025,00-0040129,Emeka Egbuka,WR,128,NA,252.20926813951507,NA,1.9703849073399613,NA
2025,00-0040130,Jayden Higgins,WR,69,NA,153.46560078118625,NA,2.2241391417563228,NA
2025,00-0040134,Pat Bryant,WR,49,NA,93.71628474752652,NA,1.912577239745439,NA
2025,00-0040162,Dylan Sampson,RB,40,65,88.00313327650656,123.15598885260988,2.200078331912664,1.8947075208093824
2025,00-0040170,Elic Ayomanor,WR,89,NA,146.56970374597586,NA,1.6468506038873691,NA
2025,00-0040189,Oronde Gadsden II,TE,69,NA,162.53494098613737,NA,2.355578854871556,NA
2025,00-0040198,Ollie Gordon II,RB,NA,70,NA,201.3966212689993,NA,2.8770945895571325
2025,00-0040202,Devin Neal,RB,NA,57,NA,149.50086751233903,NA,2.622822237058579
2025,00-0040236,Kyle Monangai,RB,NA,171,NA,448.4425562160902,NA,2.6224710889829836
2025,00-0040237,Tez Johnson,WR,44,NA,107.98801803865354,NA,2.454273137242126,NA
2025,00-0040242,Jacory Croskey-Merritt,RB,NA,176,NA,465.9588017071509,NA,2.6474931915179027
2025,00-0040583,Woody Marks,RB,NA,196,NA,530.3526276336634,NA,2.7058807532329765
2025,00-0040584,Gunnar Helm,TE,55,NA,119.32052910211496,NA,2.1694641654929994,NA
2025,00-0040663,Harold Fannin Jr.,TE,108,NA,179.06264619577257,NA,1.6579874647756716,NA
2025,00-0040666,Omarion Hampton,RB,NA,124,NA,327.13659675300005,NA,2.6381983609112907
2025,00-0040667,Matthew Golden,WR,44,NA,64.8997309456463,NA,1.4749938851283249,NA
2025,00-0040691,Jaxson Dart,QB,NA,86,NA,241.4585778285982,NA,2.807657881727886
2025,00-0040705,Chimere Dike,WR,74,NA,150.50027518896968,NA,2.0337875025536443,NA
2025,00-0040715,Cam Skattebo,RB,NA,102,NA,271.9198544697282,NA,2.6658809261738057
2025,00-0040718,Travis Hunter,WR,45,NA,87.85810724139446,NA,1.9524023831420991,NA
2025,00-0040719,Bhayshul Tuten,RB,NA,84,NA,265.1136606173676,NA,3.1561150073496145
2025,00-0040727,Tre Harris,WR,43,NA,66.61264790163841,NA,1.5491313465497307,NA
2025,00-0040730,RJ Harvey,RB,58,147,115.49247902346542,387.14193443873944,1.9912496383356106,2.6336186016240775
2025,00-0040734,TreVeyon Henderson,RB,42,180,84.45993629423901,474.96542400243925,2.010950864148548,2.638696800013551
2025,00-0040735,Luther Burden III,WR,60,NA,113.68408489599824,NA,1.8947347482666372,NA
2025,00-0040736,Mason Taylor,TE,66,NA,120.65462646666845,NA,1.8281004010101278,NA
2025,00-0040743,Tyler Shough,QB,NA,46,NA,126.35822555799666,NA,2.746917946912971
2025,00-0040782,Isaiah Bond,WR,44,NA,73.23746937705437,NA,1.6644879403875994,NA
2025,00-0040784,Quinshon Judkins,RB,NA,231,NA,493.634052439971,NA,2.136943949956584
