season,player_id,full_name,position,posteam,kind,opportunities,neutral_opps,neutral_share,early_down_share,mean_wp
2020,00-0022921,Larry Fitzgerald,WR,ARI,target,72,39,0.5416666666666666,0.7222222222222222,0.5155708135935129
2020,00-0023500,Frank Gore,RB,NYJ,carry,187,93,0.49732620320855614,0.9358288770053476,0.24986416393233263
2020,00-0025394,Adrian Peterson,RB,DET,carry,156,84,0.5384615384615384,0.9294871794871795,0.4307886670990578
2020,00-0026035,Danny Amendola,WR,DET,target,69,28,0.4057971014492754,0.6231884057971014,0.26059333401755563
2020,00-0027061,Jared Cook,TE,NO,target,60,35,0.5833333333333334,0.6333333333333333,0.5996629739238415
2020,00-0027656,Rob Gronkowski,TE,TB,target,77,31,0.4025974025974026,0.7792207792207793,0.5828256625443993
2020,00-0027685,Emmanuel Sanders,WR,NO,target,82,33,0.4024390243902439,0.7804878048780488,0.6411797704087092
2020,00-0027696,Jimmy Graham,TE,CHI,target,76,33,0.4342105263157895,0.8421052631578947,0.35064932462998855
2020,00-0027793,Antonio Brown,WR,TB,target,62,26,0.41935483870967744,0.7096774193548387,0.6375714408472226
2020,00-0027891,Golden Tate,WR,NYG,target,52,23,0.4423076923076923,0.5192307692307693,0.3453629817142008
2020,00-0027942,A.J. Green,WR,CIN,target,104,60,0.5769230769230769,0.6634615384615384,0.3450807482359743
2020,00-0027944,Julio Jones,WR,ATL,target,68,39,0.5735294117647058,0.75,0.49816422445548914
2020,00-0027966,Mark Ingram,RB,BAL,carry,72,34,0.4722222222222222,0.9444444444444444,0.851193309140702
2020,00-0028002,Randall Cobb,WR,HOU,target,50,19,0.38,0.7,0.31155338638752345
2020,00-0029000,Cole Beasley,WR,BUF,target,108,59,0.5462962962962963,0.7962962962962963,0.650465371330165
2020,00-0029141,Alfred Morris,RB,NYG,carry,55,31,0.5636363636363636,0.9818181818181818,0.4664252621121705
2020,00-0029293,Marvin Jones,WR,DET,target,116,42,0.3620689655172414,0.6637931034482759,0.29710559706616696
2020,00-0029608,T.Y. Hilton,WR,IND,target,94,47,0.5,0.7021276595744681,0.5988716675847611
2020,00-0030035,Adam Thielen,WR,MIN,target,109,57,0.5229357798165137,0.6880733944954128,0.44840625237344495
2020,00-0030061,Zach Ertz,TE,PHI,target,73,39,0.5342465753424658,0.6712328767123288,0.30903595826788866
2020,00-0030279,Keenan Allen,WR,LAC,target,149,84,0.5637583892617449,0.6778523489932886,0.48294059077896506
2020,00-0030288,Rex Burkhead,RB,NE,carry,67,38,0.5671641791044776,0.7910447761194029,0.4930898261387049
2020,00-0030431,Robert Woods,WR,LA,target,129,76,0.5891472868217055,0.7441860465116279,0.5652024639561022
2020,00-0030456,Giovani Bernard,RB,CIN,carry,124,66,0.532258064516129,0.9274193548387096,0.44529955101998275
2020,00-0030456,Giovani Bernard,RB,CIN,target,59,30,0.5084745762711864,0.7288135593220338,0.32703278879202796
2020,00-0030472,Jordan Reed,TE,SF,target,46,30,0.6521739130434783,0.5,0.5189172483654186
2020,00-0030496,Le'Veon Bell,RB,KC,carry,63,42,0.6666666666666666,0.9365079365079365,0.8341112515283009
2020,00-0030506,Travis Kelce,TE,KC,target,146,95,0.6506849315068494,0.7054794520547946,0.7446711204689481
2020,00-0030513,Latavius Murray,RB,NO,carry,146,77,0.5273972602739726,0.9178082191780822,0.7801591402481067
2020,00-0030549,Tyler Eifert,TE,JAX,target,60,22,0.36666666666666664,0.6833333333333333,0.17009130473594877
2020,00-0030564,DeAndre Hopkins,WR,ARI,target,161,78,0.484472049689441,0.7080745341614907,0.48197997796436287
2020,00-0030663,Willie Snead,WR,BAL,target,48,21,0.4375,0.625,0.6819164173988004
2020,00-0030710,Trey Burton,TE,IND,target,47,22,0.46808510638297873,0.6808510638297872,0.486552216863121
2020,00-0031045,Carlos Hyde,RB,SEA,carry,81,45,0.5555555555555556,0.8765432098765432,0.818449980518953
2020,00-0031051,John Brown,WR,BUF,target,52,28,0.5384615384615384,0.7115384615384616,0.7219116627596891
2020,00-0031062,James White,RB,NE,target,62,35,0.5645161290322581,0.6612903225806451,0.41499646534997914
2020,00-0031235,Odell Beckham,WR,CLE,target,43,28,0.6511627906976745,0.6976744186046512,0.48949751678038556
2020,00-0031236,Brandin Cooks,WR,HOU,target,119,64,0.5378151260504201,0.7899159663865546,0.39440306959099763
2020,00-0031260,Logan Thomas,TE,WAS,target,111,45,0.40540540540540543,0.6936936936936937,0.2802639639584016
2020,00-0031285,Devonta Freeman,RB,NYG,carry,54,44,0.8148148148148148,0.9259259259259259,0.4258196072445976
2020,00-0031325,Sammy Watkins,WR,KC,target,55,34,0.6181818181818182,0.8181818181818182,0.7901506960391999
2020,00-0031376,Jerick McKinnon,RB,SF,carry,81,58,0.7160493827160493,0.7901234567901234,0.5274475484380494
2020,00-0031376,Jerick McKinnon,RB,SF,target,47,23,0.48936170212765956,0.574468085106383,0.44997400609051624
2020,00-0031381,Davante Adams,WR,GB,target,149,75,0.5033557046979866,0.697986577181208,0.7469840414572377
2020,00-0031382,Jarvis Landry,WR,CLE,target,101,63,0.6237623762376238,0.7326732673267327,0.5825926525412257
2020,00-0031387,Eric Ebron,TE,PIT,target,92,51,0.5543478260869565,0.6630434782608695,0.6438201043690027
2020,00-0031408,Mike Evans,WR,TB,target,111,46,0.4144144144144144,0.7117117117117117,0.6007739507021356
2020,00-0031428,Allen Robinson,WR,CHI,target,151,66,0.4370860927152318,0.6821192052980133,0.4246086980159973
2020,00-0031544,Amari Cooper,WR,DAL,target,130,54,0.4153846153846154,0.7846153846153846,0.3181875881157165
2020,00-0031547,DeVante Parker,WR,MIA,target,104,56,0.5384615384615384,0.75,0.5051380880950092
2020,00-0031549,Nelson Agholor,WR,LV,target,82,47,0.573170731707317,0.6829268292682927,0.4050321075383846
2020,00-0031588,Stefon Diggs,WR,BUF,target,166,95,0.572289156626506,0.7469879518072289,0.6807981667120055
2020,00-0031610,Darren Waller,TE,LV,target,146,92,0.6301369863013698,0.726027397260274,0.4405558528465673
2020,00-0031687,Raheem Mostert,RB,SF,carry,104,63,0.6057692307692307,0.9326923076923077,0.553580370527925
2020,00-0031806,Malcolm Brown,RB,LA,carry,101,55,0.5445544554455446,0.693069306930693,0.650303134473391
2020,00-0031868,Damiere Byrd,WR,NE,target,77,36,0.4675324675324675,0.7402597402597403,0.3595833414288649
2020,00-0031941,Jamison Crowder,WR,NYJ,target,89,36,0.4044943820224719,0.6741573033707865,0.22475035120842637
2020,00-0032054,Breshad Perriman,WR,NYJ,target,60,29,0.48333333333333334,0.6833333333333333,0.2173294130125214
2020,00-0032063,Mike Davis,RB,CAR,carry,165,92,0.5575757575757576,0.9090909090909091,0.5267426981731798
2020,00-0032063,Mike Davis,RB,CAR,target,70,35,0.5,0.8571428571428571,0.3987219747871028
2020,00-0032128,Chris Conley,WR,JAX,target,63,21,0.3333333333333333,0.7142857142857143,0.12711075724886514
2020,00-0032144,Melvin Gordon,RB,DEN,carry,215,121,0.5627906976744186,0.9348837209302325,0.3317645334842297
2020,00-0032144,Melvin Gordon,RB,DEN,target,44,20,0.45454545454545453,0.7954545454545454,0.2682447716245984
2020,00-0032187,David Johnson,RB,HOU,carry,147,79,0.5374149659863946,0.9183673469387755,0.3516627419423186
2020,00-0032187,David Johnson,RB,HOU,target,46,21,0.45652173913043476,0.6956521739130435,0.2657057442523617
2020,00-0032211,Tyler Lockett,WR,SEA,target,132,78,0.5909090909090909,0.8106060606060606,0.6651956282157423
2020,00-0032241,Todd Gurley,RB,ATL,carry,195,96,0.49230769230769234,0.882051282051282,0.5695694610285452
2020,00-0032257,Duke Johnson,RB,HOU,carry,77,49,0.6363636363636364,0.8961038961038961,0.5131880836954413
2020,00-0032385,Sterling Shepard,WR,NYG,target,92,45,0.4891304347826087,0.6956521739130435,0.36612965136680387
2020,00-0032392,Austin Hooper,TE,CLE,target,70,42,0.6,0.7428571428571429,0.6098110560194723
2020,00-0032602,J.D. McKissic,RB,WAS,carry,85,34,0.4,0.8470588235294118,0.3394891016185284
2020,00-0032602,J.D. McKissic,RB,WAS,target,110,30,0.2727272727272727,0.7,0.24911370328865642
2020,00-0032688,Robby Anderson,WR,CAR,target,137,75,0.5474452554744526,0.7591240875912408,0.39797373446173506
2020,00-0032741,Peyton Barber,RB,WAS,carry,95,39,0.4105263157894737,0.7684210526315789,0.578585120108704
2020,00-0032764,Derrick Henry,RB,TEN,carry,380,200,0.5263157894736842,0.9368421052631579,0.6043177057184794
2020,00-0032765,Michael Thomas,WR,NO,target,55,35,0.6363636363636364,0.6909090909090909,0.7453606831756505
2020,00-0032775,Demarcus Robinson,WR,KC,target,59,30,0.5084745762711864,0.8305084745762712,0.6430175300111395
2020,00-0032791,Jakeem Grant,WR,MIA,target,54,38,0.7037037037037037,0.6296296296296297,0.5479273898268325
2020,00-0032972,Devontae Booker,RB,LV,carry,93,57,0.6129032258064516,0.9247311827956989,0.5789595209569341
2020,00-0032977,Rashard Higgins,WR,CLE,target,52,27,0.5192307692307693,0.7115384615384616,0.5615844619747594
2020,00-0033009,Tyler Boyd,WR,CIN,target,110,58,0.5272727272727272,0.7,0.32353926463613536
2020,00-0033040,Tyreek Hill,WR,KC,target,135,78,0.5777777777777777,0.7407407407407407,0.7679512178137277
2020,00-0033045,Ezekiel Elliott,RB,DAL,carry,245,130,0.5306122448979592,0.889795918367347,0.400883283492917
2020,00-0033045,Ezekiel Elliott,RB,DAL,target,72,22,0.3055555555555556,0.875,0.2736637859549349
2020,00-0033090,Hunter Henry,TE,LAC,target,93,56,0.6021505376344086,0.6344086021505376,0.46194082542112275
2020,00-0033110,Tyler Higbee,TE,LA,target,61,33,0.5409836065573771,0.819672131147541,0.5464576117547199
2020,00-0033118,Kenyan Drake,RB,ARI,carry,239,118,0.49372384937238495,0.9205020920502092,0.6050984667654044
2020,00-0033127,Will Fuller,WR,HOU,target,75,41,0.5466666666666666,0.7733333333333333,0.4389934393675261
2020,00-0033251,Zach Pascal,WR,IND,target,72,40,0.5555555555555556,0.6944444444444444,0.6284868731504766
2020,00-0033280,Christian McCaffrey,RB,CAR,carry,59,25,0.423728813559322,0.8813559322033898,0.21323475330057795
2020,00-0033282,Curtis Samuel,WR,CAR,target,97,51,0.5257731958762887,0.6288659793814433,0.34790638815110536
2020,00-0033288,George Kittle,TE,SF,target,64,38,0.59375,0.75,0.5109455429170148
2020,00-0033293,Aaron Jones,RB,GB,carry,202,101,0.5,0.9603960396039604,0.7938281424721095
2020,00-0033293,Aaron Jones,RB,GB,target,63,35,0.5555555555555556,0.7777777777777778,0.740026893550604
2020,00-0033307,Kendrick Bourne,WR,SF,target,75,32,0.4266666666666667,0.6533333333333333,0.41788760857275387
2020,00-0033308,Matt Breida,RB,MIA,carry,59,32,0.5423728813559322,0.9322033898305084,0.6365486700403489
2020,00-0033375,Tim Patrick,WR,DEN,target,80,43,0.5375,0.6125,0.34042576382691714
2020,00-0033387,Jacob Hollister,TE,SEA,target,41,25,0.6097560975609756,0.7317073170731707,0.6609080114199257
2020,00-0033455,Anthony Firkser,TE,TEN,target,53,26,0.49056603773584906,0.49056603773584906,0.49956204909348056
2020,00-0033471,Isaiah Ford,WR,MIA,target,44,17,0.38636363636363635,0.6818181818181818,0.25270939683485427
2020,00-0033526,Samaje Perine,RB,CIN,carry,63,23,0.36507936507936506,0.9206349206349206,0.3398507235169891
2020,00-0033536,Mike Williams,WR,LAC,target,85,39,0.4588235294117647,0.6,0.5171586973774966
2020,00-0033553,James Conner,RB,PIT,carry,169,85,0.5029585798816568,0.9112426035502958,0.7117303851110168
2020,00-0033553,James Conner,RB,PIT,target,43,28,0.6511627906976745,0.813953488372093,0.5764933727508369
2020,00-0033567,Brian Hill,RB,ATL,carry,100,48,0.48,0.92,0.5505617092782633
2020,00-0033589,David Moore,WR,SEA,target,47,27,0.574468085106383,0.6382978723404256,0.6607760046608746
2020,00-0033594,Chris Carson,RB,SEA,carry,141,90,0.6382978723404256,0.9290780141843972,0.7530920248188026
2020,00-0033594,Chris Carson,RB,SEA,target,47,26,0.5531914893617021,0.9574468085106383,0.6757693022835128
2020,00-0033681,Keelan Cole,WR,JAX,target,89,41,0.4606741573033708,0.6853932584269663,0.13760163390478602
2020,00-0033699,Austin Ekeler,RB,LAC,carry,116,73,0.6293103448275862,0.9827586206896551,0.4809680042730932
2020,00-0033699,Austin Ekeler,RB,LAC,target,65,35,0.5384615384615384,0.7692307692307693,0.32557708802129276
2020,00-0033733,Greg Ward,WR,PHI,target,80,38,0.475,0.65,0.3910955264709074
2020,00-0033757,Robert Tonyan,TE,GB,target,59,30,0.5084745762711864,0.6610169491525424,0.6854628262630964
2020,00-0033856,Leonard Fournette,RB,TB,carry,97,35,0.36082474226804123,0.9381443298969072,0.719195058271673
2020,00-0033856,Leonard Fournette,RB,TB,target,47,16,0.3404255319148936,0.851063829787234,0.5336141326402636
2020,00-0033857,JuJu Smith-Schuster,WR,PIT,target,129,52,0.40310077519379844,0.6434108527131783,0.638494609109711
2020,00-0033858,Jonnu Smith,TE,TEN,target,66,35,0.5303030303030303,0.7727272727272727,0.5385649540025854
2020,00-0033871,Corey Davis,WR,TEN,target,92,38,0.41304347826086957,0.75,0.4762186429756895
2020,00-0033881,Evan Engram,TE,NYG,target,109,56,0.5137614678899083,0.6697247706422018,0.32958927416878
2020,00-0033893,Dalvin Cook,RB,MIN,carry,315,177,0.5619047619047619,0.8888888888888888,0.5411819848176128
2020,00-0033893,Dalvin Cook,RB,MIN,target,54,27,0.5,0.7777777777777778,0.4696086790694001
2020,00-0033895,Gerald Everett,TE,LA,target,62,36,0.5806451612903226,0.6451612903225806,0.5324740139917741
2020,00-0033897,Joe Mixon,RB,CIN,carry,119,73,0.6134453781512605,0.8991596638655462,0.39407047758436614
2020,00-0033906,Alvin Kamara,RB,NO,carry,187,112,0.5989304812834224,0.9411764705882353,0.6985824894531069
2020,00-0033906,Alvin Kamara,RB,NO,target,107,64,0.5981308411214953,0.7663551401869159,0.5604636269680303
2020,00-0033908,Cooper Kupp,WR,LA,target,124,70,0.5645161290322581,0.6693548387096774,0.5381074104262817
2020,00-0033921,Chris Godwin,WR,TB,target,84,36,0.42857142857142855,0.6666666666666666,0.5559765878134342
2020,00-0033923,Kareem Hunt,RB,CLE,carry,198,81,0.4090909090909091,0.8636363636363636,0.6654557176532698
2020,00-0033923,Kareem Hunt,RB,CLE,target,51,25,0.49019607843137253,0.6470588235294118,0.49106696931241955
2020,00-0033943,Josh Reynolds,WR,LA,target,81,48,0.5925925925925926,0.7037037037037037,0.5450397042304644
2020,00-0033948,Jamaal Williams,RB,GB,carry,121,64,0.5289256198347108,0.859504132231405,0.7806379468499001
2020,00-0033950,Wayne Gallman,RB,NYG,carry,147,81,0.5510204081632653,0.9455782312925171,0.5114252872220207
2020,00-0033955,Jeremy McNichols,RB,TEN,carry,47,10,0.2127659574468085,0.7872340425531915,0.7196244338249906
2020,00-0034011,Dan Arnold,TE,ARI,target,45,27,0.6,0.7333333333333333,0.5004429629771039
2020,00-0034104,Cam Sims,WR,WAS,target,48,15,0.3125,0.6875,0.28833279124228284
2020,00-0034109,Phillip Lindsay,RB,DEN,carry,118,68,0.576271186440678,0.9576271186440678,0.3878192886617691
2020,00-0034115,Jeffery Wilson,RB,SF,carry,126,77,0.6111111111111112,0.9365079365079365,0.5813541550544739
2020,00-0034184,Gus Edwards,RB,BAL,carry,144,61,0.4236111111111111,0.8333333333333334,0.782534228844775
2020,00-0034272,Marquez Valdes-Scantling,WR,GB,target,63,34,0.5396825396825397,0.6507936507936508,0.7283062263750397
2020,00-0034349,Kerryon Johnson,RB,DET,carry,52,31,0.5961538461538461,0.9423076923076923,0.4195513565881321
2020,00-0034351,Dallas Goedert,TE,PHI,target,65,31,0.47692307692307695,0.8,0.31648283091445384
2020,00-0034353,Anthony Miller,WR,CHI,target,76,31,0.40789473684210525,0.5263157894736842,0.3292097148611279
2020,00-0034364,Jordan Akins,TE,HOU,target,49,27,0.5510204081632653,0.6938775510204082,0.33094763861314574
2020,00-0034366,Keke Coutee,WR,HOU,target,41,23,0.5609756097560976,0.8048780487804879,0.33530311252052825
2020,00-0034367,Nyheim Hines,RB,IND,carry,89,56,0.6292134831460674,0.8876404494382022,0.6523340351878288
2020,00-0034367,Nyheim Hines,RB,IND,target,76,39,0.5131578947368421,0.8157894736842105,0.5984530996992314
2020,00-0034370,DaeSean Hamilton,WR,DEN,target,44,13,0.29545454545454547,0.5681818181818182,0.24221136457502077
2020,00-0034378,Ito Smith,RB,ATL,carry,63,30,0.47619047619047616,0.9365079365079365,0.5075506870117451
2020,00-0034383,Dalton Schultz,TE,DAL,target,89,35,0.39325842696629215,0.7752808988764045,0.3249849150461875
2020,00-0034400,Jordan Wilkins,RB,IND,carry,86,37,0.43023255813953487,0.8488372093023255,0.7421484662189778
2020,00-0034411,Russell Gage,WR,ATL,target,109,56,0.5137614678899083,0.6055045871559633,0.4311717634745863
2020,00-0034414,Boston Scott,RB,PHI,carry,80,53,0.6625,0.925,0.5313270051847212
2020,00-0034419,Braxton Berrios,WR,NYJ,target,55,29,0.5272727272727272,0.6,0.15636535501737608
2020,00-0034440,Justin Jackson,RB,LAC,carry,59,23,0.3898305084745763,0.9661016949152542,0.7231847849295681
2020,00-0034521,Allen Lazard,WR,GB,target,46,20,0.43478260869565216,0.7391304347826086,0.7416479616709377
2020,00-0034676,James Washington,WR,PIT,target,56,33,0.5892857142857143,0.6785714285714286,0.6630543799339129
2020,00-0034681,Chase Edmonds,RB,ARI,carry,97,56,0.5773195876288659,0.8762886597938144,0.6023645858405178
2020,00-0034681,Chase Edmonds,RB,ARI,target,67,36,0.5373134328358209,0.7313432835820896,0.5049965303050661
2020,00-0034753,Mark Andrews,TE,BAL,target,88,35,0.3977272727272727,0.7272727272727273,0.7473662352528084
2020,00-0034764,Michael Gallup,WR,DAL,target,105,52,0.49523809523809526,0.7333333333333333,0.30512625371851576
2020,00-0034765,Tre'Quan Smith,WR,NO,target,50,31,0.62,0.56,0.5901760233659297
2020,00-0034766,Christopher Herndon,TE,NYJ,target,46,12,0.2608695652173913,0.8478260869565217,0.20277305178589414
2020,00-0034775,Christian Kirk,WR,ARI,target,79,41,0.5189873417721519,0.7468354430379747,0.5018097258624591
2020,00-0034777,D.J. Chark,WR,JAX,target,94,39,0.4148936170212766,0.7021276595744681,0.1425191816352195
2020,00-0034791,Nick Chubb,RB,CLE,carry,190,124,0.6526315789473685,0.9473684210526315,0.6865666758832768
2020,00-0034799,Kalen Ballage,RB,LAC,carry,88,43,0.48863636363636365,0.8522727272727273,0.5270681089060371
2020,00-0034816,Ronald Jones,RB,TB,carry,192,96,0.5,0.9635416666666666,0.6952107881916163
2020,00-0034816,Ronald Jones,RB,TB,target,42,25,0.5952380952380952,0.9523809523809523,0.5814773469963777
2020,00-0034827,D.J. Moore,WR,CAR,target,118,57,0.4830508474576271,0.7288135593220338,0.38245342986761377
2020,00-0034829,Mike Gesicki,TE,MIA,target,85,33,0.38823529411764707,0.7294117647058823,0.4631033394996742
2020,00-0034830,Hayden Hurst,TE,ATL,target,89,45,0.5056179775280899,0.7528089887640449,0.47284388808046957
2020,00-0034837,Calvin Ridley,WR,ATL,target,145,59,0.4068965517241379,0.7448275862068966,0.4522789701174857
2020,00-0034845,Sony Michel,RB,NE,carry,79,45,0.569620253164557,0.9113924050632911,0.5920446011283115
2020,00-0034960,Jakobi Meyers,WR,NE,target,82,42,0.5121951219512195,0.7317073170731707,0.43037753358141123
2020,00-0034970,Irv Smith,TE,MIN,target,44,15,0.3409090909090909,0.75,0.29899024261744156
2020,00-0034972,Alexander Mattison,RB,MIN,carry,96,42,0.4375,0.8958333333333334,0.5971246446558023
2020,00-0034983,Hunter Renfrow,WR,LV,target,77,41,0.5324675324675324,0.6883116883116883,0.3520254850109386
2020,00-0035140,Mecole Hardman,WR,KC,target,63,32,0.5079365079365079,0.7936507936507936,0.7589679658381002
2020,00-0035216,Diontae Johnson,WR,PIT,target,144,74,0.5138888888888888,0.7083333333333334,0.6778502286114318
2020,00-0035217,Benny Snell,RB,PIT,carry,111,49,0.44144144144144143,0.8108108108108109,0.7355133128595783
2020,00-0035229,T.J. Hockenson,TE,DET,target,102,42,0.4117647058823529,0.7156862745098039,0.2886085168609498
2020,00-0035243,Miles Sanders,RB,PHI,carry,168,92,0.5476190476190477,0.8630952380952381,0.3463214375649668
2020,00-0035243,Miles Sanders,RB,PHI,target,52,19,0.36538461538461536,0.8269230769230769,0.28535055664794456
2020,00-0035250,Devin Singletary,RB,BUF,carry,156,90,0.5769230769230769,0.9102564102564102,0.7170265929486889
2020,00-0035250,Devin Singletary,RB,BUF,target,50,36,0.72,0.88,0.7148329645767808
2020,00-0035261,Tony Pollard,RB,DAL,carry,101,44,0.43564356435643564,0.8415841584158416,0.43698263670444465
2020,00-0035261,Tony Pollard,RB,DAL,target,40,19,0.475,0.825,0.36791056380625375
2020,00-0035298,Scott Miller,WR,TB,target,53,22,0.41509433962264153,0.71698113207547165,0.6329111315239713
2020,00-0035311,Myles Gaskin,RB,MIA,carry,142,65,0.45774647887323944,0.8661971830985915,0.6647532611927935
2020,00-0035311,Myles Gaskin,RB,MIA,target,47,25,0.5319148936170213,0.8085106382978723,0.4815309419484928
2020,00-0035414,Jalen Guyton,WR,LAC,target,55,28,0.509090909090909,0.5818181818181818,0.4223752096083202
2020,00-0035535,Darius Slayton,WR,NYG,target,96,50,0.5208333333333334,0.75,0.29465393273843193
2020,00-0035537,Ty Johnson,RB,NYJ,carry,54,19,0.35185185185185186,0.8888888888888888,0.27000634841403076
2020,00-0035592,Travis Fulgham,WR,PHI,target,67,29,0.43283582089552236,0.6417910447761194,0.2995968720082492
2020,00-0035624,N'Keal Harry,WR,NE,target,57,22,0.38596491228070173,0.7368421052631579,0.3868143000714521
2020,00-0035631,Drew Sample,TE,CIN,target,53,24,0.4528301886792453,0.7735849056603774,0.22488366761508416
2020,00-0035640,DK Metcalf,WR,SEA,target,129,72,0.5581395348837209,0.6821705426356589,0.6604114787593527
2020,00-0035644,Noah Fant,TE,DEN,target,94,52,0.5531914893617021,0.7446808510638298,0.2345420317307771
2020,00-0035657,Damien Harris,RB,NE,carry,137,79,0.5766423357664233,1,0.4306927524104556
2020,00-0035659,Terry McLaurin,WR,WAS,target,135,52,0.3851851851851852,0.7481481481481481,0.336327547170303
2020,00-0035662,Marquise Brown,WR,BAL,target,100,53,0.53,0.75,0.7469016416557134
2020,00-0035664,Darrell Henderson,RB,LA,carry,138,78,0.5652173913043478,0.9637681159420289,0.6427664763388642
2020,00-0035676,A.J. Brown,WR,TEN,target,106,47,0.44339622641509435,0.6981132075471698,0.5434106548678104
2020,00-0035685,David Montgomery,RB,CHI,carry,248,132,0.532258064516129,0.8911290322580645,0.506200274218021
2020,00-0035685,David Montgomery,RB,CHI,target,68,19,0.27941176470588236,0.7647058823529411,0.3341162062910478
2020,00-0035689,Dawson Knox,TE,BUF,target,44,30,0.6818181818181818,0.8863636363636364,0.7222901792688803
2020,00-0035700,Josh Jacobs,RB,LV,carry,273,167,0.6117216117216118,0.9120879120879121,0.5246473077101699
2020,00-0035700,Josh Jacobs,RB,LV,target,45,27,0.6,0.9777777777777777,0.4251298960738278
2020,00-0035719,Deebo Samuel,WR,SF,target,44,14,0.3181818181818182,0.8636363636363636,0.41453312587327673
2020,00-0035831,James Robinson,RB,JAX,carry,241,141,0.5850622406639004,0.91701244813278,0.2088172486218719
2020,00-0035831,James Robinson,RB,JAX,target,62,31,0.5,0.8064516129032258,0.1711598128183114
2020,00-0035957,Rodney Smith,RB,CAR,carry,41,23,0.5609756097560976,0.8292682926829268,0.40440189292588374
2020,00-0036020,Salvon Ahmed,RB,MIA,carry,75,51,0.68,0.9066666666666666,0.5981659855602871
2020,00-0036158,J.K. Dobbins,RB,BAL,carry,135,70,0.5185185185185185,0.9185185185185185,0.8100993345394456
2020,00-0036196,Gabriel Davis,WR,BUF,target,62,32,0.5161290322580645,0.7903225806451613,0.6761034157631707
2020,00-0036223,Jonathan Taylor,RB,IND,carry,232,125,0.5387931034482759,0.8663793103448276,0.7349724348946594
2020,00-0036251,Zack Moss,RB,BUF,carry,112,52,0.4642857142857143,0.8839285714285714,0.8082911662225213
2020,00-0036252,Michael Pittman,WR,IND,target,61,31,0.5081967213114754,0.6885245901639344,0.5811271919328795
2020,00-0036255,Denzel Mims,WR,NYJ,target,45,22,0.4888888888888889,0.5333333333333333,0.25132228472497725
2020,00-0036261,Brandon Aiyuk,WR,SF,target,96,44,0.4583333333333333,0.7604166666666666,0.4021885704495011
2020,00-0036265,A.J. Dillon,RB,GB,carry,46,15,0.32608695652173914,0.8695652173913043,0.7816089731861766
2020,00-0036268,Laviska Shenault,WR,JAX,target,79,34,0.43037974683544306,0.6582278481012658,0.13480508940854852
2020,00-0036269,La'Mical Perine,RB,NYJ,carry,64,35,0.546875,0.90625,0.23745399361504838
2020,00-0036275,D'Andre Swift,RB,DET,carry,114,50,0.43859649122807015,0.9649122807017544,0.389958975802042
2020,00-0036275,D'Andre Swift,RB,DET,target,57,16,0.2807017543859649,0.8771929824561403,0.32422207009735676
2020,00-0036290,Cole Kmet,TE,CHI,target,45,19,0.4222222222222222,0.8,0.5239046917740876
2020,00-0036309,Darnell Mooney,WR,CHI,target,99,46,0.46464646464646464,0.7676767676767676,0.3358401964254354
2020,00-0036322,Justin Jefferson,WR,MIN,target,128,59,0.4609375,0.7109375,0.4191071140510078
2020,00-0036326,Chase Claypool,WR,PIT,target,112,50,0.44642857142857145,0.6875,0.5935722735427055
2020,00-0036328,Antonio Gibson,RB,WAS,carry,170,85,0.5,0.9529411764705882,0.4457228154485856
2020,00-0036328,Antonio Gibson,RB,WAS,target,44,19,0.4318181818181818,0.9318181818181818,0.27000926566589356
2020,00-0036357,Henry Ruggs,WR,LV,target,43,30,0.6976744186046512,0.6976744186046512,0.4823198418977649
2020,00-0036358,CeeDee Lamb,WR,DAL,target,111,60,0.5405405405405406,0.6216216216216216,0.3392741756294715
2020,00-0036360,Clyde Edwards-Helaire,RB,KC,carry,181,94,0.5193370165745856,0.9502762430939227,0.8182712010376784
2020,00-0036360,Clyde Edwards-Helaire,RB,KC,target,54,30,0.5555555555555556,0.8888888888888888,0.7454065039680615
2020,00-0036370,Joshua Kelley,RB,LAC,carry,111,59,0.5315315315315315,0.8468468468468469,0.5319173688421378
2020,00-0036387,Jalen Reagor,WR,PHI,target,55,26,0.4727272727272727,0.6727272727272727,0.3501562737894796
2020,00-0036407,Jerry Jeudy,WR,DEN,target,115,50,0.43478260869565216,0.6434782608695652,0.24343033409944717
2020,00-0036410,Tee Higgins,WR,CIN,target,108,53,0.49074074074074076,0.7592592592592593,0.2970447682450025
2020,00-0036412,K.J. Hamler,WR,DEN,target,56,16,0.2857142857142857,0.6607142857142857,0.18353482677090527
2020,00-0036414,Cam Akers,RB,LA,carry,145,68,0.4689655172413793,0.9103448275862069,0.70503893796483
2021,00-0027061,Jared Cook,TE,LAC,target,85,43,0.5058823529411764,0.6235294117647059,0.5276728709492667
2021,00-0027656,Rob Gronkowski,TE,TB,target,89,56,0.6292134831460674,0.7865168539325843,0.6696363975911328
2021,00-0027685,Emmanuel Sanders,WR,BUF,target,73,37,0.5068493150684932,0.7534246575342466,0.7474594291089843
2021,00-0027793,NA,NA,TB,target,62,40,0.6451612903225806,0.7096774193548387,0.8363093142547915
2021,00-0027942,A.J. Green,WR,ARI,target,93,35,0.3763440860215054,0.6989247311827957,0.5197390929379931
2021,00-0027944,Julio Jones,WR,TEN,target,48,25,0.5208333333333334,0.6458333333333334,0.5509651359558725
2021,00-0027966,Mark Ingram,RB,HOU,carry,92,46,0.5,0.9130434782608695,0.3689403335955556
2021,00-0027966,Mark Ingram,RB,NO,carry,68,35,0.5147058823529411,0.9705882352941176,0.32154478009547083
2021,00-0027981,Kyle Rudolph,TE,NYG,target,40,23,0.575,0.65,0.1947231899848248
2021,00-0029000,Cole Beasley,WR,BUF,target,113,66,0.584070796460177,0.7256637168141593,0.7491435923766102
2021,00-0029239,Brandon Bolden,RB,NE,carry,45,17,0.37777777777777777,0.5333333333333333,0.5183768671300676
2021,00-0029239,Brandon Bolden,RB,NE,target,49,12,0.24489795918367346,0.5510204081632653,0.5103937051584468
2021,00-0029293,Marvin Jones,WR,JAX,target,120,47,0.39166666666666666,0.7583333333333333,0.2050017376704242
2021,00-0030035,Adam Thielen,WR,MIN,target,95,56,0.5894736842105263,0.6736842105263158,0.5332232731406724
2021,00-0030061,Zach Ertz,TE,ARI,target,82,35,0.4268292682926829,0.7073170731707317,0.5016021806884248
2021,00-0030068,Marquise Goodwin,WR,CHI,target,40,19,0.475,0.75,0.3836044181764464
2021,00-0030108,Ryan Griffin,TE,NYJ,target,42,16,0.38095238095238093,0.6904761904761905,0.20996782120591023
2021,00-0030181,Jack Doyle,TE,IND,target,45,25,0.5555555555555556,0.7111111111111111,0.5706875659121408
2021,00-0030279,Keenan Allen,WR,LAC,target,158,88,0.5569620253164557,0.6392405063291139,0.5358667722635295
2021,00-0030288,Rex Burkhead,RB,HOU,carry,122,67,0.5491803278688525,0.8032786885245902,0.39660173959954165
2021,00-0030431,Robert Woods,WR,LA,target,70,42,0.6,0.7142857142857143,0.6288915532707785
2021,00-0030506,Travis Kelce,TE,KC,target,134,68,0.5074626865671642,0.7313432835820896,0.6367315061393874
2021,00-0030513,Latavius Murray,RB,BAL,carry,119,67,0.5630252100840336,0.8991596638655462,0.6280019040647071
2021,00-0030564,DeAndre Hopkins,WR,ARI,target,64,35,0.546875,0.71875,0.678181540890364
2021,00-0030578,Cordarrelle Patterson,RB,ATL,carry,153,105,0.6862745098039216,0.9215686274509803,0.481439219812065
2021,00-0030578,Cordarrelle Patterson,RB,ATL,target,69,41,0.5942028985507246,0.7391304347826086,0.47021179512629036
2021,00-0030874,Damien Williams,RB,CHI,carry,40,20,0.5,0.9,0.4788250428236097
2021,00-0031045,Carlos Hyde,RB,JAX,carry,72,28,0.3888888888888889,0.875,0.23106199267714245
2021,00-0031235,Odell Beckham,WR,LA,target,49,27,0.5510204081632653,0.5102040816326531,0.5849977314528839
2021,00-0031236,Brandin Cooks,WR,HOU,target,134,68,0.5074626865671642,0.5970149253731343,0.21470009760269562
2021,00-0031273,Cameron Brate,TE,TB,target,57,30,0.5263157894736842,0.7543859649122807,0.7000274325786322
2021,00-0031285,Devonta Freeman,RB,BAL,carry,133,77,0.5789473684210527,0.9097744360902256,0.5662878530092986
2021,00-0031285,Devonta Freeman,RB,BAL,target,42,21,0.5,0.8571428571428571,0.4315062170526722
2021,00-0031325,Sammy Watkins,WR,BAL,target,49,27,0.5510204081632653,0.6938775510204082,0.5764931565986908
2021,00-0031381,Davante Adams,WR,GB,target,169,98,0.5798816568047337,0.6863905325443787,0.6441004174780762
2021,00-0031382,Jarvis Landry,WR,CLE,target,87,42,0.4827586206896552,0.7471264367816092,0.5926674892376134
2021,00-0031408,Mike Evans,WR,TB,target,114,61,0.5350877192982456,0.7543859649122807,0.7579885783039539
2021,00-0031428,Allen Robinson,WR,CHI,target,67,23,0.34328358208955223,0.582089552238806,0.3576437032993191
2021,00-0031544,Amari Cooper,WR,DAL,target,104,60,0.5769230769230769,0.7403846153846154,0.5993153769567682
2021,00-0031547,DeVante Parker,WR,MIA,target,73,25,0.3424657534246575,0.6575342465753424,0.31771457940479586
2021,00-0031549,Nelson Agholor,WR,NE,target,64,27,0.421875,0.78125,0.5056872841196309
2021,00-0031588,Stefon Diggs,WR,BUF,target,164,87,0.5304878048780488,0.725609756097561,0.7646900180526001
2021,00-0031610,Darren Waller,TE,LV,target,93,48,0.5161290322580645,0.7956989247311828,0.3617876067867763
2021,00-0031763,DeAndre Carter,WR,WAS,target,44,24,0.5454545454545454,0.6590909090909091,0.3316767133410188
2021,00-0031941,Jamison Crowder,WR,NYJ,target,73,34,0.4657534246575342,0.6986301369863014,0.2006490947117251
2021,00-0032009,Adam Humphries,WR,WAS,target,62,24,0.3870967741935484,0.5645161290322581,0.2686316863583641
2021,00-0032058,Tevin Coleman,RB,NYJ,carry,84,51,0.6071428571428571,0.9285714285714286,0.3854008211024589
2021,00-0032063,Mike Davis,RB,ATL,carry,138,79,0.572463768115942,0.9347826086956522,0.475400630786074
2021,00-0032063,Mike Davis,RB,ATL,target,58,26,0.4482758620689655,0.6551724137931034,0.3914147220604154
2021,00-0032104,Ameer Abdullah,RB,CAR,carry,44,22,0.5,0.9090909090909091,0.4726838378780732
2021,00-0032104,Ameer Abdullah,RB,CAR,target,49,18,0.3673469387755102,0.5918367346938775,0.24178600259508637
2021,00-0032134,C.J. Uzomah,TE,CIN,target,63,26,0.4126984126984127,0.7619047619047619,0.4828505385814915
2021,00-0032141,Geoff Swaim,TE,TEN,target,40,20,0.5,0.925,0.5857037853449583
2021,00-0032144,Melvin Gordon,RB,DEN,carry,203,103,0.5073891625615764,0.9408866995073891,0.6128211329123228
2021,00-0032187,David Johnson,RB,HOU,carry,67,39,0.582089552238806,0.8656716417910447,0.35108052379320126
2021,00-0032187,David Johnson,RB,HOU,target,42,18,0.42857142857142855,0.5952380952380952,0.28798929825242814
2021,00-0032211,Tyler Lockett,WR,SEA,target,108,64,0.5925925925925926,0.7962962962962963,0.5595515431288093
2021,00-0032257,Duke Johnson,RB,MIA,carry,71,23,0.323943661971831,0.8873239436619719,0.7157174239695911
2021,00-0032355,Chester Rogers,WR,TEN,target,43,21,0.4883720930232558,0.6511627906976745,0.4622669977428348
2021,00-0032385,Sterling Shepard,WR,NYG,target,53,24,0.4528301886792453,0.660377358490566,0.21389847920770239
2021,00-0032392,Austin Hooper,TE,CLE,target,62,40,0.6451612903225806,0.7741935483870968,0.550647145526151
2021,00-0032426,Alex Collins,RB,SEA,carry,108,74,0.6851851851851852,0.9259259259259259,0.4688449860722931
2021,00-0032464,Kalif Raymond,WR,DET,target,71,37,0.5211267605633803,0.7464788732394366,0.20459326399750483
2021,00-0032602,J.D. McKissic,RB,WAS,carry,49,33,0.673469387755102,0.8163265306122449,0.3899176363803598
2021,00-0032602,J.D. McKissic,RB,WAS,target,54,26,0.48148148148148145,0.6666666666666666,0.3116411924904032
2021,00-0032688,Robby Anderson,WR,CAR,target,110,46,0.41818181818181815,0.7272727272727273,0.3264455646530553
2021,00-0032741,Peyton Barber,RB,LV,carry,55,26,0.4727272727272727,0.9090909090909091,0.6387153969334329
2021,00-0032764,Derrick Henry,RB,TEN,carry,220,101,0.4590909090909091,0.9272727272727272,0.5480119982654439
2021,00-0032775,Demarcus Robinson,WR,KC,target,41,22,0.5365853658536586,0.7804878048780488,0.6368267439204984
2021,00-0032780,Jordan Howard,RB,PHI,carry,86,39,0.45348837209302323,0.872093023255814,0.7381680256059003
2021,00-0032951,Laquon Treadwell,WR,JAX,target,51,13,0.2549019607843137,0.6078431372549019,0.1793775468411196
2021,00-0032972,Devontae Booker,RB,NYG,carry,145,88,0.6068965517241379,0.8827586206896552,0.2565201361123274
2021,00-0032972,Devontae Booker,RB,NYG,target,45,23,0.5111111111111111,0.7111111111111111,0.1840465418750682
2021,00-0032977,Rashard Higgins,WR,CLE,target,47,24,0.5106382978723404,0.6170212765957447,0.44060511000544517
2021,00-0033009,Tyler Boyd,WR,CIN,target,95,50,0.5263157894736842,0.6947368421052632,0.5095345226025503
2021,00-0033040,Tyreek Hill,WR,KC,target,159,87,0.5471698113207547,0.7295597484276729,0.6510461510036253
2021,00-0033045,Ezekiel Elliott,RB,DAL,carry,240,145,0.6041666666666666,0.8625,0.672700021284174
2021,00-0033045,Ezekiel Elliott,RB,DAL,target,65,35,0.5384615384615384,0.7538461538461538,0.5866375980806949
2021,00-0033090,Hunter Henry,TE,NE,target,75,25,0.3333333333333333,0.6266666666666667,0.4924908268079161
2021,00-0033110,Tyler Higbee,TE,LA,target,85,41,0.4823529411764706,0.7176470588235294,0.6161211289301076
2021,00-0033118,Kenyan Drake,RB,LV,carry,63,35,0.5555555555555556,0.9047619047619048,0.6043432138290623
2021,00-0033118,Kenyan Drake,RB,LV,target,40,20,0.5,0.85,0.4365829377764385
2021,00-0033217,Mo Alie-Cox,TE,IND,target,45,25,0.5555555555555556,0.7333333333333333,0.5513519959278508
2021,00-0033251,Zach Pascal,WR,IND,target,69,27,0.391304347826087,0.7971014492753623,0.5524125201990358
2021,00-0033280,Christian McCaffrey,RB,CAR,carry,99,61,0.6161616161616161,0.9292929292929293,0.666755169517163
2021,00-0033280,Christian McCaffrey,RB,CAR,target,41,15,0.36585365853658536,0.7073170731707317,0.6388750207360562
2021,00-0033288,George Kittle,TE,SF,target,94,49,0.5212765957446809,0.7446808510638298,0.6220551241843149
2021,00-0033293,Aaron Jones,RB,GB,carry,171,118,0.6900584795321637,0.9473684210526315,0.6741017210555988
2021,00-0033293,Aaron Jones,RB,GB,target,65,58,0.8923076923076924,0.7076923076923077,0.6659298300743103
2021,00-0033307,Kendrick Bourne,WR,NE,target,70,30,0.42857142857142855,0.7428571428571429,0.5379857216728852
2021,00-0033375,Tim Patrick,WR,DEN,target,85,42,0.49411764705882355,0.7411764705882353,0.4229720412623411
2021,00-0033455,Anthony Firkser,TE,TEN,target,43,16,0.37209302325581395,0.3953488372093023,0.5724700734088317
2021,00-0033526,Samaje Perine,RB,CIN,carry,55,16,0.2909090909090909,0.7818181818181819,0.5195669568200338
2021,00-0033536,Mike Williams,WR,LAC,target,130,70,0.5384615384615384,0.7538461538461538,0.5005426973188977
2021,00-0033553,James Conner,RB,ARI,carry,202,77,0.3811881188118812,0.8168316831683168,0.7182537587865264
2021,00-0033572,Jamal Agnew,WR,JAX,target,40,11,0.275,0.575,0.11863509983068725
2021,00-0033594,Chris Carson,RB,SEA,carry,54,42,0.7777777777777778,0.9074074074074074,0.6882361764157261
2021,00-0033611,Ricky Seals-Jones,TE,WAS,target,51,29,0.5686274509803921,0.6470588235294118,0.2709675004933231
2021,00-0033681,Keelan Cole,WR,NYJ,target,52,15,0.28846153846153844,0.5961538461538461,0.17455257346474845
2021,00-0033699,Austin Ekeler,RB,LAC,carry,208,112,0.5384615384615384,0.9230769230769231,0.6235064698550968
2021,00-0033699,Austin Ekeler,RB,LAC,target,95,46,0.4842105263157895,0.7789473684210526,0.4856902241878644
2021,00-0033854,Dare Ogunbowale,RB,JAX,carry,44,24,0.5454545454545454,0.8636363636363636,0.352071958175611
2021,00-0033856,Leonard Fournette,RB,TB,carry,180,102,0.5666666666666667,0.9,0.7827796671875855
2021,00-0033856,Leonard Fournette,RB,TB,target,84,49,0.5833333333333334,0.8809523809523809,0.7290008098685317
2021,00-0033858,Jonnu Smith,TE,NE,target,45,25,0.5555555555555556,0.8888888888888888,0.5787326455116272
2021,00-0033871,Corey Davis,WR,NYJ,target,59,17,0.288135593220339,0.7796610169491526,0.14033339023602573
2021,00-0033881,Evan Engram,TE,NYG,target,73,36,0.4931506849315068,0.6027397260273972,0.25276906869981913
2021,00-0033885,David Njoku,TE,CLE,target,53,23,0.4339622641509434,0.7547169811320755,0.4611990114351084
2021,00-0033891,Zay Jones,WR,LV,target,70,35,0.5,0.6714285714285714,0.4229746635051665
2021,00-0033893,Dalvin Cook,RB,MIN,carry,251,149,0.5936254980079682,0.9123505976095617,0.6211990326912813
2021,00-0033893,Dalvin Cook,RB,MIN,target,49,36,0.7346938775510204,0.8163265306122449,0.5097580956804747
2021,00-0033895,Gerald Everett,TE,SEA,target,63,37,0.5873015873015873,0.7142857142857143,0.4973293017066594
2021,00-0033897,Joe Mixon,RB,CIN,carry,294,151,0.5136054421768708,0.9319727891156463,0.6026398370262461
2021,00-0033897,Joe Mixon,RB,CIN,target,48,28,0.5833333333333334,0.8333333333333334,0.5910226129732716
2021,00-0033906,Alvin Kamara,RB,NO,carry,241,129,0.5352697095435685,0.9045643153526971,0.6802813507991831
2021,00-0033906,Alvin Kamara,RB,NO,target,67,44,0.6567164179104478,0.746268656716418,0.5117064133632248
2021,00-0033908,Cooper Kupp,WR,LA,target,192,94,0.4895833333333333,0.765625,0.626122152245818
2021,00-0033921,Chris Godwin,WR,TB,target,127,81,0.6377952755905512,0.7559055118110236,0.7438092150663091
2021,00-0033923,Kareem Hunt,RB,CLE,carry,79,42,0.5316455696202531,0.8354430379746836,0.5877732781247249
2021,00-0033925,D'Onta Foreman,RB,TEN,carry,133,67,0.5037593984962406,0.924812030075188,0.6528133948923188
2021,00-0033932,Kenny Golladay,WR,NYG,target,77,37,0.4805194805194805,0.7012987012987013,0.24814493543710167
2021,00-0033948,Jamaal Williams,RB,DET,carry,153,96,0.6274509803921569,0.8562091503267973,0.29928068064318303
2021,00-0033955,Jeremy McNichols,RB,TEN,carry,41,12,0.2926829268292683,0.8292682926829268,0.7242886675202299
2021,00-0034011,Dan Arnold,TE,JAX,target,42,16,0.38095238095238093,0.6190476190476191,0.15068415816575345
2021,00-0034109,Phillip Lindsay,RB,HOU,carry,50,34,0.68,1,0.2842014597550134
2021,00-0034115,Jeffery Wilson,RB,SF,carry,79,42,0.5316455696202531,0.9367088607594937,0.8328645995146111
2021,00-0034253,Dontrell Hilliard,RB,TEN,carry,56,25,0.44642857142857145,0.8928571428571429,0.5935976171084412
2021,00-0034270,Tyler Conklin,TE,MIN,target,87,47,0.5402298850574713,0.735632183908046,0.46846086531051656
2021,00-0034272,Marquez Valdes-Scantling,WR,GB,target,56,29,0.5178571428571429,0.6428571428571429,0.6008796666210816
2021,00-0034297,Byron Pringle,WR,KC,target,60,34,0.5666666666666667,0.7833333333333333,0.6709216170570775
2021,00-0034301,Darrel Williams,RB,KC,carry,144,85,0.5902777777777778,0.8888888888888888,0.787432801786862
2021,00-0034301,Darrel Williams,RB,KC,target,57,37,0.6491228070175439,0.8070175438596491,0.6825714334079653
2021,00-0034348,Courtland Sutton,WR,DEN,target,100,44,0.44,0.65,0.3940842449747352
2021,00-0034351,Dallas Goedert,TE,PHI,target,77,39,0.5064935064935064,0.7012987012987013,0.547674765926822
2021,00-0034367,Nyheim Hines,RB,IND,carry,56,27,0.48214285714285715,0.8571428571428571,0.6391803364593734
2021,00-0034367,Nyheim Hines,RB,IND,target,57,25,0.43859649122807015,0.8245614035087719,0.5476858558913431
2021,00-0034383,Dalton Schultz,TE,DAL,target,106,52,0.49056603773584906,0.7641509433962265,0.5852268013546039
2021,00-0034407,Ray-Ray McCloud,WR,PIT,target,66,34,0.5151515151515151,0.6515151515151515,0.4093627569205693
2021,00-0034411,Russell Gage,WR,ATL,target,94,46,0.48936170212765956,0.6170212765957447,0.27785692816402663
2021,00-0034414,Boston Scott,RB,PHI,carry,87,35,0.40229885057471265,0.8390804597701149,0.6329612790756783
2021,00-0034418,Cedrick Wilson,WR,DAL,target,62,23,0.3709677419354839,0.5161290322580645,0.46895384113070265
2021,00-0034419,Braxton Berrios,WR,NYJ,target,65,26,0.4,0.6615384615384615,0.22755215011928573
2021,00-0034440,Justin Jackson,RB,LAC,carry,69,33,0.4782608695652174,0.9130434782608695,0.7302208923560338
2021,00-0034521,Allen Lazard,WR,GB,target,60,38,0.6333333333333333,0.6333333333333333,0.695478392194612
2021,00-0034676,James Washington,WR,PIT,target,44,17,0.38636363636363635,0.7272727272727273,0.33022404851360737
2021,00-0034681,Chase Edmonds,RB,ARI,carry,116,58,0.5,0.9051724137931034,0.700815705825366
2021,00-0034681,Chase Edmonds,RB,ARI,target,53,23,0.4339622641509434,0.7358490566037735,0.6101590989878014
2021,00-0034750,Rashaad Penny,RB,SEA,carry,119,76,0.6386554621848739,0.9747899159663865,0.6681429830168476
2021,00-0034753,Mark Andrews,TE,BAL,target,158,85,0.5379746835443038,0.740506329113924,0.46886081408750724
2021,00-0034764,Michael Gallup,WR,DAL,target,62,26,0.41935483870967744,0.7096774193548387,0.6069361561188295
2021,00-0034765,Tre'Quan Smith,WR,NO,target,51,25,0.49019607843137253,0.6078431372549019,0.3733752872147015
2021,00-0034775,Christian Kirk,WR,ARI,target,103,42,0.4077669902912621,0.7572815533980582,0.525427669493704
2021,00-0034791,Nick Chubb,RB,CLE,carry,228,119,0.5219298245614035,0.9385964912280702,0.6138319547304459
2021,00-0034798,Durham Smythe,TE,MIA,target,41,20,0.4878048780487805,0.926829268292683,0.5685821009665677
2021,00-0034816,Ronald Jones,RB,TB,carry,101,68,0.6732673267326733,0.900990099009901,0.7943120471911855
2021,00-0034827,D.J. Moore,WR,CAR,target,164,83,0.5060975609756098,0.7195121951219512,0.37754007238004916
2021,00-0034829,Mike Gesicki,TE,MIA,target,113,52,0.46017699115044247,0.7168141592920354,0.4415523971128824
2021,00-0034837,Calvin Ridley,WR,ATL,target,52,31,0.5961538461538461,0.6153846153846154,0.3749254415026651
2021,00-0034844,Saquon Barkley,RB,NYG,carry,162,96,0.5925925925925926,0.9012345679012346,0.27516756180445706
2021,00-0034844,Saquon Barkley,RB,NYG,target,57,26,0.45614035087719296,0.9298245614035088,0.25493838117906475
2021,00-0034845,Sony Michel,RB,LA,carry,208,103,0.4951923076923077,0.8846153846153846,0.737600604972333
2021,00-0034960,Jakobi Meyers,WR,NE,target,128,57,0.4453125,0.6328125,0.5195730028205653
2021,00-0034972,Alexander Mattison,RB,MIN,carry,135,73,0.5407407407407407,0.9185185185185185,0.620277875778079
2021,00-0034981,Foster Moreau,TE,LV,target,44,25,0.5681818181818182,0.8181818181818182,0.4919805355516887
2021,00-0034983,Hunter Renfrow,WR,LV,target,129,73,0.5658914728682171,0.6666666666666666,0.3949822824404661
2021,00-0035140,Mecole Hardman,WR,KC,target,83,49,0.5903614457831325,0.8313253012048193,0.6595272851374325
2021,00-0035208,Olamide Zaccheaus,WR,ATL,target,54,24,0.4444444444444444,0.7037037037037037,0.31624418502044194
2021,00-0035215,Deonte Harris,WR,NO,target,59,25,0.423728813559322,0.6779661016949152,0.43460706808573213
2021,00-0035216,Diontae Johnson,WR,PIT,target,173,75,0.43352601156069365,0.6994219653179191,0.37488367206902073
2021,00-0035229,T.J. Hockenson,TE,DET,target,86,39,0.45348837209302323,0.7209302325581395,0.1593988128005297
2021,00-0035243,Miles Sanders,RB,PHI,carry,138,83,0.6014492753623188,0.9202898550724637,0.6126079861661553
2021,00-0035250,Devin Singletary,RB,BUF,carry,188,79,0.42021276595744683,0.9680851063829787,0.8431127799484145
2021,00-0035250,Devin Singletary,RB,BUF,target,50,27,0.54,0.84,0.607908469510803
2021,00-0035261,Tony Pollard,RB,DAL,carry,130,67,0.5153846153846153,0.9384615384615385,0.6919926587008657
2021,00-0035261,Tony Pollard,RB,DAL,target,47,26,0.5531914893617021,0.7872340425531915,0.6197485418468677
2021,00-0035311,Myles Gaskin,RB,MIA,carry,173,93,0.5375722543352601,0.9190751445086706,0.5796537979373179
2021,00-0035311,Myles Gaskin,RB,MIA,target,63,33,0.5238095238095238,0.7142857142857143,0.45169354286987257
2021,00-0035414,Jalen Guyton,WR,LAC,target,48,20,0.4166666666666667,0.6041666666666666,0.5087112071003805
2021,00-0035535,Darius Slayton,WR,NYG,target,58,34,0.5862068965517241,0.7586206896551724,0.3058095604157079
2021,00-0035537,Ty Johnson,RB,NYJ,carry,61,26,0.4262295081967213,0.8524590163934426,0.23371396667789668
2021,00-0035537,Ty Johnson,RB,NYJ,target,55,16,0.2909090909090909,0.6181818181818182,0.10979378684549536
2021,00-0035567,Craig Reynolds,RB,DET,carry,55,24,0.43636363636363634,0.8181818181818182,0.38640189875255926
2021,00-0035628,D'Ernest Johnson,RB,CLE,carry,100,36,0.36,0.86,0.6687995376187791
2021,00-0035640,DK Metcalf,WR,SEA,target,129,76,0.5891472868217055,0.6976744186046512,0.49055056478070147
2021,00-0035644,Noah Fant,TE,DEN,target,91,45,0.4945054945054945,0.7142857142857143,0.37542137078264176
2021,00-0035657,Damien Harris,RB,NE,carry,202,125,0.6188118811881188,0.9257425742574258,0.6091329024662032
2021,00-0035659,Terry McLaurin,WR,WAS,target,130,80,0.6153846153846154,0.7230769230769231,0.3612016313951244
2021,00-0035662,Marquise Brown,WR,BAL,target,147,71,0.48299319727891155,0.7414965986394558,0.46667344945597944
2021,00-0035664,Darrell Henderson,RB,LA,carry,149,66,0.4429530201342282,0.8859060402684564,0.7199670924487112
2021,00-0035664,Darrell Henderson,RB,LA,target,40,16,0.4,0.875,0.559020984926974
2021,00-0035676,A.J. Brown,WR,TEN,target,105,49,0.4666666666666667,0.6761904761904762,0.482911671924549
2021,00-0035685,David Montgomery,RB,CHI,carry,225,113,0.5022222222222222,0.9022222222222223,0.43702780344989145
2021,00-0035685,David Montgomery,RB,CHI,target,51,20,0.39215686274509803,0.7058823529411765,0.2464833646623518
2021,00-0035689,Dawson Knox,TE,BUF,target,71,26,0.36619718309859156,0.7323943661971831,0.6443749518296846
2021,00-0035700,Josh Jacobs,RB,LV,carry,217,142,0.6543778801843319,0.9354838709677419,0.4993934673086843
2021,00-0035700,Josh Jacobs,RB,LV,target,64,39,0.609375,0.90625,0.3722428776000015
2021,00-0035715,Derrick Gore,RB,KC,carry,51,23,0.45098039215686275,0.9215686274509803,0.8879730911815867
2021,00-0035719,Deebo Samuel,WR,SF,target,121,57,0.47107438016528924,0.7107438016528925,0.5359126993109596
2021,00-0035831,James Robinson,RB,JAX,carry,164,88,0.5365853658536586,0.9329268292682927,0.2654779167361034
2021,00-0035831,James Robinson,RB,JAX,target,46,9,0.1956521739130435,0.8260869565217391,0.1642175997637779
2021,00-0035860,Tony Jones,RB,NO,carry,54,23,0.42592592592592593,0.8333333333333334,0.4857442164213555
2021,00-0036020,Salvon Ahmed,RB,MIA,carry,54,28,0.5185185185185185,0.9444444444444444,0.5033258464708761
2021,00-0036182,Nick Westbrook-Ikhine,WR,TEN,target,57,24,0.42105263157894735,0.6140350877192983,0.4691317195660974
2021,00-0036196,Gabriel Davis,WR,BUF,target,63,31,0.49206349206349204,0.6190476190476191,0.7142351333646471
2021,00-0036219,Marquez Callaway,WR,NO,target,84,45,0.5357142857142857,0.5476190476190477,0.4430607452578399
2021,00-0036223,Jonathan Taylor,RB,IND,carry,332,175,0.5271084337349398,0.8855421686746988,0.6754889145994234
2021,00-0036223,Jonathan Taylor,RB,IND,target,52,26,0.5,0.7884615384615384,0.5513559439818626
2021,00-0036233,Donovan Peoples-Jones,WR,CLE,target,59,31,0.5254237288135594,0.6440677966101694,0.4499768739864228
2021,00-0036247,Freddie Swain,WR,SEA,target,41,23,0.5609756097560976,0.6097560975609756,0.49661648382315204
2021,00-0036251,Zack Moss,RB,BUF,carry,96,42,0.4375,0.9166666666666666,0.8572680891569082
2021,00-0036252,Michael Pittman,WR,IND,target,130,71,0.5461538461538461,0.6307692307692307,0.5485133359658639
2021,00-0036261,Brandon Aiyuk,WR,SF,target,86,48,0.5581395348837209,0.7441860465116279,0.5124475625480504
2021,00-0036265,A.J. Dillon,RB,GB,carry,187,100,0.5347593582887701,0.8983957219251337,0.6817376014455061
2021,00-0036268,Laviska Shenault,WR,JAX,target,100,35,0.35,0.59,0.20289608009878066
2021,00-0036271,Quez Watkins,WR,PHI,target,63,37,0.5873015873015873,0.6349206349206349,0.3933720576913247
2021,00-0036275,D'Andre Swift,RB,DET,carry,151,85,0.5629139072847682,0.847682119205298,0.24037707379268589
2021,00-0036275,D'Andre Swift,RB,DET,target,78,29,0.3717948717948718,0.717948717948718,0.14577724391426444
2021,00-0036290,Cole Kmet,TE,CHI,target,93,40,0.43010752688172044,0.7311827956989247,0.3193074275488607
2021,00-0036309,Darnell Mooney,WR,CHI,target,141,64,0.45390070921985815,0.6950354609929078,0.3981787652521814
2021,00-0036322,Justin Jefferson,WR,MIN,target,170,91,0.5352941176470588,0.6294117647058823,0.5095989757405487
2021,00-0036326,Chase Claypool,WR,PIT,target,105,47,0.44761904761904764,0.6,0.37826152980264205
2021,00-0036328,Antonio Gibson,RB,WAS,carry,259,174,0.6718146718146718,0.8764478764478765,0.4698261477297521
2021,00-0036328,Antonio Gibson,RB,WAS,target,53,33,0.6226415094339622,0.9056603773584906,0.3976956342602114
2021,00-0036331,Devin Duvernay,WR,BAL,target,47,23,0.48936170212765956,0.7021276595744681,0.519994013915532
2021,00-0036345,K.J. Osborn,WR,MIN,target,82,31,0.3780487804878049,0.5975609756097561,0.50326638822875025
2021,00-0036358,CeeDee Lamb,WR,DAL,target,121,66,0.5454545454545454,0.743801652892562,0.6156866799955757
2021,00-0036360,Clyde Edwards-Helaire,RB,KC,carry,119,60,0.5042016806722689,0.9831932773109243,0.7335143369786878
2021,00-0036365,Bryan Edwards,WR,LV,target,60,29,0.48333333333333334,0.7,0.4741501566537146
2021,00-0036387,Jalen Reagor,WR,PHI,target,57,27,0.47368421052631576,0.6666666666666666,0.41394234714393785
2021,00-0036407,Jerry Jeudy,WR,DEN,target,56,31,0.5535714285714286,0.6607142857142857,0.4546055139944656
2021,00-0036410,Tee Higgins,WR,CIN,target,111,58,0.5225225225225225,0.7207207207207207,0.48835492903927163
2021,00-0036415,Van Jefferson,WR,LA,target,89,39,0.43820224719101125,0.7640449438202247,0.5856517633482725
2021,00-0036422,Adam Trautman,TE,NO,target,44,21,0.4772727272727273,0.75,0.44144503680356273
2021,00-0036423,Albert Okwuegbunam,TE,DEN,target,40,21,0.525,0.725,0.5387598030880326
2021,00-0036427,Tyler Johnson,WR,TB,target,56,26,0.4642857142857143,0.625,0.5851675108595102
2021,00-0036550,Rashod Bateman,WR,BAL,target,68,38,0.5588235294117647,0.7647058823529411,0.4807787375415073
2021,00-0036554,Nico Collins,WR,HOU,target,60,30,0.5,0.6166666666666667,0.22916540344075806
2021,00-0036555,Chuba Hubbard,RB,CAR,carry,172,106,0.6162790697674418,0.9069767441860465,0.5218516109710243
2021,00-0036567,Elijah Mitchell,RB,SF,carry,207,121,0.5845410628019324,0.9516908212560387,0.676915564031592
2021,00-0036613,Jaylen Waddle,WR,MIA,target,140,93,0.6642857142857143,0.6785714285714286,0.4846981751645217
2021,00-0036755,Jaret Patterson,RB,WAS,carry,68,38,0.5588235294117647,0.9117647058823529,0.38110836526706243
2021,00-0036875,Rhamondre Stevenson,RB,NE,carry,133,61,0.45864661654135336,0.9548872180451128,0.7101249786135847
2021,00-0036893,Najee Harris,RB,PIT,carry,307,156,0.50814332247557,0.9153094462540716,0.46436842328637895
2021,00-0036893,Najee Harris,RB,PIT,target,94,28,0.2978723404255319,0.6914893617021277,0.28238586507514096
2021,00-0036894,Pat Freiermuth,TE,PIT,target,80,36,0.45,0.6,0.41279600478584055
2021,00-0036900,Ja'Marr Chase,WR,CIN,target,128,62,0.484375,0.6953125,0.49214673712981494
2021,00-0036906,Khalil Herbert,RB,CHI,carry,103,51,0.49514563106796117,0.9223300970873787,0.40265966678702847
2021,00-0036912,DeVonta Smith,WR,PHI,target,105,64,0.6095238095238096,0.7333333333333333,0.45060139018114204
2021,00-0036913,Kadarius Toney,WR,NYG,target,57,38,0.6666666666666666,0.6491228070175439,0.19687282392697575
2021,00-0036919,Kenneth Gainwell,RB,PHI,carry,69,29,0.42028985507246375,0.7681159420289855,0.6171971265905342
2021,00-0036919,Kenneth Gainwell,RB,PHI,target,50,28,0.56,0.68,0.2943822222122981
2021,00-0036924,Michael Carter,RB,NYJ,carry,148,64,0.43243243243243246,0.9459459459459459,0.23635088076747543
2021,00-0036924,Michael Carter,RB,NYJ,target,55,20,0.36363636363636365,0.8545454545454545,0.1662382031040827
2021,00-0036936,Rondale Moore,WR,ARI,target,64,29,0.453125,0.734375,0.6844762550546193
2021,00-0036963,Amon-Ra St. Brown,WR,DET,target,121,43,0.35537190082644626,0.6446280991735537,0.22864927160729687
2021,00-0036970,Kyle Pitts,TE,ATL,target,110,63,0.5727272727272728,0.7090909090909091,0.4140299696576304
2021,00-0036980,Elijah Moore,WR,NYJ,target,78,29,0.3717948717948718,0.6410256410256411,0.16522678059043647
2021,00-0036984,Trey Sermon,RB,SF,carry,41,19,0.4634146341463415,0.9512195121951219,0.6143666404049571
2021,00-0036988,Josh Palmer,WR,LAC,target,49,19,0.3877551020408163,0.7142857142857143,0.4836846494961682
2021,00-0036997,Javonte Williams,RB,DEN,carry,203,104,0.5123152709359606,0.8817733990147784,0.531195180996417
2021,00-0036997,Javonte Williams,RB,DEN,target,53,20,0.37735849056603776,0.6981132075471698,0.3989439304667648
2022,00-0027942,A.J. Green,WR,ARI,target,49,15,0.30612244897959184,0.5918367346938775,0.16245856606644893
2022,00-0027944,Julio Jones,WR,TB,target,43,19,0.4418604651162791,0.6744186046511628,0.4207299084547802
2022,00-0027966,Mark Ingram,RB,NO,carry,64,46,0.71875,0.859375,0.5088452940570424
2022,00-0028002,Randall Cobb,WR,GB,target,50,28,0.56,0.76,0.5627526908647269
2022,00-0029293,Marvin Jones,WR,JAX,target,81,30,0.37037037037037035,0.7160493827160493,0.43376845490750804
2022,00-0030035,Adam Thielen,WR,MIN,target,109,55,0.5045871559633027,0.7155963302752294,0.5386426799585561
2022,00-0030061,Zach Ertz,TE,ARI,target,71,22,0.30985915492957744,0.704225352112676,0.2299458521713793
2022,00-0030068,Marquise Goodwin,WR,SEA,target,42,22,0.5238095238095238,0.6666666666666666,0.3747545632823381
2022,00-0030279,Keenan Allen,WR,LAC,target,89,64,0.7191011235955056,0.6179775280898876,0.5423249920013915
2022,00-0030288,Rex Burkhead,RB,HOU,target,51,21,0.4117647058823529,0.45098039215686275,0.3031980427802089
2022,00-0030431,Robert Woods,WR,TEN,target,91,55,0.6043956043956044,0.6263736263736264,0.44628202502564884
2022,00-0030506,Travis Kelce,TE,KC,target,153,86,0.5620915032679739,0.7254901960784313,0.7349700023331772
2022,00-0030513,Latavius Murray,RB,DEN,carry,161,107,0.6645962732919255,0.8695652173913043,0.48157404429120276
2022,00-0030564,DeAndre Hopkins,WR,ARI,target,98,57,0.5816326530612245,0.7551020408163265,0.3943994620625994
2022,00-0030578,Cordarrelle Patterson,RB,ATL,carry,144,76,0.5277777777777778,0.9097222222222222,0.42800502527744444
2022,00-0031236,Brandin Cooks,WR,HOU,target,93,53,0.5698924731182796,0.6774193548387096,0.28634994101327227
2022,00-0031260,Logan Thomas,TE,WAS,target,61,24,0.39344262295081966,0.7540983606557377,0.3830553106753706
2022,00-0031376,Jerick McKinnon,RB,KC,carry,72,29,0.4027777777777778,0.9444444444444444,0.7367707656820939
2022,00-0031376,Jerick McKinnon,RB,KC,target,72,36,0.5,0.7083333333333334,0.7824390820639285
2022,00-0031381,Davante Adams,WR,LV,target,181,82,0.4530386740331492,0.7071823204419889,0.45325880645067773
2022,00-0031382,Jarvis Landry,WR,NO,target,40,19,0.475,0.75,0.38677972833849494
2022,00-0031408,Mike Evans,WR,TB,target,128,63,0.4921875,0.7109375,0.49641310500505353
2022,00-0031428,Allen Robinson,WR,LA,target,52,29,0.5576923076923077,0.5192307692307693,0.4786684733307294
2022,00-0031544,Amari Cooper,WR,CLE,target,132,85,0.6439393939393939,0.5984848484848485,0.4774972202624971
2022,00-0031547,DeVante Parker,WR,NE,target,47,32,0.6808510638297872,0.7872340425531915,0.3704616909814463
2022,00-0031549,Nelson Agholor,WR,NE,target,53,33,0.6226415094339622,0.71698113207547165,0.4366838454602743
2022,00-0031588,Stefon Diggs,WR,BUF,target,154,85,0.551948051948052,0.7987012987012987,0.7643588868849729
2022,00-0031610,Darren Waller,TE,LV,target,44,19,0.4318181818181818,0.7272727272727273,0.46603637163799294
2022,00-0031687,Raheem Mostert,RB,MIA,carry,181,116,0.6408839779005525,0.9668508287292817,0.4962904396163331
2022,00-0031687,Raheem Mostert,RB,MIA,target,42,28,0.6666666666666666,0.7857142857142857,0.4635491026898048
2022,00-0031763,DeAndre Carter,WR,LAC,target,65,31,0.47692307692307695,0.6461538461538462,0.47628299425100873
2022,00-0032144,Melvin Gordon,RB,DEN,carry,90,65,0.7222222222222222,0.9222222222222223,0.5838021128043895
2022,00-0032208,Phillip Dorsett,WR,HOU,target,40,17,0.425,0.775,0.16500504606665345
2022,00-0032211,Tyler Lockett,WR,SEA,target,117,59,0.5042735042735043,0.7350427350427351,0.44492391997582137
2022,00-0032392,Austin Hooper,TE,TEN,target,60,31,0.5166666666666667,0.6333333333333333,0.38377168156706226
2022,00-0032398,Chris Moore,WR,HOU,target,74,37,0.5,0.7567567567567568,0.2230220281140105
2022,00-0032464,Kalif Raymond,WR,DET,target,64,42,0.65625,0.640625,0.40388391172231763
2022,00-0032602,J.D. McKissic,RB,WAS,target,42,9,0.21428571428571427,0.5476190476190477,0.25046179683227504
2022,00-0032764,Derrick Henry,RB,TEN,carry,349,220,0.6303724928366762,0.9484240687679083,0.5919425395305034
2022,00-0032764,Derrick Henry,RB,TEN,target,41,24,0.5853658536585366,0.926829268292683,0.5133025397421656
2022,00-0032775,Demarcus Robinson,WR,BAL,target,75,50,0.6666666666666666,0.76,0.5540544486542545
2022,00-0033009,Tyler Boyd,WR,CIN,target,85,40,0.47058823529411764,0.6352941176470588,0.6416753666188211
2022,00-0033040,Tyreek Hill,WR,MIA,target,170,88,0.5176470588235295,0.7,0.47975977488677013
2022,00-0033045,Ezekiel Elliott,RB,DAL,carry,231,141,0.6103896103896104,0.8528138528138528,0.6836700687322007
2022,00-0033090,Hunter Henry,TE,NE,target,59,34,0.576271186440678,0.559322033898305,0.4823406841053422
2022,00-0033110,Tyler Higbee,TE,LA,target,108,56,0.5185185185185185,0.8055555555555556,0.3964172534367578
2022,00-0033118,Kenyan Drake,RB,BAL,carry,109,45,0.41284403669724773,0.926605504587156,0.7004208649175427
2022,00-0033280,Christian McCaffrey,RB,CAR,carry,87,46,0.5287356321839081,0.7701149425287356,0.4859280548424128
2022,00-0033280,Christian McCaffrey,RB,CAR,target,43,17,0.3953488372093023,0.7441860465116279,0.3109667297712593
2022,00-0033280,Christian McCaffrey,RB,SF,carry,159,105,0.660377358490566,0.9182389937106918,0.7791430577635765
2022,00-0033280,Christian McCaffrey,RB,SF,target,65,47,0.7230769230769231,0.7076923076923077,0.727585863150083
2022,00-0033282,Curtis Samuel,WR,WAS,target,93,44,0.4731182795698925,0.6021505376344086,0.3326958671955376
2022,00-0033288,George Kittle,TE,SF,target,86,58,0.6744186046511628,0.6744186046511628,0.6662562482030574
2022,00-0033293,Aaron Jones,RB,GB,carry,213,115,0.539906103286385,0.9061032863849765,0.5577391515755937
2022,00-0033293,Aaron Jones,RB,GB,target,73,47,0.6438356164383562,0.7945205479452054,0.48970162087441615
2022,00-0033307,Kendrick Bourne,WR,NE,target,48,24,0.5,0.6875,0.3713153088659359
2022,00-0033308,Matt Breida,RB,NYG,carry,54,23,0.42592592592592593,0.8888888888888888,0.45667146451564306
2022,00-0033466,Isaiah McKenzie,WR,BUF,target,65,44,0.676923076923077,0.676923076923077,0.6848375464861209
2022,00-0033526,Samaje Perine,RB,CIN,carry,96,45,0.46875,0.9166666666666666,0.7144466674937479
2022,00-0033526,Samaje Perine,RB,CIN,target,51,29,0.5686274509803921,0.6666666666666666,0.6060272090173527
2022,00-0033536,Mike Williams,WR,LAC,target,93,51,0.5483870967741935,0.6881720430107527,0.5972066285244035
2022,00-0033553,James Conner,RB,ARI,carry,183,113,0.6174863387978142,0.8469945355191257,0.40881242938994145
2022,00-0033553,James Conner,RB,ARI,target,58,34,0.5862068965517241,0.7586206896551724,0.2586279402678664
2022,00-0033555,Mack Hollins,WR,LV,target,94,45,0.4787234042553192,0.6808510638297872,0.4357672874333381
2022,00-0033591,Noah Brown,WR,DAL,target,75,45,0.6,0.6133333333333333,0.5786304932895192
2022,00-0033699,Austin Ekeler,RB,LAC,carry,204,121,0.5931372549019608,0.8774509803921569,0.6125931761660683
2022,00-0033699,Austin Ekeler,RB,LAC,target,127,63,0.49606299212598426,0.8110236220472441,0.4912934171520109
2022,00-0033757,Robert Tonyan,TE,GB,target,67,30,0.44776119402985076,0.7164179104477612,0.4826723356920629
2022,00-0033854,Dare Ogunbowale,RB,HOU,carry,43,26,0.6046511627906976,0.813953488372093,0.34652819787780204
2022,00-0033856,Leonard Fournette,RB,TB,carry,189,132,0.6984126984126984,0.8571428571428571,0.6534925092890254
2022,00-0033856,Leonard Fournette,RB,TB,target,83,38,0.4578313253012048,0.8313253012048193,0.4645732861258858
2022,00-0033857,JuJu Smith-Schuster,WR,KC,target,102,53,0.5196078431372549,0.7254901960784313,0.7311465661674054
2022,00-0033871,Corey Davis,WR,NYJ,target,64,28,0.4375,0.578125,0.2694654506660754
2022,00-0033881,Evan Engram,TE,JAX,target,101,50,0.49504950495049505,0.7128712871287128,0.4724435904968326
2022,00-0033885,David Njoku,TE,CLE,target,80,50,0.625,0.6875,0.4064951946187647
2022,00-0033891,Zay Jones,WR,JAX,target,122,56,0.45901639344262296,0.6885245901639344,0.4527356146833568
2022,00-0033893,Dalvin Cook,RB,MIN,carry,264,149,0.5643939393939394,0.9545454545454546,0.6183513648149638
2022,00-0033893,Dalvin Cook,RB,MIN,target,56,19,0.3392857142857143,0.7857142857142857,0.5001501371183881
2022,00-0033895,Gerald Everett,TE,LAC,target,88,42,0.4772727272727273,0.7045454545454546,0.5051984004260845
2022,00-0033897,Joe Mixon,RB,CIN,carry,210,82,0.3904761904761905,0.9285714285714286,0.694316889157008
2022,00-0033897,Joe Mixon,RB,CIN,target,75,36,0.48,0.9333333333333333,0.6438619450964325
2022,00-0033906,Alvin Kamara,RB,NO,carry,223,128,0.5739910313901345,0.9192825112107623,0.6048114559837124
2022,00-0033906,Alvin Kamara,RB,NO,target,77,35,0.45454545454545453,0.8311688311688312,0.44119731905528453
2022,00-0033908,Cooper Kupp,WR,LA,target,98,60,0.6122448979591837,0.7857142857142857,0.4989448641685232
2022,00-0033921,Chris Godwin,WR,TB,target,145,83,0.5724137931034483,0.696551724137931,0.4849272573081713
2022,00-0033923,Kareem Hunt,RB,CLE,carry,123,69,0.5609756097560976,0.8048780487804879,0.6209041870679948
2022,00-0033923,Kareem Hunt,RB,CLE,target,44,28,0.6363636363636364,0.6818181818181818,0.45576968394743744
2022,00-0033925,D'Onta Foreman,RB,CAR,carry,204,113,0.553921568627451,0.9215686274509803,0.5817435610900277
2022,00-0033943,Josh Reynolds,WR,DET,target,59,26,0.4406779661016949,0.7966101694915254,0.40050298107537124
2022,00-0033948,Jamaal Williams,RB,DET,carry,263,147,0.55893536121673,0.8859315589353612,0.5425988937275268
2022,00-0034115,Jeffery Wilson,RB,MIA,carry,84,50,0.5952380952380952,0.9047619047619048,0.6777906967770486
2022,00-0034115,Jeffery Wilson,RB,SF,carry,92,60,0.6521739130434783,0.9456521739130435,0.7582902129253616
2022,00-0034184,Gus Edwards,RB,BAL,carry,87,64,0.735632183908046,0.8620689655172413,0.6406903980278421
2022,00-0034270,Tyler Conklin,TE,NYJ,target,87,42,0.4827586206896552,0.5977011494252874,0.28604509880640494
2022,00-0034272,Marquez Valdes-Scantling,WR,KC,target,81,43,0.5308641975308642,0.7037037037037037,0.7114174457979792
2022,00-0034286,Richie James,WR,NYG,target,70,33,0.4714285714285714,0.6571428571428571,0.3102315167404023
2022,00-0034348,Courtland Sutton,WR,DEN,target,109,69,0.6330275229357798,0.6972477064220184,0.43870635653561
2022,00-0034351,Dallas Goedert,TE,PHI,target,69,38,0.5507246376811594,0.8260869565217391,0.7709821754175683
2022,00-0034364,Jordan Akins,TE,HOU,target,56,25,0.44642857142857145,0.5714285714285714,0.2434589135473061
2022,00-0034383,Dalton Schultz,TE,DAL,target,89,53,0.5955056179775281,0.8314606741573034,0.6396814064112762
2022,00-0034411,Russell Gage,WR,TB,target,72,35,0.4861111111111111,0.7222222222222222,0.4513974365636629
2022,00-0034414,Boston Scott,RB,PHI,carry,54,10,0.18518518518518517,0.8703703703703703,0.8983140157328712
2022,00-0034440,Justin Jackson,RB,DET,carry,43,26,0.6046511627906976,0.8837209302325582,0.5150382664262981
2022,00-0034487,Trent Sherfield,WR,MIA,target,51,31,0.6078431372549019,0.6078431372549019,0.5079145817926116
2022,00-0034521,Allen Lazard,WR,GB,target,101,55,0.5445544554455446,0.6435643564356436,0.520877805663026
2022,00-0034681,Chase Edmonds,RB,MIA,carry,42,20,0.47619047619047616,0.8809523809523809,0.6013602514174723
2022,00-0034750,Rashaad Penny,RB,SEA,carry,57,42,0.7368421052631579,0.9122807017543859,0.5127693682647588
2022,00-0034753,Mark Andrews,TE,BAL,target,114,77,0.6754385964912281,0.7456140350877193,0.6713862828527365
2022,00-0034764,Michael Gallup,WR,DAL,target,74,49,0.6621621621621622,0.5675675675675675,0.6295089705680447
2022,00-0034775,Christian Kirk,WR,JAX,target,134,63,0.4701492537313433,0.7089552238805971,0.40066946233873624
2022,00-0034777,D.J. Chark,WR,DET,target,52,26,0.5,0.5384615384615384,0.5181057642822942
2022,00-0034791,Nick Chubb,RB,CLE,carry,303,182,0.6006600660066007,0.9405940594059405,0.5488216582979968
2022,00-0034827,D.J. Moore,WR,CAR,target,118,67,0.5677966101694916,0.6779661016949152,0.4145880531893407
2022,00-0034829,Mike Gesicki,TE,MIA,target,53,21,0.39622641509433965,0.71698113207547165,0.4300996843915222
2022,00-0034830,Hayden Hurst,TE,CIN,target,68,37,0.5441176470588235,0.6764705882352942,0.5988216317125667
2022,00-0034838,Royce Freeman,RB,HOU,carry,41,27,0.6585365853658537,0.926829268292683,0.3797310163756664
2022,00-0034844,Saquon Barkley,RB,NYG,carry,295,178,0.6033898305084746,0.9559322033898305,0.4996589815930733
2022,00-0034844,Saquon Barkley,RB,NYG,target,77,41,0.5324675324675324,0.7532467532467533,0.3626244444228322
2022,00-0034860,Dante Pettis,WR,CHI,target,42,22,0.5238095238095238,0.47619047619047616,0.21910885037655295
2022,00-0034960,Jakobi Meyers,WR,NE,target,98,46,0.46938775510204084,0.6020408163265306,0.5187515063600197
2022,00-0034972,Alexander Mattison,RB,MIN,carry,74,31,0.4189189189189189,0.9459459459459459,0.5857224451130506
2022,00-0034975,Justice Hill,RB,BAL,carry,49,24,0.4897959183673469,0.8979591836734694,0.6225534182574067
2022,00-0034981,Foster Moreau,TE,LV,target,54,29,0.5370370370370371,0.7777777777777778,0.43832298994325186
2022,00-0034983,Hunter Renfrow,WR,LV,target,51,19,0.37254901960784315,0.6078431372549019,0.43177899048328466
2022,00-0035208,Olamide Zaccheaus,WR,ATL,target,61,28,0.45901639344262296,0.6721311475409836,0.332080071043895
2022,00-0035216,Diontae Johnson,WR,PIT,target,149,88,0.5906040268456376,0.7315436241610739,0.40207171695137645
2022,00-0035229,T.J. Hockenson,TE,DET,target,44,22,0.5,0.7727272727272727,0.36145644409565875
2022,00-0035229,T.J. Hockenson,TE,MIN,target,87,40,0.45977011494252873,0.6206896551724138,0.4074725161990688
2022,00-0035243,Miles Sanders,RB,PHI,carry,260,119,0.4576923076923077,0.9,0.7758894051776412
2022,00-0035250,Devin Singletary,RB,BUF,carry,177,101,0.5706214689265536,0.9322033898305084,0.7709004184452153
2022,00-0035250,Devin Singletary,RB,BUF,target,52,40,0.7692307692307693,0.8461538461538461,0.7152176020810237
2022,00-0035261,Tony Pollard,RB,DAL,carry,193,120,0.6217616580310881,0.9119170984455959,0.6674230807247317
2022,00-0035261,Tony Pollard,RB,DAL,target,55,26,0.4727272727272727,0.7818181818181819,0.6194401773135971
2022,00-0035298,Scott Miller,WR,TB,target,40,14,0.35,0.775,0.5040670607530047
2022,00-0035500,Greg Dortch,WR,ARI,target,64,27,0.421875,0.65625,0.20936146693722435
2022,00-0035535,Darius Slayton,WR,NYG,target,71,34,0.4788732394366197,0.7887323943661971,0.3972743747536172
2022,00-0035639,Parris Campbell,WR,IND,target,92,35,0.3804347826086957,0.6956521739130435,0.36241805369562086
2022,00-0035640,DK Metcalf,WR,SEA,target,142,85,0.5985915492957746,0.7253521126760564,0.458761869106042
2022,00-0035644,Noah Fant,TE,SEA,target,63,39,0.6190476190476191,0.7936507936507936,0.44657182439261794
2022,00-0035657,Damien Harris,RB,NE,carry,106,75,0.7075471698113207,0.9339622641509434,0.4808995371491139
2022,00-0035659,Terry McLaurin,WR,WAS,target,120,66,0.55,0.6416666666666667,0.39040373456009547
2022,00-0035662,Marquise Brown,WR,ARI,target,107,59,0.5514018691588785,0.6728971962616822,0.2736463880949748
2022,00-0035676,A.J. Brown,WR,PHI,target,145,80,0.5517241379310345,0.7448275862068966,0.762409496153223
2022,00-0035685,David Montgomery,RB,CHI,carry,201,110,0.5472636815920398,0.8706467661691543,0.30054387497473006
2022,00-0035685,David Montgomery,RB,CHI,target,40,19,0.475,0.6,0.20092351584003154
2022,00-0035689,Dawson Knox,TE,BUF,target,65,44,0.676923076923077,0.7846153846153846,0.7160490428939319
2022,00-0035700,Josh Jacobs,RB,LV,carry,341,182,0.533724340175953,0.9120234604105572,0.541609611120826
2022,00-0035700,Josh Jacobs,RB,LV,target,64,28,0.4375,0.96875,0.38997725343256207
2022,00-0035719,Deebo Samuel,WR,SF,target,94,56,0.5957446808510638,0.7872340425531915,0.6814522972600436
2022,00-0035806,Jamycal Hasty,RB,JAX,carry,46,25,0.5434782608695652,0.8913043478260869,0.6024680400024289
2022,00-0035831,James Robinson,RB,JAX,carry,81,47,0.5802469135802469,0.8641975308641975,0.6215242146525854
2022,00-0036040,Juwan Johnson,TE,NO,target,65,35,0.5384615384615384,0.676923076923077,0.4427651459431778
2022,00-0036158,J.K. Dobbins,RB,BAL,carry,92,78,0.8478260869565217,0.9565217391304348,0.6607394260556801
2022,00-0036165,Isaiah Hodgins,WR,NYG,target,43,23,0.5348837209302325,0.6744186046511628,0.353098309587357
2022,00-0036182,Nick Westbrook-Ikhine,WR,TEN,target,50,27,0.54,0.6,0.4396574891422643
2022,00-0036196,Gabe Davis,WR,BUF,target,93,64,0.6881720430107527,0.6989247311827957,0.7475747291339181
2022,00-0036223,Jonathan Taylor,RB,IND,carry,192,121,0.6302083333333334,0.875,0.42810119536171953
2022,00-0036223,Jonathan Taylor,RB,IND,target,42,26,0.6190476190476191,0.6666666666666666,0.3855671728099076
2022,00-0036232,Harrison Bryant,TE,CLE,target,43,28,0.6511627906976745,0.7674418604651163,0.445086639908386
2022,00-0036233,Donovan Peoples-Jones,WR,CLE,target,96,49,0.5104166666666666,0.65625,0.36558410962334165
2022,00-0036251,Zack Moss,RB,IND,carry,76,20,0.2631578947368421,0.9342105263157895,0.48125727154761555
2022,00-0036252,Michael Pittman,WR,IND,target,142,59,0.4154929577464789,0.6408450704225352,0.3715627546622932
2022,00-0036259,Jauan Jennings,WR,SF,target,56,31,0.5535714285714286,0.4642857142857143,0.6808327693522317
2022,00-0036261,Brandon Aiyuk,WR,SF,target,114,67,0.5877192982456141,0.7543859649122807,0.6708618534683953
2022,00-0036265,A.J. Dillon,RB,GB,carry,186,101,0.543010752688172,0.8870967741935484,0.5730306076258923
2022,00-0036265,A.J. Dillon,RB,GB,target,43,21,0.4883720930232558,0.813953488372093,0.44453148838798623
2022,00-0036271,Quez Watkins,WR,PHI,target,51,32,0.6274509803921569,0.7254901960784313,0.7408441335839384
2022,00-0036275,D'Andre Swift,RB,DET,carry,100,47,0.47,0.82,0.5569876967865227
2022,00-0036275,D'Andre Swift,RB,DET,target,70,38,0.5428571428571428,0.7857142857142857,0.5072984367255621
2022,00-0036290,Cole Kmet,TE,CHI,target,70,34,0.4857142857142857,0.7571428571428571,0.28612069745796553
2022,00-0036309,Darnell Mooney,WR,CHI,target,62,38,0.6129032258064516,0.7096774193548387,0.3381121087086297
2022,00-0036322,Justin Jefferson,WR,MIN,target,185,104,0.5621621621621622,0.7351351351351352,0.5169144675030198
2022,00-0036326,Chase Claypool,WR,PIT,target,50,20,0.4,0.66,0.24846606801884263
2022,00-0036328,Antonio Gibson,RB,WAS,carry,149,89,0.5973154362416108,0.9194630872483222,0.49063365146867
2022,00-0036328,Antonio Gibson,RB,WAS,target,58,29,0.5,0.8103448275862069,0.46658287526525816
2022,00-0036331,Devin Duvernay,WR,BAL,target,49,36,0.7346938775510204,0.7959183673469388,0.6695471909277293
2022,00-0036345,K.J. Osborn,WR,MIN,target,90,30,0.3333333333333333,0.7,0.44417221604605095
2022,00-0036358,CeeDee Lamb,WR,DAL,target,156,86,0.5512820512820513,0.7243589743589743,0.6213098646739337
2022,00-0036360,Clyde Edwards-Helaire,RB,KC,carry,71,40,0.5633802816901409,0.9577464788732394,0.7115897897263648
2022,00-0036370,Joshua Kelley,RB,LAC,carry,69,50,0.7246376811594203,0.8985507246376812,0.6877268110426182
2022,00-0036383,Eno Benjamin,RB,ARI,carry,71,40,0.5633802816901409,0.9436619718309859,0.3749146394441229
2022,00-0036407,Jerry Jeudy,WR,DEN,target,100,60,0.6,0.74,0.38585608926878184
2022,00-0036410,Tee Higgins,WR,CIN,target,110,53,0.4818181818181818,0.8,0.6603894853795669
2022,00-0036414,Cam Akers,RB,LA,carry,188,108,0.574468085106383,0.9308510638297872,0.4522664559978131
2022,00-0036415,Van Jefferson,WR,LA,target,44,19,0.4318181818181818,0.7045454545454546,0.345985544949971
2022,00-0036493,Deon Jackson,RB,IND,carry,68,28,0.4117647058823529,0.9264705882352942,0.4159173050666942
2022,00-0036554,Nico Collins,WR,HOU,target,66,34,0.5151515151515151,0.696969696969697,0.20417764628302512
2022,00-0036555,Chuba Hubbard,RB,CAR,carry,95,57,0.6,0.7578947368421053,0.5716518342494965
2022,00-0036567,Elijah Mitchell,RB,SF,carry,45,28,0.6222222222222222,0.9555555555555556,0.8197304341528151
2022,00-0036572,Shi Smith,WR,CAR,target,42,20,0.47619047619047616,0.7142857142857143,0.35926605846824666
2022,00-0036613,Jaylen Waddle,WR,MIA,target,118,64,0.5423728813559322,0.6779661016949152,0.4772887676556564
2022,00-0036829,Caleb Huntley,RB,ATL,carry,76,41,0.5394736842105263,0.9605263157894737,0.4420320689555649
2022,00-0036862,Ben Skowronek,WR,LA,target,61,26,0.4262295081967213,0.7049180327868853,0.32546908646863976
2022,00-0036875,Rhamondre Stevenson,RB,NE,carry,210,108,0.5142857142857142,0.8761904761904762,0.5642185064703447
2022,00-0036875,Rhamondre Stevenson,RB,NE,target,90,47,0.5222222222222223,0.7444444444444445,0.4077741023392572
2022,00-0036876,Kylen Granson,TE,IND,target,40,19,0.475,0.725,0.4067350328405155
2022,00-0036893,Najee Harris,RB,PIT,carry,272,178,0.6544117647058824,0.9669117647058824,0.4838971609530265
2022,00-0036893,Najee Harris,RB,PIT,target,53,25,0.4716981132075472,0.7358490566037735,0.31440007017336713
2022,00-0036894,Pat Freiermuth,TE,PIT,target,98,51,0.5204081632653061,0.6530612244897959,0.3591035923107446
2022,00-0036900,Ja'Marr Chase,WR,CIN,target,134,46,0.34328358208955223,0.7089552238805971,0.6574464321358879
2022,00-0036906,Khalil Herbert,RB,CHI,carry,129,65,0.5038759689922481,0.9302325581395349,0.375903060872743
2022,00-0036912,DeVonta Smith,WR,PHI,target,137,77,0.5620437956204379,0.708029197080292,0.7338874918243197
2022,00-0036919,Kenneth Gainwell,RB,PHI,carry,53,20,0.37735849056603776,0.71698113207547165,0.8455431236411041
2022,00-0036924,Michael Carter,RB,NYJ,carry,114,70,0.6140350877192983,0.9385964912280702,0.44123911668072663
2022,00-0036924,Michael Carter,RB,NYJ,target,54,30,0.5555555555555556,0.8333333333333334,0.25882239934516194
2022,00-0036936,Rondale Moore,WR,ARI,target,56,34,0.6071428571428571,0.7321428571428571,0.3611744004966957
2022,00-0036955,Terrace Marshall,WR,CAR,target,47,23,0.48936170212765956,0.7659574468085106,0.3132871570441569
2022,00-0036963,Amon-Ra St. Brown,WR,DET,target,146,81,0.5547945205479452,0.6506849315068494,0.4934120934665346
2022,00-0036970,Kyle Pitts,TE,ATL,target,59,38,0.6440677966101694,0.6779661016949152,0.41980116139560686
2022,00-0036973,Travis Etienne,RB,JAX,carry,221,119,0.5384615384615384,0.9004524886877828,0.5416065419454346
2022,00-0036973,Travis Etienne,RB,JAX,target,45,17,0.37777777777777777,0.6222222222222222,0.4393632407196694
2022,00-0036980,Elijah Moore,WR,NYJ,target,65,30,0.46153846153846156,0.6153846153846154,0.2704028671079029
2022,00-0036988,Josh Palmer,WR,LAC,target,108,66,0.6111111111111112,0.6851851851851852,0.45183573147334094
2022,00-0036997,Javonte Williams,RB,DEN,carry,47,37,0.7872340425531915,0.9148936170212766,0.5588911778115212
2022,00-0037157,Zonovan Knight,RB,NYJ,carry,85,52,0.611764705882353,0.9529411764705882,0.4160978998112329
2022,00-0037197,Isiah Pacheco,RB,KC,carry,170,79,0.4647058823529412,0.9235294117647059,0.8227684452232686
2022,00-0037228,Jaylen Warren,RB,PIT,carry,77,43,0.5584415584415584,0.948051948051948,0.43788051195337785
2022,00-0037238,Drake London,WR,ATL,target,118,57,0.4830508474576271,0.7372881355932204,0.3580248013662364
2022,00-0037239,Chris Olave,WR,NO,target,120,53,0.44166666666666665,0.6166666666666667,0.41037092446363715
2022,00-0037247,George Pickens,WR,PIT,target,85,46,0.5411764705882353,0.6352941176470588,0.400779029282296
2022,00-0037248,James Cook,RB,BUF,carry,89,46,0.5168539325842697,0.9325842696629213,0.8523860804820329
2022,00-0037252,Greg Dulcich,TE,DEN,target,55,36,0.6545454545454545,0.7454545454545455,0.34351025115373146
2022,00-0037256,Rachaad White,RB,TB,carry,130,73,0.5615384615384615,0.8846153846153846,0.5756215563107123
2022,00-0037256,Rachaad White,RB,TB,target,58,29,0.5,0.7758620689655172,0.462447827126731
2022,00-0037258,Dameon Pierce,RB,HOU,carry,220,157,0.7136363636363636,0.9,0.2849772025124614
2022,00-0037263,Tyler Allgeier,RB,ATL,carry,211,100,0.47393364928909953,0.8578199052132701,0.4082002150383976
2022,00-0037525,Jordan Mason,RB,SF,carry,43,7,0.16279069767441862,0.9302325581395349,0.947960803675097
2022,00-0037664,Alec Pierce,WR,IND,target,78,37,0.47435897435897434,0.6794871794871795,0.3633764856065752
2022,00-0037740,Garrett Wilson,WR,NYJ,target,146,71,0.4863013698630137,0.678082191780822,0.27981002563020624
2022,00-0037741,Jahan Dotson,WR,WAS,target,63,26,0.4126984126984127,0.6507936507936508,0.2957888483062261
2022,00-0037742,Treylon Burks,WR,TEN,target,54,35,0.6481481481481481,0.7037037037037037,0.44988440314342304
2022,00-0037746,Brian Robinson,RB,WAS,carry,205,149,0.7268292682926829,0.8878048780487805,0.5042309441694582
2022,00-0037755,Jelani Woods,TE,IND,target,40,15,0.375,0.825,0.2707312038529153
2022,00-0037809,Chigoziem Okonkwo,TE,TEN,target,47,30,0.6382978723404256,0.723404255319149,0.4171221999033958
2022,00-0037816,Romeo Doubs,WR,GB,target,67,36,0.5373134328358209,0.7164179104477612,0.5731655858924487
2022,00-0037838,Isaiah Likely,TE,BAL,target,60,33,0.55,0.6166666666666667,0.5290213616002197
2022,00-0038104,Tyquan Thornton,WR,NE,target,45,22,0.4888888888888889,0.7111111111111111,0.5233315904068553
2022,00-0038120,Breece Hall,RB,NYJ,carry,80,55,0.6875,0.9125,0.49653099037241205
2022,00-0038124,Christian Watson,WR,GB,target,66,31,0.4696969696969697,0.6212121212121212,0.45996878048699175
2022,00-0038129,Cade Otton,TE,TB,target,65,24,0.36923076923076925,0.7692307692307693,0.4201354745924618
2022,00-0038134,Kenneth Walker,RB,SEA,carry,228,113,0.4956140350877193,0.8947368421052632,0.5502863740900803
2023,00-0030035,Adam Thielen,WR,CAR,target,138,72,0.5217391304347826,0.6231884057971014,0.22119162379130594
2023,00-0030061,Zach Ertz,TE,ARI,target,43,22,0.5116279069767442,0.627906976744186,0.24582059305333157
2023,00-0030279,Keenan Allen,WR,LAC,target,150,84,0.56,0.7,0.49683700879958137
2023,00-0030431,Robert Woods,WR,HOU,target,75,33,0.44,0.6266666666666667,0.4255650362568121
2023,00-0030506,Travis Kelce,TE,KC,target,121,75,0.6198347107438017,0.7851239669421488,0.6926123424748742
2023,00-0030513,Latavius Murray,RB,BUF,carry,79,35,0.4430379746835443,0.7468354430379747,0.731281512884771
2023,00-0030564,DeAndre Hopkins,WR,TEN,target,137,76,0.5547445255474452,0.7518248175182481,0.4128881697062327
2023,00-0030578,Cordarrelle Patterson,RB,ATL,carry,50,35,0.7,0.84,0.6022778309541172
2023,00-0031235,Odell Beckham Jr.,WR,BAL,target,64,42,0.65625,0.71875,0.7428241777306539
2023,00-0031236,Brandin Cooks,WR,DAL,target,82,29,0.35365853658536583,0.6829268292682927,0.7159569090785525
2023,00-0031260,Logan Thomas,TE,WAS,target,79,41,0.5189873417721519,0.7468354430379747,0.30797271534982085
2023,00-0031381,Davante Adams,WR,LV,target,175,100,0.5714285714285714,0.7314285714285714,0.3784296324396772
2023,00-0031408,Mike Evans,WR,TB,target,137,81,0.5912408759124088,0.6496350364963503,0.432430187529891
2023,00-0031428,Allen Robinson,WR,PIT,target,49,22,0.4489795918367347,0.6938775510204082,0.3621638286888495
2023,00-0031544,Amari Cooper,WR,CLE,target,130,69,0.5307692307692308,0.676923076923077,0.5540935388416472
2023,00-0031547,DeVante Parker,WR,NE,target,55,30,0.5454545454545454,0.6909090909090909,0.2824452235537386
2023,00-0031549,Nelson Agholor,WR,BAL,target,45,26,0.5777777777777777,0.6666666666666666,0.6225067368812032
2023,00-0031588,Stefon Diggs,WR,BUF,target,161,90,0.5590062111801242,0.7763975155279503,0.6535642002866493
2023,00-0031610,Darren Waller,TE,NYG,target,74,23,0.3108108108108108,0.6756756756756757,0.2453227157636098
2023,00-0031687,Raheem Mostert,RB,MIA,carry,209,109,0.5215311004784688,0.9569377990430622,0.7687903684427467
2023,00-0032211,Tyler Lockett,WR,SEA,target,124,76,0.6129032258064516,0.6935483870967742,0.45615469913582996
2023,00-0032464,Kalif Raymond,WR,DET,target,44,27,0.6136363636363636,0.75,0.5692616663979028
2023,00-0032764,Derrick Henry,RB,TEN,carry,280,175,0.625,0.9535714285714286,0.48824595038128277
2023,00-0032765,Michael Thomas,WR,NO,target,64,33,0.515625,0.65625,0.5613570087152766
2023,00-0033009,Tyler Boyd,WR,CIN,target,98,54,0.5510204081632653,0.6836734693877551,0.4402413213695637
2023,00-0033040,Tyreek Hill,WR,MIA,target,172,107,0.622093023255814,0.6976744186046512,0.6297133497199974
2023,00-0033045,Ezekiel Elliott,RB,NE,carry,184,102,0.5543478260869565,0.907608695652174,0.3909872718916573
2023,00-0033045,Ezekiel Elliott,RB,NE,target,65,30,0.46153846153846156,0.7846153846153846,0.33281968981791576
2023,00-0033090,Hunter Henry,TE,NE,target,61,26,0.4262295081967213,0.6721311475409836,0.28386490300431805
2023,00-0033110,Tyler Higbee,TE,LA,target,70,42,0.6,0.7714285714285715,0.5577032381948811
2023,00-0033280,Christian McCaffrey,RB,SF,carry,272,158,0.5808823529411765,0.9117647058823529,0.8355016878066475
2023,00-0033280,Christian McCaffrey,RB,SF,target,83,48,0.5783132530120482,0.7831325301204819,0.7383958958482078
2023,00-0033282,Curtis Samuel,WR,WAS,target,91,41,0.45054945054945056,0.7252747252747253,0.21316362790029028
2023,00-0033288,George Kittle,TE,SF,target,90,58,0.6444444444444445,0.7777777777777778,0.6887463729518156
2023,00-0033293,Aaron Jones,RB,GB,carry,142,92,0.647887323943662,0.9154929577464789,0.6210229539273072
2023,00-0033293,Aaron Jones,RB,GB,target,43,23,0.5348837209302325,0.7209302325581395,0.50050324101954
2023,00-0033307,Kendrick Bourne,WR,NE,target,55,15,0.2727272727272727,0.7636363636363637,0.27322311962922285
2023,00-0033308,Matt Breida,RB,NYG,carry,55,31,0.5636363636363636,0.8181818181818182,0.29699645926385443
2023,00-0033357,Taysom Hill,QB,NO,target,40,22,0.55,0.875,0.4955229160375893
2023,00-0033526,Samaje Perine,RB,DEN,carry,53,28,0.5283018867924528,0.7547169811320755,0.48410077552981884
2023,00-0033526,Samaje Perine,RB,DEN,target,56,27,0.48214285714285715,0.7321428571428571,0.44850070131672376
2023,00-0033553,James Conner,RB,ARI,carry,210,107,0.5095238095238095,0.919047619047619,0.4029548029723977
2023,00-0033591,Noah Brown,WR,HOU,target,56,28,0.5,0.5178571428571429,0.3785969930145623
2023,00-0033699,Austin Ekeler,RB,LAC,carry,179,102,0.5698324022346368,0.8715083798882681,0.48643574905994763
2023,00-0033699,Austin Ekeler,RB,LAC,target,74,38,0.5135135135135135,0.8243243243243243,0.45307573511710775
2023,00-0033857,JuJu Smith-Schuster,WR,NE,target,47,16,0.3404255319148936,0.6170212765957447,0.3103398527442512
2023,00-0033858,Jonnu Smith,TE,ATL,target,70,41,0.5857142857142857,0.8,0.41368174508762817
2023,00-0033881,Evan Engram,TE,JAX,target,144,57,0.3958333333333333,0.7361111111111112,0.4670071815386253
2023,00-0033885,David Njoku,TE,CLE,target,123,70,0.5691056910569106,0.6829268292682927,0.5048338269996572
2023,00-0033891,Zay Jones,WR,JAX,target,64,30,0.46875,0.65625,0.4252977736032335
2023,00-0033893,Dalvin Cook,RB,NYJ,carry,67,40,0.5970149253731343,0.9402985074626866,0.3708230310481097
2023,00-0033895,Gerald Everett,TE,LAC,target,70,41,0.5857142857142857,0.7428571428571429,0.3739055965279215
2023,00-0033897,Joe Mixon,RB,CIN,carry,257,158,0.6147859922178989,0.9105058365758755,0.562306558255696
2023,00-0033897,Joe Mixon,RB,CIN,target,65,42,0.6461538461538462,0.9076923076923077,0.47875882381785373
2023,00-0033906,Alvin Kamara,RB,NO,carry,182,92,0.5054945054945055,0.8956043956043956,0.5370191133144302
2023,00-0033906,Alvin Kamara,RB,NO,target,87,35,0.40229885057471265,0.735632183908046,0.40101046027110937
2023,00-0033908,Cooper Kupp,WR,LA,target,97,62,0.6391752577319587,0.6701030927835051,0.5429990807680496
2023,00-0033921,Chris Godwin,WR,TB,target,131,73,0.5572519083969466,0.6106870229007634,0.44952299361445985
2023,00-0033923,Kareem Hunt,RB,CLE,carry,135,63,0.4666666666666667,0.7925925925925926,0.5781717551251252
2023,00-0033925,D'Onta Foreman,RB,CHI,carry,109,72,0.6605504587155964,0.944954128440367,0.45095003467937517
2023,00-0033943,Josh Reynolds,WR,DET,target,64,33,0.515625,0.6875,0.618095907568204
2023,00-0033948,Jamaal Williams,RB,NO,carry,106,57,0.5377358490566038,0.8867924528301887,0.6685616582311372
2023,00-0034115,Jeff Wilson,RB,MIA,carry,41,19,0.4634146341463415,0.926829268292683,0.6893106333729697
2023,00-0034184,Gus Edwards,RB,BAL,carry,199,99,0.49748743718592964,0.9045226130653267,0.8102979982797638
2023,00-0034270,Tyler Conklin,TE,NYJ,target,87,30,0.3448275862068966,0.5402298850574713,0.2919766359682502
2023,00-0034272,Marquez Valdes-Scantling,WR,KC,target,42,23,0.5476190476190477,0.6666666666666666,0.596405247581147
2023,00-0034348,Courtland Sutton,WR,DEN,target,91,43,0.4725274725274725,0.6703296703296703,0.37719000163142735
2023,00-0034351,Dallas Goedert,TE,PHI,target,83,54,0.6506024096385542,0.7108433734939759,0.7379775477281536
2023,00-0034383,Dalton Schultz,TE,HOU,target,89,47,0.5280898876404494,0.6292134831460674,0.4213231181511064
2023,00-0034386,Justin Watson,WR,KC,target,53,32,0.6037735849056604,0.5094339622641509,0.6248670247084689
2023,00-0034521,Allen Lazard,WR,NYJ,target,49,20,0.40816326530612246,0.7551020408163265,0.24549792788397728
2023,00-0034613,Tanner Hudson,TE,CIN,target,50,32,0.64,0.6,0.4608466502721421
2023,00-0034646,Brandon Powell,WR,MIN,target,44,18,0.4090909090909091,0.5227272727272727,0.4528102559779654
2023,00-0034681,Chase Edmonds,RB,TB,carry,49,26,0.5306122448979592,1,0.5863914166444115
2023,00-0034753,Mark Andrews,TE,BAL,target,61,38,0.6229508196721312,0.8032786885245902,0.772226782256096
2023,00-0034764,Michael Gallup,WR,DAL,target,57,28,0.49122807017543857,0.7894736842105263,0.6376986037249049
2023,00-0034775,Christian Kirk,WR,JAX,target,85,42,0.49411764705882355,0.6941176470588235,0.5493445273258711
2023,00-0034777,D.J. Chark,WR,CAR,target,66,27,0.4090909090909091,0.5909090909090909,0.16703645577074366
2023,00-0034798,Durham Smythe,TE,MIA,target,43,28,0.6511627906976745,0.7441860465116279,0.5616034713581707
2023,00-0034827,D.J. Moore,WR,CHI,target,138,70,0.5072463768115942,0.5942028985507246,0.4965316903439301
2023,00-0034829,Mike Gesicki,TE,NE,target,46,20,0.43478260869565216,0.5434782608695652,0.2625900540996869
2023,00-0034837,Calvin Ridley,WR,JAX,target,137,74,0.5401459854014599,0.7372262773722628,0.5167689813352012
2023,00-0034838,Royce Freeman,RB,LA,carry,77,37,0.4805194805194805,0.8571428571428571,0.47671723134060984
2023,00-0034844,Saquon Barkley,RB,NYG,carry,248,130,0.5241935483870968,0.8830645161290323,0.38214011971754414
2023,00-0034844,Saquon Barkley,RB,NYG,target,61,28,0.45901639344262296,0.5901639344262295,0.282794802443241
2023,00-0034960,Jakobi Meyers,WR,LV,target,106,55,0.5188679245283019,0.6509433962264151,0.4195053097198911
2023,00-0034972,Alexander Mattison,RB,MIN,carry,180,119,0.6611111111111111,0.9666666666666667,0.5538839708913454
2023,00-0034972,Alexander Mattison,RB,MIN,target,44,27,0.6136363636363636,0.7727272727272727,0.4711635533359103
2023,00-0034975,Justice Hill,RB,BAL,carry,84,40,0.47619047619047616,0.8571428571428571,0.825636954179832
2023,00-0035216,Diontae Johnson,WR,PIT,target,87,47,0.5402298850574713,0.5517241379310345,0.429270245303432
2023,00-0035229,T.J. Hockenson,TE,MIN,target,127,74,0.5826771653543307,0.6850393700787402,0.5169717856457339
2023,00-0035243,Miles Sanders,RB,CAR,carry,129,81,0.627906976744186,0.937984496124031,0.2739196327946878
2023,00-0035243,Miles Sanders,RB,CAR,target,41,11,0.2682926829268293,0.7804878048780488,0.20226502928048057
2023,00-0035250,Devin Singletary,RB,HOU,carry,216,119,0.5509259259259259,0.9444444444444444,0.5843005335352953
2023,00-0035261,Tony Pollard,RB,DAL,carry,253,124,0.4901185770750988,0.9051383399209486,0.7188547738603971
2023,00-0035261,Tony Pollard,RB,DAL,target,67,31,0.4626865671641791,0.7910447761194029,0.6822312657079319
2023,00-0035329,Donald Parham,TE,LAC,target,41,23,0.5609756097560976,0.6097560975609756,0.5598113587035275
2023,00-0035500,Greg Dortch,WR,ARI,target,41,12,0.2926829268292683,0.7073170731707317,0.1920133269375627
2023,00-0035535,Darius Slayton,WR,NYG,target,79,34,0.43037974683544306,0.6835443037974683,0.23453649741552707
2023,00-0035567,Craig Reynolds,RB,DET,carry,41,15,0.36585365853658536,0.9024390243902439,0.7855162036650609
2023,00-0035628,D'Ernest Johnson,RB,JAX,carry,41,17,0.4146341463414634,0.8780487804878049,0.6034920949175835
2023,00-0035640,DK Metcalf,WR,SEA,target,119,73,0.6134453781512605,0.7394957983193278,0.4481740232348929
2023,00-0035644,Noah Fant,TE,SEA,target,43,26,0.6046511627906976,0.7441860465116279,0.4335628892998969
2023,00-0035659,Terry McLaurin,WR,WAS,target,132,57,0.4318181818181818,0.6818181818181818,0.254910270316038
2023,00-0035662,Marquise Brown,WR,ARI,target,104,53,0.5096153846153846,0.5961538461538461,0.23960268435268212
2023,00-0035664,Darrell Henderson,RB,LA,carry,46,29,0.6304347826086957,0.9347826086956522,0.3705803412809947
2023,00-0035676,A.J. Brown,WR,PHI,target,158,78,0.4936708860759494,0.740506329113924,0.6294210649111499
2023,00-0035685,David Montgomery,RB,DET,carry,219,119,0.54337899543379,0.8538812785388128,0.7010121182729937
2023,00-0035700,Josh Jacobs,RB,LV,carry,233,148,0.6351931330472103,0.9184549356223176,0.4542251750686937
2023,00-0035700,Josh Jacobs,RB,LV,target,54,26,0.48148148148148145,0.9074074074074074,0.28603705807795954
2023,00-0035719,Deebo Samuel,WR,SF,target,89,53,0.5955056179775281,0.7528089887640449,0.798703588639501
2023,00-0036040,Juwan Johnson,TE,NO,target,59,35,0.5932203389830508,0.6101694915254238,0.5552525286911987
2023,00-0036139,Rico Dowdle,RB,DAL,carry,89,31,0.34831460674157305,0.9550561797752809,0.8042555993234406
2023,00-0036182,Nick Westbrook-Ikhine,WR,TEN,target,46,24,0.5217391304347826,0.717391304347826,0.4587385177545138
2023,00-0036196,Gabe Davis,WR,BUF,target,82,45,0.5487804878048781,0.7195121951219512,0.6876455862863137
2023,00-0036223,Jonathan Taylor,RB,IND,carry,169,104,0.6153846153846154,0.8461538461538461,0.5339538034385058
2023,00-0036251,Zack Moss,RB,IND,carry,183,105,0.5737704918032787,0.8907103825136612,0.4732205299183451
2023,00-0036252,Michael Pittman,WR,IND,target,158,90,0.569620253164557,0.7658227848101266,0.45386125067437566
2023,00-0036261,Brandon Aiyuk,WR,SF,target,105,64,0.6095238095238096,0.7428571428571429,0.707666447627846
2023,00-0036265,AJ Dillon,RB,GB,carry,178,98,0.550561797752809,0.8932584269662921,0.5212777253669383
2023,00-0036275,D'Andre Swift,RB,PHI,carry,229,122,0.5327510917030568,0.9432314410480349,0.7032880443433002
2023,00-0036275,D'Andre Swift,RB,PHI,target,49,33,0.673469387755102,0.9183673469387755,0.6434040085605004
2023,00-0036290,Cole Kmet,TE,CHI,target,90,50,0.5555555555555556,0.7222222222222222,0.4016043634795298
2023,00-0036309,Darnell Mooney,WR,CHI,target,61,36,0.5901639344262295,0.6721311475409836,0.434656157718385
2023,00-0036322,Justin Jefferson,WR,MIN,target,100,42,0.42,0.71,0.33390511544843315
2023,00-0036328,Antonio Gibson,RB,WAS,carry,65,30,0.46153846153846156,0.9230769230769231,0.2560817381268162
2023,00-0036328,Antonio Gibson,RB,WAS,target,59,18,0.3050847457627119,0.711864406779661,0.19189341224707387
2023,00-0036345,K.J. Osborn,WR,MIN,target,75,44,0.5866666666666667,0.6533333333333333,0.48244539861877755
2023,00-0036358,CeeDee Lamb,WR,DAL,target,182,95,0.521978021978022,0.7197802197802198,0.6918601318593437
2023,00-0036360,Clyde Edwards-Helaire,RB,KC,carry,70,31,0.44285714285714284,0.9428571428571428,0.7600536029253687
2023,00-0036370,Joshua Kelley,RB,LAC,carry,107,66,0.616822429906542,0.897196261682243,0.6188392195109482
2023,00-0036407,Jerry Jeudy,WR,DEN,target,87,41,0.47126436781609193,0.7011494252873564,0.39044386678014936
2023,00-0036410,Tee Higgins,WR,CIN,target,76,43,0.5657894736842105,0.6973684210526315,0.4489890033942892
2023,00-0036550,Rashod Bateman,WR,BAL,target,56,42,0.75,0.7321428571428571,0.7437415740319661
2023,00-0036554,Nico Collins,WR,HOU,target,109,54,0.4954128440366973,0.6238532110091743,0.5353748231973109
2023,00-0036555,Chuba Hubbard,RB,CAR,carry,238,134,0.5630252100840336,0.8487394957983193,0.2601094321746912
2023,00-0036555,Chuba Hubbard,RB,CAR,target,44,15,0.3409090909090909,0.7272727272727273,0.17895363769713932
2023,00-0036567,Elijah Mitchell,RB,SF,carry,75,36,0.48,0.9066666666666666,0.888349351088206
2023,00-0036613,Jaylen Waddle,WR,MIA,target,104,62,0.5961538461538461,0.7115384615384616,0.7263657012784699
2023,00-0036637,Noah Gray,TE,KC,target,41,23,0.5609756097560976,0.7804878048780488,0.6442231506836124
2023,00-0036849,Tutu Atwell,WR,LA,target,68,31,0.45588235294117646,0.6764705882352942,0.36952085311946575
2023,00-0036875,Rhamondre Stevenson,RB,NE,carry,156,88,0.5641025641025641,0.8910256410256411,0.3824223965241462
2023,00-0036875,Rhamondre Stevenson,RB,NE,target,51,28,0.5490196078431373,0.7058823529411765,0.36753403629158055
2023,00-0036876,Kylen Granson,TE,IND,target,50,26,0.52,0.56,0.3826421722397208
2023,00-0036893,Najee Harris,RB,PIT,carry,256,154,0.6015625,0.95703125,0.5500904560945351
2023,00-0036894,Pat Freiermuth,TE,PIT,target,48,26,0.5416666666666666,0.5625,0.4444151544191409
2023,00-0036900,Ja'Marr Chase,WR,CIN,target,145,95,0.6551724137931034,0.7655172413793103,0.5160267353664023
2023,00-0036906,Khalil Herbert,RB,CHI,carry,133,64,0.48120300751879697,0.9172932330827067,0.5934896762729731
2023,00-0036912,DeVonta Smith,WR,PHI,target,113,60,0.5309734513274337,0.7079646017699115,0.5628222741403869
2023,00-0036919,Kenneth Gainwell,RB,PHI,carry,85,47,0.5529411764705883,0.788235294117647,0.7380642648775787
2023,00-0036936,Rondale Moore,WR,ARI,target,63,36,0.5714285714285714,0.6031746031746031,0.2492341023929503
2023,00-0036963,Amon-Ra St. Brown,WR,DET,target,165,79,0.47878787878787876,0.7212121212121212,0.5834761472750561
2023,00-0036970,Kyle Pitts,TE,ATL,target,90,59,0.6555555555555556,0.6444444444444445,0.4642117146480208
2023,00-0036973,Travis Etienne,RB,JAX,carry,269,150,0.5576208178438662,0.895910780669145,0.6481991659969537
2023,00-0036973,Travis Etienne,RB,JAX,target,73,36,0.4931506849315068,0.863013698630137,0.5082590831060931
2023,00-0036980,Elijah Moore,WR,CLE,target,104,54,0.5192307692307693,0.6826923076923077,0.4911651478655235
2023,00-0036988,Josh Palmer,WR,LAC,target,61,32,0.5245901639344263,0.639344262295082,0.4680089829061381
2023,00-0036997,Javonte Williams,RB,DEN,carry,219,119,0.54337899543379,0.9041095890410958,0.5437566886984436
2023,00-0036997,Javonte Williams,RB,DEN,target,59,32,0.5423728813559322,0.9491525423728814,0.49113176494944116
2023,00-0037197,Isiah Pacheco,RB,KC,carry,206,117,0.5679611650485437,0.9271844660194175,0.752501318360923
2023,00-0037197,Isiah Pacheco,RB,KC,target,49,28,0.5714285714285714,0.9183673469387755,0.7270449182512808
2023,00-0037228,Jaylen Warren,RB,PIT,carry,149,80,0.5369127516778524,0.8993288590604027,0.5051876046473995
2023,00-0037228,Jaylen Warren,RB,PIT,target,74,36,0.4864864864864865,0.581081081081081,0.4364332113648227
2023,00-0037238,Drake London,WR,ATL,target,112,54,0.48214285714285715,0.6517857142857143,0.3968099614891575
2023,00-0037239,Chris Olave,WR,NO,target,139,62,0.4460431654676259,0.6330935251798561,0.4781174594548215
2023,00-0037240,Jameson Williams,WR,DET,target,42,28,0.6666666666666666,0.7380952380952381,0.555206820925984
2023,00-0037247,George Pickens,WR,PIT,target,106,55,0.5188679245283019,0.6698113207547169,0.4300989792470815
2023,00-0037248,James Cook,RB,BUF,carry,237,121,0.510548523206751,0.9831223628691983,0.7333905276698001
2023,00-0037248,James Cook,RB,BUF,target,54,29,0.5370370370370371,0.8888888888888888,0.6761667764922431
2023,00-0037256,Rachaad White,RB,TB,carry,272,161,0.5919117647058824,0.9044117647058824,0.5508384183468643
2023,00-0037256,Rachaad White,RB,TB,target,70,45,0.6428571428571429,0.7142857142857143,0.4269836466825966
2023,00-0037258,Dameon Pierce,RB,HOU,carry,145,77,0.5310344827586206,0.9517241379310345,0.5388651011528496
2023,00-0037261,Khalil Shakir,WR,BUF,target,46,24,0.5217391304347826,0.717391304347826,0.6510042614807253
2023,00-0037263,Tyler Allgeier,RB,ATL,carry,187,86,0.45989304812834225,0.893048128342246,0.5406954390759107
2023,00-0037267,Jerome Ford,RB,CLE,carry,206,100,0.4854368932038835,0.9077669902912622,0.6049418258257373
2023,00-0037267,Jerome Ford,RB,CLE,target,63,38,0.6031746031746031,0.7142857142857143,0.5329633430942017
2023,00-0037276,Ty Chandler,RB,MIN,carry,102,59,0.5784313725490197,0.9411764705882353,0.5288462763613402
2023,00-0037525,Jordan Mason,RB,SF,carry,40,15,0.375,0.875,0.9006912492215633
2023,00-0037545,Rashid Shaheed,WR,NO,target,75,40,0.5333333333333333,0.72,0.4895231749489903
2023,00-0037664,Alec Pierce,WR,IND,target,65,33,0.5076923076923077,0.676923076923077,0.3886829099044777
2023,00-0037740,Garrett Wilson,WR,NYJ,target,168,76,0.4523809523809524,0.7440476190476191,0.325572666526341
2023,00-0037741,Jahan Dotson,WR,WAS,target,83,49,0.5903614457831325,0.7469879518072289,0.306971894839972
2023,00-0037744,Trey McBride,TE,ARI,target,106,58,0.5471698113207547,0.7452830188679245,0.22747497030616803
2023,00-0037746,Brian Robinson,RB,WAS,carry,179,92,0.5139664804469274,0.9162011173184358,0.39009927667472405
2023,00-0037746,Brian Robinson,RB,WAS,target,43,25,0.5813953488372093,0.8604651162790697,0.28479212271063153
2023,00-0037809,Chigoziem Okonkwo,TE,TEN,target,77,39,0.5064935064935064,0.6493506493506493,0.3994077894985585
2023,00-0037816,Romeo Doubs,WR,GB,target,96,36,0.375,0.6875,0.4047817298742302
2023,00-0037838,Isaiah Likely,TE,BAL,target,40,28,0.7,0.75,0.7095469294989016
2023,00-0037840,Kyren Williams,RB,LA,carry,229,137,0.5982532751091703,0.868995633187773,0.6872778295887451
2023,00-0037840,Kyren Williams,RB,LA,target,48,30,0.625,0.8333333333333334,0.5883197617416347
2023,00-0038040,Zamir White,RB,LV,carry,104,36,0.34615384615384615,0.9519230769230769,0.6154481017615231
2023,00-0038041,Jake Ferguson,TE,DAL,target,102,48,0.47058823529411764,0.696078431372549,0.6540475060619607
2023,00-0038098,Pierre Strong,RB,CLE,carry,64,20,0.3125,0.96875,0.4847453601631176
2023,00-0038117,Wan'Dale Robinson,WR,NYG,target,78,48,0.6153846153846154,0.6923076923076923,0.2566005812577597
2023,00-0038120,Breece Hall,RB,NYJ,carry,224,122,0.5446428571428571,0.9107142857142857,0.4596969861422789
2023,00-0038120,Breece Hall,RB,NYJ,target,95,32,0.3368421052631579,0.7578947368421053,0.3432927794491038
2023,00-0038124,Christian Watson,WR,GB,target,53,23,0.4339622641509434,0.6415094339622641,0.35863028201362446
2023,00-0038129,Cade Otton,TE,TB,target,67,38,0.5671641791044776,0.746268656716418,0.41997078178735425
2023,00-0038134,Kenneth Walker,RB,SEA,carry,219,162,0.7397260273972602,0.954337899543379,0.5671314737278718
2023,00-0038393,Dontayvion Wicks,WR,GB,target,58,30,0.5172413793103449,0.6206896551724138,0.44849306311265663
2023,00-0038454,Keaton Mitchell,RB,BAL,carry,47,29,0.6170212765957447,0.9361702127659575,0.8038400873799432
2023,00-0038542,Bijan Robinson,RB,ATL,carry,214,130,0.6074766355140186,0.8878504672897196,0.4649106752769394
2023,00-0038542,Bijan Robinson,RB,ATL,target,86,55,0.6395348837209303,0.6511627906976745,0.4627528551483369
2023,00-0038543,Jaxon Smith-Njigba,WR,SEA,target,93,58,0.6236559139784946,0.5483870967741935,0.4386557421181664
2023,00-0038544,Quentin Johnston,WR,LAC,target,67,37,0.5522388059701493,0.6417910447761194,0.4731684106365121
2023,00-0038551,Kendre Miller,RB,NO,carry,41,20,0.4878048780487805,0.9024390243902439,0.7857740863067348
2023,00-0038555,Tank Bigsby,RB,JAX,carry,50,24,0.48,0.74,0.6993421241060422
2023,00-0038559,Michael Wilson,WR,ARI,target,58,19,0.3275862068965517,0.6379310344827587,0.20879536244846636
2023,00-0038597,Chase Brown,RB,CIN,carry,44,23,0.5227272727272727,0.9090909090909091,0.5498009304322873
2023,00-0038611,Chris Rodriguez,RB,WAS,carry,51,9,0.17647058823529413,0.8235294117647058,0.2864431784489223
2023,00-0038621,Demario Douglas,WR,NE,target,79,49,0.620253164556962,0.7088607594936709,0.3341027239572973
2023,00-0038705,Emari Demercado,RB,ARI,carry,58,41,0.7068965517241379,0.7931034482758621,0.20654188239734206
2023,00-0038794,Jaleel McLaughlin,RB,DEN,carry,76,44,0.5789473684210527,0.9473684210526315,0.4389034987342125
2023,00-0038933,Dalton Kincaid,TE,BUF,target,91,57,0.6263736263736264,0.7472527472527473,0.6324273938988592
2023,00-0038938,Jalin Hyatt,WR,NYG,target,40,24,0.6,0.6,0.29869245105619485
2023,00-0038977,Tank Dell,WR,HOU,target,76,45,0.5921052631578947,0.6973684210526315,0.457547427291802
2023,00-0038979,Cedric Tillman,WR,CLE,target,44,25,0.5681818181818182,0.6136363636363636,0.41442016139725724
2023,00-0038994,Jordan Addison,WR,MIN,target,108,61,0.5648148148148148,0.6574074074074074,0.4392149115855218
2023,00-0038996,Tucker Kraft,TE,GB,target,40,24,0.6,0.775,0.5496097025228666
2023,00-0038997,Josh Downs,WR,IND,target,98,58,0.5918367346938775,0.6428571428571429,0.43310554277574126
2023,00-0039021,Roschon Johnson,RB,CHI,carry,81,29,0.35802469135802467,0.8271604938271605,0.5247073236728789
2023,00-0039021,Roschon Johnson,RB,CHI,target,40,15,0.375,0.55,0.37776467040571343
2023,00-0039032,Tyjae Spears,RB,TEN,carry,100,57,0.57,0.79,0.4415085491633909
2023,00-0039032,Tyjae Spears,RB,TEN,target,70,36,0.5142857142857142,0.5428571428571428,0.3723417758720253
2023,00-0039040,De'Von Achane,RB,MIA,carry,103,47,0.4563106796116505,0.941747572815534,0.741060310467802
2023,00-0039052,Trey Palmer,WR,TB,target,69,40,0.5797101449275363,0.6376811594202898,0.4138660418990649
2023,00-0039062,Jonathan Mingo,WR,CAR,target,85,50,0.5882352941176471,0.7058823529411765,0.25123940221259117
2023,00-0039064,Zay Flowers,WR,BAL,target,109,67,0.6146788990825688,0.7064220183486238,0.7248726745948468
2023,00-0039065,Sam LaPorta,TE,DET,target,122,61,0.5,0.6065573770491803,0.5815310409626713
2023,00-0039066,Michael Mayer,TE,LV,target,41,26,0.6341463414634146,0.5609756097560976,0.43974482804173376
2023,00-0039067,Rashee Rice,WR,KC,target,102,50,0.49019607843137253,0.7254901960784313,0.629223736395943
2023,00-0039075,Puka Nacua,WR,LA,target,160,99,0.61875,0.70625,0.486768081948321
2023,00-0039139,Jahmyr Gibbs,RB,DET,carry,182,101,0.554945054945055,0.8516483516483516,0.6465848392960781
2023,00-0039139,Jahmyr Gibbs,RB,DET,target,72,29,0.4027777777777778,0.75,0.5039313018513945
2023,00-0039144,Luke Musgrave,TE,GB,target,46,28,0.6086956521739131,0.6739130434782609,0.40846874265243177
2023,00-0039146,Jayden Reed,WR,GB,target,95,44,0.4631578947368421,0.6421052631578947,0.4616715966466127
2023,00-0039165,Zach Charbonnet,RB,SEA,carry,108,59,0.5462962962962963,0.8703703703703703,0.47683574811620655
2023,00-0039165,Zach Charbonnet,RB,SEA,target,40,19,0.475,0.725,0.42230557934381063
2024,00-0030035,Adam Thielen,WR,CAR,target,62,34,0.5483870967741935,0.532258064516129,0.24020578864810296
2024,00-0030061,Zach Ertz,TE,WAS,target,93,42,0.45161290322580644,0.7204301075268817,0.5689930350960881
2024,00-0030279,Keenan Allen,WR,CHI,target,123,49,0.3983739837398374,0.6178861788617886,0.2935437004854606
2024,00-0030506,Travis Kelce,TE,KC,target,134,92,0.6865671641791045,0.7238805970149254,0.7442693106330369
2024,00-0030564,DeAndre Hopkins,WR,KC,target,59,38,0.6440677966101694,0.6610169491525424,0.7597743756200929
2024,00-0031236,Brandin Cooks,WR,DAL,target,54,34,0.6296296296296297,0.5,0.5106265452750786
2024,00-0031381,Davante Adams,WR,NYJ,target,115,65,0.5652173913043478,0.7304347826086957,0.45416888266182937
2024,00-0031408,Mike Evans,WR,TB,target,110,59,0.5363636363636364,0.7363636363636363,0.6465100164863873
2024,00-0031544,Amari Cooper,WR,CLE,target,53,21,0.39622641509433965,0.7547169811320755,0.3425847680295844
2024,00-0031588,Stefon Diggs,WR,HOU,target,64,36,0.5625,0.6875,0.6070621378665919
2024,00-0031687,Raheem Mostert,RB,MIA,carry,85,54,0.6352941176470588,0.8823529411764706,0.5734555659486966
2024,00-0032104,Ameer Abdullah,RB,LV,carry,66,49,0.7424242424242424,0.803030303030303,0.4099243727250723
2024,00-0032104,Ameer Abdullah,RB,LV,target,47,20,0.425531914893617,0.6808510638297872,0.268064534676322
2024,00-0032211,Tyler Lockett,WR,SEA,target,74,37,0.5,0.6486486486486487,0.4964050905609101
2024,00-0032385,Sterling Shepard,WR,TB,target,52,24,0.46153846153846156,0.7692307692307693,0.5795407898409309
2024,00-0032392,Austin Hooper,TE,NE,target,59,31,0.5254237288135594,0.847457627118644,0.26215332144181314
2024,00-0032764,Derrick Henry,RB,BAL,carry,325,156,0.48,0.92,0.783136778883994
2024,00-0032775,Demarcus Robinson,WR,LA,target,66,35,0.5303030303030303,0.7272727272727273,0.40393946280872284
2024,00-0033009,Tyler Boyd,WR,TEN,target,58,28,0.4827586206896552,0.5517241379310345,0.2825172265766285
2024,00-0033040,Tyreek Hill,WR,MIA,target,123,72,0.5853658536585366,0.6585365853658537,0.48071868751571345
2024,00-0033045,Ezekiel Elliott,RB,DAL,carry,74,36,0.4864864864864865,0.8783783783783784,0.42885873057296503
2024,00-0033090,Hunter Henry,TE,NE,target,97,45,0.4639175257731959,0.6391752577319587,0.2667218873575996
2024,00-0033280,Christian McCaffrey,RB,SF,carry,50,31,0.62,0.94,0.5302967733889816
2024,00-0033282,Curtis Samuel,WR,BUF,target,46,25,0.5434782608695652,0.7391304347826086,0.5847903825613922
2024,00-0033288,George Kittle,TE,SF,target,94,48,0.5106382978723404,0.6702127659574468,0.5684953580333039
2024,00-0033293,Aaron Jones,RB,MIN,carry,255,149,0.5843137254901961,0.9529411764705882,0.7513111704805245
2024,00-0033293,Aaron Jones,RB,MIN,target,62,35,0.5645161290322581,0.7903225806451613,0.6648707224671999
2024,00-0033375,Tim Patrick,WR,DET,target,45,21,0.4666666666666667,0.7333333333333333,0.6400279721131754
2024,00-0033553,James Conner,RB,ARI,carry,239,117,0.4895397489539749,0.9163179916317992,0.5057209483087532
2024,00-0033553,James Conner,RB,ARI,target,55,32,0.5818181818181818,0.9272727272727272,0.4020418998192657
2024,00-0033555,Mack Hollins,WR,BUF,target,50,27,0.54,0.64,0.5287746659794357
2024,00-0033589,David Moore,WR,CAR,target,57,24,0.42105263157894735,0.7894736842105263,0.22942789275191644
2024,00-0033591,Noah Brown,WR,WAS,target,56,34,0.6071428571428571,0.7678571428571429,0.5805201936694045
2024,00-0033699,Austin Ekeler,RB,WAS,carry,77,53,0.6883116883116883,0.9090909090909091,0.6290845773071307
2024,00-0033699,Austin Ekeler,RB,WAS,target,41,25,0.6097560975609756,0.7073170731707317,0.5119114201185834
2024,00-0033858,Jonnu Smith,TE,MIA,target,111,56,0.5045045045045045,0.7387387387387387,0.4588749985161305
2024,00-0033881,Evan Engram,TE,JAX,target,67,33,0.4925373134328358,0.7164179104477612,0.26379432402962943
2024,00-0033885,David Njoku,TE,CLE,target,99,50,0.5050505050505051,0.7070707070707071,0.2334822346842566
2024,00-0033897,Joe Mixon,RB,HOU,carry,247,157,0.6356275303643725,0.9271255060728745,0.6624479723635025
2024,00-0033897,Joe Mixon,RB,HOU,target,52,41,0.7884615384615384,0.8846153846153846,0.6617738616008025
2024,00-0033906,Alvin Kamara,RB,NO,carry,228,141,0.618421052631579,0.8728070175438597,0.5630180176915273
2024,00-0033906,Alvin Kamara,RB,NO,target,89,49,0.550561797752809,0.7752808988764045,0.3958886804739654
2024,00-0033908,Cooper Kupp,WR,LA,target,100,53,0.53,0.68,0.4610441587821696
2024,00-0033921,Chris Godwin,WR,TB,target,62,38,0.6129032258064516,0.6451612903225806,0.5100690613528001
2024,00-0033923,Kareem Hunt,RB,KC,carry,200,111,0.555,0.905,0.7536382158612833
2024,00-0033925,D'Onta Foreman,RB,CLE,carry,71,41,0.5774647887323944,0.8873239436619719,0.36482755220727775
2024,00-0033948,Jamaal Williams,RB,NO,carry,48,19,0.3958333333333333,0.7708333333333334,0.5746537261487297
2024,00-0033955,Jeremy McNichols,RB,WAS,carry,56,21,0.375,0.8392857142857143,0.7642491521319192
2024,00-0034159,Will Dissly,TE,LAC,target,64,37,0.578125,0.8125,0.6822774644460878
2024,00-0034184,Gus Edwards,RB,LAC,carry,102,67,0.6568627450980392,0.9215686274509803,0.6245625233225636
2024,00-0034270,Tyler Conklin,TE,NYJ,target,73,33,0.4520547945205479,0.684931506849315,0.42000542782413613
2024,00-0034348,Courtland Sutton,WR,DEN,target,135,72,0.5333333333333333,0.6222222222222222,0.5118023264271501
2024,00-0034351,Dallas Goedert,TE,PHI,target,52,36,0.6923076923076923,0.7115384615384616,0.5163589068330252
2024,00-0034364,Jordan Akins,TE,CLE,target,58,21,0.3620689655172414,0.7241379310344828,0.18542018649528974
2024,00-0034383,Dalton Schultz,TE,HOU,target,85,45,0.5294117647058824,0.6235294117647059,0.6057311289319735
2024,00-0034407,Ray-Ray McCloud,WR,ATL,target,87,60,0.6896551724137931,0.7011494252873564,0.453006253782332
2024,00-0034521,Allen Lazard,WR,NYJ,target,61,27,0.4426229508196721,0.6721311475409836,0.40591105700461977
2024,00-0034753,Mark Andrews,TE,BAL,target,69,38,0.5507246376811594,0.7101449275362319,0.6849891262101955
2024,00-0034775,Christian Kirk,WR,JAX,target,47,16,0.3404255319148936,0.6170212765957447,0.32340429362831974
2024,00-0034791,Nick Chubb,RB,CLE,carry,102,73,0.7156862745098039,0.8725490196078431,0.3443547355047627
2024,00-0034827,DJ Moore,WR,CHI,target,142,59,0.4154929577464789,0.6971830985915493,0.3052927412043555
2024,00-0034829,Mike Gesicki,TE,CIN,target,83,54,0.6506024096385542,0.6867469879518072,0.5595488044252461
2024,00-0034837,Calvin Ridley,WR,TEN,target,120,58,0.48333333333333334,0.6833333333333333,0.2901217690363486
2024,00-0034844,Saquon Barkley,RB,PHI,carry,348,201,0.5775862068965517,0.8994252873563219,0.7322411187855505
2024,00-0034844,Saquon Barkley,RB,PHI,target,43,30,0.6976744186046512,0.7441860465116279,0.6096731332498927
2024,00-0034960,Jakobi Meyers,WR,LV,target,130,67,0.5153846153846153,0.7153846153846154,0.24236958922392807
2024,00-0034972,Alexander Mattison,RB,LV,carry,134,93,0.6940298507462687,0.8507462686567164,0.35555810228305945
2024,00-0034972,Alexander Mattison,RB,LV,target,48,24,0.5,0.6875,0.3036114640447825
2024,00-0034975,Justice Hill,RB,BAL,carry,47,21,0.44680851063829785,0.7872340425531915,0.7759469303678959
2024,00-0034975,Justice Hill,RB,BAL,target,51,31,0.6078431372549019,0.6470588235294118,0.6030613340839159
2024,00-0034981,Foster Moreau,TE,NO,target,43,22,0.5116279069767442,0.7209302325581395,0.4051179220862038
2024,00-0035208,Olamide Zaccheaus,WR,WAS,target,64,30,0.46875,0.6875,0.5823685646305421
2024,00-0035216,Diontae Johnson,WR,CAR,target,58,28,0.4827586206896552,0.7241379310344828,0.2727189190572344
2024,00-0035229,T.J. Hockenson,TE,MIN,target,62,34,0.5483870967741935,0.6129032258064516,0.6585278017882956
2024,00-0035243,Miles Sanders,RB,CAR,carry,55,30,0.5454545454545454,0.8363636363636363,0.33979440964487195
2024,00-0035250,Devin Singletary,RB,NYG,carry,113,64,0.5663716814159292,0.911504424778761,0.33683048504760726
2024,00-0035261,Tony Pollard,RB,TEN,carry,261,150,0.5747126436781609,0.9080459770114943,0.4281327977868312
2024,00-0035261,Tony Pollard,RB,TEN,target,57,29,0.5087719298245614,0.9298245614035088,0.3051960099655206
2024,00-0035406,Lil'Jordan Humphrey,WR,DEN,target,45,23,0.5111111111111111,0.7111111111111111,0.591121951663101
2024,00-0035500,Greg Dortch,WR,ARI,target,50,23,0.46,0.6,0.40388213578611615
2024,00-0035535,Darius Slayton,WR,NYG,target,72,41,0.5694444444444444,0.5833333333333334,0.2907160439107814
2024,00-0035537,Ty Johnson,RB,BUF,carry,41,18,0.43902439024390244,0.8536585365853658,0.6971044186048392
2024,00-0035640,DK Metcalf,WR,SEA,target,109,63,0.5779816513761468,0.7247706422018348,0.4845943957495187
2024,00-0035644,Noah Fant,TE,SEA,target,64,29,0.453125,0.734375,0.45476210377523785
2024,00-0035659,Terry McLaurin,WR,WAS,target,118,57,0.4830508474576271,0.7033898305084746,0.6314163191850973
2024,00-0035676,A.J. Brown,WR,PHI,target,97,66,0.6804123711340206,0.6701030927835051,0.7233453726338357
2024,00-0035685,David Montgomery,RB,DET,carry,186,99,0.532258064516129,0.8602150537634409,0.7580148136196407
2024,00-0035700,Josh Jacobs,RB,GB,carry,303,158,0.5214521452145214,0.9207920792079208,0.6830547682401222
2024,00-0035700,Josh Jacobs,RB,GB,target,43,28,0.6511627906976745,0.8837209302325582,0.6089831160727975
2024,00-0035719,Deebo Samuel Sr.,WR,SF,target,81,47,0.5802469135802469,0.7160493827160493,0.5635790824148393
2024,00-0035973,Patrick Taylor,RB,SF,carry,40,15,0.375,0.875,0.5504467266281791
2024,00-0036040,Juwan Johnson,TE,NO,target,68,32,0.47058823529411764,0.7058823529411765,0.35088638823550516
2024,00-0036139,Rico Dowdle,RB,DAL,carry,235,137,0.5829787234042553,0.8978723404255319,0.4559164842245469
2024,00-0036139,Rico Dowdle,RB,DAL,target,50,25,0.5,0.92,0.3306452365236933
2024,00-0036158,J.K. Dobbins,RB,LAC,carry,195,110,0.5641025641025641,0.8512820512820513,0.7626648137202631
2024,00-0036182,Nick Westbrook-Ikhine,WR,TEN,target,60,22,0.36666666666666664,0.6166666666666667,0.22906442490439077
2024,00-0036196,Gabe Davis,WR,JAX,target,42,15,0.35714285714285715,0.5952380952380952,0.32898367682979107
2024,00-0036223,Jonathan Taylor,RB,IND,carry,305,192,0.6295081967213115,0.8360655737704918,0.5284381252934651
2024,00-0036244,Colby Parkinson,TE,LA,target,49,26,0.5306122448979592,0.6122448979591837,0.35856715435095654
2024,00-0036251,Zack Moss,RB,CIN,carry,74,44,0.5945945945945946,0.8648648648648649,0.6318011675533409
2024,00-0036252,Michael Pittman,WR,IND,target,112,60,0.5357142857142857,0.7589285714285714,0.422106111768606
2024,00-0036259,Jauan Jennings,WR,SF,target,113,58,0.5132743362831859,0.6637168141592921,0.5898844194482675
2024,00-0036261,Brandon Aiyuk,WR,SF,target,47,24,0.5106382978723404,0.6808510638297872,0.7225013465640393
2024,00-0036275,D'Andre Swift,RB,CHI,carry,253,138,0.5454545454545454,0.9525691699604744,0.39047258126405876
2024,00-0036275,D'Andre Swift,RB,CHI,target,53,28,0.5283018867924528,0.8867924528301887,0.3514541883549812
2024,00-0036290,Cole Kmet,TE,CHI,target,59,24,0.4067796610169492,0.6610169491525424,0.3234119837542964
2024,00-0036309,Darnell Mooney,WR,ATL,target,106,65,0.6132075471698113,0.6415094339622641,0.46702982813673416
2024,00-0036322,Justin Jefferson,WR,MIN,target,154,91,0.5909090909090909,0.7077922077922078,0.678034710225932
2024,00-0036328,Antonio Gibson,RB,NE,carry,120,61,0.5083333333333333,0.925,0.32139137816514757
2024,00-0036358,CeeDee Lamb,WR,DAL,target,154,88,0.5714285714285714,0.7077922077922078,0.3513891449088499
2024,00-0036407,Jerry Jeudy,WR,CLE,target,148,58,0.3918918918918919,0.7364864864864865,0.2285846471798534
2024,00-0036410,Tee Higgins,WR,CIN,target,110,69,0.6272727272727273,0.6727272727272727,0.6109492496955293
2024,00-0036414,Cam Akers,RB,HOU,carry,40,18,0.45,1,0.6371926659718156
2024,00-0036414,Cam Akers,RB,MIN,carry,64,27,0.421875,0.984375,0.7488088568788953
2024,00-0036415,Van Jefferson,WR,PIT,target,40,23,0.575,0.65,0.4798695783130824
2024,00-0036427,Tyler Johnson,WR,LA,target,41,16,0.3902439024390244,0.7804878048780488,0.36545773327532344
2024,00-0036550,Rashod Bateman,WR,BAL,target,72,28,0.3888888888888889,0.6805555555555556,0.6820618878910963
2024,00-0036554,Nico Collins,WR,HOU,target,99,66,0.6666666666666666,0.6868686868686869,0.5576754384427925
2024,00-0036555,Chuba Hubbard,RB,CAR,carry,251,140,0.5577689243027888,0.900398406374502,0.3124660118729947
2024,00-0036555,Chuba Hubbard,RB,CAR,target,54,25,0.46296296296296297,0.7962962962962963,0.32311200951335195
2024,00-0036613,Jaylen Waddle,WR,MIA,target,85,43,0.5058823529411764,0.7411764705882353,0.4750327638022546
2024,00-0036626,Dyami Brown,WR,WAS,target,40,18,0.45,0.725,0.6853559239767492
2024,00-0036637,Noah Gray,TE,KC,target,49,37,0.7551020408163265,0.7959183673469388,0.7000560460194033
2024,00-0036849,Tutu Atwell,WR,LA,target,62,34,0.5483870967741935,0.7258064516129032,0.39614943465212776
2024,00-0036875,Rhamondre Stevenson,RB,NE,carry,207,118,0.5700483091787439,0.9033816425120773,0.3799207187190219
2024,00-0036875,Rhamondre Stevenson,RB,NE,target,43,22,0.5116279069767442,0.6744186046511628,0.3365545416371066
2024,00-0036893,Najee Harris,RB,PIT,carry,263,149,0.5665399239543726,0.9543726235741445,0.572605976700219
2024,00-0036893,Najee Harris,RB,PIT,target,48,29,0.6041666666666666,0.8958333333333334,0.434434927306332
2024,00-0036894,Pat Freiermuth,TE,PIT,target,78,45,0.5769230769230769,0.6794871794871795,0.3886420304337756
2024,00-0036900,Ja'Marr Chase,WR,CIN,target,175,112,0.64,0.7828571428571428,0.6123510898969003
2024,00-0036912,DeVonta Smith,WR,PHI,target,90,60,0.6666666666666666,0.7111111111111111,0.6977216562203651
2024,00-0036919,Kenneth Gainwell,RB,PHI,carry,75,37,0.49333333333333335,0.8933333333333333,0.8375165584186713
2024,00-0036963,Amon-Ra St. Brown,WR,DET,target,141,78,0.5531914893617021,0.6666666666666666,0.6469927166146062
2024,00-0036970,Kyle Pitts,TE,ATL,target,74,40,0.5405405405405406,0.6486486486486487,0.4374835999482752
2024,00-0036973,Travis Etienne,RB,JAX,carry,150,91,0.6066666666666667,0.9266666666666666,0.37743818647928484
2024,00-0036973,Travis Etienne,RB,JAX,target,52,34,0.6538461538461539,0.8846153846153846,0.3414406411045023
2024,00-0036980,Elijah Moore,WR,CLE,target,102,43,0.4215686274509804,0.6666666666666666,0.2633660426147925
2024,00-0036984,Trey Sermon,RB,IND,carry,56,30,0.5357142857142857,0.7857142857142857,0.5904353660132203
2024,00-0036988,Josh Palmer,WR,LAC,target,67,33,0.4925373134328358,0.6417910447761194,0.5439150598332174
2024,00-0036997,Javonte Williams,RB,DEN,carry,139,76,0.5467625899280576,0.8992805755395683,0.5701336373464635
2024,00-0036997,Javonte Williams,RB,DEN,target,70,37,0.5285714285714286,0.7428571428571429,0.5198417266065786
2024,00-0037197,Isiah Pacheco,RB,KC,carry,83,54,0.6506024096385542,0.8795180722891566,0.7486856597733784
2024,00-0037228,Jaylen Warren,RB,PIT,carry,120,69,0.575,0.8833333333333333,0.5118178165338271
2024,00-0037228,Jaylen Warren,RB,PIT,target,47,34,0.723404255319149,0.6595744680851063,0.4800646930680352
2024,00-0037238,Drake London,WR,ATL,target,159,88,0.5534591194968553,0.6855345911949685,0.4657461325235389
2024,00-0037239,Chris Olave,WR,NO,target,44,18,0.4090909090909091,0.7272727272727273,0.37414198451072217
2024,00-0037240,Jameson Williams,WR,DET,target,91,49,0.5384615384615384,0.6923076923076923,0.7087363868358207
2024,00-0037247,George Pickens,WR,PIT,target,103,59,0.5728155339805825,0.5728155339805825,0.44855066956341877
2024,00-0037248,James Cook,RB,BUF,carry,207,113,0.5458937198067633,0.9758454106280193,0.7134402169517561
2024,00-0037256,Rachaad White,RB,TB,carry,144,75,0.5208333333333334,0.8611111111111112,0.6634833719023542
2024,00-0037256,Rachaad White,RB,TB,target,57,29,0.5087719298245614,0.7192982456140351,0.4585098581155762
2024,00-0037258,Dameon Pierce,RB,HOU,carry,40,8,0.2,0.95,0.7555286779656513
2024,00-0037261,Khalil Shakir,WR,BUF,target,100,61,0.61,0.68,0.7042069464549423
2024,00-0037263,Tyler Allgeier,RB,ATL,carry,138,74,0.5362318840579711,0.8768115942028986,0.6536024359956357
2024,00-0037267,Jerome Ford,RB,CLE,carry,104,59,0.5673076923076923,0.8942307692307693,0.30422260942915413
2024,00-0037267,Jerome Ford,RB,CLE,target,43,16,0.37209302325581395,0.813953488372093,0.25829363151502166
2024,00-0037276,Ty Chandler,RB,MIN,carry,56,7,0.125,0.9107142857142857,0.8481989569429841
2024,00-0037291,Jalen Nailor,WR,MIN,target,42,22,0.5238095238095238,0.6190476190476191,0.5844835613282894
2024,00-0037525,Jordan Mason,RB,SF,carry,153,74,0.48366013071895425,0.9215686274509803,0.6775718359730183
2024,00-0037545,Rashid Shaheed,WR,NO,target,41,21,0.5121951219512195,0.7073170731707317,0.39339819671472587
2024,00-0037664,Alec Pierce,WR,IND,target,69,28,0.4057971014492754,0.7536231884057971,0.34017321012873686
2024,00-0037666,Jalen Tolbert,WR,DAL,target,79,38,0.4810126582278481,0.7088607594936709,0.3060126525662459
2024,00-0037740,Garrett Wilson,WR,NYJ,target,154,78,0.5064935064935064,0.7077922077922078,0.44202798676175703
2024,00-0037744,Trey McBride,TE,ARI,target,147,70,0.47619047619047616,0.8027210884353742,0.43311073898565866
2024,00-0037746,Brian Robinson,RB,WAS,carry,187,103,0.5508021390374331,0.8983957219251337,0.6742902801388919
2024,00-0037801,KaVontae Turpin,WR,DAL,target,52,24,0.46153846153846156,0.5769230769230769,0.2757114484511476
2024,00-0037809,Chig Okonkwo,TE,TEN,target,71,31,0.43661971830985913,0.7183098591549296,0.27167888729589307
2024,00-0037816,Romeo Doubs,WR,GB,target,73,28,0.3835616438356164,0.684931506849315,0.5303346910109259
2024,00-0037837,Calvin Austin III,WR,PIT,target,58,37,0.6379310344827587,0.5517241379310345,0.45976477972450586
2024,00-0037838,Isaiah Likely,TE,BAL,target,58,27,0.46551724137931033,0.8103448275862069,0.5700744653184865
2024,00-0037840,Kyren Williams,RB,LA,carry,316,188,0.5949367088607594,0.8544303797468354,0.49943569281076444
2024,00-0037840,Kyren Williams,RB,LA,target,40,21,0.525,0.8,0.3769516576056049
2024,00-0038040,Zamir White,RB,LV,carry,65,44,0.676923076923077,0.9384615384615385,0.3922967402980878
2024,00-0038041,Jake Ferguson,TE,DAL,target,86,44,0.5116279069767442,0.8023255813953488,0.3536758833984835
2024,00-0038117,Wan'Dale Robinson,WR,NYG,target,140,61,0.4357142857142857,0.55,0.2485833038367608
2024,00-0038120,Breece Hall,RB,NYJ,carry,212,141,0.6650943396226415,0.9245283018867925,0.5467723906836867
2024,00-0038120,Breece Hall,RB,NYJ,target,76,47,0.618421052631579,0.7368421052631579,0.5044822235598938
2024,00-0038124,Christian Watson,WR,GB,target,54,21,0.3888888888888889,0.5740740740740741,0.5878505527371609
2024,00-0038129,Cade Otton,TE,TB,target,87,45,0.5172413793103449,0.7586206896551724,0.46145119419138764
2024,00-0038134,Kenneth Walker III,RB,SEA,carry,153,95,0.6209150326797386,0.9215686274509803,0.45826416424235167
2024,00-0038134,Kenneth Walker III,RB,SEA,target,53,22,0.41509433962264153,0.8867924528301887,0.32858209327777044
2024,00-0038393,Dontayvion Wicks,WR,GB,target,76,33,0.4342105263157895,0.6447368421052632,0.5535631800241964
2024,00-0038542,Bijan Robinson,RB,ATL,carry,305,198,0.6491803278688525,0.8918032786885246,0.5506448918040301
2024,00-0038542,Bijan Robinson,RB,ATL,target,72,55,0.7638888888888888,0.8333333333333334,0.5231581553461082
2024,00-0038543,Jaxon Smith-Njigba,WR,SEA,target,138,61,0.4420289855072464,0.6956521739130435,0.37544582243165747
2024,00-0038544,Quentin Johnston,WR,LAC,target,91,54,0.5934065934065934,0.6483516483516484,0.644408758591533
2024,00-0038555,Tank Bigsby,RB,JAX,carry,168,98,0.5833333333333334,0.8452380952380952,0.5026895596612512
2024,00-0038559,Michael Wilson,WR,ARI,target,71,29,0.4084507042253521,0.704225352112676,0.33900148999995333
2024,00-0038563,Tre Tucker,WR,LV,target,81,33,0.4074074074074074,0.7283950617283951,0.2386678423039776
2024,00-0038597,Chase Brown,RB,CIN,carry,230,127,0.5521739130434783,0.9260869565217391,0.6939579235159452
2024,00-0038597,Chase Brown,RB,CIN,target,65,42,0.6461538461538462,0.8307692307692308,0.6147422267267337
2024,00-0038606,Parker Washington,WR,JAX,target,53,23,0.4339622641509434,0.6037735849056604,0.2510290195891961
2024,00-0038608,Kayshon Boutte,WR,NE,target,69,28,0.4057971014492754,0.7971014492753623,0.26807795071014645
2024,00-0038619,Andrei Iosivas,WR,CIN,target,61,32,0.5245901639344263,0.7377049180327869,0.5434165577953834
2024,00-0038621,Demario Douglas,WR,NE,target,87,38,0.4367816091954023,0.6206896551724138,0.23861716180971565
2024,00-0038794,Jaleel McLaughlin,RB,DEN,carry,113,63,0.5575221238938053,0.9646017699115044,0.6168101808623887
2024,00-0038797,Emanuel Wilson,RB,GB,carry,103,42,0.4077669902912621,0.883495145631068,0.6688708954239806
2024,00-0038933,Dalton Kincaid,TE,BUF,target,75,50,0.6666666666666666,0.72,0.6508576236409136
2024,00-0038935,Brenton Strange,TE,JAX,target,53,27,0.5094339622641509,0.7735849056603774,0.2944833539609736
2024,00-0038951,Sean Tucker,RB,TB,carry,50,18,0.36,0.82,0.7704821046825965
2024,00-0038976,Marvin Mims Jr.,WR,DEN,target,53,24,0.4528301886792453,0.6037735849056604,0.5511427566943545
2024,00-0038977,Tank Dell,WR,HOU,target,81,50,0.6172839506172839,0.6666666666666666,0.6263686158706184
2024,00-0038979,Cedric Tillman,WR,CLE,target,51,25,0.49019607843137253,0.6078431372549019,0.28430681183993556
2024,00-0038994,Jordan Addison,WR,MIN,target,100,51,0.51,0.71,0.6985017353284056
2024,00-0038996,Tucker Kraft,TE,GB,target,71,29,0.4084507042253521,0.7605633802816901,0.551085170403254
2024,00-0038997,Josh Downs,WR,IND,target,107,64,0.5981308411214953,0.6355140186915887,0.43204605250067746
2024,00-0039021,Roschon Johnson,RB,CHI,carry,55,34,0.6181818181818182,0.7272727272727273,0.5597591472157297
2024,00-0039032,Tyjae Spears,RB,TEN,carry,84,48,0.5714285714285714,0.9285714285714286,0.4462517564295143
2024,00-0039040,De'Von Achane,RB,MIA,carry,203,120,0.5911330049261084,0.9310344827586207,0.5245771698193196
2024,00-0039040,De'Von Achane,RB,MIA,target,87,50,0.5747126436781609,0.8045977011494253,0.455945938104702
2024,00-0039064,Zay Flowers,WR,BAL,target,117,77,0.6581196581196581,0.7094017094017094,0.6488898418476948
2024,00-0039065,Sam LaPorta,TE,DET,target,83,45,0.54216867469879515,0.7469879518072289,0.6545155225461909
2024,00-0039075,Puka Nacua,WR,LA,target,107,69,0.6448598130841121,0.7570093457943925,0.4928868109658163
2024,00-0039139,Jahmyr Gibbs,RB,DET,carry,250,120,0.48,0.892,0.7511807475993411
2024,00-0039139,Jahmyr Gibbs,RB,DET,target,63,30,0.47619047619047616,0.746031746031746,0.6448104303563014
2024,00-0039146,Jayden Reed,WR,GB,target,76,39,0.5131578947368421,0.618421052631579,0.5750241797743856
2024,00-0039165,Zach Charbonnet,RB,SEA,carry,135,66,0.4888888888888889,0.8444444444444444,0.6450375242980145
2024,00-0039165,Zach Charbonnet,RB,SEA,target,52,22,0.4230769230769231,0.6923076923076923,0.4351078672909632
2024,00-0039325,Carson Steele,RB,KC,carry,56,32,0.5714285714285714,0.8392857142857143,0.6182004541169104
2024,00-0039337,Malik Nabers,WR,NYG,target,172,68,0.3953488372093023,0.7383720930232558,0.25717546987643836
2024,00-0039338,Brock Bowers,TE,LV,target,153,76,0.49673202614379086,0.7320261437908496,0.2592022115826147
2024,00-0039342,Xavier Legette,WR,CAR,target,85,36,0.4235294117647059,0.6588235294117647,0.20327200537590448
2024,00-0039356,Ja'Tavion Sanders,TE,CAR,target,43,20,0.46511627906976744,0.7441860465116279,0.19660813323806126
2024,00-0039361,Bucky Irving,RB,TB,carry,207,102,0.4927536231884058,0.9516908212560387,0.6110032393016678
2024,00-0039361,Bucky Irving,RB,TB,target,53,28,0.5283018867924528,0.8867924528301887,0.5542565035165621
2024,00-0039363,Isaac Guerendo,RB,SF,carry,84,40,0.47619047619047616,0.9761904761904762,0.7224243035500312
2024,00-0039373,Audric Estimé,RB,DEN,carry,76,30,0.39473684210526316,0.9210526315789473,0.6274751013896956
2024,00-0039384,Tyrone Tracy Jr.,RB,NYG,carry,192,111,0.578125,0.8802083333333334,0.3100803668611955
2024,00-0039384,Tyrone Tracy Jr.,RB,NYG,target,54,28,0.5185185185185185,0.8148148148148148,0.21973095557178993
2024,00-0039391,Kimani Vidal,RB,LAC,carry,43,21,0.4883720930232558,0.9069767441860465,0.6278954143094463
2024,00-0039424,Devaughn Vele,WR,DEN,target,55,29,0.5272727272727272,0.6909090909090909,0.5398398602529182
2024,00-0039491,Jalen Coker,WR,CAR,target,46,17,0.3695652173913043,0.6739130434782609,0.3144211741585068
2024,00-0039738,Blake Corum,RB,LA,carry,58,43,0.7413793103448276,0.9482758620689655,0.4347201601775034
2024,00-0039794,Braelon Allen,RB,NYJ,carry,92,58,0.6304347826086957,0.8369565217391305,0.5709419571932477
2024,00-0039847,Theo Johnson,TE,NYG,target,43,13,0.3023255813953488,0.7674418604651163,0.2147440065045673
2024,00-0039849,Marvin Harrison Jr.,WR,ARI,target,116,64,0.5517241379310345,0.7413793103448276,0.47281575100275625
2024,00-0039855,Jalen McMillan,WR,TB,target,58,25,0.43103448275862066,0.7241379310344828,0.5058211546726444
2024,00-0039868,Troy Franklin,WR,DEN,target,53,30,0.5660377358490566,0.6792452830188679,0.564166927363126
2024,00-0039874,Jaylen Wright,RB,MIA,carry,68,35,0.5147058823529411,0.9705882352941176,0.5124058880730229
2024,00-0039875,Ray Davis,RB,BUF,carry,113,52,0.46017699115044247,0.911504424778761,0.7332148396948855
2024,00-0039890,Adonai Mitchell,WR,IND,target,55,36,0.6545454545454545,0.6,0.3728339314862916
2024,00-0039893,Brian Thomas Jr.,WR,JAX,target,135,68,0.5037037037037037,0.725925925925926,0.3566408275092649
2024,00-0039894,Xavier Worthy,WR,KC,target,99,67,0.6767676767676768,0.7272727272727273,0.7523186542090744
2024,00-0039901,Keon Coleman,WR,BUF,target,58,27,0.46551724137931033,0.5862068965517241,0.616465916056186
2024,00-0039915,Ladd McConkey,WR,LAC,target,113,67,0.5929203539823009,0.6902654867256637,0.6260416974793724
2024,00-0039916,Ricky Pearsall,WR,SF,target,47,24,0.5106382978723404,0.723404255319149,0.41277859167794273
2024,00-0039919,Rome Odunze,WR,CHI,target,101,42,0.4158415841584158,0.6435643564356436,0.2811150472503994
2024,00-0039921,Trey Benson,RB,ARI,carry,63,16,0.25396825396825395,0.9365079365079365,0.6111399550803519
2025,00-0030061,Zach Ertz,TE,WAS,target,73,33,0.4520547945205479,0.6575342465753424,0.31305346295991415
2025,00-0030279,Keenan Allen,WR,LAC,target,122,53,0.4344262295081967,0.5737704918032787,0.47018950865625464
2025,00-0030506,Travis Kelce,TE,KC,target,109,68,0.6238532110091743,0.7798165137614679,0.5202986429932469
2025,00-0031381,Davante Adams,WR,LA,target,114,68,0.5964912280701754,0.6929824561403509,0.7320437399964584
2025,00-0031408,Mike Evans,WR,TB,target,62,42,0.6774193548387096,0.7741935483870968,0.5818070488110665
2025,00-0031588,Stefon Diggs,WR,NE,target,102,68,0.6666666666666666,0.6176470588235294,0.6549467480211866
2025,00-0032385,Sterling Shepard,WR,TB,target,54,24,0.4444444444444444,0.5370370370370371,0.3935551463643485
2025,00-0032764,Derrick Henry,RB,BAL,carry,307,184,0.5993485342019544,0.9055374592833876,0.6376659148701017
2025,00-0033090,Hunter Henry,TE,NE,target,87,48,0.5517241379310345,0.6896551724137931,0.6370063928951476
2025,00-0033280,Christian McCaffrey,RB,SF,carry,311,189,0.6077170418006431,0.9003215434083601,0.6656623658068309
2025,00-0033280,Christian McCaffrey,RB,SF,target,129,72,0.5581395348837209,0.7674418604651163,0.5296069615032767
2025,00-0033288,George Kittle,TE,SF,target,69,40,0.5797101449275363,0.7101449275362319,0.6129031670296673
2025,00-0033293,Aaron Jones,RB,MIN,carry,132,83,0.6287878787878788,0.9015151515151515,0.5042982154920924
2025,00-0033293,Aaron Jones,RB,MIN,target,41,26,0.6341463414634146,0.7317073170731707,0.35075759205671886
2025,00-0033307,Kendrick Bourne,WR,SF,target,53,26,0.49056603773584906,0.7358490566037735,0.5371344434339026
2025,00-0033526,Samaje Perine,RB,CIN,carry,84,47,0.5595238095238095,0.7023809523809523,0.4945914584658612
2025,00-0033555,Mack Hollins,WR,NE,target,65,39,0.6,0.7538461538461538,0.6223285478754685
2025,00-0033857,JuJu Smith-Schuster,WR,KC,target,45,26,0.5777777777777777,0.7333333333333333,0.5862123042345047
2025,00-0033858,Jonnu Smith,TE,PIT,target,55,33,0.6,0.7272727272727273,0.5228845617811025
2025,00-0033881,Evan Engram,TE,DEN,target,77,40,0.5194805194805194,0.6883116883116883,0.6095764882017363
2025,00-0033885,David Njoku,TE,CLE,target,48,21,0.4375,0.6875,0.24505978012166452
2025,00-0033906,Alvin Kamara,RB,NO,carry,131,68,0.5190839694656488,0.8931297709923665,0.25115533748659696
2025,00-0033908,Cooper Kupp,WR,SEA,target,71,31,0.43661971830985913,0.6197183098591549,0.6428578126688396
2025,00-0033921,Chris Godwin Jr.,WR,TB,target,52,28,0.5384615384615384,0.5961538461538461,0.46549480884196237
2025,00-0033923,Kareem Hunt,RB,KC,carry,163,85,0.5214723926380368,0.7300613496932515,0.5711865879536714
2025,00-0033955,Jeremy McNichols,RB,WAS,carry,45,17,0.37777777777777777,0.7111111111111111,0.47243693145914656
2025,00-0034348,Courtland Sutton,WR,DEN,target,125,64,0.512,0.544,0.5839820648716614
2025,00-0034351,Dallas Goedert,TE,PHI,target,82,48,0.5853658536585366,0.8048780487804879,0.6511345169856213
2025,00-0034383,Dalton Schultz,TE,HOU,target,107,53,0.4953271028037383,0.6822429906542056,0.5642044569103518
2025,00-0034753,Mark Andrews,TE,BAL,target,70,45,0.6428571428571429,0.6714285714285714,0.5335185631471957
2025,00-0034775,Christian Kirk,WR,HOU,target,53,30,0.5660377358490566,0.5283018867924528,0.6111587072113915
2025,00-0034791,Nick Chubb,RB,HOU,carry,122,76,0.6229508196721312,0.9262295081967213,0.6237545935437083
2025,00-0034827,DJ Moore,WR,CHI,target,85,50,0.5882352941176471,0.7058823529411765,0.48642413279791497
2025,00-0034829,Mike Gesicki,TE,CIN,target,43,21,0.4883720930232558,0.627906976744186,0.401031181721964
2025,00-0034844,Saquon Barkley,RB,PHI,carry,281,153,0.5444839857651246,0.9323843416370107,0.732330323295044
2025,00-0034844,Saquon Barkley,RB,PHI,target,51,28,0.5490196078431373,0.8431372549019608,0.6530295107849673
2025,00-0034960,Jakobi Meyers,WR,JAX,target,61,29,0.47540983606557374,0.7049180327868853,0.7296603756849883
2025,00-0034960,Jakobi Meyers,WR,LV,target,49,25,0.5102040816326531,0.6326530612244898,0.3776739473860104
2025,00-0035208,Olamide Zaccheaus,WR,CHI,target,66,39,0.5909090909090909,0.6515151515151515,0.4985185729339719
2025,00-0035229,T.J. Hockenson,TE,MIN,target,66,23,0.3484848484848485,0.7878787878787878,0.3411763845327214
2025,00-0035250,Devin Singletary,RB,NYG,carry,119,59,0.4957983193277311,0.8739495798319328,0.4315813748036833
2025,00-0035261,Tony Pollard,RB,TEN,carry,242,142,0.5867768595041323,0.9297520661157025,0.29211628032512155
2025,00-0035261,Tony Pollard,RB,TEN,target,41,14,0.34146341463414637,0.8292682926829268,0.1251397885072459
2025,00-0035535,Darius Slayton,WR,NYG,target,65,38,0.5846153846153846,0.7692307692307693,0.3599705067629514
2025,00-0035537,Ty Johnson,RB,BUF,carry,50,19,0.38,0.7,0.7047458320856095
2025,00-0035640,DK Metcalf,WR,PIT,target,99,72,0.7272727272727273,0.7474747474747475,0.5103644868482441
2025,00-0035644,Noah Fant,TE,CIN,target,41,24,0.5853658536585366,0.8536585365853658,0.41087107000327333
2025,00-0035659,Terry McLaurin,WR,WAS,target,60,27,0.45,0.6166666666666667,0.3338788753336606
2025,00-0035662,Marquise Brown,WR,KC,target,74,40,0.5405405405405406,0.7027027027027027,0.5275236230242897
2025,00-0035676,A.J. Brown,WR,PHI,target,121,65,0.5371900826446281,0.6942148760330579,0.6193411469782804
2025,00-0035685,David Montgomery,RB,DET,carry,158,77,0.4873417721518987,0.879746835443038,0.6900080005060646
2025,00-0035689,Dawson Knox,TE,BUF,target,50,23,0.46,0.74,0.5942096316806227
2025,00-0035700,Josh Jacobs,RB,GB,carry,234,149,0.6367521367521367,0.8675213675213675,0.7038572762384372
2025,00-0035700,Josh Jacobs,RB,GB,target,44,28,0.6363636363636364,0.8636363636363636,0.6623837571929803
2025,00-0035719,Deebo Samuel Sr.,WR,WAS,target,100,50,0.5,0.72,0.3814738595822169
2025,00-0036040,Juwan Johnson,TE,NO,target,102,41,0.4019607843137255,0.696078431372549,0.23072985311081728
2025,00-0036139,Rico Dowdle,RB,CAR,carry,237,142,0.5991561181434599,0.8987341772151899,0.42527688693494364
2025,00-0036139,Rico Dowdle,RB,CAR,target,50,28,0.56,0.88,0.305017471939791
2025,00-0036158,J.K. Dobbins,RB,DEN,carry,153,77,0.5032679738562091,0.9477124183006536,0.652735104577409
2025,00-0036223,Jonathan Taylor,RB,IND,carry,324,178,0.5493827160493827,0.8827160493827161,0.5605741894520173
2025,00-0036223,Jonathan Taylor,RB,IND,target,56,37,0.6607142857142857,0.8571428571428571,0.5339711694602987
2025,00-0036244,Colby Parkinson,TE,LA,target,56,28,0.5,0.8571428571428571,0.7306500843593053
2025,00-0036252,Michael Pittman,WR,IND,target,114,46,0.40350877192982454,0.7280701754385965,0.5156676679982871
2025,00-0036259,Jauan Jennings,WR,SF,target,93,49,0.5268817204301075,0.5806451612903226,0.5745791016250438
2025,00-0036275,D'Andre Swift,RB,CHI,carry,223,119,0.5336322869955157,0.8609865470852018,0.5431053079116074
2025,00-0036275,D'Andre Swift,RB,CHI,target,48,29,0.6041666666666666,0.7083333333333334,0.38427677861439713
2025,00-0036290,Cole Kmet,TE,CHI,target,49,24,0.4897959183673469,0.8367346938775511,0.45519542538276336
2025,00-0036309,Darnell Mooney,WR,ATL,target,72,38,0.5277777777777778,0.7222222222222222,0.45205710798452653
2025,00-0036322,Justin Jefferson,WR,MIN,target,142,80,0.5633802816901409,0.7253521126760564,0.41811213665276936
2025,00-0036358,CeeDee Lamb,WR,DAL,target,117,54,0.46153846153846156,0.7094017094017094,0.41842429282971544
2025,00-0036407,Jerry Jeudy,WR,CLE,target,106,58,0.5471698113207547,0.5943396226415094,0.3220190702395828
2025,00-0036410,Tee Higgins,WR,CIN,target,99,52,0.5252525252525253,0.6767676767676768,0.3731197076178782
2025,00-0036415,Van Jefferson,WR,TEN,target,52,24,0.46153846153846156,0.7115384615384616,0.20629181759921683
2025,00-0036554,Nico Collins,WR,HOU,target,121,69,0.5702479338842975,0.71900826446281,0.5131570767114969
2025,00-0036555,Chuba Hubbard,RB,CAR,carry,135,80,0.5925925925925926,0.8074074074074075,0.3771998446450969
2025,00-0036613,Jaylen Waddle,WR,MIA,target,100,51,0.51,0.76,0.45699758761822523
2025,00-0036755,Jaret Patterson,RB,LAC,carry,41,16,0.3902439024390244,0.926829268292683,0.7297318647729186
2025,00-0036875,Rhamondre Stevenson,RB,NE,carry,131,85,0.648854961832061,0.8625954198473282,0.7528720824173615
2025,00-0036894,Pat Freiermuth,TE,PIT,target,54,26,0.48148148148148145,0.6666666666666666,0.4417299458687517
2025,00-0036900,Ja'Marr Chase,WR,CIN,target,185,103,0.5567567567567567,0.7351351351351352,0.4298302507932169
2025,00-0036912,DeVonta Smith,WR,PHI,target,114,68,0.5964912280701754,0.6140350877192983,0.6515712875851855
2025,00-0036919,Kenneth Gainwell,RB,PIT,carry,114,71,0.6228070175438597,0.868421052631579,0.6409015734475759
2025,00-0036919,Kenneth Gainwell,RB,PIT,target,85,53,0.6235294117647059,0.611764705882353,0.5177737684644799
2025,00-0036924,Michael Carter,RB,ARI,carry,92,44,0.4782608695652174,0.8804347826086957,0.3399606944746229
2025,00-0036924,Michael Carter,RB,ARI,target,45,12,0.26666666666666666,0.9111111111111111,0.2566484253964923
2025,00-0036963,Amon-Ra St. Brown,WR,DET,target,172,100,0.5813953488372093,0.6337209302325582,0.5579424777686146
2025,00-0036970,Kyle Pitts,TE,ATL,target,119,74,0.6218487394957983,0.6218487394957983,0.42255555655018345
2025,00-0036973,Travis Etienne,RB,JAX,carry,260,120,0.46153846153846156,0.9384615384615385,0.6900346969628256
2025,00-0036973,Travis Etienne,RB,JAX,target,52,29,0.5576923076923077,0.9423076923076923,0.607008762872563
2025,00-0036997,Javonte Williams,RB,DAL,carry,252,135,0.5357142857142857,0.9404761904761905,0.519046220347278
2025,00-0036997,Javonte Williams,RB,DAL,target,51,24,0.47058823529411764,0.7843137254901961,0.444540335180457
2025,00-0037112,Jake Tonges,TE,SF,target,46,23,0.5,0.717391304347826,0.4999210844487053
2025,00-0037157,Bam Knight,RB,ARI,carry,83,48,0.5783132530120482,0.8674698795180723,0.35005912462463734
2025,00-0037197,Isiah Pacheco,RB,KC,carry,118,82,0.6949152542372882,0.9576271186440678,0.6725305656002738
2025,00-0037228,Jaylen Warren,RB,PIT,carry,211,146,0.6919431279620853,0.919431279620853,0.5432828062200715
2025,00-0037228,Jaylen Warren,RB,PIT,target,45,33,0.7333333333333333,0.8444444444444444,0.5379379113204777
2025,00-0037238,Drake London,WR,ATL,target,113,70,0.6194690265486725,0.6902654867256637,0.5041717511159327
2025,00-0037239,Chris Olave,WR,NO,target,156,64,0.41025641025641024,0.6987179487179487,0.29039588467090216
2025,00-0037240,Jameson Williams,WR,DET,target,102,42,0.4117647058823529,0.6470588235294118,0.5161491510915963
2025,00-0037247,George Pickens,WR,DAL,target,137,59,0.4306569343065693,0.6861313868613139,0.43608954795687216
2025,00-0037248,James Cook,RB,BUF,carry,309,165,0.5339805825242718,0.9449838187702265,0.6610601773141949
2025,00-0037248,James Cook,RB,BUF,target,40,15,0.375,0.925,0.5358190225437284
2025,00-0037256,Rachaad White,RB,TB,carry,133,91,0.6842105263157895,0.849624060150376,0.552936389483343
2025,00-0037256,Rachaad White,RB,TB,target,45,23,0.5111111111111111,0.7333333333333333,0.424118565661249
2025,00-0037261,Khalil Shakir,WR,BUF,target,97,41,0.422680412371134,0.6082474226804123,0.5322444650368745
2025,00-0037263,Tyler Allgeier,RB,ATL,carry,143,65,0.45454545454545453,0.8251748251748252,0.6370162535631861
2025,00-0037291,Jalen Nailor,WR,MIN,target,54,25,0.46296296296296297,0.5555555555555556,0.4203479779815232
2025,00-0037525,Jordan Mason,RB,MIN,carry,159,86,0.5408805031446541,0.9056603773584906,0.5173061380568493
2025,00-0037545,Rashid Shaheed,WR,NO,target,66,21,0.3181818181818182,0.7424242424242424,0.13565140802072134
2025,00-0037563,Malik Davis,RB,DAL,carry,52,26,0.5,0.9423076923076923,0.6252952862467703
2025,00-0037614,John Metchie III,WR,NYJ,target,44,15,0.3409090909090909,0.6363636363636364,0.16368414076284601
2025,00-0037664,Alec Pierce,WR,IND,target,84,45,0.5357142857142857,0.7738095238095238,0.5234084521836762
2025,00-0037740,Garrett Wilson,WR,NYJ,target,60,26,0.43333333333333335,0.6833333333333333,0.21843248250894223
2025,00-0037744,Trey McBride,TE,ARI,target,170,72,0.4235294117647059,0.7764705882352941,0.3176169601110376
2025,00-0037746,Brian Robinson,RB,SF,carry,92,43,0.4673913043478261,0.9565217391304348,0.6970065356353702
2025,00-0037809,Chig Okonkwo,TE,TEN,target,79,33,0.4177215189873418,0.7721518987341772,0.21289173928364352
2025,00-0037816,Romeo Doubs,WR,GB,target,86,67,0.7790697674418605,0.6744186046511628,0.6883595258138618
2025,00-0037837,Calvin Austin III,WR,PIT,target,55,31,0.5636363636363636,0.5818181818181818,0.42067439417640506
2025,00-0037840,Kyren Williams,RB,LA,carry,259,130,0.5019305019305019,0.8494208494208494,0.7579915299184593
2025,00-0037840,Kyren Williams,RB,LA,target,50,24,0.48,0.76,0.6300007766135969
2025,00-0038041,Jake Ferguson,TE,DAL,target,103,52,0.5048543689320388,0.7378640776699029,0.44889016418283795
2025,00-0038117,Wan'Dale Robinson,WR,NYG,target,141,63,0.44680851063829785,0.5957446808510638,0.3665515304420322
2025,00-0038120,Breece Hall,RB,NYJ,carry,243,125,0.51440329218107,0.9176954732510288,0.27542242227038005
2025,00-0038120,Breece Hall,RB,NYJ,target,48,16,0.3333333333333333,0.8333333333333334,0.178811577383082
2025,00-0038124,Christian Watson,WR,GB,target,55,36,0.6545454545454545,0.6181818181818182,0.6129936120726845
2025,00-0038129,Cade Otton,TE,TB,target,82,40,0.4878048780487805,0.7073170731707317,0.4344468965055876
2025,00-0038134,Kenneth Walker III,RB,SEA,carry,221,123,0.5565610859728507,0.9366515837104072,0.7480586374028928
2025,00-0038393,Dontayvion Wicks,WR,GB,target,46,27,0.5869565217391305,0.5869565217391305,0.633881771018344
2025,00-0038454,Keaton Mitchell,RB,BAL,carry,59,33,0.559322033898305,0.9661016949152542,0.7023831223641691
2025,00-0038542,Bijan Robinson,RB,ATL,carry,288,186,0.6458333333333334,0.9201388888888888,0.5356809692200517
2025,00-0038542,Bijan Robinson,RB,ATL,target,103,62,0.6019417475728155,0.7864077669902912,0.4813714080401306
2025,00-0038543,Jaxon Smith-Njigba,WR,SEA,target,163,83,0.50920245398773,0.754601226993865,0.6714571292420701
2025,00-0038544,Quentin Johnston,WR,LAC,target,84,44,0.5238095238095238,0.7380952380952381,0.5441801016064953
2025,00-0038551,Kendre Miller,RB,NO,carry,47,18,0.3829787234042553,0.9574468085106383,0.27435134921688586
2025,00-0038555,Tank Bigsby,RB,PHI,carry,58,27,0.46551724137931033,0.9137931034482759,0.8127750266214897
2025,00-0038558,Darnell Washington,TE,PIT,target,44,23,0.5227272727272727,0.7954545454545454,0.5817648137851872
2025,00-0038559,Michael Wilson,WR,ARI,target,127,42,0.33070866141732286,0.6535433070866141,0.22652670750420553
2025,00-0038563,Tre Tucker,WR,LV,target,92,43,0.4673913043478261,0.8152173913043478,0.27886150980487445
2025,00-0038597,Chase Brown,RB,CIN,carry,233,145,0.6223175965665236,0.9399141630901288,0.4877008511658517
2025,00-0038597,Chase Brown,RB,CIN,target,89,42,0.47191011235955055,0.8314606741573034,0.3297169420548477
2025,00-0038606,Parker Washington,WR,JAX,target,97,49,0.5051546391752577,0.6494845360824743,0.5962360383904315
2025,00-0038608,Kayshon Boutte,WR,NE,target,46,29,0.6304347826086957,0.6956521739130435,0.6371744749662668
2025,00-0038611,Chris Rodriguez Jr.,RB,WAS,carry,112,51,0.45535714285714285,0.8660714285714286,0.37996829395027426
2025,00-0038618,Xavier Hutchinson,WR,HOU,target,57,34,0.5964912280701754,0.7894736842105263,0.6568994397264822
2025,00-0038619,Andrei Iosivas,WR,CIN,target,58,28,0.4827586206896552,0.6724137931034483,0.3377267816595749
2025,00-0038621,DeMario Douglas,WR,NE,target,46,32,0.6956521739130435,0.6521739130434783,0.6522720580029746
2025,00-0038705,Emari Demercado,RB,ARI,carry,44,11,0.25,0.7727272727272727,0.42431623022176523
2025,00-0038797,Emanuel Wilson,RB,GB,carry,125,72,0.576,0.864,0.6560895736718084
2025,00-0038933,Dalton Kincaid,TE,BUF,target,50,29,0.58,0.7,0.6338236743754149
2025,00-0038935,Brenton Strange,TE,JAX,target,60,38,0.6333333333333333,0.7833333333333333,0.6727739753822486
2025,00-0038951,Sean Tucker,RB,TB,carry,86,61,0.7093023255813954,0.8604651162790697,0.5368489255317059
2025,00-0038976,Marvin Mims Jr.,WR,DEN,target,51,25,0.49019607843137253,0.6470588235294118,0.6203498315139144
2025,00-0038994,Jordan Addison,WR,MIN,target,79,40,0.5063291139240507,0.7721518987341772,0.36436383513673604
2025,00-0038996,Tucker Kraft,TE,GB,target,44,24,0.5454545454545454,0.6590909090909091,0.6740328005769036
2025,00-0038997,Josh Downs,WR,IND,target,88,54,0.6136363636363636,0.5454545454545454,0.49823856007424183
2025,00-0039032,Tyjae Spears,RB,TEN,carry,72,36,0.5,0.75,0.3377487173112663
2025,00-0039032,Tyjae Spears,RB,TEN,target,50,19,0.38,0.62,0.17822818598717274
2025,00-0039040,De'Von Achane,RB,MIA,carry,238,121,0.5084033613445378,0.9453781512605042,0.5353065363774973
2025,00-0039040,De'Von Achane,RB,MIA,target,85,46,0.5411764705882353,0.7294117647058823,0.3467858552591839
2025,00-0039064,Zay Flowers,WR,BAL,target,119,70,0.5882352941176471,0.6554621848739496,0.5659093200283521
2025,00-0039065,Sam LaPorta,TE,DET,target,49,24,0.4897959183673469,0.6326530612244898,0.5685200085388308
2025,00-0039066,Michael Mayer,TE,LV,target,50,32,0.64,0.66,0.39989311431340874
2025,00-0039067,Rashee Rice,WR,KC,target,79,51,0.6455696202531646,0.7088607594936709,0.6011018771722063
2025,00-0039075,Puka Nacua,WR,LA,target,166,94,0.5662650602409639,0.7108433734939759,0.6662434369426625
2025,00-0039139,Jahmyr Gibbs,RB,DET,carry,243,136,0.5596707818930041,0.8930041152263375,0.6225087541354813
2025,00-0039139,Jahmyr Gibbs,RB,DET,target,94,51,0.5425531914893617,0.776595744680851,0.47115018332446434
2025,00-0039165,Zach Charbonnet,RB,SEA,carry,185,91,0.4918918918918919,0.827027027027027,0.7429120154713053
2025,00-0039338,Brock Bowers,TE,LV,target,87,37,0.42528735632183906,0.735632183908046,0.24050150041855745
2025,00-0039342,Xavier Legette,WR,CAR,target,64,27,0.421875,0.703125,0.30948943708739307
2025,00-0039361,Bucky Irving,RB,TB,carry,173,113,0.653179190751445,0.9075144508670521,0.6637545625942979
2025,00-0039373,Audric Estimé,RB,NO,carry,46,25,0.5434782608695652,0.8260869565217391,0.3714603407551413
2025,00-0039384,Tyrone Tracy Jr.,RB,NYG,carry,176,92,0.5227272727272727,0.9375,0.41664400743601687
2025,00-0039384,Tyrone Tracy Jr.,RB,NYG,target,48,24,0.5,0.6458333333333334,0.3658556905553876
2025,00-0039391,Kimani Vidal,RB,LAC,carry,155,85,0.5483870967741935,0.896774193548387,0.7025811661876017
2025,00-0039405,Jawhar Jordan,RB,HOU,carry,43,16,0.37209302325581395,0.9302325581395349,0.8908447068791057
2025,00-0039410,Ryan Flournoy,WR,DAL,target,56,26,0.4642857142857143,0.625,0.37096038810393245
2025,00-0039424,Devaughn Vele,WR,NO,target,40,14,0.35,0.675,0.2278335241364053
2025,00-0039491,Jalen Coker,WR,CAR,target,45,20,0.4444444444444444,0.6666666666666666,0.3102096580328132
2025,00-0039738,Blake Corum,RB,LA,carry,145,77,0.5310344827586206,0.9517241379310345,0.7883422725994526
2025,00-0039793,AJ Barner,TE,SEA,target,68,37,0.5441176470588235,0.7352941176470589,0.642474984359818
2025,00-0039798,Isaiah Davis,RB,NYJ,carry,43,20,0.46511627906976744,0.6511627906976745,0.21891694387209842
2025,00-0039847,Theo Johnson,TE,NYG,target,74,36,0.4864864864864865,0.581081081081081,0.34979152134946084
2025,00-0039849,Marvin Harrison Jr.,WR,ARI,target,74,38,0.5135135135135135,0.7162162162162162,0.40717551560005083
2025,00-0039868,Troy Franklin,WR,DEN,target,107,67,0.6261682242990654,0.7289719626168224,0.5823340216945404
2025,00-0039874,Jaylen Wright,RB,MIA,carry,70,24,0.34285714285714286,0.8857142857142857,0.5870915346517516
2025,00-0039875,Ray Davis,RB,BUF,carry,58,16,0.27586206896551724,0.9310344827586207,0.8615504613342888
2025,00-0039880,Malik Washington,WR,MIA,target,65,31,0.47692307692307695,0.6,0.4035049499357999
2025,00-0039890,Adonai Mitchell,WR,NYJ,target,58,19,0.3275862068965517,0.6206896551724138,0.1427545813760154
2025,00-0039893,Brian Thomas Jr.,WR,JAX,target,91,45,0.4945054945054945,0.7362637362637363,0.5816184828098822
2025,00-0039894,Xavier Worthy,WR,KC,target,73,51,0.6986301369863014,0.7945205479452054,0.5432537869256858
2025,00-0039901,Keon Coleman,WR,BUF,target,62,25,0.4032258064516129,0.7419354838709677,0.5559755097410412
2025,00-0039915,Ladd McConkey,WR,LAC,target,106,61,0.5754716981132075,0.7264150943396226,0.5550286244636156
2025,00-0039916,Ricky Pearsall,WR,SF,target,53,36,0.6792452830188679,0.6037735849056604,0.6695548481536362
2025,00-0039919,Rome Odunze,WR,CHI,target,91,57,0.6263736263736264,0.6483516483516484,0.4545578907505654
2025,00-0040078,Brashard Smith,RB,KC,carry,44,22,0.5,0.8636363636363636,0.7653933136977932
2025,00-0040122,Ashton Jeanty,RB,LV,carry,267,162,0.6067415730337079,0.8951310861423221,0.35845924541921026
2025,00-0040122,Ashton Jeanty,RB,LV,target,73,37,0.5068493150684932,0.821917808219178,0.2733590954592055
2025,00-0040124,Tetairoa McMillan,WR,CAR,target,122,66,0.5409836065573771,0.5737704918032787,0.2995841600060408
2025,00-0040126,Colston Loveland,TE,CHI,target,83,39,0.46987951807228917,0.6746987951807228,0.451573819865844
2025,00-0040128,Tyler Warren,TE,IND,target,114,69,0.6052631578947368,0.7719298245614035,0.5347059822453231
2025,00-0040129,Emeka Egbuka,WR,TB,target,128,72,0.5625,0.71875,0.46506664844440565
2025,00-0040130,Jayden Higgins,WR,HOU,target,69,37,0.5362318840579711,0.7101449275362319,0.5553185293171284
2025,00-0040134,Pat Bryant,WR,DEN,target,49,26,0.5306122448979592,0.7142857142857143,0.590215061579199
2025,00-0040162,Dylan Sampson,RB,CLE,carry,65,34,0.5230769230769231,0.8769230769230769,0.4686301808150558
2025,00-0040162,Dylan Sampson,RB,CLE,target,40,16,0.4,0.875,0.3098520663136696
2025,00-0040170,Elic Ayomanor,WR,TEN,target,89,43,0.48314606741573035,0.5842696629213483,0.18618664552132344
2025,00-0040189,Oronde Gadsden II,TE,LAC,target,69,37,0.5362318840579711,0.7681159420289855,0.48188307880190073
2025,00-0040198,Ollie Gordon II,RB,MIA,carry,70,38,0.5428571428571428,0.6857142857142857,0.4527651319453591
2025,00-0040202,Devin Neal,RB,NO,carry,57,28,0.49122807017543857,0.8771929824561403,0.2945806934097946
2025,00-0040236,Kyle Monangai,RB,CHI,carry,171,106,0.6198830409356725,0.8771929824561403,0.5631819030137983
2025,00-0040237,Tez Johnson,WR,TB,target,44,19,0.4318181818181818,0.7954545454545454,0.41051847181709245
2025,00-0040242,Jacory Croskey-Merritt,RB,WAS,carry,176,78,0.4431818181818182,0.9602272727272727,0.40959321525280673
2025,00-0040583,Woody Marks,RB,HOU,carry,196,111,0.5663265306122449,0.8877551020408163,0.6355809057559059
2025,00-0040584,Gunnar Helm,TE,TEN,target,55,16,0.2909090909090909,0.7636363636363637,0.14837838500967665
2025,00-0040663,Harold Fannin Jr.,TE,CLE,target,108,46,0.42592592592592593,0.7037037037037037,0.26680761494641636
2025,00-0040666,Omarion Hampton,RB,LAC,carry,124,73,0.5887096774193549,0.8629032258064516,0.5641133298838299
2025,00-0040667,Matthew Golden,WR,GB,target,44,25,0.5681818181818182,0.6136363636363636,0.6244451168749947
2025,00-0040705,Chimere Dike,WR,TEN,target,74,33,0.44594594594594594,0.6351351351351351,0.20817699068088952
2025,00-0040715,Cam Skattebo,RB,NYG,carry,102,64,0.6274509803921569,0.9215686274509803,0.5285591108347564
2025,00-0040718,Travis Hunter,WR,JAX,target,45,22,0.4888888888888889,0.7111111111111111,0.3787976431873177
2025,00-0040719,Bhayshul Tuten,RB,JAX,carry,84,41,0.4880952380952381,0.8452380952380952,0.6812117648757723
2025,00-0040727,Tre Harris,WR,LAC,target,43,24,0.5581395348837209,0.6511627906976745,0.5125212954908209
2025,00-0040730,RJ Harvey,RB,DEN,carry,147,84,0.5714285714285714,0.9115646258503401,0.7271289365909848
2025,00-0040730,RJ Harvey,RB,DEN,target,58,37,0.6379310344827587,0.7068965517241379,0.65747642313764465
2025,00-0040734,TreVeyon Henderson,RB,NE,carry,180,104,0.5777777777777777,0.9388888888888889,0.774822261184454
2025,00-0040734,TreVeyon Henderson,RB,NE,target,42,30,0.7142857142857143,0.8095238095238095,0.6784676169710501
2025,00-0040735,Luther Burden III,WR,CHI,target,60,33,0.55,0.7333333333333333,0.4690659330479169
2025,00-0040736,Mason Taylor,TE,NYJ,target,66,20,0.30303030303030304,0.7272727272727273,0.1643271810588503
2025,00-0040782,Isaiah Bond,WR,CLE,target,44,19,0.4318181818181818,0.5227272727272727,0.22207114836030747
2025,00-0040784,Quinshon Judkins,RB,CLE,carry,231,149,0.645021645021645,0.8917748917748918,0.3829530522717167
