season,week,posteam,plays,pass_rate,xpass_rate,proe
2020,1,ARI,73,0.6438356164383564,0.6238195469526394,2.001606948571699
2020,1,ATL,76,0.7236842105263162,0.7587522197710841,-3.506800924476794
2020,1,BAL,55,0.5090909090909089,0.5699405125596305,-6.084960346872159
2020,1,BUF,76,0.6447368421052629,0.5352383463790543,10.949849572620863
2020,1,CAR,65,0.6000000000000002,0.675707378754249,-7.570737875424882
2020,1,CHI,64,0.59375,0.633374959230423,-3.9624959230422974
2020,1,CIN,63,0.6190476190476194,0.6854309160558004,-6.638329700818102
2020,1,CLE,65,0.6153846153846158,0.657335659632316,-4.195104424770024
2020,1,DAL,66,0.6363636363636361,0.6748942211270332,-3.85305847633971
2020,1,DEN,59,0.5762711864406778,0.5599970986782494,1.6274087762428335
2020,1,DET,70,0.642857142857143,0.6555934982640402,-1.2736355406897215
2020,1,GB,74,0.5945945945945947,0.5149054584672322,7.96891361273625
2020,1,HOU,54,0.6851851851851852,0.6765106585290697,0.8674526656115567
2020,1,IND,68,0.6911764705882351,0.6669053892221521,2.4271081366082914
2020,1,JAX,42,0.5714285714285716,0.6004915737680026,-2.9063002339430932
2020,1,KC,66,0.4848484848484852,0.4991282362942442,-1.4279751445758992
2020,1,LA,70,0.47142857142857136,0.581014672773225,-10.958610134465369
2020,1,LAC,68,0.47058823529411764,0.6418936276698813,-17.13053923757637
2020,1,LV,61,0.4918032786885249,0.5305403933295461,-3.873711464102114
2020,1,MIA,57,0.5789473684210523,0.6873582026414704,-10.841083422041809
2020,1,MIN,49,0.5918367346938773,0.6900309278648726,-9.81941931709953
2020,1,NE,60,0.33333333333333315,0.5322950197383761,-19.896168640504296
2020,1,NO,64,0.515625,0.5468773093889467,-3.125230938894674
2020,1,NYG,61,0.737704918032787,0.672364770388994,6.534014764379304
2020,1,NYJ,48,0.7083333333333334,0.7409099781264861,-3.25766447931527
2020,1,PHI,59,0.7118644067796611,0.6292960381103774,8.256836866928374
2020,1,PIT,61,0.5409836065573769,0.6351016049624466,-9.411799840506973
2020,1,SEA,54,0.6666666666666667,0.5154844363806423,15.11822302860244
2020,1,SF,58,0.5862068965517241,0.654392526324453,-6.81856297727289
2020,1,TB,63,0.6031746031746034,0.652390356811266,-4.921575363666264
2020,1,TEN,77,0.5714285714285714,0.5995249426984167,-2.809637126984532
2020,1,WAS,64,0.515625,0.5699957322212867,-5.437073222128674
2020,2,ARI,70,0.5714285714285715,0.5084858902863094,6.29426811422621
2020,2,ATL,72,0.5833333333333333,0.5885152065505584,-0.5181873217225186
2020,2,BAL,58,0.4655172413793106,0.5115979741455922,-4.608073276628155
2020,2,BUF,56,0.642857142857143,0.5611165267016206,8.174061615552242
2020,2,CAR,66,0.6363636363636361,0.7028899845300298,-6.6526348166393685
2020,2,CHI,60,0.4833333333333333,0.6050970065097014,-12.176367317636815
2020,2,CIN,84,0.7619047619047615,0.7159342971586046,4.597046474615696
2020,2,CLE,56,0.4285714285714284,0.5289905792368309,-10.041915066540252
2020,2,DAL,80,0.6124999999999997,0.6897291257977486,-7.722912579774888
2020,2,DEN,66,0.6212121212121213,0.6838163726709107,-6.2604251458789335
2020,2,DET,54,0.6296296296296295,0.538390997659277,9.123863197035254
2020,2,GB,64,0.5,0.6011467686621472,-10.114676866214722
2020,2,HOU,52,0.7692307692307692,0.6950357125069087,7.419505672386051
2020,2,IND,62,0.4032258064516132,0.5210242737084627,-11.779846725684951
2020,2,JAX,72,0.6666666666666669,0.6674051909810967,-0.07385243144298892
2020,2,KC,70,0.7714285714285712,0.7064086390393122,6.501993238925907
2020,2,LA,63,0.4603174603174602,0.46741035675245624,-0.7092896434996054
2020,2,LAC,76,0.4605263157894737,0.5439810807767668,-8.34547649872931
2020,2,LV,73,0.5342465753424656,0.5391406047936171,-0.48940294511515825
2020,2,MIA,69,0.7101449275362316,0.6232055749582207,8.693935257801089
2020,2,MIN,44,0.5681818181818181,0.6866266835819591,-11.844486540014099
2020,2,NE,69,0.6666666666666669,0.664671722529591,0.19949441370759047
2020,2,NO,57,0.6666666666666667,0.6961370497419124,-2.947038307524563
2020,2,NYG,56,0.7321428571428571,0.661302854440042,7.08400027028151
2020,2,NYJ,60,0.5499999999999998,0.675023434807857,-12.502343480785715
2020,2,PHI,70,0.6285714285714289,0.6539619899221829,-2.5390561350754015
2020,2,PIT,61,0.6721311475409835,0.5604127189297167,11.17184286112668
2020,2,SEA,58,0.5517241379310347,0.5101676665503403,4.15564713806944
2020,2,SF,54,0.5,0.6157185464269586,-11.571854642695856
2020,2,TB,57,0.6140350877192985,0.5841098405551493,2.992524716414924
2020,2,TEN,56,0.4642857142857146,0.603271540786539,-13.898582650082442
2020,2,WAS,58,0.6034482758620686,0.6868063147211897,-8.335803885912107
2020,3,ARI,62,0.5806451612903227,0.5670084972535411,1.3636664036781654
2020,3,ATL,62,0.6129032258064514,0.5941002715018489,1.8802954304602548
2020,3,BAL,48,0.6458333333333333,0.695238499591748,-4.940516625841473
2020,3,BUF,54,0.6111111111111114,0.586953269938628,2.415784117248343
2020,3,CAR,49,0.5918367346938773,0.568816798073905,2.301993661997237
2020,3,CHI,74,0.7162162162162166,0.7050538085199691,1.1162407696247434
2020,3,CIN,61,0.7213114754098361,0.6043229567222907,11.698851868754534
2020,3,CLE,60,0.3999999999999998,0.5686312201122443,-16.86312201122445
2020,3,DAL,78,0.7820512820512818,0.6380106340616177,14.40406479896641
2020,3,DEN,53,0.7735849056603773,0.7453977021406282,2.8187203519749127
2020,3,DET,58,0.5344827586206894,0.6278472386043648,-9.336447998367536
2020,3,GB,57,0.5789473684210523,0.5178881667946513,6.1059201626401
2020,3,HOU,42,0.6666666666666666,0.7125429078226998,-4.587624115603317
2020,3,IND,54,0.46296296296296274,0.5781912810548588,-11.52283180918961
2020,3,JAX,59,0.7627118644067796,0.7075742404844801,5.513762392229948
2020,3,KC,73,0.6301369863013699,0.5076123905967768,12.252459570459317
2020,3,LA,65,0.5230769230769231,0.5960833375270551,-7.3006414450132
2020,3,LAC,72,0.7083333333333331,0.7666148195664089,-5.828148623307571
2020,3,LV,54,0.6296296296296295,0.6681498868597878,-3.8520257230158284
2020,3,MIA,55,0.4181818181818183,0.4958913301202383,-7.770951193841996
2020,3,MIN,61,0.47540983606557397,0.59910549223423,-12.369565616865607
2020,3,NE,63,0.4603174603174602,0.5710230098061617,-11.070554948870154
2020,3,NO,55,0.6545454545454548,0.7016004917296496,-4.705503718419479
2020,3,NYG,47,0.7021276595744681,0.6687002936576275,3.342736591684059
2020,3,NYJ,58,0.5862068965517241,0.6256881988254086,-3.9481302273684515
2020,3,PHI,83,0.6385542168674704,0.7139402723096939,-7.538605544222355
2020,3,PIT,71,0.5352112676056338,0.5623686870848628,-2.7157419479229006
2020,3,SEA,66,0.6818181818181819,0.6378692458524848,4.3948935965697045
2020,3,SF,69,0.5362318840579711,0.5626146917541822,-2.6382807696211152
2020,3,TB,60,0.6499999999999998,0.5352696278442939,11.473037215570592
2020,3,TEN,70,0.5571428571428573,0.6471344681722777,-8.999161102942043
2020,3,WAS,59,0.6440677966101694,0.6316475812661446,1.242021534402482
2020,4,ARI,54,0.6296296296296295,0.6958015911557056,-6.617196152607607
2020,4,ATL,64,0.640625,0.717788128182292,-7.7163128182291985
2020,4,BAL,53,0.49056603773584884,0.5409977529197931,-5.043171518394429
2020,4,BUF,56,0.607142857142857,0.5335151496609406,7.362770748191638
2020,4,CAR,69,0.5797101449275359,0.4894512065996726,9.02589383278633
2020,4,CHI,58,0.7241379310344829,0.6855381208247152,3.859981020976766
2020,4,CIN,68,0.5588235294117648,0.490645505816621,6.817802359514386
2020,4,CLE,68,0.45588235294117674,0.5105576812125305,-5.467532827135379
2020,4,DAL,79,0.7594936708860757,0.7503654340022727,0.9128236883802932
2020,4,DEN,58,0.5344827586206894,0.6206074724423475,-8.61247138216581
2020,4,DET,54,0.6296296296296295,0.7135203243405731,-8.389069471094357
2020,4,GB,58,0.5862068965517241,0.5400441679140103,4.616272863771376
2020,4,HOU,59,0.6271186440677969,0.7200685330366684,-9.294988896887146
2020,4,IND,64,0.453125,0.5809399792051408,-12.781497920514084
2020,4,JAX,60,0.7000000000000002,0.692971299091975,0.7028700908025209
2020,4,KC,51,0.6666666666666667,0.5480591168298441,11.860754983682265
2020,4,LA,52,0.6153846153846156,0.568956714696609,4.642790068800662
2020,4,LAC,47,0.5744680851063829,0.5882997582567498,-1.383167315036693
2020,4,LV,66,0.7121212121212119,0.7219220185370157,-0.980080641580372
2020,4,MIA,68,0.7352941176470591,0.6581558392328375,7.713827841422161
2020,4,MIN,60,0.3833333333333335,0.49000075558821365,-10.666742225488013
2020,4,NE,72,0.5416666666666667,0.6940318695786927,-15.236520291202593
2020,4,NO,64,0.390625,0.5570168396225199,-16.63918396225199
2020,4,NYG,61,0.6557377049180325,0.7440758203385307,-8.833811542049819
2020,4,NYJ,69,0.7246376811594205,0.6985076830007028,2.612999815871775
2020,4,PHI,57,0.5614035087719298,0.5723159953690412,-1.0912486597111415
2020,4,SEA,57,0.6140350877192985,0.5105133390609633,10.352174865833518
2020,4,SF,65,0.6923076923076925,0.7067436119684807,-1.4435919660788166
2020,4,TB,70,0.6571428571428574,0.6316174770040173,2.5525380138840092
2020,4,WAS,67,0.6716417910447763,0.6471575415178912,2.4484249526885105
2020,5,ARI,64,0.578125,0.5408055650768802,3.7319434923119843
2020,5,ATL,59,0.6101694915254237,0.669573117615813,-5.94036260903893
2020,5,BAL,60,0.6166666666666664,0.663380216062069,-4.671354939540262
2020,5,BUF,68,0.7205882352941175,0.6607083702350364,5.9879865059081165
2020,5,CAR,62,0.6129032258064514,0.5653665439496118,4.753668185683956
2020,5,CHI,55,0.7636363636363637,0.6722419890490445,9.139437458731914
2020,5,CIN,58,0.5517241379310347,0.6718854436586643,-12.016130572762961
2020,5,CLE,71,0.5492957746478871,0.5491990303804336,0.0096744267453541255
2020,5,DAL,62,0.5322580645161294,0.630202048007519,-9.794398349138955
2020,5,HOU,57,0.6491228070175437,0.541344457060883,10.777834995666069
2020,5,IND,50,0.6599999999999999,0.7070473745465279,-4.704737454652797
2020,5,JAX,69,0.7536231884057973,0.7054310084685035,4.819217993729385
2020,5,KC,64,0.75,0.7221606150269508,2.7839384973049164
2020,5,LA,63,0.49206349206349204,0.5559069249365066,-6.3843432873014585
2020,5,LAC,65,0.5384615384615385,0.659222474006506,-12.076093554496747
2020,5,LV,64,0.484375,0.5154386737267487,-3.1063673726748675
2020,5,MIA,59,0.49152542372881386,0.4926769931690168,-0.11515694402029486
2020,5,MIN,81,0.4814814814814818,0.5648610982813954,-8.337961679991363
2020,5,NO,73,0.6575342465753429,0.7022030961840121,-4.466884960866924
2020,5,NYG,60,0.5666666666666669,0.6305229204396408,-6.385625377297388
2020,5,NYJ,61,0.6065573770491807,0.6569154064674847,-5.0358029418304024
2020,5,PHI,53,0.7358490566037735,0.6980244961549651,3.782456044880844
2020,5,PIT,64,0.53125,0.5885089524672367,-5.725895246723667
2020,5,SEA,49,0.7755102040816328,0.7039919930453202,7.151821103631262
2020,5,SF,54,0.648148148148148,0.6869775644607015,-3.8829416312553433
2020,5,TB,60,0.6833333333333331,0.7039472916473944,-2.061395831406132
2020,5,TEN,62,0.5,0.5128965138067162,-1.2896513806716192
2020,5,WAS,44,0.7272727272727272,0.6965126151388341,3.076011213389307
2020,6,ARI,58,0.4482758620689653,0.46981619536105934,-2.154033329209404
2020,6,ATL,76,0.5526315789473684,0.5263354106021948,2.6296168345173565
2020,6,BAL,62,0.48387096774193517,0.5964320672135198,-11.256109947158466
2020,6,BUF,50,0.6200000000000002,0.6402128174901008,-2.021281749010062
2020,6,CAR,58,0.6206896551724135,0.6547692906239937,-3.4079635451580215
2020,6,CHI,60,0.6499999999999998,0.5906813586751619,5.931864132483788
2020,6,CIN,70,0.5714285714285715,0.6209025353193283,-4.947396389075676
2020,6,CLE,50,0.58,0.6920169657468795,-11.201696574687958
2020,6,DAL,81,0.6913580246913583,0.7293191011305208,-3.7961076439162467
2020,6,DEN,58,0.4310344827586205,0.5390773579992097,-10.804287524058925
2020,6,DET,67,0.4776119402985077,0.5117674506644705,-3.4155510365962813
2020,6,GB,56,0.6607142857142855,0.6850970155958619,-2.4382729881576415
2020,6,HOU,65,0.6307692307692311,0.5737701395383249,5.6999091230906185
2020,6,IND,58,0.7586206896551723,0.6670662205794762,9.155446907569608
2020,6,JAX,60,0.7833333333333334,0.7352807720502217,4.805256128311175
2020,6,KC,70,0.4571428571428572,0.5039587643529687,-4.681590721011153
2020,6,LA,57,0.6842105263157896,0.712209926624047,-2.7999400308257427
2020,6,MIA,54,0.5555555555555557,0.4899392191458633,6.561633640969239
2020,6,MIN,51,0.7450980392156862,0.7102690514396219,3.4828987776064246
2020,6,NE,52,0.5769230769230771,0.7064372639243419,-12.951418700126482
2020,6,NYG,43,0.4651162790697673,0.5541055188622586,-8.898923979249124
2020,6,NYJ,66,0.6666666666666669,0.6866337261868246,-1.996705952015776
2020,6,PHI,62,0.6935483870967744,0.7244843422405182,-3.093595514374381
2020,6,PIT,56,0.4107142857142854,0.4954503670867,-8.473608137241456
2020,6,SF,68,0.5,0.5202251852435222,-2.0225185243522237
2020,6,TB,61,0.47540983606557397,0.4981606956265989,-2.275085956102496
2020,6,TEN,69,0.6086956521739126,0.6462491798228113,-3.7553527648898632
2020,6,WAS,67,0.6716417910447763,0.7100322208742598,-3.8390429829483486
2020,7,ARI,77,0.6233766233766234,0.7068074098848677,-8.343078650824431
2020,7,ATL,69,0.6231884057971014,0.6126414708037308,1.0546934993370671
2020,7,BUF,68,0.6764705882352944,0.5660757225225954,11.039486571269897
2020,7,CAR,42,0.7142857142857142,0.5917182380244845,12.256747626122966
2020,7,CHI,57,0.701754385964912,0.7106984942628627,-0.894410829795067
2020,7,CIN,69,0.7101449275362316,0.5848373230816661,12.530760445456545
2020,7,CLE,49,0.5714285714285716,0.6313337951290363,-5.990522370046469
2020,7,DAL,48,0.5208333333333333,0.6950592842573922,-17.422595092405892
2020,7,DEN,73,0.5616438356164386,0.6877109220583144,-12.60670864418758
2020,7,DET,53,0.6226415094339625,0.6852151695287453,-6.257366009478282
2020,7,GB,59,0.5762711864406778,0.5273250204400491,4.894616600062863
2020,7,HOU,61,0.737704918032787,0.6955119911275927,4.219292690519438
2020,7,JAX,57,0.5789473684210523,0.6857969520384805,-10.684958361742813
2020,7,KC,44,0.5681818181818181,0.48775972476737073,8.042209341444739
2020,7,LA,65,0.5230769230769231,0.5373264246262037,-1.4249501549280619
2020,7,LAC,73,0.6438356164383564,0.5524360258897689,9.139959054858748
2020,7,LV,60,0.6333333333333336,0.6256834483395021,0.7649884993831568
2020,7,NE,47,0.5957446808510636,0.6986190270870289,-10.287434623596535
2020,7,NO,64,0.5625,0.5927630319492891,-3.0263031949289143
2020,7,NYG,51,0.6078431372549021,0.5814579558723112,2.638518138259094
2020,7,NYJ,45,0.5111111111111111,0.6130997677644093,-10.198865665329826
2020,7,PHI,70,0.6571428571428574,0.6677022027117865,-1.0559345568929124
2020,7,PIT,73,0.6712328767123285,0.5445599831538657,12.667289355846279
2020,7,SEA,80,0.6875,0.5495591791346669,13.79408208653331
2020,7,SF,62,0.4193548387096772,0.4945221247692263,-7.516728605954909
2020,7,TB,68,0.6323529411764702,0.5918123123838622,4.0540628792608
2020,7,TEN,54,0.5925925925925929,0.7329518127220649,-14.0359220129472
2020,7,WAS,63,0.4285714285714284,0.49211195832680144,-6.354052975537305
2020,8,ATL,64,0.53125,0.5415042006643489,-1.02542006643489
2020,8,BAL,74,0.4324324324324329,0.7040837374893394,-27.165130505690648
2020,8,BUF,52,0.40384615384615397,0.5680900319264485,-16.42438780802945
2020,8,CAR,49,0.6326530612244898,0.6235076313724324,0.9145429852057463
2020,8,CHI,64,0.640625,0.6724535110406578,-3.182851104065776
2020,8,CIN,69,0.5507246376811591,0.46836603451790143,8.235860316325766
2020,8,CLE,47,0.6170212765957446,0.6639718521148601,-4.695057551911552
2020,8,DAL,74,0.5405405405405407,0.6727336028943192,-13.219306235377848
2020,8,DEN,55,0.7454545454545454,0.7828340795907107,-3.737953413616535
2020,8,DET,54,0.7777777777777778,0.7411808592301827,3.659691854759506
2020,8,GB,65,0.6461538461538463,0.7161845702391404,-7.003072408529409
2020,8,IND,72,0.4722222222222226,0.5187882120824523,-4.65659898602297
2020,8,KC,67,0.7014925373134329,0.54508555146740445,15.640698584602841
2020,8,LA,89,0.674157303370786,0.731618118420076,-5.74608150492899
2020,8,LAC,82,0.5609756097560975,0.6019089151082969,-4.093330535219941
2020,8,LV,67,0.4029850746268656,0.5078197809269844,-10.483470630011881
2020,8,MIA,46,0.5,0.4677839016784792,3.221609832152078
2020,8,MIN,48,0.2916666666666667,0.468110166490078,-17.64434998234113
2020,8,NE,60,0.4500000000000003,0.6880450117091338,-23.80450117091335
2020,8,NO,70,0.6000000000000001,0.6520959023918426,-5.209590239184248
2020,8,NYG,66,0.6666666666666669,0.6308032242637692,3.5863442402897627
2020,8,NYJ,54,0.6111111111111114,0.6321120217994407,-2.100091068832932
2020,8,PHI,55,0.5636363636363634,0.5616699183529075,0.19664452834559087
2020,8,PIT,48,0.6666666666666666,0.528492446212719,13.817422045394768
2020,8,SEA,62,0.6129032258064514,0.48758643132544344,12.531679448100796
2020,8,SF,63,0.6825396825396827,0.6888633744111137,-0.6323691871431003
2020,8,TB,64,0.640625,0.6148514277301729,2.5773572269827127
2020,8,TEN,60,0.5499999999999998,0.6665669692059357,-11.656696920593589
2020,9,ARI,63,0.49206349206349204,0.6138395913063535,-12.177609924286143
2020,9,ATL,65,0.553846153846154,0.5359547267453029,1.789142710085112
2020,9,BAL,61,0.44262295081967223,0.48423346266394746,-4.161051184427523
2020,9,BUF,54,0.7592592592592591,0.49164845635769544,26.761080290156364
2020,9,CAR,73,0.684931506849315,0.7095182509454963,-2.4586744096181223
2020,9,CHI,72,0.7361111111111114,0.7263665052337779,0.9744605877333501
2020,9,DAL,68,0.5735294117647056,0.6206621716127676,-4.713275984806198
2020,9,DEN,70,0.7714285714285712,0.7936910326991763,-2.226246127060505
2020,9,DET,71,0.6338028169014087,0.6540108749144513,-2.0208058013042596
2020,9,GB,61,0.524590163934426,0.5438310043489347,-1.9240840414508686
2020,9,HOU,57,0.6666666666666667,0.5691834886868794,9.748317797978734
2020,9,IND,63,0.6666666666666669,0.7281284857363928,-6.146181906972592
2020,9,JAX,66,0.6060606060606063,0.6589004370299254,-5.283983096931911
2020,9,KC,55,0.8181818181818181,0.5909295136278325,22.72523045539856
2020,9,LAC,73,0.602739726027397,0.6861227873253496,-8.338306129795258
2020,9,LV,49,0.5102040816326532,0.563996155347143,-5.379207371448979
2020,9,MIA,50,0.6000000000000002,0.5482706509530544,5.172934904694582
2020,9,MIN,54,0.37037037037037046,0.5048566777948982,-13.448630742452771
2020,9,NE,74,0.4729729729729728,0.6600280379926836,-18.70550650197108
2020,9,NO,67,0.5373134328358207,0.44563226696493036,9.168116587089031
2020,9,NYG,66,0.5151515151515148,0.5394664801882975,-2.4314965036782654
2020,9,NYJ,43,0.5813953488372094,0.567039481082628,1.435586775458142
2020,9,PIT,64,0.734375,0.626360944355838,10.8014055644162
2020,9,SEA,58,0.7241379310344829,0.6765838666208859,4.7554064413597
2020,9,SF,52,0.6730769230769229,0.7055103139808545,-3.2433390903931603
2020,9,TB,42,0.9047619047619049,0.7199463528536615,18.481555190824338
2020,9,TEN,50,0.44000000000000017,0.5501478690654038,-11.014786906540364
2020,9,WAS,48,0.8125,0.6816004194940131,13.089958050598693
2020,10,ARI,68,0.5294117647058824,0.6291508841163973,-9.973911941051494
2020,10,BAL,62,0.6129032258064514,0.6737032325998429,-6.080000679339149
2020,10,BUF,68,0.75,0.6585998513242778,9.140014867572221
2020,10,CAR,45,0.7111111111111111,0.6423339035775927,6.877720753351846
2020,10,CHI,47,0.6595744680851067,0.6817596529392487,-2.2185184854142004
2020,10,CIN,60,0.6499999999999998,0.7178997362653414,-6.789973626534163
2020,10,CLE,59,0.35593220338983056,0.5617916721661211,-20.58594687762906
2020,10,DEN,67,0.716417910447761,0.7204299949443161,-0.40120844965551017
2020,10,DET,54,0.6111111111111114,0.6195037685058735,-0.8392657394762137
2020,10,GB,57,0.6140350877192985,0.6225383140538867,-0.8503226334588221
2020,10,HOU,51,0.6274509803921572,0.6191998074452083,0.8251172946948881
2020,10,IND,67,0.5671641791044778,0.522862612200317,4.4301566904160765
2020,10,JAX,58,0.6034482758620686,0.6601671180848417,-5.6718842222773125
2020,10,LA,64,0.609375,0.5499161104671657,5.945888953283429
2020,10,LAC,60,0.5666666666666669,0.6305999092757701,-6.393324260910327
2020,10,LV,64,0.421875,0.5518970980192535,-13.002209801925346
2020,10,MIA,55,0.4909090909090911,0.5254153205589815,-3.4506229649890474
2020,10,MIN,69,0.5362318840579711,0.5656750180043172,-2.9443133946346123
2020,10,NE,55,0.32727272727272705,0.5173310699788006,-19.00583427060736
2020,10,NO,49,0.4897959183673468,0.5228477480764291,-3.305182970908227
2020,10,NYG,62,0.48387096774193517,0.5185462202456209,-3.467525250368575
2020,10,PHI,62,0.6290322580645162,0.6253057256821664,0.37265323823498786
2020,10,PIT,67,0.7014925373134329,0.5990341622660409,10.245837504739196
2020,10,SEA,59,0.745762711864407,0.7254893557500031,2.027335611440395
2020,10,SF,64,0.625,0.6851882627233863,-6.018826272338629
2020,10,TB,73,0.5479452054794519,0.5462068956702538,0.17383098091980909
2020,10,TEN,59,0.49152542372881386,0.6317189131247796,-14.01934893959657
2020,10,WAS,80,0.7000000000000003,0.6996613783761859,0.033862162381437244
2020,11,ARI,60,0.7333333333333335,0.6573129902283351,7.602034310499839
2020,11,ATL,51,0.7254901960784315,0.727195088185516,-0.17048921070845768
2020,11,BAL,63,0.5238095238095238,0.6719856976516663,-14.817617384214243
2020,11,CAR,66,0.5303030303030299,0.5234204268816744,0.6882603421355493
2020,11,CIN,62,0.7419354838709675,0.6379855984160977,10.394988545486983
2020,11,CLE,60,0.3500000000000002,0.49936582772061233,-14.936582772061213
2020,11,DAL,62,0.5322580645161294,0.6126731254400746,-8.041506092394513
2020,11,DEN,63,0.49206349206349204,0.5382006959546178,-4.61372038911258
2020,11,DET,49,0.6938775510204079,0.7157938875714127,-2.191633655100478
2020,11,GB,54,0.7037037037037034,0.5944817938186504,10.922190988505298
2020,11,HOU,56,0.7678571428571429,0.600281717787896,16.757542506924693
2020,11,IND,72,0.5,0.6103226778407891,-11.032267784078908
2020,11,JAX,54,0.6851851851851852,0.6459465722242992,3.9238612960886043
2020,11,KC,71,0.6760563380281694,0.6223506736503521,5.370566437781732
2020,11,LA,70,0.7142857142857145,0.5777094928281649,13.657622145754967
2020,11,LAC,75,0.6800000000000002,0.57537667589883,10.462332410117014
2020,11,LV,56,0.5892857142857145,0.6098907848021814,-2.0605070516466872
2020,11,MIA,55,0.7090909090909092,0.6793489976362749,2.974191145463434
2020,11,MIN,59,0.5254237288135595,0.6139348245273202,-8.851109571376071
2020,11,NE,63,0.6349206349206352,0.6985045337960833,-6.3583898875448135
2020,11,NO,59,0.457627118644068,0.49089556244217747,-3.326844379810945
2020,11,NYJ,54,0.5740740740740738,0.7187085424860318,-14.463446841195793
2020,11,PHI,60,0.5833333333333331,0.6699843175709248,-8.665098423759165
2020,11,PIT,70,0.6571428571428574,0.5931834009076867,6.395945623517063
2020,11,SEA,58,0.6034482758620686,0.594660293439339,0.8787982422729601
2020,11,TB,66,0.7272727272727274,0.6512068929997358,7.606583427299163
2020,11,TEN,66,0.5151515151515148,0.617386129995187,-10.223461484367224
2020,11,WAS,56,0.4464285714285716,0.5522668128833175,-10.583824145474585
2020,12,ARI,68,0.5441176470588232,0.5961523904081654,-5.203474334934222
2020,12,ATL,68,0.5882352941176472,0.6019564593101249,-1.372116519247768
2020,12,BAL,46,0.4130434782608698,0.7152963552785956,-30.22528770177258
2020,12,BUF,54,0.48148148148148173,0.5293819923643712,-4.7900510882889495
2020,12,CAR,63,0.5873015873015875,0.5817034611153225,0.5598126186265096
2020,12,CHI,63,0.7619047619047616,0.7174504214809054,4.445434042385621
2020,12,CIN,43,0.7209302325581397,0.6591507896434429,6.177944291469684
2020,12,CLE,59,0.5084745762711861,0.49364798705456614,1.4826589216619945
2020,12,DAL,53,0.6981132075471698,0.6619917734895113,3.612143405765844
2020,12,DEN,42,0.23809523809523805,0.6979636322884333,-45.98683941931952
2020,12,DET,73,0.6164383561643834,0.672065258842625,-5.562690267824166
2020,12,GB,66,0.4696969696969701,0.5225961140046518,-5.2899144307681665
2020,12,HOU,45,0.6444444444444445,0.5188491619295543,12.559528251489017
2020,12,IND,66,0.6969696969696968,0.7119708433747292,-1.5001146405032362
2020,12,JAX,61,0.6065573770491807,0.6735234380256935,-6.696606097651281
2020,12,KC,69,0.7536231884057973,0.5407660977132078,21.28570906925895
2020,12,LA,58,0.6034482758620686,0.6310263435388432,-2.757806767677462
2020,12,LAC,77,0.688311688311688,0.6674838164797077,2.0827871831980316
2020,12,LV,53,0.7547169811320756,0.7200993960196117,3.4617585112463933
2020,12,MIA,62,0.6290322580645162,0.5407577858817192,8.827447218279705
2020,12,MIN,68,0.6911764705882351,0.7188419294269646,-2.7665458838729506
2020,12,NE,47,0.3617021276595744,0.5823865161931261,-22.068438853355172
2020,12,NO,60,0.2999999999999998,0.5566460157434147,-25.664601574341482
2020,12,NYG,78,0.5512820512820514,0.6051690332018411,-5.388698191978969
2020,12,NYJ,50,0.58,0.7141838747262954,-13.418387472629545
2020,12,PHI,60,0.8,0.7342399592200916,6.576004077990849
2020,12,PIT,70,0.7285714285714289,0.5141176443014827,21.445378426994623
2020,12,SEA,59,0.5593220338983053,0.5307009872364796,2.8621046661825633
2020,12,SF,68,0.5147058823529407,0.6472558146890472,-13.254993233610657
2020,12,TB,53,0.7735849056603773,0.6571308548720378,11.645405078833948
2020,12,TEN,64,0.34375,0.5114680589176714,-16.771805891767144
2020,12,WAS,61,0.45901639344262324,0.4735066253142278,-1.4490231871604586
2020,13,ARI,59,0.661016949152542,0.7242353179697263,-6.321836881718424
2020,13,ATL,60,0.6499999999999998,0.7299429441491763,-7.994294414917647
2020,13,BAL,54,0.40740740740740744,0.5411582666414756,-13.375085923406814
2020,13,BUF,66,0.6363636363636361,0.4650041039920214,17.135953237161473
2020,13,CHI,65,0.5384615384615385,0.6035574752550859,-6.50959367935473
2020,13,CIN,44,0.6363636363636362,0.6571670916270126,-2.0803455263376347
2020,13,CLE,69,0.5217391304347825,0.48114870488643646,4.059042554834602
2020,13,DAL,76,0.6315789473684209,0.692106034802763,-6.052708743434209
2020,13,DEN,62,0.48387096774193517,0.6289741370466448,-14.510316930470967
2020,13,DET,63,0.6666666666666669,0.6877899910249408,-2.112332435827391
2020,13,GB,56,0.607142857142857,0.5049687629299505,10.217409421290647
2020,13,HOU,57,0.7543859649122806,0.7367194033505623,1.7666561561718308
2020,13,IND,61,0.5737704918032787,0.553766372751017,2.0004119052261626
2020,13,JAX,67,0.6716417910447763,0.6489829085211256,2.265888252365067
2020,13,KC,61,0.7049180327868851,0.565427169692321,13.949086309456415
2020,13,LA,76,0.6184210526315791,0.5277611376766703,9.065991495490877
2020,13,LAC,67,0.7761194029850749,0.7437872219441541,3.2332181040920727
2020,13,LV,71,0.6760563380281694,0.675492878740942,0.05634592872274524
2020,13,MIA,65,0.6000000000000002,0.5365963450704628,6.340365492953737
2020,13,MIN,81,0.5432098765432098,0.6029153869107917,-5.970551036758187
2020,13,NE,63,0.3968253968253966,0.5115703530018291,-11.47449561764325
2020,13,NO,73,0.5616438356164386,0.571215974345599,-0.9572138729160407
2020,13,NYG,53,0.45283018867924535,0.5587140259877692,-10.588383730852385
2020,13,NYJ,58,0.4482758620689653,0.560336068465278,-11.206020639631264
2020,13,PHI,52,0.653846153846154,0.7117084107146813,-5.786225686852731
2020,13,PIT,67,0.791044776119403,0.5991239547729492,19.192082134645382
2020,13,SEA,65,0.7538461538461535,0.7000556439161301,5.379050993002343
2020,13,SF,60,0.6499999999999998,0.6964836329221725,-4.648363292217272
2020,13,TEN,65,0.6923076923076925,0.733374111698224,-4.106641939053146
2020,13,WAS,67,0.6865671641791047,0.6182590543445365,6.830810983456814
2020,14,ARI,75,0.5733333333333329,0.5408141755561036,3.2519157777229357
2020,14,ATL,53,0.641509433962264,0.5733158759913355,6.819355797092852
2020,14,BAL,53,0.47169811320754745,0.6794745379461433,-20.777642473859586
2020,14,BUF,68,0.6617647058823527,0.517533021266846,14.423168461550674
2020,14,CAR,61,0.6885245901639342,0.718345719771307,-2.982112960737282
2020,14,CHI,56,0.642857142857143,0.5312504470348358,11.160669582230721
2020,14,CIN,68,0.5882352941176472,0.6804937003728222,-9.2258406255175
2020,14,CLE,77,0.7012987012987018,0.6592623049562627,4.203639634243905
2020,14,DAL,47,0.48936170212765945,0.4619880793418021,2.7373622785857368
2020,14,DEN,55,0.5454545454545457,0.5031931939450177,4.226135150952803
2020,14,DET,54,0.7407407407407409,0.666281572646565,7.4459168094175965
2020,14,GB,62,0.5967741935483868,0.5541955590728791,4.257863447550769
2020,14,HOU,56,0.642857142857143,0.6821663667048726,-3.9309223847729613
2020,14,IND,57,0.4912280701754388,0.6412554579345804,-15.00273877591416
2020,14,JAX,69,0.8115942028985508,0.7436006507579831,6.799355214056768
2020,14,KC,57,0.6315789473684209,0.5020695630657046,12.95093843027163
2020,14,LA,60,0.4333333333333332,0.5278340229143699,-9.45006895810367
2020,14,LAC,70,0.6285714285714289,0.682399535392012,-5.382810682058315
2020,14,LV,68,0.7058823529411767,0.6712541860692641,3.4628166871912613
2020,14,MIA,72,0.75,0.6808470212337043,6.915297876629567
2020,14,MIN,71,0.5915492957746479,0.5967819858604753,-0.5232690085827385
2020,14,NE,52,0.48076923076923106,0.7287463617439454,-24.79771309747143
2020,14,NO,58,0.7068965517241377,0.7030499952620473,0.38465564620904225
2020,14,NYG,41,0.5853658536585367,0.6566379361036347,-7.127208244509808
2020,14,NYJ,49,0.5510204081632656,0.6485664884046632,-9.754608024139767
2020,14,PHI,62,0.5322580645161294,0.5636661158153606,-3.1408051299231188
2020,14,PIT,55,0.6909090909090906,0.667284762317484,2.362432859160657
2020,14,SEA,67,0.4776119402985077,0.5637724688693659,-8.616052857085826
2020,14,SF,73,0.6301369863013699,0.6814010180022618,-5.126403170089189
2020,14,TB,45,0.4888888888888888,0.588072055329879,-9.918316644099024
2020,14,TEN,64,0.375,0.5271084576961584,-15.210845769615844
2020,14,WAS,56,0.5714285714285716,0.5627512585903917,0.8677312838179962
2020,15,ARI,67,0.5820895522388062,0.588147753821825,-0.6058201583018841
2020,15,ATL,62,0.8064516129032256,0.6367368207823846,16.971479212084105
2020,15,BAL,61,0.44262295081967223,0.5212701062870319,-7.864715546735962
2020,15,BUF,64,0.65625,0.5618056620587595,9.444433794124052
2020,15,CAR,62,0.6290322580645162,0.6542959102699835,-2.5263652205467224
2020,15,CHI,63,0.3968253968253966,0.48506650127588746,-8.824110445049088
2020,15,CIN,53,0.26415094339622647,0.5250462745579909,-26.089533116176444
2020,15,CLE,62,0.5483870967741932,0.5180818260677398,3.030527070645339
2020,15,DAL,56,0.642857142857143,0.6067744621208735,3.6082680736269523
2020,15,DEN,60,0.6000000000000002,0.7233813293278217,-12.338132932782154
2020,15,DET,65,0.6153846153846158,0.6033654919037452,1.201912348087053
2020,15,GB,55,0.5818181818181817,0.5089444947513667,7.287368706681496
2020,15,HOU,62,0.7096774193548389,0.6884181316821805,2.125928767265839
2020,15,IND,51,0.5686274509803924,0.5583957422013376,1.0231708779054771
2020,15,JAX,51,0.5882352941176473,0.6831356149678137,-9.490032085016642
2020,15,KC,86,0.5930232558139534,0.5404865911533665,5.253666466058693
2020,15,LA,53,0.6603773584905662,0.7582106494678642,-9.783329097729798
2020,15,LAC,61,0.5409836065573769,0.5801840805616536,-3.920047400427673
2020,15,LV,73,0.4931506849315067,0.6112784653493802,-11.812778041787354
2020,15,MIA,69,0.4202898550724641,0.5065704403796059,-8.628058530714178
2020,15,MIN,62,0.5967741935483868,0.6771298171051087,-8.035562355672187
2020,15,NE,49,0.5918367346938773,0.6234799891102071,-3.164325441632976
2020,15,NO,52,0.6730769230769229,0.7120385210101421,-3.8961597933219183
2020,15,NYG,52,0.6346153846153844,0.7020804563967081,-6.7465071781323775
2020,15,NYJ,59,0.5593220338983053,0.5356300733352112,2.3691960563094083
2020,15,PHI,75,0.6533333333333338,0.7019693917036056,-4.863605837027185
2020,15,PIT,60,0.6333333333333336,0.6742057021707296,-4.087236883739598
2020,15,SEA,50,0.6000000000000002,0.591159545481205,0.8840454518795227
2020,15,SF,79,0.556962025316456,0.6514769236120997,-9.451489829564375
2020,15,TB,61,0.737704918032787,0.5515442220646826,18.616069596810448
2020,15,TEN,63,0.44444444444444425,0.5270811132495364,-8.263666880509218
2020,15,WAS,76,0.7631578947368419,0.6970052140715876,6.615268066525437
2020,16,ARI,77,0.7142857142857146,0.6964852558327961,1.7800458452918555
2020,16,ATL,57,0.6140350877192985,0.5874676144959633,2.656747322333519
2020,16,BAL,64,0.4375,0.5247596272965893,-8.725962729658931
2020,16,BUF,67,0.6119402985074625,0.48548484660351465,12.645545190394781
2020,16,CAR,59,0.5084745762711861,0.5747344577211445,-6.625988144995842
2020,16,CHI,67,0.5671641791044778,0.5783660597543219,-1.1201880649844065
2020,16,CIN,70,0.5428571428571428,0.5409234049596956,0.19337378974472186
2020,16,CLE,69,0.7391304347826085,0.672259693560393,6.687074122221559
2020,16,DAL,63,0.49206349206349204,0.5453595883316465,-5.329609626815452
2020,16,DEN,74,0.6486486486486484,0.7044609233334258,-5.581227468477746
2020,16,DET,46,0.6956521739130437,0.7102049278176349,-1.455275390459121
2020,16,GB,60,0.4500000000000003,0.4680319961160422,-1.8031996116041893
2020,16,HOU,50,0.72,0.6579842621088028,6.201573789119719
2020,16,IND,62,0.5483870967741932,0.6004635605119889,-5.207646373779573
2020,16,JAX,53,0.6981132075471698,0.6764280239366135,2.168518361055627
2020,16,KC,65,0.7230769230769233,0.6356750878003927,8.740183527653056
2020,16,LA,72,0.6805555555555557,0.6691103140927024,1.1445241462853306
2020,16,LAC,53,0.6792452830188678,0.6182200852430092,6.102519777585858
2020,16,LV,56,0.5892857142857145,0.5470081219183548,4.227759236735973
2020,16,MIA,59,0.6271186440677969,0.652952090663425,-2.583344659562803
2020,16,MIN,59,0.7118644067796611,0.6154005391112829,9.646386766837821
2020,16,NE,45,0.5111111111111111,0.6656264384587606,-15.45153273476495
2020,16,NO,70,0.39999999999999986,0.4836810315826109,-8.368103158261103
2020,16,NYG,53,0.7924528301886791,0.726646436835235,6.580639335344407
2020,16,NYJ,64,0.5625,0.5561493437271565,0.635065627284348
2020,16,PHI,68,0.6617647058823527,0.7038180087419117,-4.205330285955899
2020,16,PIT,61,0.8032786885245902,0.577567995327418,22.571069319717218
2020,16,SEA,54,0.6111111111111114,0.5924965706826361,1.8614540428475324
2020,16,SF,51,0.4313725490196077,0.5159677067661986,-8.459515774659094
2020,16,TB,67,0.641791044776119,0.49409099434738724,14.77000504287318
2020,16,TEN,53,0.5283018867924526,0.7317593682487056,-20.345748145625297
2020,16,WAS,66,0.7575757575757573,0.762350629676472,-0.47748721007147
2020,17,ARI,44,0.6136363636363638,0.7293534299189394,-11.57170662825756
2020,17,ATL,70,0.6285714285714289,0.6157858571835927,1.2785571387836203
2020,17,BAL,73,0.32876712328767155,0.5201150329451856,-19.134790965751403
2020,17,BUF,59,0.661016949152542,0.5280078442419989,13.300910491054319
2020,17,CAR,57,0.6666666666666667,0.6008449434711223,6.582172319554447
2020,17,CHI,73,0.602739726027397,0.6669022959389099,-6.416256991151292
2020,17,CIN,40,0.5249999999999998,0.7088973484933376,-18.389734849333784
2020,17,CLE,57,0.5438596491228072,0.561915020932231,-1.8055371809423848
2020,17,DAL,74,0.6891891891891889,0.627708076625257,6.1481112563931966
2020,17,DEN,74,0.5810810810810814,0.6105345300323254,-2.945344895124402
2020,17,DET,55,0.6363636363636361,0.6122183312069286,2.414530515670754
2020,17,GB,43,0.5813953488372094,0.5262478958208894,5.514745301632007
2020,17,HOU,58,0.7586206896551723,0.6562785835101687,10.23421061450036
2020,17,IND,63,0.44444444444444425,0.5687680737011962,-12.432362925675195
2020,17,JAX,59,0.7118644067796611,0.6825565513917956,2.930785538786551
2020,17,KC,49,0.6530612244897958,0.566870320512324,8.619090397747176
2020,17,LA,68,0.5882352941176472,0.5871672969147126,0.10679972029346008
2020,17,LAC,64,0.515625,0.5193295579520054,-0.3704557952005416
2020,17,LV,61,0.6393442622950816,0.699769087746495,-6.042482545141348
2020,17,MIA,80,0.7749999999999998,0.6915145026519894,8.348549734801036
2020,17,MIN,68,0.5882352941176472,0.5880627456833334,0.017254843431380174
2020,17,NE,60,0.5166666666666664,0.540351799223572,-2.368513255690563
2020,17,NO,61,0.5409836065573769,0.523462606685572,1.7520999871804888
2020,17,NYG,50,0.5400000000000003,0.5525367571413518,-1.2536757141351496
2020,17,NYJ,59,0.5762711864406778,0.6269864551091598,-5.071526866848208
2020,17,PHI,62,0.6290322580645162,0.6169300370158688,1.2102221048647444
2020,17,PIT,65,0.707692307692308,0.7150549906950731,-0.7362683002765102
2020,17,SEA,62,0.6451612903225808,0.5657889358699322,7.937235445264868
2020,17,SF,61,0.6229508196721314,0.6764431781456118,-5.349235847348044
2020,17,TB,59,0.694915254237288,0.527152297355361,16.7762956881927
2020,17,TEN,67,0.4328358208955222,0.5916557191912807,-15.881989829575849
2020,17,WAS,59,0.542372881355932,0.6130836131840439,-7.071073182811194
2020,18,BAL,57,0.4385964912280701,0.5452310016803574,-10.663451045228733
2020,18,BUF,56,0.6785714285714284,0.5705797467380762,10.799168183335217
2020,18,CHI,48,0.6666666666666666,0.70484582955638575,-3.817916288971912
2020,18,CLE,62,0.5806451612903227,0.5356949940924683,4.495016719785438
2020,18,IND,77,0.6103896103896104,0.6847986793750293,-7.440906898541888
2020,18,LA,66,0.39393939393939376,0.49341262035974953,-9.947322642035578
2020,18,NO,74,0.5270270270270271,0.5415210845704014,-1.4494057543374295
2020,18,PIT,87,0.8160919540229883,0.7174912954884014,9.86006585345869
2020,18,SEA,52,0.596153846153846,0.6984541416168213,-10.230029546297526
2020,18,TB,67,0.5970149253731343,0.5742122679948807,2.28026573782536
2020,18,TEN,48,0.5625,0.6256495683143537,-6.31495683143537
2020,18,WAS,68,0.75,0.6809220633962576,6.90779366037424
2020,19,BAL,68,0.6176470588235297,0.7226688414812088,-10.502178265767913
2020,19,BUF,49,0.7755102040816328,0.546216648908294,22.92935551733388
2020,19,CLE,59,0.6271186440677969,0.6502541924937296,-2.3135548425932684
2020,19,GB,71,0.5492957746478871,0.5241144932281805,2.518128141970666
2020,19,KC,60,0.6499999999999998,0.5753294191012779,7.467058089872191
2020,19,LA,47,0.6170212765957446,0.6645836348229266,-4.756235822718202
2020,19,NO,60,0.5833333333333331,0.5984273662169775,-1.5094032883644304
2020,19,TB,65,0.5076923076923077,0.5831657777612027,-7.547347006889504
2020,20,BUF,67,0.8059701492537312,0.6671297841552478,13.884036509848341
2020,20,GB,65,0.7538461538461535,0.6360540009461917,11.77921528999618
2020,20,KC,59,0.6440677966101694,0.4551407828043073,18.892701380586214
2020,20,TB,59,0.6101694915254237,0.5708193148849372,3.9350176640486456
2020,21,KC,65,0.8153846153846154,0.7148643301083492,10.052028527626621
2020,21,TB,59,0.49152542372881386,0.49387397149861867,-0.23485477698048096
2021,1,ARI,65,0.5076923076923077,0.5501197747313059,-4.242746703899824
2021,1,ATL,61,0.5901639344262297,0.700115516781807,-10.995158235557723
2021,1,BAL,63,0.5714285714285716,0.6067985405051519,-3.53699690765803
2021,1,BUF,76,0.6842105263157895,0.6688904991667521,1.5320027149037352
2021,1,CAR,59,0.593220338983051,0.5714880255824428,2.1732313400608216
2021,1,CHI,66,0.6363636363636361,0.6372940291961033,-0.09303928324672084
2021,1,CIN,62,0.4193548387096772,0.605025134139484,-18.567029542980677
2021,1,CLE,55,0.5454545454545457,0.594480736418204,-4.902619096365823
2021,1,DAL,76,0.8026315789473686,0.5902714964590574,21.23600824883112
2021,1,DEN,64,0.609375,0.6119743606250267,-0.25993606250267476
2021,1,DET,83,0.7469879518072285,0.7299695865935589,1.7018365213669617
2021,1,GB,50,0.7000000000000001,0.7362404809892178,-3.6240480989217727
2021,1,HOU,73,0.4931506849315067,0.5216263217264661,-2.8475636794959347
2021,1,IND,69,0.5942028985507246,0.6815385429755502,-8.733564442482555
2021,1,JAX,66,0.7727272727272727,0.7425380692337498,3.0189203493522943
2021,1,KC,58,0.6896551724137928,0.5996763428737377,8.99788295400551
2021,1,LA,45,0.577777777777778,0.47278013858530255,10.49976391924754
2021,1,LAC,73,0.6438356164383564,0.5570379138911422,8.679770254721419
2021,1,LV,75,0.7333333333333336,0.6441333077351251,8.92000255982085
2021,1,MIA,47,0.5744680851063829,0.5645378339797893,0.9930251126593626
2021,1,MIN,71,0.6901408450704228,0.7024759364799714,-1.2335091409548582
2021,1,NE,69,0.5652173913043479,0.5939163483571314,-2.869895705278347
2021,1,NO,58,0.4137931034482759,0.4990438359050915,-8.525073245681558
2021,1,NYG,55,0.7272727272727273,0.7520556612448259,-2.478293397209863
2021,1,NYJ,56,0.6785714285714284,0.6774034936513219,0.11679349201064726
2021,1,PHI,66,0.5606060606060606,0.5603788535703312,0.022720703572931544
2021,1,PIT,50,0.6599999999999999,0.5519741044938564,10.80258955061435
2021,1,SEA,50,0.5,0.5035038023442031,-0.3503802344203111
2021,1,SF,52,0.5,0.5310486803690976,-3.104868036909758
2021,1,TB,64,0.78125,0.624510055873543,15.673994412645698
2021,1,TEN,58,0.6551724137931036,0.7310450965988226,-7.587268280571891
2021,1,WAS,48,0.5208333333333333,0.6365383301551144,-11.570499682178115
2021,2,ARI,57,0.6842105263157896,0.6063105288827628,7.789999743302678
2021,2,ATL,69,0.7101449275362316,0.6347775621258694,7.536736541036215
2021,2,BAL,67,0.4179104477611938,0.5865591161731463,-16.864866841195248
2021,2,BUF,61,0.5737704918032787,0.5382418573879806,3.5528634415298077
2021,2,CAR,71,0.5492957746478871,0.4716800700243511,7.761570462353607
2021,2,CHI,55,0.5454545454545457,0.5791552814570341,-3.370073600248835
2021,2,CIN,50,0.6000000000000002,0.6747060430049896,-7.470604300498939
2021,2,CLE,52,0.5,0.5497807854643235,-4.978078546432352
2021,2,DAL,58,0.4655172413793106,0.602862351927264,-13.73451105479534
2021,2,DEN,62,0.5645161290322581,0.5415704422780584,2.2945686754199723
2021,2,DET,55,0.6909090909090906,0.6372380324385383,5.367105847055232
2021,2,GB,54,0.5555555555555557,0.49561309579897805,5.994245975657764
2021,2,HOU,57,0.526315789473684,0.654737929241699,-12.842213976801508
2021,2,IND,63,0.6666666666666669,0.6405574334046198,2.610923326204706
2021,2,JAX,50,0.72,0.7106780058145523,0.9321994185447657
2021,2,KC,49,0.6530612244897958,0.567192974139233,8.586825035056279
2021,2,LA,59,0.5254237288135595,0.5304176139376932,-0.4993885124133679
2021,2,LAC,61,0.7049180327868851,0.6608239260853315,4.409410670155367
2021,2,LV,62,0.6129032258064514,0.5152057563104937,9.76974694959577
2021,2,MIA,63,0.7460317460317457,0.7177285395917439,2.830320644000184
2021,2,MIN,59,0.5762711864406778,0.659520550299499,-8.32493638588212
2021,2,NE,54,0.5555555555555557,0.5565025220038715,-0.09469664483158224
2021,2,NO,38,0.6578947368421052,0.7942241928295085,-13.632945598740331
2021,2,NYG,59,0.5762711864406778,0.566464014730211,0.9807171710466744
2021,2,NYJ,63,0.5555555555555557,0.6904210171529226,-13.48654615973669
2021,2,PHI,53,0.5471698113207546,0.6069070519703739,-5.973724064961927
2021,2,PIT,54,0.7407407407407409,0.7184668602766814,2.2273880464059537
2021,2,SEA,49,0.6734693877551022,0.6606414476219489,1.282794013315336
2021,2,SF,65,0.5076923076923077,0.5654133794399407,-5.772107174763308
2021,2,TB,54,0.6851851851851852,0.5247663994906124,16.04187856945728
2021,2,TEN,79,0.5316455696202534,0.6400245820419699,-10.837901242171643
2021,2,WAS,67,0.716417910447761,0.6414197903515688,7.499812009619222
2021,3,ARI,64,0.578125,0.5044635685626417,7.366143143735826
2021,3,ATL,56,0.642857142857143,0.6663459033838339,-2.348876052669091
2021,3,BAL,52,0.6730769230769229,0.6314903984849269,4.158652459199597
2021,3,BUF,75,0.6399999999999998,0.5593663442134856,8.063365578651416
2021,3,CAR,64,0.546875,0.5147109686513431,3.2164031348656863
2021,3,CHI,33,0.6363636363636362,0.622526868726268,1.3836767637368297
2021,3,CIN,39,0.4871794871794871,0.5920206813667066,-10.48411941872195
2021,3,CLE,70,0.4857142857142857,0.5793990582227706,-9.368477250848489
2021,3,DAL,64,0.4375,0.5055983102647588,-6.809831026475877
2021,3,DEN,61,0.44262295081967223,0.5158895451392307,-7.326659431955846
2021,3,DET,58,0.5517241379310347,0.6020212969903288,-5.029715905929411
2021,3,GB,56,0.5535714285714284,0.5501238115664039,0.3447617005024495
2021,3,HOU,44,0.6136363636363638,0.6911127238788388,-7.747636024247506
2021,3,IND,55,0.672727272727273,0.66246405785734,1.026321486993298
2021,3,JAX,62,0.5645161290322581,0.6883420021303238,-12.38258730980657
2021,3,KC,74,0.6486486486486484,0.6470482860868041,0.16003625618442596
2021,3,LA,60,0.6333333333333336,0.5754615515470505,5.7871781786283165
2021,3,LAC,60,0.6833333333333331,0.5934730800489585,8.986025328437464
2021,3,LV,76,0.5657894736842106,0.5742072193442208,-0.841774566001019
2021,3,MIA,76,0.7236842105263162,0.7367490361395636,-1.30648256132474
2021,3,MIN,72,0.5277777777777773,0.5425466674690447,-1.4768889691267328
2021,3,NE,68,0.7941176470588234,0.7647758064901128,2.9341840568710587
2021,3,NO,57,0.4210526315789477,0.5051415414925207,-8.408890991357298
2021,3,NYG,62,0.6451612903225808,0.6045194212948123,4.064186902776856
2021,3,NYJ,48,0.7291666666666666,0.6735665115217369,5.560015514492978
2021,3,PHI,51,0.9019607843137255,0.6889757467251199,21.298503758860566
2021,3,PIT,73,0.8082191780821917,0.7796590744632564,2.856010361893524
2021,3,SEA,50,0.7000000000000001,0.6282640156149865,7.173598438501361
2021,3,SF,61,0.6557377049180325,0.6712435777070092,-1.5505872788976638
2021,3,TB,68,0.8382352941176472,0.7089246719637338,12.931062215391343
2021,3,TEN,63,0.4603174603174602,0.5879290694045642,-12.761160908710407
2021,3,WAS,49,0.5918367346938773,0.6984457975747633,-10.6609062880886
2021,4,ARI,70,0.5142857142857145,0.5511856326035092,-3.689991831779471
2021,4,ATL,70,0.6142857142857145,0.67083261013031,-5.654689584459549
2021,4,BAL,67,0.5671641791044778,0.5126670724364804,5.449710666799746
2021,4,BUF,69,0.4782608695652175,0.5476309771555058,-6.937010759028828
2021,4,CAR,63,0.6507936507936509,0.6454872892252983,0.5306361568352624
2021,4,CHI,54,0.3333333333333332,0.49196307913020815,-15.862974579687494
2021,4,CIN,54,0.5925925925925929,0.6074469780066499,-1.4854385414057036
2021,4,CLE,72,0.4861111111111114,0.5916951452899312,-10.558403417881978
2021,4,DAL,56,0.4464285714285716,0.5068612944866929,-6.043272305812131
2021,4,DEN,54,0.7037037037037034,0.7131690129085824,-0.946530920487898
2021,4,DET,63,0.6190476190476194,0.6640867756472694,-4.5039156599649965
2021,4,GB,67,0.5522388059701496,0.5407153436385873,1.1523462331562317
2021,4,HOU,39,0.5641025641025642,0.6660232570690987,-10.19206929665345
2021,4,IND,62,0.5161290322580648,0.5443992093806306,-2.8270177122565743
2021,4,JAX,54,0.48148148148148173,0.5454773072291303,-6.399582574764862
2021,4,KC,61,0.5573770491803277,0.4827244084511624,7.465264072916533
2021,4,LA,63,0.6825396825396827,0.6630905939946099,1.9449088545072768
2021,4,LAC,71,0.5633802816901412,0.5711240887536968,-0.7743807063555597
2021,4,LV,52,0.6923076923076924,0.7034439650865701,-1.1136272778877743
2021,4,MIA,46,0.6956521739130437,0.652482898015043,4.316927589800068
2021,4,MIN,60,0.6499999999999998,0.743611836930116,-9.361183693011622
2021,4,NE,49,0.8571428571428572,0.618414049854084,23.87288072887732
2021,4,NO,65,0.3999999999999998,0.5875141616051014,-18.75141616051016
2021,4,NYG,61,0.7049180327868851,0.6412760644662575,6.364196832062763
2021,4,NYJ,58,0.6034482758620686,0.5400236811617325,6.342459470033612
2021,4,PHI,67,0.7761194029850749,0.6795809836085163,9.65384193765586
2021,4,PIT,56,0.7142857142857144,0.6974661477974483,1.6819566488266102
2021,4,SEA,49,0.5102040816326532,0.5148733186782624,-0.4669237045609176
2021,4,SF,71,0.647887323943662,0.6993806492274917,-5.149332528382966
2021,4,TB,70,0.6285714285714289,0.6448689635310855,-1.6297534959656579
2021,4,TEN,87,0.5862068965517244,0.6879467571946396,-10.173986064291519
2021,4,WAS,62,0.6129032258064514,0.6694858528433307,-5.658262703687933
2021,5,ARI,55,0.5636363636363634,0.5312676057219505,3.236875791441285
2021,5,ATL,74,0.6216216216216218,0.5677737952084154,5.3847826413206406
2021,5,BAL,71,0.7323943661971828,0.6747656107788356,5.762875541834722
2021,5,BUF,51,0.5882352941176473,0.519423451092021,6.881184302562627
2021,5,CAR,67,0.5820895522388062,0.602351092580539,-2.0261540341732776
2021,5,CHI,57,0.3508771929824563,0.5270027787538998,-17.61255857714435
2021,5,CIN,63,0.6349206349206352,0.6370105374427069,-0.20899025220716405
2021,5,CLE,67,0.5074626865671642,0.6078332571396187,-10.037057057245447
2021,5,DAL,72,0.4722222222222226,0.5409723244245269,-6.875010220230432
2021,5,DEN,57,0.701754385964912,0.7843642898818903,-8.260990391697831
2021,5,DET,60,0.6000000000000002,0.6868969472746055,-8.689694727460529
2021,5,GB,60,0.6333333333333336,0.6146618907650312,1.8671442568302443
2021,5,HOU,53,0.5471698113207546,0.5974929903475743,-5.032317902681971
2021,5,IND,62,0.5967741935483868,0.5712432868538363,2.5530906694550493
2021,5,JAX,65,0.5692307692307694,0.6748506960960535,-10.56199268652841
2021,5,KC,77,0.7922077922077922,0.6730963210393857,11.91114711684066
2021,5,LA,65,0.5692307692307694,0.4939507242578727,7.528004497289675
2021,5,LAC,67,0.7014925373134329,0.6719767882752774,2.951574903815546
2021,5,LV,58,0.6551724137931036,0.6632231682025153,-0.8050754409411609
2021,5,MIA,48,0.8125,0.6127809497217337,19.97190502782663
2021,5,MIN,61,0.5573770491803277,0.5951673885593648,-3.7790339379037086
2021,5,NE,59,0.49152542372881386,0.6268156663341038,-13.529024260528994
2021,5,NO,52,0.6153846153846156,0.5287703136698556,8.661430171476002
2021,5,NYG,64,0.625,0.6720119547098875,-4.7011954709887505
2021,5,NYJ,51,0.6666666666666667,0.6949423285675984,-2.827566190093167
2021,5,PHI,58,0.6724137931034482,0.6313814682693316,4.103232483411656
2021,5,PIT,59,0.4237288135593222,0.5524254812527511,-12.869666769342897
2021,5,SEA,58,0.6206896551724135,0.6801544602574974,-5.946480508508389
2021,5,SF,57,0.5789473684210523,0.6734243746389422,-9.44770062178899
2021,5,TB,65,0.6769230769230772,0.5234413342980238,15.348174262505342
2021,5,TEN,58,0.3965517241379313,0.5301662102213194,-13.361448608338804
2021,5,WAS,75,0.6266666666666666,0.5929649569590887,3.370170970757791
2021,6,ARI,64,0.46875,0.5117809964576736,-4.303099645767361
2021,6,BAL,63,0.4761904761904761,0.505517389033995,-2.9326912843518906
2021,6,BUF,71,0.7323943661971828,0.6349502075725878,9.7444158624595
2021,6,CAR,64,0.703125,0.7254751587752253,-2.235015877522528
2021,6,CHI,53,0.6037735849056605,0.65899188788432,-5.521830297865948
2021,6,CIN,63,0.5555555555555557,0.5562810304737282,-0.07254749181725417
2021,6,CLE,50,0.6800000000000002,0.714437199831009,-3.443719983100879
2021,6,DAL,83,0.6385542168674704,0.6108554929315325,2.7698723935937863
2021,6,DEN,72,0.7083333333333331,0.7561942415518893,-4.786090821855615
2021,6,DET,60,0.7166666666666666,0.7214016395310561,-0.47349728643895084
2021,6,GB,50,0.5,0.46959121536463505,3.0408784635364947
2021,6,HOU,72,0.6111111111111114,0.6701981462538242,-5.908703514271285
2021,6,IND,45,0.4666666666666666,0.5437755339261559,-7.7108867259489235
2021,6,JAX,60,0.7000000000000002,0.6814316605528197,1.8568339447180504
2021,6,KC,75,0.6666666666666669,0.5370832576354343,12.958340903123256
2021,6,LA,63,0.5079365079365079,0.5078199942197118,0.011651371679610723
2021,6,LAC,51,0.7843137254901961,0.6918067993486628,9.250692614153323
2021,6,LV,49,0.5510204081632656,0.5653906785407846,-1.4370270377519034
2021,6,MIA,67,0.7462686567164176,0.6413637657663716,10.490489095004607
2021,6,MIN,85,0.5764705882352938,0.5706927257425645,0.577786249272938
2021,6,NE,47,0.46808510638297846,0.598152425694973,-13.00673193119945
2021,6,NYG,70,0.7571428571428575,0.7010628627879278,5.60799943549296
2021,6,PHI,46,0.6956521739130437,0.7408494340336841,-4.519726012064041
2021,6,PIT,69,0.5797101449275359,0.6185546979524087,-3.8844553024872774
2021,6,SEA,57,0.5438596491228072,0.6430081615322514,-9.914851240944422
2021,6,TB,70,0.6000000000000001,0.530060427742345,6.993957225765513
2021,6,TEN,50,0.58,0.6410816681385041,-6.1081668138504135
2021,6,WAS,58,0.6724137931034482,0.6320838650752758,4.032992802817237
2021,7,ARI,63,0.4761904761904761,0.5451863651710842,-6.89958889806081
2021,7,ATL,60,0.6833333333333331,0.6301979104677835,5.313542286554962
2021,7,BAL,66,0.7272727272727274,0.7049792149301731,2.229351234255428
2021,7,CAR,56,0.7142857142857144,0.6567845445658479,5.750116971986651
2021,7,CHI,61,0.6393442622950816,0.6389079729064566,0.043628938862494415
2021,7,CIN,61,0.6065573770491807,0.5338302031159401,7.272717393324058
2021,7,CLE,65,0.5384615384615385,0.5076732050340909,3.078833342744769
2021,7,DEN,47,0.7021276595744681,0.6556224433031488,4.650521627131932
2021,7,DET,63,0.5714285714285716,0.6656594437266153,-9.423087229804372
2021,7,GB,50,0.7399999999999999,0.6104963491111994,12.950365088880044
2021,7,HOU,47,0.6808510638297873,0.695312999664469,-1.4461935834681694
2021,7,IND,60,0.4833333333333333,0.5442292384803297,-6.089590514699639
2021,7,KC,63,0.9047619047619048,0.7366940478483835,16.806785691352122
2021,7,LA,59,0.7118644067796611,0.5768635391683901,13.500086761127106
2021,7,LV,62,0.5645161290322581,0.5163226089169901,4.819352011526801
2021,7,MIA,69,0.6231884057971014,0.6317895015944606,-0.8601095797359126
2021,7,NE,70,0.6142857142857145,0.5349016944212572,7.938401986445731
2021,7,NO,64,0.609375,0.5992761503439397,1.0098849656060338
2021,7,NYG,62,0.5483870967741932,0.5187213729706504,2.966572380354282
2021,7,NYJ,60,0.7000000000000002,0.6628476416071256,3.7152358392874563
2021,7,PHI,66,0.5909090909090906,0.7215179957900986,-13.060890488100796
2021,7,SEA,49,0.46938775510204095,0.60775816197298,-13.83704068709391
2021,7,SF,51,0.5490196078431374,0.6660903300724778,-11.707072222934034
2021,7,TB,70,0.5571428571428573,0.529066225886345,2.8076631256512274
2021,7,TEN,61,0.47540983606557397,0.49843522271171947,-2.3025386646145507
2021,7,WAS,64,0.65625,0.6660935361869633,-0.984353618696332
2021,8,ARI,53,0.641509433962264,0.6468967457987228,-0.5387311836458797
2021,8,ATL,47,0.5957446808510636,0.6787668450715694,-8.302216422050579
2021,8,BUF,66,0.6969696969696968,0.5827300970188598,11.423959995083699
2021,8,CAR,71,0.4084507042253522,0.5656520780962957,-15.720137387094352
2021,8,CHI,63,0.5555555555555557,0.6304939105397179,-7.493835498416224
2021,8,CIN,50,0.7000000000000001,0.5878044059872627,11.219559401273738
2021,8,CLE,54,0.5925925925925929,0.6524692605491038,-5.9876667956510925
2021,8,DAL,65,0.6461538461538463,0.663360946912032,-1.7207100758185656
2021,8,DEN,47,0.5531914893617024,0.5875576285922781,-3.4366139230575743
2021,8,DET,53,0.6792452830188678,0.7531131044873651,-7.386782146849735
2021,8,GB,70,0.5428571428571428,0.5373574633683477,0.5499679488795151
2021,8,HOU,54,0.7222222222222223,0.7155166174526568,0.6705604769565499
2021,8,IND,71,0.7323943661971828,0.6773413039848839,5.505306221229889
2021,8,JAX,72,0.7777777777777776,0.7141258406142394,6.3651937163538115
2021,8,KC,74,0.6756756756756759,0.5870307691999385,8.864490647573742
2021,8,LA,65,0.5230769230769231,0.4933938740537716,2.9683049023151495
2021,8,LAC,54,0.6666666666666667,0.7268015328380797,-6.013486617141295
2021,8,MIA,63,0.6666666666666669,0.6668847598253735,-0.02180931587066892
2021,8,MIN,59,0.6440677966101694,0.6609069071078705,-1.6839110497701038
2021,8,NE,74,0.5135135135135135,0.576574069120594,-6.306055560708046
2021,8,NO,70,0.6285714285714289,0.6040360250643322,2.453540350709671
2021,8,NYG,52,0.6730769230769229,0.6103134550727332,6.276346800418975
2021,8,NYJ,75,0.6800000000000002,0.5834056357542674,9.659436424573276
2021,8,PHI,61,0.3114754098360658,0.47449649015411,-16.30210803180442
2021,8,PIT,68,0.5441176470588232,0.5687430529745623,-2.462540591573914
2021,8,SEA,49,0.5102040816326532,0.5020626953669958,0.8141386265657413
2021,8,SF,51,0.5490196078431374,0.5845250157164591,-3.550540787332168
2021,8,TB,56,0.7321428571428571,0.6913514028170279,4.07914543258292
2021,8,TEN,64,0.53125,0.6297395336441696,-9.848953364416957
2021,8,WAS,63,0.6349206349206352,0.632881635947833,0.20389989728022417
2021,9,ARI,65,0.43076923076923057,0.43920565654452026,-0.8436425775289691
2021,9,ATL,53,0.6226415094339625,0.615520178147082,0.7121331286880417
2021,9,BAL,86,0.5930232558139534,0.6301041046200795,-3.7080848806126054
2021,9,BUF,61,0.8196721311475408,0.7028693735110955,11.680275763644532
2021,9,CAR,56,0.642857142857143,0.6790907271206379,-3.623358426349488
2021,9,CHI,55,0.6181818181818185,0.7055664696476677,-8.738465146584918
2021,9,CIN,66,0.6363636363636361,0.6795587383887984,-4.319510202516231
2021,9,CLE,44,0.47727272727272735,0.44331036753613845,3.39623597365889
2021,9,DAL,57,0.7192982456140353,0.7211064089808548,-0.18081633668194375
2021,9,DEN,68,0.4264705882352944,0.5115526651634891,-8.50820769281947
2021,9,GB,59,0.6440677966101694,0.6844162349983798,-4.034843838821034
2021,9,HOU,61,0.754098360655738,0.6953720284290001,5.872633222673784
2021,9,IND,59,0.542372881355932,0.5654635843584094,-2.3090703002477397
2021,9,JAX,54,0.5185185185185184,0.5681788748889057,-4.966035637038734
2021,9,KC,60,0.6166666666666664,0.5246333563079436,9.203331035872274
2021,9,LA,69,0.7246376811594205,0.7120059879793637,1.2631693180056858
2021,9,LAC,65,0.6307692307692311,0.5508612346190673,7.990799615016375
2021,9,LV,66,0.7121212121212119,0.6344926585302209,7.762855359099108
2021,9,MIA,68,0.6470588235294119,0.5703069937470207,7.675182978239126
2021,9,MIN,52,0.5384615384615385,0.6400740072131157,-10.161246875157715
2021,9,NE,54,0.3333333333333332,0.6081091874727497,-27.477585413941647
2021,9,NO,70,0.6285714285714289,0.7051668354443142,-7.659540687288535
2021,9,NYG,50,0.45999999999999974,0.5491499048471451,-8.914990484714536
2021,9,NYJ,73,0.7534246575342467,0.716241229070376,3.7183428463870682
2021,9,PHI,56,0.4107142857142854,0.6060850503189223,-19.53707646046369
2021,9,PIT,60,0.4833333333333333,0.5638803419967492,-8.05470086634159
2021,9,SF,51,0.8039215686274511,0.7469523920148027,5.696917661264845
2021,9,TEN,52,0.5192307692307689,0.5105669893897498,0.8663779841019181
2021,10,ARI,49,0.6122448979591838,0.6722878321092955,-6.004293415011174
2021,10,ATL,51,0.5294117647058825,0.6964962435703651,-16.708447886448262
2021,10,BAL,63,0.6984126984126986,0.7410564424972685,-4.264374408456995
2021,10,BUF,49,0.5918367346938773,0.5156040733718144,7.623266132206297
2021,10,CAR,70,0.4857142857142857,0.5010266396350094,-1.5312353920723665
2021,10,CLE,53,0.6226415094339625,0.6720730622984329,-4.943155286447043
2021,10,DAL,70,0.5142857142857145,0.535548647865653,-2.126293357993858
2021,10,DEN,54,0.6666666666666667,0.6699494727783732,-0.32828061117065044
2021,10,DET,64,0.390625,0.6744021382182837,-28.377713821828365
2021,10,GB,69,0.5507246376811591,0.5045527747791747,4.617186290198438
2021,10,IND,58,0.6034482758620686,0.6181803779869245,-1.4732102124855873
2021,10,JAX,60,0.6666666666666667,0.7064907898505528,-3.982412318388606
2021,10,KC,74,0.6891891891891889,0.5579481002295743,13.124108895961461
2021,10,LA,52,0.8076923076923078,0.7462829334231523,6.140937426915549
2021,10,LAC,53,0.6603773584905662,0.6408904127354892,1.9486945755077034
2021,10,LV,49,0.7755102040816328,0.666497097027545,10.901310705408784
2021,10,MIA,57,0.6666666666666667,0.5945550573238154,7.211160934285132
2021,10,MIN,67,0.5671641791044778,0.57237227861561,-0.5208099511132214
2021,10,NE,58,0.4482758620689653,0.5318836021269189,-8.360774005795356
2021,10,NO,58,0.6379310344827588,0.6842009219630011,-4.62698874802423
2021,10,NYJ,69,0.6811594202898549,0.7240618519161058,-4.290243162625096
2021,10,PHI,59,0.40677966101694896,0.5793111143412732,-17.253145332432428
2021,10,PIT,80,0.65,0.6907686464488506,-4.076864644885059
2021,10,SEA,56,0.8035714285714284,0.6928937983300004,11.067763024142796
2021,10,SF,62,0.3064516129032257,0.49929342292729884,-19.284181002407312
2021,10,TB,47,0.7234042553191488,0.6677124866462768,5.5691768672871955
2021,10,TEN,54,0.5185185185185184,0.5417409870359633,-2.3222468517444916
2021,10,WAS,67,0.5223880597014923,0.5325773634127715,-1.018930371127924
2021,11,ARI,75,0.6,0.5241405730942885,7.585942690571146
2021,11,ATL,48,0.6666666666666666,0.659261913659672,0.7404753006994613
2021,11,BAL,70,0.5428571428571428,0.6706827827862332,-12.782563992909035
2021,11,BUF,54,0.7592592592592591,0.7025187997906296,5.6740459468629485
2021,11,CAR,47,0.5957446808510636,0.6591932665794453,-6.344858572838175
2021,11,CHI,55,0.6545454545454548,0.6551303893327713,-0.05849347873165822
2021,11,CIN,67,0.4776119402985077,0.5294103133144663,-5.179837301595863
2021,11,CLE,63,0.5079365079365079,0.5895631038953388,-8.162659595883092
2021,11,DAL,59,0.7288135593220337,0.7265123548144001,0.2301204507633603
2021,11,DET,46,0.5,0.6536968599842943,-15.369685998429429
2021,11,GB,51,0.6862745098039216,0.7045541522549648,-1.8279642451043188
2021,11,HOU,62,0.46774193548387094,0.5352959334249457,-6.755399794107481
2021,11,IND,66,0.31818181818181807,0.45640526745807036,-13.82234492762523
2021,11,JAX,41,0.6585365853658538,0.7412473835596224,-8.271079819376858
2021,11,KC,61,0.6557377049180325,0.4995466662479228,15.619103867010969
2021,11,LAC,64,0.734375,0.609679008834064,12.4695991165936
2021,11,LV,45,0.6000000000000002,0.6580380095375908,-5.803800953759064
2021,11,MIA,66,0.5303030303030299,0.5594261638594396,-2.912313355640961
2021,11,MIN,63,0.5555555555555557,0.5663883037983426,-1.0832748242786905
2021,11,NE,54,0.5,0.5231816516154341,-2.3181651615434062
2021,11,NO,62,0.6774193548387095,0.7435810017970301,-6.616164695832061
2021,11,NYG,52,0.75,0.6362712687024703,11.37287312975297
2021,11,NYJ,57,0.701754385964912,0.6453364496691185,5.64179362957935
2021,11,PHI,72,0.3888888888888886,0.5384101329578292,-14.952124406894063
2021,11,PIT,62,0.7096774193548389,0.6778756132529627,3.1801806101876107
2021,11,SEA,45,0.577777777777778,0.6826505462328594,-10.487276845508141
2021,11,SF,62,0.3870967741935486,0.5135138177222783,-12.641704352872974
2021,11,TB,73,0.6712328767123285,0.5358595260202068,13.537335069212164
2021,11,TEN,77,0.6753246753246751,0.7474148347006215,-7.209015937594643
2021,11,WAS,60,0.3833333333333335,0.5844699427485465,-20.113660941521296
2021,12,ATL,56,0.5357142857142855,0.5623098143509455,-2.6595528636660037
2021,12,BAL,72,0.5138888888888885,0.5466598401673965,-3.2770951278508043
2021,12,BUF,60,0.5333333333333334,0.5708575767775376,-3.752424344420413
2021,12,CAR,49,0.6326530612244898,0.705282550077049,-7.262948885255915
2021,12,CHI,65,0.6461538461538463,0.6583859283190506,-1.2232082165204328
2021,12,CIN,63,0.4126984126984125,0.48368653140607326,-7.098811870766076
2021,12,CLE,54,0.7037037037037034,0.6843108788684562,1.939282483524718
2021,12,DAL,69,0.7101449275362316,0.687136034818663,2.3008892717568563
2021,12,DEN,56,0.4464285714285716,0.5288742449068066,-8.244567347823494
2021,12,DET,44,0.5681818181818181,0.5950954563238404,-2.69136381420223
2021,12,GB,77,0.5974025974025972,0.566411709630644,3.0990887771953135
2021,12,HOU,50,0.5400000000000003,0.7105740216374398,-17.05740216374395
2021,12,IND,64,0.71875,0.637836886337027,8.091311366297305
2021,12,JAX,71,0.6197183098591552,0.6852896310074229,-6.55713211482677
2021,12,LA,59,0.6779661016949152,0.7302410962470507,-5.227499455213547
2021,12,LAC,62,0.7903225806451613,0.7375349383200368,5.2787642325124455
2021,12,LV,73,0.5479452054794519,0.5481561767320111,-0.021097125255920002
2021,12,MIA,68,0.45588235294117674,0.5337171585244289,-7.783480558325218
2021,12,MIN,52,0.653846153846154,0.6627540536797963,-0.8907899833642374
2021,12,NE,55,0.6000000000000002,0.5942946213212879,0.5705378678712347
2021,12,NO,55,0.5818181818181817,0.7298078301278028,-14.798964830962113
2021,12,NYG,56,0.5714285714285716,0.5393407300912909,3.208784133728071
2021,12,NYJ,58,0.4137931034482759,0.5469123929867457,-13.311928953846975
2021,12,PHI,63,0.5079365079365079,0.6899029806492821,-18.19664727127742
2021,12,PIT,56,0.7321428571428571,0.7496141945677144,-1.7471337424857292
2021,12,SEA,44,0.75,0.722337079319087,2.766292068091303
2021,12,SF,63,0.4126984126984125,0.5703494594920248,-15.765104679361224
2021,12,TB,60,0.5666666666666669,0.5581266875068347,0.8539979159832178
2021,12,TEN,59,0.40677966101694896,0.6173668925539922,-21.058723153704328
2021,12,WAS,77,0.4805194805194804,0.5169913666201877,-3.6471886100707342
2021,13,ARI,51,0.3921568627450978,0.4713878301794038,-7.923096743430596
2021,13,ATL,64,0.65625,0.6909550302661955,-3.4705030266195536
2021,13,BAL,63,0.6507936507936509,0.6862041522113105,-3.5410501417659557
2021,13,BUF,55,0.6181818181818185,0.6560036903077906,-3.78218721259721
2021,13,CHI,69,0.6231884057971014,0.6814935306708019,-5.830512487370044
2021,13,CIN,66,0.6212121212121213,0.7150702286850323,-9.385810747291101
2021,13,DAL,61,0.6557377049180325,0.616637442322051,3.910026259598154
2021,13,DEN,72,0.6111111111111114,0.6884096090992292,-7.729849798811783
2021,13,DET,66,0.6060606060606063,0.6140884454503204,-0.8027839389714075
2021,13,HOU,46,0.6739130434782608,0.6871120338530644,-1.3198990374803654
2021,13,IND,68,0.33823529411764724,0.4815928095622976,-14.335751544465037
2021,13,JAX,53,0.5849056603773584,0.6326477322376,-4.77420718602416
2021,13,KC,51,0.6078431372549021,0.5484093898067288,5.943374744817332
2021,13,LA,65,0.5846153846153849,0.5557903890426342,2.8824995572750645
2021,13,LAC,58,0.6379310344827588,0.5119672724655991,12.596376201715964
2021,13,LV,55,0.7454545454545454,0.6671782764521512,7.827626900239415
2021,13,MIA,65,0.6461538461538463,0.5679873291689617,7.816651698488464
2021,13,MIN,70,0.6142857142857145,0.6462249598332814,-3.1939245547566886
2021,13,NE,48,0.0625,0.6335511443515618,-57.10511443515618
2021,13,NO,67,0.6716417910447763,0.6901417737131688,-1.8499982668392478
2021,13,NYG,59,0.7118644067796611,0.695083266092559,1.6781140687102125
2021,13,NYJ,54,0.7037037037037034,0.6584792366182363,4.522446708546712
2021,13,PHI,66,0.39393939393939376,0.5346516911504846,-14.071229721109086
2021,13,PIT,56,0.5714285714285716,0.6136816133345876,-4.225304190601598
2021,13,SEA,63,0.6190476190476194,0.612676984497479,0.6370634550140419
2021,13,SF,54,0.5555555555555557,0.6427356040588131,-8.718004850325745
2021,13,TB,67,0.7611940298507464,0.5415709778221685,21.96230520285779
2021,13,WAS,59,0.542372881355932,0.6248383431111353,-8.246546175520331
2021,14,ARI,71,0.7605633802816902,0.728352687308486,3.2210692973204225
2021,14,ATL,63,0.4603174603174602,0.5566346745287615,-9.631721421130129
2021,14,BAL,65,0.7384615384615382,0.7801227746101527,-4.1661236148614496
2021,14,BUF,73,0.7808219178082195,0.7354378749246466,4.53840428835729
2021,14,CAR,61,0.5901639344262297,0.6773489611070664,-8.718502668083673
2021,14,CHI,56,0.7321428571428571,0.7034234314092569,2.87194257336002
2021,14,CIN,59,0.593220338983051,0.651029516074617,-5.780917709156597
2021,14,CLE,59,0.593220338983051,0.5687398221028053,2.4480516880245773
2021,14,DAL,72,0.5833333333333333,0.5815479696417848,0.17853636915484694
2021,14,DEN,64,0.390625,0.5255688356701285,-13.494383567012846
2021,14,DET,60,0.6666666666666667,0.6794976996878783,-1.283103302121158
2021,14,GB,59,0.6271186440677969,0.5906931728882305,3.6425471179566404
2021,14,HOU,73,0.684931506849315,0.6817268545496954,0.3204652299619637
2021,14,JAX,48,0.8541666666666666,0.7464121021330357,10.775456453363097
2021,14,KC,51,0.5294117647058825,0.5466614575947032,-1.7249692888820722
2021,14,LA,51,0.5882352941176473,0.5537404515871815,3.4494842530465752
2021,14,LAC,66,0.5,0.5358383651032592,-3.5838365103259218
2021,14,LV,57,0.7894736842105262,0.718628205751118,7.0845478459408255
2021,14,MIN,67,0.4776119402985077,0.5181762806292791,-4.056434033077144
2021,14,NO,65,0.3692307692307689,0.5053777292657358,-13.614696003496684
2021,14,NYG,64,0.59375,0.7025181869976223,-10.876818699762225
2021,14,NYJ,59,0.7796610169491527,0.7647616494510133,1.489936749813936
2021,14,PIT,65,0.6461538461538463,0.7507884630790124,-10.463461692516606
2021,14,SEA,58,0.5172413793103446,0.550947475471887,-3.370609616154241
2021,14,SF,64,0.65625,0.6264158245176077,2.983417548239231
2021,14,TB,73,0.6575342465753429,0.567668691277504,8.98655552978389
2021,14,TEN,62,0.5483870967741932,0.548839934530758,-0.04528377565647945
2021,14,WAS,58,0.6379310344827588,0.7144052525018824,-7.647421801912357
2021,15,ARI,71,0.7323943661971828,0.7407736702704094,-0.8379304073226623
2021,15,ATL,55,0.6545454545454548,0.6269651209766215,2.758033356883327
2021,15,BAL,66,0.7424242424242427,0.6784964607972087,6.392778162703394
2021,15,BUF,59,0.593220338983051,0.5852910868697249,0.792925211332618
2021,15,CAR,69,0.6086956521739126,0.6673798906630364,-5.868423848912374
2021,15,CHI,66,0.6515151515151512,0.721987601708282,-7.0472450193130864
2021,15,CIN,48,0.5625,0.60657394460092,-4.407394460091996
2021,15,CLE,53,0.5471698113207546,0.7306635475383614,-18.349373621760677
2021,15,DAL,65,0.5692307692307694,0.5663578882813454,0.28728809494240615
2021,15,DEN,68,0.5147058823529407,0.6725103828836889,-15.780450053074823
2021,15,DET,60,0.4333333333333332,0.5226159920295079,-8.928265869617475
2021,15,GB,54,0.6111111111111114,0.5376633149054315,7.344779620567987
2021,15,HOU,56,0.5357142857142855,0.6026464241689868,-6.693213845470137
2021,15,IND,49,0.26530612244897955,0.44796598672258614,-18.26598642736066
2021,15,JAX,62,0.6129032258064514,0.715320177135929,-10.24169513294776
2021,15,KC,66,0.7424242424242427,0.6148132295771078,12.761101284713483
2021,15,LA,55,0.5272727272727272,0.5794258110902527,-5.215308381752548
2021,15,LAC,78,0.5384615384615382,0.5822297214315487,-4.3768182970010505
2021,15,LV,62,0.6129032258064514,0.61970733779092,-0.6804111984468619
2021,15,MIA,66,0.4545454545454543,0.5212449172906805,-6.669946274522615
2021,15,MIN,56,0.4464285714285716,0.5673391573530223,-12.09105859244507
2021,15,NE,64,0.71875,0.7493572244420648,-3.060722444206476
2021,15,NO,58,0.4827586206896554,0.5248642895242265,-4.210566883457107
2021,15,NYG,60,0.6000000000000002,0.7205239247530699,-12.052392475306972
2021,15,NYJ,48,0.5625,0.6255590257545312,-6.305902575453115
2021,15,PHI,67,0.4328358208955222,0.49914025949008434,-6.630443859456214
2021,15,PIT,41,0.6097560975609757,0.62027616835222,-1.0520070791244285
2021,15,SEA,50,0.6200000000000002,0.715271508693695,-9.527150869369482
2021,15,SF,56,0.4285714285714284,0.49352824155773445,-6.495681298630607
2021,15,TB,69,0.7101449275362316,0.7094895114069399,0.06554161292916527
2021,15,TEN,74,0.44594594594594594,0.6091178486476074,-16.317190270166147
2021,15,WAS,52,0.596153846153846,0.6711254821946988,-7.497163604085277
2021,16,ARI,64,0.6875,0.7193809391465038,-3.1880939146503806
2021,16,ATL,41,0.5853658536585367,0.5777846970936147,0.7581156564921976
2021,16,BAL,56,0.7321428571428571,0.6682756266423634,6.38672305004937
2021,16,BUF,74,0.6756756756756759,0.49981662228300766,17.585905339266823
2021,16,CAR,60,0.7666666666666666,0.7304766563077767,3.6190010358889912
2021,16,CHI,65,0.5692307692307694,0.6289773902067772,-5.97466209760078
2021,16,CIN,66,0.7121212121212119,0.577351289152196,13.47699229690159
2021,16,CLE,61,0.6229508196721314,0.6739319404129123,-5.098112074078087
2021,16,DAL,69,0.6376811594202901,0.5304418353066929,10.723932411359726
2021,16,DEN,38,0.6052631578947367,0.6839884947005072,-7.8725336805770425
2021,16,DET,68,0.5147058823529407,0.6888068693087381,-17.410098695579745
2021,16,GB,57,0.5964912280701757,0.5755591013452465,2.093212672492928
2021,16,HOU,62,0.4354838709677419,0.5734258421486425,-13.794197118090057
2021,16,IND,60,0.4833333333333333,0.6320824726174276,-14.874913928409427
2021,16,JAX,70,0.6000000000000001,0.6204244524240494,-2.0424452424049333
2021,16,KC,65,0.4615384615384615,0.5168155163526535,-5.527705481419204
2021,16,LA,69,0.5507246376811591,0.5662085399895473,-1.5483902308388253
2021,16,LAC,59,0.694915254237288,0.6814295394440829,1.348571479320504
2021,16,LV,61,0.44262295081967223,0.5208654029936086,-7.8242452173936385
2021,16,MIA,56,0.48214285714285693,0.5380818150006235,-5.593895785776653
2021,16,MIN,59,0.6779661016949152,0.6920759932974637,-1.4109891602548497
2021,16,NE,59,0.593220338983051,0.6933496415109958,-10.012930252794472
2021,16,NO,43,0.511627906976744,0.6747215580801631,-16.30936511034191
2021,16,NYG,71,0.6901408450704228,0.7267537289102313,-3.661288383980843
2021,16,NYJ,58,0.4310344827586205,0.5516933287847146,-12.065884602609406
2021,16,PHI,59,0.49152542372881386,0.53850496598219455,-4.697954225338069
2021,16,PIT,67,0.641791044776119,0.7035410679988007,-6.175002322268163
2021,16,SEA,51,0.5490196078431374,0.625073044907813,-7.6053437064675595
2021,16,SF,56,0.625,0.6260447856038809,-0.10447856038808823
2021,16,TB,63,0.5238095238095238,0.5656503340791141,-4.18408102695903
2021,16,TEN,54,0.5740740740740738,0.6714613686005275,-9.738729452645368
2021,16,WAS,51,0.6274509803921572,0.6930122685198691,-6.556128812771189
2021,17,ARI,69,0.5942028985507246,0.6116337837732355,-1.7430885222510906
2021,17,ATL,45,0.5555555555555557,0.6073714431789187,-5.181588762336298
2021,17,BAL,62,0.5161290322580648,0.572951694890376,-5.682266263231117
2021,17,BUF,68,0.45588235294117674,0.5584814854185371,-10.25991324773604
2021,17,CAR,52,0.5192307692307689,0.642378796178561,-12.314802694779203
2021,17,CHI,62,0.6129032258064514,0.5612875660580974,5.161565974835403
2021,17,CIN,57,0.7192982456140353,0.6013917871995977,11.790645841443759
2021,17,CLE,58,0.6724137931034482,0.7734590290949261,-10.104523599147797
2021,17,DAL,57,0.7543859649122806,0.6911375595812213,6.324840533105935
2021,17,DEN,55,0.5454545454545457,0.6543256122957576,-10.887106684121184
2021,17,DET,60,0.6499999999999998,0.6556246380011241,-0.5624638001124338
2021,17,GB,73,0.6164383561643834,0.49038246916989764,12.605588699448573
2021,17,HOU,59,0.5593220338983053,0.6130697575666136,-5.374772366830838
2021,17,IND,53,0.5283018867924526,0.703062855972434,-17.47609691799814
2021,17,JAX,44,0.6590909090909092,0.6579781743613157,0.11127347295935008
2021,17,KC,58,0.6379310344827588,0.5461732603866478,9.175777409611097
2021,17,LA,55,0.6545454545454548,0.6330895830284466,2.145587151700812
2021,17,LAC,64,0.5,0.574318612809293,-7.431861280929297
2021,17,LV,59,0.542372881355932,0.608540056873176,-6.616717551724404
2021,17,MIA,55,0.7272727272727273,0.7056876876137473,2.1585039658979954
2021,17,MIN,50,0.8000000000000002,0.7444390916824342,5.556090831756599
2021,17,NE,70,0.5,0.47733279067490775,2.2667209325092252
2021,17,NO,52,0.5769230769230771,0.6396456971191442,-6.272262019606711
2021,17,NYG,51,0.23529411764705885,0.6234965493866041,-38.82024317395453
2021,17,NYJ,59,0.5593220338983053,0.5412052344467682,1.8116799451537102
2021,17,PHI,59,0.4745762711864404,0.5624256002700936,-8.784932908365317
2021,17,PIT,76,0.6052631578947371,0.5715007463372068,3.3762411557530236
2021,17,SEA,68,0.45588235294117674,0.5121150672545327,-5.623271431335597
2021,17,SF,60,0.41666666666666685,0.5596818102523683,-14.301514358570145
2021,17,TB,71,0.6901408450704228,0.7078930798550727,-1.7752234784649823
2021,17,TEN,58,0.310344827586207,0.4875556933211868,-17.721086573497978
2021,17,WAS,57,0.6491228070175437,0.655736692119063,-0.661388510151939
2021,18,ARI,67,0.641791044776119,0.6419431412064317,-0.015209643031266484
2021,18,ATL,45,0.7555555555555555,0.7296866105662452,2.586894498931036
2021,18,BAL,68,0.5882352941176472,0.6653907772372751,-7.715548311962794
2021,18,BUF,76,0.6710526315789477,0.6484615626303775,2.2591068948570214
2021,18,CAR,68,0.7058823529411767,0.6463072744800765,5.957507846110022
2021,18,CHI,74,0.6756756756756759,0.6518481653687116,2.3827510306964284
2021,18,CIN,48,0.625,0.6680877041071653,-4.308770410716534
2021,18,CLE,64,0.40625,0.5727680891286582,-16.651808912865818
2021,18,DAL,57,0.4912280701754388,0.5923189387509696,-10.109086857553084
2021,18,DEN,53,0.5471698113207546,0.6296790025706562,-8.250919124990164
2021,18,DET,57,0.5614035087719298,0.604824062502175,-4.342055373024523
2021,18,GB,63,0.5873015873015875,0.6193744925752519,-3.2072905273664354
2021,18,HOU,54,0.6851851851851852,0.6527860250186037,3.239916016658151
2021,18,IND,48,0.6875,0.7293927014494936,-4.189270144949364
2021,18,JAX,60,0.5833333333333331,0.5813323182985185,0.2001015034814646
2021,18,KC,71,0.6901408450704228,0.5587200721804525,13.142077288997033
2021,18,LA,59,0.542372881355932,0.6532323141345535,-11.085943277862153
2021,18,LAC,86,0.7674418604651166,0.7397682237070661,2.767363675805057
2021,18,LV,71,0.5352112676056338,0.6081692782086385,-7.2958010603004775
2021,18,MIA,65,0.3999999999999998,0.5009342266963077,-10.093422669630792
2021,18,MIN,43,0.511627906976744,0.5918549691695113,-8.022706219276731
2021,18,NE,57,0.5438596491228072,0.6445347977834835,-10.06751486606764
2021,18,NO,69,0.3768115942028986,0.5445004812833192,-16.768888708042056
2021,18,NYG,56,0.607142857142857,0.7244863118976355,-11.734345475477848
2021,18,NYJ,37,0.5945945945945945,0.6557677557339538,-6.117316113935933
2021,18,PHI,67,0.5671641791044778,0.6840838683185293,-11.691968921405149
2021,18,PIT,71,0.6197183098591552,0.6556678057556422,-3.5949495896486994
2021,18,SEA,55,0.4909090909090911,0.5910577513277531,-10.014866041866199
2021,18,SF,63,0.5079365079365079,0.6580335128875004,-15.009700495099255
2021,18,TB,58,0.6724137931034482,0.5234919805079699,14.892181259547833
2021,18,TEN,62,0.5161290322580648,0.6212487586082952,-10.511972635023037
2021,18,WAS,56,0.357142857142857,0.5226551120701645,-16.551225492730747
2021,19,ARI,52,0.6730769230769229,0.7189148624355977,-4.583793935867475
2021,19,BUF,51,0.5490196078431374,0.4689202554085676,8.009935243456983
2021,19,CIN,57,0.5964912280701757,0.5385283958493619,5.796283222081389
2021,19,DAL,64,0.71875,0.738168913172558,-1.941891317255795
2021,19,KC,62,0.6935483870967744,0.5948237512380846,9.872463585868974
2021,19,LA,56,0.375,0.5044377474779531,-12.943774747795311
2021,19,LV,67,0.8059701492537312,0.7754690117800415,3.0501137473689766
2021,19,NE,57,0.6842105263157896,0.7412181773729491,-5.700765105715955
2021,19,PHI,61,0.737704918032787,0.7251711790678932,1.2533738964893848
2021,19,PIT,63,0.6984126984126986,0.7126723996230534,-1.4259701210354803
2021,19,SF,63,0.4126984126984125,0.48915755955709345,-7.645914685868094
2021,19,TB,68,0.5441176470588232,0.4542803289916585,8.983731806716467
2021,20,BUF,62,0.6290322580645162,0.6901339388662768,-6.110168080176059
2021,20,CIN,54,0.6851851851851852,0.6587571708692443,2.6428014315940884
2021,20,GB,48,0.5833333333333333,0.5684677353128791,1.4865598020454174
2021,20,KC,71,0.7183098591549294,0.6136503945773757,10.46594645775537
2021,20,LA,67,0.5671641791044778,0.529530303969757,3.763387513472083
2021,20,SF,48,0.39583333333333326,0.6182900766531627,-22.245674331982947
2021,20,TB,67,0.8059701492537312,0.7562161332635737,4.97540159901575
2021,20,TEN,52,0.5,0.5918143695363631,-9.181436953636313
2021,21,CIN,66,0.6363636363636361,0.6235187288486598,1.2844907514976356
2021,21,KC,63,0.6666666666666669,0.5396845863452033,12.698208032146352
2021,21,LA,71,0.647887323943662,0.6169964007928337,3.089092315082831
2021,21,SF,49,0.6122448979591838,0.6703085500975046,-5.806365213832077
2021,22,CIN,53,0.6603773584905662,0.6043643299138771,5.601302857668911
2021,22,LA,64,0.671875,0.6541775388177484,1.7697461182251573
2022,1,ARI,61,0.7049180327868851,0.7350396196373173,-3.0121586850432203
2022,1,ATL,70,0.5285714285714286,0.5511580828045095,-2.2586654233080927
2022,1,BAL,49,0.6530612244897958,0.5884072576858559,6.465396680393987
2022,1,BUF,55,0.6545454545454548,0.5657532179897482,8.879223655570655
2022,1,CAR,45,0.6222222222222225,0.6724733816252815,-5.025115940305902
2022,1,CHI,51,0.41176470588235276,0.5927338163350143,-18.096911045266157
2022,1,CIN,88,0.6704545454545455,0.6938713626428085,-2.341681718826294
2022,1,CLE,71,0.49295774647887314,0.6417041152295931,-14.874636875072
2022,1,DAL,59,0.7118644067796611,0.7787475570783777,-6.688315029871661
2022,1,DEN,62,0.6935483870967744,0.6697667481437806,2.378163895299379
2022,1,DET,64,0.59375,0.6796885170042515,-8.593851700425148
2022,1,GB,55,0.6909090909090906,0.648258239030838,4.265085187825257
2022,1,HOU,64,0.59375,0.611564718419686,-1.781471841968596
2022,1,IND,88,0.5909090909090908,0.670147923921997,-7.923883301290613
2022,1,JAX,61,0.7213114754098361,0.6851403009696085,3.617117444022755
2022,1,KC,66,0.6212121212121213,0.5189304459049846,10.228167530713673
2022,1,LA,59,0.7118644067796611,0.7437253569142294,-3.1860950134568244
2022,1,LAC,63,0.5555555555555557,0.5337441359010955,2.1811419654460207
2022,1,LV,51,0.7450980392156862,0.6896123921169954,5.5485647098690745
2022,1,MIA,54,0.6111111111111114,0.48106660821509584,13.004450289601554
2022,1,MIN,60,0.5333333333333334,0.4903594601278505,4.297387320548296
2022,1,NE,51,0.6078431372549021,0.6670781356446883,-5.923499838978619
2022,1,NO,53,0.6603773584905662,0.6968148584073445,-3.643749991677825
2022,1,NYG,55,0.4727272727272728,0.6626106386834925,-18.98833659562197
2022,1,NYJ,76,0.776315789473684,0.729116069643121,4.7199719830562925
2022,1,PHI,70,0.6142857142857145,0.5871266855725221,2.7159028713192424
2022,1,PIT,58,0.6724137931034482,0.6103308369116537,6.208295619179449
2022,1,SEA,44,0.6590909090909092,0.574170084162192,8.492082492871722
2022,1,SF,65,0.49230769230769234,0.6962699566896144,-20.396226438192212
2022,1,TB,58,0.4655172413793106,0.5154308644605092,-4.991362308119863
2022,1,TEN,58,0.5689655172413796,0.6319319374602417,-6.296642021886212
2022,1,WAS,68,0.6764705882352944,0.5828966117628356,9.357397647245879
2022,2,ARI,79,0.6582278481012658,0.6998230443347858,-4.159519623352004
2022,2,ATL,54,0.5555555555555557,0.662566764763108,-10.701120920755237
2022,2,BAL,54,0.5740740740740738,0.5697502140645628,0.4323860009511016
2022,2,BUF,62,0.6612903225806449,0.4850742621046881,17.621606047595677
2022,2,CAR,52,0.653846153846154,0.6215626522898674,3.2283501556286565
2022,2,CHI,38,0.3421052631578948,0.6530351732906542,-31.092991013275938
2022,2,CIN,61,0.6557377049180325,0.7235236778611043,-6.7785972943071755
2022,2,CLE,63,0.49206349206349204,0.5388780793559456,-4.681458729245352
2022,2,DAL,57,0.5438596491228072,0.6375224679185634,-9.366281879575622
2022,2,DEN,61,0.524590163934426,0.5579454764479497,-3.335531251352364
2022,2,DET,56,0.607142857142857,0.5481286411107119,5.901421603214507
2022,2,GB,62,0.4193548387096772,0.5232023461571624,-10.384750744748523
2022,2,HOU,55,0.6909090909090906,0.6083756929094142,8.253339799967641
2022,2,IND,43,0.6976744186046511,0.7423719216224759,-4.469750301782483
2022,2,JAX,66,0.4545454545454543,0.5052930708748823,-5.074761632942798
2022,2,KC,51,0.6862745098039216,0.5375953977014504,14.86791121024712
2022,2,LA,62,0.5806451612903227,0.515780532191838,6.486462909848479
2022,2,LAC,71,0.6760563380281694,0.5739086259838561,10.214771204431338
2022,2,LV,60,0.6666666666666667,0.6229402268926303,4.372643977403645
2022,2,MIA,68,0.7352941176470591,0.6776647827423671,5.762933490469202
2022,2,MIN,57,0.8421052631578947,0.7319620962728534,11.014316688504133
2022,2,NE,63,0.6031746031746034,0.5991207870935636,0.40538160810397184
2022,2,NO,60,0.6833333333333331,0.6963129565119743,-1.2979623178641209
2022,2,NYG,65,0.6153846153846158,0.5635254301703894,5.185918521422639
2022,2,NYJ,64,0.71875,0.7619219573680311,-4.317195736803114
2022,2,PHI,65,0.5384615384615385,0.5425186154934076,-0.4057077031869083
2022,2,PIT,56,0.625,0.6422796158918314,-1.7279615891831357
2022,2,SEA,45,0.6888888888888889,0.7176979727215237,-2.8809083832634808
2022,2,SF,69,0.3478260869565219,0.5430197831297268,-19.519369617320486
2022,2,TB,62,0.5483870967741932,0.5912997891465503,-4.291269237235717
2022,2,TEN,51,0.5098039215686274,0.6187563202544755,-10.895239868584806
2022,2,WAS,69,0.7246376811594205,0.724668478836184,-0.003079767676350542
2022,3,ARI,79,0.7594936708860757,0.728275076309337,3.12185945767387
2022,3,ATL,49,0.4489795918367347,0.5176406565825549,-6.8661064745820175
2022,3,BAL,52,0.5769230769230771,0.5653863855852531,1.1536691337823979
2022,3,BUF,85,0.7764705882352938,0.6480280401075588,12.844254812773503
2022,3,CAR,56,0.4464285714285716,0.4897504830067712,-4.332191157819959
2022,3,CHI,55,0.3636363636363638,0.5970957260240208,-23.345936238765702
2022,3,CIN,62,0.5967741935483868,0.5119838333658635,8.479036018252328
2022,3,CLE,69,0.4492753623188408,0.5384300444005193,-8.915468208167853
2022,3,DAL,59,0.5254237288135595,0.5389403467208653,-1.351661790730585
2022,3,DEN,64,0.578125,0.6484181731939316,-7.029317319393158
2022,3,DET,75,0.5599999999999999,0.556079381108284,0.392061889171591
2022,3,GB,59,0.593220338983051,0.589177042498427,0.40432964846240926
2022,3,HOU,56,0.5714285714285716,0.5684237253985234,0.3004846030048247
2022,3,IND,63,0.6031746031746034,0.6100391688800993,-0.6864565705495984
2022,3,JAX,74,0.5540540540540541,0.5068367331011875,4.721732095286657
2022,3,KC,60,0.6833333333333331,0.5917805261909962,9.155280714233694
2022,3,LA,43,0.6046511627906977,0.5833150598891945,2.133610290150323
2022,3,LAC,57,0.8070175438596492,0.7323007269909507,7.471681686869847
2022,3,LV,65,0.7384615384615382,0.7412679213743943,-0.28063829128561757
2022,3,MIA,37,0.5405405405405407,0.5267046301348789,1.3835910405661789
2022,3,MIN,64,0.625,0.6605767628643662,-3.5576762864366174
2022,3,NE,61,0.6229508196721314,0.6320987886092702,-0.9147968937138762
2022,3,NO,63,0.6507936507936509,0.7067434248470125,-5.594977405336154
2022,3,NYG,62,0.7096774193548389,0.678708896521599,3.096852283323981
2022,3,NYJ,72,0.7222222222222225,0.7322788383397792,-1.0056616117556705
2022,3,PHI,63,0.6031746031746034,0.5720936625841118,3.10809405904916
2022,3,PIT,54,0.5925925925925929,0.6659389850166109,-7.334639242401797
2022,3,SEA,67,0.6567164179104481,0.6594947618779852,-0.2778343967537067
2022,3,SF,48,0.6041666666666667,0.599079040500025,0.5087626166641712
2022,3,TB,56,0.7678571428571429,0.7228217444249562,4.5035398432186735
2022,3,TEN,52,0.5192307692307689,0.5495432486327794,-3.031247940201043
2022,3,WAS,66,0.7121212121212119,0.687267741470626,2.4853470650585963
2022,4,ARI,67,0.5223880597014923,0.5512111947051623,-2.8823135003670064
2022,4,ATL,51,0.37254901960784287,0.5709830239122989,-19.843400430445605
2022,4,BAL,61,0.5901639344262297,0.5735328578558125,1.663107657041718
2022,4,BUF,59,0.694915254237288,0.6250840849795585,6.983116925772947
2022,4,CAR,50,0.7399999999999999,0.6566266578435898,8.337334215641013
2022,4,CHI,54,0.5370370370370373,0.6832079153369974,-14.617087829996011
2022,4,CIN,59,0.5762711864406778,0.5256830655922324,5.058812084844533
2022,4,CLE,70,0.5285714285714286,0.6267702355980873,-9.819880702665873
2022,4,DAL,56,0.5,0.5753365832913134,-7.5336583291313435
2022,4,DEN,45,0.6222222222222225,0.7131456971168518,-9.092347489462938
2022,4,DET,67,0.6268656716417907,0.7450108007708592,-11.81451291290685
2022,4,GB,70,0.5142857142857145,0.6057302170566151,-9.144450277090066
2022,4,HOU,49,0.7142857142857143,0.7088127793097982,0.5472934975916055
2022,4,IND,60,0.6333333333333336,0.6816320781906445,-4.829874485731089
2022,4,JAX,42,0.5476190476190478,0.6202098904621034,-7.259084284305562
2022,4,KC,74,0.5405405405405407,0.4394366419496569,10.110389859088375
2022,4,LA,66,0.7424242424242427,0.6880894054969151,5.4334836927327546
2022,4,LAC,62,0.6290322580645162,0.6443443899193119,-1.531213185479563
2022,4,LV,70,0.5285714285714286,0.5612068803182672,-3.2635451746838573
2022,4,MIA,59,0.6440677966101694,0.6972816389496043,-5.3213842339434825
2022,4,MIN,64,0.609375,0.6323709713760763,-2.299597137607634
2022,4,NE,54,0.3888888888888887,0.5768210156648247,-18.7932126775936
2022,4,NO,56,0.517857142857143,0.6309784618871553,-11.312131903001232
2022,4,NYG,60,0.3500000000000002,0.5728395035490392,-22.283950354903904
2022,4,NYJ,66,0.5909090909090906,0.7153852396842205,-12.447614877512992
2022,4,PHI,73,0.3835616438356166,0.5589297919036591,-17.53681480680425
2022,4,PIT,57,0.526315789473684,0.6176340574758094,-9.13182680021254
2022,4,SEA,61,0.524590163934426,0.5471251148913727,-2.2534950956946687
2022,4,SF,49,0.5714285714285716,0.5870989500259866,-1.5670378597414936
2022,4,TB,58,0.8965517241379312,0.7305186796804954,16.60330444574357
2022,4,TEN,46,0.5,0.5355834466121767,-3.5583446612176717
2022,4,WAS,69,0.6231884057971014,0.7306520766106205,-10.746367081351904
2022,5,ARI,66,0.6212121212121213,0.703333676312909,-8.212155510078766
2022,5,ATL,57,0.526315789473684,0.6986404062624563,-17.232461678877232
2022,5,BAL,59,0.5762711864406778,0.5932780971466485,-1.7006910705970713
2022,5,BUF,51,0.7647058823529411,0.5521545643899956,21.255131796294556
2022,5,CAR,60,0.7000000000000002,0.733747324347496,-3.3747324347495833
2022,5,CHI,46,0.6086956521739129,0.7155847374511802,-10.688908527726737
2022,5,CIN,56,0.625,0.6525836445923362,-2.75836445923362
2022,5,CLE,65,0.553846153846154,0.6307833397617706,-7.693718591561661
2022,5,DAL,48,0.33333333333333326,0.5175024933026482,-18.416915996931493
2022,5,DEN,65,0.6307692307692311,0.5526934997393534,7.807573102987764
2022,5,DET,61,0.6065573770491807,0.6760558234375031,-6.949844638832248
2022,5,GB,59,0.661016949152542,0.6527594944178048,0.8257454734737268
2022,5,HOU,54,0.44444444444444425,0.5625709975483242,-11.812655310387992
2022,5,IND,66,0.6212121212121213,0.6958179205204502,-7.460579930832889
2022,5,JAX,72,0.6805555555555557,0.7009369474318292,-2.0381391876273525
2022,5,KC,66,0.6969696969696968,0.5799675330971226,11.700216387257424
2022,5,LA,59,0.745762711864407,0.7528398001598099,-0.7077088295402878
2022,5,LAC,66,0.5606060606060606,0.5598844537003473,0.07216069057132124
2022,5,LV,55,0.5636363636363634,0.6516534397547895,-8.801707611842613
2022,5,MIA,60,0.5666666666666669,0.676358550786972,-10.969188412030517
2022,5,MIN,71,0.6056338028169013,0.61442419047087,-0.8790387653968779
2022,5,NE,54,0.40740740740740744,0.4997019562870264,-9.229454887961897
2022,5,NO,69,0.3768115942028986,0.587704231881577,-21.089263767867845
2022,5,NYG,55,0.5454545454545457,0.6103784806349062,-6.492393518036044
2022,5,NYJ,51,0.4313725490196077,0.49953630961039486,-6.816376059078716
2022,5,PHI,68,0.5588235294117648,0.49631826119387845,6.250526821788638
2022,5,PIT,69,0.7681159420289853,0.7159237295821093,5.219221244687599
2022,5,SEA,47,0.5957446808510636,0.654269815125364,-5.85251342743004
2022,5,SF,57,0.526315789473684,0.5501528701238465,-2.3837080650162545
2022,5,TB,73,0.7260273972602738,0.535759353066144,19.02680441941298
2022,5,TEN,57,0.45614035087719285,0.6208661950209684,-16.472584414377557
2022,5,WAS,54,0.7407407407407409,0.6900459594196744,5.069478132106653
2022,6,ARI,65,0.6307692307692311,0.7243636965751648,-9.359446580593367
2022,6,ATL,54,0.2777777777777776,0.48840393840024876,-21.062616062247113
2022,6,BAL,56,0.607142857142857,0.5960872726781028,1.1055584464754187
2022,6,BUF,69,0.6231884057971014,0.5787854325296222,4.440297326747922
2022,6,CAR,41,0.5121951219512197,0.6941049287958843,-18.190980684466453
2022,6,CHI,64,0.578125,0.6800796827301383,-10.19546827301383
2022,6,CIN,51,0.7843137254901961,0.6003204458484462,18.399327964174983
2022,6,CLE,64,0.71875,0.7448913371190429,-2.6141337119042873
2022,6,DAL,64,0.59375,0.6856562129687518,-9.190621296875179
2022,6,DEN,51,0.5882352941176473,0.6373404603378445,-4.910516622019722
2022,6,GB,65,0.6923076923076925,0.6871464623854711,0.5161229922221455
2022,6,IND,76,0.776315789473684,0.6943545933616788,8.196119611200514
2022,6,JAX,55,0.43636363636363656,0.5494510699402202,-11.308743357658363
2022,6,KC,58,0.7586206896551723,0.6186200501076107,14.00006395475616
2022,6,LA,60,0.5499999999999998,0.5511106276884676,-0.11106276884678135
2022,6,LAC,81,0.7283950617283949,0.6598010977477202,6.859396398067464
2022,6,MIA,68,0.7352941176470591,0.6635730714701554,7.172104617690367
2022,6,MIN,46,0.6739130434782608,0.5672208609302407,10.669218254802004
2022,6,NE,60,0.5666666666666669,0.5360697057098152,3.0596960956851715
2022,6,NO,70,0.5142857142857145,0.6301188745668955,-11.583316028118107
2022,6,NYG,55,0.5090909090909089,0.6466659434817055,-13.757503439079654
2022,6,NYJ,48,0.39583333333333326,0.47553350077942014,-7.970016744608688
2022,6,PHI,63,0.4126984126984125,0.5192706126069265,-10.657219990851402
2022,6,PIT,57,0.5614035087719298,0.5754633869387602,-1.4059878166830408
2022,6,SEA,61,0.5409836065573769,0.5143416689128661,2.6641937644510727
2022,6,SF,57,0.7368421052631581,0.6843421887933162,5.249991646984187
2022,6,TB,66,0.6060606060606063,0.6382577459920536,-3.219713993144735
2022,6,WAS,51,0.45098039215686264,0.5776574918452431,-12.667709968838043
2022,7,ARI,59,0.5254237288135595,0.5404376156501852,-1.5013886836625745
2022,7,ATL,42,0.3809523809523807,0.613790241735322,-23.283786078294135
2022,7,BAL,59,0.30508474576271194,0.5301054924473925,-22.502074668468055
2022,7,CAR,49,0.4489795918367347,0.5392979622191312,-9.03183703823965
2022,7,CHI,65,0.3384615384615383,0.5239111464184065,-18.544960795686823
2022,7,CIN,62,0.6774193548387095,0.474413384893729,20.300596994498054
2022,7,CLE,51,0.5686274509803924,0.6662478157702614,-9.762036478986902
2022,7,DAL,55,0.4727272727272728,0.493874457952651,-2.1147185225378227
2022,7,DEN,74,0.6351351351351351,0.6464117449280378,-1.127660979290268
2022,7,DET,51,0.5294117647058825,0.6050355200674019,-7.562375536151944
2022,7,GB,46,0.7391304347826088,0.6682094772872718,7.0920957495337
2022,7,HOU,64,0.640625,0.6637252666987479,-2.3100266698747873
2022,7,IND,61,0.737704918032787,0.6726863247449281,6.501859328785898
2022,7,JAX,66,0.6666666666666669,0.6469706215641716,1.969604510249523
2022,7,KC,54,0.6666666666666667,0.5652338332600064,10.14328334066603
2022,7,LAC,66,0.8181818181818181,0.7555474462834272,6.2634371898390935
2022,7,LV,52,0.5192307692307689,0.6015366344497753,-8.23058652190064
2022,7,MIA,61,0.6229508196721314,0.6171714570678648,0.5779362604266591
2022,7,NE,46,0.6739130434782608,0.719909733404284,-4.599668992602323
2022,7,NO,70,0.7428571428571425,0.7266138853771346,1.6243257480007989
2022,7,NYG,69,0.5072463768115946,0.5825057913535746,-7.525941454198004
2022,7,NYJ,49,0.5918367346938773,0.5934450811117279,-0.16083464178505702
2022,7,PIT,66,0.6969696969696968,0.6785954839803956,1.8374212989301197
2022,7,SEA,59,0.4745762711864404,0.5117092643375113,-3.713299315107088
2022,7,SF,66,0.7121212121212119,0.6843674343192216,2.7753777801990287
2022,7,TB,65,0.769230769230769,0.6576538349573429,11.157693427342618
2022,7,TEN,53,0.37735849056603754,0.5304024297181729,-15.304393915213533
2022,7,WAS,71,0.4788732394366195,0.5603863422719527,-8.15131028353332
2022,8,ARI,66,0.7272727272727274,0.7102938565340909,1.6978870738636465
2022,8,ATL,64,0.453125,0.6024369790684432,-14.931197906844318
2022,8,BAL,68,0.5735294117647056,0.5700966363005777,0.3432775464127902
2022,8,BUF,51,0.5490196078431374,0.47499830684825495,7.402130099488247
2022,8,CAR,73,0.5068493150684933,0.6632165341344599,-15.636721906596662
2022,8,CHI,69,0.4202898550724641,0.7237340233464172,-30.344416827395314
2022,8,CIN,45,0.7777777777777779,0.6887542512681749,8.9023526509603
2022,8,CLE,65,0.35384615384615364,0.5159763951714224,-16.213024132526872
2022,8,DAL,54,0.5,0.5181400086040849,-1.8140008604084934
2022,8,DEN,57,0.5438596491228072,0.5478694629446978,-0.40098138218906954
2022,8,DET,56,0.6785714285714284,0.6379042951656239,4.066713340580453
2022,8,GB,61,0.5081967213114751,0.6741252138477857,-16.59284925363106
2022,8,HOU,47,0.6808510638297873,0.7275884126095061,-4.67373487797188
2022,8,IND,51,0.5098039215686274,0.6073274884153814,-9.752356684675402
2022,8,JAX,63,0.5238095238095238,0.5815142804668063,-5.770475665728247
2022,8,LA,53,0.641509433962264,0.61326598221401,2.8243451748254045
2022,8,LV,51,0.7647058823529411,0.7540362611705181,1.0669621182422984
2022,8,MIA,59,0.6440677966101694,0.6061509477637582,3.791684884641122
2022,8,MIN,65,0.6000000000000002,0.5664927082566116,3.3507291743388623
2022,8,NE,66,0.5757575757575755,0.5982703235790585,-2.251274782148305
2022,8,NO,63,0.49206349206349204,0.540671841137939,-4.860834907444694
2022,8,NYG,59,0.5762711864406778,0.720332990005865,-14.406180356518728
2022,8,NYJ,56,0.7321428571428571,0.7193012902779239,1.2841566864933207
2022,8,PHI,49,0.6326530612244898,0.5168951184165722,11.575794280791762
2022,8,PIT,64,0.703125,0.6388419815339148,6.4283018466085196
2022,8,SEA,58,0.6551724137931036,0.5220983262848238,13.307408750827987
2022,8,SF,49,0.5306122448979591,0.5472400218096316,-1.6627776911672498
2022,8,TB,59,0.745762711864407,0.6772925500142373,6.847016185016974
2022,8,TEN,54,0.22222222222222227,0.6154151779633981,-39.31929557411758
2022,8,WAS,59,0.6101694915254237,0.6475077766483114,-3.7338285122887727
2022,9,ARI,56,0.6964285714285716,0.7626211808196135,-6.619260939104188
2022,9,ATL,58,0.4310344827586205,0.524312859465336,-9.327837670671551
2022,9,BAL,62,0.3548387096774192,0.4576992983178748,-10.286058864045561
2022,9,BUF,56,0.6607142857142855,0.640490480299507,2.022380541477853
2022,9,CAR,48,0.6458333333333333,0.6966553758829832,-5.082204254964995
2022,9,CHI,68,0.5294117647058824,0.6528852288337315,-12.34734641278491
2022,9,CIN,68,0.45588235294117674,0.47879843085127716,-2.291607791010042
2022,9,DET,57,0.45614035087719285,0.558163276889868,-10.202292601267516
2022,9,GB,68,0.6911764705882351,0.6547274168799906,3.644905370824447
2022,9,HOU,54,0.46296296296296274,0.6426583462291293,-17.969538326616657
2022,9,IND,51,0.6470588235294118,0.6737560448693294,-2.6697221339917587
2022,9,JAX,66,0.4848484848484852,0.5347014344438458,-4.985294959536057
2022,9,KC,88,0.8409090909090907,0.651016622951085,18.989246795800575
2022,9,LA,50,0.5400000000000003,0.5982632821798324,-5.826328217983212
2022,9,LAC,67,0.6567164179104481,0.6682758811694474,-1.1559463258999259
2022,9,LV,55,0.6545454545454548,0.7020195405591618,-4.747408601370706
2022,9,MIA,50,0.6200000000000002,0.6142086404561996,0.5791359543800612
2022,9,MIN,63,0.6507936507936509,0.6253619799538265,2.543167083982445
2022,9,NE,57,0.526315789473684,0.5516752898693085,-2.5359500395624512
2022,9,NO,45,0.6888888888888889,0.7300923228263855,-4.120343393749659
2022,9,NYJ,58,0.4655172413793106,0.5457826616435216,-8.026542026421101
2022,9,PHI,57,0.5087719298245612,0.537569076345678,-2.8797146521116757
2022,9,SEA,66,0.5454545454545457,0.5670155304850955,-2.1560985030549706
2022,9,TB,77,0.7402597402597404,0.7329148878524828,0.7344852407257574
2022,9,TEN,44,0.4090909090909091,0.637614755467935,-22.85238463770259
2022,9,WAS,57,0.5438596491228072,0.6098616797673075,-6.600203064450039
2022,10,ARI,62,0.6129032258064514,0.5810049217074147,3.189830409903671
2022,10,ATL,54,0.5740740740740738,0.7431045952770445,-16.90305212029707
2022,10,BUF,70,0.6857142857142859,0.5968672831143651,8.884700259992083
2022,10,CAR,63,0.25396825396825423,0.4930419475431482,-23.907369357489394
2022,10,CHI,55,0.4181818181818183,0.578087392449379,-15.99055742675607
2022,10,CLE,58,0.6724137931034482,0.6606322958551604,1.1781497248287809
2022,10,DAL,77,0.5974025974025972,0.6307455111633649,-3.33429137607677
2022,10,DEN,66,0.6515151515151512,0.6615618388309623,-1.0046687315811154
2022,10,DET,56,0.5,0.5972041693915214,-9.720416939152143
2022,10,GB,58,0.3620689655172412,0.6097373086316832,-24.766834311444196
2022,10,HOU,56,0.6607142857142855,0.7264084507312093,-6.569416501692382
2022,10,IND,58,0.5344827586206894,0.6106749803855502,-7.619222176486085
2022,10,JAX,56,0.7678571428571429,0.7132486983069352,5.460844455020775
2022,10,KC,61,0.6557377049180325,0.5088568870283541,14.688081788967844
2022,10,LA,56,0.6607142857142855,0.7435308976897171,-8.281661197543166
2022,10,LAC,53,0.7547169811320756,0.6855395897379462,6.917739139412948
2022,10,LV,63,0.6190476190476194,0.7030523192314875,-8.400470018386807
2022,10,MIA,63,0.5238095238095238,0.4933078131741948,3.0501710635329027
2022,10,MIN,74,0.7027027027027024,0.6596279140259768,4.307478867672565
2022,10,NO,43,0.6744186046511628,0.7222301405529643,-4.781153590180153
2022,10,NYG,63,0.3174603174603173,0.5408473777629081,-22.338706030259086
2022,10,PHI,46,0.5869565217391303,0.6160641740197721,-2.9107652280641827
2022,10,PIT,72,0.4722222222222226,0.5021283428909051,-2.9906120668682536
2022,10,SEA,48,0.7916666666666665,0.6487762220203876,14.289044464627887
2022,10,SF,68,0.4264705882352944,0.566240309682839,-13.976972144754463
2022,10,TB,68,0.4411764705882351,0.5284529229735628,-8.727645238532771
2022,10,TEN,59,0.6271186440677969,0.6690166799383142,-4.189803587051721
2022,10,WAS,74,0.3783783783783782,0.5426015133994658,-16.422313502108764
2022,11,ARI,68,0.6764705882352944,0.6977012744721245,-2.123068623683011
2022,11,ATL,48,0.45833333333333326,0.5740167574646573,-11.568342413132404
2022,11,BAL,62,0.5483870967741932,0.6016415826255275,-5.3254485851334294
2022,11,BUF,60,0.46666666666666656,0.5557916716362041,-8.912500496953758
2022,11,CAR,50,0.7000000000000001,0.6843950670957566,1.5604932904243474
2022,11,CHI,62,0.4354838709677419,0.6449821781246893,-20.949830715694738
2022,11,CIN,61,0.6557377049180325,0.5642498401833361,9.148786473469638
2022,11,CLE,66,0.6666666666666669,0.6722191378022686,-0.5552471135601755
2022,11,DAL,70,0.4571428571428572,0.4926665507256985,-3.55236935828413
2022,11,DEN,59,0.542372881355932,0.5824472080853027,-4.007432672937073
2022,11,DET,60,0.4333333333333332,0.48379113444437594,-5.045780111104276
2022,11,GB,59,0.6779661016949152,0.7156390237101053,-3.7672922015190125
2022,11,HOU,48,0.7291666666666666,0.7085196745271485,2.064699213951815
2022,11,IND,58,0.5517241379310347,0.6328718017401366,-8.114766380910188
2022,11,KC,60,0.6166666666666664,0.6288764057060082,-1.220973903934186
2022,11,LA,57,0.526315789473684,0.6989003780641054,-17.258458859042147
2022,11,LAC,60,0.5333333333333334,0.540468459079663,-0.7135125746329574
2022,11,LV,61,0.6065573770491807,0.667656139027877,-6.109876197869635
2022,11,MIN,47,0.6382978723404257,0.7103151679039001,-7.201729556347447
2022,11,NE,53,0.5094339622641512,0.6300668665822947,-12.063290431814355
2022,11,NO,50,0.5599999999999997,0.5092470628395678,5.075293716043195
2022,11,NYG,71,0.6619718309859152,0.714467648679102,-5.249581769318679
2022,11,NYJ,45,0.5555555555555557,0.6879365192519293,-13.238096369637365
2022,11,PHI,56,0.48214285714285693,0.6416285141770329,-15.9485657034176
2022,11,PIT,66,0.6363636363636361,0.7239294968771212,-8.756586051348503
2022,11,SF,55,0.5272727272727272,0.5466070768508043,-1.9334349578077115
2022,11,TEN,58,0.5,0.5073665473610163,-0.7366547361016273
2022,11,WAS,67,0.4179104477611938,0.5374930057841449,-11.958255802295115
2022,12,ARI,63,0.5079365079365079,0.6149714752322152,-10.703496729570727
2022,12,ATL,54,0.46296296296296274,0.6557857499078468,-19.282278694488404
2022,12,BAL,67,0.5522388059701496,0.5523673676287949,-0.012856165864527647
2022,12,BUF,71,0.6619718309859152,0.6367005004849233,2.527133050099184
2022,12,CAR,64,0.3125,0.5107808387256227,-19.828083872562274
2022,12,CHI,53,0.49056603773584884,0.6750703372482983,-18.45042995124495
2022,12,CIN,61,0.6721311475409835,0.5753745204601131,9.67566270808704
2022,12,CLE,71,0.5492957746478871,0.7037713310458291,-15.447555639794198
2022,12,DAL,68,0.45588235294117674,0.5836029652615681,-12.772061232039134
2022,12,DEN,54,0.6851851851851852,0.7267866576159443,-4.160147243075906
2022,12,DET,66,0.5606060606060606,0.5892309169426109,-2.862485633655032
2022,12,GB,45,0.5555555555555557,0.6475229392449061,-9.196738368935042
2022,12,HOU,55,0.7636363636363637,0.7073544404723427,5.628192316402092
2022,12,IND,59,0.6101694915254237,0.6636735612558106,-5.350406973038691
2022,12,JAX,58,0.6724137931034482,0.6965048909187317,-2.4091097815283513
2022,12,KC,72,0.6388888888888886,0.5520260816233027,8.686280726558593
2022,12,LA,51,0.5294117647058825,0.7070342746435427,-17.762250993766028
2022,12,LAC,60,0.8333333333333335,0.6654733185966809,16.78600147366526
2022,12,LV,76,0.5,0.6168082458408254,-11.680824584082538
2022,12,MIA,63,0.6666666666666669,0.5825739019801692,8.409276468649763
2022,12,MIN,64,0.59375,0.5497938884655014,4.395611153449863
2022,12,NE,51,0.7450980392156862,0.6817922317514233,6.330580746426284
2022,12,NO,52,0.653846153846154,0.609301111732538,4.4545042113615985
2022,12,NYG,53,0.6226415094339625,0.6986213613231227,-7.597985188916024
2022,12,NYJ,59,0.49152542372881386,0.5502902826262734,-5.876485889745958
2022,12,PHI,76,0.4342105263157893,0.5568337040022016,-12.262317768641223
2022,12,PIT,64,0.5,0.5737187683116645,-7.371876831166446
2022,12,SEA,59,0.661016949152542,0.5748506031804166,8.616634597212547
2022,12,SF,64,0.578125,0.5943269782583229,-1.6201978258322924
2022,12,TB,63,0.6825396825396827,0.6233064321771501,5.9233250362532575
2022,12,TEN,55,0.6545454545454548,0.678627071055499,-2.4081616510044257
2022,12,WAS,59,0.3898305084745764,0.5333783982037487,-14.354788972917227
2022,13,ATL,52,0.46153846153846145,0.6586127928816354,-19.707433134317398
2022,13,BAL,64,0.65625,0.7069439021870494,-5.069390218704939
2022,13,BUF,66,0.5303030303030299,0.5756642185151577,-4.536118821212776
2022,13,CHI,49,0.5714285714285716,0.6355287085990516,-6.4100137170480025
2022,13,CIN,63,0.5555555555555557,0.5425926710641574,1.2962884491398263
2022,13,CLE,57,0.40350877192982426,0.561865125178245,-15.835635324842078
2022,13,DAL,65,0.4769230769230769,0.5800505266166651,-10.312744969358823
2022,13,DEN,50,0.4799999999999997,0.5988208913803101,-11.882089138031043
2022,13,DET,70,0.585714285714286,0.47472385050995014,11.099043520433582
2022,13,GB,62,0.5322580645161294,0.6415441872612122,-10.928612274508275
2022,13,HOU,62,0.6451612903225808,0.636759017023348,0.8402273299232821
2022,13,IND,66,0.5757575757575755,0.6524852053685621,-7.672762961098667
2022,13,JAX,54,0.7037037037037034,0.6638247199632503,3.9878983740453067
2022,13,KC,52,0.5576923076923076,0.5729814754942288,-1.5289167801921244
2022,13,LA,59,0.5254237288135595,0.5988723582635491,-7.344862944998964
2022,13,LAC,68,0.7205882352941175,0.7116526198737761,0.8935615420341381
2022,13,LV,59,0.5084745762711861,0.5364954321313714,-2.8020855860185323
2022,13,MIA,42,0.8095238095238096,0.5850981931601252,22.442561636368442
2022,13,MIN,62,0.5967741935483868,0.6156760019160087,-1.8901808367621897
2022,13,NE,50,0.7399999999999999,0.7491908505558967,-0.9190850555896857
2022,13,NO,54,0.5555555555555557,0.5764726014048965,-2.0917045849340843
2022,13,NYG,58,0.5862068965517241,0.6756836407143494,-8.94767441626253
2022,13,NYJ,82,0.7195121951219514,0.6994413784364375,2.0070816685513915
2022,13,PHI,65,0.6307692307692311,0.5282823103551681,10.248692041406294
2022,13,PIT,64,0.484375,0.5268319499446079,-4.245694994460791
2022,13,SEA,60,0.6666666666666667,0.5889171791573367,7.774948750933008
2022,13,SF,72,0.5694444444444444,0.5892344200983644,-1.9789975653919933
2022,13,TB,73,0.7397260273972601,0.7322398773203157,0.748615007694442
2022,13,TEN,47,0.6170212765957446,0.695876808242595,-7.885553164685044
2022,13,WAS,76,0.5526315789473684,0.652998083712239,-10.036650476487063
2022,14,ARI,63,0.7301587301587303,0.6850428895817863,4.511584057694407
2022,14,BAL,55,0.38181818181818145,0.518634853173386,-13.681667135520453
2022,14,BUF,50,0.6000000000000002,0.6105753775686026,-1.0575377568602384
2022,14,CAR,69,0.3768115942028986,0.47973703625409503,-10.292544205119642
2022,14,CIN,56,0.625,0.5819555445175085,4.304445548249147
2022,14,CLE,67,0.6716417910447763,0.7059272730083608,-3.4285481963584497
2022,14,DAL,69,0.5942028985507246,0.6625025026176286,-6.829960406690394
2022,14,DEN,63,0.7460317460317457,0.7317103814511072,1.4321364580638485
2022,14,DET,69,0.5942028985507246,0.5733256375390117,2.0877261011712944
2022,14,HOU,63,0.44444444444444425,0.6305357761799344,-18.609133173549015
2022,14,JAX,67,0.6567164179104481,0.5843848357004906,7.23315822099575
2022,14,KC,62,0.6774193548387095,0.5282632955500195,14.915605928869002
2022,14,LA,55,0.6545454545454548,0.7039150573990562,-4.936960285360148
2022,14,LAC,72,0.7222222222222225,0.5838424820039009,13.837974021832167
2022,14,LV,58,0.3965517241379313,0.604187313852639,-20.76355897147077
2022,14,MIA,47,0.6595744680851067,0.6925921167464966,-3.30176486613899
2022,14,MIN,59,0.7118644067796611,0.6919560786020957,1.9908328177565382
2022,14,NE,53,0.6792452830188678,0.6062129511726353,7.303233184623248
2022,14,NYG,57,0.6491228070175437,0.6878920171344489,-3.876921011690526
2022,14,NYJ,69,0.6811594202898549,0.6994786741940872,-1.831925390423228
2022,14,PHI,61,0.524590163934426,0.513061417175121,1.1528746759305042
2022,14,PIT,51,0.6470588235294118,0.6549935747011034,-0.7934751171691623
2022,14,SEA,50,0.7799999999999999,0.7508407098054886,2.9159290194511356
2022,14,SF,58,0.4137931034482759,0.5119114849587967,-9.811838151052077
2022,14,TB,73,0.7671232876712332,0.6861211949423568,8.100209272887637
2022,14,TEN,59,0.694915254237288,0.7216021653454183,-2.6686911108130373
2022,15,ARI,57,0.6666666666666667,0.7056481759799154,-3.898150931324862
2022,15,ATL,66,0.4696969696969701,0.6895485732591513,-21.98516035621812
2022,15,BAL,58,0.5517241379310347,0.6890133961007512,-13.72892581697165
2022,15,BUF,69,0.5942028985507246,0.6204693442669467,-2.6266445716222053
2022,15,CAR,38,0.6052631578947367,0.7425411006337718,-13.727794273903504
2022,15,CHI,51,0.5294117647058825,0.6228715619620155,-9.345979725613308
2022,15,CIN,59,0.694915254237288,0.5671724004008002,12.774285383648776
2022,15,CLE,58,0.5,0.48481443684933523,1.5185563150664771
2022,15,DAL,71,0.4366197183098588,0.553651290670247,-11.70315723603882
2022,15,DEN,58,0.4482758620689653,0.5223434015080846,-7.406753943911926
2022,15,DET,66,0.5757575757575755,0.6234994826443268,-4.774190688675128
2022,15,GB,62,0.48387096774193517,0.45880487050500607,2.5066097236929097
2022,15,HOU,55,0.5818181818181817,0.594883111932061,-1.3064930113879325
2022,15,IND,75,0.4533333333333334,0.5062067906061808,-5.287345727284737
2022,15,JAX,69,0.6376811594202901,0.648581904993541,-1.0900745573250825
2022,15,KC,75,0.6,0.6059166306257249,-0.5916630625724895
2022,15,LA,38,0.5789473684210524,0.70956604574856,-13.061867732750754
2022,15,LAC,64,0.625,0.6199828290846199,0.501717091538012
2022,15,LV,61,0.6229508196721314,0.6977080961719887,-7.47572764998573
2022,15,MIA,56,0.5714285714285716,0.5514876890395369,1.9940882389034686
2022,15,MIN,79,0.7215189873417719,0.740922633417045,-1.9403646075273118
2022,15,NE,63,0.5396825396825398,0.6440362478532489,-10.435370817070911
2022,15,NO,52,0.36538461538461564,0.4870244073323333,-12.163979194771768
2022,15,NYG,59,0.5762711864406778,0.5406961276874704,3.5575058753207323
2022,15,NYJ,57,0.6315789473684209,0.6522919028474574,-2.071295547903651
2022,15,PHI,69,0.5942028985507246,0.6079572672429293,-1.37543686922047
2022,15,PIT,66,0.33333333333333315,0.4808987344078947,-14.756540107456157
2022,15,SEA,58,0.7758620689655172,0.7192171385575985,5.664493040791873
2022,15,SF,57,0.47368421052631604,0.484775958615437,-1.1091748089120945
2022,15,TB,70,0.6571428571428574,0.5816739987049784,7.546885843787898
2022,15,TEN,52,0.5384615384615385,0.6839305758476257,-14.54690373860872
2022,15,WAS,55,0.5454545454545457,0.6752681041305715,-12.981355867602574
2022,16,ARI,72,0.6527777777777775,0.6639673575345014,-1.1189579756723966
2022,16,ATL,66,0.5303030303030299,0.7049260419426542,-17.462301163962422
2022,16,BAL,49,0.3673469387755103,0.5609698296353525,-19.36228908598422
2022,16,BUF,58,0.5344827586206894,0.5503002908080816,-1.5817532187392236
2022,16,CAR,64,0.34375,0.5018086597556248,-15.805865975562483
2022,16,CHI,56,0.5357142857142855,0.6843945575611932,-14.868027184690769
2022,16,CIN,76,0.6973684210526313,0.5647874884307384,13.258093262189286
2022,16,CLE,65,0.4769230769230769,0.7185390011622357,-24.161592423915877
2022,16,DAL,64,0.59375,0.6317962480243295,-3.8046248024329543
2022,16,DEN,56,0.642857142857143,0.7570156854178224,-11.415854256067936
2022,16,DET,60,0.7333333333333335,0.7161118651429812,1.7221468190352307
2022,16,GB,60,0.6666666666666667,0.5870803285390138,7.958633812765292
2022,16,HOU,62,0.5645161290322581,0.5949677174850819,-3.045158845282381
2022,16,IND,43,0.6744186046511628,0.6827395735091941,-0.8320968858031352
2022,16,JAX,67,0.5223880597014923,0.5409710533472138,-1.858299364572158
2022,16,KC,50,0.6000000000000002,0.5253400298953056,7.465997010469461
2022,16,LA,63,0.4603174603174602,0.48675604968790026,-2.643858937044008
2022,16,LAC,60,0.5333333333333334,0.5810345344245432,-4.770120109120979
2022,16,LV,49,0.6530612244897958,0.6738994997374865,-2.0838275247690774
2022,16,MIA,43,0.5813953488372094,0.6369270739513774,-5.553172511416793
2022,16,MIN,66,0.7121212121212119,0.5929989663488937,11.912224577231822
2022,16,NE,48,0.6875,0.6908903665219743,-0.33903665219743306
2022,16,NO,53,0.28301886792452824,0.5942598263610085,-31.124095843648025
2022,16,NYG,64,0.734375,0.6581262401305139,7.624875986948609
2022,16,NYJ,53,0.6981132075471698,0.7732074018919243,-7.509419434475451
2022,16,PHI,68,0.6029411764705881,0.6852840193930794,-8.234284292249129
2022,16,PIT,66,0.6060606060606063,0.6647282370337934,-5.866763097318706
2022,16,SEA,71,0.5915492957746479,0.7340813102856488,-14.253201451100095
2022,16,SF,48,0.47916666666666674,0.5214782453452547,-4.2311578678587924
2022,16,TB,77,0.6233766233766234,0.6074395338436226,1.593708953300077
2022,16,TEN,54,0.44444444444444425,0.7162427532452125,-27.17983088007682
2022,16,WAS,68,0.5147058823529407,0.6953855019939296,-18.067961964098888
2022,17,ARI,67,0.6268656716417907,0.6383649964830769,-1.149932484128613
2022,17,ATL,59,0.4745762711864404,0.6095883596246526,-13.501208843821221
2022,17,BAL,48,0.47916666666666674,0.6853509408732255,-20.61842742065587
2022,17,CAR,57,0.6491228070175437,0.6167284681608803,3.239433885666332
2022,17,CHI,43,0.5813953488372094,0.6988552219645922,-11.74598731273827
2022,17,CLE,45,0.4444444444444443,0.5262373332348134,-8.179288879036905
2022,17,DAL,73,0.5890410958904112,0.5877447606459871,0.1296335244424074
2022,17,DEN,62,0.6290322580645162,0.6440664349544434,-1.5034176889927142
2022,17,DET,65,0.446153846153846,0.5186263482158001,-7.24725020619541
2022,17,GB,58,0.4655172413793106,0.5069792846153524,-4.146204323604175
2022,17,HOU,65,0.7230769230769233,0.7000662526259056,2.301067045101768
2022,17,IND,54,0.5185185185185184,0.7289269147095856,-21.04083961910672
2022,17,JAX,58,0.5,0.5173397432884266,-1.733974328842658
2022,17,KC,58,0.7758620689655172,0.5486994211658323,22.716264779968498
2022,17,LA,44,0.47727272727272735,0.6187098486856981,-14.143712141297076
2022,17,LAC,62,0.5,0.5324003045717556,-3.240030457175558
2022,17,LV,66,0.5757575757575755,0.6032846570014954,-2.7527081243919893
2022,17,MIA,67,0.6268656716417907,0.6936184448092731,-6.67527731674824
2022,17,MIN,55,0.672727272727273,0.7151931922544132,-4.246591952714029
2022,17,NE,52,0.6346153846153844,0.5755256536201788,5.908973099520553
2022,17,NO,57,0.4210526315789477,0.5404779179054394,-11.942528632649175
2022,17,NYG,61,0.45901639344262324,0.5362695499521786,-7.725315650955533
2022,17,NYJ,63,0.7301587301587303,0.7087219868387494,2.143674331998091
2022,17,PHI,47,0.6808510638297873,0.7121061242007195,-3.1255060370932175
2022,17,PIT,66,0.40909090909090917,0.620481092821468,-21.139018373055883
2022,17,SEA,67,0.4626865671641793,0.4828893244822524,-2.020275731807314
2022,17,SF,60,0.5833333333333331,0.5947638623416424,-1.143052900830921
2022,17,TB,72,0.6527777777777775,0.5648349870720673,8.79427907057102
2022,17,TEN,63,0.6349206349206352,0.74184550344944,-10.692486852880478
2022,17,WAS,65,0.446153846153846,0.6656469986988948,-21.949315254504874
2022,18,ARI,46,0.6086956521739129,0.6309576948051867,-2.226204263127385
2022,18,ATL,65,0.49230769230769234,0.5779301505822401,-8.562245827454774
2022,18,BAL,69,0.6086956521739126,0.7030159809451172,-9.432032877120456
2022,18,BUF,53,0.641509433962264,0.549038355572606,9.247107838965796
2022,18,CAR,56,0.3214285714285716,0.6381943957614047,-31.676582433283308
2022,18,CHI,48,0.625,0.6952255672464769,-7.022556724647688
2022,18,CIN,62,0.6935483870967744,0.5494486459440763,14.409974115269808
2022,18,CLE,50,0.6599999999999999,0.7180918103456497,-5.809181034564981
2022,18,DAL,65,0.6307692307692311,0.7680681453301356,-13.72989145609045
2022,18,DEN,60,0.4500000000000003,0.5681891796489558,-11.818917964895547
2022,18,DET,58,0.6034482758620686,0.5918610704870059,1.1587205375062748
2022,18,GB,55,0.5272727272727272,0.5818496632305058,-5.457693595777857
2022,18,HOU,64,0.65625,0.6927071721293032,-3.6457172129303217
2022,18,IND,68,0.5735294117647056,0.6411261111497879,-6.759669938508228
2022,18,JAX,44,0.7272727272727272,0.6459028219634837,8.136990530924349
2022,18,KC,52,0.5576923076923076,0.4763927624489253,8.12995452433823
2022,18,LA,53,0.5094339622641512,0.6014019153871626,-9.196795312301143
2022,18,LAC,66,0.6969696969696968,0.6837699760993321,1.3199720870364695
2022,18,LV,61,0.7049180327868851,0.6497590146103843,5.515901817650082
2022,18,MIA,63,0.5079365079365079,0.6403413287230901,-13.240482078658221
2022,18,MIN,71,0.49295774647887314,0.4910435535695771,0.1914192909296064
2022,18,NE,63,0.6666666666666669,0.6062179437232396,6.0448722943427295
2022,18,NO,57,0.4385964912280701,0.6219867122800726,-18.339022105200254
2022,18,NYG,62,0.6935483870967744,0.7257039796921515,-3.2155592595377147
2022,18,NYJ,53,0.6226415094339625,0.7142364413670773,-9.159493193311485
2022,18,PHI,65,0.6000000000000002,0.5684534549713136,3.154654502868659
2022,18,PIT,67,0.4626865671641793,0.5587566840782093,-9.607011691403006
2022,18,SEA,66,0.5151515151515148,0.5893292679931179,-7.41777528416031
2022,18,SF,57,0.38596491228070157,0.5180661422118806,-13.210122993117906
2022,18,TB,54,0.6296296296296295,0.6498339670123878,-2.0204337382758286
2022,18,TEN,68,0.45588235294117674,0.6522681973874569,-19.638584444628016
2022,18,WAS,59,0.3728813559322031,0.5200829394793105,-14.720158354710739
2022,19,BAL,64,0.484375,0.6149560064077377,-13.058100640773773
2022,19,BUF,64,0.640625,0.6070630562026054,3.3561943797394633
2022,19,CIN,50,0.72,0.5992566111683845,12.07433888316155
2022,19,DAL,66,0.5454545454545457,0.5595498257739978,-1.4095280319452064
2022,19,JAX,69,0.6956521739130438,0.6750505648661351,2.0601609046908664
2022,19,LAC,65,0.6769230769230772,0.6260716360348922,5.085144088818494
2022,19,MIA,66,0.7272727272727274,0.6824443557045677,4.482837156815966
2022,19,MIN,56,0.7142857142857144,0.6666917399104152,4.7593974375299215
2022,19,NYG,61,0.6721311475409835,0.5317236519739276,14.04074955670559
2022,19,SEA,61,0.6393442622950816,0.652136599919835,-1.2792337624753403
2022,19,SF,63,0.5079365079365079,0.5607633361267664,-5.282682819025853
2022,19,TB,80,0.8500000000000002,0.7288939071819186,12.11060928180816
2022,20,BUF,61,0.754098360655738,0.7276707145034289,2.642764615230908
2022,20,CIN,67,0.5522388059701496,0.45104344861943324,10.119535735071638
2022,20,DAL,59,0.661016949152542,0.6613961713293851,-0.03792221768430526
2022,20,JAX,57,0.701754385964912,0.7079604743865497,-0.6206088421637723
2022,20,KC,65,0.6000000000000002,0.4771912516882787,12.28087483117215
2022,20,NYG,47,0.6382978723404257,0.6821349846555831,-4.383711231515742
2022,20,PHI,67,0.3731343283582092,0.5388155967664363,-16.56812684082271
2022,20,SF,61,0.5081967213114751,0.5662661036629167,-5.806938235144166
2022,21,CIN,58,0.7586206896551723,0.6837003618992609,7.49203277559114
2022,21,KC,63,0.7301587301587303,0.6152007634204532,11.49579667382772
2022,21,PHI,67,0.3880597014925375,0.5735163399532659,-18.54566384607284
2022,21,SF,42,0.42857142857142844,0.6757801969846089,-24.720876841318045
2022,22,KC,51,0.5882352941176473,0.554483059574576,3.3752234543071302
2022,22,PHI,71,0.5633802816901412,0.6443066473158312,-8.092636562569
2023,1,ARI,55,0.5454545454545457,0.6681100010871888,-12.265545563264302
2023,1,ATL,43,0.4186046511627906,0.5809989783826264,-16.239432721983576
2023,1,BAL,55,0.4909090909090911,0.5534204281189224,-6.2511337209831375
2023,1,BUF,62,0.7096774193548389,0.675755932446449,3.392148690838981
2023,1,CAR,70,0.5714285714285715,0.6716404880796161,-10.021191665104457
2023,1,CHI,68,0.6617647058823527,0.7276625214692425,-6.589781558688978
2023,1,CIN,50,0.6399999999999999,0.6868081080913544,-4.6808108091354494
2023,1,CLE,70,0.4571428571428572,0.5737456046577011,-11.66027475148439
2023,1,DAL,55,0.4545454545454543,0.5126909643411638,-5.8145509795709485
2023,1,DEN,55,0.6181818181818185,0.6237265711480922,-0.5544752966273658
2023,1,DET,65,0.5230769230769231,0.594240379333496,-7.116345625657294
2023,1,GB,59,0.49152542372881386,0.5457886252552271,-5.426320152641323
2023,1,HOU,66,0.7121212121212119,0.7419068219535279,-2.978560983231593
2023,1,IND,65,0.6615384615384617,0.6824162075152764,-2.087774597681469
2023,1,JAX,66,0.5,0.5359214886910084,-3.592148869100842
2023,1,KC,62,0.7258064516129031,0.6040209534187472,12.178549819415597
2023,1,LA,78,0.5,0.5323125826529201,-3.231258265292014
2023,1,LAC,73,0.5068493150684933,0.5893356471437297,-8.248633207523637
2023,1,LV,51,0.5686274509803924,0.5732135211720187,-0.4586070191626379
2023,1,MIA,63,0.7301587301587303,0.6246142089366913,10.554452122203905
2023,1,MIN,61,0.737704918032787,0.6623037696861831,7.540114834660394
2023,1,NE,77,0.7402597402597404,0.7376688084045013,0.2590931855239065
2023,1,NO,58,0.5862068965517241,0.6257657266125596,-3.9558830060835493
2023,1,NYG,58,0.6379310344827588,0.6840066920066702,-4.607565752391141
2023,1,NYJ,48,0.47916666666666674,0.6058626317729552,-12.669596510628844
2023,1,PHI,57,0.6140350877192985,0.5778545443164675,3.6180543402830945
2023,1,PIT,55,0.8363636363636365,0.768981624733318,6.738201163031854
2023,1,SEA,44,0.6136363636363638,0.6223008107732643,-0.866444713690051
2023,1,SF,60,0.5166666666666664,0.5458440480132897,-2.917738134662329
2023,1,TB,64,0.578125,0.5851061794674024,-0.6981179467402399
2023,1,TEN,56,0.6607142857142855,0.6387115067669323,2.200277894735314
2023,1,WAS,59,0.5593220338983053,0.5928273594985574,-3.35053256002521
2023,2,ARI,61,0.524590163934426,0.5894926183047842,-6.490245437035814
2023,2,ATL,76,0.4868421052631582,0.6417343896862707,-15.489228442311253
2023,2,BAL,69,0.5797101449275359,0.563893166249213,1.581697867832288
2023,2,BUF,70,0.5285714285714286,0.5230757964508874,0.5495632120541161
2023,2,CAR,53,0.6792452830188678,0.7292221171675988,-4.9976834148731
2023,2,CHI,45,0.6666666666666666,0.7026728616820441,-3.6006195015377496
2023,2,CIN,56,0.75,0.690378124160426,5.962187583957402
2023,2,CLE,77,0.5584415584415587,0.6073504012900515,-4.890884284849273
2023,2,DAL,79,0.4936708860759489,0.5623014617852772,-6.863057570932829
2023,2,DEN,55,0.6363636363636361,0.7025812907652422,-6.62176544016061
2023,2,DET,62,0.5645161290322581,0.6968664286598083,-13.235029962755018
2023,2,GB,45,0.577777777777778,0.5498509638839297,2.7926813893848212
2023,2,HOU,70,0.6571428571428574,0.7413169843809946,-8.417412723813722
2023,2,IND,56,0.625,0.5833840305650875,4.1615969434912525
2023,2,JAX,60,0.75,0.6408442889650663,10.91557110349337
2023,2,KC,60,0.7333333333333335,0.5671801300098498,16.61532033234837
2023,2,LA,76,0.7631578947368419,0.647813891893939,11.534400284290292
2023,2,LAC,63,0.6666666666666669,0.6277765331287233,3.889013353794357
2023,2,LV,39,0.641025641025641,0.6605036915876926,-1.9478050562051652
2023,2,MIA,59,0.5254237288135595,0.5609556051381563,-3.5531876324596867
2023,2,MIN,53,0.8301886792452832,0.7541435434008544,7.6045135844428735
2023,2,NE,66,0.6515151515151512,0.6327838843519038,1.8731267163247356
2023,2,NO,67,0.5522388059701496,0.5388970280538745,1.334177791627511
2023,2,NYG,64,0.65625,0.6609013779088855,-0.4651377908885479
2023,2,NYJ,42,0.7142857142857142,0.7190180718898773,-0.4732357604163129
2023,2,PHI,71,0.38028169014084506,0.5392676037801823,-15.898591363933729
2023,2,PIT,49,0.6122448979591838,0.6259697170890107,-1.3724819129826926
2023,2,SEA,65,0.6615384615384617,0.5761396248753256,8.539883666313619
2023,2,SF,53,0.47169811320754745,0.5697741795963835,-9.807606638883609
2023,2,TB,66,0.5757575757575755,0.6487893365097769,-7.303176075220142
2023,2,TEN,58,0.4137931034482759,0.5687238877189571,-15.493078427068118
2023,2,WAS,63,0.6507936507936509,0.58382609675801,6.696755403564092
2023,3,ARI,51,0.4313725490196077,0.5366057405869167,-10.523319156730897
2023,3,ATL,58,0.6724137931034482,0.7568017198094006,-8.438792670595241
2023,3,BAL,68,0.5294117647058824,0.5881789802190136,-5.876721551313125
2023,3,BUF,63,0.5555555555555557,0.5786757624102017,-2.3120206854645997
2023,3,CAR,72,0.8194444444444443,0.7531376859794061,6.63067584650382
2023,3,CHI,48,0.5416666666666667,0.6434991899877787,-10.183252332111191
2023,3,CIN,68,0.7058823529411767,0.6342893394038958,7.1593013537280985
2023,3,CLE,64,0.53125,0.5205164948129095,1.0733505187090486
2023,3,DAL,73,0.5890410958904112,0.6870268811918285,-9.798578530141732
2023,3,DEN,58,0.6551724137931036,0.7064880384453411,-5.131562465223749
2023,3,DET,61,0.5573770491803277,0.5891751554168638,-3.1798106236536117
2023,3,GB,67,0.7313432835820894,0.7011955024591133,3.0147781122976114
2023,3,HOU,56,0.5535714285714284,0.5442551890654223,0.931623950600613
2023,3,IND,79,0.556962025316456,0.6378129699939414,-8.085094467748544
2023,3,JAX,69,0.652173913043478,0.6934559520172036,-4.128203897372551
2023,3,KC,73,0.5616438356164386,0.5486558195560761,1.2988016060362484
2023,3,LA,46,0.7391304347826088,0.6380157354085342,10.111469937407458
2023,3,LAC,62,0.7903225806451613,0.5933391701790593,19.69834104661019
2023,3,LV,64,0.71875,0.6752866811584681,4.346331884153187
2023,3,MIA,70,0.39999999999999986,0.4657350864793572,-6.573508647935733
2023,3,MIN,74,0.6891891891891889,0.6712979311878617,1.7891258001327182
2023,3,NE,69,0.43478260869565205,0.5977699227523111,-16.298731405665905
2023,3,NO,56,0.607142857142857,0.6017799483878271,0.5362908755029872
2023,3,NYG,45,0.7777777777777779,0.718569952249527,5.920782552825088
2023,3,NYJ,57,0.6315789473684209,0.7198396683262105,-8.826072095778958
2023,3,PHI,77,0.5064935064935069,0.4751846371823317,3.130886931117516
2023,3,PIT,58,0.5,0.5321072636750237,-3.21072636750237
2023,3,SEA,66,0.5606060606060606,0.5555982519731378,0.5007808632922717
2023,3,SF,73,0.5068493150684933,0.5379309859381964,-3.108167086970315
2023,3,TB,43,0.627906976744186,0.6427540689013724,-1.4847092157186381
2023,3,TEN,40,0.625,0.6938707940280437,-6.887079402804375
2023,3,WAS,42,0.7142857142857142,0.6285513699764297,8.573434430928451
2023,4,ARI,67,0.6865671641791047,0.7001040110837168,-1.3536846904612099
2023,4,ATL,53,0.6037735849056605,0.6909499581692353,-8.717637326357487
2023,4,BAL,52,0.44230769230769246,0.5915272704397255,-14.921957813203306
2023,4,BUF,50,0.5400000000000003,0.4959388050436974,4.406119495630284
2023,4,CAR,63,0.5396825396825398,0.6497361965122677,-11.00536568297279
2023,4,CHI,66,0.5606060606060606,0.6028294362353556,-4.222337562929502
2023,4,CIN,47,0.6808510638297873,0.6653743456018731,1.5476718227914188
2023,4,CLE,60,0.6499999999999998,0.6945641080538432,-4.456410805384337
2023,4,DAL,63,0.5873015873015875,0.5101029224812039,7.719866482038363
2023,4,DEN,46,0.652173913043478,0.6760613659153814,-2.3887452871903303
2023,4,DET,70,0.4142857142857141,0.5045181980622666,-9.023248377655252
2023,4,GB,50,0.7399999999999999,0.7069721698760987,3.3027830123901203
2023,4,HOU,67,0.4626865671641793,0.5292608575033609,-6.6574290339181665
2023,4,IND,57,0.526315789473684,0.7374101966096644,-21.109440713598048
2023,4,JAX,59,0.5762711864406778,0.528567761182785,4.770342525789273
2023,4,KC,63,0.5396825396825398,0.514557314060983,2.5125225621556724
2023,4,LA,76,0.5526315789473684,0.6162919953073327,-6.366041635996433
2023,4,LAC,57,0.5087719298245612,0.5524253623004545,-4.365343247589326
2023,4,LV,62,0.6290322580645162,0.6533380540147904,-2.4305795950274156
2023,4,MIA,55,0.6909090909090906,0.6513560202988711,3.955307061021951
2023,4,MIN,42,0.4523809523809523,0.5333346995037227,-8.095374712277042
2023,4,NE,53,0.6037735849056605,0.6974995153130226,-9.37259304073621
2023,4,NO,57,0.701754385964912,0.6914753691669095,1.0279016798002472
2023,4,NYG,63,0.6349206349206352,0.707564711097687,-7.2644076177051815
2023,4,NYJ,56,0.7142857142857144,0.668210856616497,4.607485766921737
2023,4,PHI,65,0.6307692307692311,0.6122032394775978,1.8565991291633277
2023,4,PIT,53,0.5471698113207546,0.7094205162435208,-16.225070492276615
2023,4,SEA,49,0.5510204081632656,0.529769790187782,2.1250617975483554
2023,4,SF,50,0.42000000000000004,0.43802919104695326,-1.802919104695322
2023,4,TB,64,0.609375,0.5741139345918782,3.5261065408121794
2023,4,TEN,58,0.4827586206896554,0.5419897313133395,-5.923111062368408
2023,4,WAS,69,0.6666666666666669,0.617217315495878,4.944935117078886
2023,5,ARI,54,0.5925925925925929,0.6825863603088592,-8.999376771626633
2023,5,ATL,73,0.5479452054794519,0.6247468370280853,-7.68016315486334
2023,5,BAL,63,0.6507936507936509,0.627956020690146,2.2837630103504925
2023,5,BUF,54,0.7962962962962965,0.7316389668870855,6.465732940921098
2023,5,CAR,64,0.65625,0.6621916750445962,-0.5941675044596195
2023,5,CHI,61,0.4918032786885249,0.5292056931152208,-3.7402414426695896
2023,5,CIN,75,0.6399999999999998,0.525855719546477,11.414428045352276
2023,5,DAL,44,0.5909090909090908,0.6302402771332047,-3.933118622411391
2023,5,DEN,53,0.6792452830188678,0.7105691056206541,-3.1323822601786344
2023,5,DET,55,0.5090909090909089,0.5243803995576772,-1.5289490466768307
2023,5,GB,55,0.5818181818181817,0.696767552874305,-11.494937105612335
2023,5,HOU,58,0.6034482758620686,0.6981690492609451,-9.472077339887653
2023,5,IND,59,0.457627118644068,0.5863679876014338,-12.87408689573658
2023,5,JAX,77,0.5454545454545455,0.539192833006382,0.6261712448163537
2023,5,KC,61,0.6557377049180325,0.6026518701529893,5.3085834765043245
2023,5,LA,51,0.7254901960784315,0.6874164906786937,3.8073705399737756
2023,5,LV,57,0.5438596491228072,0.5833796474494433,-3.9519998326636108
2023,5,MIA,51,0.5882352941176473,0.5258891792858348,6.234611483181252
2023,5,MIN,64,0.71875,0.7163495249114931,0.2400475088506937
2023,5,NE,49,0.6326530612244898,0.7034768748040101,-7.082381357952028
2023,5,NO,64,0.4375,0.5168030322529376,-7.9303032252937555
2023,5,NYG,61,0.5901639344262297,0.7196331160967467,-12.946918167051702
2023,5,NYJ,58,0.5,0.6227218317317553,-12.272183173175533
2023,5,PHI,77,0.5454545454545455,0.558841008838121,-1.338646338357552
2023,5,PIT,58,0.5862068965517241,0.6458174465545292,-5.961055000280513
2023,5,SF,65,0.38461538461538436,0.4675045038645085,-8.288911924912412
2023,5,TEN,55,0.6363636363636361,0.6328266761519692,0.35369602116669396
2023,5,WAS,63,0.8888888888888887,0.7207834883814767,16.810540050741206
2023,6,ARI,70,0.6285714285714289,0.6850572694625173,-5.6485840891088435
2023,6,ATL,76,0.6315789473684209,0.713094787770196,-8.151584040177507
2023,6,BAL,68,0.5294117647058824,0.5715514956151738,-4.213973090929146
2023,6,BUF,59,0.542372881355932,0.5756003195577759,-3.322743820184393
2023,6,CAR,64,0.609375,0.6502292999066412,-4.0854299906641245
2023,6,CHI,59,0.457627118644068,0.6564748100305008,-19.88476913864328
2023,6,CIN,49,0.7346938775510204,0.5262062850655341,20.84875924854863
2023,6,CLE,67,0.5223880597014923,0.5972601544501177,-7.487209474862544
2023,6,DAL,54,0.6111111111111114,0.6431665657847015,-3.2055454673590167
2023,6,DEN,46,0.5434782608695653,0.6302235026074493,-8.6745241737884
2023,6,DET,65,0.6923076923076925,0.5578232392095603,13.448445309813216
2023,6,HOU,57,0.4912280701754388,0.5271657802033842,-3.5937710027945435
2023,6,IND,72,0.7916666666666667,0.7264260850432847,6.524058162338209
2023,6,JAX,55,0.5818181818181817,0.5219298484650525,5.988833335312915
2023,6,KC,65,0.6769230769230772,0.5758302089113456,10.109286801173155
2023,6,LA,50,0.45999999999999974,0.5532929101586341,-9.32929101586344
2023,6,LAC,60,0.7000000000000002,0.6504174056152503,4.958259438474988
2023,6,LV,62,0.5322580645161294,0.6489665558741938,-11.670849135806439
2023,6,MIA,62,0.5161290322580648,0.5025563821677239,1.357265009034092
2023,6,MIN,52,0.596153846153846,0.5858786600785185,1.0275186075327514
2023,6,NE,51,0.6470588235294118,0.6311675666594038,1.589125687000803
2023,6,NO,76,0.6710526315789477,0.6944618813301388,-2.3409249751191075
2023,6,NYG,68,0.5735294117647056,0.6720140813028112,-9.848466953810552
2023,6,NYJ,53,0.6792452830188678,0.6391970101954803,4.004827282338752
2023,6,PHI,67,0.716417910447761,0.5948809198479155,12.153699059984557
2023,6,SEA,66,0.6666666666666669,0.6703776358203455,-0.3710969153678634
2023,6,SF,50,0.5400000000000003,0.6641952580213546,-12.419525802135434
2023,6,TB,53,0.7358490566037735,0.7265276582735889,0.9321398330184638
2023,6,TEN,40,0.6000000000000001,0.6415122471749782,-4.151224717497815
2023,6,WAS,43,0.558139534883721,0.5143245943756991,4.381494050802193
2023,7,ARI,59,0.593220338983051,0.7115175640684063,-11.829722508535523
2023,7,ATL,63,0.4285714285714284,0.571159562184697,-14.258813361326862
2023,7,BAL,54,0.6111111111111114,0.4868287092971581,12.428240181395328
2023,7,BUF,65,0.6923076923076925,0.6400134651706769,5.22942271370156
2023,7,CHI,65,0.4769230769230769,0.5199547908053949,-4.303171388231797
2023,7,CLE,69,0.5362318840579711,0.70480792073236,-16.85760366743889
2023,7,DEN,54,0.5555555555555557,0.58154774967719,-2.5992194121634338
2023,7,DET,68,0.7941176470588234,0.7520587505663142,4.205889649250915
2023,7,GB,61,0.5573770491803277,0.6411397501093442,-8.376270092901649
2023,7,IND,63,0.4126984126984125,0.6124425036093546,-19.97440909109421
2023,7,JAX,53,0.6603773584905662,0.6003642487076093,6.0013109782956935
2023,7,KC,61,0.7213114754098361,0.584324046114429,13.698742929540709
2023,7,LA,61,0.5081967213114751,0.6604357752643648,-15.223905395288973
2023,7,LAC,55,0.5636363636363634,0.6736304862932725,-10.99941226569091
2023,7,LV,60,0.7666666666666666,0.719421474635601,4.724519203106558
2023,7,MIA,44,0.7272727272727272,0.7099067094651136,1.7366017807613598
2023,7,MIN,64,0.6875,0.5794689895119518,10.80310104880482
2023,7,NE,55,0.5818181818181817,0.5840692354874177,-0.22510536692360583
2023,7,NO,87,0.6781609195402304,0.6772561593987476,0.09047601414827744
2023,7,NYG,58,0.5517241379310347,0.5817761133457051,-3.0051975414670418
2023,7,PHI,62,0.5322580645161294,0.5256306502607562,0.6627414255373276
2023,7,PIT,50,0.5200000000000004,0.57712535738945,-5.712535738944968
2023,7,SEA,54,0.48148148148148173,0.5427741561498906,-6.129267466840882
2023,7,SF,50,0.6200000000000002,0.6066293352842331,1.3370664715767089
2023,7,TB,61,0.7049180327868851,0.6644106145764961,4.050741821038906
2023,7,WAS,61,0.7049180327868851,0.677505045640664,2.741298714622109
2023,8,ARI,70,0.5714285714285715,0.6305589663130896,-5.91303948845181
2023,8,ATL,59,0.6271186440677969,0.6641686114214235,-3.7049967353626534
2023,8,BAL,55,0.5090909090909089,0.5451948482881892,-3.6103939197280277
2023,8,BUF,65,0.6615384615384617,0.5200226085690351,14.15158529694266
2023,8,CAR,55,0.6181818181818185,0.5826821378686211,3.549968031319739
2023,8,CHI,61,0.6393442622950816,0.7134602780713409,-7.411601577625937
2023,8,CIN,58,0.6034482758620686,0.5074189755551773,9.602930030689127
2023,8,CLE,71,0.4788732394366195,0.5605329936239081,-8.165975418728856
2023,8,DAL,57,0.6666666666666667,0.5202633065351269,14.640336013153988
2023,8,DEN,59,0.40677966101694896,0.4952305730242849,-8.845091200733595
2023,8,DET,78,0.4743589743589743,0.5800262467983441,-10.566727243936985
2023,8,GB,58,0.7758620689655172,0.7401888283162281,3.5673240649289117
2023,8,HOU,55,0.4727272727272728,0.5871560738845304,-11.442880115725762
2023,8,IND,65,0.6461538461538463,0.6725811747404246,-2.642732858657826
2023,8,JAX,63,0.5238095238095238,0.5490603397881227,-2.5250815978598906
2023,8,KC,54,0.7592592592592591,0.6788772537752434,8.038200548401564
2023,8,LA,58,0.6034482758620686,0.7208778755418186,-11.742959967974997
2023,8,LAC,65,0.6307692307692311,0.6057774693920064,2.4991761377224697
2023,8,LV,39,0.5641025641025642,0.6010100642840068,-3.690750018144262
2023,8,MIA,68,0.6911764705882351,0.5787929287728142,11.238354181542087
2023,8,MIN,64,0.5625,0.5096210525953211,5.287894740467891
2023,8,NE,47,0.6170212765957446,0.6585659613000586,-4.154468470431405
2023,8,NO,64,0.46875,0.4893076167209074,-2.055761672090739
2023,8,NYG,66,0.3030303030303032,0.6004655591466209,-29.74352561163177
2023,8,NYJ,57,0.6666666666666667,0.6470725918025301,1.9594074864136668
2023,8,PHI,58,0.6724137931034482,0.6520612853868254,2.035250771662278
2023,8,PIT,60,0.7666666666666666,0.736533276240031,3.0133390426635653
2023,8,SEA,53,0.6981132075471698,0.6770727789064623,2.104042864070743
2023,8,SF,54,0.6851851851851852,0.6375357199598242,4.764946522536107
2023,8,TB,59,0.7627118644067796,0.745474496130216,1.7237368276563636
2023,8,TEN,62,0.48387096774193517,0.5484143740707828,-6.454340632884758
2023,8,WAS,68,0.7941176470588234,0.6181845774545389,17.593306960428446
2023,9,ARI,41,0.6097560975609757,0.6477888066594193,-3.8032709098443584
2023,9,ATL,65,0.6153846153846158,0.6850243375851558,-6.963972220054004
2023,9,BAL,71,0.5070422535211269,0.5146266563047824,-0.7584402783655575
2023,9,BUF,55,0.8,0.6472375636751002,15.276243632489983
2023,9,CAR,67,0.6567164179104481,0.7086662614523475,-5.194984354189936
2023,9,CHI,62,0.5645161290322581,0.647276669019653,-8.276053998739485
2023,9,CIN,63,0.7142857142857145,0.5308973678047695,18.338834648094505
2023,9,CLE,69,0.4637681159420289,0.6261232155712617,-16.235509962923285
2023,9,DAL,65,0.7384615384615382,0.6734118624375417,6.504967602399647
2023,9,GB,61,0.4262295081967213,0.5182503193433656,-9.202081114664434
2023,9,HOU,61,0.6885245901639342,0.682170525681777,0.635406448215714
2023,9,IND,53,0.5094339622641512,0.5574098899960518,-4.797592773190063
2023,9,KC,51,0.6274509803921572,0.5381360328664966,8.93149475256606
2023,9,LA,54,0.5740740740740738,0.6776278217633565,-10.355374768928261
2023,9,LAC,50,0.6399999999999999,0.6656477910280229,-2.564779102802295
2023,9,LV,59,0.4237288135593222,0.5367366172752137,-11.300780371589154
2023,9,MIA,55,0.6363636363636361,0.72656062082810835,-9.019698446447222
2023,9,MIN,69,0.6376811594202901,0.6708035248777141,-3.3122365457423975
2023,9,NE,62,0.7419354838709675,0.6797714723694709,6.2164011501496645
2023,9,NO,61,0.5901639344262297,0.5950702823332099,-0.4906347906980191
2023,9,NYG,55,0.6363636363636361,0.7050410864028064,-6.867745003917025
2023,9,NYJ,69,0.7246376811594205,0.7187255560487941,0.5912125110626443
2023,9,PHI,56,0.517857142857143,0.5661212889078472,-4.826414605070417
2023,9,PIT,59,0.5084745762711861,0.588184860298189,-7.971028402700286
2023,9,SEA,42,0.6904761904761904,0.7190595581417992,-2.858336766560887
2023,9,TB,61,0.524590163934426,0.6191373838752996,-9.454721994087356
2023,9,TEN,63,0.6349206349206352,0.6997591254730073,-6.4838490552372114
2023,9,WAS,73,0.6575342465753429,0.582242439870965,7.5291806704377855
2023,10,ARI,58,0.6034482758620686,0.610941364590464,-0.7493088728395381
2023,10,ATL,62,0.4032258064516132,0.6343125001557411,-23.108669370412795
2023,10,BAL,47,0.5744680851063829,0.5794241751762146,-0.49560900698316646
2023,10,BUF,53,0.5283018867924526,0.6114287457938464,-8.312685900139382
2023,10,CAR,54,0.7592592592592591,0.6769935209993962,8.226573825986282
2023,10,CHI,69,0.5362318840579711,0.6100057253371114,-7.377384127914032
2023,10,CIN,55,0.7818181818181817,0.6912578561089255,9.05603257092562
2023,10,CLE,71,0.5915492957746479,0.676942034086711,-8.539273831206318
2023,10,DAL,76,0.6052631578947371,0.5095177747701343,9.574538312460279
2023,10,DEN,65,0.5076923076923077,0.6675201736963712,-15.982786600406351
2023,10,DET,61,0.5409836065573769,0.5634411993573923,-2.245759280001547
2023,10,GB,63,0.6507936507936509,0.6944081861348379,-4.361453534118698
2023,10,HOU,73,0.5479452054794519,0.5633670523354452,-1.5421846855993238
2023,10,IND,53,0.5283018867924526,0.5971867742965807,-6.888488750412813
2023,10,JAX,49,0.6938775510204079,0.6247207820415497,6.915676897885826
2023,10,LAC,68,0.6029411764705881,0.6089252671774696,-0.5984090706881551
2023,10,LV,59,0.457627118644068,0.6372561706072193,-17.962905196315127
2023,10,MIN,67,0.5970149253731343,0.5730930966561409,2.392182871699333
2023,10,NE,63,0.4603174603174602,0.6319107455866678,-17.159328526920763
2023,10,NO,60,0.7333333333333335,0.7243681974709034,0.8965135862430085
2023,10,NYG,49,0.6530612244897958,0.6913785691163978,-3.831734462660208
2023,10,NYJ,61,0.7213114754098361,0.7102183665408462,1.1093108868989843
2023,10,PIT,59,0.4237288135593222,0.5345227473368079,-11.079393377748575
2023,10,SEA,72,0.6527777777777775,0.6478240042924881,0.4953773485289359
2023,10,SF,55,0.5090909090909089,0.5364305318756536,-2.7339622784744666
2023,10,TB,57,0.5438596491228072,0.5717980755133588,-2.7938426390551663
2023,10,TEN,55,0.7090909090909092,0.7230023432861674,-1.3911434195258199
2023,10,WAS,58,0.7586206896551723,0.6484006281042921,11.022006155088015
2023,11,ARI,56,0.607142857142857,0.6882953340453761,-8.115247690251914
2023,11,BAL,57,0.526315789473684,0.5545084438564484,-2.8192654382764415
2023,11,BUF,68,0.5,0.5824829939314549,-8.248299393145487
2023,11,CAR,51,0.5882352941176473,0.628165998003062,-3.9930703885414753
2023,11,CHI,68,0.39705882352941196,0.5392331989372477,-14.217437540783578
2023,11,CIN,54,0.6666666666666667,0.6772383084451711,-1.0571641778504337
2023,11,CLE,70,0.6000000000000001,0.6839928631271635,-8.399286312716336
2023,11,DAL,65,0.6461538461538463,0.6070721299602435,3.908171619360279
2023,11,DEN,50,0.7000000000000001,0.7174251765012741,-1.7425176501274064
2023,11,DET,57,0.6491228070175437,0.7619989090844205,-11.287610206687681
2023,11,GB,67,0.6119402985074625,0.6005292415841301,1.141105692333233
2023,11,HOU,62,0.6129032258064514,0.6288206341766541,-1.5917408370202724
2023,11,JAX,68,0.5,0.5494264798677142,-4.94264798677142
2023,11,KC,72,0.6666666666666669,0.6786211021244526,-1.195443545778574
2023,11,LA,57,0.5614035087719298,0.651936955096429,-9.053344632449923
2023,11,LAC,59,0.7118644067796611,0.6704103964365136,4.145401034314755
2023,11,LV,57,0.7192982456140353,0.6993919174399292,1.9906328174106092
2023,11,MIA,66,0.6060606060606063,0.5492310126622517,5.682959339835458
2023,11,MIN,68,0.5294117647058824,0.5705813989043236,-4.116963419844122
2023,11,NYG,45,0.6000000000000002,0.5751747608184814,2.48252391815188
2023,11,NYJ,49,0.6938775510204079,0.7286058299395503,-3.472827891914232
2023,11,PHI,46,0.5,0.5571998877693778,-5.719988776937779
2023,11,PIT,53,0.5660377358490567,0.6471088972856414,-8.107116143658466
2023,11,SEA,59,0.661016949152542,0.6182734941021871,4.274345505035493
2023,11,SF,53,0.5094339622641512,0.5340192274383777,-2.4585265174226545
2023,11,TB,62,0.7419354838709675,0.6677391336810203,7.419635018994719
2023,11,TEN,34,0.5294117647058824,0.6650533759418655,-13.564161123598318
2023,11,WAS,73,0.6575342465753429,0.6844480290804824,-2.691378250513954
2023,12,ARI,62,0.7419354838709675,0.7358995781790826,0.6035905691884946
2023,12,ATL,61,0.3934426229508194,0.5562040154806904,-16.276139252987104
2023,12,BAL,65,0.5230769230769231,0.5495498266357642,-2.647290355884113
2023,12,BUF,90,0.6222222222222221,0.6409689779082934,-1.8746755686071315
2023,12,CAR,63,0.5396825396825398,0.664449443892827,-12.476690421028724
2023,12,CHI,62,0.6612903225806449,0.6681503177650513,-0.6859995184406387
2023,12,CIN,36,0.7777777777777779,0.6488088096181552,12.896896815962267
2023,12,CLE,66,0.6666666666666669,0.6876049475236372,-2.093828085697036
2023,12,DAL,51,0.6666666666666667,0.6029087576796026,6.375790898706413
2023,12,DEN,57,0.4210526315789477,0.5297259264870694,-10.867329490812171
2023,12,DET,76,0.6315789473684209,0.7197571069394287,-8.817815957100784
2023,12,GB,54,0.6296296296296295,0.5030628640756563,12.656676555397329
2023,12,HOU,54,0.7777777777777778,0.6928735712060222,8.490420657175557
2023,12,IND,67,0.641791044776119,0.5785395138299286,6.32515309461904
2023,12,JAX,68,0.5735294117647056,0.5732124960597824,0.03169157049232041
2023,12,KC,55,0.672727272727273,0.5528594961897892,11.986777653748371
2023,12,LA,66,0.5151515151515148,0.5415088060227308,-2.6357290871215966
2023,12,LAC,63,0.7619047619047616,0.6942302007523795,6.767456115238213
2023,12,LV,57,0.5964912280701757,0.6695525803064045,-7.306135223622878
2023,12,MIA,65,0.4615384615384615,0.5719471066043927,-11.040864506593124
2023,12,MIN,49,0.6938775510204079,0.7066884676412661,-1.2810916620858204
2023,12,NE,66,0.5303030303030299,0.6299048860867817,-9.96018557837518
2023,12,NO,65,0.6000000000000002,0.7040132247484646,-10.401322474846442
2023,12,NYG,43,0.627906976744186,0.6309942963511446,-0.3087319606958516
2023,12,NYJ,48,0.7916666666666665,0.7470590180406969,4.4607648625969665
2023,12,PHI,62,0.5806451612903227,0.6833521596366359,-10.270699834631314
2023,12,PIT,63,0.5555555555555557,0.6159422241506123,-6.038666859505659
2023,12,SEA,48,0.6041666666666667,0.6346015675614278,-3.0434900894761086
2023,12,SF,62,0.5161290322580648,0.5409142950609805,-2.478526280291571
2023,12,TB,50,0.6399999999999999,0.6766572716832161,-3.6657271683216197
2023,12,TEN,48,0.5625,0.5783041537118454,-1.5804153711845403
2023,12,WAS,71,0.6338028169014087,0.6290996991832492,0.4703117718159566
2023,13,ARI,58,0.4310344827586205,0.5662533134735864,-13.521883071496593
2023,13,ATL,60,0.4500000000000003,0.6441236458718776,-19.412364587187735
2023,13,CAR,66,0.4696969696969701,0.6475207760478512,-17.782380635088106
2023,13,CIN,70,0.5714285714285715,0.5926266123141561,-2.1198040885584635
2023,13,CLE,67,0.6567164179104481,0.6361262533646911,2.0590164545757017
2023,13,DAL,74,0.5810810810810814,0.5744833682437201,0.6597712837361214
2023,13,DEN,55,0.5818181818181817,0.6811209185556932,-9.930273673751156
2023,13,DET,54,0.48148148148148173,0.6082998988804993,-12.681841739901756
2023,13,GB,61,0.6065573770491807,0.519923062598119,8.663431445106163
2023,13,HOU,58,0.5344827586206894,0.5960804159785138,-6.159765735782441
2023,13,IND,65,0.6923076923076925,0.6176982223987579,7.460946990893458
2023,13,JAX,64,0.65625,0.6228878104593605,3.336218954063952
2023,13,KC,58,0.6206896551724135,0.6625958172411753,-4.190616206876186
2023,13,LA,61,0.6065573770491807,0.6213717699417325,-1.481439289255182
2023,13,LAC,59,0.6440677966101694,0.5816855974874253,6.2382199122744115
2023,13,MIA,59,0.4237288135593222,0.5371227491710144,-11.339393561169226
2023,13,NE,57,0.4912280701754388,0.611709716288667,-12.04816461132282
2023,13,NO,64,0.453125,0.6276516919024289,-17.452669190242887
2023,13,NYJ,63,0.6190476190476194,0.712981987567175,-9.393436851955562
2023,13,PHI,67,0.8059701492537312,0.7146990472701059,9.127110198362532
2023,13,PIT,57,0.526315789473684,0.6669574390377915,-14.064164956410751
2023,13,SEA,62,0.6612903225806449,0.6684572401065981,-0.716691752595322
2023,13,SF,54,0.5185185185185184,0.5262496069901519,-0.7731088471633507
2023,13,TB,55,0.5272727272727272,0.5959312512116,-6.865852393887273
2023,13,TEN,74,0.4594594594594594,0.5977859434646529,-13.832648400519348
2023,13,WAS,52,0.5192307692307689,0.6494379098025652,-13.020714057179628
2023,14,ATL,66,0.6363636363636361,0.6850631964026075,-4.869956003897135
2023,14,BAL,69,0.7536231884057973,0.6979886565519416,5.563453185385569
2023,14,BUF,67,0.6716417910447763,0.6131147986917354,5.852699235304093
2023,14,CAR,75,0.5200000000000004,0.6674507121245067,-14.745071212450632
2023,14,CHI,62,0.6129032258064514,0.5733817196000488,3.95215062064026
2023,14,CIN,57,0.47368421052631604,0.5328397444988553,-5.915553397253925
2023,14,CLE,70,0.642857142857143,0.5834444269537926,5.94127159033504
2023,14,DAL,71,0.5633802816901412,0.5649977135931101,-0.16174319029689244
2023,14,DEN,61,0.5573770491803277,0.5588098814497228,-0.14328322693950568
2023,14,DET,59,0.593220338983051,0.7344614709332837,-14.12411319502327
2023,14,GB,65,0.6153846153846158,0.6673529005967653,-5.196828521214957
2023,14,HOU,47,0.5957446808510636,0.7078948870618292,-11.215020621076565
2023,14,IND,57,0.7192982456140353,0.6810500446641654,3.8248200949869915
2023,14,JAX,70,0.7571428571428575,0.7074051143867629,4.973774275609455
2023,14,KC,61,0.7213114754098361,0.6547138883930738,6.659758701676233
2023,14,LA,71,0.5915492957746479,0.625093925377013,-3.354462960236515
2023,14,LAC,61,0.6885245901639342,0.6899703582290743,-0.1445768065140074
2023,14,LV,49,0.6530612244897958,0.6448364563438357,0.8224768145960071
2023,14,MIA,64,0.5625,0.6066055435221642,-4.410554352216423
2023,14,MIN,66,0.6212121212121213,0.6562130608680573,-3.500093965593598
2023,14,NE,53,0.5660377358490567,0.5423425299660215,2.3695205883035197
2023,14,NO,49,0.5306122448979591,0.5544399606938264,-2.382771579586729
2023,14,NYG,54,0.5,0.5522248540763502,-5.222485407635025
2023,14,NYJ,61,0.6229508196721314,0.56057232270231,6.237849696982134
2023,14,PHI,51,0.5490196078431374,0.6601226546016394,-11.110304675850202
2023,14,PIT,64,0.640625,0.6757096995133907,-3.508469951339066
2023,14,SEA,52,0.653846153846154,0.6381357008448014,1.5710453001352542
2023,14,SF,49,0.5714285714285716,0.5700123297924897,0.1416241636081894
2023,14,TB,66,0.4545454545454543,0.6374789250619483,-18.293347051649395
2023,14,TEN,67,0.6119402985074625,0.6841511761964256,-7.221087768896317
2023,15,ARI,70,0.6142857142857145,0.6937439260738237,-7.9458211788109185
2023,15,ATL,50,0.42000000000000004,0.6174178338050842,-19.741783380508416
2023,15,BAL,66,0.42424242424242453,0.4729647761436576,-4.872235190123309
2023,15,BUF,61,0.2950819672131148,0.46896543213334246,-17.388346492022766
2023,15,CAR,57,0.4385964912280701,0.6406322074563878,-20.203571622831774
2023,15,CHI,67,0.6268656716417907,0.6708195004890213,-4.395382884723054
2023,15,CIN,62,0.6774193548387095,0.6528229833610596,2.4596371477649925
2023,15,CLE,63,0.7142857142857145,0.6633227652027494,5.096294908296517
2023,15,DAL,54,0.7037037037037034,0.7069583706281803,-0.32546669244769566
2023,15,DEN,59,0.5593220338983053,0.6342338406938618,-7.4911806795556535
2023,15,DET,62,0.5483870967741932,0.5157058247995954,3.2681271974597803
2023,15,GB,55,0.7090909090909092,0.6766733825206757,3.2417526570233557
2023,15,HOU,68,0.5294117647058824,0.6849542641464401,-15.554249944055776
2023,15,IND,61,0.47540983606557397,0.5307705759635715,-5.53607398979975
2023,15,JAX,60,0.7833333333333334,0.7360641176501911,4.726921568314236
2023,15,KC,55,0.6909090909090906,0.5637497449463064,12.715934596278423
2023,15,LA,71,0.4788732394366195,0.5368618529919587,-5.798861355533913
2023,15,LAC,60,0.5499999999999998,0.711457663277785,-16.14576632777852
2023,15,LV,62,0.5806451612903227,0.5040408280347625,7.660433325556026
2023,15,MIA,52,0.5,0.5980502326901144,-9.805023269011437
2023,15,MIN,64,0.5625,0.5342845690902323,2.8215430909767747
2023,15,NE,47,0.6595744680851067,0.6879343472896738,-2.8359879204567173
2023,15,NO,54,0.5370370370370373,0.5494972591598828,-1.2460222122845477
2023,15,NYG,53,0.7358490566037735,0.772763303990634,-3.6914247386860444
2023,15,NYJ,49,0.7551020408163266,0.7234833873048121,3.1618653511514494
2023,15,PHI,69,0.5362318840579711,0.6196622492178626,-8.343036515989155
2023,15,PIT,50,0.5200000000000004,0.6595332330465318,-13.953323304653143
2023,15,SEA,56,0.5892857142857145,0.6740257332899742,-8.474001900425964
2023,15,SF,51,0.5294117647058825,0.5245975350924568,0.48142296134257023
2023,15,TB,53,0.5283018867924526,0.5777282415766201,-4.9426354784167454
2023,15,TEN,56,0.517857142857143,0.6367937720247678,-11.893662916762482
2023,15,WAS,57,0.701754385964912,0.7096927448322898,-0.7938358867377815
2023,16,ARI,58,0.6896551724137928,0.7745572482717449,-8.490207585795206
2023,16,ATL,62,0.5322580645161294,0.5508533093717791,-1.8595244855649673
2023,16,BAL,60,0.6166666666666664,0.5533930506246786,6.327361604198778
2023,16,BUF,51,0.4313725490196077,0.6009902997928508,-16.961775077324308
2023,16,CAR,61,0.6065573770491807,0.6624403998988574,-5.588302284967672
2023,16,CHI,66,0.4848484848484852,0.52530842059941,-4.045993575092477
2023,16,CIN,59,0.7288135593220337,0.6668834504434618,6.193010887857198
2023,16,CLE,76,0.5921052631578952,0.5664302562608532,2.567500689704205
2023,16,DAL,56,0.607142857142857,0.5896037388592958,1.753911828356114
2023,16,DEN,61,0.6393442622950816,0.6753447920572563,-3.6000529762174716
2023,16,DET,74,0.5405405405405407,0.5451703597162222,-0.46298191756815044
2023,16,GB,62,0.46774193548387094,0.5629114491804954,-9.516951369662447
2023,16,HOU,65,0.769230769230769,0.7928502298318423,-2.3619460601073228
2023,16,IND,61,0.6557377049180325,0.6709809002817655,-1.5243195363732975
2023,16,JAX,59,0.8474576271186443,0.7324429098832406,11.50147172354037
2023,16,KC,70,0.7714285714285712,0.7251814552715847,4.624711615698651
2023,16,LA,65,0.5230769230769231,0.5407062929410201,-1.7629369864097022
2023,16,LAC,60,0.5666666666666669,0.5993281858662765,-3.266151919960958
2023,16,LV,48,0.4375,0.5170025936483096,-7.950259364830958
2023,16,MIA,61,0.6065573770491807,0.6006840169429779,0.5873360106202763
2023,16,MIN,46,0.782608695652174,0.7332898527383804,4.931884291379351
2023,16,NE,53,0.6226415094339625,0.6483204839926846,-2.5678974558722145
2023,16,NO,56,0.75,0.7317916692367622,1.82083307632378
2023,16,NYG,57,0.5614035087719298,0.6563107151734202,-9.490720640149043
2023,16,NYJ,85,0.5999999999999999,0.5878167486366103,1.2183251363389602
2023,16,PHI,73,0.5479452054794519,0.572639695381465,-2.469448990201306
2023,16,PIT,57,0.4912280701754388,0.4752333957636565,1.5994674411782317
2023,16,SEA,56,0.6607142857142855,0.6940472322915282,-3.333294657724273
2023,16,SF,64,0.734375,0.7346877227537334,-0.03127227537333965
2023,16,TB,68,0.5441176470588232,0.5654163423596937,-2.1298695300870585
2023,16,TEN,57,0.4912280701754388,0.597272758421145,-10.604468824570624
2023,16,WAS,57,0.6315789473684209,0.640018348631106,-0.8439401262685053
2023,17,ARI,71,0.46478873239436613,0.5839650845023947,-11.917635210802857
2023,17,ATL,57,0.6491228070175437,0.6912929687583655,-4.217016174082189
2023,17,BAL,52,0.48076923076923106,0.5074490281538321,-2.6679797384601023
2023,17,BUF,65,0.5076923076923077,0.5403997993239991,-3.27074916316914
2023,17,CAR,47,0.7021276595744681,0.7366409308098733,-3.451327123540515
2023,17,CHI,69,0.5072463768115946,0.5485881258450126,-4.134174903341803
2023,17,CIN,65,0.5846153846153849,0.6146432970578853,-3.002791244250047
2023,17,CLE,57,0.5087719298245612,0.5287047271665773,-1.993279734201614
2023,17,DAL,58,0.6551724137931036,0.5841783475259255,7.099406626717819
2023,17,DEN,63,0.5396825396825398,0.5436906069517136,-0.40080672691737984
2023,17,DET,64,0.515625,0.6511223861016333,-13.549738610163331
2023,17,GB,71,0.4788732394366195,0.4515733323256734,2.72999071109461
2023,17,HOU,60,0.5499999999999998,0.5009560199454428,4.904398005455701
2023,17,IND,51,0.4705882352941176,0.5213602772530388,-5.077204195892121
2023,17,JAX,55,0.4727272727272728,0.5675915325229818,-9.4864259795709
2023,17,KC,49,0.6326530612244898,0.6120274325414579,2.062562868303197
2023,17,LA,56,0.607142857142857,0.5531633493623562,5.397950778050076
2023,17,LAC,61,0.6065573770491807,0.7084184293864203,-10.186105233723964
2023,17,LV,72,0.6527777777777775,0.6753039571146171,-2.2526179336839647
2023,17,MIA,64,0.640625,0.7094262228347361,-6.880122283473611
2023,17,MIN,47,0.7234042553191488,0.7302117160660155,-0.6807460746866778
2023,17,NE,49,0.5714285714285716,0.5782097657116092,-0.6781194283037584
2023,17,NO,66,0.5151515151515148,0.560853347916043,-4.570183276452822
2023,17,NYG,61,0.7213114754098361,0.6972125758890245,2.4098899520811567
2023,17,NYJ,66,0.7272727272727274,0.7307050239407656,-0.3432296668038237
2023,17,PHI,47,0.5319148936170216,0.6626909495668208,-13.077605594979925
2023,17,PIT,69,0.36231884057970987,0.522103162833314,-15.978432225360418
2023,17,SEA,48,0.75,0.7098808406541746,4.011915934582544
2023,17,SF,65,0.446153846153846,0.4864396984187455,-4.02858522648995
2023,17,TB,48,0.7083333333333334,0.740157101303339,-3.1823767970005634
2023,17,TEN,47,0.5531914893617024,0.7026133936770419,-14.942190431533952
2023,17,WAS,42,0.6666666666666666,0.6249997484542075,4.166691821245916
2023,18,ARI,68,0.45588235294117674,0.6023063195102354,-14.642396656905865
2023,18,ATL,59,0.593220338983051,0.6737529132830895,-8.053257430003846
2023,18,BAL,52,0.653846153846154,0.7341213134618906,-8.02751596157366
2023,18,BUF,72,0.5833333333333333,0.5744533465347358,0.8879986798597472
2023,18,CAR,47,0.4255319148936172,0.6581114175471854,-23.25795026535682
2023,18,CHI,41,0.4634146341463416,0.6225064516794391,-15.909181753309747
2023,18,CIN,58,0.5172413793103446,0.5261967109580491,-0.8955331647704456
2023,18,CLE,49,0.5918367346938773,0.7541779115491984,-16.234117685532112
2023,18,DAL,69,0.5797101449275359,0.510467617408089,6.924252751944692
2023,18,DEN,53,0.6603773584905662,0.6702267204253178,-0.984936193475161
2023,18,DET,55,0.5818181818181817,0.48266271874308586,9.915546307509581
2023,18,GB,57,0.5789473684210523,0.5278602982952929,5.108707012575941
2023,18,HOU,54,0.5370370370370373,0.5524933833490918,-1.5456346312054503
2023,18,IND,62,0.4193548387096772,0.658030278980732,-23.867544027105474
2023,18,JAX,66,0.6818181818181819,0.6873087720437483,-0.5490590225566416
2023,18,KC,57,0.5964912280701757,0.6550916564046292,-5.860042833445345
2023,18,LA,60,0.4833333333333333,0.5956269572178523,-11.229362388451902
2023,18,LAC,77,0.7012987012987018,0.6475752921073467,5.37234091913551
2023,18,LV,60,0.5333333333333334,0.5627024599661429,-2.936912663280944
2023,18,MIA,47,0.5957446808510636,0.6676964690076544,-7.195178815659087
2023,18,MIN,66,0.6818181818181819,0.722335422129342,-4.051724031116011
2023,18,NE,51,0.6274509803921572,0.7061104111227334,-7.865943073057624
2023,18,NO,63,0.44444444444444425,0.5343104186985229,-8.986597425407867
2023,18,NYG,64,0.609375,0.47254137991694734,13.683362008305266
2023,18,NYJ,63,0.3174603174603173,0.5601204738967004,-24.266015643638312
2023,18,PHI,60,0.6333333333333336,0.6876400406161944,-5.4306707282860796
2023,18,PIT,58,0.3448275862068964,0.5679191639968032,-22.30915777899068
2023,18,SEA,54,0.5740740740740738,0.6654454102670704,-9.137133619299654
2023,18,SF,54,0.5,0.61525901020677,-11.525901020676999
2023,18,TB,58,0.5862068965517241,0.5905681598032342,-0.43612632515100946
2023,18,TEN,50,0.5400000000000003,0.553065332621336,-1.306533262133569
2023,18,WAS,44,0.6590909090909092,0.5728614455596968,8.622946353121241
2023,19,BUF,63,0.5079365079365079,0.5152717825202716,-0.7335274583763707
2023,19,CLE,66,0.7272727272727274,0.680658479531606,4.6614247741121435
2023,19,DAL,87,0.7586206896551723,0.7420444293268795,1.6576260328292736
2023,19,DET,49,0.5510204081632656,0.5638981120926994,-1.287770392943377
2023,19,GB,53,0.39622641509433953,0.44620018076362483,-4.99737656692853
2023,19,HOU,41,0.5365853658536582,0.5532086458874912,-1.6623280033832954
2023,19,KC,75,0.5733333333333329,0.5748207900424797,-0.14874567091467394
2023,19,LA,53,0.6792452830188678,0.6106072518060792,6.863803121278855
2023,19,MIA,57,0.7368421052631581,0.7177244168624544,1.9117688400703714
2023,19,PHI,51,0.7058823529411766,0.7096180988877427,-0.3735745946566116
2023,19,PIT,61,0.6557377049180325,0.7044121298145075,-4.8674424896475
2023,19,TB,65,0.5846153846153849,0.46887476467169237,11.57406199436925
2023,20,BAL,64,0.421875,0.48626137350220233,-6.438637350220233
2023,20,BUF,78,0.5897435897435898,0.6298869143311793,-4.014332458758951
2023,20,DET,65,0.6769230769230772,0.5118660564606007,16.50570204624765
2023,20,GB,62,0.5806451612903227,0.5583553895834954,2.2289771706827333
2023,20,HOU,46,0.7608695652173911,0.702108102000278,5.8761463217113175
2023,20,KC,43,0.5813953488372094,0.5159032570068226,6.549209183038684
2023,20,SF,61,0.6557377049180325,0.665459468960762,-0.9721764042729508
2023,20,TB,57,0.7719298245614036,0.7018041861684698,7.012563839293373
2023,21,BAL,52,0.8076923076923078,0.6888098911597178,11.888241653259001
2023,21,DET,70,0.585714285714286,0.6423518857785633,-5.663760006427731
2023,21,KC,68,0.6176470588235297,0.6051238940700013,1.2523164753528326
2023,21,SF,62,0.5483870967741932,0.5578830690393526,-0.9495972265159414
2023,22,KC,76,0.6842105263157895,0.6686654255578391,1.5545100757950348
2023,22,SF,69,0.5942028985507246,0.589854326369106,0.43485721816186595
2024,1,ARI,56,0.607142857142857,0.6532555233154979,-4.6112666172640875
2024,1,ATL,47,0.5319148936170216,0.658134899874951,-12.62200062579294
2024,1,BAL,73,0.6986301369863016,0.7479106310295732,-4.928049404327162
2024,1,BUF,55,0.5090909090909089,0.5931210013953121,-8.403009230440317
2024,1,CAR,51,0.6862745098039216,0.7862270427685158,-9.995253296459428
2024,1,CHI,50,0.6399999999999999,0.6225068873167039,1.7493112683296008
2024,1,CIN,45,0.7111111111111111,0.6271030541923311,8.400805691877999
2024,1,CLE,64,0.78125,0.7809694483876228,0.028055161237716675
2024,1,DAL,56,0.5714285714285716,0.5866320870284524,-1.5203515599880757
2024,1,DEN,67,0.7014925373134329,0.7183236479759216,-1.6831110662488769
2024,1,DET,59,0.49152542372881386,0.5791928941162967,-8.766747038748285
2024,1,GB,57,0.6140350877192985,0.6413970756949039,-2.7361987975605406
2024,1,HOU,71,0.4788732394366195,0.5495131070345222,-7.063986759790264
2024,1,IND,42,0.5238095238095238,0.6578876542903128,-13.407813048078898
2024,1,JAX,47,0.46808510638297846,0.5720047161300131,-10.391960974703467
2024,1,KC,47,0.6170212765957446,0.5508290117091321,6.619226488661245
2024,1,LA,72,0.6805555555555557,0.6427346097512378,3.782094580431794
2024,1,LAC,51,0.5294117647058825,0.6158941747511134,-8.648241004523094
2024,1,LV,55,0.6545454545454548,0.6590605630116029,-0.451510846614811
2024,1,MIA,62,0.6129032258064514,0.6810433941502725,-6.814016834382109
2024,1,MIN,49,0.5102040816326532,0.5073027622943023,0.2901319338350916
2024,1,NE,60,0.46666666666666656,0.5387316730494301,-7.206500638276358
2024,1,NO,61,0.40983606557377034,0.5076529936956578,-9.78169281218874
2024,1,NYG,63,0.6984126984126986,0.7669378670435103,-6.852516863081171
2024,1,NYJ,49,0.6326530612244898,0.6922913211949018,-5.963825997041194
2024,1,PHI,71,0.5070422535211269,0.5349241475194274,-2.7881893998300544
2024,1,PIT,64,0.4375,0.5473128187004477,-10.981281870044768
2024,1,SEA,56,0.48214285714285693,0.5496259891827192,-6.748313203986228
2024,1,SF,66,0.4545454545454543,0.5836512658632161,-12.910581131776183
2024,1,TB,58,0.5689655172413796,0.5629351926517896,0.6030324589589964
2024,1,TEN,58,0.6034482758620686,0.648929860057502,-4.548158419543336
2024,1,WAS,54,0.5925925925925929,0.6225404077106051,-2.9947815118012255
2024,2,ARI,61,0.40983606557377034,0.465818389517362,-5.598232394359165
2024,2,ATL,56,0.5535714285714284,0.650784196332097,-9.721276776066867
2024,2,BAL,59,0.5762711864406778,0.6966191838353366,-12.034799739465885
2024,2,BUF,42,0.4761904761904761,0.4983092381929357,-2.2118762002459604
2024,2,CAR,44,0.6136363636363638,0.7482366677034985,-13.460030406713475
2024,2,CHI,59,0.694915254237288,0.7138017655934318,-1.8886511356143831
2024,2,CIN,58,0.6551724137931036,0.5535509707727309,10.16214430203728
2024,2,CLE,63,0.5714285714285716,0.529377047593395,4.205152383517663
2024,2,DAL,62,0.6774193548387095,0.7339642749678703,-5.654492012916079
2024,2,DEN,54,0.6851851851851852,0.7381539190257037,-5.296873384051848
2024,2,DET,82,0.695121951219512,0.7160506542862916,-2.092870306677952
2024,2,GB,67,0.2537313432835822,0.5646659230340771,-31.093457975049493
2024,2,HOU,57,0.6315789473684209,0.6237413511987318,0.7837596169689154
2024,2,IND,51,0.6862745098039216,0.7465769765423793,-6.030246673845774
2024,2,JAX,50,0.6200000000000002,0.6722641551494599,-5.22641551494597
2024,2,KC,58,0.5172413793103446,0.5996200776305691,-8.237869832022449
2024,2,LA,47,0.5744680851063829,0.7247838425509473,-15.031575744456438
2024,2,LAC,61,0.34426229508196743,0.4907036052375544,-14.644131015558697
2024,2,LV,54,0.7037037037037034,0.6159150012665324,8.778870243717096
2024,2,MIA,73,0.5753424657534247,0.7397832645945353,-16.44407988411105
2024,2,MIN,47,0.5744680851063829,0.5441356447148831,3.033244039149985
2024,2,NE,63,0.4603174603174602,0.5851172225342857,-12.479976221682548
2024,2,NO,52,0.30769230769230765,0.45453708461270875,-14.68447769204011
2024,2,NYG,52,0.596153846153846,0.6958784862206532,-9.972464006680715
2024,2,NYJ,53,0.5849056603773584,0.571510170990566,1.3395489386792359
2024,2,PHI,67,0.5074626865671642,0.5888145564874605,-8.135186992029631
2024,2,PIT,56,0.4285714285714284,0.6052304892135516,-17.665906064212322
2024,2,SEA,61,0.7213114754098361,0.6115772543383425,10.973422107149355
2024,2,SF,61,0.6229508196721314,0.7004148324982065,-7.746401282607507
2024,2,TB,41,0.5365853658536582,0.5302811838323023,0.6304182021355964
2024,2,TEN,56,0.5535714285714284,0.6770044730177948,-12.343304444636638
2024,2,WAS,62,0.5322580645161294,0.6144876544994693,-8.222958998333985
2024,3,ARI,52,0.6923076923076924,0.705609272305782,-1.3301579998089563
2024,3,ATL,53,0.5471698113207546,0.6647729331030036,-11.760312178224897
2024,3,BAL,58,0.29310344827586227,0.5201967687442386,-22.709332046837634
2024,3,BUF,59,0.593220338983051,0.5813883179325169,1.1832021050534158
2024,3,CAR,67,0.5671641791044778,0.5229830936487042,4.418108545577359
2024,3,CHI,80,0.65,0.6946186309680342,-4.46186309680342
2024,3,CIN,59,0.6779661016949152,0.6893046657412739,-1.133856404635869
2024,3,CLE,55,0.7272727272727273,0.6935205275362188,3.375219973650845
2024,3,DAL,69,0.782608695652174,0.7496901508690654,3.2918544783108517
2024,3,DEN,63,0.6190476190476194,0.5155334487143491,10.351417033327026
2024,3,DET,64,0.375,0.5302915314678103,-15.529153146781027
2024,3,GB,56,0.39285714285714307,0.5214453820205693,-12.858823916342626
2024,3,HOU,57,0.8070175438596492,0.7615516363528737,4.546590750677549
2024,3,IND,50,0.42000000000000004,0.6031822089850903,-18.31822089850903
2024,3,JAX,63,0.7460317460317457,0.717976263946011,2.8055482085734718
2024,3,KC,69,0.6086956521739126,0.5424693719200467,6.6226280253865895
2024,3,LA,52,0.5,0.6493834721354338,-14.938347213543379
2024,3,LAC,40,0.5,0.6712370395660401,-17.123703956604007
2024,3,LV,57,0.7543859649122806,0.7666092368594387,-1.222327194715811
2024,3,MIA,50,0.6599999999999999,0.6530950114130973,0.6904988586902583
2024,3,MIN,55,0.5090909090909089,0.5097230846231635,-0.06321755322545863
2024,3,NE,41,0.6829268292682927,0.7672098744206313,-8.428304515233853
2024,3,NO,54,0.5,0.6314214788101338,-13.142147881013377
2024,3,NYG,64,0.578125,0.5548011602950282,2.332383970497176
2024,3,NYJ,68,0.5588235294117648,0.5660659813267342,-0.7242451914969417
2024,3,PHI,61,0.6721311475409835,0.6728820676197771,-0.07509200787936265
2024,3,PIT,61,0.5409836065573769,0.6245683538498449,-8.358474729246801
2024,3,SEA,55,0.6181818181818185,0.5077949942512945,11.038682393052401
2024,3,SF,64,0.578125,0.576454303227365,0.1670696772634983
2024,3,TB,49,0.6734693877551022,0.6982915191626062,-2.4822131407504
2024,3,TEN,45,0.8000000000000002,0.6964538438452614,10.354615615473872
2024,3,WAS,53,0.5283018867924526,0.4844686737600362,4.3833213032416385
2024,4,ARI,54,0.4259259259259261,0.6805923106493773,-25.46663847234512
2024,4,ATL,50,0.7000000000000001,0.6323582676053048,6.764173239469528
2024,4,BAL,53,0.358490566037736,0.4964370637569788,-13.794649771924284
2024,4,BUF,54,0.6296296296296295,0.6390096327220952,-0.9380003092465672
2024,4,CAR,69,0.6231884057971014,0.6407289021257041,-1.7540496328602662
2024,4,CHI,49,0.46938775510204095,0.573105053938165,-10.371729883612407
2024,4,CIN,62,0.5161290322580648,0.5711576389449258,-5.502860668686093
2024,4,CLE,54,0.7222222222222223,0.6738148334401626,4.840738878205975
2024,4,DAL,49,0.5510204081632656,0.5429701718444726,0.805023631879298
2024,4,DEN,54,0.48148148148148173,0.6364017769142434,-15.492029543276164
2024,4,DET,45,0.42222222222222205,0.47918566734426554,-5.696344512204349
2024,4,GB,74,0.7567567567567569,0.7561055015067797,0.06512552499772228
2024,4,HOU,66,0.6666666666666669,0.716560497879982,-4.989383121331514
2024,4,IND,61,0.5081967213114751,0.5901100435217873,-8.191332221031223
2024,4,JAX,56,0.607142857142857,0.5730128932212081,3.412996392164891
2024,4,KC,52,0.596153846153846,0.6393665035183614,-4.32126573645154
2024,4,LA,55,0.5454545454545457,0.6151837424798445,-6.972919702529879
2024,4,LAC,51,0.5294117647058825,0.6037418237503838,-7.4330059044501295
2024,4,LV,51,0.4705882352941176,0.5908010601997375,-12.021282490561996
2024,4,MIA,53,0.47169811320754745,0.7055404422418127,-23.384232903426522
2024,4,MIN,59,0.5254237288135595,0.43630819382556424,8.911553498799524
2024,4,NE,56,0.5892857142857145,0.6988957838288374,-10.96100695431229
2024,4,NO,69,0.5362318840579711,0.6251087704862373,-8.88768864282662
2024,4,NYG,63,0.6349206349206352,0.6873257536263693,-5.240511870573405
2024,4,NYJ,65,0.707692307692308,0.6540953253324215,5.359698235988642
2024,4,PHI,49,0.6326530612244898,0.6596960026998909,-2.7042941475401094
2024,4,PIT,63,0.5873015873015875,0.7085022098488278,-12.12006225472403
2024,4,SEA,76,0.7894736842105264,0.7111155684841306,7.835811572639583
2024,4,SF,58,0.5,0.5118323127128953,-1.183231271289531
2024,4,TB,71,0.6760563380281694,0.5231797857813433,15.287655224682617
2024,4,TEN,60,0.3500000000000002,0.5563758244117102,-20.637582441171
2024,4,WAS,68,0.5441176470588232,0.5071366120348959,3.6981035023927245
2024,5,ARI,55,0.5818181818181817,0.6646817938847975,-8.286361206661585
2024,5,ATL,75,0.7600000000000002,0.7299329713980357,3.006702860196453
2024,5,BAL,75,0.6133333333333333,0.6330020654201507,-1.9668732086817409
2024,5,BUF,58,0.5862068965517241,0.6849111632026476,-9.870426665092346
2024,5,CAR,54,0.6851851851851852,0.745215519434876,-6.0030334249690736
2024,5,CHI,66,0.5303030303030299,0.556529767133973,-2.622673683094301
2024,5,CIN,63,0.6349206349206352,0.5699216851166315,6.4998949804003665
2024,5,CLE,52,0.6153846153846156,0.6947151541423339,-7.933053875771822
2024,5,DAL,73,0.5890410958904112,0.6268691259295973,-3.782803003918611
2024,5,DEN,51,0.5490196078431374,0.5500031240722711,-0.09835162291337296
2024,5,GB,54,0.5,0.5671630374811314,-6.716303748113139
2024,5,HOU,66,0.6212121212121213,0.6542950830224787,-3.3082961810357414
2024,5,IND,64,0.71875,0.6554129342548549,6.333706574514508
2024,5,JAX,57,0.5964912280701757,0.5927702355803104,0.3720992489865349
2024,5,KC,75,0.5599999999999999,0.5572656544049582,0.27343455950417095
2024,5,LA,74,0.6081081081081079,0.6360182049306664,-2.7910096822558517
2024,5,LV,63,0.6190476190476194,0.6773027122493774,-5.8255093201758035
2024,5,MIA,73,0.46575342465753444,0.6089864223174852,-14.32329976599508
2024,5,MIN,60,0.5499999999999998,0.5617741987109184,-1.177419871091856
2024,5,NE,52,0.653846153846154,0.7063760605569069,-5.252990671075297
2024,5,NO,50,0.7399999999999999,0.7018457648158074,3.8154235184192475
2024,5,NYG,67,0.5373134328358207,0.5401702847943377,-0.2856851958517037
2024,5,NYJ,68,0.7941176470588234,0.7327448747613851,6.137277229743832
2024,5,PIT,54,0.5185185185185184,0.5525104157902576,-3.3991897271739235
2024,5,SEA,51,0.8627450980392156,0.7613064693469627,10.143862869225295
2024,5,SF,61,0.6393442622950816,0.6106435251040537,2.8700737191027836
2024,5,TB,49,0.5918367346938773,0.5064721613058023,8.536457338807502
2024,5,WAS,62,0.5322580645161294,0.5944178651177112,-6.215980060158177
2024,6,ARI,55,0.6545454545454548,0.7229968685995448,-6.845141405409006
2024,6,ATL,65,0.4615384615384615,0.5051024556159973,-4.356399407753581
2024,6,BAL,61,0.45901639344262324,0.5352749913686612,-7.625859792603795
2024,6,BUF,55,0.5090909090909089,0.5961645232005552,-8.707361410964632
2024,6,CAR,62,0.6451612903225808,0.7014779453316042,-5.631665500902338
2024,6,CHI,55,0.5636363636363634,0.556802091815255,0.6834271821108406
2024,6,CIN,46,0.652173913043478,0.5541314905428367,9.804242250064132
2024,6,CLE,48,0.5208333333333333,0.6330027266715963,-11.216939333826303
2024,6,DAL,61,0.737704918032787,0.7259445029204009,1.1760415112386124
2024,6,DEN,52,0.7692307692307692,0.7738968414755968,-0.4666072244827624
2024,6,DET,61,0.47540983606557397,0.5084165166758123,-3.300668061023837
2024,6,GB,68,0.5147058823529407,0.5335733336670435,-1.8867451314102834
2024,6,HOU,59,0.5593220338983053,0.5563280776900761,0.2993956208229176
2024,6,IND,66,0.5909090909090906,0.5922564251179046,-0.1347334208813944
2024,6,JAX,56,0.7142857142857144,0.7083042519433158,0.5981462342398602
2024,6,LAC,69,0.5072463768115946,0.5195219828814699,-1.2275606069875322
2024,6,LV,60,0.6833333333333331,0.7013568669557572,-1.8023533622424037
2024,6,NE,59,0.6440677966101694,0.7607460592762899,-11.667826266612046
2024,6,NO,61,0.7049180327868851,0.7081817593730864,-0.3263726586201221
2024,6,NYG,69,0.5942028985507246,0.5924152947854304,0.17876037652941879
2024,6,NYJ,56,0.625,0.6670195066503116,-4.201950665031163
2024,6,PHI,57,0.4385964912280701,0.5670957973128872,-12.849930608481708
2024,6,PIT,58,0.5172413793103446,0.5576078868631658,-4.036650755282112
2024,6,SEA,71,0.7183098591549294,0.7692211144407031,-5.091125528577367
2024,6,SF,61,0.5081967213114751,0.5281143026029479,-1.9917581291472808
2024,6,TB,72,0.5555555555555556,0.5561442748229538,-0.058871926739823
2024,6,TEN,55,0.5454545454545457,0.6366388906132092,-9.118434515866348
2024,6,WAS,53,0.7358490566037735,0.6691368430290582,6.671221357471535
2024,7,ARI,53,0.5471698113207546,0.558209276705418,-1.1039465384663383
2024,7,ATL,67,0.5373134328358207,0.654108929545132,-11.679549670931133
2024,7,BAL,52,0.48076923076923106,0.5463507782596236,-6.558154749039257
2024,7,BUF,53,0.641509433962264,0.539218470454216,10.2290963508048
2024,7,CAR,40,0.47500000000000014,0.5813094127923251,-10.630941279232491
2024,7,CIN,47,0.5319148936170216,0.5914622657001019,-5.954737208308025
2024,7,CLE,73,0.7260273972602738,0.6886936481276604,3.7333749132613336
2024,7,DEN,59,0.5593220338983053,0.5603993691630281,-0.10773352647228673
2024,7,DET,50,0.5,0.6141438728570938,-11.414387285709381
2024,7,GB,53,0.6226415094339625,0.6363290978490181,-1.3687588415055685
2024,7,HOU,54,0.46296296296296274,0.6101778560766468,-14.721489311368401
2024,7,IND,60,0.4833333333333333,0.5972441144287586,-11.39107810954253
2024,7,JAX,60,0.3666666666666665,0.48930533304810514,-12.263866638143867
2024,7,KC,64,0.46875,0.49731387273641303,-2.856387273641303
2024,7,LA,49,0.46938775510204095,0.5462243327376795,-7.6836577635638506
2024,7,LAC,60,0.6666666666666667,0.6504164643585681,1.6250202308098594
2024,7,LV,73,0.602739726027397,0.7105502902644953,-10.781056423709835
2024,7,MIA,65,0.446153846153846,0.660330618574069,-21.417677242022304
2024,7,MIN,49,0.6734693877551022,0.6521789985043662,2.129038925073601
2024,7,NE,53,0.7735849056603773,0.7363144592294153,3.7270446430962
2024,7,NO,59,0.7118644067796611,0.7252259893437564,-1.3361582564095253
2024,7,NYG,46,0.6739130434782608,0.7222690394391185,-4.835599596085771
2024,7,NYJ,55,0.7272727272727273,0.6409179370511662,8.635479022156112
2024,7,PHI,59,0.30508474576271194,0.4878033276457907,-18.271858188307878
2024,7,PIT,65,0.4615384615384615,0.5490792893732971,-8.754082783483558
2024,7,SEA,55,0.5818181818181817,0.5973299485715953,-1.5511766753413592
2024,7,SF,56,0.6607142857142855,0.6762231936944382,-1.5508907980152697
2024,7,TB,76,0.6710526315789477,0.6928667030052135,-2.181407142626579
2024,7,TEN,63,0.6349206349206352,0.6437195546570278,-0.8798919736392574
2024,7,WAS,60,0.4500000000000003,0.5543241912499072,-10.432419124990687
2024,8,ARI,62,0.5967741935483868,0.6248791876339144,-2.810499408552758
2024,8,ATL,58,0.5172413793103446,0.5714154754090925,-5.41740960987479
2024,8,BAL,57,0.6666666666666667,0.6667798822909071,-0.011321562424038145
2024,8,BUF,65,0.553846153846154,0.5563684222216789,-0.25222683755249387
2024,8,CAR,58,0.6896551724137928,0.72715580720326,-3.750063478946719
2024,8,CHI,58,0.5172413793103446,0.6411737041740582,-12.393232486371353
2024,8,CIN,56,0.6964285714285716,0.6182372093732867,7.819136205528487
2024,8,CLE,65,0.6461538461538463,0.5991902670034996,4.696357915034666
2024,8,DAL,56,0.6785714285714284,0.720742325165442,-4.217089659401363
2024,8,DEN,69,0.5797101449275359,0.52445483704408,5.5255307883455895
2024,8,DET,43,0.44186046511627897,0.4815110744431962,-3.965060932691722
2024,8,GB,63,0.4603174603174602,0.607489482514442,-14.717202219698184
2024,8,HOU,66,0.5606060606060606,0.5513972452644145,0.9208815341646082
2024,8,IND,56,0.5892857142857145,0.6651922389864922,-7.590652470077764
2024,8,JAX,55,0.6000000000000002,0.6755722436037931,-7.557224360379289
2024,8,KC,63,0.6349206349206352,0.6049094434295382,3.001119149109699
2024,8,LA,63,0.5396825396825398,0.5844441045607839,-4.4761564878244116
2024,8,LAC,60,0.5833333333333331,0.5466263182461262,3.6707015087206973
2024,8,LV,48,0.6041666666666667,0.709408466393749,-10.524179972708225
2024,8,MIA,63,0.6190476190476194,0.6238980754500344,-0.4850456402414993
2024,8,MIN,46,0.5652173913043479,0.5973900346004444,-3.217264329609648
2024,8,NE,62,0.5645161290322581,0.6587954682688558,-9.42793392365977
2024,8,NO,63,0.6984126984126986,0.7344286678329347,-3.6015969420236105
2024,8,NYG,64,0.625,0.7516102814115584,-12.661028141155839
2024,8,NYJ,57,0.5087719298245612,0.5652269611233158,-5.645503129875462
2024,8,PHI,59,0.35593220338983056,0.5042376227803148,-14.830541939048425
2024,8,PIT,57,0.4912280701754388,0.5764207100136239,-8.519263983818515
2024,8,SEA,45,0.6888888888888889,0.6557857321368323,3.310315675205655
2024,8,SF,61,0.5081967213114751,0.5956828386568633,-8.748611734538825
2024,8,TB,70,0.7142857142857145,0.6903751328587532,2.391058142696134
2024,8,TEN,70,0.585714285714286,0.6378016693251474,-5.208738361086141
2024,8,WAS,70,0.6285714285714289,0.6334001790199961,-0.48287504485672317
2024,9,ARI,54,0.37037037037037046,0.5053419465957968,-13.497157622542632
2024,9,ATL,52,0.48076923076923106,0.5806878742117149,-9.99186434424838
2024,9,BAL,52,0.40384615384615397,0.5402166046058903,-13.637045075973631
2024,9,BUF,58,0.6896551724137928,0.629582808706267,6.007236370752578
2024,9,CAR,48,0.6041666666666667,0.6507648872211576,-4.659822055449081
2024,9,CHI,63,0.6984126984126986,0.7258282504857532,-2.741555207305457
2024,9,CIN,68,0.5882352941176472,0.49707695129601404,9.115834282163316
2024,9,CLE,70,0.7142857142857145,0.7076455499444689,0.6640164341245591
2024,9,DAL,71,0.7323943661971828,0.7399099907824691,-0.7515624585286318
2024,9,DEN,63,0.6031746031746034,0.6574595920623295,-5.428498888772615
2024,9,DET,51,0.4313725490196077,0.4812646390614556,-4.989209004184792
2024,9,GB,63,0.6349206349206352,0.6892017055125463,-5.428107059191111
2024,9,HOU,66,0.5757575757575755,0.6651385108178312,-8.938093506025568
2024,9,IND,45,0.6000000000000002,0.6668280780315399,-6.682807803153967
2024,9,JAX,50,0.7000000000000001,0.6978857055306434,0.21142944693566257
2024,9,KC,79,0.5822784810126586,0.5793054003881503,0.2973080624508295
2024,9,LA,68,0.6470588235294119,0.5889181045486648,5.8140718980747135
2024,9,LAC,48,0.5833333333333333,0.5887027274196346,-0.5369394086301327
2024,9,LV,54,0.6296296296296295,0.6777909671266873,-4.8161337497057755
2024,9,MIA,58,0.5,0.5832307079228862,-8.323070792288622
2024,9,MIN,66,0.5454545454545457,0.5469881458715958,-0.1533600417050085
2024,9,NE,60,0.7833333333333334,0.6987307578325271,8.46025755008063
2024,9,NO,74,0.44594594594594594,0.6311561258862147,-18.521017994026877
2024,9,NYG,59,0.49152542372881386,0.6291345809980975,-13.760915726928364
2024,9,NYJ,52,0.6153846153846156,0.5771468147062337,3.8237800678381895
2024,9,PHI,70,0.4428571428571427,0.5942178670849119,-15.136072422776914
2024,9,SEA,66,0.5454545454545457,0.6469169699332932,-10.146242447874743
2024,9,TB,50,0.6800000000000002,0.6780037039518356,0.19962960481645364
2024,9,TEN,72,0.4861111111111114,0.6113864680131276,-12.527535690201619
2024,9,WAS,57,0.4385964912280701,0.4951115678015508,-5.651507657348071
2024,10,ARI,55,0.43636363636363656,0.4726917753842744,-3.632813902063786
2024,10,ATL,70,0.5428571428571428,0.6643497486199651,-12.149260576282227
2024,10,BAL,58,0.6206896551724135,0.6468234745592906,-2.613381938687709
2024,10,BUF,67,0.5820895522388062,0.5615026223570553,2.0586929881750926
2024,10,CAR,57,0.47368421052631604,0.5688847784410443,-9.52005679147283
2024,10,CHI,50,0.6399999999999999,0.7389988061785698,-9.899880617856994
2024,10,CIN,73,0.7945205479452054,0.6545135665633908,14.000698138181466
2024,10,DAL,53,0.5471698113207546,0.6604689832003612,-11.329917187960659
2024,10,DEN,53,0.5849056603773584,0.6339079051647547,-4.900224478739634
2024,10,DET,63,0.49206349206349204,0.6553278357263596,-16.32643436628675
2024,10,HOU,61,0.5573770491803277,0.6335705037488312,-7.619345456850346
2024,10,IND,57,0.6140350877192985,0.6364514338865614,-2.2416346167262957
2024,10,JAX,40,0.6000000000000001,0.665382893383503,-6.538289338350289
2024,10,KC,61,0.737704918032787,0.6406412048906576,9.706371314212948
2024,10,LA,63,0.7142857142857145,0.7194164456829192,-0.5130731397204658
2024,10,LAC,55,0.4181818181818183,0.5230494702404197,-10.486765205860138
2024,10,MIA,49,0.5714285714285716,0.583703300022349,-1.2274728593777429
2024,10,MIN,79,0.518987341772152,0.5777016798906687,-5.871433811851667
2024,10,NE,59,0.4745762711864404,0.5040903737042415,-2.9514102517801066
2024,10,NO,51,0.5294117647058825,0.5816035229785769,-5.21917582726944
2024,10,NYG,69,0.5507246376811591,0.6688512637131456,-11.812662603198653
2024,10,NYJ,52,0.6730769230769229,0.6528534860565112,2.022343702041174
2024,10,PHI,59,0.4237288135593222,0.5132866006786538,-8.955778711933165
2024,10,PIT,69,0.43478260869565205,0.6138552898082181,-17.90726811125661
2024,10,SF,56,0.6785714285714284,0.6707605743514641,0.7810854219964303
2024,10,TB,56,0.5357142857142855,0.6477047455097947,-11.199045979550926
2024,10,TEN,44,0.5909090909090908,0.7034147158265114,-11.250562491742055
2024,10,WAS,56,0.607142857142857,0.6217159666121006,-1.4573109469243617
2024,11,ATL,51,0.5882352941176473,0.6509258424242338,-6.269054830658649
2024,11,BAL,52,0.653846153846154,0.6815356073471216,-2.768945350096763
2024,11,BUF,69,0.652173913043478,0.6268496077129808,2.532430533049723
2024,11,CHI,66,0.5606060606060606,0.6133734504833366,-5.276738987727603
2024,11,CIN,75,0.6933333333333334,0.6719677809874216,2.1365552345911754
2024,11,CLE,68,0.7205882352941175,0.7293566454421072,-0.876841014798968
2024,11,DAL,74,0.7702702702702704,0.7300377379398088,4.023253233046164
2024,11,DEN,59,0.5762711864406778,0.5584519115292419,1.7819274911435867
2024,11,DET,74,0.5,0.44579244460407147,5.420755539592853
2024,11,GB,42,0.4523809523809523,0.5774422408569426,-12.506128847599035
2024,11,HOU,59,0.6271186440677969,0.5426931289040435,8.44255151637534
2024,11,IND,67,0.4626865671641793,0.6469220076479129,-18.42354404837336
2024,11,JAX,46,0.652173913043478,0.6924334638144659,-4.025955077098786
2024,11,KC,50,0.6599999999999999,0.5625851887464524,9.741481125354756
2024,11,LA,48,0.5625,0.5722371861338615,-0.9737186133861542
2024,11,LAC,60,0.6499999999999998,0.643263770143191,0.6736229856808773
2024,11,LV,60,0.75,0.7422669650365908,0.7733034963409158
2024,11,MIA,61,0.5737704918032787,0.5237985526318434,4.997193917143528
2024,11,MIN,64,0.546875,0.4889828388404567,5.789216115954332
2024,11,NE,69,0.6086956521739126,0.6228084354728892,-1.4112783298976583
2024,11,NO,55,0.5272727272727272,0.5226001039147377,0.46726233579895693
2024,11,NYJ,49,0.6122448979591838,0.6655430152099959,-5.329811725081212
2024,11,PHI,67,0.4776119402985077,0.6137002566412313,-13.608831634272361
2024,11,PIT,68,0.5441176470588232,0.5529071031247869,-0.8789456065963708
2024,11,SEA,55,0.6181818181818185,0.6666840379888361,-4.850221980701763
2024,11,SF,55,0.6000000000000002,0.6318897781046954,-3.1889778104695177
2024,11,TEN,50,0.6599999999999999,0.712813417315483,-5.281341731548306
2024,11,WAS,61,0.6065573770491807,0.6598084869443392,-5.325110989515858
2024,12,ARI,51,0.7450980392156862,0.6931522506124833,5.194578860320287
2024,12,BAL,58,0.3965517241379313,0.5495253789784578,-15.297365484052644
2024,12,CAR,57,0.6666666666666667,0.6546010118827486,1.206565478391819
2024,12,CHI,71,0.7605633802816902,0.7344308932062605,2.61324870754297
2024,12,CLE,56,0.5357142857142855,0.542466031121356,-0.6751745407070575
2024,12,DAL,60,0.5499999999999998,0.5194962459926803,3.050375400731953
2024,12,DEN,64,0.671875,0.5845917938277125,8.728320617228746
2024,12,DET,68,0.5441176470588232,0.5316293572404367,1.2488289818386455
2024,12,GB,65,0.35384615384615364,0.5102103118713086,-15.636415802515497
2024,12,HOU,50,0.72,0.6644845420122146,5.551545798778534
2024,12,IND,48,0.625,0.6808140572781365,-5.581405727813649
2024,12,KC,63,0.6666666666666669,0.5842609150069101,8.240575165975672
2024,12,LA,55,0.6909090909090906,0.6450209579684517,4.588813294063887
2024,12,LAC,56,0.7142857142857144,0.7237484558884587,-0.9462741602744296
2024,12,LV,68,0.7941176470588234,0.7421067083144889,5.2010938744334485
2024,12,MIA,61,0.6557377049180325,0.5544312068673432,10.130649805068936
2024,12,MIN,62,0.5645161290322581,0.5418169018962692,2.269922713598893
2024,12,NE,59,0.7288135593220337,0.74144115614689,-1.2627596824856258
2024,12,NYG,51,0.7058823529411766,0.7266756084327605,-2.079325549158384
2024,12,PHI,65,0.38461538461538436,0.5445200820381825,-15.990469742279812
2024,12,PIT,64,0.484375,0.6788017468061298,-19.44267468061298
2024,12,SEA,54,0.5925925925925929,0.5917467083092088,0.08458842833840574
2024,12,SF,44,0.6818181818181819,0.6932746165178039,-1.1456434699621987
2024,12,TB,62,0.5161290322580648,0.5287283996660864,-1.259936740802159
2024,12,TEN,56,0.48214285714285693,0.5685590502939053,-8.641619315104837
2024,12,WAS,63,0.6190476190476194,0.7394453750716315,-12.039775602401214
2024,13,ARI,75,0.6533333333333338,0.6271636042992274,2.6169729034106415
2024,13,ATL,76,0.5131578947368418,0.6249307127375351,-11.177281800069327
2024,13,BAL,68,0.6029411764705881,0.6774511381107219,-7.450996164013379
2024,13,BUF,53,0.358490566037736,0.5517180060159484,-19.322743997821245
2024,13,CAR,67,0.7313432835820894,0.6853179882711439,4.602529531094557
2024,13,CHI,54,0.7962962962962965,0.7292330866610562,6.706320963524027
2024,13,CIN,53,0.7547169811320756,0.6288289357468767,12.588804538519893
2024,13,CLE,82,0.7317073170731705,0.6990704729062756,3.263684416689494
2024,13,DAL,66,0.5606060606060606,0.5776875516907736,-1.7081491084713019
2024,13,DEN,59,0.6101694915254237,0.5680623802088075,4.210711131661615
2024,13,DET,67,0.5074626865671642,0.591340307646723,-8.387762107955876
2024,13,GB,53,0.5283018867924526,0.5374611001110303,-0.9159213318577719
2024,13,HOU,56,0.642857142857143,0.5376806735460248,10.517646931111823
2024,13,IND,58,0.4310344827586205,0.6411618433635811,-21.012736060496056
2024,13,JAX,69,0.6811594202898549,0.7502991427545962,-6.913972246474131
2024,13,KC,60,0.7666666666666666,0.6143641163905461,15.23025502761205
2024,13,LA,51,0.4705882352941176,0.5587495703469305,-8.816133505281293
2024,13,LAC,39,0.641025641025641,0.6282097414518014,1.281589957383955
2024,13,LV,59,0.5762711864406778,0.642428854764518,-6.615766832384029
2024,13,MIA,62,0.7903225806451613,0.7212458589384633,6.907672170669798
2024,13,MIN,45,0.7555555555555555,0.626182022690773,12.937353286478249
2024,13,NE,62,0.5806451612903227,0.5867667142902652,-0.6121552999942437
2024,13,NO,69,0.5797101449275359,0.6998658651027128,-12.015572017517684
2024,13,NYG,53,0.6603773584905662,0.6879597205036092,-2.7582362013042983
2024,13,NYJ,60,0.6666666666666667,0.647574245929718,1.9092420736948723
2024,13,PHI,50,0.37999999999999984,0.5009751185029745,-12.097511850297465
2024,13,PIT,62,0.6290322580645162,0.5388316813736193,9.020057669089699
2024,13,SEA,53,0.6037735849056605,0.614796501285625,-1.1022916379964554
2024,13,SF,44,0.43181818181818193,0.6467671116644687,-21.49489298462867
2024,13,TB,72,0.4861111111111114,0.6108694689141381,-12.475835780302669
2024,13,TEN,49,0.7755102040816328,0.7507886485177644,2.472155556386846
2024,13,WAS,74,0.4864864864864865,0.447111185992489,3.937530049399751
2024,14,ARI,61,0.6557377049180325,0.6979161794068384,-4.217847448880585
2024,14,ATL,70,0.5285714285714286,0.6806280397943087,-15.205661122288017
2024,14,BUF,54,0.7592592592592591,0.6925521600577567,6.670709920150242
2024,14,CAR,67,0.5970149253731343,0.67127277779935,-7.425785242621574
2024,14,CHI,46,0.5869565217391303,0.6430482968040134,-5.609177506488317
2024,14,CIN,61,0.7213114754098361,0.6251459383085126,9.616553710132347
2024,14,CLE,66,0.6363636363636361,0.6999567340720784,-6.359309770844224
2024,14,DAL,56,0.5714285714285716,0.6143314564334494,-4.290288500487782
2024,14,DET,75,0.5599999999999999,0.5770040165384611,-1.7004016538461175
2024,14,GB,43,0.5348837209302327,0.6100249338981717,-7.514121296793896
2024,14,JAX,56,0.5892857142857145,0.632337865818824,-4.305215153310948
2024,14,KC,60,0.6499999999999998,0.5803103792170684,6.968962078293139
2024,14,LA,72,0.4166666666666668,0.5365594301579726,-11.989276349130579
2024,14,LAC,54,0.6111111111111114,0.6489885648091633,-3.7877453698051955
2024,14,LV,61,0.6393442622950816,0.6157826336680865,2.356162862699507
2024,14,MIA,66,0.7272727272727274,0.609884146488074,11.738858078465341
2024,14,MIN,49,0.6122448979591838,0.5559236895369025,5.632120842228128
2024,14,NO,63,0.5079365079365079,0.5845323316161594,-7.659582367965145
2024,14,NYG,72,0.75,0.7591857401033242,-0.918574010332418
2024,14,NYJ,60,0.6499999999999998,0.56375472843647,8.624527156352979
2024,14,PHI,52,0.46153846153846145,0.6350790293743978,-17.35405678359363
2024,14,PIT,59,0.4745762711864404,0.5153323229465444,-4.0756051760103995
2024,14,SEA,61,0.4918032786885249,0.5074237097726494,-1.5620431084124475
2024,14,SF,59,0.457627118644068,0.5185098174517438,-6.088269880767583
2024,14,TB,55,0.5636363636363634,0.5490986456925218,1.4537717943841622
2024,14,TEN,60,0.5333333333333334,0.6153912596404553,-8.205792630712184
2024,15,ARI,63,0.5714285714285716,0.5559653008859309,1.546327054264074
2024,15,ATL,54,0.3333333333333332,0.5644273498543988,-23.10940165210656
2024,15,BAL,55,0.4727272727272728,0.5415809690952301,-6.885369636795735
2024,15,BUF,67,0.5522388059701496,0.5112043486824677,4.103445728768196
2024,15,CAR,44,0.7045454545454544,0.7055598372085528,-0.10143826630983899
2024,15,CHI,61,0.5737704918032787,0.649192261158443,-7.542176935516432
2024,15,CIN,62,0.5806451612903227,0.5397583536443211,4.088680764600161
2024,15,CLE,54,0.6666666666666667,0.6703302846462639,-0.36636179795971335
2024,15,DAL,67,0.4179104477611938,0.4950535346044977,-7.71430868433039
2024,15,DEN,57,0.6315789473684209,0.5929561190045717,3.8622828363849226
2024,15,DET,72,0.8194444444444443,0.7871388275590208,3.230561688542355
2024,15,GB,61,0.45901639344262324,0.48518526004474677,-2.6168866602123533
2024,15,HOU,43,0.6511627906976745,0.5544658649799435,9.669692571773092
2024,15,IND,70,0.585714285714286,0.6884610829608782,-10.274679724659219
2024,15,JAX,76,0.6578947368421048,0.646968279818171,1.09264570239338
2024,15,KC,73,0.5753424657534247,0.5360981884782445,3.9244277275180206
2024,15,LA,65,0.43076923076923057,0.538084545215735,-10.731531444650443
2024,15,LAC,45,0.7555555555555555,0.6470513217979007,10.850423375765484
2024,15,LV,60,0.6833333333333331,0.7317418172955513,-4.840848396221819
2024,15,MIA,59,0.6779661016949152,0.6322054221468456,4.576067954806962
2024,15,MIN,69,0.5797101449275359,0.5542197886692439,2.549035625829199
2024,15,NE,47,0.5531914893617024,0.6300708863963472,-7.687939703464486
2024,15,NO,48,0.6875,0.7869515301038822,-9.94515301038822
2024,15,NYG,56,0.6607142857142855,0.642534122669271,1.8180163045014464
2024,15,NYJ,53,0.6792452830188678,0.6718306331280267,0.7414649890841063
2024,15,PHI,71,0.49295774647887314,0.5162163118661288,-2.325856538725568
2024,15,PIT,39,0.6153846153846156,0.6630904059379529,-4.770579055333723
2024,15,SEA,49,0.7142857142857143,0.7176267741894236,-0.33410599037092537
2024,15,SF,50,0.6200000000000002,0.659729290008545,-3.972929000854475
2024,15,TB,66,0.4393939393939394,0.5117891747504473,-7.239523535650788
2024,15,TEN,63,0.6031746031746034,0.6497375927274188,-4.656298955281546
2024,15,WAS,66,0.5606060606060606,0.5449286764769843,1.5677384129076266
2024,16,ARI,61,0.6229508196721314,0.7385799401119107,-11.562912043977935
2024,16,ATL,63,0.4603174603174602,0.5739795780844159,-11.366211776695573
2024,16,BAL,58,0.4137931034482759,0.5130343109626194,-9.924120751434351
2024,16,BUF,57,0.5789473684210523,0.5658683753327318,1.30789930883205
2024,16,CAR,61,0.4918032786885249,0.52878843162392,-3.698515293539506
2024,16,CHI,57,0.7719298245614036,0.723434869657483,4.849495490392053
2024,16,CIN,51,0.6274509803921572,0.5129061688979466,11.454481149421058
2024,16,CLE,58,0.6379310344827588,0.7083939521990973,-7.04629177163385
2024,16,DAL,52,0.6730769230769229,0.6484267849188584,2.4650138158064494
2024,16,DEN,61,0.6885245901639342,0.6364582071050269,5.206638305890731
2024,16,DET,63,0.5079365079365079,0.5221449832712847,-1.420847533477676
2024,16,GB,67,0.4477611940298504,0.472718451116512,-2.4957257086661633
2024,16,HOU,56,0.7321428571428571,0.6728466331426587,5.9296224000198405
2024,16,IND,61,0.21311475409836078,0.474142224726374,-26.102747062801324
2024,16,JAX,60,0.6499999999999998,0.71331388913095,-6.331388913095015
2024,16,KC,67,0.6567164179104481,0.5573358867706648,9.938053113978329
2024,16,LA,47,0.40425531914893637,0.538713277495922,-13.445795834698565
2024,16,LAC,58,0.6206896551724135,0.6193292410723096,0.13604141001039016
2024,16,LV,63,0.6349206349206352,0.5582990308129597,7.662160410767549
2024,16,MIA,63,0.5396825396825398,0.535996031193506,0.3686508489033735
2024,16,MIN,56,0.6607142857142855,0.5888216318562627,7.18926538580228
2024,16,NE,66,0.5757575757575755,0.6076167329694286,-3.1859157211853173
2024,16,NO,50,0.7000000000000001,0.7436107158660888,-4.361071586608878
2024,16,NYG,52,0.75,0.6291281105234072,12.087188947659278
2024,16,NYJ,62,0.6935483870967744,0.6799158520035206,1.3632535093253795
2024,16,PHI,67,0.4925373134328358,0.6237276076380885,-13.119029420525274
2024,16,PIT,56,0.607142857142857,0.6605964904384953,-5.345363329563835
2024,16,SEA,58,0.7586206896551723,0.6498584295141286,10.876226014104361
2024,16,SF,56,0.7321428571428571,0.6575068065098354,7.46360506330217
2024,16,TB,66,0.6969696969696968,0.7192773245500795,-2.230762758038274
2024,16,TEN,57,0.6315789473684209,0.6644696344931921,-3.2890687124771167
2024,16,WAS,63,0.6984126984126986,0.6948643761967855,0.3548322215913058
2024,17,ARI,70,0.7142857142857145,0.6155113671507154,9.87743471349991
2024,17,ATL,58,0.6206896551724135,0.6563051052648445,-3.5615450092431056
2024,17,BAL,60,0.3166666666666668,0.4742531859626372,-15.75865192959704
2024,17,BUF,60,0.4833333333333333,0.5752903237628441,-9.195699042951077
2024,17,CAR,41,0.7317073170731709,0.729085575516631,0.2621741556539936
2024,17,CHI,51,0.6078431372549021,0.6792032631004558,-7.136012584555362
2024,17,CIN,76,0.6710526315789477,0.5379236100339575,13.312902154499017
2024,17,CLE,75,0.6399999999999998,0.7119316802422205,-7.193168024222074
2024,17,DAL,59,0.5084745762711861,0.6463675736370733,-13.789299736588722
2024,17,DEN,58,0.6379310344827588,0.7039010021193274,-6.596996763656859
2024,17,DET,65,0.5384615384615385,0.6024828030512883,-6.402126458974977
2024,17,GB,55,0.5818181818181817,0.7085964511741292,-12.67782693559475
2024,17,HOU,49,0.6734693877551022,0.6929808356324021,-1.951144787729986
2024,17,IND,72,0.5416666666666667,0.6219452861696482,-8.027861950298142
2024,17,JAX,54,0.44444444444444425,0.5110348709341551,-6.659042648971086
2024,17,KC,59,0.6779661016949152,0.5231511009446645,15.481500075025068
2024,17,LA,53,0.6226415094339625,0.6239022640687115,-0.12607546347490617
2024,17,LAC,77,0.5584415584415587,0.5643418866705586,-0.5900328228999885
2024,17,LV,71,0.49295774647887314,0.5613564685721633,-6.8398722093290125
2024,17,MIA,51,0.5882352941176473,0.5659561021363034,2.227919198134387
2024,17,MIN,66,0.6515151515151512,0.5802671703876872,7.1247981127464
2024,17,NE,44,0.6590909090909092,0.7327216755260121,-7.363076643510292
2024,17,NO,49,0.7755102040816328,0.7695680987470004,0.5942105334632464
2024,17,NYG,49,0.4897959183673468,0.5655917301774025,-7.579581181005568
2024,17,NYJ,55,0.6363636363636361,0.6476252493533221,-1.1261612989685976
2024,17,PHI,59,0.32203389830508466,0.5863611304153831,-26.432723211029842
2024,17,PIT,68,0.6323529411764702,0.7148350696353352,-8.248212845886494
2024,17,SEA,47,0.5319148936170216,0.6532693289695902,-12.135443535256861
2024,17,SF,57,0.7192982456140353,0.6323229131991402,8.697533241489507
2024,17,TB,69,0.4782608695652175,0.48640810395928397,-0.8147234394066449
2024,17,TEN,61,0.5737704918032787,0.7528253539663846,-17.905486216310596
2024,17,WAS,71,0.6056338028169013,0.5811211613702103,2.4512641446690964
2024,18,ARI,63,0.5714285714285716,0.5414180067027846,3.0010564725787003
2024,18,ATL,76,0.5131578947368418,0.6247204504907131,-11.156255575387132
2024,18,BAL,66,0.5606060606060606,0.5879266755373189,-2.732061493125837
2024,18,BUF,65,0.5076923076923077,0.6666001384074871,-15.890783071517944
2024,18,CAR,64,0.609375,0.5576789368642494,5.169606313575059
2024,18,CHI,55,0.5636363636363634,0.6627887557853352,-9.915239214897188
2024,18,CIN,66,0.6969696969696968,0.54848556288264,14.848413408705674
2024,18,CLE,52,0.6730769230769229,0.659045013670738,1.4031909406184928
2024,18,DAL,73,0.4794520547945203,0.6053520379817648,-12.589998318724454
2024,18,DEN,71,0.4788732394366195,0.5078198743957868,-2.8946634959167272
2024,18,DET,64,0.515625,0.5250070547335781,-0.9382054733578116
2024,18,GB,59,0.44067796610169474,0.6416599164574833,-20.098195035578858
2024,18,HOU,56,0.517857142857143,0.4968411859257944,2.101595693134861
2024,18,IND,74,0.5405405405405407,0.6130417190693519,-7.250117852881122
2024,18,JAX,64,0.53125,0.6369733926840127,-10.572339268401265
2024,18,KC,28,0.6428571428571428,0.6961086254034724,-5.3251482546329605
2024,18,LA,63,0.6825396825396827,0.6415296688912407,4.101001364844192
2024,18,LAC,70,0.5285714285714286,0.5424801095255785,-1.3908680954149877
2024,18,LV,47,0.7872340425531914,0.7134129934488459,7.382104910434551
2024,18,MIA,64,0.6875,0.7259594318456948,-3.845943184569478
2024,18,MIN,59,0.7288135593220337,0.6862287470849894,4.258481223704436
2024,18,NE,57,0.5614035087719298,0.5407731271626656,2.0630381609264226
2024,18,NO,61,0.7049180327868851,0.6646233022701545,4.02947305167306
2024,18,NYG,54,0.5370370370370373,0.7089768242504861,-17.193978721344884
2024,18,NYJ,60,0.6166666666666664,0.523597535987695,9.306913067897138
2024,18,PHI,65,0.6307692307692311,0.5788832116585511,5.188601911068003
2024,18,PIT,54,0.6111111111111114,0.6961319976382785,-8.502088652716711
2024,18,SEA,51,0.5490196078431374,0.5669728535063127,-1.7953245663175244
2024,18,SF,69,0.6376811594202901,0.7135980898055477,-7.59169303852576
2024,18,TB,62,0.6290322580645162,0.6707500293850899,-4.171777132057364
2024,18,TEN,59,0.49152542372881386,0.7235260181507821,-23.200059442196824
2024,18,WAS,48,0.7083333333333334,0.6894194403042396,1.8913893029093742
2024,19,BAL,69,0.3478260869565219,0.5543642287560993,-20.653814179957735
2024,19,BUF,68,0.45588235294117674,0.49980870283701834,-4.39263498958416
2024,19,DEN,40,0.6499999999999999,0.7098772533237934,-5.987725332379346
2024,19,GB,57,0.5964912280701757,0.6926612114174324,-9.616998334725668
2024,19,HOU,65,0.553846153846154,0.545431372294059,0.8414781552094963
2024,19,LA,47,0.5744680851063829,0.5800358454122188,-0.5567760305835834
2024,19,LAC,50,0.6399999999999999,0.645312004685402,-0.531200468540205
2024,19,MIN,62,0.6774193548387095,0.7299370097537194,-5.251765491500993
2024,19,PHI,54,0.40740740740740744,0.5590304141450261,-15.162300673761864
2024,19,PIT,40,0.8000000000000002,0.667480830475688,13.25191695243122
2024,19,TB,43,0.511627906976744,0.631800929474276,-12.017302249753204
2024,19,WAS,66,0.5909090909090906,0.5824357810797114,0.8473309829379216
2024,20,BAL,56,0.5535714285714284,0.6318586923714195,-7.828726379999107
2024,20,BUF,56,0.39285714285714307,0.5166505570523441,-12.3793414195201
2024,20,DET,63,0.6507936507936509,0.7109393295314577,-6.014567873780674
2024,20,HOU,56,0.5892857142857145,0.6790866394128118,-8.980092512709724
2024,20,KC,44,0.6363636363636362,0.5479657881131226,8.839784825051368
2024,20,LA,65,0.6923076923076925,0.6808169830303925,1.1490709277300004
2024,20,PHI,53,0.4339622641509433,0.6020486855281975,-16.808642137725414
2024,20,WAS,71,0.5211267605633805,0.5086266023802086,1.250015818317185
2024,21,BUF,68,0.5294117647058824,0.6417785779956509,-11.23668132897685
2024,21,KC,59,0.5593220338983053,0.4777468591928482,8.157517470545706
2024,21,PHI,63,0.4603174603174602,0.5277382590704494,-6.742079875298917
2024,21,WAS,76,0.7236842105263162,0.689860423928813,3.382378659750318
2024,22,KC,45,0.8444444444444444,0.7659601026111179,7.848434183332653
2024,22,PHI,65,0.43076923076923057,0.5296233468330824,-9.885411606385187
2025,1,ARI,56,0.5714285714285716,0.590244088055832,-1.8815516627260331
2025,1,ATL,69,0.6666666666666669,0.69106841713622,-2.4401750469553174
2025,1,BAL,48,0.41666666666666674,0.5365636325441301,-11.989696587746334
2025,1,BUF,76,0.6973684210526313,0.6805287848569845,1.6839636195646768
2025,1,CAR,59,0.661016949152542,0.6823703262765528,-2.1353377124010753
2025,1,CHI,61,0.6721311475409835,0.673138580605632,-0.10074330646485663
2025,1,CIN,46,0.5434782608695653,0.5656234038912731,-2.214514302170778
2025,1,CLE,69,0.6666666666666669,0.6456940770149231,2.0972589651743756
2025,1,DAL,55,0.6181818181818185,0.6249592247334393,-0.6777406551620846
2025,1,DEN,68,0.6176470588235297,0.5615178488523643,5.612920997116532
2025,1,DET,60,0.6499999999999998,0.7022056529919307,-5.220565299193092
2025,1,GB,46,0.5,0.5054006905335446,-0.5400690533544639
2025,1,HOU,54,0.5740740740740738,0.6626047850758942,-8.853071100182031
2025,1,IND,69,0.4637681159420289,0.5112153352170752,-4.744721927504631
2025,1,JAX,60,0.5333333333333334,0.5261154796928166,0.7217853640516858
2025,1,KC,56,0.8035714285714284,0.6891045639557498,11.446686461567857
2025,1,LA,52,0.5576923076923076,0.5774063788927519,-1.9714071200444327
2025,1,LAC,56,0.6785714285714284,0.5408290140330791,13.774241453834923
2025,1,LV,56,0.607142857142857,0.5212487750021474,8.589408214070959
2025,1,MIA,44,0.7727272727272729,0.7239051911641251,4.882208156314782
2025,1,MIN,48,0.47916666666666674,0.5518411458469927,-7.267447918032599
2025,1,NE,64,0.765625,0.6784787653014064,8.714623469859362
2025,1,NO,66,0.6969696969696968,0.713896565365069,-1.6926868395372163
2025,1,NYG,60,0.7166666666666666,0.6664449490606785,5.022171760598804
2025,1,NYJ,63,0.3968253968253966,0.5957781029126001,-19.895270608720356
2025,1,PHI,58,0.5517241379310347,0.5646945909950241,-1.2970453063989362
2025,1,PIT,49,0.6122448979591838,0.6512934133714559,-3.9048515412272056
2025,1,SEA,48,0.47916666666666674,0.6396406941736739,-16.047402750700712
2025,1,SF,69,0.5507246376811591,0.5987376223007839,-4.801298461962478
2025,1,TB,54,0.6666666666666667,0.6174067279530896,4.925993871357715
2025,1,TEN,49,0.5714285714285716,0.643728226727369,-7.229965529879734
2025,1,WAS,59,0.5762711864406778,0.5642399422319258,1.2031244208752012
2025,2,ARI,46,0.6086956521739129,0.6303440240090308,-2.164837183511792
2025,2,ATL,59,0.35593220338983056,0.5227985284527983,-16.68663250629677
2025,2,BAL,47,0.6382978723404257,0.581103689810063,5.7194182530362685
2025,2,BUF,66,0.4545454545454543,0.5425561398945073,-8.801068534905305
2025,2,CAR,75,0.7466666666666668,0.744688781897227,0.19778847694398305
2025,2,CHI,60,0.6000000000000002,0.6478406249235074,-4.784062492350715
2025,2,CIN,62,0.7258064516129031,0.6891574253959041,3.664902621699906
2025,2,CLE,70,0.7000000000000002,0.7084830209612847,-0.8483020961284504
2025,2,DAL,80,0.6749999999999997,0.7079401437193156,-3.294014371931586
2025,2,DEN,54,0.5925925925925929,0.5639607304776157,2.8631862114977147
2025,2,DET,58,0.5,0.5855152827912364,-8.551528279123644
2025,2,GB,59,0.542372881355932,0.5704676148371172,-2.8094733481185186
2025,2,HOU,43,0.6511627906976745,0.6130232027796811,3.8139587917993323
2025,2,IND,66,0.5606060606060606,0.6194882081313566,-5.888214752529608
2025,2,JAX,69,0.6231884057971014,0.5640092181122822,5.917918768481922
2025,2,KC,55,0.6545454545454548,0.610443389415741,4.4102065129713814
2025,2,LA,56,0.5892857142857145,0.5110184007457323,7.826731353998218
2025,2,LAC,51,0.5882352941176473,0.46025527703265356,12.798001708499374
2025,2,LV,62,0.7258064516129031,0.6823368531561667,4.3469598456736485
2025,2,MIA,47,0.6808510638297873,0.7085386968039452,-2.7687632974157883
2025,2,MIN,40,0.6000000000000001,0.6228303104639054,-2.283031046390527
2025,2,NE,50,0.5400000000000003,0.5833003959059715,-4.330039590597123
2025,2,NO,64,0.578125,0.6912645117845386,-11.313951178453863
2025,2,NYG,62,0.6774193548387095,0.6189691448403943,5.845020999831519
2025,2,NYJ,43,0.627906976744186,0.751846511003583,-12.393953425939696
2025,2,PHI,54,0.4259259259259261,0.5620007337657389,-13.607480783981279
2025,2,PIT,57,0.6491228070175437,0.6447834435262179,0.43393634913257983
2025,2,SEA,62,0.5322580645161294,0.5685980233153509,-3.6339958799221472
2025,2,SF,61,0.6393442622950816,0.6172299309343587,2.2114331360722828
2025,2,TB,69,0.6086956521739126,0.605036308368047,0.36593438058656336
2025,2,TEN,59,0.6101694915254237,0.714270989521075,-10.410149799565138
2025,2,WAS,60,0.7833333333333334,0.7494668687383335,3.386646459499998
2025,3,ARI,63,0.6190476190476194,0.5679413792159821,5.110623983163731
2025,3,ATL,66,0.6818181818181819,0.7149460871111264,-3.3127905292944515
2025,3,BAL,48,0.6666666666666666,0.6665492057800293,0.011746088663733278
2025,3,BUF,55,0.5454545454545457,0.5137828646735711,3.16716807809746
2025,3,CAR,53,0.49056603773584884,0.5266136496134525,-3.6047611877603636
2025,3,CHI,55,0.5272727272727272,0.6011777990243652,-7.390507175163796
2025,3,CIN,48,0.5625,0.6714092601711552,-10.890926017115522
2025,3,CLE,54,0.648148148148148,0.6945617875015294,-4.641363935338139
2025,3,DAL,66,0.6969696969696968,0.6813918862378958,1.5577810731800978
2025,3,DEN,45,0.6666666666666666,0.7051701545715332,-3.8503487904866573
2025,3,DET,65,0.446153846153846,0.5392194022352879,-9.306555608144185
2025,3,GB,55,0.4727272727272728,0.5825069641525096,-10.97796914252368
2025,3,HOU,55,0.7272727272727273,0.6914660052819686,3.580672199075874
2025,3,IND,50,0.5400000000000003,0.5208064119517802,1.9193588048220023
2025,3,JAX,63,0.6507936507936509,0.626257952480089,2.453569831356195
2025,3,KC,62,0.6290322580645162,0.5565840701662724,7.2448187898243805
2025,3,LA,64,0.515625,0.5730315030086786,-5.7406503008678555
2025,3,LAC,75,0.6399999999999998,0.6519324990113576,-1.1932499011357844
2025,3,LV,59,0.5084745762711861,0.6977589024325549,-18.92843261613688
2025,3,MIA,59,0.593220338983051,0.7049331692820888,-11.171283029903778
2025,3,MIN,55,0.4727272727272728,0.5138298083435406,-4.110253561626786
2025,3,NE,66,0.6363636363636361,0.6002604927528987,3.610314361073741
2025,3,NO,68,0.6323529411764702,0.677522472160704,-4.516953098423382
2025,3,NYG,59,0.6101694915254237,0.7284839484146086,-11.831445688918496
2025,3,NYJ,57,0.7368421052631581,0.712320623429198,2.452148183396008
2025,3,PHI,59,0.5762711864406778,0.6648292102045932,-8.85580237639154
2025,3,PIT,46,0.5217391304347825,0.5675050441337669,-4.576591369898441
2025,3,SEA,53,0.39622641509433953,0.47488230263006015,-7.8655887535720614
2025,3,SF,59,0.6779661016949152,0.6540653427778663,2.3900758917048903
2025,3,TB,62,0.5161290322580648,0.6089778198830543,-9.284878762498948
2025,3,TEN,61,0.6721311475409835,0.6676350079598974,0.4496139581086078
2025,3,WAS,52,0.40384615384615397,0.5072274517554504,-10.33812979092964
2025,4,ARI,58,0.7758620689655172,0.7504501306805118,2.541193828500543
2025,4,ATL,60,0.4500000000000003,0.5395195367435615,-8.951953674356117
2025,4,BAL,50,0.7399999999999999,0.6919954025745392,4.800459742546071
2025,4,BUF,51,0.4901960784313725,0.48223136752551676,0.796471090585571
2025,4,CAR,64,0.578125,0.6722308411262929,-9.410584112629294
2025,4,CHI,63,0.6507936507936509,0.6848475322836921,-3.4053881490041182
2025,4,CIN,39,0.6666666666666665,0.6463061357155825,2.0360530951084033
2025,4,CLE,61,0.5737704918032787,0.6712280323759454,-9.745754057266677
2025,4,DAL,66,0.6060606060606063,0.6358006402398602,-2.974003417925386
2025,4,DEN,77,0.5714285714285714,0.5492998946990286,2.2128676729542773
2025,4,DET,54,0.5,0.6107050892379547,-11.070508923795474
2025,4,GB,77,0.5844155844155845,0.6728232570669868,-8.840767265140226
2025,4,HOU,64,0.484375,0.5221658629016019,-3.779086290160194
2025,4,IND,53,0.6226415094339625,0.6597875694058976,-3.7146059971935097
2025,4,JAX,60,0.5333333333333334,0.5514262969295183,-1.8092963596184841
2025,4,KC,67,0.5820895522388062,0.5381404686329969,4.39490836058093
2025,4,LA,64,0.640625,0.6888929635751992,-4.826796357519925
2025,4,LAC,55,0.7636363636363637,0.6901256664232774,7.3510697213086225
2025,4,LV,51,0.4313725490196077,0.5698195903324613,-13.844704131285363
2025,4,MIA,56,0.48214285714285693,0.5213003722019494,-3.9157515059092427
2025,4,MIN,66,0.7272727272727274,0.7202615893699905,0.7011137902736886
2025,4,NE,44,0.47727272727272735,0.537017360329628,-5.9744633056900645
2025,4,NO,63,0.5079365079365079,0.631936275296741,-12.39997673602331
2025,4,NYG,64,0.375,0.49253072519786656,-11.753072519786656
2025,4,NYJ,56,0.5892857142857145,0.7527722897274153,-16.348657544170074
2025,4,PHI,56,0.517857142857143,0.5623786361621959,-4.452149330505284
2025,4,PIT,49,0.46938775510204095,0.44805599992372547,2.133175517831548
2025,4,SEA,61,0.44262295081967223,0.5769108993108155,-13.428794849114329
2025,4,SF,63,0.6349206349206352,0.6996975534019017,-6.477691848126643
2025,4,TB,65,0.6307692307692311,0.6883317823593433,-5.756255159011225
2025,4,TEN,43,0.627906976744186,0.7050095813912015,-7.7102604647015465
2025,4,WAS,49,0.5714285714285716,0.664051567413369,-9.26229959847974
2025,5,ARI,61,0.5573770491803277,0.5857000548820026,-2.8323005701674897
2025,5,BAL,39,0.5128205128205128,0.6805279896809504,-16.770747686043762
2025,5,BUF,60,0.6333333333333336,0.5944033364454906,3.8929996887843044
2025,5,CAR,59,0.5084745762711861,0.6683515298922182,-15.987695362103215
2025,5,CIN,56,0.7678571428571429,0.704391663361873,6.346547949526993
2025,5,CLE,64,0.515625,0.6156003614887595,-9.997536148875952
2025,5,DAL,55,0.5818181818181817,0.5561152323403141,2.5702949477867554
2025,5,DEN,69,0.6086956521739126,0.6278744874441106,-1.9178835270197925
2025,5,DET,55,0.43636363636363656,0.4954982028766113,-5.913456651297472
2025,5,HOU,62,0.5322580645161294,0.4814679609431375,5.079010357299197
2025,5,IND,61,0.5737704918032787,0.5924034998065135,-1.8633008003234863
2025,5,JAX,51,0.6274509803921572,0.6128766712020426,1.4574309190114598
2025,5,KC,63,0.7301587301587303,0.5760620390138929,15.409669114483748
2025,5,LA,62,0.7419354838709675,0.6286143763892112,11.332110748175628
2025,5,LAC,58,0.5862068965517241,0.6809799768801393,-9.477308032841524
2025,5,LV,61,0.6065573770491807,0.6566251340459605,-5.006775699677979
2025,5,MIA,50,0.7399999999999999,0.647540059685707,9.245994031429284
2025,5,MIN,57,0.6666666666666667,0.6269943677542502,3.9672298912416526
2025,5,NE,52,0.6153846153846156,0.6294462950183795,-1.4061679633763813
2025,5,NO,61,0.524590163934426,0.6124251449450119,-8.783498101058584
2025,5,NYG,68,0.6470588235294119,0.683148555457592,-3.60897319281801
2025,5,NYJ,68,0.7352941176470591,0.6845703359474153,5.0723781699643755
2025,5,PHI,48,0.8125,0.6264589388544362,18.604106114556384
2025,5,SEA,54,0.6296296296296295,0.653482470523428,-2.3852840893798466
2025,5,SF,81,0.5925925925925931,0.5483881729988406,4.420441959375254
2025,5,TB,57,0.6666666666666667,0.604648963662616,6.201770300405074
2025,5,TEN,59,0.6779661016949152,0.7182753078513227,-4.030920615640743
2025,5,WAS,53,0.5660377358490567,0.46680203501908296,9.923570082997374
2025,6,ARI,68,0.6617647058823527,0.5876219645142555,7.414274136809718
2025,6,ATL,63,0.5238095238095238,0.5172158765887457,0.6593647220778154
2025,6,BAL,70,0.5,0.6575279152819089,-15.75279152819089
2025,6,BUF,50,0.6000000000000002,0.6643098792433739,-6.430987924337373
2025,6,CAR,61,0.4262295081967213,0.548285502146502,-12.205599394978067
2025,6,CHI,56,0.5535714285714284,0.5894701922578471,-3.5898763686418755
2025,6,CIN,60,0.7333333333333335,0.7154477551579476,1.788557817538594
2025,6,CLE,69,0.7536231884057973,0.7830657229043435,-2.944253449854617
2025,6,DAL,52,0.653846153846154,0.6316468506478345,2.219930319831942
2025,6,DEN,54,0.5925925925925929,0.6522622475469554,-5.966965495436249
2025,6,DET,52,0.5769230769230771,0.6412860619334074,-6.436298501033033
2025,6,GB,58,0.5344827586206894,0.5420029129961441,-0.7520154375454724
2025,6,IND,55,0.5818181818181817,0.5711206674575806,1.0697514360601068
2025,6,JAX,61,0.7049180327868851,0.6854998796689705,1.9418153117914616
2025,6,KC,55,0.6363636363636361,0.519793766195124,11.656987016851216
2025,6,LA,47,0.5744680851063829,0.5478096079636128,2.6658477142770143
2025,6,LAC,63,0.6031746031746034,0.5922047886110489,1.0969814563554503
2025,6,LV,52,0.44230769230769246,0.4935765112392032,-5.126881893151075
2025,6,MIA,54,0.6296296296296295,0.7226906760975167,-9.306104646788715
2025,6,NE,55,0.5454545454545457,0.599300740794702,-5.384619534015622
2025,6,NO,49,0.5714285714285716,0.6193612543295841,-4.793268290101249
2025,6,NYG,62,0.5,0.5062028096928713,-0.6202809692871347
2025,6,NYJ,48,0.41666666666666674,0.6570614855736494,-24.039481890698266
2025,6,PHI,53,0.6603773584905662,0.6219154385463247,3.846191994424153
2025,6,PIT,55,0.5636363636363634,0.5784890336069195,-1.485266997055612
2025,6,SEA,50,0.5599999999999997,0.5809519752115011,-2.0951975211501384
2025,6,SF,61,0.6721311475409835,0.649229788877925,2.2901358663058424
2025,6,TB,49,0.4897959183673468,0.5429717338815028,-5.3175815514155955
2025,6,TEN,52,0.7115384615384615,0.7547443715425638,-4.320591000410234
2025,6,WAS,56,0.5714285714285716,0.5760119043822799,-0.45833329537082745
2025,7,ARI,64,0.625,0.6119699741248041,1.303002587519586
2025,7,ATL,58,0.6896551724137928,0.667407193574412,2.224797883938079
2025,7,CAR,66,0.5151515151515148,0.5324054835082004,-1.7253968356685578
2025,7,CHI,64,0.40625,0.517935570620466,-11.168557062046602
2025,7,CIN,67,0.7014925373134329,0.6147743928343503,8.671814447908254
2025,7,CLE,50,0.42000000000000004,0.5677708971500396,-14.777089715003955
2025,7,DAL,59,0.542372881355932,0.5627823123487377,-2.0409430992805677
2025,7,DEN,75,0.6933333333333334,0.7453816628456116,-5.204832951227822
2025,7,DET,61,0.4918032786885249,0.5638267982323639,-7.202351954383901
2025,7,GB,51,0.6274509803921572,0.619791084060482,0.7659896331675187
2025,7,HOU,67,0.7761194029850749,0.7035272834238722,7.259211956120271
2025,7,IND,54,0.648148148148148,0.5419803174143587,10.616783073378933
2025,7,JAX,67,0.7462686567164176,0.7116610521256034,3.4607604590814245
2025,7,KC,73,0.5342465753424656,0.5509479939937592,-1.6701418651293598
2025,7,LA,58,0.5862068965517241,0.47680583210854693,10.940106444317715
2025,7,LAC,71,0.8169014084507044,0.7342367931990555,8.266461525164882
2025,7,LV,29,0.6551724137931035,0.6492990286185824,0.5873385174521184
2025,7,MIA,53,0.6037735849056605,0.7200274387339376,-11.625385382827712
2025,7,MIN,65,0.6769230769230772,0.6587212328727429,1.8201844050334315
2025,7,NE,58,0.5517241379310347,0.5409604802342325,1.076365769680221
2025,7,NO,49,0.6734693877551022,0.7101330526021062,-3.6663664847004007
2025,7,NYG,66,0.5151515151515148,0.5802761722694744,-6.512465711795956
2025,7,NYJ,54,0.7037037037037034,0.7279606108312253,-2.425690712752193
2025,7,PHI,45,0.5111111111111111,0.5641973415182695,-5.308623040715843
2025,7,PIT,54,0.648148148148148,0.7020156383514404,-5.3867490203292405
2025,7,SEA,63,0.5238095238095238,0.552782104128883,-2.897258031935912
2025,7,SF,63,0.4285714285714284,0.5537812137710199,-12.520978519959147
2025,7,TB,62,0.8225806451612905,0.77549161737965,4.708902778164048
2025,7,TEN,46,0.7391304347826088,0.7098908336914104,2.9239601091198386
2025,7,WAS,60,0.6000000000000002,0.6905987081428369,-9.059870814283666
2025,8,ATL,47,0.6595744680851067,0.7330319564393226,-7.345748835421595
2025,8,BAL,57,0.40350877192982426,0.5093116288710582,-10.580285694123393
2025,8,BUF,58,0.3965517241379313,0.5121701860736158,-11.561846193568442
2025,8,CAR,52,0.48076923076923106,0.7136888045531052,-23.29195737838742
2025,8,CHI,61,0.6557377049180325,0.7030613158569962,-4.7323610938963645
2025,8,CIN,57,0.6140350877192985,0.6014337670384792,1.2601320680819317
2025,8,CLE,52,0.7307692307692308,0.6992646225083333,3.1504608260897515
2025,8,DAL,66,0.6060606060606063,0.6056132192413013,0.04473868193050068
2025,8,DEN,56,0.5357142857142855,0.5313481068504707,0.43661788638147403
2025,8,GB,63,0.6031746031746034,0.5327871913119914,7.038741186261199
2025,8,HOU,74,0.5675675675675671,0.5569335337526896,1.0634033814877486
2025,8,IND,49,0.6530612244897958,0.5199102240101416,13.315100047965412
2025,8,KC,63,0.5873015873015875,0.5091174950911886,7.81840922103989
2025,8,LAC,68,0.47058823529411764,0.5277266164912898,-5.713838119717218
2025,8,MIA,64,0.421875,0.511032329290174,-8.915732929017395
2025,8,MIN,42,0.738095238095238,0.7280762720675695,1.0018966027668497
2025,8,NE,56,0.5,0.5086885248976096,-0.8688524897609629
2025,8,NO,65,0.8461538461538463,0.7567539785916988,8.939986756214747
2025,8,NYG,44,0.5909090909090908,0.7047709572044286,-11.386186629533778
2025,8,NYJ,70,0.5428571428571428,0.6442160711756775,-10.135892831853466
2025,8,PHI,50,0.45999999999999974,0.5718626227974892,-11.186262279748949
2025,8,PIT,55,0.672727272727273,0.6947718295184049,-2.204455679113193
2025,8,SF,43,0.8139534883720931,0.7714105893013089,4.254289907078423
2025,8,TB,53,0.45283018867924535,0.5253238737020853,-7.249368502283998
2025,8,TEN,62,0.6129032258064514,0.7049322116278832,-9.202898582143181
2025,8,WAS,50,0.6599999999999999,0.5902097427845001,6.979025721549981
2025,9,ARI,58,0.5517241379310347,0.505670699836879,4.605343809415574
2025,9,ATL,53,0.7358490566037735,0.6921442595292937,4.370479707447982
2025,9,BAL,52,0.48076923076923106,0.4786824197866595,0.20868109825715742
2025,9,BUF,60,0.4500000000000003,0.5012744733442862,-5.127447334428592
2025,9,CAR,53,0.41509433962264164,0.5989280154682556,-18.383367584561395
2025,9,CHI,75,0.5733333333333329,0.5889767194539308,-1.5643386120597902
2025,9,CIN,62,0.7741935483870968,0.7503640959339757,2.382945245312107
2025,9,DAL,59,0.7118644067796611,0.7138380337569673,-0.19736269773061865
2025,9,DEN,61,0.6393442622950816,0.6776157830093728,-3.8271520714291185
2025,9,DET,57,0.6491228070175437,0.7192283016547822,-7.010549463723859
2025,9,GB,62,0.5967741935483868,0.6807823253254736,-8.400813177708677
2025,9,HOU,68,0.6323529411764702,0.6552602775833186,-2.290733640684839
2025,9,IND,68,0.7352941176470591,0.6638342646114966,7.145985303556246
2025,9,JAX,75,0.49333333333333323,0.5922507923841477,-9.891745905081445
2025,9,KC,55,0.6545454545454548,0.7141557083888488,-5.961025384339402
2025,9,LA,71,0.4507042253521129,0.4926132438048511,-4.19090184527382
2025,9,LAC,58,0.5689655172413796,0.530541173856834,3.842434338454559
2025,9,LV,59,0.7118644067796611,0.5914367187326238,12.04276880470373
2025,9,MIA,59,0.6779661016949152,0.7040438495450101,-2.607774785009487
2025,9,MIN,50,0.5200000000000004,0.5438159942626954,-2.3815994262695095
2025,9,NE,59,0.5762711864406778,0.5878671574390542,-1.1595970998376393
2025,9,NO,38,0.6315789473684209,0.7250238900121889,-9.344494264376802
2025,9,NYG,54,0.6851851851851852,0.7054767374087263,-2.0291552223541065
2025,9,PIT,57,0.6315789473684209,0.5270680638781766,10.45108834902443
2025,9,SEA,48,0.5,0.5529401451349258,-5.294014513492584
2025,9,SF,61,0.4262295081967213,0.5232810106311667,-9.705150243444544
2025,9,TEN,40,0.55,0.6375870443880558,-8.758704438805577
2025,9,WAS,58,0.5344827586206894,0.7014813403887995,-16.699858176811013
2025,10,ARI,69,0.7246376811594205,0.6684496882169143,5.61879929425062
2025,10,ATL,57,0.5087719298245612,0.5792672780522129,-7.049534822765169
2025,10,BAL,65,0.5076923076923077,0.5384039116020385,-3.0711603909730822
2025,10,BUF,63,0.6984126984126986,0.7237876301246976,-2.5374931711999005
2025,10,CAR,48,0.5208333333333333,0.616254880403479,-9.542154707014571
2025,10,CHI,62,0.6612903225806449,0.6839973082946192,-2.2706985713974337
2025,10,CLE,64,0.578125,0.6733088521286845,-9.518385212868452
2025,10,DEN,53,0.5283018867924526,0.5608860686561972,-3.2584181863744566
2025,10,DET,67,0.5223880597014923,0.5011802424134604,2.1207817288031894
2025,10,GB,62,0.6129032258064514,0.7391298992499229,-12.62266734434715
2025,10,HOU,70,0.7000000000000002,0.717596083027976,-1.7596083027975773
2025,10,IND,68,0.4852941176470592,0.5768392114516567,-9.154509380459752
2025,10,JAX,51,0.5490196078431374,0.6144179319049797,-6.539832406184232
2025,10,LA,63,0.5714285714285716,0.5005499062143149,7.087866521425667
2025,10,LAC,63,0.5555555555555557,0.5476278579897352,0.7927697565820457
2025,10,LV,52,0.5576923076923076,0.6164756606404598,-5.878335294815217
2025,10,MIA,51,0.41176470588235276,0.5542280466533176,-14.246334077096485
2025,10,MIN,61,0.7704918032786886,0.7632008585773531,0.7290944701335511
2025,10,NE,57,0.6140350877192985,0.566545994919643,4.748909279965552
2025,10,NO,62,0.46774193548387094,0.5627131641752299,-9.497122869135893
2025,10,NYG,66,0.5909090909090906,0.6292941139051408,-3.8385022996050178
2025,10,NYJ,42,0.3095238095238096,0.562522120685095,-25.29983111612854
2025,10,PHI,60,0.4833333333333333,0.5896161708359916,-10.628283750265833
2025,10,PIT,47,0.6595744680851067,0.6940637490850814,-3.4489280999974725
2025,10,SEA,53,0.22641509433962262,0.4596364588107702,-23.322136447114758
2025,10,SF,61,0.6557377049180325,0.635063113247762,2.0674591670270526
2025,10,TB,65,0.6615384615384617,0.6694707320286678,-0.7932270490206061
2025,10,WAS,50,0.5,0.6739142939448357,-17.39142939448357
2025,11,ARI,73,0.7945205479452054,0.7138976775211832,8.062287042402227
2025,11,ATL,58,0.5344827586206894,0.5982662118200598,-6.37834531993704
2025,11,BAL,53,0.49056603773584884,0.6152746545256309,-12.470861678978206
2025,11,BUF,54,0.6111111111111114,0.5522948367590155,5.881627435209591
2025,11,CAR,71,0.6619718309859152,0.6871131660652832,-2.5141335079368
2025,11,CHI,71,0.4788732394366195,0.5511845966250124,-7.231135718839288
2025,11,CIN,62,0.6451612903225808,0.678301707390816,-3.3140417068235117
2025,11,CLE,51,0.5882352941176473,0.652643342812856,-6.440804869520866
2025,11,DAL,60,0.5499999999999998,0.4901542499661445,5.984575003385534
2025,11,DEN,58,0.6724137931034482,0.6363972037516791,3.60165893517691
2025,11,DET,57,0.6491228070175437,0.6517875492572784,-0.26647422397347853
2025,11,GB,50,0.5599999999999997,0.581902095079422,-2.1902095079422312
2025,11,HOU,64,0.671875,0.6462084294762462,2.5666570523753762
2025,11,JAX,69,0.3478260869565219,0.42771296408297366,-7.988687712645176
2025,11,KC,59,0.7796610169491527,0.6101981517622026,16.946286518695008
2025,11,LA,50,0.5599999999999997,0.5101081258058549,4.9891874194144865
2025,11,LAC,42,0.6904761904761904,0.7340350711629504,-4.3558880686760055
2025,11,LV,53,0.8490566037735849,0.7329118724139232,11.614473135966175
2025,11,MIA,51,0.3921568627450978,0.5125897865669401,-12.043292382184228
2025,11,MIN,54,0.5925925925925929,0.7342955569426219,-14.170296435002905
2025,11,NE,59,0.6101694915254237,0.6171430560554994,-0.6973564530075693
2025,11,NYG,66,0.4393939393939394,0.6283396657443407,-18.894572635040134
2025,11,NYJ,55,0.5636363636363634,0.6618657204237851,-9.822935678742173
2025,11,PHI,67,0.4477611940298504,0.5319347750506738,-8.41735810208234
2025,11,PIT,58,0.5517241379310347,0.5705124913104648,-1.8788353379430078
2025,11,SEA,79,0.5696202531645569,0.6926672149308121,-12.304696176625518
2025,11,SF,49,0.5510204081632656,0.5037299594556798,4.729044870758581
2025,11,TB,68,0.5,0.612818728255875,-11.281872825587502
2025,11,TEN,54,0.7407407407407409,0.697843383859705,4.28973568810359
2025,11,WAS,63,0.49206349206349204,0.558897630562858,-6.683413849936598
2025,12,ARI,70,0.7571428571428575,0.7068025763545718,5.034028078828568
2025,12,ATL,51,0.45098039215686264,0.5811532961533349,-13.017290399647225
2025,12,BAL,55,0.5090909090909089,0.5480747834186663,-3.8983874327757406
2025,12,BUF,57,0.6491228070175437,0.6760901229684814,-2.696731595093771
2025,12,CAR,43,0.7906976744186047,0.6861545006896175,10.454317372898725
2025,12,CHI,58,0.6206896551724135,0.6113842291564776,0.9305426015935869
2025,12,CIN,60,0.6166666666666664,0.6593618864814441,-4.269521981477775
2025,12,CLE,46,0.43478260869565205,0.540065967032443,-10.528335833679098
2025,12,DAL,64,0.59375,0.6424691271968186,-4.871912719681859
2025,12,DET,60,0.6666666666666667,0.6871490548054378,-2.0482388138771013
2025,12,GB,62,0.3709677419354838,0.4796338520583607,-10.866611012287686
2025,12,HOU,55,0.5636363636363634,0.6142264829440551,-5.059011930769175
2025,12,IND,49,0.6734693877551022,0.5239013853121777,14.956800244292456
2025,12,JAX,57,0.5614035087719298,0.5432755768037679,1.812793196816187
2025,12,KC,88,0.5795454545454546,0.6178702217611399,-3.832476721568534
2025,12,LA,54,0.648148148148148,0.5267987469970076,12.134940115114045
2025,12,LV,65,0.707692307692308,0.7734401620351352,-6.574785434282726
2025,12,MIN,39,0.5128205128205128,0.6330958558962895,-12.02753430757767
2025,12,NE,65,0.5846153846153849,0.5255179175963769,5.909746701900797
2025,12,NO,73,0.6438356164383564,0.6980499118974763,-5.421429545911993
2025,12,NYG,75,0.5066666666666668,0.5858278663953145,-7.916119972864766
2025,12,NYJ,54,0.5740740740740738,0.6772830331767048,-10.320895910263095
2025,12,PHI,57,0.7368421052631581,0.6332256124730695,10.361649279008855
2025,12,PIT,67,0.4776119402985077,0.6144481365805241,-13.683619628201644
2025,12,SEA,45,0.577777777777778,0.6141300098763572,-3.6352232098579296
2025,12,SF,68,0.4852941176470592,0.5640965763698607,-7.880245872280145
2025,12,TB,63,0.6031746031746034,0.6964281125674172,-9.325350939281385
2025,12,TEN,64,0.71875,0.6987185168545693,2.0031483145430684
2025,13,ARI,58,0.7241379310344829,0.6391703691975824,8.496756183690046
2025,13,ATL,65,0.5076923076923077,0.6182303960506733,-11.053808835836564
2025,13,BAL,53,0.6603773584905662,0.7063724443597613,-4.59950858691951
2025,13,BUF,74,0.36486486486486486,0.5384666159547664,-17.360175108990155
2025,13,CAR,57,0.38596491228070157,0.6341977676278667,-24.823285534716515
2025,13,CHI,82,0.46341463414634143,0.5223903925180797,-5.89757583717383
2025,13,CIN,79,0.5949367088607594,0.5549644560942167,3.9972252766542704
2025,13,CLE,58,0.4655172413793106,0.6138358992235414,-14.831865784423082
2025,13,DAL,62,0.6290322580645162,0.5796743798400125,4.9357878224503775
2025,13,DEN,68,0.6911764705882351,0.6354081812588608,5.576828932937428
2025,13,DET,57,0.4912280701754388,0.7301805981418543,-23.895252796641554
2025,13,GB,57,0.5614035087719298,0.5470266394447862,1.4376869327143549
2025,13,HOU,69,0.5072463768115946,0.5333865892304028,-2.614021241880826
2025,13,IND,50,0.5400000000000003,0.6571245157718659,-11.712451577186567
2025,13,JAX,51,0.5686274509803924,0.5791888830124163,-1.0561432032023976
2025,13,KC,57,0.6491228070175437,0.6583510323574668,-0.922822533992318
2025,13,LA,48,0.5833333333333333,0.5679063927382231,1.5426940595110183
2025,13,LAC,62,0.4032258064516132,0.5323904327327205,-12.916462628110725
2025,13,LV,40,0.575,0.5949616178870201,-1.996161788702011
2025,13,MIA,52,0.46153846153846145,0.5223851923186046,-6.084673078014314
2025,13,MIN,45,0.6666666666666666,0.6561770636174413,1.0489603049225305
2025,13,NE,58,0.5689655172413796,0.5246807275789567,4.428478966242288
2025,13,NO,67,0.6268656716417907,0.7051213941912153,-7.825572254942459
2025,13,NYG,52,0.5576923076923076,0.7343161862630111,-17.66238785707035
2025,13,NYJ,60,0.6499999999999998,0.6497621948520343,0.023780514796545305
2025,13,PHI,50,0.6599999999999999,0.733957269191742,-7.395726919174206
2025,13,PIT,42,0.5714285714285716,0.6365971316893896,-6.516856026081797
2025,13,SEA,58,0.4482758620689653,0.547726272509016,-9.945041044005066
2025,13,SF,63,0.5079365079365079,0.5801315163631762,-7.219500842666826
2025,13,TB,52,0.596153846153846,0.6148524722800804,-1.8698626126234408
2025,13,TEN,52,0.75,0.7451767594768451,0.4823240523154859
2025,13,WAS,83,0.6506024096385543,0.6713776157562992,-2.077520611774486
2025,14,ARI,58,0.8103448275862071,0.7129476049850727,9.739722260113437
2025,14,ATL,61,0.4918032786885249,0.6343633939252525,-14.256011523672763
2025,14,BAL,73,0.5205479452054798,0.7136069495384008,-19.305900433292102
2025,14,BUF,55,0.6181818181818185,0.6209133112972433,-0.27314931154247546
2025,14,CHI,68,0.5588235294117648,0.6050816401839256,-4.625811077216079
2025,14,CIN,56,0.6607142857142855,0.6065295176314456,5.418476808283989
2025,14,CLE,64,0.71875,0.6960398089140654,2.271019108593464
2025,14,DAL,72,0.6944444444444443,0.7043031708647807,-0.9858726420336361
2025,14,DEN,69,0.5797101449275359,0.5067624792024711,7.294766572506484
2025,14,DET,54,0.6296296296296295,0.6204370109847298,0.919261864489973
2025,14,GB,50,0.5,0.5947153043746949,-9.47153043746949
2025,14,HOU,62,0.5161290322580648,0.5536149838158201,-3.748595155775525
2025,14,IND,62,0.6290322580645162,0.6561915562037499,-2.715929813923368
2025,14,JAX,60,0.5499999999999998,0.5783377170562746,-2.8337717056274747
2025,14,KC,61,0.6393442622950816,0.6307146693350838,0.8629592959997767
2025,14,LA,64,0.484375,0.5073370734462515,-2.296207344625145
2025,14,LAC,64,0.53125,0.687413755338639,-15.616375533863902
2025,14,LV,43,0.7674418604651164,0.7169906296009241,5.045123086419235
2025,14,MIA,60,0.3500000000000002,0.45677781868726025,-10.677781868726004
2025,14,MIN,53,0.47169811320754745,0.4485443836113192,2.3153729596228247
2025,14,NO,50,0.42000000000000004,0.5737275081872941,-15.372750818729408
2025,14,NYJ,51,0.6666666666666667,0.7220113724470139,-5.534470578034711
2025,14,PHI,64,0.65625,0.6397635689936578,1.6486431006342173
2025,14,PIT,50,0.7000000000000001,0.5335023507475853,16.649764925241474
2025,14,SEA,56,0.5714285714285716,0.550851128197142,2.0577443231429626
2025,14,TB,69,0.5072463768115946,0.6490850912919943,-14.183871448039975
2025,14,TEN,63,0.44444444444444425,0.5832627041945382,-13.881825975009393
2025,14,WAS,47,0.6382978723404257,0.7130616947691492,-7.476382242872348
2025,15,ARI,62,0.6774193548387095,0.679099629963598,-0.16802751248884418
2025,15,ATL,66,0.6818181818181819,0.6882848116484556,-0.6466629830273685
2025,15,BAL,33,0.42424242424242437,0.558155753169999,-13.391332892757463
2025,15,BUF,62,0.5,0.5572178041742694,-5.721780417426936
2025,15,CAR,55,0.5454545454545457,0.6738937923854047,-12.843924693085896
2025,15,CHI,60,0.4833333333333333,0.6055850724379221,-12.225173910458887
2025,15,CIN,68,0.6029411764705881,0.6947362975162618,-9.179512104567367
2025,15,CLE,51,0.7254901960784315,0.7265787457718569,-0.10885496934254224
2025,15,DAL,67,0.5671641791044778,0.6607327116514321,-9.35685325469543
2025,15,DEN,64,0.5625,0.5573787260218523,0.5121273978147656
2025,15,DET,61,0.6721311475409835,0.7234362827949836,-5.130513525400016
2025,15,GB,60,0.7166666666666666,0.6824287528793017,3.423791378736485
2025,15,HOU,59,0.5084745762711861,0.5296147389937257,-2.11401627225396
2025,15,IND,57,0.47368421052631604,0.6444391673594191,-17.075495683310304
2025,15,JAX,56,0.642857142857143,0.5654951534899219,7.736198936722117
2025,15,KC,54,0.648148148148148,0.6766589292221599,-2.8510781074011837
2025,15,LA,67,0.5820895522388062,0.5235932240846441,5.849632815416205
2025,15,LAC,57,0.5087719298245612,0.60429178152168,-9.551985169711873
2025,15,LV,38,0.6842105263157895,0.6724326257642946,1.1777900551494858
2025,15,MIA,46,0.6739130434782608,0.7001720916317857,-2.6259048153524978
2025,15,MIN,51,0.5098039215686274,0.48154360457670453,2.8260316991922885
2025,15,NE,48,0.5416666666666667,0.5807001003995538,-3.9033433732887035
2025,15,NO,56,0.625,0.6544636849846158,-2.9463684984615823
2025,15,NYG,66,0.6515151515151512,0.6911414849261444,-3.9626333410993198
2025,15,NYJ,65,0.5846153846153849,0.6941731977921265,-10.955781317674163
2025,15,PHI,65,0.3230769230769229,0.48348219222747374,-16.040526915055086
2025,15,PIT,59,0.457627118644068,0.503414714045949,-4.578759540188093
2025,15,SEA,55,0.6545454545454548,0.6645831888372247,-1.0037734291769906
2025,15,SF,68,0.5147058823529407,0.50727392881013,0.7431953542810676
2025,15,TB,57,0.6315789473684209,0.5614882663153765,7.009068105304439
2025,15,TEN,49,0.5918367346938773,0.7159490530588188,-12.411231836494153
2025,15,WAS,53,0.45283018867924535,0.5126487871385971,-5.981859845935173
2025,16,ARI,54,0.5740740740740738,0.7081688087847497,-13.40947347106759
2025,16,ATL,70,0.5,0.5683919187102999,-6.839191871029993
2025,16,BAL,52,0.40384615384615397,0.6120853808063728,-20.823922696021878
2025,16,BUF,46,0.45652173913043465,0.48705479081558134,-3.0533051685146697
2025,16,CAR,51,0.6666666666666667,0.6767658065347111,-1.0099139868044338
2025,16,CHI,60,0.6166666666666664,0.7069840754071871,-9.031740874052074
2025,16,CIN,59,0.5762711864406778,0.5279855906205662,4.82855958201116
2025,16,CLE,61,0.5573770491803277,0.5948594693766266,-3.7482420196298882
2025,16,DAL,55,0.6363636363636361,0.636675888299942,-0.03122519363059073
2025,16,DEN,64,0.75,0.681834330665879,6.816566933412105
2025,16,DET,65,0.8307692307692308,0.7696283881480876,6.114084262114316
2025,16,GB,66,0.4393939393939394,0.5043279528617859,-6.493401346784649
2025,16,HOU,59,0.6101694915254237,0.6248712615441466,-1.470177001872297
2025,16,IND,56,0.642857142857143,0.6812412323696273,-3.8384089512484287
2025,16,JAX,63,0.6031746031746034,0.5449000500615627,5.827455311304064
2025,16,KC,39,0.6923076923076922,0.6696315698134594,2.2676122494232787
2025,16,LA,88,0.5795454545454546,0.5829204580831256,-0.3375003537671062
2025,16,LAC,61,0.5409836065573769,0.5306720723565974,1.031153420077946
2025,16,LV,50,0.45999999999999974,0.6215373605489731,-16.153736054897337
2025,16,MIA,58,0.5344827586206894,0.6504241284625284,-11.594136984183901
2025,16,MIN,51,0.4901960784313725,0.5810494354250384,-9.085335699366592
2025,16,NE,64,0.734375,0.6079581444791984,12.641685552080162
2025,16,NO,74,0.6891891891891889,0.571912737009493,11.727645217969595
2025,16,NYG,43,0.32558139534883723,0.6369059976450233,-31.13246022961861
2025,16,NYJ,55,0.6545454545454548,0.7091715362938967,-5.462608174844197
2025,16,PHI,63,0.5555555555555557,0.565618112565033,-1.0062557009477335
2025,16,PIT,68,0.6323529411764702,0.615326217320912,1.7026723855558257
2025,16,SEA,61,0.6065573770491807,0.6573944150424395,-5.083703799325878
2025,16,SF,62,0.5645161290322581,0.5400005796503635,2.4515549381894597
2025,16,TB,58,0.4827586206896554,0.6532307996832091,-17.047217899355367
2025,16,TEN,66,0.4393939393939394,0.4841659268307866,-4.477198743684719
2025,16,WAS,49,0.46938775510204095,0.6340163340982126,-16.462857899617163
2025,17,ARI,50,0.7399999999999999,0.7294642639160156,1.0535736083984282
2025,17,ATL,53,0.37735849056603754,0.5888601282857499,-21.15016377197123
2025,17,BAL,72,0.31944444444444425,0.5368460018653423,-21.7401557420898
2025,17,BUF,68,0.5588235294117648,0.7223779274260297,-16.355439801426485
2025,17,CAR,47,0.6170212765957446,0.5967938300776989,2.0227446518045644
2025,17,CHI,63,0.7142857142857145,0.6852144650996677,2.9071249186046866
2025,17,CIN,67,0.5671641791044778,0.5101733952760696,5.699078382840817
2025,17,CLE,47,0.5531914893617024,0.5690446853479173,-1.585319598621493
2025,17,DAL,81,0.4814814814814818,0.5435763682342238,-6.209488675274205
2025,17,DEN,69,0.6231884057971014,0.5998814244201217,2.330698137697973
2025,17,DET,59,0.49152542372881386,0.7052861669306028,-21.37607432017889
2025,17,GB,41,0.7317073170731709,0.6732991924736558,5.8408124599515165
2025,17,HOU,59,0.4745762711864404,0.5557063687908448,-8.113009760440438
2025,17,IND,52,0.596153846153846,0.6419110942918521,-4.575724813800608
2025,17,JAX,66,0.6212121212121213,0.5903220728717068,3.0890048340414533
2025,17,KC,40,0.575,0.6629485089331866,-8.794850893318662
2025,17,LA,58,0.6551724137931036,0.7041678410665743,-4.899542727347061
2025,17,LAC,54,0.6851851851851852,0.7117914640241199,-2.6606278838934627
2025,17,LV,50,0.6200000000000002,0.7100631755590439,-9.006317555904364
2025,17,MIA,50,0.45999999999999974,0.5474568728357554,-8.745687283575565
2025,17,MIN,44,0.4090909090909091,0.48807240506126115,-7.898149597035204
2025,17,NE,59,0.457627118644068,0.5774698376781858,-11.98427190341178
2025,17,NO,49,0.5918367346938773,0.56168232402023,3.0154410673647325
2025,17,NYG,58,0.5689655172413796,0.5439898974165833,2.4975619824796236
2025,17,NYJ,62,0.5483870967741932,0.7490821105818595,-20.06950138076663
2025,17,PHI,52,0.5384615384615385,0.619294416732513,-8.08328782709744
2025,17,PIT,61,0.6229508196721314,0.7392341450589602,-11.628332538682884
2025,17,SEA,62,0.4516129032258067,0.5848950915519269,-13.328218832612016
2025,17,SF,67,0.5522388059701496,0.5841218962598203,-3.1883090289670624
2025,17,TB,60,0.7833333333333334,0.6957819933692615,8.755133996407194
2025,17,TEN,68,0.6176470588235297,0.6870985771803295,-6.945151835679986
2025,17,WAS,38,0.6315789473684209,0.6684340395425494,-3.6855092174128523
2025,18,ARI,47,0.7234042553191488,0.6777176241925422,4.568663112660653
2025,18,ATL,54,0.5925925925925929,0.6739534181025293,-8.13608255099364
2025,18,BAL,44,0.4090909090909091,0.6768492890352553,-26.77583799443462
2025,18,BUF,70,0.4571428571428572,0.48495336920022974,-2.7810512057372563
2025,18,CAR,47,0.7234042553191488,0.6925622107500725,3.0842044569076243
2025,18,CHI,53,0.6603773584905662,0.6771401841685457,-1.6762825677979487
2025,18,CIN,65,0.6307692307692311,0.637600974394725,-0.683174362549388
2025,18,CLE,46,0.5217391304347825,0.5825329534709454,-6.0793823036162875
2025,18,DAL,53,0.49056603773584884,0.6187139783265456,-12.814794059069678
2025,18,DEN,52,0.5576923076923076,0.5964204073668671,-3.872809967455948
2025,18,DET,69,0.6086956521739126,0.573799343212791,3.4896308961121614
2025,18,GB,45,0.28888888888888886,0.6620233621862199,-37.31344732973311
2025,18,HOU,63,0.5238095238095238,0.6545767980435537,-13.076727423402989
2025,18,IND,63,0.5873015873015875,0.6407982103881382,-5.349662308655068
2025,18,JAX,53,0.641509433962264,0.5317551890071833,10.975424495508069
2025,18,KC,54,0.5925925925925929,0.6744114897317357,-8.18188971391428
2025,18,LA,67,0.5970149253731343,0.5609918681543263,3.602305721880794
2025,18,LAC,62,0.7419354838709675,0.7576276664772341,-1.5692182606266591
2025,18,LV,58,0.4827586206896554,0.6241096250455955,-14.135100435594012
2025,18,MIA,50,0.5200000000000004,0.5487346664071083,-2.873466640710798
2025,18,MIN,62,0.5161290322580648,0.5356479622423649,-1.9518929984300049
2025,18,NE,54,0.5185185185185184,0.5110062197954567,0.7512298723061694
2025,18,NO,61,0.6229508196721314,0.6962093500817408,-7.325853040960939
2025,18,NYG,66,0.5606060606060606,0.5580377560673337,0.25683045387268066
2025,18,NYJ,46,0.5217391304347825,0.6988017745316029,-17.70626440968204
2025,18,PHI,59,0.7118644067796611,0.6399845604674291,7.187984631223198
2025,18,PIT,71,0.6760563380281694,0.6502252647154767,2.5831073312692743
2025,18,SEA,62,0.4516129032258067,0.5466135892896882,-9.500068606388146
2025,18,SF,39,0.7435897435897436,0.6764400333930285,6.714971019671512
2025,18,TB,64,0.40625,0.5815591755090281,-17.530917550902814
2025,18,TEN,52,0.653846153846154,0.7284315108106687,-7.458535696451474
2025,18,WAS,61,0.44262295081967223,0.5652763705517424,-12.265341973207017
2025,19,BUF,59,0.6440677966101694,0.6142731942867828,2.97946023233866
2025,19,CAR,61,0.6885245901639342,0.631574518856455,5.6950071307479195
2025,19,CHI,77,0.688311688311688,0.727523030398728,-3.9211342087040024
2025,19,GB,69,0.6811594202898549,0.5983826376605725,8.277678262928234
2025,19,HOU,63,0.5079365079365079,0.5829315951892309,-7.499508725272297
2025,19,JAX,53,0.6037735849056605,0.5918944823854375,1.187910252022295
2025,19,LA,70,0.6000000000000001,0.6390043763177736,-3.9004376317773537
2025,19,LAC,53,0.7169811320754718,0.6921127840595426,2.4868348015929187
2025,19,NE,56,0.625,0.5503678509433355,7.463214905666449
2025,19,PHI,71,0.5070422535211269,0.6333464177351602,-12.630416421403334
2025,19,PIT,52,0.653846153846154,0.6968340002573453,-4.298784641119136
2025,19,SF,54,0.648148148148148,0.5883391607138846,5.980898743426344
2025,20,BUF,75,0.5733333333333329,0.6026127608617147,-2.927942752838175
2025,20,CHI,81,0.5555555555555554,0.6189754599774325,-6.341990442187717
2025,20,DEN,66,0.7424242424242427,0.6685507010781404,7.3873541346102245
2025,20,HOU,69,0.7101449275362316,0.6732278768567072,3.6917050679524444
2025,20,LA,72,0.5833333333333333,0.6006577491967214,-1.7324415863388176
2025,20,NE,57,0.4912280701754388,0.5500819042586443,-5.885383408320555
2025,20,SEA,50,0.3400000000000001,0.5629166473448277,-22.291664734482765
2025,20,SF,58,0.6206896551724135,0.6666197943790205,-4.593013920660704
2025,21,DEN,55,0.6181818181818185,0.6481700358065692,-2.998821762475068
2025,21,LA,56,0.642857142857143,0.6052623279392719,3.759481491787109
2025,21,NE,56,0.4285714285714284,0.6164019722491503,-18.783054367772188
2025,21,SEA,62,0.5967741935483868,0.565467982162391,3.1306211385995764
2025,22,NE,61,0.7868852459016392,0.717842450151678,6.904279574996119
2025,22,SEA,70,0.5571428571428573,0.596088378051562,-3.8945520908704734
