season,week,posteam,plays,proe
2020,1,ARI,73,2.001606948571699
2020,1,ATL,76,-3.506800924476794
2020,1,BAL,55,-6.084960346872159
2020,1,BUF,76,10.949849572620863
2020,1,CAR,65,-7.570737875424882
2020,1,CHI,64,-3.9624959230422974
2020,1,CIN,63,-6.638329700818102
2020,1,CLE,65,-4.195104424770024
2020,1,DAL,66,-3.85305847633971
2020,1,DEN,59,1.6274087762428335
2020,1,DET,70,-1.2736355406897215
2020,1,GB,74,7.96891361273625
2020,1,HOU,54,0.8674526656115567
2020,1,IND,68,2.4271081366082914
2020,1,JAX,42,-2.9063002339430932
2020,1,KC,66,-1.4279751445758992
2020,1,LA,70,-10.958610134465369
2020,1,LAC,68,-17.13053923757637
2020,1,LV,61,-3.873711464102114
2020,1,MIA,57,-10.841083422041809
2020,1,MIN,49,-9.81941931709953
2020,1,NE,60,-19.896168640504296
2020,1,NO,64,-3.125230938894674
2020,1,NYG,61,6.534014764379304
2020,1,NYJ,48,-3.25766447931527
2020,1,PHI,59,8.256836866928374
2020,1,PIT,61,-9.411799840506973
2020,1,SEA,54,15.11822302860244
2020,1,SF,58,-6.81856297727289
2020,1,TB,63,-4.921575363666264
2020,1,TEN,77,-2.809637126984532
2020,1,WAS,64,-5.437073222128674
2020,2,ARI,70,6.29426811422621
2020,2,ATL,72,-0.5181873217225186
2020,2,BAL,58,-4.608073276628155
2020,2,BUF,56,8.174061615552242
2020,2,CAR,66,-6.6526348166393685
2020,2,CHI,60,-12.176367317636815
2020,2,CIN,84,4.597046474615696
2020,2,CLE,56,-10.041915066540252
2020,2,DAL,80,-7.722912579774888
2020,2,DEN,66,-6.2604251458789335
2020,2,DET,54,9.123863197035254
2020,2,GB,64,-10.114676866214722
2020,2,HOU,52,7.419505672386051
2020,2,IND,62,-11.779846725684951
2020,2,JAX,72,-0.07385243144298892
2020,2,KC,70,6.501993238925907
2020,2,LA,63,-0.7092896434996054
2020,2,LAC,76,-8.34547649872931
2020,2,LV,73,-0.48940294511515825
2020,2,MIA,69,8.693935257801089
2020,2,MIN,44,-11.844486540014099
2020,2,NE,69,0.19949441370759047
2020,2,NO,57,-2.947038307524563
2020,2,NYG,56,7.08400027028151
2020,2,NYJ,60,-12.502343480785715
2020,2,PHI,70,-2.5390561350754015
2020,2,PIT,61,11.17184286112668
2020,2,SEA,58,4.15564713806944
2020,2,SF,54,-11.571854642695856
2020,2,TB,57,2.992524716414924
2020,2,TEN,56,-13.898582650082442
2020,2,WAS,58,-8.335803885912107
2020,3,ARI,62,1.3636664036781654
2020,3,ATL,62,1.8802954304602548
2020,3,BAL,48,-4.940516625841473
2020,3,BUF,54,2.415784117248343
2020,3,CAR,49,2.301993661997237
2020,3,CHI,74,1.1162407696247434
2020,3,CIN,61,11.698851868754534
2020,3,CLE,60,-16.86312201122445
2020,3,DAL,78,14.40406479896641
2020,3,DEN,53,2.8187203519749127
2020,3,DET,58,-9.336447998367536
2020,3,GB,57,6.1059201626401
2020,3,HOU,42,-4.587624115603317
2020,3,IND,54,-11.52283180918961
2020,3,JAX,59,5.513762392229948
2020,3,KC,73,12.252459570459317
2020,3,LA,65,-7.3006414450132
2020,3,LAC,72,-5.828148623307571
2020,3,LV,54,-3.8520257230158284
2020,3,MIA,55,-7.770951193841996
2020,3,MIN,61,-12.369565616865607
2020,3,NE,63,-11.070554948870154
2020,3,NO,55,-4.705503718419479
2020,3,NYG,47,3.342736591684059
2020,3,NYJ,58,-3.9481302273684515
2020,3,PHI,83,-7.538605544222355
2020,3,PIT,71,-2.7157419479229006
2020,3,SEA,66,4.3948935965697045
2020,3,SF,69,-2.6382807696211152
2020,3,TB,60,11.473037215570592
2020,3,TEN,70,-8.999161102942043
2020,3,WAS,59,1.242021534402482
2020,4,ARI,54,-6.617196152607607
2020,4,ATL,64,-7.7163128182291985
2020,4,BAL,53,-5.043171518394429
2020,4,BUF,56,7.362770748191638
2020,4,CAR,69,9.02589383278633
2020,4,CHI,58,3.859981020976766
2020,4,CIN,68,6.817802359514386
2020,4,CLE,68,-5.467532827135379
2020,4,DAL,79,0.9128236883802932
2020,4,DEN,58,-8.61247138216581
2020,4,DET,54,-8.389069471094357
2020,4,GB,58,4.616272863771376
2020,4,HOU,59,-9.294988896887146
2020,4,IND,64,-12.781497920514084
2020,4,JAX,60,0.7028700908025209
2020,4,KC,51,11.860754983682265
2020,4,LA,52,4.642790068800662
2020,4,LAC,47,-1.383167315036693
2020,4,LV,66,-0.980080641580372
2020,4,MIA,68,7.713827841422161
2020,4,MIN,60,-10.666742225488013
2020,4,NE,72,-15.236520291202593
2020,4,NO,64,-16.63918396225199
2020,4,NYG,61,-8.833811542049819
2020,4,NYJ,69,2.612999815871775
2020,4,PHI,57,-1.0912486597111415
2020,4,SEA,57,10.352174865833518
2020,4,SF,65,-1.4435919660788166
2020,4,TB,70,2.5525380138840092
2020,4,WAS,67,2.4484249526885105
2020,5,ARI,64,3.7319434923119843
2020,5,ATL,59,-5.94036260903893
2020,5,BAL,60,-4.671354939540262
2020,5,BUF,68,5.9879865059081165
2020,5,CAR,62,4.753668185683956
2020,5,CHI,55,9.139437458731914
2020,5,CIN,58,-12.016130572762961
2020,5,CLE,71,0.0096744267453541255
2020,5,DAL,62,-9.794398349138955
2020,5,HOU,57,10.777834995666069
2020,5,IND,50,-4.704737454652797
2020,5,JAX,69,4.819217993729385
2020,5,KC,64,2.7839384973049164
2020,5,LA,63,-6.3843432873014585
2020,5,LAC,65,-12.076093554496747
2020,5,LV,64,-3.1063673726748675
2020,5,MIA,59,-0.11515694402029486
2020,5,MIN,81,-8.337961679991363
2020,5,NO,73,-4.466884960866924
2020,5,NYG,60,-6.385625377297388
2020,5,NYJ,61,-5.0358029418304024
2020,5,PHI,53,3.782456044880844
2020,5,PIT,64,-5.725895246723667
2020,5,SEA,49,7.151821103631262
2020,5,SF,54,-3.8829416312553433
2020,5,TB,60,-2.061395831406132
2020,5,TEN,62,-1.2896513806716192
2020,5,WAS,44,3.076011213389307
2020,6,ARI,58,-2.154033329209404
2020,6,ATL,76,2.6296168345173565
2020,6,BAL,62,-11.256109947158466
2020,6,BUF,50,-2.021281749010062
2020,6,CAR,58,-3.4079635451580215
2020,6,CHI,60,5.931864132483788
2020,6,CIN,70,-4.947396389075676
2020,6,CLE,50,-11.201696574687958
2020,6,DAL,81,-3.7961076439162467
2020,6,DEN,58,-10.804287524058925
2020,6,DET,67,-3.4155510365962813
2020,6,GB,56,-2.4382729881576415
2020,6,HOU,65,5.6999091230906185
2020,6,IND,58,9.155446907569608
2020,6,JAX,60,4.805256128311175
2020,6,KC,70,-4.681590721011153
2020,6,LA,57,-2.7999400308257427
2020,6,MIA,54,6.561633640969239
2020,6,MIN,51,3.4828987776064246
2020,6,NE,52,-12.951418700126482
2020,6,NYG,43,-8.898923979249124
2020,6,NYJ,66,-1.996705952015776
2020,6,PHI,62,-3.093595514374381
2020,6,PIT,56,-8.473608137241456
2020,6,SF,68,-2.0225185243522237
2020,6,TB,61,-2.275085956102496
2020,6,TEN,69,-3.7553527648898632
2020,6,WAS,67,-3.8390429829483486
2020,7,ARI,77,-8.343078650824431
2020,7,ATL,69,1.0546934993370671
2020,7,BUF,68,11.039486571269897
2020,7,CAR,42,12.256747626122966
2020,7,CHI,57,-0.894410829795067
2020,7,CIN,69,12.530760445456545
2020,7,CLE,49,-5.990522370046469
2020,7,DAL,48,-17.422595092405892
2020,7,DEN,73,-12.60670864418758
2020,7,DET,53,-6.257366009478282
2020,7,GB,59,4.894616600062863
2020,7,HOU,61,4.219292690519438
2020,7,JAX,57,-10.684958361742813
2020,7,KC,44,8.042209341444739
2020,7,LA,65,-1.4249501549280619
2020,7,LAC,73,9.139959054858748
2020,7,LV,60,0.7649884993831568
2020,7,NE,47,-10.287434623596535
2020,7,NO,64,-3.0263031949289143
2020,7,NYG,51,2.638518138259094
2020,7,NYJ,45,-10.198865665329826
2020,7,PHI,70,-1.0559345568929124
2020,7,PIT,73,12.667289355846279
2020,7,SEA,80,13.79408208653331
2020,7,SF,62,-7.516728605954909
2020,7,TB,68,4.0540628792608
2020,7,TEN,54,-14.0359220129472
2020,7,WAS,63,-6.354052975537305
2020,8,ATL,64,-1.02542006643489
2020,8,BAL,74,-27.165130505690648
2020,8,BUF,52,-16.42438780802945
2020,8,CAR,49,0.9145429852057463
2020,8,CHI,64,-3.182851104065776
2020,8,CIN,69,8.235860316325766
2020,8,CLE,47,-4.695057551911552
2020,8,DAL,74,-13.219306235377848
2020,8,DEN,55,-3.737953413616535
2020,8,DET,54,3.659691854759506
2020,8,GB,65,-7.003072408529409
2020,8,IND,72,-4.65659898602297
2020,8,KC,67,15.640698584602841
2020,8,LA,89,-5.74608150492899
2020,8,LAC,82,-4.093330535219941
2020,8,LV,67,-10.483470630011881
2020,8,MIA,46,3.221609832152078
2020,8,MIN,48,-17.64434998234113
2020,8,NE,60,-23.80450117091335
2020,8,NO,70,-5.209590239184248
2020,8,NYG,66,3.5863442402897627
2020,8,NYJ,54,-2.100091068832932
2020,8,PHI,55,0.19664452834559087
2020,8,PIT,48,13.817422045394768
2020,8,SEA,62,12.531679448100796
2020,8,SF,63,-0.6323691871431003
2020,8,TB,64,2.5773572269827127
2020,8,TEN,60,-11.656696920593589
2020,9,ARI,63,-12.177609924286143
2020,9,ATL,65,1.789142710085112
2020,9,BAL,61,-4.161051184427523
2020,9,BUF,54,26.761080290156364
2020,9,CAR,73,-2.4586744096181223
2020,9,CHI,72,0.9744605877333501
2020,9,DAL,68,-4.713275984806198
2020,9,DEN,70,-2.226246127060505
2020,9,DET,71,-2.0208058013042596
2020,9,GB,61,-1.9240840414508686
2020,9,HOU,57,9.748317797978734
2020,9,IND,63,-6.146181906972592
2020,9,JAX,66,-5.283983096931911
2020,9,KC,55,22.72523045539856
2020,9,LAC,73,-8.338306129795258
2020,9,LV,49,-5.379207371448979
2020,9,MIA,50,5.172934904694582
2020,9,MIN,54,-13.448630742452771
2020,9,NE,74,-18.70550650197108
2020,9,NO,67,9.168116587089031
2020,9,NYG,66,-2.4314965036782654
2020,9,NYJ,43,1.435586775458142
2020,9,PIT,64,10.8014055644162
2020,9,SEA,58,4.7554064413597
2020,9,SF,52,-3.2433390903931603
2020,9,TB,42,18.481555190824338
2020,9,TEN,50,-11.014786906540364
2020,9,WAS,48,13.089958050598693
2020,10,ARI,68,-9.973911941051494
2020,10,BAL,62,-6.080000679339149
2020,10,BUF,68,9.140014867572221
2020,10,CAR,45,6.877720753351846
2020,10,CHI,47,-2.2185184854142004
2020,10,CIN,60,-6.789973626534163
2020,10,CLE,59,-20.58594687762906
2020,10,DEN,67,-0.40120844965551017
2020,10,DET,54,-0.8392657394762137
2020,10,GB,57,-0.8503226334588221
2020,10,HOU,51,0.8251172946948881
2020,10,IND,67,4.4301566904160765
2020,10,JAX,58,-5.6718842222773125
2020,10,LA,64,5.945888953283429
2020,10,LAC,60,-6.393324260910327
2020,10,LV,64,-13.002209801925346
2020,10,MIA,55,-3.4506229649890474
2020,10,MIN,69,-2.9443133946346123
2020,10,NE,55,-19.00583427060736
2020,10,NO,49,-3.305182970908227
2020,10,NYG,62,-3.467525250368575
2020,10,PHI,62,0.37265323823498786
2020,10,PIT,67,10.245837504739196
2020,10,SEA,59,2.027335611440395
2020,10,SF,64,-6.018826272338629
2020,10,TB,73,0.17383098091980909
2020,10,TEN,59,-14.01934893959657
2020,10,WAS,80,0.033862162381437244
2020,11,ARI,60,7.602034310499839
2020,11,ATL,51,-0.17048921070845768
2020,11,BAL,63,-14.817617384214243
2020,11,CAR,66,0.6882603421355493
2020,11,CIN,62,10.394988545486983
2020,11,CLE,60,-14.936582772061213
2020,11,DAL,62,-8.041506092394513
2020,11,DEN,63,-4.61372038911258
2020,11,DET,49,-2.191633655100478
2020,11,GB,54,10.922190988505298
2020,11,HOU,56,16.757542506924693
2020,11,IND,72,-11.032267784078908
2020,11,JAX,54,3.9238612960886043
2020,11,KC,71,5.370566437781732
2020,11,LA,70,13.657622145754967
2020,11,LAC,75,10.462332410117014
2020,11,LV,56,-2.0605070516466872
2020,11,MIA,55,2.974191145463434
2020,11,MIN,59,-8.851109571376071
2020,11,NE,63,-6.3583898875448135
2020,11,NO,59,-3.326844379810945
2020,11,NYJ,54,-14.463446841195793
2020,11,PHI,60,-8.665098423759165
2020,11,PIT,70,6.395945623517063
2020,11,SEA,58,0.8787982422729601
2020,11,TB,66,7.606583427299163
2020,11,TEN,66,-10.223461484367224
2020,11,WAS,56,-10.583824145474585
2020,12,ARI,68,-5.203474334934222
2020,12,ATL,68,-1.372116519247768
2020,12,BAL,46,-30.22528770177258
2020,12,BUF,54,-4.7900510882889495
2020,12,CAR,63,0.5598126186265096
2020,12,CHI,63,4.445434042385621
2020,12,CIN,43,6.177944291469684
2020,12,CLE,59,1.4826589216619945
2020,12,DAL,53,3.612143405765844
2020,12,DEN,42,-45.98683941931952
2020,12,DET,73,-5.562690267824166
2020,12,GB,66,-5.2899144307681665
2020,12,HOU,45,12.559528251489017
2020,12,IND,66,-1.5001146405032362
2020,12,JAX,61,-6.696606097651281
2020,12,KC,69,21.28570906925895
2020,12,LA,58,-2.757806767677462
2020,12,LAC,77,2.0827871831980316
2020,12,LV,53,3.4617585112463933
2020,12,MIA,62,8.827447218279705
2020,12,MIN,68,-2.7665458838729506
2020,12,NE,47,-22.068438853355172
2020,12,NO,60,-25.664601574341482
2020,12,NYG,78,-5.388698191978969
2020,12,NYJ,50,-13.418387472629545
2020,12,PHI,60,6.576004077990849
2020,12,PIT,70,21.445378426994623
2020,12,SEA,59,2.8621046661825633
2020,12,SF,68,-13.254993233610657
2020,12,TB,53,11.645405078833948
2020,12,TEN,64,-16.771805891767144
2020,12,WAS,61,-1.4490231871604586
2020,13,ARI,59,-6.321836881718424
2020,13,ATL,60,-7.994294414917647
2020,13,BAL,54,-13.375085923406814
2020,13,BUF,66,17.135953237161473
2020,13,CHI,65,-6.50959367935473
2020,13,CIN,44,-2.0803455263376347
2020,13,CLE,69,4.059042554834602
2020,13,DAL,76,-6.052708743434209
2020,13,DEN,62,-14.510316930470967
2020,13,DET,63,-2.112332435827391
2020,13,GB,56,10.217409421290647
2020,13,HOU,57,1.7666561561718308
2020,13,IND,61,2.0004119052261626
2020,13,JAX,67,2.265888252365067
2020,13,KC,61,13.949086309456415
2020,13,LA,76,9.065991495490877
2020,13,LAC,67,3.2332181040920727
2020,13,LV,71,0.05634592872274524
2020,13,MIA,65,6.340365492953737
2020,13,MIN,81,-5.970551036758187
2020,13,NE,63,-11.47449561764325
2020,13,NO,73,-0.9572138729160407
2020,13,NYG,53,-10.588383730852385
2020,13,NYJ,58,-11.206020639631264
2020,13,PHI,52,-5.786225686852731
2020,13,PIT,67,19.192082134645382
2020,13,SEA,65,5.379050993002343
2020,13,SF,60,-4.648363292217272
2020,13,TEN,65,-4.106641939053146
2020,13,WAS,67,6.830810983456814
2020,14,ARI,75,3.2519157777229357
2020,14,ATL,53,6.819355797092852
2020,14,BAL,53,-20.777642473859586
2020,14,BUF,68,14.423168461550674
2020,14,CAR,61,-2.982112960737282
2020,14,CHI,56,11.160669582230721
2020,14,CIN,68,-9.2258406255175
2020,14,CLE,77,4.203639634243905
2020,14,DAL,47,2.7373622785857368
2020,14,DEN,55,4.226135150952803
2020,14,DET,54,7.4459168094175965
2020,14,GB,62,4.257863447550769
2020,14,HOU,56,-3.9309223847729613
2020,14,IND,57,-15.00273877591416
2020,14,JAX,69,6.799355214056768
2020,14,KC,57,12.95093843027163
2020,14,LA,60,-9.45006895810367
2020,14,LAC,70,-5.382810682058315
2020,14,LV,68,3.4628166871912613
2020,14,MIA,72,6.915297876629567
2020,14,MIN,71,-0.5232690085827385
2020,14,NE,52,-24.79771309747143
2020,14,NO,58,0.38465564620904225
2020,14,NYG,41,-7.127208244509808
2020,14,NYJ,49,-9.754608024139767
2020,14,PHI,62,-3.1408051299231188
2020,14,PIT,55,2.362432859160657
2020,14,SEA,67,-8.616052857085826
2020,14,SF,73,-5.126403170089189
2020,14,TB,45,-9.918316644099024
2020,14,TEN,64,-15.210845769615844
2020,14,WAS,56,0.8677312838179962
2020,15,ARI,67,-0.6058201583018841
2020,15,ATL,62,16.971479212084105
2020,15,BAL,61,-7.864715546735962
2020,15,BUF,64,9.444433794124052
2020,15,CAR,62,-2.5263652205467224
2020,15,CHI,63,-8.824110445049088
2020,15,CIN,53,-26.089533116176444
2020,15,CLE,62,3.030527070645339
2020,15,DAL,56,3.6082680736269523
2020,15,DEN,60,-12.338132932782154
2020,15,DET,65,1.201912348087053
2020,15,GB,55,7.287368706681496
2020,15,HOU,62,2.125928767265839
2020,15,IND,51,1.0231708779054771
2020,15,JAX,51,-9.490032085016642
2020,15,KC,86,5.253666466058693
2020,15,LA,53,-9.783329097729798
2020,15,LAC,61,-3.920047400427673
2020,15,LV,73,-11.812778041787354
2020,15,MIA,69,-8.628058530714178
2020,15,MIN,62,-8.035562355672187
2020,15,NE,49,-3.164325441632976
2020,15,NO,52,-3.8961597933219183
2020,15,NYG,52,-6.7465071781323775
2020,15,NYJ,59,2.3691960563094083
2020,15,PHI,75,-4.863605837027185
2020,15,PIT,60,-4.087236883739598
2020,15,SEA,50,0.8840454518795227
2020,15,SF,79,-9.451489829564375
2020,15,TB,61,18.616069596810448
2020,15,TEN,63,-8.263666880509218
2020,15,WAS,76,6.615268066525437
2020,16,ARI,77,1.7800458452918555
2020,16,ATL,57,2.656747322333519
2020,16,BAL,64,-8.725962729658931
2020,16,BUF,67,12.645545190394781
2020,16,CAR,59,-6.625988144995842
2020,16,CHI,67,-1.1201880649844065
2020,16,CIN,70,0.19337378974472186
2020,16,CLE,69,6.687074122221559
2020,16,DAL,63,-5.329609626815452
2020,16,DEN,74,-5.581227468477746
2020,16,DET,46,-1.455275390459121
2020,16,GB,60,-1.8031996116041893
2020,16,HOU,50,6.201573789119719
2020,16,IND,62,-5.207646373779573
2020,16,JAX,53,2.168518361055627
2020,16,KC,65,8.740183527653056
2020,16,LA,72,1.1445241462853306
2020,16,LAC,53,6.102519777585858
2020,16,LV,56,4.227759236735973
2020,16,MIA,59,-2.583344659562803
2020,16,MIN,59,9.646386766837821
2020,16,NE,45,-15.45153273476495
2020,16,NO,70,-8.368103158261103
2020,16,NYG,53,6.580639335344407
2020,16,NYJ,64,0.635065627284348
2020,16,PHI,68,-4.205330285955899
2020,16,PIT,61,22.571069319717218
2020,16,SEA,54,1.8614540428475324
2020,16,SF,51,-8.459515774659094
2020,16,TB,67,14.77000504287318
2020,16,TEN,53,-20.345748145625297
2020,16,WAS,66,-0.47748721007147
2020,17,ARI,44,-11.57170662825756
2020,17,ATL,70,1.2785571387836203
2020,17,BAL,73,-19.134790965751403
2020,17,BUF,59,13.300910491054319
2020,17,CAR,57,6.582172319554447
2020,17,CHI,73,-6.416256991151292
2020,17,CIN,40,-18.389734849333784
2020,17,CLE,57,-1.8055371809423848
2020,17,DAL,74,6.1481112563931966
2020,17,DEN,74,-2.945344895124402
2020,17,DET,55,2.414530515670754
2020,17,GB,43,5.514745301632007
2020,17,HOU,58,10.23421061450036
2020,17,IND,63,-12.432362925675195
2020,17,JAX,59,2.930785538786551
2020,17,KC,49,8.619090397747176
2020,17,LA,68,0.10679972029346008
2020,17,LAC,64,-0.3704557952005416
2020,17,LV,61,-6.042482545141348
2020,17,MIA,80,8.348549734801036
2020,17,MIN,68,0.017254843431380174
2020,17,NE,60,-2.368513255690563
2020,17,NO,61,1.7520999871804888
2020,17,NYG,50,-1.2536757141351496
2020,17,NYJ,59,-5.071526866848208
2020,17,PHI,62,1.2102221048647444
2020,17,PIT,65,-0.7362683002765102
2020,17,SEA,62,7.937235445264868
2020,17,SF,61,-5.349235847348044
2020,17,TB,59,16.7762956881927
2020,17,TEN,67,-15.881989829575849
2020,17,WAS,59,-7.071073182811194
2021,1,ARI,65,-4.242746703899824
2021,1,ATL,61,-10.995158235557723
2021,1,BAL,63,-3.53699690765803
2021,1,BUF,76,1.5320027149037352
2021,1,CAR,59,2.1732313400608216
2021,1,CHI,66,-0.09303928324672084
2021,1,CIN,62,-18.567029542980677
2021,1,CLE,55,-4.902619096365823
2021,1,DAL,76,21.23600824883112
2021,1,DEN,64,-0.25993606250267476
2021,1,DET,83,1.7018365213669617
2021,1,GB,50,-3.6240480989217727
2021,1,HOU,73,-2.8475636794959347
2021,1,IND,69,-8.733564442482555
2021,1,JAX,66,3.0189203493522943
2021,1,KC,58,8.99788295400551
2021,1,LA,45,10.49976391924754
2021,1,LAC,73,8.679770254721419
2021,1,LV,75,8.92000255982085
2021,1,MIA,47,0.9930251126593626
2021,1,MIN,71,-1.2335091409548582
2021,1,NE,69,-2.869895705278347
2021,1,NO,58,-8.525073245681558
2021,1,NYG,55,-2.478293397209863
2021,1,NYJ,56,0.11679349201064726
2021,1,PHI,66,0.022720703572931544
2021,1,PIT,50,10.80258955061435
2021,1,SEA,50,-0.3503802344203111
2021,1,SF,52,-3.104868036909758
2021,1,TB,64,15.673994412645698
2021,1,TEN,58,-7.587268280571891
2021,1,WAS,48,-11.570499682178115
2021,2,ARI,57,7.789999743302678
2021,2,ATL,69,7.536736541036215
2021,2,BAL,67,-16.864866841195248
2021,2,BUF,61,3.5528634415298077
2021,2,CAR,71,7.761570462353607
2021,2,CHI,55,-3.370073600248835
2021,2,CIN,50,-7.470604300498939
2021,2,CLE,52,-4.978078546432352
2021,2,DAL,58,-13.73451105479534
2021,2,DEN,62,2.2945686754199723
2021,2,DET,55,5.367105847055232
2021,2,GB,54,5.994245975657764
2021,2,HOU,57,-12.842213976801508
2021,2,IND,63,2.610923326204706
2021,2,JAX,50,0.9321994185447657
2021,2,KC,49,8.586825035056279
2021,2,LA,59,-0.4993885124133679
2021,2,LAC,61,4.409410670155367
2021,2,LV,62,9.76974694959577
2021,2,MIA,63,2.830320644000184
2021,2,MIN,59,-8.32493638588212
2021,2,NE,54,-0.09469664483158224
2021,2,NO,38,-13.632945598740331
2021,2,NYG,59,0.9807171710466744
2021,2,NYJ,63,-13.48654615973669
2021,2,PHI,53,-5.973724064961927
2021,2,PIT,54,2.2273880464059537
2021,2,SEA,49,1.282794013315336
2021,2,SF,65,-5.772107174763308
2021,2,TB,54,16.04187856945728
2021,2,TEN,79,-10.837901242171643
2021,2,WAS,67,7.499812009619222
2021,3,ARI,64,7.366143143735826
2021,3,ATL,56,-2.348876052669091
2021,3,BAL,52,4.158652459199597
2021,3,BUF,75,8.063365578651416
2021,3,CAR,64,3.2164031348656863
2021,3,CHI,33,1.3836767637368297
2021,3,CIN,39,-10.48411941872195
2021,3,CLE,70,-9.368477250848489
2021,3,DAL,64,-6.809831026475877
2021,3,DEN,61,-7.326659431955846
2021,3,DET,58,-5.029715905929411
2021,3,GB,56,0.3447617005024495
2021,3,HOU,44,-7.747636024247506
2021,3,IND,55,1.026321486993298
2021,3,JAX,62,-12.38258730980657
2021,3,KC,74,0.16003625618442596
2021,3,LA,60,5.7871781786283165
2021,3,LAC,60,8.986025328437464
2021,3,LV,76,-0.841774566001019
2021,3,MIA,76,-1.30648256132474
2021,3,MIN,72,-1.4768889691267328
2021,3,NE,68,2.9341840568710587
2021,3,NO,57,-8.408890991357298
2021,3,NYG,62,4.064186902776856
2021,3,NYJ,48,5.560015514492978
2021,3,PHI,51,21.298503758860566
2021,3,PIT,73,2.856010361893524
2021,3,SEA,50,7.173598438501361
2021,3,SF,61,-1.5505872788976638
2021,3,TB,68,12.931062215391343
2021,3,TEN,63,-12.761160908710407
2021,3,WAS,49,-10.6609062880886
2021,4,ARI,70,-3.689991831779471
2021,4,ATL,70,-5.654689584459549
2021,4,BAL,67,5.449710666799746
2021,4,BUF,69,-6.937010759028828
2021,4,CAR,63,0.5306361568352624
2021,4,CHI,54,-15.862974579687494
2021,4,CIN,54,-1.4854385414057036
2021,4,CLE,72,-10.558403417881978
2021,4,DAL,56,-6.043272305812131
2021,4,DEN,54,-0.946530920487898
2021,4,DET,63,-4.5039156599649965
2021,4,GB,67,1.1523462331562317
2021,4,HOU,39,-10.19206929665345
2021,4,IND,62,-2.8270177122565743
2021,4,JAX,54,-6.399582574764862
2021,4,KC,61,7.465264072916533
2021,4,LA,63,1.9449088545072768
2021,4,LAC,71,-0.7743807063555597
2021,4,LV,52,-1.1136272778877743
2021,4,MIA,46,4.316927589800068
2021,4,MIN,60,-9.361183693011622
2021,4,NE,49,23.87288072887732
2021,4,NO,65,-18.75141616051016
2021,4,NYG,61,6.364196832062763
2021,4,NYJ,58,6.342459470033612
2021,4,PHI,67,9.65384193765586
2021,4,PIT,56,1.6819566488266102
2021,4,SEA,49,-0.4669237045609176
2021,4,SF,71,-5.149332528382966
2021,4,TB,70,-1.6297534959656579
2021,4,TEN,87,-10.173986064291519
2021,4,WAS,62,-5.658262703687933
2021,5,ARI,55,3.236875791441285
2021,5,ATL,74,5.3847826413206406
2021,5,BAL,71,5.762875541834722
2021,5,BUF,51,6.881184302562627
2021,5,CAR,67,-2.0261540341732776
2021,5,CHI,57,-17.61255857714435
2021,5,CIN,63,-0.20899025220716405
2021,5,CLE,67,-10.037057057245447
2021,5,DAL,72,-6.875010220230432
2021,5,DEN,57,-8.260990391697831
2021,5,DET,60,-8.689694727460529
2021,5,GB,60,1.8671442568302443
2021,5,HOU,53,-5.032317902681971
2021,5,IND,62,2.5530906694550493
2021,5,JAX,65,-10.56199268652841
2021,5,KC,77,11.91114711684066
2021,5,LA,65,7.528004497289675
2021,5,LAC,67,2.951574903815546
2021,5,LV,58,-0.8050754409411609
2021,5,MIA,48,19.97190502782663
2021,5,MIN,61,-3.7790339379037086
2021,5,NE,59,-13.529024260528994
2021,5,NO,52,8.661430171476002
2021,5,NYG,64,-4.7011954709887505
2021,5,NYJ,51,-2.827566190093167
2021,5,PHI,58,4.103232483411656
2021,5,PIT,59,-12.869666769342897
2021,5,SEA,58,-5.946480508508389
2021,5,SF,57,-9.44770062178899
2021,5,TB,65,15.348174262505342
2021,5,TEN,58,-13.361448608338804
2021,5,WAS,75,3.370170970757791
2021,6,ARI,64,-4.303099645767361
2021,6,BAL,63,-2.9326912843518906
2021,6,BUF,71,9.7444158624595
2021,6,CAR,64,-2.235015877522528
2021,6,CHI,53,-5.521830297865948
2021,6,CIN,63,-0.07254749181725417
2021,6,CLE,50,-3.443719983100879
2021,6,DAL,83,2.7698723935937863
2021,6,DEN,72,-4.786090821855615
2021,6,DET,60,-0.47349728643895084
2021,6,GB,50,3.0408784635364947
2021,6,HOU,72,-5.908703514271285
2021,6,IND,45,-7.7108867259489235
2021,6,JAX,60,1.8568339447180504
2021,6,KC,75,12.958340903123256
2021,6,LA,63,0.011651371679610723
2021,6,LAC,51,9.250692614153323
2021,6,LV,49,-1.4370270377519034
2021,6,MIA,67,10.490489095004607
2021,6,MIN,85,0.577786249272938
2021,6,NE,47,-13.00673193119945
2021,6,NYG,70,5.60799943549296
2021,6,PHI,46,-4.519726012064041
2021,6,PIT,69,-3.8844553024872774
2021,6,SEA,57,-9.914851240944422
2021,6,TB,70,6.993957225765513
2021,6,TEN,50,-6.1081668138504135
2021,6,WAS,58,4.032992802817237
2021,7,ARI,63,-6.89958889806081
2021,7,ATL,60,5.313542286554962
2021,7,BAL,66,2.229351234255428
2021,7,CAR,56,5.750116971986651
2021,7,CHI,61,0.043628938862494415
2021,7,CIN,61,7.272717393324058
2021,7,CLE,65,3.078833342744769
2021,7,DEN,47,4.650521627131932
2021,7,DET,63,-9.423087229804372
2021,7,GB,50,12.950365088880044
2021,7,HOU,47,-1.4461935834681694
2021,7,IND,60,-6.089590514699639
2021,7,KC,63,16.806785691352122
2021,7,LA,59,13.500086761127106
2021,7,LV,62,4.819352011526801
2021,7,MIA,69,-0.8601095797359126
2021,7,NE,70,7.938401986445731
2021,7,NO,64,1.0098849656060338
2021,7,NYG,62,2.966572380354282
2021,7,NYJ,60,3.7152358392874563
2021,7,PHI,66,-13.060890488100796
2021,7,SEA,49,-13.83704068709391
2021,7,SF,51,-11.707072222934034
2021,7,TB,70,2.8076631256512274
2021,7,TEN,61,-2.3025386646145507
2021,7,WAS,64,-0.984353618696332
2021,8,ARI,53,-0.5387311836458797
2021,8,ATL,47,-8.302216422050579
2021,8,BUF,66,11.423959995083699
2021,8,CAR,71,-15.720137387094352
2021,8,CHI,63,-7.493835498416224
2021,8,CIN,50,11.219559401273738
2021,8,CLE,54,-5.9876667956510925
2021,8,DAL,65,-1.7207100758185656
2021,8,DEN,47,-3.4366139230575743
2021,8,DET,53,-7.386782146849735
2021,8,GB,70,0.5499679488795151
2021,8,HOU,54,0.6705604769565499
2021,8,IND,71,5.505306221229889
2021,8,JAX,72,6.3651937163538115
2021,8,KC,74,8.864490647573742
2021,8,LA,65,2.9683049023151495
2021,8,LAC,54,-6.013486617141295
2021,8,MIA,63,-0.02180931587066892
2021,8,MIN,59,-1.6839110497701038
2021,8,NE,74,-6.306055560708046
2021,8,NO,70,2.453540350709671
2021,8,NYG,52,6.276346800418975
2021,8,NYJ,75,9.659436424573276
2021,8,PHI,61,-16.30210803180442
2021,8,PIT,68,-2.462540591573914
2021,8,SEA,49,0.8141386265657413
2021,8,SF,51,-3.550540787332168
2021,8,TB,56,4.07914543258292
2021,8,TEN,64,-9.848953364416957
2021,8,WAS,63,0.20389989728022417
2021,9,ARI,65,-0.8436425775289691
2021,9,ATL,53,0.7121331286880417
2021,9,BAL,86,-3.7080848806126054
2021,9,BUF,61,11.680275763644532
2021,9,CAR,56,-3.623358426349488
2021,9,CHI,55,-8.738465146584918
2021,9,CIN,66,-4.319510202516231
2021,9,CLE,44,3.39623597365889
2021,9,DAL,57,-0.18081633668194375
2021,9,DEN,68,-8.50820769281947
2021,9,GB,59,-4.034843838821034
2021,9,HOU,61,5.872633222673784
2021,9,IND,59,-2.3090703002477397
2021,9,JAX,54,-4.966035637038734
2021,9,KC,60,9.203331035872274
2021,9,LA,69,1.2631693180056858
2021,9,LAC,65,7.990799615016375
2021,9,LV,66,7.762855359099108
2021,9,MIA,68,7.675182978239126
2021,9,MIN,52,-10.161246875157715
2021,9,NE,54,-27.477585413941647
2021,9,NO,70,-7.659540687288535
2021,9,NYG,50,-8.914990484714536
2021,9,NYJ,73,3.7183428463870682
2021,9,PHI,56,-19.53707646046369
2021,9,PIT,60,-8.05470086634159
2021,9,SF,51,5.696917661264845
2021,9,TEN,52,0.8663779841019181
2021,10,ARI,49,-6.004293415011174
2021,10,ATL,51,-16.708447886448262
2021,10,BAL,63,-4.264374408456995
2021,10,BUF,49,7.623266132206297
2021,10,CAR,70,-1.5312353920723665
2021,10,CLE,53,-4.943155286447043
2021,10,DAL,70,-2.126293357993858
2021,10,DEN,54,-0.32828061117065044
2021,10,DET,64,-28.377713821828365
2021,10,GB,69,4.617186290198438
2021,10,IND,58,-1.4732102124855873
2021,10,JAX,60,-3.982412318388606
2021,10,KC,74,13.124108895961461
2021,10,LA,52,6.140937426915549
2021,10,LAC,53,1.9486945755077034
2021,10,LV,49,10.901310705408784
2021,10,MIA,57,7.211160934285132
2021,10,MIN,67,-0.5208099511132214
2021,10,NE,58,-8.360774005795356
2021,10,NO,58,-4.62698874802423
2021,10,NYJ,69,-4.290243162625096
2021,10,PHI,59,-17.253145332432428
2021,10,PIT,80,-4.076864644885059
2021,10,SEA,56,11.067763024142796
2021,10,SF,62,-19.284181002407312
2021,10,TB,47,5.5691768672871955
2021,10,TEN,54,-2.3222468517444916
2021,10,WAS,67,-1.018930371127924
2021,11,ARI,75,7.585942690571146
2021,11,ATL,48,0.7404753006994613
2021,11,BAL,70,-12.782563992909035
2021,11,BUF,54,5.6740459468629485
2021,11,CAR,47,-6.344858572838175
2021,11,CHI,55,-0.05849347873165822
2021,11,CIN,67,-5.179837301595863
2021,11,CLE,63,-8.162659595883092
2021,11,DAL,59,0.2301204507633603
2021,11,DET,46,-15.369685998429429
2021,11,GB,51,-1.8279642451043188
2021,11,HOU,62,-6.755399794107481
2021,11,IND,66,-13.82234492762523
2021,11,JAX,41,-8.271079819376858
2021,11,KC,61,15.619103867010969
2021,11,LAC,64,12.4695991165936
2021,11,LV,45,-5.803800953759064
2021,11,MIA,66,-2.912313355640961
2021,11,MIN,63,-1.0832748242786905
2021,11,NE,54,-2.3181651615434062
2021,11,NO,62,-6.616164695832061
2021,11,NYG,52,11.37287312975297
2021,11,NYJ,57,5.64179362957935
2021,11,PHI,72,-14.952124406894063
2021,11,PIT,62,3.1801806101876107
2021,11,SEA,45,-10.487276845508141
2021,11,SF,62,-12.641704352872974
2021,11,TB,73,13.537335069212164
2021,11,TEN,77,-7.209015937594643
2021,11,WAS,60,-20.113660941521296
2021,12,ATL,56,-2.6595528636660037
2021,12,BAL,72,-3.2770951278508043
2021,12,BUF,60,-3.752424344420413
2021,12,CAR,49,-7.262948885255915
2021,12,CHI,65,-1.2232082165204328
2021,12,CIN,63,-7.098811870766076
2021,12,CLE,54,1.939282483524718
2021,12,DAL,69,2.3008892717568563
2021,12,DEN,56,-8.244567347823494
2021,12,DET,44,-2.69136381420223
2021,12,GB,77,3.0990887771953135
2021,12,HOU,50,-17.05740216374395
2021,12,IND,64,8.091311366297305
2021,12,JAX,71,-6.55713211482677
2021,12,LA,59,-5.227499455213547
2021,12,LAC,62,5.2787642325124455
2021,12,LV,73,-0.021097125255920002
2021,12,MIA,68,-7.783480558325218
2021,12,MIN,52,-0.8907899833642374
2021,12,NE,55,0.5705378678712347
2021,12,NO,55,-14.798964830962113
2021,12,NYG,56,3.208784133728071
2021,12,NYJ,58,-13.311928953846975
2021,12,PHI,63,-18.19664727127742
2021,12,PIT,56,-1.7471337424857292
2021,12,SEA,44,2.766292068091303
2021,12,SF,63,-15.765104679361224
2021,12,TB,60,0.8539979159832178
2021,12,TEN,59,-21.058723153704328
2021,12,WAS,77,-3.6471886100707342
2021,13,ARI,51,-7.923096743430596
2021,13,ATL,64,-3.4705030266195536
2021,13,BAL,63,-3.5410501417659557
2021,13,BUF,55,-3.78218721259721
2021,13,CHI,69,-5.830512487370044
2021,13,CIN,66,-9.385810747291101
2021,13,DAL,61,3.910026259598154
2021,13,DEN,72,-7.729849798811783
2021,13,DET,66,-0.8027839389714075
2021,13,HOU,46,-1.3198990374803654
2021,13,IND,68,-14.335751544465037
2021,13,JAX,53,-4.77420718602416
2021,13,KC,51,5.943374744817332
2021,13,LA,65,2.8824995572750645
2021,13,LAC,58,12.596376201715964
2021,13,LV,55,7.827626900239415
2021,13,MIA,65,7.816651698488464
2021,13,MIN,70,-3.1939245547566886
2021,13,NE,48,-57.10511443515618
2021,13,NO,67,-1.8499982668392478
2021,13,NYG,59,1.6781140687102125
2021,13,NYJ,54,4.522446708546712
2021,13,PHI,66,-14.071229721109086
2021,13,PIT,56,-4.225304190601598
2021,13,SEA,63,0.6370634550140419
2021,13,SF,54,-8.718004850325745
2021,13,TB,67,21.96230520285779
2021,13,WAS,59,-8.246546175520331
2021,14,ARI,71,3.2210692973204225
2021,14,ATL,63,-9.631721421130129
2021,14,BAL,65,-4.1661236148614496
2021,14,BUF,73,4.53840428835729
2021,14,CAR,61,-8.718502668083673
2021,14,CHI,56,2.87194257336002
2021,14,CIN,59,-5.780917709156597
2021,14,CLE,59,2.4480516880245773
2021,14,DAL,72,0.17853636915484694
2021,14,DEN,64,-13.494383567012846
2021,14,DET,60,-1.283103302121158
2021,14,GB,59,3.6425471179566404
2021,14,HOU,73,0.3204652299619637
2021,14,JAX,48,10.775456453363097
2021,14,KC,51,-1.7249692888820722
2021,14,LA,51,3.4494842530465752
2021,14,LAC,66,-3.5838365103259218
2021,14,LV,57,7.0845478459408255
2021,14,MIN,67,-4.056434033077144
2021,14,NO,65,-13.614696003496684
2021,14,NYG,64,-10.876818699762225
2021,14,NYJ,59,1.489936749813936
2021,14,PIT,65,-10.463461692516606
2021,14,SEA,58,-3.370609616154241
2021,14,SF,64,2.983417548239231
2021,14,TB,73,8.98655552978389
2021,14,TEN,62,-0.04528377565647945
2021,14,WAS,58,-7.647421801912357
2021,15,ARI,71,-0.8379304073226623
2021,15,ATL,55,2.758033356883327
2021,15,BAL,66,6.392778162703394
2021,15,BUF,59,0.792925211332618
2021,15,CAR,69,-5.868423848912374
2021,15,CHI,66,-7.0472450193130864
2021,15,CIN,48,-4.407394460091996
2021,15,CLE,53,-18.349373621760677
2021,15,DAL,65,0.28728809494240615
2021,15,DEN,68,-15.780450053074823
2021,15,DET,60,-8.928265869617475
2021,15,GB,54,7.344779620567987
2021,15,HOU,56,-6.693213845470137
2021,15,IND,49,-18.26598642736066
2021,15,JAX,62,-10.24169513294776
2021,15,KC,66,12.761101284713483
2021,15,LA,55,-5.215308381752548
2021,15,LAC,78,-4.3768182970010505
2021,15,LV,62,-0.6804111984468619
2021,15,MIA,66,-6.669946274522615
2021,15,MIN,56,-12.09105859244507
2021,15,NE,64,-3.060722444206476
2021,15,NO,58,-4.210566883457107
2021,15,NYG,60,-12.052392475306972
2021,15,NYJ,48,-6.305902575453115
2021,15,PHI,67,-6.630443859456214
2021,15,PIT,41,-1.0520070791244285
2021,15,SEA,50,-9.527150869369482
2021,15,SF,56,-6.495681298630607
2021,15,TB,69,0.06554161292916527
2021,15,TEN,74,-16.317190270166147
2021,15,WAS,52,-7.497163604085277
2021,16,ARI,64,-3.1880939146503806
2021,16,ATL,41,0.7581156564921976
2021,16,BAL,56,6.38672305004937
2021,16,BUF,74,17.585905339266823
2021,16,CAR,60,3.6190010358889912
2021,16,CHI,65,-5.97466209760078
2021,16,CIN,66,13.47699229690159
2021,16,CLE,61,-5.098112074078087
2021,16,DAL,69,10.723932411359726
2021,16,DEN,38,-7.8725336805770425
2021,16,DET,68,-17.410098695579745
2021,16,GB,57,2.093212672492928
2021,16,HOU,62,-13.794197118090057
2021,16,IND,60,-14.874913928409427
2021,16,JAX,70,-2.0424452424049333
2021,16,KC,65,-5.527705481419204
2021,16,LA,69,-1.5483902308388253
2021,16,LAC,59,1.348571479320504
2021,16,LV,61,-7.8242452173936385
2021,16,MIA,56,-5.593895785776653
2021,16,MIN,59,-1.4109891602548497
2021,16,NE,59,-10.012930252794472
2021,16,NO,43,-16.30936511034191
2021,16,NYG,71,-3.661288383980843
2021,16,NYJ,58,-12.065884602609406
2021,16,PHI,59,-4.697954225338069
2021,16,PIT,67,-6.175002322268163
2021,16,SEA,51,-7.6053437064675595
2021,16,SF,56,-0.10447856038808823
2021,16,TB,63,-4.18408102695903
2021,16,TEN,54,-9.738729452645368
2021,16,WAS,51,-6.556128812771189
2021,17,ARI,69,-1.7430885222510906
2021,17,ATL,45,-5.181588762336298
2021,17,BAL,62,-5.682266263231117
2021,17,BUF,68,-10.25991324773604
2021,17,CAR,52,-12.314802694779203
2021,17,CHI,62,5.161565974835403
2021,17,CIN,57,11.790645841443759
2021,17,CLE,58,-10.104523599147797
2021,17,DAL,57,6.324840533105935
2021,17,DEN,55,-10.887106684121184
2021,17,DET,60,-0.5624638001124338
2021,17,GB,73,12.605588699448573
2021,17,HOU,59,-5.374772366830838
2021,17,IND,53,-17.47609691799814
2021,17,JAX,44,0.11127347295935008
2021,17,KC,58,9.175777409611097
2021,17,LA,55,2.145587151700812
2021,17,LAC,64,-7.431861280929297
2021,17,LV,59,-6.616717551724404
2021,17,MIA,55,2.1585039658979954
2021,17,MIN,50,5.556090831756599
2021,17,NE,70,2.2667209325092252
2021,17,NO,52,-6.272262019606711
2021,17,NYG,51,-38.82024317395453
2021,17,NYJ,59,1.8116799451537102
2021,17,PHI,59,-8.784932908365317
2021,17,PIT,76,3.3762411557530236
2021,17,SEA,68,-5.623271431335597
2021,17,SF,60,-14.301514358570145
2021,17,TB,71,-1.7752234784649823
2021,17,TEN,58,-17.721086573497978
2021,17,WAS,57,-0.661388510151939
2021,18,ARI,67,-0.015209643031266484
2021,18,ATL,45,2.586894498931036
2021,18,BAL,68,-7.715548311962794
2021,18,BUF,76,2.2591068948570214
2021,18,CAR,68,5.957507846110022
2021,18,CHI,74,2.3827510306964284
2021,18,CIN,48,-4.308770410716534
2021,18,CLE,64,-16.651808912865818
2021,18,DAL,57,-10.109086857553084
2021,18,DEN,53,-8.250919124990164
2021,18,DET,57,-4.342055373024523
2021,18,GB,63,-3.2072905273664354
2021,18,HOU,54,3.239916016658151
2021,18,IND,48,-4.189270144949364
2021,18,JAX,60,0.2001015034814646
2021,18,KC,71,13.142077288997033
2021,18,LA,59,-11.085943277862153
2021,18,LAC,86,2.767363675805057
2021,18,LV,71,-7.2958010603004775
2021,18,MIA,65,-10.093422669630792
2021,18,MIN,43,-8.022706219276731
2021,18,NE,57,-10.06751486606764
2021,18,NO,69,-16.768888708042056
2021,18,NYG,56,-11.734345475477848
2021,18,NYJ,37,-6.117316113935933
2021,18,PHI,67,-11.691968921405149
2021,18,PIT,71,-3.5949495896486994
2021,18,SEA,55,-10.014866041866199
2021,18,SF,63,-15.009700495099255
2021,18,TB,58,14.892181259547833
2021,18,TEN,62,-10.511972635023037
2021,18,WAS,56,-16.551225492730747
2022,1,ARI,61,-3.0121586850432203
2022,1,ATL,70,-2.2586654233080927
2022,1,BAL,49,6.465396680393987
2022,1,BUF,55,8.879223655570655
2022,1,CAR,45,-5.025115940305902
2022,1,CHI,51,-18.096911045266157
2022,1,CIN,88,-2.341681718826294
2022,1,CLE,71,-14.874636875072
2022,1,DAL,59,-6.688315029871661
2022,1,DEN,62,2.378163895299379
2022,1,DET,64,-8.593851700425148
2022,1,GB,55,4.265085187825257
2022,1,HOU,64,-1.781471841968596
2022,1,IND,88,-7.923883301290613
2022,1,JAX,61,3.617117444022755
2022,1,KC,66,10.228167530713673
2022,1,LA,59,-3.1860950134568244
2022,1,LAC,63,2.1811419654460207
2022,1,LV,51,5.5485647098690745
2022,1,MIA,54,13.004450289601554
2022,1,MIN,60,4.297387320548296
2022,1,NE,51,-5.923499838978619
2022,1,NO,53,-3.643749991677825
2022,1,NYG,55,-18.98833659562197
2022,1,NYJ,76,4.7199719830562925
2022,1,PHI,70,2.7159028713192424
2022,1,PIT,58,6.208295619179449
2022,1,SEA,44,8.492082492871722
2022,1,SF,65,-20.396226438192212
2022,1,TB,58,-4.991362308119863
2022,1,TEN,58,-6.296642021886212
2022,1,WAS,68,9.357397647245879
2022,2,ARI,79,-4.159519623352004
2022,2,ATL,54,-10.701120920755237
2022,2,BAL,54,0.4323860009511016
2022,2,BUF,62,17.621606047595677
2022,2,CAR,52,3.2283501556286565
2022,2,CHI,38,-31.092991013275938
2022,2,CIN,61,-6.7785972943071755
2022,2,CLE,63,-4.681458729245352
2022,2,DAL,57,-9.366281879575622
2022,2,DEN,61,-3.335531251352364
2022,2,DET,56,5.901421603214507
2022,2,GB,62,-10.384750744748523
2022,2,HOU,55,8.253339799967641
2022,2,IND,43,-4.469750301782483
2022,2,JAX,66,-5.074761632942798
2022,2,KC,51,14.86791121024712
2022,2,LA,62,6.486462909848479
2022,2,LAC,71,10.214771204431338
2022,2,LV,60,4.372643977403645
2022,2,MIA,68,5.762933490469202
2022,2,MIN,57,11.014316688504133
2022,2,NE,63,0.40538160810397184
2022,2,NO,60,-1.2979623178641209
2022,2,NYG,65,5.185918521422639
2022,2,NYJ,64,-4.317195736803114
2022,2,PHI,65,-0.4057077031869083
2022,2,PIT,56,-1.7279615891831357
2022,2,SEA,45,-2.8809083832634808
2022,2,SF,69,-19.519369617320486
2022,2,TB,62,-4.291269237235717
2022,2,TEN,51,-10.895239868584806
2022,2,WAS,69,-0.003079767676350542
2022,3,ARI,79,3.12185945767387
2022,3,ATL,49,-6.8661064745820175
2022,3,BAL,52,1.1536691337823979
2022,3,BUF,85,12.844254812773503
2022,3,CAR,56,-4.332191157819959
2022,3,CHI,55,-23.345936238765702
2022,3,CIN,62,8.479036018252328
2022,3,CLE,69,-8.915468208167853
2022,3,DAL,59,-1.351661790730585
2022,3,DEN,64,-7.029317319393158
2022,3,DET,75,0.392061889171591
2022,3,GB,59,0.40432964846240926
2022,3,HOU,56,0.3004846030048247
2022,3,IND,63,-0.6864565705495984
2022,3,JAX,74,4.721732095286657
2022,3,KC,60,9.155280714233694
2022,3,LA,43,2.133610290150323
2022,3,LAC,57,7.471681686869847
2022,3,LV,65,-0.28063829128561757
2022,3,MIA,37,1.3835910405661789
2022,3,MIN,64,-3.5576762864366174
2022,3,NE,61,-0.9147968937138762
2022,3,NO,63,-5.594977405336154
2022,3,NYG,62,3.096852283323981
2022,3,NYJ,72,-1.0056616117556705
2022,3,PHI,63,3.10809405904916
2022,3,PIT,54,-7.334639242401797
2022,3,SEA,67,-0.2778343967537067
2022,3,SF,48,0.5087626166641712
2022,3,TB,56,4.5035398432186735
2022,3,TEN,52,-3.031247940201043
2022,3,WAS,66,2.4853470650585963
2022,4,ARI,67,-2.8823135003670064
2022,4,ATL,51,-19.843400430445605
2022,4,BAL,61,1.663107657041718
2022,4,BUF,59,6.983116925772947
2022,4,CAR,50,8.337334215641013
2022,4,CHI,54,-14.617087829996011
2022,4,CIN,59,5.058812084844533
2022,4,CLE,70,-9.819880702665873
2022,4,DAL,56,-7.5336583291313435
2022,4,DEN,45,-9.092347489462938
2022,4,DET,67,-11.81451291290685
2022,4,GB,70,-9.144450277090066
2022,4,HOU,49,0.5472934975916055
2022,4,IND,60,-4.829874485731089
2022,4,JAX,42,-7.259084284305562
2022,4,KC,74,10.110389859088375
2022,4,LA,66,5.4334836927327546
2022,4,LAC,62,-1.531213185479563
2022,4,LV,70,-3.2635451746838573
2022,4,MIA,59,-5.3213842339434825
2022,4,MIN,64,-2.299597137607634
2022,4,NE,54,-18.7932126775936
2022,4,NO,56,-11.312131903001232
2022,4,NYG,60,-22.283950354903904
2022,4,NYJ,66,-12.447614877512992
2022,4,PHI,73,-17.53681480680425
2022,4,PIT,57,-9.13182680021254
2022,4,SEA,61,-2.2534950956946687
2022,4,SF,49,-1.5670378597414936
2022,4,TB,58,16.60330444574357
2022,4,TEN,46,-3.5583446612176717
2022,4,WAS,69,-10.746367081351904
2022,5,ARI,66,-8.212155510078766
2022,5,ATL,57,-17.232461678877232
2022,5,BAL,59,-1.7006910705970713
2022,5,BUF,51,21.255131796294556
2022,5,CAR,60,-3.3747324347495833
2022,5,CHI,46,-10.688908527726737
2022,5,CIN,56,-2.75836445923362
2022,5,CLE,65,-7.693718591561661
2022,5,DAL,48,-18.416915996931493
2022,5,DEN,65,7.807573102987764
2022,5,DET,61,-6.949844638832248
2022,5,GB,59,0.8257454734737268
2022,5,HOU,54,-11.812655310387992
2022,5,IND,66,-7.460579930832889
2022,5,JAX,72,-2.0381391876273525
2022,5,KC,66,11.700216387257424
2022,5,LA,59,-0.7077088295402878
2022,5,LAC,66,0.07216069057132124
2022,5,LV,55,-8.801707611842613
2022,5,MIA,60,-10.969188412030517
2022,5,MIN,71,-0.8790387653968779
2022,5,NE,54,-9.229454887961897
2022,5,NO,69,-21.089263767867845
2022,5,NYG,55,-6.492393518036044
2022,5,NYJ,51,-6.816376059078716
2022,5,PHI,68,6.250526821788638
2022,5,PIT,69,5.219221244687599
2022,5,SEA,47,-5.85251342743004
2022,5,SF,57,-2.3837080650162545
2022,5,TB,73,19.02680441941298
2022,5,TEN,57,-16.472584414377557
2022,5,WAS,54,5.069478132106653
2022,6,ARI,65,-9.359446580593367
2022,6,ATL,54,-21.062616062247113
2022,6,BAL,56,1.1055584464754187
2022,6,BUF,69,4.440297326747922
2022,6,CAR,41,-18.190980684466453
2022,6,CHI,64,-10.19546827301383
2022,6,CIN,51,18.399327964174983
2022,6,CLE,64,-2.6141337119042873
2022,6,DAL,64,-9.190621296875179
2022,6,DEN,51,-4.910516622019722
2022,6,GB,65,0.5161229922221455
2022,6,IND,76,8.196119611200514
2022,6,JAX,55,-11.308743357658363
2022,6,KC,58,14.00006395475616
2022,6,LA,60,-0.11106276884678135
2022,6,LAC,81,6.859396398067464
2022,6,MIA,68,7.172104617690367
2022,6,MIN,46,10.669218254802004
2022,6,NE,60,3.0596960956851715
2022,6,NO,70,-11.583316028118107
2022,6,NYG,55,-13.757503439079654
2022,6,NYJ,48,-7.970016744608688
2022,6,PHI,63,-10.657219990851402
2022,6,PIT,57,-1.4059878166830408
2022,6,SEA,61,2.6641937644510727
2022,6,SF,57,5.249991646984187
2022,6,TB,66,-3.219713993144735
2022,6,WAS,51,-12.667709968838043
2022,7,ARI,59,-1.5013886836625745
2022,7,ATL,42,-23.283786078294135
2022,7,BAL,59,-22.502074668468055
2022,7,CAR,49,-9.03183703823965
2022,7,CHI,65,-18.544960795686823
2022,7,CIN,62,20.300596994498054
2022,7,CLE,51,-9.762036478986902
2022,7,DAL,55,-2.1147185225378227
2022,7,DEN,74,-1.127660979290268
2022,7,DET,51,-7.562375536151944
2022,7,GB,46,7.0920957495337
2022,7,HOU,64,-2.3100266698747873
2022,7,IND,61,6.501859328785898
2022,7,JAX,66,1.969604510249523
2022,7,KC,54,10.14328334066603
2022,7,LAC,66,6.2634371898390935
2022,7,LV,52,-8.23058652190064
2022,7,MIA,61,0.5779362604266591
2022,7,NE,46,-4.599668992602323
2022,7,NO,70,1.6243257480007989
2022,7,NYG,69,-7.525941454198004
2022,7,NYJ,49,-0.16083464178505702
2022,7,PIT,66,1.8374212989301197
2022,7,SEA,59,-3.713299315107088
2022,7,SF,66,2.7753777801990287
2022,7,TB,65,11.157693427342618
2022,7,TEN,53,-15.304393915213533
2022,7,WAS,71,-8.15131028353332
2022,8,ARI,66,1.6978870738636465
2022,8,ATL,64,-14.931197906844318
2022,8,BAL,68,0.3432775464127902
2022,8,BUF,51,7.402130099488247
2022,8,CAR,73,-15.636721906596662
2022,8,CHI,69,-30.344416827395314
2022,8,CIN,45,8.9023526509603
2022,8,CLE,65,-16.213024132526872
2022,8,DAL,54,-1.8140008604084934
2022,8,DEN,57,-0.40098138218906954
2022,8,DET,56,4.066713340580453
2022,8,GB,61,-16.59284925363106
2022,8,HOU,47,-4.67373487797188
2022,8,IND,51,-9.752356684675402
2022,8,JAX,63,-5.770475665728247
2022,8,LA,53,2.8243451748254045
2022,8,LV,51,1.0669621182422984
2022,8,MIA,59,3.791684884641122
2022,8,MIN,65,3.3507291743388623
2022,8,NE,66,-2.251274782148305
2022,8,NO,63,-4.860834907444694
2022,8,NYG,59,-14.406180356518728
2022,8,NYJ,56,1.2841566864933207
2022,8,PHI,49,11.575794280791762
2022,8,PIT,64,6.4283018466085196
2022,8,SEA,58,13.307408750827987
2022,8,SF,49,-1.6627776911672498
2022,8,TB,59,6.847016185016974
2022,8,TEN,54,-39.31929557411758
2022,8,WAS,59,-3.7338285122887727
2022,9,ARI,56,-6.619260939104188
2022,9,ATL,58,-9.327837670671551
2022,9,BAL,62,-10.286058864045561
2022,9,BUF,56,2.022380541477853
2022,9,CAR,48,-5.082204254964995
2022,9,CHI,68,-12.34734641278491
2022,9,CIN,68,-2.291607791010042
2022,9,DET,57,-10.202292601267516
2022,9,GB,68,3.644905370824447
2022,9,HOU,54,-17.969538326616657
2022,9,IND,51,-2.6697221339917587
2022,9,JAX,66,-4.985294959536057
2022,9,KC,88,18.989246795800575
2022,9,LA,50,-5.826328217983212
2022,9,LAC,67,-1.1559463258999259
2022,9,LV,55,-4.747408601370706
2022,9,MIA,50,0.5791359543800612
2022,9,MIN,63,2.543167083982445
2022,9,NE,57,-2.5359500395624512
2022,9,NO,45,-4.120343393749659
2022,9,NYJ,58,-8.026542026421101
2022,9,PHI,57,-2.8797146521116757
2022,9,SEA,66,-2.1560985030549706
2022,9,TB,77,0.7344852407257574
2022,9,TEN,44,-22.85238463770259
2022,9,WAS,57,-6.600203064450039
2022,10,ARI,62,3.189830409903671
2022,10,ATL,54,-16.90305212029707
2022,10,BUF,70,8.884700259992083
2022,10,CAR,63,-23.907369357489394
2022,10,CHI,55,-15.99055742675607
2022,10,CLE,58,1.1781497248287809
2022,10,DAL,77,-3.33429137607677
2022,10,DEN,66,-1.0046687315811154
2022,10,DET,56,-9.720416939152143
2022,10,GB,58,-24.766834311444196
2022,10,HOU,56,-6.569416501692382
2022,10,IND,58,-7.619222176486085
2022,10,JAX,56,5.460844455020775
2022,10,KC,61,14.688081788967844
2022,10,LA,56,-8.281661197543166
2022,10,LAC,53,6.917739139412948
2022,10,LV,63,-8.400470018386807
2022,10,MIA,63,3.0501710635329027
2022,10,MIN,74,4.307478867672565
2022,10,NO,43,-4.781153590180153
2022,10,NYG,63,-22.338706030259086
2022,10,PHI,46,-2.9107652280641827
2022,10,PIT,72,-2.9906120668682536
2022,10,SEA,48,14.289044464627887
2022,10,SF,68,-13.976972144754463
2022,10,TB,68,-8.727645238532771
2022,10,TEN,59,-4.189803587051721
2022,10,WAS,74,-16.422313502108764
2022,11,ARI,68,-2.123068623683011
2022,11,ATL,48,-11.568342413132404
2022,11,BAL,62,-5.3254485851334294
2022,11,BUF,60,-8.912500496953758
2022,11,CAR,50,1.5604932904243474
2022,11,CHI,62,-20.949830715694738
2022,11,CIN,61,9.148786473469638
2022,11,CLE,66,-0.5552471135601755
2022,11,DAL,70,-3.55236935828413
2022,11,DEN,59,-4.007432672937073
2022,11,DET,60,-5.045780111104276
2022,11,GB,59,-3.7672922015190125
2022,11,HOU,48,2.064699213951815
2022,11,IND,58,-8.114766380910188
2022,11,KC,60,-1.220973903934186
2022,11,LA,57,-17.258458859042147
2022,11,LAC,60,-0.7135125746329574
2022,11,LV,61,-6.109876197869635
2022,11,MIN,47,-7.201729556347447
2022,11,NE,53,-12.063290431814355
2022,11,NO,50,5.075293716043195
2022,11,NYG,71,-5.249581769318679
2022,11,NYJ,45,-13.238096369637365
2022,11,PHI,56,-15.9485657034176
2022,11,PIT,66,-8.756586051348503
2022,11,SF,55,-1.9334349578077115
2022,11,TEN,58,-0.7366547361016273
2022,11,WAS,67,-11.958255802295115
2022,12,ARI,63,-10.703496729570727
2022,12,ATL,54,-19.282278694488404
2022,12,BAL,67,-0.012856165864527647
2022,12,BUF,71,2.527133050099184
2022,12,CAR,64,-19.828083872562274
2022,12,CHI,53,-18.45042995124495
2022,12,CIN,61,9.67566270808704
2022,12,CLE,71,-15.447555639794198
2022,12,DAL,68,-12.772061232039134
2022,12,DEN,54,-4.160147243075906
2022,12,DET,66,-2.862485633655032
2022,12,GB,45,-9.196738368935042
2022,12,HOU,55,5.628192316402092
2022,12,IND,59,-5.350406973038691
2022,12,JAX,58,-2.4091097815283513
2022,12,KC,72,8.686280726558593
2022,12,LA,51,-17.762250993766028
2022,12,LAC,60,16.78600147366526
2022,12,LV,76,-11.680824584082538
2022,12,MIA,63,8.409276468649763
2022,12,MIN,64,4.395611153449863
2022,12,NE,51,6.330580746426284
2022,12,NO,52,4.4545042113615985
2022,12,NYG,53,-7.597985188916024
2022,12,NYJ,59,-5.876485889745958
2022,12,PHI,76,-12.262317768641223
2022,12,PIT,64,-7.371876831166446
2022,12,SEA,59,8.616634597212547
2022,12,SF,64,-1.6201978258322924
2022,12,TB,63,5.9233250362532575
2022,12,TEN,55,-2.4081616510044257
2022,12,WAS,59,-14.354788972917227
2022,13,ATL,52,-19.707433134317398
2022,13,BAL,64,-5.069390218704939
2022,13,BUF,66,-4.536118821212776
2022,13,CHI,49,-6.4100137170480025
2022,13,CIN,63,1.2962884491398263
2022,13,CLE,57,-15.835635324842078
2022,13,DAL,65,-10.312744969358823
2022,13,DEN,50,-11.882089138031043
2022,13,DET,70,11.099043520433582
2022,13,GB,62,-10.928612274508275
2022,13,HOU,62,0.8402273299232821
2022,13,IND,66,-7.672762961098667
2022,13,JAX,54,3.9878983740453067
2022,13,KC,52,-1.5289167801921244
2022,13,LA,59,-7.344862944998964
2022,13,LAC,68,0.8935615420341381
2022,13,LV,59,-2.8020855860185323
2022,13,MIA,42,22.442561636368442
2022,13,MIN,62,-1.8901808367621897
2022,13,NE,50,-0.9190850555896857
2022,13,NO,54,-2.0917045849340843
2022,13,NYG,58,-8.94767441626253
2022,13,NYJ,82,2.0070816685513915
2022,13,PHI,65,10.248692041406294
2022,13,PIT,64,-4.245694994460791
2022,13,SEA,60,7.774948750933008
2022,13,SF,72,-1.9789975653919933
2022,13,TB,73,0.748615007694442
2022,13,TEN,47,-7.885553164685044
2022,13,WAS,76,-10.036650476487063
2022,14,ARI,63,4.511584057694407
2022,14,BAL,55,-13.681667135520453
2022,14,BUF,50,-1.0575377568602384
2022,14,CAR,69,-10.292544205119642
2022,14,CIN,56,4.304445548249147
2022,14,CLE,67,-3.4285481963584497
2022,14,DAL,69,-6.829960406690394
2022,14,DEN,63,1.4321364580638485
2022,14,DET,69,2.0877261011712944
2022,14,HOU,63,-18.609133173549015
2022,14,JAX,67,7.23315822099575
2022,14,KC,62,14.915605928869002
2022,14,LA,55,-4.936960285360148
2022,14,LAC,72,13.837974021832167
2022,14,LV,58,-20.76355897147077
2022,14,MIA,47,-3.30176486613899
2022,14,MIN,59,1.9908328177565382
2022,14,NE,53,7.303233184623248
2022,14,NYG,57,-3.876921011690526
2022,14,NYJ,69,-1.831925390423228
2022,14,PHI,61,1.1528746759305042
2022,14,PIT,51,-0.7934751171691623
2022,14,SEA,50,2.9159290194511356
2022,14,SF,58,-9.811838151052077
2022,14,TB,73,8.100209272887637
2022,14,TEN,59,-2.6686911108130373
2022,15,ARI,57,-3.898150931324862
2022,15,ATL,66,-21.98516035621812
2022,15,BAL,58,-13.72892581697165
2022,15,BUF,69,-2.6266445716222053
2022,15,CAR,38,-13.727794273903504
2022,15,CHI,51,-9.345979725613308
2022,15,CIN,59,12.774285383648776
2022,15,CLE,58,1.5185563150664771
2022,15,DAL,71,-11.70315723603882
2022,15,DEN,58,-7.406753943911926
2022,15,DET,66,-4.774190688675128
2022,15,GB,62,2.5066097236929097
2022,15,HOU,55,-1.3064930113879325
2022,15,IND,75,-5.287345727284737
2022,15,JAX,69,-1.0900745573250825
2022,15,KC,75,-0.5916630625724895
2022,15,LA,38,-13.061867732750754
2022,15,LAC,64,0.501717091538012
2022,15,LV,61,-7.47572764998573
2022,15,MIA,56,1.9940882389034686
2022,15,MIN,79,-1.9403646075273118
2022,15,NE,63,-10.435370817070911
2022,15,NO,52,-12.163979194771768
2022,15,NYG,59,3.5575058753207323
2022,15,NYJ,57,-2.071295547903651
2022,15,PHI,69,-1.37543686922047
2022,15,PIT,66,-14.756540107456157
2022,15,SEA,58,5.664493040791873
2022,15,SF,57,-1.1091748089120945
2022,15,TB,70,7.546885843787898
2022,15,TEN,52,-14.54690373860872
2022,15,WAS,55,-12.981355867602574
2022,16,ARI,72,-1.1189579756723966
2022,16,ATL,66,-17.462301163962422
2022,16,BAL,49,-19.36228908598422
2022,16,BUF,58,-1.5817532187392236
2022,16,CAR,64,-15.805865975562483
2022,16,CHI,56,-14.868027184690769
2022,16,CIN,76,13.258093262189286
2022,16,CLE,65,-24.161592423915877
2022,16,DAL,64,-3.8046248024329543
2022,16,DEN,56,-11.415854256067936
2022,16,DET,60,1.7221468190352307
2022,16,GB,60,7.958633812765292
2022,16,HOU,62,-3.045158845282381
2022,16,IND,43,-0.8320968858031352
2022,16,JAX,67,-1.858299364572158
2022,16,KC,50,7.465997010469461
2022,16,LA,63,-2.643858937044008
2022,16,LAC,60,-4.770120109120979
2022,16,LV,49,-2.0838275247690774
2022,16,MIA,43,-5.553172511416793
2022,16,MIN,66,11.912224577231822
2022,16,NE,48,-0.33903665219743306
2022,16,NO,53,-31.124095843648025
2022,16,NYG,64,7.624875986948609
2022,16,NYJ,53,-7.509419434475451
2022,16,PHI,68,-8.234284292249129
2022,16,PIT,66,-5.866763097318706
2022,16,SEA,71,-14.253201451100095
2022,16,SF,48,-4.2311578678587924
2022,16,TB,77,1.593708953300077
2022,16,TEN,54,-27.17983088007682
2022,16,WAS,68,-18.067961964098888
2022,17,ARI,67,-1.149932484128613
2022,17,ATL,59,-13.501208843821221
2022,17,BAL,48,-20.61842742065587
2022,17,CAR,57,3.239433885666332
2022,17,CHI,43,-11.74598731273827
2022,17,CLE,45,-8.179288879036905
2022,17,DAL,73,0.1296335244424074
2022,17,DEN,62,-1.5034176889927142
2022,17,DET,65,-7.24725020619541
2022,17,GB,58,-4.146204323604175
2022,17,HOU,65,2.301067045101768
2022,17,IND,54,-21.04083961910672
2022,17,JAX,58,-1.733974328842658
2022,17,KC,58,22.716264779968498
2022,17,LA,44,-14.143712141297076
2022,17,LAC,62,-3.240030457175558
2022,17,LV,66,-2.7527081243919893
2022,17,MIA,67,-6.67527731674824
2022,17,MIN,55,-4.246591952714029
2022,17,NE,52,5.908973099520553
2022,17,NO,57,-11.942528632649175
2022,17,NYG,61,-7.725315650955533
2022,17,NYJ,63,2.143674331998091
2022,17,PHI,47,-3.1255060370932175
2022,17,PIT,66,-21.139018373055883
2022,17,SEA,67,-2.020275731807314
2022,17,SF,60,-1.143052900830921
2022,17,TB,72,8.79427907057102
2022,17,TEN,63,-10.692486852880478
2022,17,WAS,65,-21.949315254504874
2022,18,ARI,46,-2.226204263127385
2022,18,ATL,65,-8.562245827454774
2022,18,BAL,69,-9.432032877120456
2022,18,BUF,53,9.247107838965796
2022,18,CAR,56,-31.676582433283308
2022,18,CHI,48,-7.022556724647688
2022,18,CIN,62,14.409974115269808
2022,18,CLE,50,-5.809181034564981
2022,18,DAL,65,-13.72989145609045
2022,18,DEN,60,-11.818917964895547
2022,18,DET,58,1.1587205375062748
2022,18,GB,55,-5.457693595777857
2022,18,HOU,64,-3.6457172129303217
2022,18,IND,68,-6.759669938508228
2022,18,JAX,44,8.136990530924349
2022,18,KC,52,8.12995452433823
2022,18,LA,53,-9.196795312301143
2022,18,LAC,66,1.3199720870364695
2022,18,LV,61,5.515901817650082
2022,18,MIA,63,-13.240482078658221
2022,18,MIN,71,0.1914192909296064
2022,18,NE,63,6.0448722943427295
2022,18,NO,57,-18.339022105200254
2022,18,NYG,62,-3.2155592595377147
2022,18,NYJ,53,-9.159493193311485
2022,18,PHI,65,3.154654502868659
2022,18,PIT,67,-9.607011691403006
2022,18,SEA,66,-7.41777528416031
2022,18,SF,57,-13.210122993117906
2022,18,TB,54,-2.0204337382758286
2022,18,TEN,68,-19.638584444628016
2022,18,WAS,59,-14.720158354710739
2023,1,ARI,55,-12.265545563264302
2023,1,ATL,43,-16.239432721983576
2023,1,BAL,55,-6.2511337209831375
2023,1,BUF,62,3.392148690838981
2023,1,CAR,70,-10.021191665104457
2023,1,CHI,68,-6.589781558688978
2023,1,CIN,50,-4.6808108091354494
2023,1,CLE,70,-11.66027475148439
2023,1,DAL,55,-5.8145509795709485
2023,1,DEN,55,-0.5544752966273658
2023,1,DET,65,-7.116345625657294
2023,1,GB,59,-5.426320152641323
2023,1,HOU,66,-2.978560983231593
2023,1,IND,65,-2.087774597681469
2023,1,JAX,66,-3.592148869100842
2023,1,KC,62,12.178549819415597
2023,1,LA,78,-3.231258265292014
2023,1,LAC,73,-8.248633207523637
2023,1,LV,51,-0.4586070191626379
2023,1,MIA,63,10.554452122203905
2023,1,MIN,61,7.540114834660394
2023,1,NE,77,0.2590931855239065
2023,1,NO,58,-3.9558830060835493
2023,1,NYG,58,-4.607565752391141
2023,1,NYJ,48,-12.669596510628844
2023,1,PHI,57,3.6180543402830945
2023,1,PIT,55,6.738201163031854
2023,1,SEA,44,-0.866444713690051
2023,1,SF,60,-2.917738134662329
2023,1,TB,64,-0.6981179467402399
2023,1,TEN,56,2.200277894735314
2023,1,WAS,59,-3.35053256002521
2023,2,ARI,61,-6.490245437035814
2023,2,ATL,76,-15.489228442311253
2023,2,BAL,69,1.581697867832288
2023,2,BUF,70,0.5495632120541161
2023,2,CAR,53,-4.9976834148731
2023,2,CHI,45,-3.6006195015377496
2023,2,CIN,56,5.962187583957402
2023,2,CLE,77,-4.890884284849273
2023,2,DAL,79,-6.863057570932829
2023,2,DEN,55,-6.62176544016061
2023,2,DET,62,-13.235029962755018
2023,2,GB,45,2.7926813893848212
2023,2,HOU,70,-8.417412723813722
2023,2,IND,56,4.1615969434912525
2023,2,JAX,60,10.91557110349337
2023,2,KC,60,16.61532033234837
2023,2,LA,76,11.534400284290292
2023,2,LAC,63,3.889013353794357
2023,2,LV,39,-1.9478050562051652
2023,2,MIA,59,-3.5531876324596867
2023,2,MIN,53,7.6045135844428735
2023,2,NE,66,1.8731267163247356
2023,2,NO,67,1.334177791627511
2023,2,NYG,64,-0.4651377908885479
2023,2,NYJ,42,-0.4732357604163129
2023,2,PHI,71,-15.898591363933729
2023,2,PIT,49,-1.3724819129826926
2023,2,SEA,65,8.539883666313619
2023,2,SF,53,-9.807606638883609
2023,2,TB,66,-7.303176075220142
2023,2,TEN,58,-15.493078427068118
2023,2,WAS,63,6.696755403564092
2023,3,ARI,51,-10.523319156730897
2023,3,ATL,58,-8.438792670595241
2023,3,BAL,68,-5.876721551313125
2023,3,BUF,63,-2.3120206854645997
2023,3,CAR,72,6.63067584650382
2023,3,CHI,48,-10.183252332111191
2023,3,CIN,68,7.1593013537280985
2023,3,CLE,64,1.0733505187090486
2023,3,DAL,73,-9.798578530141732
2023,3,DEN,58,-5.131562465223749
2023,3,DET,61,-3.1798106236536117
2023,3,GB,67,3.0147781122976114
2023,3,HOU,56,0.931623950600613
2023,3,IND,79,-8.085094467748544
2023,3,JAX,69,-4.128203897372551
2023,3,KC,73,1.2988016060362484
2023,3,LA,46,10.111469937407458
2023,3,LAC,62,19.69834104661019
2023,3,LV,64,4.346331884153187
2023,3,MIA,70,-6.573508647935733
2023,3,MIN,74,1.7891258001327182
2023,3,NE,69,-16.298731405665905
2023,3,NO,56,0.5362908755029872
2023,3,NYG,45,5.920782552825088
2023,3,NYJ,57,-8.826072095778958
2023,3,PHI,77,3.130886931117516
2023,3,PIT,58,-3.21072636750237
2023,3,SEA,66,0.5007808632922717
2023,3,SF,73,-3.108167086970315
2023,3,TB,43,-1.4847092157186381
2023,3,TEN,40,-6.887079402804375
2023,3,WAS,42,8.573434430928451
2023,4,ARI,67,-1.3536846904612099
2023,4,ATL,53,-8.717637326357487
2023,4,BAL,52,-14.921957813203306
2023,4,BUF,50,4.406119495630284
2023,4,CAR,63,-11.00536568297279
2023,4,CHI,66,-4.222337562929502
2023,4,CIN,47,1.5476718227914188
2023,4,CLE,60,-4.456410805384337
2023,4,DAL,63,7.719866482038363
2023,4,DEN,46,-2.3887452871903303
2023,4,DET,70,-9.023248377655252
2023,4,GB,50,3.3027830123901203
2023,4,HOU,67,-6.6574290339181665
2023,4,IND,57,-21.109440713598048
2023,4,JAX,59,4.770342525789273
2023,4,KC,63,2.5125225621556724
2023,4,LA,76,-6.366041635996433
2023,4,LAC,57,-4.365343247589326
2023,4,LV,62,-2.4305795950274156
2023,4,MIA,55,3.955307061021951
2023,4,MIN,42,-8.095374712277042
2023,4,NE,53,-9.37259304073621
2023,4,NO,57,1.0279016798002472
2023,4,NYG,63,-7.2644076177051815
2023,4,NYJ,56,4.607485766921737
2023,4,PHI,65,1.8565991291633277
2023,4,PIT,53,-16.225070492276615
2023,4,SEA,49,2.1250617975483554
2023,4,SF,50,-1.802919104695322
2023,4,TB,64,3.5261065408121794
2023,4,TEN,58,-5.923111062368408
2023,4,WAS,69,4.944935117078886
2023,5,ARI,54,-8.999376771626633
2023,5,ATL,73,-7.68016315486334
2023,5,BAL,63,2.2837630103504925
2023,5,BUF,54,6.465732940921098
2023,5,CAR,64,-0.5941675044596195
2023,5,CHI,61,-3.7402414426695896
2023,5,CIN,75,11.414428045352276
2023,5,DAL,44,-3.933118622411391
2023,5,DEN,53,-3.1323822601786344
2023,5,DET,55,-1.5289490466768307
2023,5,GB,55,-11.494937105612335
2023,5,HOU,58,-9.472077339887653
2023,5,IND,59,-12.87408689573658
2023,5,JAX,77,0.6261712448163537
2023,5,KC,61,5.3085834765043245
2023,5,LA,51,3.8073705399737756
2023,5,LV,57,-3.9519998326636108
2023,5,MIA,51,6.234611483181252
2023,5,MIN,64,0.2400475088506937
2023,5,NE,49,-7.082381357952028
2023,5,NO,64,-7.9303032252937555
2023,5,NYG,61,-12.946918167051702
2023,5,NYJ,58,-12.272183173175533
2023,5,PHI,77,-1.338646338357552
2023,5,PIT,58,-5.961055000280513
2023,5,SF,65,-8.288911924912412
2023,5,TEN,55,0.35369602116669396
2023,5,WAS,63,16.810540050741206
2023,6,ARI,70,-5.6485840891088435
2023,6,ATL,76,-8.151584040177507
2023,6,BAL,68,-4.213973090929146
2023,6,BUF,59,-3.322743820184393
2023,6,CAR,64,-4.0854299906641245
2023,6,CHI,59,-19.88476913864328
2023,6,CIN,49,20.84875924854863
2023,6,CLE,67,-7.487209474862544
2023,6,DAL,54,-3.2055454673590167
2023,6,DEN,46,-8.6745241737884
2023,6,DET,65,13.448445309813216
2023,6,HOU,57,-3.5937710027945435
2023,6,IND,72,6.524058162338209
2023,6,JAX,55,5.988833335312915
2023,6,KC,65,10.109286801173155
2023,6,LA,50,-9.32929101586344
2023,6,LAC,60,4.958259438474988
2023,6,LV,62,-11.670849135806439
2023,6,MIA,62,1.357265009034092
2023,6,MIN,52,1.0275186075327514
2023,6,NE,51,1.589125687000803
2023,6,NO,76,-2.3409249751191075
2023,6,NYG,68,-9.848466953810552
2023,6,NYJ,53,4.004827282338752
2023,6,PHI,67,12.153699059984557
2023,6,SEA,66,-0.3710969153678634
2023,6,SF,50,-12.419525802135434
2023,6,TB,53,0.9321398330184638
2023,6,TEN,40,-4.151224717497815
2023,6,WAS,43,4.381494050802193
2023,7,ARI,59,-11.829722508535523
2023,7,ATL,63,-14.258813361326862
2023,7,BAL,54,12.428240181395328
2023,7,BUF,65,5.22942271370156
2023,7,CHI,65,-4.303171388231797
2023,7,CLE,69,-16.85760366743889
2023,7,DEN,54,-2.5992194121634338
2023,7,DET,68,4.205889649250915
2023,7,GB,61,-8.376270092901649
2023,7,IND,63,-19.97440909109421
2023,7,JAX,53,6.0013109782956935
2023,7,KC,61,13.698742929540709
2023,7,LA,61,-15.223905395288973
2023,7,LAC,55,-10.99941226569091
2023,7,LV,60,4.724519203106558
2023,7,MIA,44,1.7366017807613598
2023,7,MIN,64,10.80310104880482
2023,7,NE,55,-0.22510536692360583
2023,7,NO,87,0.09047601414827744
2023,7,NYG,58,-3.0051975414670418
2023,7,PHI,62,0.6627414255373276
2023,7,PIT,50,-5.712535738944968
2023,7,SEA,54,-6.129267466840882
2023,7,SF,50,1.3370664715767089
2023,7,TB,61,4.050741821038906
2023,7,WAS,61,2.741298714622109
2023,8,ARI,70,-5.91303948845181
2023,8,ATL,59,-3.7049967353626534
2023,8,BAL,55,-3.6103939197280277
2023,8,BUF,65,14.15158529694266
2023,8,CAR,55,3.549968031319739
2023,8,CHI,61,-7.411601577625937
2023,8,CIN,58,9.602930030689127
2023,8,CLE,71,-8.165975418728856
2023,8,DAL,57,14.640336013153988
2023,8,DEN,59,-8.845091200733595
2023,8,DET,78,-10.566727243936985
2023,8,GB,58,3.5673240649289117
2023,8,HOU,55,-11.442880115725762
2023,8,IND,65,-2.642732858657826
2023,8,JAX,63,-2.5250815978598906
2023,8,KC,54,8.038200548401564
2023,8,LA,58,-11.742959967974997
2023,8,LAC,65,2.4991761377224697
2023,8,LV,39,-3.690750018144262
2023,8,MIA,68,11.238354181542087
2023,8,MIN,64,5.287894740467891
2023,8,NE,47,-4.154468470431405
2023,8,NO,64,-2.055761672090739
2023,8,NYG,66,-29.74352561163177
2023,8,NYJ,57,1.9594074864136668
2023,8,PHI,58,2.035250771662278
2023,8,PIT,60,3.0133390426635653
2023,8,SEA,53,2.104042864070743
2023,8,SF,54,4.764946522536107
2023,8,TB,59,1.7237368276563636
2023,8,TEN,62,-6.454340632884758
2023,8,WAS,68,17.593306960428446
2023,9,ARI,41,-3.8032709098443584
2023,9,ATL,65,-6.963972220054004
2023,9,BAL,71,-0.7584402783655575
2023,9,BUF,55,15.276243632489983
2023,9,CAR,67,-5.194984354189936
2023,9,CHI,62,-8.276053998739485
2023,9,CIN,63,18.338834648094505
2023,9,CLE,69,-16.235509962923285
2023,9,DAL,65,6.504967602399647
2023,9,GB,61,-9.202081114664434
2023,9,HOU,61,0.635406448215714
2023,9,IND,53,-4.797592773190063
2023,9,KC,51,8.93149475256606
2023,9,LA,54,-10.355374768928261
2023,9,LAC,50,-2.564779102802295
2023,9,LV,59,-11.300780371589154
2023,9,MIA,55,-9.019698446447222
2023,9,MIN,69,-3.3122365457423975
2023,9,NE,62,6.2164011501496645
2023,9,NO,61,-0.4906347906980191
2023,9,NYG,55,-6.867745003917025
2023,9,NYJ,69,0.5912125110626443
2023,9,PHI,56,-4.826414605070417
2023,9,PIT,59,-7.971028402700286
2023,9,SEA,42,-2.858336766560887
2023,9,TB,61,-9.454721994087356
2023,9,TEN,63,-6.4838490552372114
2023,9,WAS,73,7.5291806704377855
2023,10,ARI,58,-0.7493088728395381
2023,10,ATL,62,-23.108669370412795
2023,10,BAL,47,-0.49560900698316646
2023,10,BUF,53,-8.312685900139382
2023,10,CAR,54,8.226573825986282
2023,10,CHI,69,-7.377384127914032
2023,10,CIN,55,9.05603257092562
2023,10,CLE,71,-8.539273831206318
2023,10,DAL,76,9.574538312460279
2023,10,DEN,65,-15.982786600406351
2023,10,DET,61,-2.245759280001547
2023,10,GB,63,-4.361453534118698
2023,10,HOU,73,-1.5421846855993238
2023,10,IND,53,-6.888488750412813
2023,10,JAX,49,6.915676897885826
2023,10,LAC,68,-0.5984090706881551
2023,10,LV,59,-17.962905196315127
2023,10,MIN,67,2.392182871699333
2023,10,NE,63,-17.159328526920763
2023,10,NO,60,0.8965135862430085
2023,10,NYG,49,-3.831734462660208
2023,10,NYJ,61,1.1093108868989843
2023,10,PIT,59,-11.079393377748575
2023,10,SEA,72,0.4953773485289359
2023,10,SF,55,-2.7339622784744666
2023,10,TB,57,-2.7938426390551663
2023,10,TEN,55,-1.3911434195258199
2023,10,WAS,58,11.022006155088015
2023,11,ARI,56,-8.115247690251914
2023,11,BAL,57,-2.8192654382764415
2023,11,BUF,68,-8.248299393145487
2023,11,CAR,51,-3.9930703885414753
2023,11,CHI,68,-14.217437540783578
2023,11,CIN,54,-1.0571641778504337
2023,11,CLE,70,-8.399286312716336
2023,11,DAL,65,3.908171619360279
2023,11,DEN,50,-1.7425176501274064
2023,11,DET,57,-11.287610206687681
2023,11,GB,67,1.141105692333233
2023,11,HOU,62,-1.5917408370202724
2023,11,JAX,68,-4.94264798677142
2023,11,KC,72,-1.195443545778574
2023,11,LA,57,-9.053344632449923
2023,11,LAC,59,4.145401034314755
2023,11,LV,57,1.9906328174106092
2023,11,MIA,66,5.682959339835458
2023,11,MIN,68,-4.116963419844122
2023,11,NYG,45,2.48252391815188
2023,11,NYJ,49,-3.472827891914232
2023,11,PHI,46,-5.719988776937779
2023,11,PIT,53,-8.107116143658466
2023,11,SEA,59,4.274345505035493
2023,11,SF,53,-2.4585265174226545
2023,11,TB,62,7.419635018994719
2023,11,TEN,34,-13.564161123598318
2023,11,WAS,73,-2.691378250513954
2023,12,ARI,62,0.6035905691884946
2023,12,ATL,61,-16.276139252987104
2023,12,BAL,65,-2.647290355884113
2023,12,BUF,90,-1.8746755686071315
2023,12,CAR,63,-12.476690421028724
2023,12,CHI,62,-0.6859995184406387
2023,12,CIN,36,12.896896815962267
2023,12,CLE,66,-2.093828085697036
2023,12,DAL,51,6.375790898706413
2023,12,DEN,57,-10.867329490812171
2023,12,DET,76,-8.817815957100784
2023,12,GB,54,12.656676555397329
2023,12,HOU,54,8.490420657175557
2023,12,IND,67,6.32515309461904
2023,12,JAX,68,0.03169157049232041
2023,12,KC,55,11.986777653748371
2023,12,LA,66,-2.6357290871215966
2023,12,LAC,63,6.767456115238213
2023,12,LV,57,-7.306135223622878
2023,12,MIA,65,-11.040864506593124
2023,12,MIN,49,-1.2810916620858204
2023,12,NE,66,-9.96018557837518
2023,12,NO,65,-10.401322474846442
2023,12,NYG,43,-0.3087319606958516
2023,12,NYJ,48,4.4607648625969665
2023,12,PHI,62,-10.270699834631314
2023,12,PIT,63,-6.038666859505659
2023,12,SEA,48,-3.0434900894761086
2023,12,SF,62,-2.478526280291571
2023,12,TB,50,-3.6657271683216197
2023,12,TEN,48,-1.5804153711845403
2023,12,WAS,71,0.4703117718159566
2023,13,ARI,58,-13.521883071496593
2023,13,ATL,60,-19.412364587187735
2023,13,CAR,66,-17.782380635088106
2023,13,CIN,70,-2.1198040885584635
2023,13,CLE,67,2.0590164545757017
2023,13,DAL,74,0.6597712837361214
2023,13,DEN,55,-9.930273673751156
2023,13,DET,54,-12.681841739901756
2023,13,GB,61,8.663431445106163
2023,13,HOU,58,-6.159765735782441
2023,13,IND,65,7.460946990893458
2023,13,JAX,64,3.336218954063952
2023,13,KC,58,-4.190616206876186
2023,13,LA,61,-1.481439289255182
2023,13,LAC,59,6.2382199122744115
2023,13,MIA,59,-11.339393561169226
2023,13,NE,57,-12.04816461132282
2023,13,NO,64,-17.452669190242887
2023,13,NYJ,63,-9.393436851955562
2023,13,PHI,67,9.127110198362532
2023,13,PIT,57,-14.064164956410751
2023,13,SEA,62,-0.716691752595322
2023,13,SF,54,-0.7731088471633507
2023,13,TB,55,-6.865852393887273
2023,13,TEN,74,-13.832648400519348
2023,13,WAS,52,-13.020714057179628
2023,14,ATL,66,-4.869956003897135
2023,14,BAL,69,5.563453185385569
2023,14,BUF,67,5.852699235304093
2023,14,CAR,75,-14.745071212450632
2023,14,CHI,62,3.95215062064026
2023,14,CIN,57,-5.915553397253925
2023,14,CLE,70,5.94127159033504
2023,14,DAL,71,-0.16174319029689244
2023,14,DEN,61,-0.14328322693950568
2023,14,DET,59,-14.12411319502327
2023,14,GB,65,-5.196828521214957
2023,14,HOU,47,-11.215020621076565
2023,14,IND,57,3.8248200949869915
2023,14,JAX,70,4.973774275609455
2023,14,KC,61,6.659758701676233
2023,14,LA,71,-3.354462960236515
2023,14,LAC,61,-0.1445768065140074
2023,14,LV,49,0.8224768145960071
2023,14,MIA,64,-4.410554352216423
2023,14,MIN,66,-3.500093965593598
2023,14,NE,53,2.3695205883035197
2023,14,NO,49,-2.382771579586729
2023,14,NYG,54,-5.222485407635025
2023,14,NYJ,61,6.237849696982134
2023,14,PHI,51,-11.110304675850202
2023,14,PIT,64,-3.508469951339066
2023,14,SEA,52,1.5710453001352542
2023,14,SF,49,0.1416241636081894
2023,14,TB,66,-18.293347051649395
2023,14,TEN,67,-7.221087768896317
2023,15,ARI,70,-7.9458211788109185
2023,15,ATL,50,-19.741783380508416
2023,15,BAL,66,-4.872235190123309
2023,15,BUF,61,-17.388346492022766
2023,15,CAR,57,-20.203571622831774
2023,15,CHI,67,-4.395382884723054
2023,15,CIN,62,2.4596371477649925
2023,15,CLE,63,5.096294908296517
2023,15,DAL,54,-0.32546669244769566
2023,15,DEN,59,-7.4911806795556535
2023,15,DET,62,3.2681271974597803
2023,15,GB,55,3.2417526570233557
2023,15,HOU,68,-15.554249944055776
2023,15,IND,61,-5.53607398979975
2023,15,JAX,60,4.726921568314236
2023,15,KC,55,12.715934596278423
2023,15,LA,71,-5.798861355533913
2023,15,LAC,60,-16.14576632777852
2023,15,LV,62,7.660433325556026
2023,15,MIA,52,-9.805023269011437
2023,15,MIN,64,2.8215430909767747
2023,15,NE,47,-2.8359879204567173
2023,15,NO,54,-1.2460222122845477
2023,15,NYG,53,-3.6914247386860444
2023,15,NYJ,49,3.1618653511514494
2023,15,PHI,69,-8.343036515989155
2023,15,PIT,50,-13.953323304653143
2023,15,SEA,56,-8.474001900425964
2023,15,SF,51,0.48142296134257023
2023,15,TB,53,-4.9426354784167454
2023,15,TEN,56,-11.893662916762482
2023,15,WAS,57,-0.7938358867377815
2023,16,ARI,58,-8.490207585795206
2023,16,ATL,62,-1.8595244855649673
2023,16,BAL,60,6.327361604198778
2023,16,BUF,51,-16.961775077324308
2023,16,CAR,61,-5.588302284967672
2023,16,CHI,66,-4.045993575092477
2023,16,CIN,59,6.193010887857198
2023,16,CLE,76,2.567500689704205
2023,16,DAL,56,1.753911828356114
2023,16,DEN,61,-3.6000529762174716
2023,16,DET,74,-0.46298191756815044
2023,16,GB,62,-9.516951369662447
2023,16,HOU,65,-2.3619460601073228
2023,16,IND,61,-1.5243195363732975
2023,16,JAX,59,11.50147172354037
2023,16,KC,70,4.624711615698651
2023,16,LA,65,-1.7629369864097022
2023,16,LAC,60,-3.266151919960958
2023,16,LV,48,-7.950259364830958
2023,16,MIA,61,0.5873360106202763
2023,16,MIN,46,4.931884291379351
2023,16,NE,53,-2.5678974558722145
2023,16,NO,56,1.82083307632378
2023,16,NYG,57,-9.490720640149043
2023,16,NYJ,85,1.2183251363389602
2023,16,PHI,73,-2.469448990201306
2023,16,PIT,57,1.5994674411782317
2023,16,SEA,56,-3.333294657724273
2023,16,SF,64,-0.03127227537333965
2023,16,TB,68,-2.1298695300870585
2023,16,TEN,57,-10.604468824570624
2023,16,WAS,57,-0.8439401262685053
2023,17,ARI,71,-11.917635210802857
2023,17,ATL,57,-4.217016174082189
2023,17,BAL,52,-2.6679797384601023
2023,17,BUF,65,-3.27074916316914
2023,17,CAR,47,-3.451327123540515
2023,17,CHI,69,-4.134174903341803
2023,17,CIN,65,-3.002791244250047
2023,17,CLE,57,-1.993279734201614
2023,17,DAL,58,7.099406626717819
2023,17,DEN,63,-0.40080672691737984
2023,17,DET,64,-13.549738610163331
2023,17,GB,71,2.72999071109461
2023,17,HOU,60,4.904398005455701
2023,17,IND,51,-5.077204195892121
2023,17,JAX,55,-9.4864259795709
2023,17,KC,49,2.062562868303197
2023,17,LA,56,5.397950778050076
2023,17,LAC,61,-10.186105233723964
2023,17,LV,72,-2.2526179336839647
2023,17,MIA,64,-6.880122283473611
2023,17,MIN,47,-0.6807460746866778
2023,17,NE,49,-0.6781194283037584
2023,17,NO,66,-4.570183276452822
2023,17,NYG,61,2.4098899520811567
2023,17,NYJ,66,-0.3432296668038237
2023,17,PHI,47,-13.077605594979925
2023,17,PIT,69,-15.978432225360418
2023,17,SEA,48,4.011915934582544
2023,17,SF,65,-4.02858522648995
2023,17,TB,48,-3.1823767970005634
2023,17,TEN,47,-14.942190431533952
2023,17,WAS,42,4.166691821245916
2023,18,ARI,68,-14.642396656905865
2023,18,ATL,59,-8.053257430003846
2023,18,BAL,52,-8.02751596157366
2023,18,BUF,72,0.8879986798597472
2023,18,CAR,47,-23.25795026535682
2023,18,CHI,41,-15.909181753309747
2023,18,CIN,58,-0.8955331647704456
2023,18,CLE,49,-16.234117685532112
2023,18,DAL,69,6.924252751944692
2023,18,DEN,53,-0.984936193475161
2023,18,DET,55,9.915546307509581
2023,18,GB,57,5.108707012575941
2023,18,HOU,54,-1.5456346312054503
2023,18,IND,62,-23.867544027105474
2023,18,JAX,66,-0.5490590225566416
2023,18,KC,57,-5.860042833445345
2023,18,LA,60,-11.229362388451902
2023,18,LAC,77,5.37234091913551
2023,18,LV,60,-2.936912663280944
2023,18,MIA,47,-7.195178815659087
2023,18,MIN,66,-4.051724031116011
2023,18,NE,51,-7.865943073057624
2023,18,NO,63,-8.986597425407867
2023,18,NYG,64,13.683362008305266
2023,18,NYJ,63,-24.266015643638312
2023,18,PHI,60,-5.4306707282860796
2023,18,PIT,58,-22.30915777899068
2023,18,SEA,54,-9.137133619299654
2023,18,SF,54,-11.525901020676999
2023,18,TB,58,-0.43612632515100946
2023,18,TEN,50,-1.306533262133569
2023,18,WAS,44,8.622946353121241
2024,1,ARI,56,-4.6112666172640875
2024,1,ATL,47,-12.62200062579294
2024,1,BAL,73,-4.928049404327162
2024,1,BUF,55,-8.403009230440317
2024,1,CAR,51,-9.995253296459428
2024,1,CHI,50,1.7493112683296008
2024,1,CIN,45,8.400805691877999
2024,1,CLE,64,0.028055161237716675
2024,1,DAL,56,-1.5203515599880757
2024,1,DEN,67,-1.6831110662488769
2024,1,DET,59,-8.766747038748285
2024,1,GB,57,-2.7361987975605406
2024,1,HOU,71,-7.063986759790264
2024,1,IND,42,-13.407813048078898
2024,1,JAX,47,-10.391960974703467
2024,1,KC,47,6.619226488661245
2024,1,LA,72,3.782094580431794
2024,1,LAC,51,-8.648241004523094
2024,1,LV,55,-0.451510846614811
2024,1,MIA,62,-6.814016834382109
2024,1,MIN,49,0.2901319338350916
2024,1,NE,60,-7.206500638276358
2024,1,NO,61,-9.78169281218874
2024,1,NYG,63,-6.852516863081171
2024,1,NYJ,49,-5.963825997041194
2024,1,PHI,71,-2.7881893998300544
2024,1,PIT,64,-10.981281870044768
2024,1,SEA,56,-6.748313203986228
2024,1,SF,66,-12.910581131776183
2024,1,TB,58,0.6030324589589964
2024,1,TEN,58,-4.548158419543336
2024,1,WAS,54,-2.9947815118012255
2024,2,ARI,61,-5.598232394359165
2024,2,ATL,56,-9.721276776066867
2024,2,BAL,59,-12.034799739465885
2024,2,BUF,42,-2.2118762002459604
2024,2,CAR,44,-13.460030406713475
2024,2,CHI,59,-1.8886511356143831
2024,2,CIN,58,10.16214430203728
2024,2,CLE,63,4.205152383517663
2024,2,DAL,62,-5.654492012916079
2024,2,DEN,54,-5.296873384051848
2024,2,DET,82,-2.092870306677952
2024,2,GB,67,-31.093457975049493
2024,2,HOU,57,0.7837596169689154
2024,2,IND,51,-6.030246673845774
2024,2,JAX,50,-5.22641551494597
2024,2,KC,58,-8.237869832022449
2024,2,LA,47,-15.031575744456438
2024,2,LAC,61,-14.644131015558697
2024,2,LV,54,8.778870243717096
2024,2,MIA,73,-16.44407988411105
2024,2,MIN,47,3.033244039149985
2024,2,NE,63,-12.479976221682548
2024,2,NO,52,-14.68447769204011
2024,2,NYG,52,-9.972464006680715
2024,2,NYJ,53,1.3395489386792359
2024,2,PHI,67,-8.135186992029631
2024,2,PIT,56,-17.665906064212322
2024,2,SEA,61,10.973422107149355
2024,2,SF,61,-7.746401282607507
2024,2,TB,41,0.6304182021355964
2024,2,TEN,56,-12.343304444636638
2024,2,WAS,62,-8.222958998333985
2024,3,ARI,52,-1.3301579998089563
2024,3,ATL,53,-11.760312178224897
2024,3,BAL,58,-22.709332046837634
2024,3,BUF,59,1.1832021050534158
2024,3,CAR,67,4.418108545577359
2024,3,CHI,80,-4.46186309680342
2024,3,CIN,59,-1.133856404635869
2024,3,CLE,55,3.375219973650845
2024,3,DAL,69,3.2918544783108517
2024,3,DEN,63,10.351417033327026
2024,3,DET,64,-15.529153146781027
2024,3,GB,56,-12.858823916342626
2024,3,HOU,57,4.546590750677549
2024,3,IND,50,-18.31822089850903
2024,3,JAX,63,2.8055482085734718
2024,3,KC,69,6.6226280253865895
2024,3,LA,52,-14.938347213543379
2024,3,LAC,40,-17.123703956604007
2024,3,LV,57,-1.222327194715811
2024,3,MIA,50,0.6904988586902583
2024,3,MIN,55,-0.06321755322545863
2024,3,NE,41,-8.428304515233853
2024,3,NO,54,-13.142147881013377
2024,3,NYG,64,2.332383970497176
2024,3,NYJ,68,-0.7242451914969417
2024,3,PHI,61,-0.07509200787936265
2024,3,PIT,61,-8.358474729246801
2024,3,SEA,55,11.038682393052401
2024,3,SF,64,0.1670696772634983
2024,3,TB,49,-2.4822131407504
2024,3,TEN,45,10.354615615473872
2024,3,WAS,53,4.3833213032416385
2024,4,ARI,54,-25.46663847234512
2024,4,ATL,50,6.764173239469528
2024,4,BAL,53,-13.794649771924284
2024,4,BUF,54,-0.9380003092465672
2024,4,CAR,69,-1.7540496328602662
2024,4,CHI,49,-10.371729883612407
2024,4,CIN,62,-5.502860668686093
2024,4,CLE,54,4.840738878205975
2024,4,DAL,49,0.805023631879298
2024,4,DEN,54,-15.492029543276164
2024,4,DET,45,-5.696344512204349
2024,4,GB,74,0.06512552499772228
2024,4,HOU,66,-4.989383121331514
2024,4,IND,61,-8.191332221031223
2024,4,JAX,56,3.412996392164891
2024,4,KC,52,-4.32126573645154
2024,4,LA,55,-6.972919702529879
2024,4,LAC,51,-7.4330059044501295
2024,4,LV,51,-12.021282490561996
2024,4,MIA,53,-23.384232903426522
2024,4,MIN,59,8.911553498799524
2024,4,NE,56,-10.96100695431229
2024,4,NO,69,-8.88768864282662
2024,4,NYG,63,-5.240511870573405
2024,4,NYJ,65,5.359698235988642
2024,4,PHI,49,-2.7042941475401094
2024,4,PIT,63,-12.12006225472403
2024,4,SEA,76,7.835811572639583
2024,4,SF,58,-1.183231271289531
2024,4,TB,71,15.287655224682617
2024,4,TEN,60,-20.637582441171
2024,4,WAS,68,3.6981035023927245
2024,5,ARI,55,-8.286361206661585
2024,5,ATL,75,3.006702860196453
2024,5,BAL,75,-1.9668732086817409
2024,5,BUF,58,-9.870426665092346
2024,5,CAR,54,-6.0030334249690736
2024,5,CHI,66,-2.622673683094301
2024,5,CIN,63,6.4998949804003665
2024,5,CLE,52,-7.933053875771822
2024,5,DAL,73,-3.782803003918611
2024,5,DEN,51,-0.09835162291337296
2024,5,GB,54,-6.716303748113139
2024,5,HOU,66,-3.3082961810357414
2024,5,IND,64,6.333706574514508
2024,5,JAX,57,0.3720992489865349
2024,5,KC,75,0.27343455950417095
2024,5,LA,74,-2.7910096822558517
2024,5,LV,63,-5.8255093201758035
2024,5,MIA,73,-14.32329976599508
2024,5,MIN,60,-1.177419871091856
2024,5,NE,52,-5.252990671075297
2024,5,NO,50,3.8154235184192475
2024,5,NYG,67,-0.2856851958517037
2024,5,NYJ,68,6.137277229743832
2024,5,PIT,54,-3.3991897271739235
2024,5,SEA,51,10.143862869225295
2024,5,SF,61,2.8700737191027836
2024,5,TB,49,8.536457338807502
2024,5,WAS,62,-6.215980060158177
2024,6,ARI,55,-6.845141405409006
2024,6,ATL,65,-4.356399407753581
2024,6,BAL,61,-7.625859792603795
2024,6,BUF,55,-8.707361410964632
2024,6,CAR,62,-5.631665500902338
2024,6,CHI,55,0.6834271821108406
2024,6,CIN,46,9.804242250064132
2024,6,CLE,48,-11.216939333826303
2024,6,DAL,61,1.1760415112386124
2024,6,DEN,52,-0.4666072244827624
2024,6,DET,61,-3.300668061023837
2024,6,GB,68,-1.8867451314102834
2024,6,HOU,59,0.2993956208229176
2024,6,IND,66,-0.1347334208813944
2024,6,JAX,56,0.5981462342398602
2024,6,LAC,69,-1.2275606069875322
2024,6,LV,60,-1.8023533622424037
2024,6,NE,59,-11.667826266612046
2024,6,NO,61,-0.3263726586201221
2024,6,NYG,69,0.17876037652941879
2024,6,NYJ,56,-4.201950665031163
2024,6,PHI,57,-12.849930608481708
2024,6,PIT,58,-4.036650755282112
2024,6,SEA,71,-5.091125528577367
2024,6,SF,61,-1.9917581291472808
2024,6,TB,72,-0.058871926739823
2024,6,TEN,55,-9.118434515866348
2024,6,WAS,53,6.671221357471535
2024,7,ARI,53,-1.1039465384663383
2024,7,ATL,67,-11.679549670931133
2024,7,BAL,52,-6.558154749039257
2024,7,BUF,53,10.2290963508048
2024,7,CAR,40,-10.630941279232491
2024,7,CIN,47,-5.954737208308025
2024,7,CLE,73,3.7333749132613336
2024,7,DEN,59,-0.10773352647228673
2024,7,DET,50,-11.414387285709381
2024,7,GB,53,-1.3687588415055685
2024,7,HOU,54,-14.721489311368401
2024,7,IND,60,-11.39107810954253
2024,7,JAX,60,-12.263866638143867
2024,7,KC,64,-2.856387273641303
2024,7,LA,49,-7.6836577635638506
2024,7,LAC,60,1.6250202308098594
2024,7,LV,73,-10.781056423709835
2024,7,MIA,65,-21.417677242022304
2024,7,MIN,49,2.129038925073601
2024,7,NE,53,3.7270446430962
2024,7,NO,59,-1.3361582564095253
2024,7,NYG,46,-4.835599596085771
2024,7,NYJ,55,8.635479022156112
2024,7,PHI,59,-18.271858188307878
2024,7,PIT,65,-8.754082783483558
2024,7,SEA,55,-1.5511766753413592
2024,7,SF,56,-1.5508907980152697
2024,7,TB,76,-2.181407142626579
2024,7,TEN,63,-0.8798919736392574
2024,7,WAS,60,-10.432419124990687
2024,8,ARI,62,-2.810499408552758
2024,8,ATL,58,-5.41740960987479
2024,8,BAL,57,-0.011321562424038145
2024,8,BUF,65,-0.25222683755249387
2024,8,CAR,58,-3.750063478946719
2024,8,CHI,58,-12.393232486371353
2024,8,CIN,56,7.819136205528487
2024,8,CLE,65,4.696357915034666
2024,8,DAL,56,-4.217089659401363
2024,8,DEN,69,5.5255307883455895
2024,8,DET,43,-3.965060932691722
2024,8,GB,63,-14.717202219698184
2024,8,HOU,66,0.9208815341646082
2024,8,IND,56,-7.590652470077764
2024,8,JAX,55,-7.557224360379289
2024,8,KC,63,3.001119149109699
2024,8,LA,63,-4.4761564878244116
2024,8,LAC,60,3.6707015087206973
2024,8,LV,48,-10.524179972708225
2024,8,MIA,63,-0.4850456402414993
2024,8,MIN,46,-3.217264329609648
2024,8,NE,62,-9.42793392365977
2024,8,NO,63,-3.6015969420236105
2024,8,NYG,64,-12.661028141155839
2024,8,NYJ,57,-5.645503129875462
2024,8,PHI,59,-14.830541939048425
2024,8,PIT,57,-8.519263983818515
2024,8,SEA,45,3.310315675205655
2024,8,SF,61,-8.748611734538825
2024,8,TB,70,2.391058142696134
2024,8,TEN,70,-5.208738361086141
2024,8,WAS,70,-0.48287504485672317
2024,9,ARI,54,-13.497157622542632
2024,9,ATL,52,-9.99186434424838
2024,9,BAL,52,-13.637045075973631
2024,9,BUF,58,6.007236370752578
2024,9,CAR,48,-4.659822055449081
2024,9,CHI,63,-2.741555207305457
2024,9,CIN,68,9.115834282163316
2024,9,CLE,70,0.6640164341245591
2024,9,DAL,71,-0.7515624585286318
2024,9,DEN,63,-5.428498888772615
2024,9,DET,51,-4.989209004184792
2024,9,GB,63,-5.428107059191111
2024,9,HOU,66,-8.938093506025568
2024,9,IND,45,-6.682807803153967
2024,9,JAX,50,0.21142944693566257
2024,9,KC,79,0.2973080624508295
2024,9,LA,68,5.8140718980747135
2024,9,LAC,48,-0.5369394086301327
2024,9,LV,54,-4.8161337497057755
2024,9,MIA,58,-8.323070792288622
2024,9,MIN,66,-0.1533600417050085
2024,9,NE,60,8.46025755008063
2024,9,NO,74,-18.521017994026877
2024,9,NYG,59,-13.760915726928364
2024,9,NYJ,52,3.8237800678381895
2024,9,PHI,70,-15.136072422776914
2024,9,SEA,66,-10.146242447874743
2024,9,TB,50,0.19962960481645364
2024,9,TEN,72,-12.527535690201619
2024,9,WAS,57,-5.651507657348071
2024,10,ARI,55,-3.632813902063786
2024,10,ATL,70,-12.149260576282227
2024,10,BAL,58,-2.613381938687709
2024,10,BUF,67,2.0586929881750926
2024,10,CAR,57,-9.52005679147283
2024,10,CHI,50,-9.899880617856994
2024,10,CIN,73,14.000698138181466
2024,10,DAL,53,-11.329917187960659
2024,10,DEN,53,-4.900224478739634
2024,10,DET,63,-16.32643436628675
2024,10,HOU,61,-7.619345456850346
2024,10,IND,57,-2.2416346167262957
2024,10,JAX,40,-6.538289338350289
2024,10,KC,61,9.706371314212948
2024,10,LA,63,-0.5130731397204658
2024,10,LAC,55,-10.486765205860138
2024,10,MIA,49,-1.2274728593777429
2024,10,MIN,79,-5.871433811851667
2024,10,NE,59,-2.9514102517801066
2024,10,NO,51,-5.21917582726944
2024,10,NYG,69,-11.812662603198653
2024,10,NYJ,52,2.022343702041174
2024,10,PHI,59,-8.955778711933165
2024,10,PIT,69,-17.90726811125661
2024,10,SF,56,0.7810854219964303
2024,10,TB,56,-11.199045979550926
2024,10,TEN,44,-11.250562491742055
2024,10,WAS,56,-1.4573109469243617
2024,11,ATL,51,-6.269054830658649
2024,11,BAL,52,-2.768945350096763
2024,11,BUF,69,2.532430533049723
2024,11,CHI,66,-5.276738987727603
2024,11,CIN,75,2.1365552345911754
2024,11,CLE,68,-0.876841014798968
2024,11,DAL,74,4.023253233046164
2024,11,DEN,59,1.7819274911435867
2024,11,DET,74,5.420755539592853
2024,11,GB,42,-12.506128847599035
2024,11,HOU,59,8.44255151637534
2024,11,IND,67,-18.42354404837336
2024,11,JAX,46,-4.025955077098786
2024,11,KC,50,9.741481125354756
2024,11,LA,48,-0.9737186133861542
2024,11,LAC,60,0.6736229856808773
2024,11,LV,60,0.7733034963409158
2024,11,MIA,61,4.997193917143528
2024,11,MIN,64,5.789216115954332
2024,11,NE,69,-1.4112783298976583
2024,11,NO,55,0.46726233579895693
2024,11,NYJ,49,-5.329811725081212
2024,11,PHI,67,-13.608831634272361
2024,11,PIT,68,-0.8789456065963708
2024,11,SEA,55,-4.850221980701763
2024,11,SF,55,-3.1889778104695177
2024,11,TEN,50,-5.281341731548306
2024,11,WAS,61,-5.325110989515858
2024,12,ARI,51,5.194578860320287
2024,12,BAL,58,-15.297365484052644
2024,12,CAR,57,1.206565478391819
2024,12,CHI,71,2.61324870754297
2024,12,CLE,56,-0.6751745407070575
2024,12,DAL,60,3.050375400731953
2024,12,DEN,64,8.728320617228746
2024,12,DET,68,1.2488289818386455
2024,12,GB,65,-15.636415802515497
2024,12,HOU,50,5.551545798778534
2024,12,IND,48,-5.581405727813649
2024,12,KC,63,8.240575165975672
2024,12,LA,55,4.588813294063887
2024,12,LAC,56,-0.9462741602744296
2024,12,LV,68,5.2010938744334485
2024,12,MIA,61,10.130649805068936
2024,12,MIN,62,2.269922713598893
2024,12,NE,59,-1.2627596824856258
2024,12,NYG,51,-2.079325549158384
2024,12,PHI,65,-15.990469742279812
2024,12,PIT,64,-19.44267468061298
2024,12,SEA,54,0.08458842833840574
2024,12,SF,44,-1.1456434699621987
2024,12,TB,62,-1.259936740802159
2024,12,TEN,56,-8.641619315104837
2024,12,WAS,63,-12.039775602401214
2024,13,ARI,75,2.6169729034106415
2024,13,ATL,76,-11.177281800069327
2024,13,BAL,68,-7.450996164013379
2024,13,BUF,53,-19.322743997821245
2024,13,CAR,67,4.602529531094557
2024,13,CHI,54,6.706320963524027
2024,13,CIN,53,12.588804538519893
2024,13,CLE,82,3.263684416689494
2024,13,DAL,66,-1.7081491084713019
2024,13,DEN,59,4.210711131661615
2024,13,DET,67,-8.387762107955876
2024,13,GB,53,-0.9159213318577719
2024,13,HOU,56,10.517646931111823
2024,13,IND,58,-21.012736060496056
2024,13,JAX,69,-6.913972246474131
2024,13,KC,60,15.23025502761205
2024,13,LA,51,-8.816133505281293
2024,13,LAC,39,1.281589957383955
2024,13,LV,59,-6.615766832384029
2024,13,MIA,62,6.907672170669798
2024,13,MIN,45,12.937353286478249
2024,13,NE,62,-0.6121552999942437
2024,13,NO,69,-12.015572017517684
2024,13,NYG,53,-2.7582362013042983
2024,13,NYJ,60,1.9092420736948723
2024,13,PHI,50,-12.097511850297465
2024,13,PIT,62,9.020057669089699
2024,13,SEA,53,-1.1022916379964554
2024,13,SF,44,-21.49489298462867
2024,13,TB,72,-12.475835780302669
2024,13,TEN,49,2.472155556386846
2024,13,WAS,74,3.937530049399751
2024,14,ARI,61,-4.217847448880585
2024,14,ATL,70,-15.205661122288017
2024,14,BUF,54,6.670709920150242
2024,14,CAR,67,-7.425785242621574
2024,14,CHI,46,-5.609177506488317
2024,14,CIN,61,9.616553710132347
2024,14,CLE,66,-6.359309770844224
2024,14,DAL,56,-4.290288500487782
2024,14,DET,75,-1.7004016538461175
2024,14,GB,43,-7.514121296793896
2024,14,JAX,56,-4.305215153310948
2024,14,KC,60,6.968962078293139
2024,14,LA,72,-11.989276349130579
2024,14,LAC,54,-3.7877453698051955
2024,14,LV,61,2.356162862699507
2024,14,MIA,66,11.738858078465341
2024,14,MIN,49,5.632120842228128
2024,14,NO,63,-7.659582367965145
2024,14,NYG,72,-0.918574010332418
2024,14,NYJ,60,8.624527156352979
2024,14,PHI,52,-17.35405678359363
2024,14,PIT,59,-4.0756051760103995
2024,14,SEA,61,-1.5620431084124475
2024,14,SF,59,-6.088269880767583
2024,14,TB,55,1.4537717943841622
2024,14,TEN,60,-8.205792630712184
2024,15,ARI,63,1.546327054264074
2024,15,ATL,54,-23.10940165210656
2024,15,BAL,55,-6.885369636795735
2024,15,BUF,67,4.103445728768196
2024,15,CAR,44,-0.10143826630983899
2024,15,CHI,61,-7.542176935516432
2024,15,CIN,62,4.088680764600161
2024,15,CLE,54,-0.36636179795971335
2024,15,DAL,67,-7.71430868433039
2024,15,DEN,57,3.8622828363849226
2024,15,DET,72,3.230561688542355
2024,15,GB,61,-2.6168866602123533
2024,15,HOU,43,9.669692571773092
2024,15,IND,70,-10.274679724659219
2024,15,JAX,76,1.09264570239338
2024,15,KC,73,3.9244277275180206
2024,15,LA,65,-10.731531444650443
2024,15,LAC,45,10.850423375765484
2024,15,LV,60,-4.840848396221819
2024,15,MIA,59,4.576067954806962
2024,15,MIN,69,2.549035625829199
2024,15,NE,47,-7.687939703464486
2024,15,NO,48,-9.94515301038822
2024,15,NYG,56,1.8180163045014464
2024,15,NYJ,53,0.7414649890841063
2024,15,PHI,71,-2.325856538725568
2024,15,PIT,39,-4.770579055333723
2024,15,SEA,49,-0.33410599037092537
2024,15,SF,50,-3.972929000854475
2024,15,TB,66,-7.239523535650788
2024,15,TEN,63,-4.656298955281546
2024,15,WAS,66,1.5677384129076266
2024,16,ARI,61,-11.562912043977935
2024,16,ATL,63,-11.366211776695573
2024,16,BAL,58,-9.924120751434351
2024,16,BUF,57,1.30789930883205
2024,16,CAR,61,-3.698515293539506
2024,16,CHI,57,4.849495490392053
2024,16,CIN,51,11.454481149421058
2024,16,CLE,58,-7.04629177163385
2024,16,DAL,52,2.4650138158064494
2024,16,DEN,61,5.206638305890731
2024,16,DET,63,-1.420847533477676
2024,16,GB,67,-2.4957257086661633
2024,16,HOU,56,5.9296224000198405
2024,16,IND,61,-26.102747062801324
2024,16,JAX,60,-6.331388913095015
2024,16,KC,67,9.938053113978329
2024,16,LA,47,-13.445795834698565
2024,16,LAC,58,0.13604141001039016
2024,16,LV,63,7.662160410767549
2024,16,MIA,63,0.3686508489033735
2024,16,MIN,56,7.18926538580228
2024,16,NE,66,-3.1859157211853173
2024,16,NO,50,-4.361071586608878
2024,16,NYG,52,12.087188947659278
2024,16,NYJ,62,1.3632535093253795
2024,16,PHI,67,-13.119029420525274
2024,16,PIT,56,-5.345363329563835
2024,16,SEA,58,10.876226014104361
2024,16,SF,56,7.46360506330217
2024,16,TB,66,-2.230762758038274
2024,16,TEN,57,-3.2890687124771167
2024,16,WAS,63,0.3548322215913058
2024,17,ARI,70,9.87743471349991
2024,17,ATL,58,-3.5615450092431056
2024,17,BAL,60,-15.75865192959704
2024,17,BUF,60,-9.195699042951077
2024,17,CAR,41,0.2621741556539936
2024,17,CHI,51,-7.136012584555362
2024,17,CIN,76,13.312902154499017
2024,17,CLE,75,-7.193168024222074
2024,17,DAL,59,-13.789299736588722
2024,17,DEN,58,-6.596996763656859
2024,17,DET,65,-6.402126458974977
2024,17,GB,55,-12.67782693559475
2024,17,HOU,49,-1.951144787729986
2024,17,IND,72,-8.027861950298142
2024,17,JAX,54,-6.659042648971086
2024,17,KC,59,15.481500075025068
2024,17,LA,53,-0.12607546347490617
2024,17,LAC,77,-0.5900328228999885
2024,17,LV,71,-6.8398722093290125
2024,17,MIA,51,2.227919198134387
2024,17,MIN,66,7.1247981127464
2024,17,NE,44,-7.363076643510292
2024,17,NO,49,0.5942105334632464
2024,17,NYG,49,-7.579581181005568
2024,17,NYJ,55,-1.1261612989685976
2024,17,PHI,59,-26.432723211029842
2024,17,PIT,68,-8.248212845886494
2024,17,SEA,47,-12.135443535256861
2024,17,SF,57,8.697533241489507
2024,17,TB,69,-0.8147234394066449
2024,17,TEN,61,-17.905486216310596
2024,17,WAS,71,2.4512641446690964
2024,18,ARI,63,3.0010564725787003
2024,18,ATL,76,-11.156255575387132
2024,18,BAL,66,-2.732061493125837
2024,18,BUF,65,-15.890783071517944
2024,18,CAR,64,5.169606313575059
2024,18,CHI,55,-9.915239214897188
2024,18,CIN,66,14.848413408705674
2024,18,CLE,52,1.4031909406184928
2024,18,DAL,73,-12.589998318724454
2024,18,DEN,71,-2.8946634959167272
2024,18,DET,64,-0.9382054733578116
2024,18,GB,59,-20.098195035578858
2024,18,HOU,56,2.101595693134861
2024,18,IND,74,-7.250117852881122
2024,18,JAX,64,-10.572339268401265
2024,18,KC,28,-5.3251482546329605
2024,18,LA,63,4.101001364844192
2024,18,LAC,70,-1.3908680954149877
2024,18,LV,47,7.382104910434551
2024,18,MIA,64,-3.845943184569478
2024,18,MIN,59,4.258481223704436
2024,18,NE,57,2.0630381609264226
2024,18,NO,61,4.02947305167306
2024,18,NYG,54,-17.193978721344884
2024,18,NYJ,60,9.306913067897138
2024,18,PHI,65,5.188601911068003
2024,18,PIT,54,-8.502088652716711
2024,18,SEA,51,-1.7953245663175244
2024,18,SF,69,-7.59169303852576
2024,18,TB,62,-4.171777132057364
2024,18,TEN,59,-23.200059442196824
2024,18,WAS,48,1.8913893029093742
2025,1,ARI,56,-1.8815516627260331
2025,1,ATL,69,-2.4401750469553174
2025,1,BAL,48,-11.989696587746334
2025,1,BUF,76,1.6839636195646768
2025,1,CAR,59,-2.1353377124010753
2025,1,CHI,61,-0.10074330646485663
2025,1,CIN,46,-2.214514302170778
2025,1,CLE,69,2.0972589651743756
2025,1,DAL,55,-0.6777406551620846
2025,1,DEN,68,5.612920997116532
2025,1,DET,60,-5.220565299193092
2025,1,GB,46,-0.5400690533544639
2025,1,HOU,54,-8.853071100182031
2025,1,IND,69,-4.744721927504631
2025,1,JAX,60,0.7217853640516858
2025,1,KC,56,11.446686461567857
2025,1,LA,52,-1.9714071200444327
2025,1,LAC,56,13.774241453834923
2025,1,LV,56,8.589408214070959
2025,1,MIA,44,4.882208156314782
2025,1,MIN,48,-7.267447918032599
2025,1,NE,64,8.714623469859362
2025,1,NO,66,-1.6926868395372163
2025,1,NYG,60,5.022171760598804
2025,1,NYJ,63,-19.895270608720356
2025,1,PHI,58,-1.2970453063989362
2025,1,PIT,49,-3.9048515412272056
2025,1,SEA,48,-16.047402750700712
2025,1,SF,69,-4.801298461962478
2025,1,TB,54,4.925993871357715
2025,1,TEN,49,-7.229965529879734
2025,1,WAS,59,1.2031244208752012
2025,2,ARI,46,-2.164837183511792
2025,2,ATL,59,-16.68663250629677
2025,2,BAL,47,5.7194182530362685
2025,2,BUF,66,-8.801068534905305
2025,2,CAR,75,0.19778847694398305
2025,2,CHI,60,-4.784062492350715
2025,2,CIN,62,3.664902621699906
2025,2,CLE,70,-0.8483020961284504
2025,2,DAL,80,-3.294014371931586
2025,2,DEN,54,2.8631862114977147
2025,2,DET,58,-8.551528279123644
2025,2,GB,59,-2.8094733481185186
2025,2,HOU,43,3.8139587917993323
2025,2,IND,66,-5.888214752529608
2025,2,JAX,69,5.917918768481922
2025,2,KC,55,4.4102065129713814
2025,2,LA,56,7.826731353998218
2025,2,LAC,51,12.798001708499374
2025,2,LV,62,4.3469598456736485
2025,2,MIA,47,-2.7687632974157883
2025,2,MIN,40,-2.283031046390527
2025,2,NE,50,-4.330039590597123
2025,2,NO,64,-11.313951178453863
2025,2,NYG,62,5.845020999831519
2025,2,NYJ,43,-12.393953425939696
2025,2,PHI,54,-13.607480783981279
2025,2,PIT,57,0.43393634913257983
2025,2,SEA,62,-3.6339958799221472
2025,2,SF,61,2.2114331360722828
2025,2,TB,69,0.36593438058656336
2025,2,TEN,59,-10.410149799565138
2025,2,WAS,60,3.386646459499998
2025,3,ARI,63,5.110623983163731
2025,3,ATL,66,-3.3127905292944515
2025,3,BAL,48,0.011746088663733278
2025,3,BUF,55,3.16716807809746
2025,3,CAR,53,-3.6047611877603636
2025,3,CHI,55,-7.390507175163796
2025,3,CIN,48,-10.890926017115522
2025,3,CLE,54,-4.641363935338139
2025,3,DAL,66,1.5577810731800978
2025,3,DEN,45,-3.8503487904866573
2025,3,DET,65,-9.306555608144185
2025,3,GB,55,-10.97796914252368
2025,3,HOU,55,3.580672199075874
2025,3,IND,50,1.9193588048220023
2025,3,JAX,63,2.453569831356195
2025,3,KC,62,7.2448187898243805
2025,3,LA,64,-5.7406503008678555
2025,3,LAC,75,-1.1932499011357844
2025,3,LV,59,-18.92843261613688
2025,3,MIA,59,-11.171283029903778
2025,3,MIN,55,-4.110253561626786
2025,3,NE,66,3.610314361073741
2025,3,NO,68,-4.516953098423382
2025,3,NYG,59,-11.831445688918496
2025,3,NYJ,57,2.452148183396008
2025,3,PHI,59,-8.85580237639154
2025,3,PIT,46,-4.576591369898441
2025,3,SEA,53,-7.8655887535720614
2025,3,SF,59,2.3900758917048903
2025,3,TB,62,-9.284878762498948
2025,3,TEN,61,0.4496139581086078
2025,3,WAS,52,-10.33812979092964
2025,4,ARI,58,2.541193828500543
2025,4,ATL,60,-8.951953674356117
2025,4,BAL,50,4.800459742546071
2025,4,BUF,51,0.796471090585571
2025,4,CAR,64,-9.410584112629294
2025,4,CHI,63,-3.4053881490041182
2025,4,CIN,39,2.0360530951084033
2025,4,CLE,61,-9.745754057266677
2025,4,DAL,66,-2.974003417925386
2025,4,DEN,77,2.2128676729542773
2025,4,DET,54,-11.070508923795474
2025,4,GB,77,-8.840767265140226
2025,4,HOU,64,-3.779086290160194
2025,4,IND,53,-3.7146059971935097
2025,4,JAX,60,-1.8092963596184841
2025,4,KC,67,4.39490836058093
2025,4,LA,64,-4.826796357519925
2025,4,LAC,55,7.3510697213086225
2025,4,LV,51,-13.844704131285363
2025,4,MIA,56,-3.9157515059092427
2025,4,MIN,66,0.7011137902736886
2025,4,NE,44,-5.9744633056900645
2025,4,NO,63,-12.39997673602331
2025,4,NYG,64,-11.753072519786656
2025,4,NYJ,56,-16.348657544170074
2025,4,PHI,56,-4.452149330505284
2025,4,PIT,49,2.133175517831548
2025,4,SEA,61,-13.428794849114329
2025,4,SF,63,-6.477691848126643
2025,4,TB,65,-5.756255159011225
2025,4,TEN,43,-7.7102604647015465
2025,4,WAS,49,-9.26229959847974
2025,5,ARI,61,-2.8323005701674897
2025,5,BAL,39,-16.770747686043762
2025,5,BUF,60,3.8929996887843044
2025,5,CAR,59,-15.987695362103215
2025,5,CIN,56,6.346547949526993
2025,5,CLE,64,-9.997536148875952
2025,5,DAL,55,2.5702949477867554
2025,5,DEN,69,-1.9178835270197925
2025,5,DET,55,-5.913456651297472
2025,5,HOU,62,5.079010357299197
2025,5,IND,61,-1.8633008003234863
2025,5,JAX,51,1.4574309190114598
2025,5,KC,63,15.409669114483748
2025,5,LA,62,11.332110748175628
2025,5,LAC,58,-9.477308032841524
2025,5,LV,61,-5.006775699677979
2025,5,MIA,50,9.245994031429284
2025,5,MIN,57,3.9672298912416526
2025,5,NE,52,-1.4061679633763813
2025,5,NO,61,-8.783498101058584
2025,5,NYG,68,-3.60897319281801
2025,5,NYJ,68,5.0723781699643755
2025,5,PHI,48,18.604106114556384
2025,5,SEA,54,-2.3852840893798466
2025,5,SF,81,4.420441959375254
2025,5,TB,57,6.201770300405074
2025,5,TEN,59,-4.030920615640743
2025,5,WAS,53,9.923570082997374
2025,6,ARI,68,7.414274136809718
2025,6,ATL,63,0.6593647220778154
2025,6,BAL,70,-15.75279152819089
2025,6,BUF,50,-6.430987924337373
2025,6,CAR,61,-12.205599394978067
2025,6,CHI,56,-3.5898763686418755
2025,6,CIN,60,1.788557817538594
2025,6,CLE,69,-2.944253449854617
2025,6,DAL,52,2.219930319831942
2025,6,DEN,54,-5.966965495436249
2025,6,DET,52,-6.436298501033033
2025,6,GB,58,-0.7520154375454724
2025,6,IND,55,1.0697514360601068
2025,6,JAX,61,1.9418153117914616
2025,6,KC,55,11.656987016851216
2025,6,LA,47,2.6658477142770143
2025,6,LAC,63,1.0969814563554503
2025,6,LV,52,-5.126881893151075
2025,6,MIA,54,-9.306104646788715
2025,6,NE,55,-5.384619534015622
2025,6,NO,49,-4.793268290101249
2025,6,NYG,62,-0.6202809692871347
2025,6,NYJ,48,-24.039481890698266
2025,6,PHI,53,3.846191994424153
2025,6,PIT,55,-1.485266997055612
2025,6,SEA,50,-2.0951975211501384
2025,6,SF,61,2.2901358663058424
2025,6,TB,49,-5.3175815514155955
2025,6,TEN,52,-4.320591000410234
2025,6,WAS,56,-0.45833329537082745
2025,7,ARI,64,1.303002587519586
2025,7,ATL,58,2.224797883938079
2025,7,CAR,66,-1.7253968356685578
2025,7,CHI,64,-11.168557062046602
2025,7,CIN,67,8.671814447908254
2025,7,CLE,50,-14.777089715003955
2025,7,DAL,59,-2.0409430992805677
2025,7,DEN,75,-5.204832951227822
2025,7,DET,61,-7.202351954383901
2025,7,GB,51,0.7659896331675187
2025,7,HOU,67,7.259211956120271
2025,7,IND,54,10.616783073378933
2025,7,JAX,67,3.4607604590814245
2025,7,KC,73,-1.6701418651293598
2025,7,LA,58,10.940106444317715
2025,7,LAC,71,8.266461525164882
2025,7,LV,29,0.5873385174521184
2025,7,MIA,53,-11.625385382827712
2025,7,MIN,65,1.8201844050334315
2025,7,NE,58,1.076365769680221
2025,7,NO,49,-3.6663664847004007
2025,7,NYG,66,-6.512465711795956
2025,7,NYJ,54,-2.425690712752193
2025,7,PHI,45,-5.308623040715843
2025,7,PIT,54,-5.3867490203292405
2025,7,SEA,63,-2.897258031935912
2025,7,SF,63,-12.520978519959147
2025,7,TB,62,4.708902778164048
2025,7,TEN,46,2.9239601091198386
2025,7,WAS,60,-9.059870814283666
2025,8,ATL,47,-7.345748835421595
2025,8,BAL,57,-10.580285694123393
2025,8,BUF,58,-11.561846193568442
2025,8,CAR,52,-23.29195737838742
2025,8,CHI,61,-4.7323610938963645
2025,8,CIN,57,1.2601320680819317
2025,8,CLE,52,3.1504608260897515
2025,8,DAL,66,0.04473868193050068
2025,8,DEN,56,0.43661788638147403
2025,8,GB,63,7.038741186261199
2025,8,HOU,74,1.0634033814877486
2025,8,IND,49,13.315100047965412
2025,8,KC,63,7.81840922103989
2025,8,LAC,68,-5.713838119717218
2025,8,MIA,64,-8.915732929017395
2025,8,MIN,42,1.0018966027668497
2025,8,NE,56,-0.8688524897609629
2025,8,NO,65,8.939986756214747
2025,8,NYG,44,-11.386186629533778
2025,8,NYJ,70,-10.135892831853466
2025,8,PHI,50,-11.186262279748949
2025,8,PIT,55,-2.204455679113193
2025,8,SF,43,4.254289907078423
2025,8,TB,53,-7.249368502283998
2025,8,TEN,62,-9.202898582143181
2025,8,WAS,50,6.979025721549981
2025,9,ARI,58,4.605343809415574
2025,9,ATL,53,4.370479707447982
2025,9,BAL,52,0.20868109825715742
2025,9,BUF,60,-5.127447334428592
2025,9,CAR,53,-18.383367584561395
2025,9,CHI,75,-1.5643386120597902
2025,9,CIN,62,2.382945245312107
2025,9,DAL,59,-0.19736269773061865
2025,9,DEN,61,-3.8271520714291185
2025,9,DET,57,-7.010549463723859
2025,9,GB,62,-8.400813177708677
2025,9,HOU,68,-2.290733640684839
2025,9,IND,68,7.145985303556246
2025,9,JAX,75,-9.891745905081445
2025,9,KC,55,-5.961025384339402
2025,9,LA,71,-4.19090184527382
2025,9,LAC,58,3.842434338454559
2025,9,LV,59,12.04276880470373
2025,9,MIA,59,-2.607774785009487
2025,9,MIN,50,-2.3815994262695095
2025,9,NE,59,-1.1595970998376393
2025,9,NO,38,-9.344494264376802
2025,9,NYG,54,-2.0291552223541065
2025,9,PIT,57,10.45108834902443
2025,9,SEA,48,-5.294014513492584
2025,9,SF,61,-9.705150243444544
2025,9,TEN,40,-8.758704438805577
2025,9,WAS,58,-16.699858176811013
2025,10,ARI,69,5.61879929425062
2025,10,ATL,57,-7.049534822765169
2025,10,BAL,65,-3.0711603909730822
2025,10,BUF,63,-2.5374931711999005
2025,10,CAR,48,-9.542154707014571
2025,10,CHI,62,-2.2706985713974337
2025,10,CLE,64,-9.518385212868452
2025,10,DEN,53,-3.2584181863744566
2025,10,DET,67,2.1207817288031894
2025,10,GB,62,-12.62266734434715
2025,10,HOU,70,-1.7596083027975773
2025,10,IND,68,-9.154509380459752
2025,10,JAX,51,-6.539832406184232
2025,10,LA,63,7.087866521425667
2025,10,LAC,63,0.7927697565820457
2025,10,LV,52,-5.878335294815217
2025,10,MIA,51,-14.246334077096485
2025,10,MIN,61,0.7290944701335511
2025,10,NE,57,4.748909279965552
2025,10,NO,62,-9.497122869135893
2025,10,NYG,66,-3.8385022996050178
2025,10,NYJ,42,-25.29983111612854
2025,10,PHI,60,-10.628283750265833
2025,10,PIT,47,-3.4489280999974725
2025,10,SEA,53,-23.322136447114758
2025,10,SF,61,2.0674591670270526
2025,10,TB,65,-0.7932270490206061
2025,10,WAS,50,-17.39142939448357
2025,11,ARI,73,8.062287042402227
2025,11,ATL,58,-6.37834531993704
2025,11,BAL,53,-12.470861678978206
2025,11,BUF,54,5.881627435209591
2025,11,CAR,71,-2.5141335079368
2025,11,CHI,71,-7.231135718839288
2025,11,CIN,62,-3.3140417068235117
2025,11,CLE,51,-6.440804869520866
2025,11,DAL,60,5.984575003385534
2025,11,DEN,58,3.60165893517691
2025,11,DET,57,-0.26647422397347853
2025,11,GB,50,-2.1902095079422312
2025,11,HOU,64,2.5666570523753762
2025,11,JAX,69,-7.988687712645176
2025,11,KC,59,16.946286518695008
2025,11,LA,50,4.9891874194144865
2025,11,LAC,42,-4.3558880686760055
2025,11,LV,53,11.614473135966175
2025,11,MIA,51,-12.043292382184228
2025,11,MIN,54,-14.170296435002905
2025,11,NE,59,-0.6973564530075693
2025,11,NYG,66,-18.894572635040134
2025,11,NYJ,55,-9.822935678742173
2025,11,PHI,67,-8.41735810208234
2025,11,PIT,58,-1.8788353379430078
2025,11,SEA,79,-12.304696176625518
2025,11,SF,49,4.729044870758581
2025,11,TB,68,-11.281872825587502
2025,11,TEN,54,4.28973568810359
2025,11,WAS,63,-6.683413849936598
2025,12,ARI,70,5.034028078828568
2025,12,ATL,51,-13.017290399647225
2025,12,BAL,55,-3.8983874327757406
2025,12,BUF,57,-2.696731595093771
2025,12,CAR,43,10.454317372898725
2025,12,CHI,58,0.9305426015935869
2025,12,CIN,60,-4.269521981477775
2025,12,CLE,46,-10.528335833679098
2025,12,DAL,64,-4.871912719681859
2025,12,DET,60,-2.0482388138771013
2025,12,GB,62,-10.866611012287686
2025,12,HOU,55,-5.059011930769175
2025,12,IND,49,14.956800244292456
2025,12,JAX,57,1.812793196816187
2025,12,KC,88,-3.832476721568534
2025,12,LA,54,12.134940115114045
2025,12,LV,65,-6.574785434282726
2025,12,MIN,39,-12.02753430757767
2025,12,NE,65,5.909746701900797
2025,12,NO,73,-5.421429545911993
2025,12,NYG,75,-7.916119972864766
2025,12,NYJ,54,-10.320895910263095
2025,12,PHI,57,10.361649279008855
2025,12,PIT,67,-13.683619628201644
2025,12,SEA,45,-3.6352232098579296
2025,12,SF,68,-7.880245872280145
2025,12,TB,63,-9.325350939281385
2025,12,TEN,64,2.0031483145430684
2025,13,ARI,58,8.496756183690046
2025,13,ATL,65,-11.053808835836564
2025,13,BAL,53,-4.59950858691951
2025,13,BUF,74,-17.360175108990155
2025,13,CAR,57,-24.823285534716515
2025,13,CHI,82,-5.89757583717383
2025,13,CIN,79,3.9972252766542704
2025,13,CLE,58,-14.831865784423082
2025,13,DAL,62,4.9357878224503775
2025,13,DEN,68,5.576828932937428
2025,13,DET,57,-23.895252796641554
2025,13,GB,57,1.4376869327143549
2025,13,HOU,69,-2.614021241880826
2025,13,IND,50,-11.712451577186567
2025,13,JAX,51,-1.0561432032023976
2025,13,KC,57,-0.922822533992318
2025,13,LA,48,1.5426940595110183
2025,13,LAC,62,-12.916462628110725
2025,13,LV,40,-1.996161788702011
2025,13,MIA,52,-6.084673078014314
2025,13,MIN,45,1.0489603049225305
2025,13,NE,58,4.428478966242288
2025,13,NO,67,-7.825572254942459
2025,13,NYG,52,-17.66238785707035
2025,13,NYJ,60,0.023780514796545305
2025,13,PHI,50,-7.395726919174206
2025,13,PIT,42,-6.516856026081797
2025,13,SEA,58,-9.945041044005066
2025,13,SF,63,-7.219500842666826
2025,13,TB,52,-1.8698626126234408
2025,13,TEN,52,0.4823240523154859
2025,13,WAS,83,-2.077520611774486
2025,14,ARI,58,9.739722260113437
2025,14,ATL,61,-14.256011523672763
2025,14,BAL,73,-19.305900433292102
2025,14,BUF,55,-0.27314931154247546
2025,14,CHI,68,-4.625811077216079
2025,14,CIN,56,5.418476808283989
2025,14,CLE,64,2.271019108593464
2025,14,DAL,72,-0.9858726420336361
2025,14,DEN,69,7.294766572506484
2025,14,DET,54,0.919261864489973
2025,14,GB,50,-9.47153043746949
2025,14,HOU,62,-3.748595155775525
2025,14,IND,62,-2.715929813923368
2025,14,JAX,60,-2.8337717056274747
2025,14,KC,61,0.8629592959997767
2025,14,LA,64,-2.296207344625145
2025,14,LAC,64,-15.616375533863902
2025,14,LV,43,5.045123086419235
2025,14,MIA,60,-10.677781868726004
2025,14,MIN,53,2.3153729596228247
2025,14,NO,50,-15.372750818729408
2025,14,NYJ,51,-5.534470578034711
2025,14,PHI,64,1.6486431006342173
2025,14,PIT,50,16.649764925241474
2025,14,SEA,56,2.0577443231429626
2025,14,TB,69,-14.183871448039975
2025,14,TEN,63,-13.881825975009393
2025,14,WAS,47,-7.476382242872348
2025,15,ARI,62,-0.16802751248884418
2025,15,ATL,66,-0.6466629830273685
2025,15,BAL,33,-13.391332892757463
2025,15,BUF,62,-5.721780417426936
2025,15,CAR,55,-12.843924693085896
2025,15,CHI,60,-12.225173910458887
2025,15,CIN,68,-9.179512104567367
2025,15,CLE,51,-0.10885496934254224
2025,15,DAL,67,-9.35685325469543
2025,15,DEN,64,0.5121273978147656
2025,15,DET,61,-5.130513525400016
2025,15,GB,60,3.423791378736485
2025,15,HOU,59,-2.11401627225396
2025,15,IND,57,-17.075495683310304
2025,15,JAX,56,7.736198936722117
2025,15,KC,54,-2.8510781074011837
2025,15,LA,67,5.849632815416205
2025,15,LAC,57,-9.551985169711873
2025,15,LV,38,1.1777900551494858
2025,15,MIA,46,-2.6259048153524978
2025,15,MIN,51,2.8260316991922885
2025,15,NE,48,-3.9033433732887035
2025,15,NO,56,-2.9463684984615823
2025,15,NYG,66,-3.9626333410993198
2025,15,NYJ,65,-10.955781317674163
2025,15,PHI,65,-16.040526915055086
2025,15,PIT,59,-4.578759540188093
2025,15,SEA,55,-1.0037734291769906
2025,15,SF,68,0.7431953542810676
2025,15,TB,57,7.009068105304439
2025,15,TEN,49,-12.411231836494153
2025,15,WAS,53,-5.981859845935173
2025,16,ARI,54,-13.40947347106759
2025,16,ATL,70,-6.839191871029993
2025,16,BAL,52,-20.823922696021878
2025,16,BUF,46,-3.0533051685146697
2025,16,CAR,51,-1.0099139868044338
2025,16,CHI,60,-9.031740874052074
2025,16,CIN,59,4.82855958201116
2025,16,CLE,61,-3.7482420196298882
2025,16,DAL,55,-0.03122519363059073
2025,16,DEN,64,6.816566933412105
2025,16,DET,65,6.114084262114316
2025,16,GB,66,-6.493401346784649
2025,16,HOU,59,-1.470177001872297
2025,16,IND,56,-3.8384089512484287
2025,16,JAX,63,5.827455311304064
2025,16,KC,39,2.2676122494232787
2025,16,LA,88,-0.3375003537671062
2025,16,LAC,61,1.031153420077946
2025,16,LV,50,-16.153736054897337
2025,16,MIA,58,-11.594136984183901
2025,16,MIN,51,-9.085335699366592
2025,16,NE,64,12.641685552080162
2025,16,NO,74,11.727645217969595
2025,16,NYG,43,-31.13246022961861
2025,16,NYJ,55,-5.462608174844197
2025,16,PHI,63,-1.0062557009477335
2025,16,PIT,68,1.7026723855558257
2025,16,SEA,61,-5.083703799325878
2025,16,SF,62,2.4515549381894597
2025,16,TB,58,-17.047217899355367
2025,16,TEN,66,-4.477198743684719
2025,16,WAS,49,-16.462857899617163
2025,17,ARI,50,1.0535736083984282
2025,17,ATL,53,-21.15016377197123
2025,17,BAL,72,-21.7401557420898
2025,17,BUF,68,-16.355439801426485
2025,17,CAR,47,2.0227446518045644
2025,17,CHI,63,2.9071249186046866
2025,17,CIN,67,5.699078382840817
2025,17,CLE,47,-1.585319598621493
2025,17,DAL,81,-6.209488675274205
2025,17,DEN,69,2.330698137697973
2025,17,DET,59,-21.37607432017889
2025,17,GB,41,5.8408124599515165
2025,17,HOU,59,-8.113009760440438
2025,17,IND,52,-4.575724813800608
2025,17,JAX,66,3.0890048340414533
2025,17,KC,40,-8.794850893318662
2025,17,LA,58,-4.899542727347061
2025,17,LAC,54,-2.6606278838934627
2025,17,LV,50,-9.006317555904364
2025,17,MIA,50,-8.745687283575565
2025,17,MIN,44,-7.898149597035204
2025,17,NE,59,-11.98427190341178
2025,17,NO,49,3.0154410673647325
2025,17,NYG,58,2.4975619824796236
2025,17,NYJ,62,-20.06950138076663
2025,17,PHI,52,-8.08328782709744
2025,17,PIT,61,-11.628332538682884
2025,17,SEA,62,-13.328218832612016
2025,17,SF,67,-3.1883090289670624
2025,17,TB,60,8.755133996407194
2025,17,TEN,68,-6.945151835679986
2025,17,WAS,38,-3.6855092174128523
2025,18,ARI,47,4.568663112660653
2025,18,ATL,54,-8.13608255099364
2025,18,BAL,44,-26.77583799443462
2025,18,BUF,70,-2.7810512057372563
2025,18,CAR,47,3.0842044569076243
2025,18,CHI,53,-1.6762825677979487
2025,18,CIN,65,-0.683174362549388
2025,18,CLE,46,-6.0793823036162875
2025,18,DAL,53,-12.814794059069678
2025,18,DEN,52,-3.872809967455948
2025,18,DET,69,3.4896308961121614
2025,18,GB,45,-37.31344732973311
2025,18,HOU,63,-13.076727423402989
2025,18,IND,63,-5.349662308655068
2025,18,JAX,53,10.975424495508069
2025,18,KC,54,-8.18188971391428
2025,18,LA,67,3.602305721880794
2025,18,LAC,62,-1.5692182606266591
2025,18,LV,58,-14.135100435594012
2025,18,MIA,50,-2.873466640710798
2025,18,MIN,62,-1.9518929984300049
2025,18,NE,54,0.7512298723061694
2025,18,NO,61,-7.325853040960939
2025,18,NYG,66,0.25683045387268066
2025,18,NYJ,46,-17.70626440968204
2025,18,PHI,59,7.187984631223198
2025,18,PIT,71,2.5831073312692743
2025,18,SEA,62,-9.500068606388146
2025,18,SF,39,6.714971019671512
2025,18,TB,64,-17.530917550902814
2025,18,TEN,52,-7.458535696451474
2025,18,WAS,61,-12.265341973207017
