season,player_id,full_name,position,games,pts,exp_pts,gap,td,td_exp,gap_per_game,td_gap,fade_flag,exp_per_game
2020,00-0019596,Tom Brady,QB,20,420.06,435.34000000000003,-15.279999999999994,54,55.440000000000005,-0.7639999999999997,-1.4400000000000048,FALSE,21.767000000000003
2020,00-0020531,Drew Brees,QB,14,235.94,233.13,2.8100000000000023,29,25.74,0.20071428571428587,3.2600000000000016,FALSE,16.652142857142856
2020,00-0022127,Jason Witten,TE,10,31.900000000000002,38.129999999999995,-6.229999999999999,2,2.5200000000000005,-0.6229999999999999,-0.5200000000000005,FALSE,3.8129999999999997
2020,00-0022921,Larry Fitzgerald,WR,13,100.89999999999999,119.9,-18.999999999999996,1,2.18,-1.4615384615384612,-1.1800000000000002,FALSE,9.223076923076924
2020,00-0022924,Ben Roethlisberger,QB,16,294.7,307.55,-12.849999999999994,37,34.93,-0.8031249999999996,2.0700000000000003,FALSE,19.221875
2020,00-0022942,Philip Rivers,QB,17,264.22,272.91,-8.689999999999992,26,28.61,-0.5111764705882349,-2.6099999999999994,FALSE,16.053529411764707
2020,00-0023436,Alex Smith,QB,8,71.58000000000001,86.15,-14.57,6,7.13,-1.82125,-1.13,FALSE,10.76875
2020,00-0023459,Aaron Rodgers,QB,18,434.64,384.90999999999997,49.72999999999999,57,49.579999999999984,2.762777777777777,7.420000000000016,TRUE,21.383888888888887
2020,00-0023500,Frank Gore,RB,15,100.2,128.05999999999997,-27.860000000000003,2,4.09,-1.8573333333333335,-2.09,FALSE,8.537333333333331
2020,00-0023682,Ryan Fitzpatrick,QB,9,153.73999999999998,164.04999999999998,-10.310000000000002,15,18.049999999999997,-1.1455555555555559,-3.049999999999997,FALSE,18.227777777777774
2020,00-0024243,Marcedes Lewis,TE,11,44.5,43.48,1.019999999999998,3,2.2999999999999994,0.09272727272727255,0.7000000000000006,FALSE,3.9527272727272726
2020,00-0025394,Adrian Peterson,RB,16,124.49999999999999,137.06000000000003,-12.559999999999995,7,7.979999999999999,-0.7849999999999997,-0.97999999999999865,FALSE,8.566250000000002
2020,00-0025418,Greg Olsen,TE,11,53.89999999999999,72.28,-18.380000000000003,1,3.35,-1.6709090909090911,-2.35,FALSE,6.570909090909091
2020,00-0026035,Danny Amendola,WR,14,106.39999999999999,114.43,-8.030000000000006,0,1.5100000000000002,-0.5735714285714291,-1.5100000000000002,FALSE,8.17357142857143
2020,00-0026143,Matt Ryan,QB,16,286.43999999999994,337.63,-51.19,28,36.550000000000004,-3.199375,-8.550000000000004,FALSE,21.101875
2020,00-0026498,Matthew Stafford,QB,16,260.56,274.3,-13.740000000000002,26,27.470000000000006,-0.8587500000000001,-1.470000000000006,FALSE,17.14375
2020,00-0027029,LeSean McCoy,RB,8,28.2,34.56,-6.36,0,0.62,-0.795,-0.62,FALSE,4.32
2020,00-0027061,Jared Cook,TE,17,141.20000000000002,143.03,-1.8299999999999974,7,5.569999999999999,-0.10764705882352926,1.4300000000000006,FALSE,8.413529411764706
2020,00-0027656,Rob Gronkowski,TE,20,180.3,197.25,-16.949999999999996,9,11.02,-0.8474999999999998,-2.0199999999999996,FALSE,9.8625
2020,00-0027685,Emmanuel Sanders,WR,16,177.90000000000003,176.35000000000002,1.5500000000000034,5,5.51,0.09687500000000021,-0.5099999999999998,FALSE,11.021875000000001
2020,00-0027696,Jimmy Graham,TE,17,154.1,148.52,5.579999999999996,9,7.7200000000000015,0.3282352941176468,1.2799999999999985,FALSE,8.736470588235294
2020,00-0027793,Antonio Brown,WR,11,147.39999999999998,138.52,8.879999999999997,6,4.420000000000001,0.807272727272727,1.5799999999999992,FALSE,12.592727272727274
2020,00-0027891,Golden Tate,WR,12,86.52,82.84,3.679999999999999,2,1.9700000000000004,0.3066666666666666,0.029999999999999583,FALSE,6.903333333333333
2020,00-0027939,Cam Newton,QB,15,260.97999999999996,287.2799999999999,-26.29999999999998,21,25.839999999999996,-1.7533333333333319,-4.839999999999996,FALSE,19.151999999999994
2020,00-0027942,A.J. Green,WR,16,111.30000000000001,182.93,-71.63000000000001,2,6.079999999999998,-4.476875000000001,-4.079999999999998,FALSE,11.433125
2020,00-0027944,Julio Jones,WR,9,146.10000000000002,128.88,17.220000000000006,3,4.029999999999999,1.913333333333334,-1.0299999999999994,FALSE,14.32
2020,00-0027966,Mark Ingram,RB,10,52.9,62.01,-9.109999999999996,2,2.9600000000000004,-0.9109999999999996,-0.9600000000000004,FALSE,6.201
2020,00-0027973,Andy Dalton,QB,11,136.89999999999998,174.30000000000004,-37.400000000000006,14,19.07,-3.4000000000000004,-5.07,FALSE,15.84545454545455
2020,00-0027981,Kyle Rudolph,TE,12,65.39999999999999,68.11,-2.709999999999999,1,1.8900000000000001,-0.22583333333333325,-0.8900000000000001,FALSE,5.675833333333333
2020,00-0028002,Randall Cobb,WR,10,100.1,89.04,11.059999999999995,3,3.369999999999999,1.1059999999999994,-0.3699999999999992,FALSE,8.904
2020,00-0028042,Luke Stocker,TE,9,13.3,20.38,-7.079999999999999,0,0.7000000000000001,-0.7866666666666666,-0.7000000000000001,FALSE,2.2644444444444445
2020,00-0028087,Dion Lewis,RB,16,59.20000000000001,67.94999999999999,-8.750000000000004,3,2.66,-0.5468750000000002,0.33999999999999986,FALSE,4.246874999999999
2020,00-0029000,Cole Beasley,WR,18,236,217.64,18.359999999999996,5,5.379999999999999,1.0199999999999998,-0.379999999999999,FALSE,12.091111111111111
2020,00-0029141,Alfred Morris,RB,9,40.7,34.24,6.460000000000001,2,0.9500000000000002,0.7177777777777778,1.0499999999999998,FALSE,3.8044444444444445
2020,00-0029263,Russell Wilson,QB,17,381.7399999999999,379.14000000000004,2.6000000000000174,44,43.040000000000006,0.15294117647058925,0.9599999999999937,FALSE,22.302352941176473
2020,00-0029293,Marvin Jones,WR,16,227.8,213.47999999999996,14.32,9,6.459999999999999,0.895,2.540000000000001,FALSE,13.342499999999998
2020,00-0029567,Nick Foles,QB,9,104.17999999999999,124.19000000000001,-20.009999999999998,11,13.43,-2.223333333333333,-2.4299999999999997,FALSE,13.79888888888889
2020,00-0029604,Kirk Cousins,QB,16,312.20000000000005,300.1,12.099999999999982,36,34.41,0.7562499999999989,1.5900000000000034,FALSE,18.75625
2020,00-0029608,T.Y. Hilton,WR,16,169.39999999999998,183.16999999999996,-13.770000000000003,5,5.54,-0.8606250000000002,-0.54,FALSE,11.448124999999997
2020,00-0029701,Ryan Tannehill,QB,17,355.55999999999995,300.59999999999997,54.960000000000015,41,32.870000000000005,3.232941176470589,8.129999999999995,TRUE,17.682352941176468
2020,00-0029738,Darren Fells,TE,12,76.2,51.43999999999999,24.759999999999998,4,1.7600000000000002,2.063333333333333,2.2399999999999998,TRUE,4.286666666666666
2020,00-0029892,Kyle Juszczyk,RB,16,81.60000000000001,67.19,14.409999999999998,6,3.47,0.9006249999999999,2.53,FALSE,4.199375
2020,00-0030035,Adam Thielen,WR,15,252,224.61,27.389999999999997,14,10.88,1.8259999999999998,3.119999999999999,TRUE,14.974
2020,00-0030061,Zach Ertz,TE,11,77.49999999999999,118.80999999999999,-41.31,1,2.29,-3.755454545454546,-1.29,FALSE,10.800909090909089
2020,00-0030181,Jack Doyle,TE,14,86.1,80.06,6.040000000000001,4,2.9,0.4314285714285715,1.1,FALSE,5.718571428571429
2020,00-0030216,Josh Hill,TE,9,19.3,21.750000000000004,-2.45,1,1.02,-0.27222222222222225,-0.020000000000000018,FALSE,2.416666666666667
2020,00-0030279,Keenan Allen,WR,14,245.10000000000002,245.88000000000005,-0.7800000000000029,8,5.98,-0.055714285714285924,2.0199999999999996,FALSE,17.562857142857148
2020,00-0030288,Rex Burkhead,RB,10,107.60000000000002,94.32999999999998,13.269999999999998,6,3.7899999999999996,1.3269999999999997,2.2100000000000004,FALSE,9.432999999999998
2020,00-0030431,Robert Woods,WR,18,270.40000000000003,258.46999999999997,11.930000000000003,9,5.580000000000001,0.6627777777777779,3.419999999999999,FALSE,14.359444444444442
2020,00-0030456,Giovani Bernard,RB,16,158.1,159.35000000000002,-1.2500000000000024,6,5.0699999999999985,-0.07812500000000015,0.9300000000000015,FALSE,9.959375000000001
2020,00-0030470,Vance McDonald,TE,10,24.900000000000002,34.739999999999995,-9.839999999999998,0,1.09,-0.9839999999999998,-1.09,FALSE,3.4739999999999993
2020,00-0030472,Jordan Reed,TE,10,73.1,80.22999999999999,-7.130000000000002,4,2.76,-0.7130000000000002,1.2400000000000002,FALSE,8.023
2020,00-0030496,Le'Veon Bell,RB,12,68,90.08,-22.080000000000002,1,3.35,-1.84,-2.35,FALSE,7.506666666666667
2020,00-0030506,Travis Kelce,TE,18,397.76,353.42999999999995,44.33,14,12.6,2.4627777777777777,1.4000000000000004,TRUE,19.634999999999998
2020,00-0030513,Latavius Murray,RB,16,146.2,130.34999999999997,15.849999999999998,6,4.430000000000001,0.9906249999999999,1.5699999999999994,FALSE,8.146874999999998
2020,00-0030549,Tyler Eifert,TE,14,82.9,104.96000000000001,-22.06,2,3.66,-1.5757142857142856,-1.6600000000000001,FALSE,7.497142857142857
2020,00-0030564,DeAndre Hopkins,WR,16,287.8,287.68,0.120000000000001,6,7.57,0.007500000000000062,-1.5700000000000003,FALSE,17.98
2020,00-0030578,Cordarrelle Patterson,WR,16,63.6,82.36999999999999,-18.77,1,2.3799999999999994,-1.173125,-1.3799999999999994,FALSE,5.148124999999999
2020,00-0030663,Willie Snead,WR,15,104.60000000000001,92.2,12.400000000000002,3,2.1999999999999993,0.8266666666666668,0.8000000000000007,FALSE,6.1466666666666665
2020,00-0030710,Trey Burton,TE,12,89.69999999999999,98.77999999999999,-9.080000000000002,5,4.679999999999999,-0.7566666666666668,0.3200000000000012,FALSE,8.231666666666666
2020,00-0030968,Keith Smith,RB,12,17.6,25.29,-7.689999999999999,0,0.22,-0.6408333333333333,-0.22,FALSE,2.1075
2020,00-0031045,Carlos Hyde,RB,11,85.39999999999999,83.18,2.219999999999998,4,3,0.20181818181818165,1,FALSE,7.561818181818182
2020,00-0031051,John Brown,WR,12,115.40000000000002,132.89,-17.49000000000001,3,4.6499999999999995,-1.4575000000000007,-1.6499999999999995,FALSE,11.074166666666665
2020,00-0031062,James White,RB,14,116.6,115.16000000000001,1.4400000000000035,3,2.54,0.1028571428571431,0.45999999999999996,FALSE,8.225714285714286
2020,00-0031236,Brandin Cooks,WR,15,231.3,219.47000000000003,11.830000000000002,6,6.5,0.7886666666666667,-0.5,FALSE,14.631333333333336
2020,00-0031237,Teddy Bridgewater,QB,15,245.1,255.78000000000003,-10.679999999999998,20,23.42,-0.7119999999999999,-3.4200000000000017,FALSE,17.052000000000003
2020,00-0031260,Logan Thomas,TE,17,189.01999999999998,194.44,-5.419999999999998,6,5.359999999999999,-0.3188235294117646,0.6400000000000006,FALSE,11.43764705882353
2020,00-0031273,Cameron Brate,TE,17,105.69999999999999,97.01,8.690000000000001,3,2.87,0.5111764705882353,0.1299999999999999,FALSE,5.706470588235295
2020,00-0031280,Derek Carr,QB,16,286.12,302.6,-16.48,30,35.5,-1.03,-5.5,FALSE,18.9125
2020,00-0031325,Sammy Watkins,WR,11,89.69999999999999,110.09999999999998,-20.400000000000002,2,4.42,-1.8545454545454547,-2.42,FALSE,10.009090909090908
2020,00-0031376,Jerick McKinnon,RB,14,126.2,126.27,-0.06999999999999451,6,4.379999999999998,-0.004999999999999608,1.6200000000000019,FALSE,9.019285714285713
2020,00-0031381,Davante Adams,WR,16,401.7,345.32,56.38000000000001,20,16.01,3.5237500000000006,3.9899999999999984,TRUE,21.5825
2020,00-0031382,Jarvis Landry,WR,17,223.16,219.75,3.4100000000000037,7,7.949999999999999,0.20058823529411787,-0.9499999999999993,FALSE,12.926470588235293
2020,00-0031384,Richard Rodgers,TE,8,70.5,52.24,18.26,2,1.04,2.2825,0.96,FALSE,6.53
2020,00-0031387,Eric Ebron,TE,16,160.99999999999997,181.17999999999998,-20.180000000000007,6,6.629999999999999,-1.2612500000000004,-0.629999999999999,FALSE,11.323749999999999
2020,00-0031408,Mike Evans,WR,20,292.00000000000006,271.29999999999995,20.699999999999996,15,13.319999999999999,1.0349999999999997,1.6800000000000015,TRUE,13.564999999999998
2020,00-0031428,Allen Robinson,WR,17,274.40000000000003,264.29,10.110000000000003,6,7.1499999999999995,0.5947058823529413,-1.1499999999999995,FALSE,15.546470588235294
2020,00-0031544,Amari Cooper,WR,16,236.79999999999998,234.4,2.4000000000000012,5,7.009999999999999,0.15000000000000008,-2.009999999999999,FALSE,14.65
2020,00-0031547,DeVante Parker,WR,14,166.3,186.24,-19.939999999999994,4,6.370000000000001,-1.424285714285714,-2.370000000000001,FALSE,13.302857142857144
2020,00-0031549,Nelson Agholor,WR,16,185.6,168.38,17.22,8,7.1,1.07625,0.9000000000000004,FALSE,10.52375
2020,00-0031588,Stefon Diggs,WR,19,391.70000000000005,351.54999999999995,40.15000000000002,10,9.159999999999998,2.113157894736843,0.8400000000000016,TRUE,18.502631578947366
2020,00-0031595,Michael Burton,RB,8,12.1,16.57,-4.469999999999999,0,0.6400000000000001,-0.5587499999999999,-0.6400000000000001,FALSE,2.07125
2020,00-0031598,Nick Boyle,TE,9,37.3,31.94,5.36,2,1.2500000000000002,0.5955555555555556,0.7499999999999998,FALSE,3.548888888888889
2020,00-0031610,Darren Waller,TE,16,278.6,268.34,10.260000000000005,9,8.18,0.6412500000000003,0.8200000000000003,FALSE,16.77125
2020,00-0031687,Raheem Mostert,RB,8,99.69999999999999,89.28,10.419999999999998,3,3.14,1.3024999999999998,-0.14000000000000012,FALSE,11.16
2020,00-0031806,Malcolm Brown,RB,18,115.4,133.75,-18.349999999999998,5,6.219999999999999,-1.0194444444444444,-1.2199999999999989,FALSE,7.430555555555555
2020,00-0031868,Damiere Byrd,WR,14,114.89999999999999,132.48,-17.58,1,2.06,-1.2557142857142856,-1.06,FALSE,9.462857142857143
2020,00-0031941,Jamison Crowder,WR,12,172.01999999999998,137.82,34.19999999999999,7,2.81,2.849999999999999,4.1899999999999995,TRUE,11.485
2020,00-0031951,James O'Shaughnessy,TE,15,54.199999999999996,62.27999999999999,-8.080000000000002,0,0.36,-0.5386666666666667,-0.36,FALSE,4.151999999999999
2020,00-0032054,Breshad Perriman,WR,12,99.1,102.3,-3.1999999999999975,3,3.0999999999999996,-0.26666666666666644,-0.09999999999999964,FALSE,8.525
2020,00-0032062,Blake Bell,TE,11,22.2,27.44,-5.239999999999998,0,0.73,-0.4763636363636362,-0.73,FALSE,2.4945454545454546
2020,00-0032063,Mike Davis,RB,14,206.50000000000003,218.8,-12.299999999999995,8,9.55,-0.8785714285714282,-1.5500000000000007,FALSE,15.62857142857143
2020,00-0032128,Chris Conley,WR,14,97.10000000000001,103.91,-6.8100000000000005,2,2.93,-0.4864285714285715,-0.9300000000000002,FALSE,7.422142857142857
2020,00-0032135,Jesse James,TE,12,38.900000000000006,41.47,-2.5699999999999994,2,1.82,-0.21416666666666662,0.17999999999999994,FALSE,3.455833333333333
2020,00-0032144,Melvin Gordon,RB,15,198.4,189.29,9.110000000000003,10,6.32,0.6073333333333335,3.6799999999999997,FALSE,12.619333333333334
2020,00-0032187,David Johnson,RB,12,179.50000000000003,179.67000000000002,-0.17000000000000703,8,9.38,-0.014166666666667252,-1.3800000000000008,FALSE,14.972500000000002
2020,00-0032211,Tyler Lockett,WR,17,271.70000000000005,257.87,13.830000000000005,10,8.929999999999998,0.8135294117647062,1.070000000000002,FALSE,15.168823529411766
2020,00-0032241,Todd Gurley,RB,15,163.20000000000002,184.73999999999998,-21.54,9,8.889999999999999,-1.436,0.11000000000000121,FALSE,12.315999999999999
2020,00-0032257,Duke Johnson,RB,11,84.40000000000002,101.03000000000002,-16.630000000000003,2,2.64,-1.511818181818182,-0.6400000000000001,FALSE,9.184545454545455
2020,00-0032385,Sterling Shepard,WR,12,162.49999999999997,147.14000000000001,15.36,4,2.65,1.28,1.35,FALSE,12.261666666666668
2020,00-0032392,Austin Hooper,TE,15,134.7,158.69,-23.989999999999995,5,6.12,-1.599333333333333,-1.12,FALSE,10.579333333333333
2020,00-0032394,Nick Vannett,TE,11,29.5,36.08,-6.580000000000001,1,1.2,-0.5981818181818183,-0.19999999999999996,FALSE,3.28
2020,00-0032464,Kalif Raymond,WR,9,27.400000000000002,31.28,-3.88,0,0.5400000000000001,-0.4311111111111111,-0.5400000000000001,FALSE,3.4755555555555557
2020,00-0032543,Alex Erickson,WR,9,24.6,28.56,-3.960000000000001,0,0.26,-0.4400000000000001,-0.26,FALSE,3.1733333333333333
2020,00-0032602,J.D. McKissic,RB,17,200.7,217.56,-16.86,4,4.890000000000001,-0.9917647058823529,-0.8900000000000006,FALSE,12.797647058823529
2020,00-0032688,Robby Anderson,WR,16,223.79999999999998,227.67999999999998,-3.880000000000006,3,4.73,-0.24250000000000038,-1.7300000000000004,FALSE,14.229999999999999
2020,00-0032741,Peyton Barber,RB,14,55,74.41000000000001,-19.409999999999997,4,4.69,-1.3864285714285711,-0.6900000000000004,FALSE,5.315
2020,00-0032764,Derrick Henry,RB,17,341.20000000000005,311.47,29.730000000000004,17,13.940000000000001,1.7488235294117649,3.0599999999999987,TRUE,18.321764705882355
2020,00-0032765,Michael Thomas,WR,9,102.2,124.89000000000001,-22.690000000000005,1,3.8099999999999996,-2.5211111111111117,-2.8099999999999996,FALSE,13.876666666666669
2020,00-0032775,Demarcus Robinson,WR,17,112.1,116.95,-4.849999999999996,3,3.82,-0.2852941176470586,-0.8199999999999998,FALSE,6.879411764705883
2020,00-0032791,Jakeem Grant,WR,14,81.3,92.4,-11.099999999999996,1,1.7700000000000002,-0.7928571428571426,-0.7700000000000002,FALSE,6.6000000000000005
2020,00-0032918,C.J. Ham,RB,11,25.5,24.199999999999996,1.3000000000000003,1,0.8099999999999999,0.11818181818181821,0.19000000000000006,FALSE,2.1999999999999997
2020,00-0032950,Carson Wentz,QB,12,204.40000000000003,227.24999999999997,-22.849999999999987,21,20.97,-1.9041666666666657,0.030000000000001137,FALSE,18.937499999999996
2020,00-0032972,Devontae Booker,RB,15,85.69999999999999,81.80000000000001,3.8999999999999977,3,2,0.25999999999999984,1,FALSE,5.453333333333334
2020,00-0032977,Rashard Higgins,WR,14,137.5,125.02000000000001,12.479999999999999,4,4.1899999999999995,0.8914285714285713,-0.1899999999999995,FALSE,8.930000000000001
2020,00-0032980,Marcus Johnson,WR,8,39.5,51.059999999999995,-11.559999999999997,0,0.9900000000000001,-1.4449999999999996,-0.9900000000000001,FALSE,6.382499999999999
2020,00-0033009,Tyler Boyd,WR,15,192.64,188.70000000000005,3.9400000000000004,4,4.9799999999999995,0.2626666666666667,-0.9799999999999995,FALSE,12.580000000000004
2020,00-0033025,Jalen Richard,RB,12,51.099999999999994,49.169999999999995,1.9299999999999993,1,0.9300000000000002,0.16083333333333327,0.06999999999999984,FALSE,4.097499999999999
2020,00-0033040,Tyreek Hill,WR,18,389.79999999999995,342.95,46.85,17,13.620000000000001,2.602777777777778,3.379999999999999,TRUE,19.052777777777777
2020,00-0033045,Ezekiel Elliott,RB,15,223.70000000000005,278.73,-55.03,8,13.539999999999996,-3.6686666666666667,-5.539999999999996,FALSE,18.582
2020,00-0033090,Hunter Henry,TE,14,145.29999999999998,170.04,-24.739999999999995,4,5.5600000000000005,-1.7671428571428567,-1.5600000000000005,FALSE,12.145714285714286
2020,00-0033094,Marvin Hall,WR,11,60.300000000000004,61.36,-1.0599999999999983,2,1.4400000000000002,-0.09636363636363621,0.5599999999999998,FALSE,5.578181818181818
2020,00-0033106,Jared Goff,QB,17,269.98,284.58000000000004,-14.6,26,25.78,-0.8588235294117647,0.21999999999999886,FALSE,16.740000000000002
2020,00-0033110,Tyler Higbee,TE,17,132.10000000000002,118.58000000000001,13.52,5,3.32,0.7952941176470588,1.6800000000000002,FALSE,6.97529411764706
2020,00-0033114,Mike Thomas,WR,10,30.299999999999997,31.78,-1.4799999999999993,1,0.45000000000000007,-0.14799999999999994,0.5499999999999999,FALSE,3.178
2020,00-0033118,Kenyan Drake,RB,15,192.20000000000002,229.59999999999997,-37.400000000000006,10,14.350000000000001,-2.4933333333333336,-4.350000000000001,FALSE,15.306666666666665
2020,00-0033119,Jacoby Brissett,QB,11,20.580000000000002,21.21,-0.6299999999999986,3,2.9200000000000004,-0.05727272727272714,0.07999999999999963,FALSE,1.9281818181818182
2020,00-0033127,Will Fuller,WR,11,188.9,145.04000000000002,43.86,8,4.63,3.9872727272727273,3.37,TRUE,13.185454545454547
2020,00-0033217,Mo Alie-Cox,TE,15,87.60000000000002,76.65,10.950000000000005,2,1.96,0.7300000000000003,0.040000000000000036,FALSE,5.11
2020,00-0033251,Zach Pascal,WR,17,149.6,150.11,-0.5100000000000051,6,5.899999999999999,-0.0300000000000003,0.10000000000000142,FALSE,8.83
2020,00-0033258,Darrell Daniels,TE,8,23.2,21.17,2.0300000000000002,1,0.43000000000000005,0.25375000000000003,0.57,FALSE,2.64625
2020,00-0033282,Curtis Samuel,WR,15,212.1,188.56,23.539999999999996,5,4.569999999999999,1.569333333333333,0.4300000000000006,TRUE,12.570666666666666
2020,00-0033288,George Kittle,TE,8,125.1,107.16999999999999,17.929999999999993,2,1.6400000000000003,2.241249999999999,0.35999999999999965,FALSE,13.396249999999998
2020,00-0033293,Aaron Jones,RB,16,282.6,276.25000000000006,6.350000000000003,12,13.030000000000001,0.3968750000000002,-1.0300000000000011,FALSE,17.265625000000004
2020,00-0033296,Alex Armah,RB,12,7.7,18.66,-10.96,0,0.91,-0.9133333333333334,-0.91,FALSE,1.555
2020,00-0033307,Kendrick Bourne,WR,15,129.7,124.46,5.240000000000002,2,3.2600000000000002,0.34933333333333344,-1.2600000000000002,FALSE,8.297333333333333
2020,00-0033308,Matt Breida,RB,10,42,44.989999999999995,-2.9899999999999967,0,0.6200000000000001,-0.29899999999999965,-0.6200000000000001,FALSE,4.499
2020,00-0033319,Nick Mullens,QB,10,124.16,137.62,-13.460000000000003,12,13.219999999999999,-1.3460000000000003,-1.2199999999999989,FALSE,13.762
2020,00-0033357,Taysom Hill,QB,17,164.62000000000003,179.29000000000005,-14.67,13,15.970000000000002,-0.8629411764705882,-2.9700000000000024,FALSE,10.546470588235296
2020,00-0033367,C.J. Board,WR,9,21.400000000000006,25.360000000000003,-3.9600000000000004,0,0.16000000000000003,-0.44000000000000006,-0.16000000000000003,FALSE,2.817777777777778
2020,00-0033375,Tim Patrick,WR,15,161.20000000000002,139.41000000000003,21.790000000000006,6,5.12,1.452666666666667,0.8799999999999999,TRUE,9.294000000000002
2020,00-0033376,Patrick Ricard,RB,10,25.1,32.81,-7.710000000000002,1,1.6300000000000001,-0.7710000000000001,-0.6300000000000001,FALSE,3.281
2020,00-0033387,Jacob Hollister,TE,14,65.9,87.28,-21.380000000000003,3,3.5600000000000005,-1.5271428571428574,-0.5600000000000005,FALSE,6.234285714285714
2020,00-0033439,Pharaoh Brown,TE,8,42.3,30.23,12.07,2,1.08,1.50875,0.9199999999999999,FALSE,3.77875
2020,00-0033455,Anthony Firkser,TE,16,90.1,94.52000000000001,-4.420000000000001,1,2.5,-0.27625000000000005,-1.5,FALSE,5.907500000000001
2020,00-0033466,Isaiah McKenzie,WR,17,104.88,79.53000000000002,25.349999999999998,7,3.5100000000000002,1.491176470588235,3.4899999999999998,TRUE,4.678235294117648
2020,00-0033471,Isaiah Ford,WR,9,55.6,71.41999999999999,-15.82,0,1.09,-1.7577777777777779,-1.09,FALSE,7.935555555555554
2020,00-0033526,Samaje Perine,RB,11,65.7,56.93,8.770000000000001,3,2.38,0.7972727272727274,0.6200000000000001,FALSE,5.175454545454546
2020,00-0033536,Mike Williams,WR,14,153.7,157.85,-4.149999999999999,5,6.16,-0.2964285714285713,-1.1600000000000001,FALSE,11.275
2020,00-0033537,Deshaun Watson,QB,16,372.44,357.16,15.279999999999998,36,37.36,0.9549999999999998,-1.3599999999999994,FALSE,22.3225
2020,00-0033553,James Conner,RB,14,184.29999999999998,197.62,-13.319999999999993,7,8.74,-0.951428571428571,-1.7400000000000002,FALSE,14.115714285714287
2020,00-0033555,Mack Hollins,WR,9,37.599999999999994,43.53999999999999,-5.94,1,1.07,-0.66,-0.07000000000000006,FALSE,4.837777777777777
2020,00-0033567,Brian Hill,RB,16,95.39999999999998,98.35,-2.95,1,1.6400000000000003,-0.184375,-0.6400000000000003,FALSE,6.146875
2020,00-0033572,Jamal Agnew,WR,12,25.200000000000003,35.89999999999999,-10.7,0,1.01,-0.8916666666666666,-1.01,FALSE,2.991666666666666
2020,00-0033589,David Moore,WR,17,120.3,102.83999999999999,17.460000000000004,6,5.5,1.027058823529412,0.5,FALSE,6.049411764705882
2020,00-0033591,Noah Brown,WR,9,29.8,40.86,-11.059999999999999,0,0.5300000000000001,-1.2288888888888887,-0.5300000000000001,FALSE,4.54
2020,00-0033594,Chris Carson,RB,13,197.00000000000003,184.35999999999999,12.64,9,7.499999999999999,0.9723076923076923,1.5000000000000009,FALSE,14.18153846153846
2020,00-0033681,Keelan Cole,WR,16,149.39999999999998,155.98,-6.5800000000000045,5,4.859999999999999,-0.4112500000000003,0.14000000000000057,FALSE,9.74875
2020,00-0033699,Austin Ekeler,RB,10,165.3,161.93000000000004,3.369999999999999,3,4.09,0.3369999999999999,-1.0899999999999999,FALSE,16.193000000000005
2020,00-0033725,Corey Clement,RB,8,21.000000000000004,20.730000000000004,0.27,1,0.5900000000000001,0.03375,0.4099999999999999,FALSE,2.5912500000000005
2020,00-0033733,Greg Ward,WR,16,133.1,122.57,10.529999999999998,6,2.4899999999999998,0.6581249999999998,3.5100000000000002,FALSE,7.660625
2020,00-0033757,Robert Tonyan,TE,17,198.8,134.23000000000002,64.57,12,6.589999999999998,3.7982352941176467,5.410000000000002,TRUE,7.895882352941178
2020,00-0033856,Leonard Fournette,RB,16,218.79999999999998,212.79,6.010000000000005,10,8.03,0.3756250000000003,1.9700000000000006,FALSE,13.299375
2020,00-0033857,JuJu Smith-Schuster,WR,17,268.8,240.08,28.720000000000006,10,6.609999999999999,1.6894117647058826,3.3900000000000006,TRUE,14.122352941176471
2020,00-0033858,Jonnu Smith,TE,15,143.10000000000002,139.77,3.329999999999996,9,7.18,0.22199999999999973,1.8200000000000003,FALSE,9.318000000000001
2020,00-0033869,Mitchell Trubisky,QB,11,170.66000000000003,191.35000000000005,-20.689999999999998,18,20.74,-1.8809090909090906,-2.7399999999999984,FALSE,17.39545454545455
2020,00-0033871,Corey Davis,WR,15,191.40000000000003,171.73999999999998,19.660000000000007,5,4.58,1.310666666666667,0.41999999999999993,FALSE,11.449333333333332
2020,00-0033873,Patrick Mahomes,QB,18,441.6000000000001,445.0799999999999,-3.479999999999988,46,49.20000000000001,-0.19333333333333266,-3.20000000000001,FALSE,24.726666666666663
2020,00-0033881,Evan Engram,TE,16,140.99999999999997,181.57999999999996,-40.58,2,3.7699999999999996,-2.53625,-1.7699999999999996,FALSE,11.348749999999997
2020,00-0033885,David Njoku,TE,13,63.900000000000006,66.24,-2.34,2,2.9,-0.18,-0.8999999999999999,FALSE,5.095384615384615
2020,00-0033891,Zay Jones,WR,11,36.56,37.67,-1.1100000000000003,1,1.4500000000000002,-0.10090909090909093,-0.4500000000000002,FALSE,3.424545454545455
2020,00-0033893,Dalvin Cook,RB,14,337.79999999999995,298.75000000000006,39.05,17,15.05,2.789285714285714,1.9499999999999993,TRUE,21.33928571428572
2020,00-0033895,Gerald Everett,TE,17,92.9,106.78999999999999,-13.889999999999997,2,2.54,-0.8170588235294116,-0.54,FALSE,6.2817647058823525
2020,00-0033896,Adam Shaheen,TE,13,45,50.22,-5.22,3,3.4099999999999997,-0.4015384615384615,-0.4099999999999997,FALSE,3.863076923076923
2020,00-0033906,Alvin Kamara,RB,17,410.9,357.9,52.999999999999986,22,16.7,3.1176470588235285,5.300000000000001,TRUE,21.052941176470586
2020,00-0033908,Cooper Kupp,WR,16,222.50000000000003,219.05,3.4500000000000037,3,4.459999999999998,0.21562500000000023,-1.4599999999999982,FALSE,13.690625
2020,00-0033921,Chris Godwin,WR,16,236.8,219.30999999999995,17.49,8,6.5200000000000005,1.093125,1.4799999999999995,FALSE,13.706874999999997
2020,00-0033923,Kareem Hunt,RB,18,247.99999999999997,233.42000000000002,14.580000000000013,14,11.83,0.8100000000000007,2.17,FALSE,12.967777777777778
2020,00-0033943,Josh Reynolds,WR,17,135.8,150.32,-14.520000000000007,2,3.58,-0.8541176470588239,-1.58,FALSE,8.84235294117647
2020,00-0033948,Jamaal Williams,RB,16,142.1,162.40999999999997,-20.309999999999995,3,7.530000000000001,-1.2693749999999997,-4.530000000000001,FALSE,10.150624999999998
2020,00-0033950,Wayne Gallman,RB,14,136.6,132.71,3.890000000000001,6,5.86,0.2778571428571429,0.13999999999999968,FALSE,9.479285714285714
2020,00-0033955,Jeremy McNichols,RB,16,44.300000000000004,56.650000000000006,-12.350000000000001,1,1.8799999999999997,-0.7718750000000001,-0.8799999999999997,FALSE,3.5406250000000004
2020,00-0034011,Dan Arnold,TE,14,96.8,86.1,10.700000000000003,4,2.34,0.7642857142857145,1.6600000000000001,FALSE,6.1499999999999995
2020,00-0034073,Ross Dwelley,TE,10,49.5,39.779999999999994,9.72,1,0.81,0.9720000000000001,0.18999999999999995,FALSE,3.9779999999999993
2020,00-0034104,Cam Sims,WR,12,103.6,96.12,7.48,1,2.06,0.6233333333333334,-1.06,FALSE,8.01
2020,00-0034109,Phillip Lindsay,RB,11,64,81.12,-17.119999999999997,1,1.7000000000000004,-1.5563636363636362,-0.7000000000000004,FALSE,7.374545454545455
2020,00-0034115,Jeffery Wilson,RB,11,142.3,128.89,13.409999999999993,10,6.869999999999999,1.2190909090909086,3.130000000000001,FALSE,11.717272727272727
2020,00-0034159,Will Dissly,TE,15,62.20000000000001,58.01000000000001,4.190000000000001,2,2.0799999999999996,0.27933333333333343,-0.07999999999999963,FALSE,3.867333333333334
2020,00-0034184,Gus Edwards,RB,18,136.2,134.39000000000001,1.8099999999999938,6,7.369999999999999,0.10055555555555522,-1.3699999999999992,FALSE,7.466111111111112
2020,00-0034192,Nick Keizer,TE,8,10.3,18.1,-7.799999999999999,0,0.44000000000000006,-0.9749999999999999,-0.44000000000000006,FALSE,2.2625
2020,00-0034272,Marquez Valdes-Scantling,WR,16,166.1,158.66000000000003,7.439999999999998,7,5.420000000000001,0.46499999999999986,1.5799999999999992,FALSE,9.916250000000002
2020,00-0034279,Equanimeous St. Brown,WR,10,31.099999999999998,30.16,0.9399999999999997,1,0.8300000000000001,0.09399999999999997,0.16999999999999993,FALSE,3.016
2020,00-0034297,Byron Pringle,WR,8,44.9,46.160000000000004,-1.2599999999999993,1,1.4000000000000001,-0.15749999999999992,-0.40000000000000013,FALSE,5.7700000000000005
2020,00-0034301,Darrel Williams,RB,16,84.5,100.46000000000001,-15.959999999999997,2,2.6300000000000003,-0.9974999999999998,-0.6300000000000003,FALSE,6.2787500000000005
2020,00-0034309,Chad Beebe,WR,10,52.1,45.52000000000001,6.58,2,0.9500000000000001,0.658,1.0499999999999998,FALSE,4.552000000000001
2020,00-0034331,Jaylen Samuels,RB,8,16.4,25.029999999999998,-8.630000000000003,0,0.25,-1.0787500000000003,-0.25,FALSE,3.1287499999999997
2020,00-0034349,Kerryon Johnson,RB,14,71.8,71.19,0.6099999999999997,3,2.02,0.043571428571428546,0.98,FALSE,5.085
2020,00-0034351,Dallas Goedert,TE,11,116.39999999999999,108.05000000000001,8.350000000000001,3,2.79,0.7590909090909093,0.20999999999999996,FALSE,9.822727272727274
2020,00-0034353,Anthony Miller,WR,17,113.1,130.68,-17.58,2,3.849999999999999,-1.0341176470588234,-1.8499999999999992,FALSE,7.687058823529412
2020,00-0034364,Jordan Akins,TE,13,83.70000000000002,86.67,-2.97,1,3.04,-0.22846153846153847,-2.04,FALSE,6.666923076923077
2020,00-0034365,Ian Thomas,TE,13,40.5,51.190000000000005,-10.689999999999998,1,1.2400000000000002,-0.8223076923076922,-0.2400000000000002,FALSE,3.9376923076923083
2020,00-0034366,Keke Coutee,WR,8,89.00000000000001,77.1,11.900000000000002,3,3.1800000000000006,1.4875000000000003,-0.1800000000000006,FALSE,9.6375
2020,00-0034367,Nyheim Hines,RB,17,200.5,194.01000000000002,6.489999999999998,7,7.09,0.38176470588235284,-0.08999999999999986,FALSE,11.412352941176472
2020,00-0034370,DaeSean Hamilton,WR,12,62.3,73.64,-11.34,2,2.2800000000000002,-0.945,-0.28000000000000025,FALSE,6.136666666666667
2020,00-0034378,Ito Smith,RB,14,57.300000000000004,81.43,-24.13,1,3.13,-1.7235714285714285,-2.13,FALSE,5.816428571428572
2020,00-0034383,Dalton Schultz,TE,16,146.50000000000003,150.8,-4.299999999999992,4,3.83,-0.2687499999999995,0.16999999999999993,FALSE,9.425
2020,00-0034400,Jordan Wilkins,RB,12,61.29999999999999,75.48,-14.180000000000001,1,2.35,-1.1816666666666669,-1.35,FALSE,6.29
2020,00-0034407,Ray-Ray McCloud,WR,11,34.2,36.74999999999999,-2.5500000000000016,0,0.73,-0.23181818181818195,-0.73,FALSE,3.3409090909090904
2020,00-0034411,Russell Gage,WR,16,181.06,197.54999999999998,-16.489999999999988,5,6.63,-1.0306249999999992,-1.63,FALSE,12.346874999999999
2020,00-0034414,Boston Scott,RB,16,95.60000000000001,100.18,-4.579999999999998,2,2.809999999999999,-0.2862499999999999,-0.8099999999999992,FALSE,6.26125
2020,00-0034418,Cedrick Wilson,WR,10,51.62,53.96000000000001,-2.3400000000000007,3,2.41,-0.23400000000000007,0.5899999999999999,FALSE,5.396000000000001
2020,00-0034419,Braxton Berrios,WR,13,97.3,86.52999999999999,10.769999999999996,3,1.9900000000000002,0.8284615384615381,1.0099999999999998,FALSE,6.656153846153845
2020,00-0034426,Javon Wims,WR,10,20.8,30.23,-9.429999999999998,1,1.1,-0.9429999999999998,-0.10000000000000009,FALSE,3.023
2020,00-0034439,Ryan Izzo,TE,10,30.9,34.25,-3.349999999999997,0,0.6800000000000002,-0.3349999999999997,-0.6800000000000002,FALSE,3.425
2020,00-0034440,Justin Jackson,RB,8,65.30000000000001,65.65000000000002,-0.34999999999999964,0,0.56,-0.043749999999999956,-0.56,FALSE,8.206250000000002
2020,00-0034521,Allen Lazard,WR,12,126.60000000000001,116.45,10.149999999999999,4,4.180000000000001,0.8458333333333332,-0.1800000000000006,FALSE,9.704166666666667
2020,00-0034646,Brandon Powell,WR,10,29.599999999999998,32.29,-2.69,2,1.3399999999999999,-0.269,0.6600000000000001,FALSE,3.229
2020,00-0034652,Cameron Batson,WR,10,31.599999999999998,27.25,4.35,1,1.0699999999999998,0.43499999999999994,-0.06999999999999984,FALSE,2.725
2020,00-0034676,James Washington,WR,17,111.40000000000002,106.24,5.16,5,3.6500000000000004,0.3035294117647059,1.3499999999999996,FALSE,6.249411764705882
2020,00-0034681,Chase Edmonds,RB,16,168.00000000000006,167.41000000000003,0.589999999999999,5,4.819999999999999,0.036874999999999936,0.1800000000000006,FALSE,10.463125000000002
2020,00-0034686,Auden Tate,WR,8,29,39.32,-10.319999999999999,0,1.6800000000000002,-1.2899999999999998,-1.6800000000000002,FALSE,4.915
2020,00-0034753,Mark Andrews,TE,16,184.99999999999997,203.1,-18.099999999999998,7,8.889999999999999,-1.1312499999999999,-1.8899999999999988,FALSE,12.69375
2020,00-0034764,Michael Gallup,WR,16,173.29999999999998,191.18000000000004,-17.88,5,6.389999999999999,-1.1175,-1.3899999999999988,FALSE,11.948750000000002
2020,00-0034765,Tre'Quan Smith,WR,14,126.6,93.80999999999999,32.79,6,2.9,2.342142857142857,3.1,TRUE,6.700714285714285
2020,00-0034766,Christopher Herndon,TE,11,73.69999999999999,74.24,-0.5399999999999983,3,2.2199999999999998,-0.049090909090908935,0.7800000000000002,FALSE,6.749090909090909
2020,00-0034775,Christian Kirk,WR,14,146.4,154.27,-7.869999999999995,6,6.42,-0.5621428571428567,-0.41999999999999993,FALSE,11.019285714285715
2020,00-0034777,D.J. Chark,WR,13,153.59999999999997,164.76,-11.16,5,5.029999999999999,-0.8584615384615385,-0.02999999999999936,FALSE,12.673846153846153
2020,00-0034791,Nick Chubb,RB,14,241.3,191.07,50.22999999999998,13,9.34,3.5878571428571417,3.66,TRUE,13.647857142857143
2020,00-0034796,Lamar Jackson,QB,17,369.41999999999996,370.50000000000006,-1.0799999999999894,34,34.370000000000005,-0.06352941176470527,-0.37000000000000455,FALSE,21.794117647058826
2020,00-0034798,Durham Smythe,TE,13,58.8,54.86000000000001,3.940000000000001,2,2.37,0.30307692307692313,-0.3700000000000001,FALSE,4.220000000000001
2020,00-0034799,Kalen Ballage,RB,11,93.89999999999999,119.45999999999998,-25.56,3,5.15,-2.3236363636363637,-2.1500000000000004,FALSE,10.859999999999998
2020,00-0034816,Ronald Jones,RB,17,200.19999999999996,213.57,-13.369999999999996,8,9.389999999999999,-0.7864705882352938,-1.3899999999999988,FALSE,12.562941176470588
2020,00-0034827,D.J. Moore,WR,15,211.49999999999997,218.95000000000002,-7.449999999999996,4,6.3999999999999995,-0.49666666666666637,-2.3999999999999995,FALSE,14.596666666666668
2020,00-0034829,Mike Gesicki,TE,15,159.29999999999998,162.70000000000002,-3.3999999999999986,6,6.43,-0.22666666666666657,-0.4299999999999997,FALSE,10.846666666666668
2020,00-0034830,Hayden Hurst,TE,16,149.10000000000002,165.35000000000002,-16.25,6,4.99,-1.015625,1.0099999999999998,FALSE,10.334375000000001
2020,00-0034837,Calvin Ridley,WR,15,281.50000000000006,293.34999999999997,-11.850000000000005,9,11.68,-0.7900000000000004,-2.6799999999999997,FALSE,19.556666666666665
2020,00-0034838,Royce Freeman,RB,11,37.1,39,-1.899999999999999,0,1.0000000000000002,-0.17272727272727265,-1.0000000000000002,FALSE,3.5454545454545454
2020,00-0034845,Sony Michel,RB,8,75.30000000000001,57.76,17.540000000000003,2,1.7000000000000002,2.1925000000000003,0.2999999999999998,FALSE,7.22
2020,00-0034855,Baker Mayfield,QB,18,288.90000000000003,333.96,-45.06,31,38.24,-2.5033333333333334,-7.240000000000002,FALSE,18.55333333333333
2020,00-0034857,Josh Allen,QB,19,471.24,487.9599999999999,-16.719999999999988,52,56.71000000000001,-0.8799999999999993,-4.710000000000008,FALSE,25.68210526315789
2020,00-0034869,Sam Darnold,QB,12,138.01999999999998,155.69,-17.67,11,12.65,-1.4725000000000001,-1.6500000000000004,FALSE,12.974166666666667
2020,00-0034928,Steven Sims,WR,12,73.99999999999999,62.54,11.46,2,1.31,0.9550000000000001,0.69,FALSE,5.211666666666667
2020,00-0034960,Jakobi Meyers,WR,12,142.51999999999998,139.24,3.2799999999999976,2,2.4400000000000004,0.27333333333333315,-0.4400000000000004,FALSE,11.603333333333333
2020,00-0034970,Irv Smith,TE,12,98.5,93.29,5.210000000000001,5,4.859999999999999,0.43416666666666676,0.14000000000000057,FALSE,7.774166666666667
2020,00-0034972,Alexander Mattison,RB,13,86.9,84.14999999999999,2.7500000000000018,3,3.5999999999999996,0.21153846153846168,-0.5999999999999996,FALSE,6.473076923076922
2020,00-0034983,Hunter Renfrow,WR,16,131.6,126.64,4.9599999999999955,2,2.61,0.3099999999999997,-0.6099999999999999,FALSE,7.915
2020,00-0034988,Kaden Smith,TE,13,29.200000000000003,32.510000000000005,-3.3100000000000005,0,0.64,-0.25461538461538463,-0.64,FALSE,2.5007692307692313
2020,00-0035006,Olabisi Johnson,WR,8,34.89999999999999,33.17,1.7299999999999986,0,0.38999999999999996,0.21624999999999983,-0.38999999999999996,FALSE,4.14625
2020,00-0035125,Alec Ingold,RB,11,29.400000000000002,33.209999999999994,-3.8099999999999983,1,1.49,-0.3463636363636362,-0.49,FALSE,3.0190909090909086
2020,00-0035140,Mecole Hardman,WR,19,150.10000000000002,144.1,6.000000000000012,5,3.72,0.3157894736842112,1.2799999999999998,FALSE,7.584210526315789
2020,00-0035208,Olamide Zaccheaus,WR,9,53.400000000000006,59.300000000000004,-5.9,1,1.46,-0.6555555555555556,-0.45999999999999996,FALSE,6.5888888888888895
2020,00-0035215,Deonte Harris,WR,11,65.70000000000002,59.96,5.740000000000003,1,1.4200000000000002,0.5218181818181821,-0.42000000000000015,FALSE,5.450909090909091
2020,00-0035216,Diontae Johnson,WR,16,246.49999999999994,257.72999999999996,-11.229999999999999,7,6.249999999999999,-0.7018749999999999,0.7500000000000009,FALSE,16.108124999999998
2020,00-0035217,Benny Snell,RB,16,77.60000000000001,121.47,-43.87,4,9.489999999999998,-2.741875,-5.489999999999998,FALSE,7.591875
2020,00-0035228,Kyler Murray,QB,16,386.7399999999999,388,-1.260000000000002,37,36.13,-0.07875000000000013,0.8699999999999974,FALSE,24.25
2020,00-0035229,T.J. Hockenson,TE,16,175.30000000000004,191.83999999999995,-16.539999999999996,6,7.309999999999998,-1.0337499999999997,-1.3099999999999978,FALSE,11.989999999999997
2020,00-0035243,Miles Sanders,RB,12,170.4,178.37,-7.969999999999997,6,5.5200000000000005,-0.6641666666666665,0.47999999999999954,FALSE,14.864166666666668
2020,00-0035250,Devin Singletary,RB,19,162.3,199.57999999999996,-37.28000000000001,2,6.46,-1.9621052631578952,-4.46,FALSE,10.504210526315788
2020,00-0035261,Tony Pollard,RB,16,120.8,121.25999999999999,-0.4599999999999973,5,3.5200000000000005,-0.02874999999999983,1.4799999999999995,FALSE,7.578749999999999
2020,00-0035287,KeeSean Johnson,WR,8,32.3,42.839999999999996,-10.54,0,1.3800000000000001,-1.3175,-1.3800000000000001,FALSE,5.3549999999999995
2020,00-0035289,Gardner Minshew,QB,9,168.66,181.98999999999998,-13.330000000000004,17,20.4,-1.4811111111111115,-3.3999999999999986,FALSE,20.22111111111111
2020,00-0035298,Scott Miller,WR,18,121.00000000000001,110.63000000000001,10.370000000000005,4,3.1999999999999997,0.5761111111111114,0.8000000000000003,FALSE,6.146111111111112
2020,00-0035311,Myles Gaskin,RB,10,164.19999999999996,162.84000000000003,1.3599999999999977,5,6.85,0.13599999999999976,-1.8499999999999996,FALSE,16.284000000000002
2020,00-0035329,Donald Parham,TE,10,43.9,43.79,0.10999999999999766,3,3.0499999999999994,0.010999999999999765,-0.04999999999999938,FALSE,4.379
2020,00-0035342,Patrick Laird,RB,9,21.999999999999996,24.720000000000002,-2.7200000000000006,0,0.2,-0.3022222222222223,-0.2,FALSE,2.746666666666667
2020,00-0035350,Preston Williams,WR,8,74.8,73.17999999999999,1.6199999999999992,4,3.46,0.2024999999999999,0.54,FALSE,9.147499999999999
2020,00-0035414,Jalen Guyton,WR,16,97.09999999999998,104.37,-7.269999999999999,3,3.75,-0.4543749999999999,-0.75,FALSE,6.523125
2020,00-0035457,Tyron Johnson,WR,11,79.5,52.699999999999996,26.8,3,1.55,2.4363636363636365,1.45,TRUE,4.79090909090909
2020,00-0035510,Jeff Smith,WR,8,33.7,56.14,-22.44,0,1.1,-2.805,-1.1,FALSE,7.0175
2020,00-0035527,Andy Isabella,WR,11,54.8,63.95,-9.150000000000002,2,2.0000000000000004,-0.831818181818182,-4.440892098500626e-16,FALSE,5.8136363636363635
2020,00-0035535,Darius Slayton,WR,16,140.99999999999997,170.26,-29.26,3,4.9799999999999995,-1.82875,-1.9799999999999995,FALSE,10.64125
2020,00-0035537,Ty Johnson,RB,10,63.300000000000004,64.66,-1.3599999999999965,2,2.26,-0.13599999999999965,-0.2599999999999998,FALSE,6.465999999999999
2020,00-0035592,Travis Fulgham,WR,12,115.89999999999999,110.15,5.7499999999999964,4,3.69,0.47916666666666635,0.31000000000000005,FALSE,9.179166666666667
2020,00-0035594,Travis Homer,RB,9,32.8,33.190000000000005,-0.3900000000000003,1,1.34,-0.04333333333333336,-0.3400000000000001,FALSE,3.6877777777777783
2020,00-0035624,N'Keal Harry,WR,13,73.9,100.57000000000001,-26.67,2,2.9499999999999997,-2.0515384615384615,-0.9499999999999997,FALSE,7.736153846153846
2020,00-0035628,D'Ernest Johnson,RB,8,20.999999999999996,22.99,-1.9900000000000002,0,0.35,-0.24875000000000003,-0.35,FALSE,2.87375
2020,00-0035631,Drew Sample,TE,16,78.89999999999999,84.75,-5.8500000000000005,1,2.34,-0.36562500000000003,-1.3399999999999999,FALSE,5.296875
2020,00-0035640,DK Metcalf,WR,17,297.90000000000003,273.62,24.28,12,10.55,1.428235294117647,1.4499999999999993,TRUE,16.095294117647057
2020,00-0035644,Noah Fant,TE,14,149.3,145.1,4.200000000000001,3,2.8400000000000003,0.3000000000000001,0.1599999999999997,FALSE,10.364285714285714
2020,00-0035657,Damien Harris,RB,10,91.3,88.25,3.0500000000000016,2,3.16,0.30500000000000016,-1.1600000000000001,FALSE,8.825
2020,00-0035659,Terry McLaurin,WR,16,237.29999999999998,234.88000000000002,2.42,4,5.24,0.15125,-1.2400000000000002,FALSE,14.680000000000001
2020,00-0035662,Marquise Brown,WR,18,215.5,219.37000000000003,-3.8699999999999974,8,8.14,-0.21499999999999986,-0.14000000000000057,FALSE,12.187222222222225
2020,00-0035664,Darrell Henderson,RB,15,129.9,140.75000000000003,-10.849999999999994,6,8.51,-0.7233333333333329,-2.51,FALSE,9.383333333333335
2020,00-0035671,Jace Sternberger,TE,8,29.400000000000002,28.079999999999995,1.32,1,0.9199999999999999,0.165,0.08000000000000007,FALSE,3.5099999999999993
2020,00-0035676,A.J. Brown,WR,15,261.8,207.62,54.17999999999999,12,5.950000000000001,3.6119999999999997,6.049999999999999,TRUE,13.841333333333333
2020,00-0035685,David Montgomery,RB,16,267.90000000000003,271.07,-3.1699999999999924,10,11.12,-0.19812499999999952,-1.1199999999999992,FALSE,16.941875
2020,00-0035689,Dawson Knox,TE,14,95.3,115.62,-20.32,5,5.67,-1.4514285714285715,-0.6699999999999999,FALSE,8.258571428571429
2020,00-0035700,Josh Jacobs,RB,15,231.30000000000004,248.43000000000004,-17.13000000000001,12,12.180000000000001,-1.1420000000000006,-0.1800000000000015,FALSE,16.562
2020,00-0035703,Miles Boykin,WR,15,74.60000000000001,73.84,0.7600000000000033,4,3.22,0.05066666666666689,0.7799999999999998,FALSE,4.922666666666667
2020,00-0035704,Drew Lock,QB,13,187.32,229.81,-42.49000000000001,19,23.42,-3.268461538461539,-4.420000000000002,FALSE,17.677692307692308
2020,00-0035710,Daniel Jones,QB,14,188.01999999999998,210.43999999999997,-22.41999999999999,12,16.689999999999998,-1.6014285714285708,-4.689999999999998,FALSE,15.031428571428568
2020,00-0035831,James Robinson,RB,14,252.40000000000003,223.03000000000003,29.369999999999987,10,5.569999999999999,2.097857142857142,4.430000000000001,TRUE,15.930714285714288
2020,00-0035908,Gabe Nabers,RB,8,20.2,14.78,5.420000000000001,2,0.9400000000000001,0.6775000000000001,1.06,FALSE,1.8475
2020,00-0036142,Isaiah Wright,WR,12,48.300000000000004,56.019999999999996,-7.72,0,0.7400000000000001,-0.6433333333333333,-0.7400000000000001,FALSE,4.668333333333333
2020,00-0036158,J.K. Dobbins,RB,17,191.5,163.82,27.680000000000003,10,7.600000000000001,1.6282352941176472,2.3999999999999986,TRUE,9.636470588235294
2020,00-0036182,Nick Westbrook,WR,9,12,17.89,-5.890000000000001,0,0.48000000000000004,-0.6544444444444445,-0.48000000000000004,FALSE,1.9877777777777779
2020,00-0036196,Gabriel Davis,WR,19,149.4,160.22,-10.820000000000007,7,8.51,-0.5694736842105267,-1.5099999999999998,FALSE,8.432631578947369
2020,00-0036212,Tua Tagovailoa,QB,10,135.46,164.09,-28.63,14,17.26,-2.863,-3.2600000000000016,FALSE,16.409
2020,00-0036223,Jonathan Taylor,RB,16,269.2,244.17000000000002,25.03,13,12.680000000000001,1.564375,0.3199999999999985,TRUE,15.260625000000001
2020,00-0036232,Harrison Bryant,TE,13,61.8,74.64,-12.84,3,3.04,-0.9876923076923076,-0.040000000000000036,FALSE,5.741538461538462
2020,00-0036233,Donovan Peoples-Jones,WR,9,63.49999999999999,42.260000000000005,21.239999999999995,2,1.01,2.3599999999999994,0.99,TRUE,4.695555555555556
2020,00-0036245,Malcolm Perry,RB,8,24.7,21.1,3.5999999999999988,1,0.39,0.44999999999999984,0.61,FALSE,2.6375
2020,00-0036247,Freddie Swain,WR,13,44.69999999999999,39.559999999999995,5.139999999999998,2,1.7600000000000002,0.3953846153846152,0.23999999999999977,FALSE,3.0430769230769226
2020,00-0036251,Zack Moss,RB,14,110.3,116.76999999999998,-6.469999999999998,5,6.21,-0.462142857142857,-1.21,FALSE,8.340714285714284
2020,00-0036252,Michael Pittman,WR,14,114,125.61000000000001,-11.609999999999998,1,2.81,-0.8292857142857141,-1.81,FALSE,8.972142857142858
2020,00-0036254,Collin Johnson,WR,10,59.199999999999996,63.33,-4.13,2,2.69,-0.413,-0.69,FALSE,6.333
2020,00-0036255,Denzel Mims,WR,9,60.69999999999999,74.19999999999999,-13.500000000000002,0,1.8600000000000003,-1.5000000000000002,-1.8600000000000003,FALSE,8.244444444444444
2020,00-0036261,Brandon Aiyuk,WR,12,184.5,183.21,1.2900000000000063,7,6.18,0.10750000000000053,0.8200000000000003,FALSE,15.2675
2020,00-0036265,A.J. Dillon,RB,11,46.99999999999999,34.63,12.37,2,0.8400000000000002,1.1245454545454545,1.1599999999999997,FALSE,3.1481818181818184
2020,00-0036268,Laviska Shenault,WR,14,157.1,139.81,17.290000000000003,5,3.18,1.235,1.8199999999999998,FALSE,9.986428571428572
2020,00-0036269,La'Mical Perine,RB,9,52.50000000000001,52.339999999999996,0.1600000000000008,2,0.9199999999999999,0.017777777777777868,1.08,FALSE,5.815555555555555
2020,00-0036275,D'Andre Swift,RB,13,189.79999999999998,173.13,16.67,10,7.640000000000001,1.2823076923076924,2.3599999999999994,FALSE,13.317692307692308
2020,00-0036277,Quintez Cephus,WR,11,66.89999999999999,67.96000000000001,-1.0600000000000005,2,2.12,-0.09636363636363642,-0.1200000000000001,FALSE,6.178181818181819
2020,00-0036290,Cole Kmet,TE,15,66.6,87.6,-21.000000000000004,2,2.9799999999999995,-1.4000000000000001,-0.9799999999999995,FALSE,5.84
2020,00-0036309,Darnell Mooney,WR,16,152.1,163.23,-11.130000000000003,4,4.19,-0.6956250000000002,-0.1900000000000004,FALSE,10.201875
2020,00-0036322,Justin Jefferson,WR,16,274.2,238.47,35.730000000000004,7,6.880000000000001,2.2331250000000002,0.11999999999999922,TRUE,14.904375
2020,00-0036326,Chase Claypool,WR,17,236.4,223.14999999999998,13.250000000000009,13,9.71,0.7794117647058829,3.289999999999999,FALSE,13.126470588235293
2020,00-0036328,Antonio Gibson,RB,15,207.7,190.45999999999998,17.239999999999995,11,7.880000000000001,1.149333333333333,3.119999999999999,FALSE,12.697333333333331
2020,00-0036331,Devin Duvernay,WR,14,47.10000000000001,44.83,2.270000000000001,0,0.65,0.1621428571428572,-0.65,FALSE,3.202142857142857
2020,00-0036336,Anthony McFarland,RB,11,22.700000000000003,31.200000000000003,-8.500000000000002,0,0.4,-0.7727272727272729,-0.4,FALSE,2.8363636363636364
2020,00-0036355,Justin Herbert,QB,15,334.84000000000003,329.66,5.179999999999998,36,35.46,0.3453333333333332,0.5399999999999991,FALSE,21.977333333333334
2020,00-0036357,Henry Ruggs,WR,13,84.1,91.1,-6.999999999999999,2,2.71,-0.5384615384615384,-0.71,FALSE,7.007692307692308
2020,00-0036358,CeeDee Lamb,WR,16,211.69999999999996,203.82,7.8799999999999955,6,5.659999999999999,0.4924999999999997,0.34000000000000075,FALSE,12.73875
2020,00-0036360,Clyde Edwards-Helaire,RB,15,194.39999999999998,228.43,-34.029999999999994,6,9.409999999999998,-2.2686666666666664,-3.4099999999999984,FALSE,15.228666666666667
2020,00-0036364,Lynn Bowden,WR,9,53.580000000000005,61.900000000000006,-8.320000000000006,0,1.1300000000000001,-0.9244444444444451,-1.1300000000000001,FALSE,6.877777777777778
2020,00-0036365,Bryan Edwards,WR,9,36.300000000000004,27.880000000000003,8.42,1,0.89,0.9355555555555556,0.10999999999999999,FALSE,3.097777777777778
2020,00-0036370,Joshua Kelley,RB,13,81.2,100.24999999999999,-19.050000000000004,2,4,-1.4653846153846157,-2,FALSE,7.711538461538461
2020,00-0036387,Jalen Reagor,WR,11,81.2,99.2,-18,1,3.15,-1.6363636363636365,-2.15,FALSE,9.018181818181818
2020,00-0036389,Jalen Hurts,QB,14,109.13999999999999,110.84,-1.6999999999999973,9,7.76,-0.12142857142857123,1.2400000000000002,FALSE,7.917142857142857
2020,00-0036398,John Hightower,WR,10,28.800000000000004,52.80000000000002,-24.000000000000004,0,1.5400000000000003,-2.4000000000000004,-1.5400000000000003,FALSE,5.280000000000002
2020,00-0036407,Jerry Jeudy,WR,16,157.60000000000002,188.95000000000002,-31.35,3,3.8599999999999994,-1.959375,-0.8599999999999994,FALSE,11.809375000000001
2020,00-0036410,Tee Higgins,WR,15,194.60000000000002,187.54999999999998,7.049999999999999,6,5.369999999999999,0.4699999999999999,0.6300000000000008,FALSE,12.503333333333332
2020,00-0036412,K.J. Hamler,WR,12,90.10000000000002,94.54000000000002,-4.439999999999999,3,1.7300000000000004,-0.3699999999999999,1.2699999999999996,FALSE,7.878333333333335
2020,00-0036414,Cam Akers,RB,13,146,153.94000000000003,-7.940000000000004,5,8.209999999999999,-0.6107692307692311,-3.209999999999999,FALSE,11.841538461538464
2020,00-0036415,Van Jefferson,WR,14,63.5,66.05999999999999,-2.559999999999997,2,1.7,-0.18285714285714263,0.30000000000000004,FALSE,4.718571428571428
2020,00-0036422,Adam Trautman,TE,11,39.49999999999999,32.699999999999996,6.800000000000001,1,0.9199999999999999,0.6181818181818183,0.08000000000000007,FALSE,2.972727272727272
2020,00-0036425,DeeJay Dallas,RB,8,56.900000000000006,65.14,-8.240000000000009,3,3.9099999999999993,-1.0300000000000011,-0.9099999999999993,FALSE,8.1425
2020,00-0036427,Tyler Johnson,WR,13,46.00000000000001,46.19,-0.19000000000000128,2,2.3099999999999996,-0.014615384615384714,-0.3099999999999996,FALSE,3.553076923076923
2020,00-0036442,Joe Burrow,QB,10,179.72,218.54,-38.82,16,24.35,-3.882,-8.350000000000001,FALSE,21.854
2020,NA,NA,NA,379,0,1132.9899999999996,-1132.9899999999996,0,52.89999999999998,-2.989419525065962,-52.89999999999998,FALSE,2.989419525065962
2021,00-0019596,Tom Brady,QB,19,412.73999999999995,451.34,-38.60000000000001,48,52.57999999999999,-2.0315789473684216,-4.579999999999991,FALSE,23.754736842105263
2021,00-0022924,Ben Roethlisberger,QB,17,244.12,273.28000000000003,-29.159999999999993,25,29.769999999999996,-1.7152941176470584,-4.769999999999996,FALSE,16.07529411764706
2021,00-0023459,Aaron Rodgers,QB,17,342.29999999999995,329.6599999999999,12.640000000000015,40,42.949999999999996,0.7435294117647068,-2.9499999999999957,FALSE,19.39176470588235
2021,00-0024243,Marcedes Lewis,TE,14,43.4,55.650000000000006,-12.25,0,2.57,-0.875,-2.57,FALSE,3.9750000000000005
2021,00-0026035,Danny Amendola,WR,8,68.8,61.959999999999994,6.839999999999999,3,1.37,0.8549999999999999,1.63,FALSE,7.744999999999999
2021,00-0026143,Matt Ryan,QB,17,228.96,263.21,-34.250000000000014,21,26.590000000000003,-2.014705882352942,-5.590000000000003,FALSE,15.482941176470588
2021,00-0026189,DeSean Jackson,WR,15,79.39999999999999,65.97,13.429999999999994,2,1.1100000000000003,0.895333333333333,0.8899999999999997,FALSE,4.398
2021,00-0026498,Matthew Stafford,QB,21,425.46,451.6099999999999,-26.15000000000001,52,55.4,-1.2452380952380957,-3.3999999999999986,FALSE,21.50523809523809
2021,00-0027061,Jared Cook,TE,16,132.4,153.18,-20.779999999999998,4,5.31,-1.2987499999999998,-1.3099999999999996,FALSE,9.57375
2021,00-0027656,Rob Gronkowski,TE,14,197.79999999999998,206.87,-9.070000000000004,7,6.82,-0.6478571428571431,0.17999999999999972,FALSE,14.776428571428571
2021,00-0027685,Emmanuel Sanders,WR,16,145.89999999999998,154.57,-8.670000000000003,5,5.9,-0.5418750000000002,-0.9000000000000004,FALSE,9.660625
2021,00-0027696,Jimmy Graham,TE,11,50.699999999999996,45.64,5.059999999999999,3,2.92,0.4599999999999999,0.08000000000000007,FALSE,4.149090909090909
2021,00-0027942,A.J. Green,WR,17,156.80000000000004,185.13,-28.330000000000002,3,7.41,-1.6664705882352941,-4.41,FALSE,10.89
2021,00-0027944,Julio Jones,WR,11,92.60000000000001,103.89999999999999,-11.299999999999997,1,3.3,-1.0272727272727271,-2.3,FALSE,9.445454545454545
2021,00-0027966,Mark Ingram,RB,14,108.6,143.76000000000002,-35.160000000000004,2,4.8,-2.5114285714285716,-2.8,FALSE,10.26857142857143
2021,00-0027973,Andy Dalton,QB,8,86.2,111.60000000000001,-25.400000000000002,8,9.96,-3.1750000000000003,-1.9600000000000009,FALSE,13.950000000000001
2021,00-0027981,Kyle Rudolph,TE,15,59.699999999999996,70.78999999999999,-11.09,1,3.2199999999999998,-0.7393333333333333,-2.2199999999999998,FALSE,4.719333333333333
2021,00-0028002,Randall Cobb,WR,12,95.6,86.43,9.169999999999996,5,5.74,0.7641666666666663,-0.7400000000000002,FALSE,7.202500000000001
2021,00-0029000,Cole Beasley,WR,18,174.2,197.07999999999998,-22.879999999999992,1,3.45,-1.2711111111111106,-2.45,FALSE,10.948888888888888
2021,00-0029239,Brandon Bolden,RB,17,130.79999999999998,109.62999999999998,21.169999999999998,3,2.3899999999999997,1.2452941176470587,0.6100000000000003,TRUE,6.448823529411763
2021,00-0029263,Russell Wilson,QB,14,244.82000000000002,219.52,25.299999999999997,27,22.64,1.807142857142857,4.359999999999999,TRUE,15.680000000000001
2021,00-0029293,Marvin Jones,WR,17,180.20000000000002,210.51000000000005,-30.31,4,7.88,-1.7829411764705883,-3.88,FALSE,12.382941176470592
2021,00-0029604,Kirk Cousins,QB,16,304.34,291.99,12.35000000000001,34,30.57,0.7718750000000006,3.4299999999999997,FALSE,18.249375
2021,00-0029608,T.Y. Hilton,WR,10,74.10000000000001,68.53,5.570000000000002,3,2.41,0.5570000000000002,0.5899999999999999,FALSE,6.853
2021,00-0029632,Mohamed Sanu,WR,8,32.7,37.75,-5.049999999999999,0,0.38,-0.6312499999999999,-0.38,FALSE,4.71875
2021,00-0029664,Josh Gordon,WR,9,14.2,29.13,-14.93,1,1.48,-1.6588888888888889,-0.48,FALSE,3.2366666666666664
2021,00-0029701,Ryan Tannehill,QB,18,282.36,316.36000000000007,-34.000000000000014,29,34.980000000000004,-1.8888888888888897,-5.980000000000004,FALSE,17.57555555555556
2021,00-0029892,Kyle Juszczyk,RB,18,78.70000000000002,76.41,2.289999999999998,2,2.13,0.1272222222222221,-0.1299999999999999,FALSE,4.245
2021,00-0030035,Adam Thielen,WR,13,199.79999999999998,180.48,19.32,10,6.25,1.4861538461538462,3.75,FALSE,13.883076923076922
2021,00-0030061,Zach Ertz,TE,18,185.8,215.17000000000002,-29.369999999999997,5,7.669999999999999,-1.6316666666666666,-2.669999999999999,FALSE,11.95388888888889
2021,00-0030068,Marquise Goodwin,WR,14,57.199999999999996,70.07000000000001,-12.869999999999997,1,2.0500000000000003,-0.9192857142857142,-1.0500000000000003,FALSE,5.005000000000001
2021,00-0030108,Ryan Griffin,TE,14,65.1,69.88,-4.779999999999998,2,2.1099999999999994,-0.34142857142857125,-0.10999999999999943,FALSE,4.991428571428571
2021,00-0030181,Jack Doyle,TE,15,79.2,85.45,-6.25,3,3.349999999999999,-0.4166666666666667,-0.3499999999999992,FALSE,5.696666666666667
2021,00-0030279,Keenan Allen,WR,16,257.8,284.74,-26.940000000000012,6,8.139999999999999,-1.6837500000000007,-2.139999999999999,FALSE,17.79625
2021,00-0030288,Rex Burkhead,RB,14,104.30000000000001,117.57000000000001,-13.27,3,4.1899999999999995,-0.9478571428571428,-1.1899999999999995,FALSE,8.397857142857143
2021,00-0030431,Robert Woods,WR,9,137.2,143.01,-5.809999999999997,5,4.8,-0.6455555555555552,0.20000000000000018,FALSE,15.889999999999999
2021,00-0030456,Giovani Bernard,RB,12,78.39999999999999,82.67,-4.269999999999999,4,3.4099999999999997,-0.3558333333333332,0.5900000000000003,FALSE,6.889166666666667
2021,00-0030496,Le'Veon Bell,RB,8,38.1,39.84,-1.739999999999999,3,2.2399999999999998,-0.2174999999999999,0.7600000000000002,FALSE,4.98
2021,00-0030506,Travis Kelce,TE,19,337.78000000000003,302.98,34.8,14,8.92,1.831578947368421,5.08,TRUE,15.946315789473685
2021,00-0030513,Latavius Murray,RB,14,103.6,95.09,8.510000000000002,6,4.460000000000001,0.607857142857143,1.5399999999999991,FALSE,6.792142857142857
2021,00-0030525,Tavon Austin,WR,11,53.400000000000006,60.239999999999995,-6.839999999999999,1,1.1900000000000002,-0.6218181818181817,-0.19000000000000017,FALSE,5.476363636363636
2021,00-0030564,DeAndre Hopkins,WR,10,147.2,131.55,15.65,8,6.68,1.565,1.3200000000000003,FALSE,13.155000000000001
2021,00-0030578,Cordarrelle Patterson,RB,16,234.6,195.78,38.82000000000001,11,6.929999999999999,2.4262500000000005,4.070000000000001,TRUE,12.23625
2021,00-0030669,Albert Wilson,WR,10,48.00000000000001,60.36,-12.36,0,1.1700000000000002,-1.236,-1.1700000000000002,FALSE,6.036
2021,00-0030874,Damien Williams,RB,10,60.7,58.77000000000001,1.929999999999997,3,2.05,0.1929999999999997,0.9500000000000002,FALSE,5.877000000000001
2021,00-0030968,Keith Smith,RB,9,17.7,18.200000000000003,-0.5000000000000009,0,0.08,-0.05555555555555566,-0.08,FALSE,2.0222222222222226
2021,00-0031045,Carlos Hyde,RB,11,45.79999999999999,73.7,-27.9,1,2.5,-2.536363636363636,-1.5,FALSE,6.7
2021,00-0031235,Odell Beckham,WR,18,192.50000000000003,210.7,-18.200000000000003,7,7.67,-1.0111111111111113,-0.6699999999999999,FALSE,11.705555555555556
2021,00-0031236,Brandin Cooks,WR,16,231.59999999999997,215.1,16.5,6,4.909999999999999,1.03125,1.0900000000000007,FALSE,13.44375
2021,00-0031237,Teddy Bridgewater,QB,14,202.67999999999998,203.23,-0.5499999999999963,20,19.53,-0.03928571428571402,0.46999999999999886,FALSE,14.516428571428571
2021,00-0031273,Cameron Brate,TE,18,86.30000000000001,127.59000000000005,-41.290000000000006,4,6.260000000000001,-2.293888888888889,-2.2600000000000007,FALSE,7.088333333333336
2021,00-0031280,Derek Carr,QB,18,283.35999999999996,334.5200000000001,-51.16,24,33.64,-2.842222222222222,-9.64,FALSE,18.58444444444445
2021,00-0031285,Devonta Freeman,RB,16,146.60000000000002,147.32999999999996,-0.7299999999999972,6,4.999999999999999,-0.045624999999999825,1.0000000000000009,FALSE,9.208124999999997
2021,00-0031325,Sammy Watkins,WR,11,70.39999999999999,86.34,-15.94,1,2.18,-1.449090909090909,-1.1800000000000002,FALSE,7.84909090909091
2021,00-0031345,Jimmy Garoppolo,QB,18,254.68,244.46000000000004,10.219999999999999,25,23.13,0.5677777777777777,1.870000000000001,FALSE,13.581111111111113
2021,00-0031376,Jerick McKinnon,RB,10,86.5,88.1,-1.5999999999999943,2,2.97,-0.15999999999999942,-0.9700000000000002,FALSE,8.809999999999999
2021,00-0031381,Davante Adams,WR,17,362.3,321.13,41.17,11,10.280000000000001,2.421764705882353,0.7199999999999989,TRUE,18.89
2021,00-0031382,Jarvis Landry,WR,12,135,146.41,-11.410000000000004,4,3,-0.9508333333333336,1,FALSE,12.200833333333334
2021,00-0031387,Eric Ebron,TE,8,32.5,34.11,-1.610000000000003,2,1.75,-0.20125000000000037,0.25,FALSE,4.26375
2021,00-0031408,Mike Evans,WR,18,315.09999999999997,286.74000000000007,28.360000000000003,16,12.049999999999997,1.5755555555555558,3.950000000000003,TRUE,15.930000000000003
2021,00-0031428,Allen Robinson,WR,12,87.00000000000001,105.73000000000002,-18.729999999999997,1,2.2700000000000005,-1.560833333333333,-1.2700000000000005,FALSE,8.810833333333335
2021,00-0031484,Chris Manhertz,TE,8,19.1,15.04,4.0600000000000005,1,0.23,0.5075000000000001,0.77,FALSE,1.88
2021,00-0031544,Amari Cooper,WR,16,220.90000000000003,216.11,4.789999999999999,9,7.830000000000001,0.29937499999999995,1.169999999999999,FALSE,13.506875
2021,00-0031547,DeVante Parker,WR,9,103.49999999999999,121.55,-18.050000000000004,2,3.04,-2.005555555555556,-1.04,FALSE,13.505555555555555
2021,00-0031549,Nelson Agholor,WR,15,106.19999999999999,115.32,-9.120000000000001,3,2.9899999999999998,-0.6080000000000001,0.010000000000000231,FALSE,7.688
2021,00-0031585,MyCole Pruitt,TE,10,48.50000000000001,40.26,8.239999999999998,3,2.1899999999999995,0.8239999999999998,0.8100000000000005,FALSE,4.026
2021,00-0031588,Stefon Diggs,WR,19,300.2,326.96000000000004,-26.760000000000012,10,12.84,-1.4084210526315797,-2.84,FALSE,17.208421052631582
2021,00-0031595,Michael Burton,RB,11,15.099999999999998,14.839999999999998,0.2599999999999988,1,1.22,0.023636363636363525,-0.21999999999999997,FALSE,1.349090909090909
2021,00-0031610,Darren Waller,TE,12,148.10000000000002,189.89000000000001,-41.79,2,5.07,-3.4825,-3.0700000000000003,FALSE,15.824166666666668
2021,00-0031763,DeAndre Carter,WR,15,80.49999999999999,79.15,1.3499999999999934,3,1.9700000000000002,0.08999999999999957,1.0299999999999998,FALSE,5.276666666666667
2021,00-0031800,Taylor Heinicke,QB,16,226.86,262.73,-35.86999999999999,21,25.189999999999998,-2.2418749999999994,-4.189999999999998,FALSE,16.420625
2021,00-0031868,Damiere Byrd,WR,11,66.89999999999999,61.599999999999994,5.299999999999997,1,1.1400000000000001,0.48181818181818153,-0.14000000000000012,FALSE,5.6
2021,00-0031941,Jamison Crowder,WR,12,109.7,110.55,-0.8500000000000014,2,1.7900000000000003,-0.07083333333333346,0.20999999999999974,FALSE,9.2125
2021,00-0032009,Adam Humphries,WR,17,79.3,92.60000000000001,-13.299999999999997,0,1.4200000000000002,-0.7823529411764705,-1.4200000000000002,FALSE,5.447058823529412
2021,00-0032058,Tevin Coleman,RB,11,51.5,74.05,-22.55,0,3.2399999999999998,-2.0500000000000003,-3.2399999999999998,FALSE,6.7318181818181815
2021,00-0032062,Blake Bell,TE,12,20.000000000000004,25.27,-5.2700000000000005,0,0.42,-0.4391666666666667,-0.42,FALSE,2.1058333333333334
2021,00-0032063,Mike Davis,RB,17,138.2,166.81999999999996,-28.619999999999997,4,4.889999999999999,-1.6835294117647057,-0.8899999999999988,FALSE,9.812941176470586
2021,00-0032104,Ameer Abdullah,RB,15,89.5,105.21,-15.709999999999999,1,2.11,-1.0473333333333332,-1.1099999999999999,FALSE,7.013999999999999
2021,00-0032128,Chris Conley,WR,14,64.6,58.940000000000005,5.66,2,0.7500000000000001,0.4042857142857143,1.25,FALSE,4.21
2021,00-0032134,C.J. Uzomah,TE,20,163.89999999999998,129.9,34.00000000000001,6,2.86,1.7000000000000004,3.14,TRUE,6.495
2021,00-0032141,Geoff Swaim,TE,16,70,74.36999999999999,-4.369999999999999,3,3.29,-0.27312499999999995,-0.29000000000000004,FALSE,4.648124999999999
2021,00-0032144,Melvin Gordon,RB,16,195.09999999999997,187.07999999999998,8.020000000000003,10,8.559999999999999,0.5012500000000002,1.4400000000000013,FALSE,11.692499999999999
2021,00-0032187,David Johnson,RB,13,81.3,102.25,-20.95,1,2.7000000000000006,-1.6115384615384616,-1.7000000000000006,FALSE,7.865384615384615
2021,00-0032200,Ty Montgomery,WR,11,29.900000000000002,47.76,-17.859999999999996,0,0.9300000000000002,-1.6236363636363633,-0.9300000000000002,FALSE,4.341818181818182
2021,00-0032211,Tyler Lockett,WR,16,241.39999999999998,194.57999999999998,46.82000000000001,8,5.390000000000001,2.9262500000000005,2.6099999999999994,TRUE,12.161249999999999
2021,00-0032214,Tyler Kroft,TE,9,39.300000000000004,41.14,-1.8400000000000007,1,0.86,-0.20444444444444454,0.14,FALSE,4.571111111111112
2021,00-0032355,Chester Rogers,WR,17,68.3,75.56,-7.26,1,1.7200000000000002,-0.42705882352941177,-0.7200000000000002,FALSE,4.444705882352942
2021,00-0032392,Austin Hooper,TE,15,92.5,111.42,-18.919999999999998,3,3.7499999999999996,-1.2613333333333332,-0.7499999999999996,FALSE,7.428
2021,00-0032398,Chris Moore,WR,8,55.7,32.48,23.219999999999995,2,0.47000000000000003,2.9024999999999994,1.53,TRUE,4.06
2021,00-0032426,Alex Collins,RB,11,68.8,76.97,-8.170000000000002,2,2.73,-0.7427272727272729,-0.73,FALSE,6.997272727272727
2021,00-0032464,Kalif Raymond,WR,16,132.4,122.68,9.72000000000001,4,2.6700000000000004,0.6075000000000006,1.3299999999999996,FALSE,7.6675
2021,00-0032602,J.D. McKissic,RB,11,127.9,109.82000000000001,18.080000000000002,4,2.0500000000000003,1.6436363636363638,1.9499999999999997,FALSE,9.983636363636364
2021,00-0032688,Robby Anderson,WR,17,138.5,183.51999999999998,-45.01999999999999,5,4.489999999999999,-2.6482352941176464,0.5100000000000007,FALSE,10.795294117647058
2021,00-0032725,Stephen Anderson,TE,11,38.5,33.339999999999996,5.160000000000002,1,0.94,0.4690909090909093,0.06000000000000005,FALSE,3.0309090909090908
2021,00-0032741,Peyton Barber,RB,9,49.900000000000006,50.6,-0.6999999999999944,2,1.9100000000000001,-0.07777777777777715,0.08999999999999986,FALSE,5.622222222222223
2021,00-0032764,Derrick Henry,RB,9,205.50000000000003,181.04,24.459999999999994,12,7.99,2.717777777777777,4.01,TRUE,20.115555555555556
2021,00-0032775,Demarcus Robinson,WR,17,81,87.02,-6.02,3,2.2899999999999996,-0.3541176470588235,0.7100000000000004,FALSE,5.118823529411764
2021,00-0032778,Tajae Sharpe,WR,14,48.000000000000014,60.309999999999995,-12.309999999999999,0,1.37,-0.8792857142857142,-1.37,FALSE,4.307857142857142
2021,00-0032780,Jordan Howard,RB,8,64.2,68.49,-4.290000000000002,3,4.0600000000000005,-0.5362500000000002,-1.0600000000000005,FALSE,8.56125
2021,00-0032813,Elijhaa Penny,RB,11,35.9,31.320000000000004,4.58,2,0.8200000000000001,0.4163636363636364,1.18,FALSE,2.8472727272727276
2021,00-0032918,C.J. Ham,RB,15,32.900000000000006,33.38,-0.48000000000000054,0,0.54,-0.032000000000000035,-0.54,FALSE,2.2253333333333334
2021,00-0032950,Carson Wentz,QB,17,266.02,283.48,-17.46,28,30.63,-1.0270588235294118,-2.629999999999999,FALSE,16.67529411764706
2021,00-0032951,Laquon Treadwell,WR,12,82.4,90.92999999999999,-8.53,1,2.99,-0.7108333333333333,-1.9900000000000002,FALSE,7.5775
2021,00-0032972,Devontae Booker,RB,16,144.10000000000002,150.05000000000004,-5.950000000000006,3,4.549999999999998,-0.3718750000000004,-1.549999999999998,FALSE,9.378125000000002
2021,00-0032977,Rashard Higgins,WR,12,57.5,76.94999999999999,-19.449999999999996,1,1.4700000000000002,-1.620833333333333,-0.4700000000000002,FALSE,6.412499999999999
2021,00-0033009,Tyler Boyd,WR,20,216.14,189.92,26.220000000000006,6,3.93,1.3110000000000004,2.07,TRUE,9.495999999999999
2021,00-0033025,Jalen Richard,RB,9,24.599999999999998,29.96,-5.359999999999999,0,0.6699999999999999,-0.5955555555555555,-0.6699999999999999,FALSE,3.328888888888889
2021,00-0033040,Tyreek Hill,WR,20,365.79999999999995,361.41,4.390000000000004,12,11.63,0.2195000000000002,0.3699999999999992,FALSE,18.070500000000003
2021,00-0033045,Ezekiel Elliott,RB,18,254.76,280.78000000000003,-26.019999999999992,12,12.750000000000002,-1.445555555555555,-0.7500000000000018,FALSE,15.59888888888889
2021,00-0033077,Dak Prescott,QB,17,344.9200000000001,378.1099999999999,-33.19,40,42.419999999999995,-1.9523529411764704,-2.4199999999999946,FALSE,22.241764705882346
2021,00-0033090,Hunter Henry,TE,17,168.29999999999998,153.28,15.019999999999998,9,7.63,0.8835294117647058,1.37,FALSE,9.016470588235293
2021,00-0033106,Jared Goff,QB,14,202.1,207.99999999999997,-5.899999999999999,19,18.909999999999997,-0.4214285714285713,0.09000000000000341,FALSE,14.857142857142856
2021,00-0033110,Tyler Higbee,TE,18,167.5,185.98999999999998,-18.490000000000002,5,7.009999999999999,-1.0272222222222223,-2.009999999999999,FALSE,10.332777777777777
2021,00-0033114,Mike Thomas,WR,8,12.899999999999999,19.849999999999998,-6.949999999999998,0,0.44000000000000006,-0.8687499999999998,-0.44000000000000006,FALSE,2.4812499999999997
2021,00-0033118,Kenyan Drake,RB,12,102.5,94.65,7.8500000000000005,3,1.6900000000000002,0.6541666666666667,1.3099999999999998,FALSE,7.8875
2021,00-0033119,Jacoby Brissett,QB,9,78.32000000000001,110.91,-32.589999999999996,6,10.69,-3.6211111111111105,-4.6899999999999995,FALSE,12.323333333333332
2021,00-0033217,Mo Alie-Cox,TE,17,79.6,88.23,-8.629999999999999,4,4.309999999999999,-0.5076470588235293,-0.3099999999999987,FALSE,5.19
2021,00-0033251,Zach Pascal,WR,16,94.5,127.30000000000001,-32.800000000000004,3,4.7299999999999995,-2.0500000000000003,-1.7299999999999995,FALSE,7.956250000000001
2021,00-0033288,George Kittle,TE,17,221.8,195.05,26.750000000000007,7,4.72,1.5735294117647063,2.2800000000000002,TRUE,11.473529411764707
2021,00-0033293,Aaron Jones,RB,16,255,239.96,15.040000000000001,10,9.9,0.9400000000000001,0.09999999999999964,FALSE,14.9975
2021,00-0033307,Kendrick Bourne,WR,18,208.60000000000002,143.32999999999998,65.27,8,3.8899999999999992,3.626111111111111,4.110000000000001,TRUE,7.962777777777777
2021,00-0033357,Taysom Hill,QB,12,121.72,115.74000000000001,5.979999999999999,9,7.880000000000001,0.49833333333333324,1.1199999999999992,FALSE,9.645000000000001
2021,00-0033375,Tim Patrick,WR,16,156.4,146.67000000000002,9.729999999999993,5,4.8500000000000005,0.6081249999999996,0.14999999999999947,FALSE,9.166875000000001
2021,00-0033439,Pharaoh Brown,TE,12,38.1,48.410000000000004,-10.310000000000002,0,0.19000000000000003,-0.8591666666666669,-0.19000000000000003,FALSE,4.034166666666667
2021,00-0033455,Anthony Firkser,TE,16,71.1,72.41000000000001,-1.3100000000000005,2,2.0100000000000002,-0.08187500000000003,-0.010000000000000231,FALSE,4.525625000000001
2021,00-0033460,John Ross,WR,9,41,36.76,4.239999999999997,1,0.8500000000000001,0.47111111111111076,0.1499999999999999,FALSE,4.084444444444444
2021,00-0033466,Isaiah McKenzie,WR,13,67.7,65.17,2.5300000000000007,2,2.18,0.19461538461538466,-0.18000000000000016,FALSE,5.013076923076923
2021,00-0033471,Isaiah Ford,WR,10,40.1,29.490000000000002,10.610000000000001,2,1.1300000000000001,1.0610000000000002,0.8699999999999999,FALSE,2.9490000000000003
2021,00-0033526,Samaje Perine,RB,19,98.10000000000001,85.12999999999997,12.970000000000006,3,1.3200000000000003,0.6826315789473687,1.6799999999999997,FALSE,4.480526315789472
2021,00-0033536,Mike Williams,WR,16,246.60000000000002,252.65999999999997,-6.059999999999997,9,10.87,-0.3787499999999998,-1.8699999999999992,FALSE,15.791249999999998
2021,00-0033553,James Conner,RB,16,266.20000000000005,224.1,42.099999999999994,19,13.490000000000002,2.6312499999999996,5.509999999999998,TRUE,14.00625
2021,00-0033555,Mack Hollins,WR,13,60.3,61.720000000000006,-1.420000000000002,4,3.5100000000000002,-0.10923076923076938,0.48999999999999977,FALSE,4.747692307692308
2021,00-0033591,Noah Brown,WR,9,34.4,41.39,-6.99,0,0.22999999999999998,-0.7766666666666667,-0.22999999999999998,FALSE,4.598888888888889
2021,00-0033611,Ricky Seals-Jones,TE,11,69.1,85.76,-16.66,2,3.4899999999999993,-1.5145454545454546,-1.4899999999999993,FALSE,7.796363636363637
2021,00-0033658,Blake Jarwin,TE,8,32.6,38.04,-5.4399999999999995,2,2.0700000000000003,-0.6799999999999999,-0.07000000000000028,FALSE,4.755
2021,00-0033681,Keelan Cole,WR,14,78.9,88.11999999999999,-9.219999999999999,1,2.0500000000000003,-0.6585714285714285,-1.0500000000000003,FALSE,6.294285714285714
2021,00-0033699,Austin Ekeler,RB,16,343.79999999999995,290.66,53.14,20,12.04,3.32125,7.960000000000001,TRUE,18.16625
2021,00-0033757,Robert Tonyan,TE,8,50.4,55.419999999999995,-5.020000000000003,2,2.1799999999999997,-0.6275000000000004,-0.17999999999999972,FALSE,6.927499999999999
2021,00-0033839,Dede Westbrook,WR,8,16.8,24.93,-8.13,0,0.47000000000000003,-1.01625,-0.47000000000000003,FALSE,3.11625
2021,00-0033854,Dare Ogunbowale,RB,10,50.099999999999994,56.04,-5.940000000000002,2,1.58,-0.5940000000000002,0.41999999999999993,FALSE,5.604
2021,00-0033856,Leonard Fournette,RB,15,287.29999999999995,296.95,-9.649999999999988,12,13.389999999999999,-0.6433333333333325,-1.3899999999999988,FALSE,19.796666666666667
2021,00-0033858,Jonnu Smith,TE,15,67.4,87.30999999999999,-19.910000000000004,1,2.6699999999999995,-1.3273333333333335,-1.6699999999999995,FALSE,5.820666666666666
2021,00-0033871,Corey Davis,WR,9,105.2,100.11,5.089999999999997,4,1.98,0.5655555555555553,2.02,FALSE,11.123333333333333
2021,00-0033873,Patrick Mahomes,QB,20,461.28,470.34000000000003,-9.059999999999992,51,51.309999999999995,-0.45299999999999957,-0.30999999999999517,FALSE,23.517000000000003
2021,00-0033879,O.J. Howard,TE,11,36.5,44.23,-7.73,1,1.3800000000000001,-0.7027272727272728,-0.3800000000000001,FALSE,4.0209090909090905
2021,00-0033881,Evan Engram,TE,15,102.5,118.25999999999999,-15.759999999999998,3,2.979999999999999,-1.0506666666666666,0.020000000000000906,FALSE,7.8839999999999995
2021,00-0033885,David Njoku,TE,15,107.59999999999998,97.04999999999998,10.55,4,3.8199999999999994,0.7033333333333334,0.1800000000000006,FALSE,6.469999999999999
2021,00-0033891,Zay Jones,WR,16,123,138.83,-15.829999999999997,2,4.13,-0.9893749999999998,-2.13,FALSE,8.676875
2021,00-0033893,Dalvin Cook,RB,13,206.29999999999998,230.22,-23.919999999999995,6,8.78,-1.8399999999999996,-2.7799999999999994,FALSE,17.709230769230768
2021,00-0033895,Gerald Everett,TE,15,117.8,112.63,5.170000000000001,4,4.0200000000000005,0.34466666666666673,-0.020000000000000462,FALSE,7.508666666666667
2021,00-0033897,Joe Mixon,RB,20,353.04,343.67,9.370000000000001,18,15.760000000000002,0.4685,2.2399999999999984,FALSE,17.183500000000002
2021,00-0033906,Alvin Kamara,RB,13,234.7,252.92999999999998,-18.23,9,10.01,-1.4023076923076923,-1.0099999999999998,FALSE,19.456153846153846
2021,00-0033908,Cooper Kupp,WR,21,554.8000000000001,447.59,107.20999999999998,22,16.98,5.105238095238095,5.02,TRUE,21.31380952380952
2021,00-0033921,Chris Godwin,WR,14,242.39999999999998,242.79,-0.3899999999999926,6,7.290000000000001,-0.027857142857142327,-1.290000000000001,FALSE,17.342142857142857
2021,00-0033923,Kareem Hunt,RB,8,109.80000000000001,96.89999999999999,12.900000000000004,5,3.979999999999999,1.6125000000000005,1.020000000000001,FALSE,12.112499999999999
2021,00-0033925,D'Onta Foreman,RB,10,100.50000000000001,95.6,4.900000000000004,3,3.4699999999999998,0.4900000000000004,-0.46999999999999975,FALSE,9.559999999999999
2021,00-0033932,Kenny Golladay,WR,14,89.10000000000001,128.60999999999999,-39.51,0,3.5700000000000003,-2.822142857142857,-3.5700000000000003,FALSE,9.18642857142857
2021,00-0033943,Josh Reynolds,WR,10,80.59999999999998,87.05000000000001,-6.449999999999999,2,2.7600000000000007,-0.6449999999999999,-0.7600000000000007,FALSE,8.705000000000002
2021,00-0033948,Jamaal Williams,RB,13,119.8,124.85000000000001,-5.0500000000000025,3,4.0600000000000005,-0.38846153846153864,-1.0600000000000005,FALSE,9.603846153846154
2021,00-0033955,Jeremy McNichols,RB,13,73.6,80.35,-6.750000000000007,1,1.7700000000000002,-0.5192307692307698,-0.7700000000000002,FALSE,6.18076923076923
2021,00-0034011,Dan Arnold,TE,10,75.80000000000001,81.8,-6.000000000000001,0,1.28,-0.6000000000000001,-1.28,FALSE,8.18
2021,00-0034052,Brandon Zylstra,WR,9,49.00000000000001,39.42999999999999,9.57,1,0.75,1.0633333333333335,0.25,FALSE,4.38111111111111
2021,00-0034104,Cam Sims,WR,10,48.8,42.43,6.370000000000001,2,1.62,0.6370000000000001,0.3799999999999999,FALSE,4.243
2021,00-0034109,Phillip Lindsay,RB,14,45.4,57.510000000000005,-12.110000000000003,2,2.0300000000000002,-0.8650000000000002,-0.03000000000000025,FALSE,4.107857142857143
2021,00-0034159,Will Dissly,TE,12,50.099999999999994,42.33,7.770000000000001,1,0.8700000000000001,0.6475000000000001,0.1299999999999999,FALSE,3.5275
2021,00-0034253,Dontrell Hilliard,RB,8,76.99999999999999,72.74,4.259999999999999,2,1.6900000000000002,0.5324999999999999,0.30999999999999983,FALSE,9.0925
2021,00-0034270,Tyler Conklin,TE,17,138.3,156.70999999999998,-18.409999999999997,3,4.929999999999999,-1.082941176470588,-1.9299999999999988,FALSE,9.218235294117646
2021,00-0034272,Marquez Valdes-Scantling,WR,11,87,106.85999999999999,-19.860000000000003,3,4.06,-1.8054545454545456,-1.0599999999999996,FALSE,9.714545454545453
2021,00-0034279,Equanimeous St. Brown,WR,10,20.3,33.98,-13.68,0,1.0200000000000002,-1.3679999999999999,-1.0200000000000002,FALSE,3.3979999999999997
2021,00-0034297,Byron Pringle,WR,19,167,140.52,26.480000000000004,8,4.43,1.393684210526316,3.5700000000000003,TRUE,7.395789473684211
2021,00-0034301,Darrel Williams,RB,18,196.40000000000003,213.82,-17.419999999999998,8,12,-0.9677777777777776,-4,FALSE,11.878888888888888
2021,00-0034348,Courtland Sutton,WR,17,150.24,175.14999999999998,-24.91,2,4.890000000000001,-1.4652941176470589,-2.8900000000000006,FALSE,10.302941176470586
2021,00-0034351,Dallas Goedert,TE,16,180.2,144.64999999999998,35.55,4,2.49,2.221875,1.5099999999999998,TRUE,9.040624999999999
2021,00-0034364,Jordan Akins,TE,12,41.7,54.63,-12.93,0,1.57,-1.0775,-1.57,FALSE,4.5525
2021,00-0034365,Ian Thomas,TE,14,36.8,46.33,-9.530000000000001,0,0.87,-0.6807142857142858,-0.87,FALSE,3.309285714285714
2021,00-0034367,Nyheim Hines,RB,17,115.6,116.83999999999997,-1.2399999999999953,3,2.27,-0.07294117647058795,0.73,FALSE,6.8729411764705866
2021,00-0034383,Dalton Schultz,TE,18,224.7,207.96000000000004,16.740000000000002,8,6.139999999999999,0.9300000000000002,1.8600000000000012,FALSE,11.553333333333335
2021,00-0034407,Ray-Ray McCloud,WR,15,72.2,104.55999999999999,-32.36,0,2.1,-2.1573333333333333,-2.1,FALSE,6.9706666666666655
2021,00-0034411,Russell Gage,WR,13,163.1,155.07999999999998,8.020000000000003,4,4.0600000000000005,0.6169230769230771,-0.0600000000000005,FALSE,11.929230769230768
2021,00-0034414,Boston Scott,RB,10,109.1,99.69000000000001,9.41,8,6.909999999999999,0.9410000000000001,1.0900000000000007,FALSE,9.969000000000001
2021,00-0034418,Cedrick Wilson,WR,15,159.01999999999998,134.23,24.79,6,3.8400000000000007,1.6526666666666665,2.1599999999999993,TRUE,8.948666666666666
2021,00-0034419,Braxton Berrios,WR,15,112.90000000000002,108.79,4.1099999999999985,4,3.08,0.2739999999999999,0.9199999999999999,FALSE,7.252666666666667
2021,00-0034440,Justin Jackson,RB,13,86.2,82.91000000000001,3.2899999999999987,2,3,0.253076923076923,-1,FALSE,6.377692307692309
2021,00-0034487,Trent Sherfield,WR,10,23.700000000000003,43.1,-19.4,1,1.57,-1.94,-0.5700000000000001,FALSE,4.3100000000000005
2021,00-0034521,Allen Lazard,WR,15,144.1,124.95,19.15,8,6.550000000000001,1.2766666666666666,1.4499999999999993,FALSE,8.33
2021,00-0034614,Godwin Igwebuike,RB,8,26.799999999999997,24.57,2.2300000000000004,1,0.34,0.27875000000000005,0.6599999999999999,FALSE,3.07125
2021,00-0034676,James Washington,WR,16,77.5,80.78,-3.280000000000001,3,3.0300000000000002,-0.20500000000000007,-0.03000000000000025,FALSE,5.04875
2021,00-0034681,Chase Edmonds,RB,13,146.10000000000002,165.96,-19.860000000000003,2,5.24,-1.527692307692308,-3.24,FALSE,12.766153846153847
2021,00-0034750,Rashaad Penny,RB,10,121.70000000000002,82.6,39.099999999999994,6,3.27,3.9099999999999993,2.73,TRUE,8.26
2021,00-0034753,Mark Andrews,TE,17,301.1,278.71999999999997,22.38000000000001,9,8.36,1.3164705882352947,0.6400000000000006,TRUE,16.395294117647058
2021,00-0034764,Michael Gallup,WR,9,91.5,121.08,-29.580000000000005,2,4.3500000000000005,-3.286666666666667,-2.3500000000000005,FALSE,13.453333333333333
2021,00-0034765,Tre'Quan Smith,WR,10,87.70000000000002,92.89999999999999,-5.199999999999999,3,3.9699999999999998,-0.5199999999999999,-0.9699999999999998,FALSE,9.29
2021,00-0034775,Christian Kirk,WR,18,218.72000000000003,210.52999999999997,8.189999999999996,5,6.330000000000001,0.4549999999999998,-1.330000000000001,FALSE,11.69611111111111
2021,00-0034791,Nick Chubb,RB,14,215.30000000000004,180.88000000000002,34.42,9,7.560000000000001,2.4585714285714286,1.4399999999999986,TRUE,12.920000000000002
2021,00-0034796,Lamar Jackson,QB,12,241.97999999999996,299.19,-57.21,18,25.389999999999997,-4.7675,-7.389999999999997,FALSE,24.9325
2021,00-0034798,Durham Smythe,TE,15,70,71.09,-1.0899999999999999,0,2.0199999999999996,-0.07266666666666666,-2.0199999999999996,FALSE,4.739333333333334
2021,00-0034799,Kalen Ballage,RB,9,7.7,20.78,-13.079999999999998,0,0.6100000000000001,-1.4533333333333331,-0.6100000000000001,FALSE,2.308888888888889
2021,00-0034816,Ronald Jones,RB,15,79.2,90.16000000000001,-10.959999999999997,4,4.2700000000000005,-0.7306666666666665,-0.27000000000000046,FALSE,6.010666666666667
2021,00-0034827,D.J. Moore,WR,17,237.50000000000003,273.7699999999999,-36.269999999999996,4,6.01,-2.1335294117647057,-2.01,FALSE,16.104117647058818
2021,00-0034829,Mike Gesicki,TE,17,165,191.17999999999998,-26.179999999999993,2,3.8200000000000003,-1.5399999999999996,-1.8200000000000003,FALSE,11.245882352941175
2021,00-0034830,Hayden Hurst,TE,12,64.1,53.80999999999999,10.290000000000001,3,1.58,0.8575,1.42,FALSE,4.484166666666666
2021,00-0034838,Royce Freeman,RB,11,34.6,51.43000000000001,-16.830000000000002,0,0.9700000000000002,-1.5300000000000002,-0.9700000000000002,FALSE,4.675454545454546
2021,00-0034844,Saquon Barkley,RB,13,148.6,163.33000000000004,-14.729999999999999,4,2.98,-1.1330769230769229,1.02,FALSE,12.563846153846157
2021,00-0034845,Sony Michel,RB,21,156.49999999999997,207.45,-50.949999999999996,5,9.23,-2.426190476190476,-4.23,FALSE,9.878571428571428
2021,00-0034854,KhaDarel Hodge,WR,10,30.700000000000003,45.61,-14.910000000000002,0,1.45,-1.491,-1.45,FALSE,4.561
2021,00-0034855,Baker Mayfield,QB,14,185.28,218.42000000000002,-33.14,18,19.75,-2.367142857142857,-1.75,FALSE,15.601428571428572
2021,00-0034857,Josh Allen,QB,19,481.4599999999999,513.08,-31.620000000000005,51,58.209999999999994,-1.6642105263157898,-7.209999999999994,FALSE,27.00421052631579
2021,00-0034867,Malik Turner,WR,8,46.50000000000001,33.22,13.28,3,1.8300000000000003,1.66,1.1699999999999997,FALSE,4.1525
2021,00-0034869,Sam Darnold,QB,12,161.27999999999997,203.45000000000002,-42.170000000000016,14,18.820000000000004,-3.514166666666668,-4.820000000000004,FALSE,16.95416666666667
2021,00-0034960,Jakobi Meyers,WR,17,196.30000000000004,222.23,-25.929999999999996,2,5.17,-1.5252941176470587,-3.17,FALSE,13.07235294117647
2021,00-0034972,Alexander Mattison,RB,16,125.89999999999998,141.72,-15.819999999999997,4,4.579999999999999,-0.9887499999999998,-0.5799999999999992,FALSE,8.8575
2021,00-0034981,Foster Moreau,TE,13,85.3,83.98000000000002,1.3199999999999976,3,2.6899999999999995,0.10153846153846136,0.3100000000000005,FALSE,6.460000000000002
2021,00-0034983,Hunter Renfrow,WR,18,272.8999999999999,240.3,32.60000000000001,9,7.52,1.8111111111111116,1.4800000000000004,TRUE,13.350000000000001
2021,00-0035021,Ashton Dulin,WR,14,45.49999999999999,44.519999999999996,0.9800000000000004,2,1.7000000000000002,0.07000000000000003,0.2999999999999998,FALSE,3.1799999999999997
2021,00-0035022,Penny Hart,WR,9,12.899999999999999,19.14,-6.239999999999999,0,0.5800000000000001,-0.6933333333333332,-0.5800000000000001,FALSE,2.126666666666667
2021,00-0035126,Antoine Wesley,WR,9,57.8,68.72,-10.919999999999998,3,3.59,-1.2133333333333332,-0.5899999999999999,FALSE,7.635555555555555
2021,00-0035140,Mecole Hardman,WR,20,176.5,181.00000000000003,-4.5,4,6.17,-0.225,-2.17,FALSE,9.05
2021,00-0035208,Olamide Zaccheaus,WR,15,89.8,90.50000000000001,-0.700000000000002,3,2.6299999999999994,-0.046666666666666794,0.37000000000000055,FALSE,6.033333333333334
2021,00-0035215,Deonte Harris,WR,13,115.10000000000001,96.53,18.569999999999993,3,1.3900000000000001,1.428461538461538,1.6099999999999999,FALSE,7.4253846153846155
2021,00-0035216,Diontae Johnson,WR,17,288.8,293.89000000000004,-5.090000000000001,9,7.430000000000001,-0.2994117647058824,1.5699999999999994,FALSE,17.28764705882353
2021,00-0035217,Benny Snell,RB,14,18.2,26.229999999999997,-8.030000000000001,0,0.25000000000000006,-0.5735714285714286,-0.25000000000000006,FALSE,1.8735714285714284
2021,00-0035222,Zach Gentry,TE,11,42.99999999999999,46.74,-3.7399999999999993,0,1.36,-0.3399999999999999,-1.36,FALSE,4.249090909090909
2021,00-0035228,Kyler Murray,QB,15,301.58,337.47,-35.88999999999998,29,35.480000000000004,-2.392666666666665,-6.480000000000004,FALSE,22.498
2021,00-0035229,T.J. Hockenson,TE,12,145.3,137.46,7.840000000000003,4,2.9299999999999997,0.6533333333333337,1.0700000000000003,FALSE,11.455
2021,00-0035243,Miles Sanders,RB,13,123.00000000000003,142.86999999999998,-19.869999999999997,0,4.7700000000000005,-1.5284615384615383,-4.7700000000000005,FALSE,10.989999999999998
2021,00-0035249,Josh Oliver,TE,10,15.6,25.94,-10.34,0,0.8500000000000001,-1.034,-0.8500000000000001,FALSE,2.5940000000000003
2021,00-0035250,Devin Singletary,RB,19,237.29999999999998,239.97,-2.6699999999999986,11,10.239999999999998,-0.1405263157894736,0.7600000000000016,FALSE,12.63
2021,00-0035261,Tony Pollard,RB,16,161.19999999999996,147.77000000000004,13.430000000000007,2,3.1,0.8393750000000004,-1.1,FALSE,9.235625000000002
2021,00-0035311,Myles Gaskin,RB,17,173.60000000000002,203.63000000000002,-30.03,7,7.97,-1.7664705882352942,-0.9699999999999998,FALSE,11.978235294117649
2021,00-0035329,Donald Parham,TE,12,58.99999999999999,57.739999999999995,1.2599999999999976,3,3.4099999999999993,0.1049999999999998,-0.40999999999999925,FALSE,4.8116666666666665
2021,00-0035414,Jalen Guyton,WR,16,97.19999999999999,88.82,8.379999999999995,3,2.85,0.5237499999999997,0.1499999999999999,FALSE,5.55125
2021,00-0035510,Jeff Smith,WR,8,19.2,27.119999999999997,-7.920000000000001,0,0.14,-0.9900000000000001,-0.14,FALSE,3.3899999999999997
2021,00-0035535,Darius Slayton,WR,13,68.60000000000001,94.47,-25.870000000000005,2,1.9000000000000001,-1.9900000000000004,0.09999999999999987,FALSE,7.266923076923077
2021,00-0035537,Ty Johnson,RB,15,117.00000000000001,120.49000000000001,-3.4900000000000055,4,3.7600000000000002,-0.23266666666666705,0.23999999999999977,FALSE,8.032666666666668
2021,00-0035594,Travis Homer,RB,12,55.8,42.78999999999999,13.010000000000003,1,0.9600000000000001,1.084166666666667,0.039999999999999925,FALSE,3.5658333333333325
2021,00-0035624,N'Keal Harry,WR,9,30.4,41.06999999999999,-10.670000000000002,0,1.06,-1.1855555555555557,-1.06,FALSE,4.563333333333333
2021,00-0035628,D'Ernest Johnson,RB,12,104.09999999999998,90.53,13.570000000000006,3,2.33,1.1308333333333338,0.6699999999999999,FALSE,7.5441666666666665
2021,00-0035631,Drew Sample,TE,9,20.5,25.45,-4.950000000000001,0,0.29000000000000004,-0.5500000000000002,-0.29000000000000004,FALSE,2.8277777777777775
2021,00-0035640,DK Metcalf,WR,17,244.3,232.01999999999995,12.280000000000005,12,8.05,0.7223529411764709,3.9499999999999993,FALSE,13.648235294117644
2021,00-0035644,Noah Fant,TE,16,158.99999999999997,144.29,14.709999999999999,4,3.2399999999999993,0.9193749999999999,0.7600000000000007,FALSE,9.018125
2021,00-0035657,Damien Harris,RB,16,214.79999999999998,177.67,37.129999999999995,15,10.209999999999999,2.3206249999999997,4.790000000000001,TRUE,11.104375
2021,00-0035659,Terry McLaurin,WR,17,213.49999999999997,218.92000000000002,-5.4200000000000035,5,5.609999999999999,-0.3188235294117649,-0.6099999999999994,FALSE,12.87764705882353
2021,00-0035662,Marquise Brown,WR,16,228.29999999999998,260.38,-32.07999999999999,6,7.7299999999999995,-2.0049999999999994,-1.7299999999999995,FALSE,16.27375
2021,00-0035664,Darrell Henderson,RB,13,171.4,182.27999999999997,-10.879999999999997,8,9.229999999999997,-0.8369230769230767,-1.2299999999999969,FALSE,14.021538461538459
2021,00-0035676,A.J. Brown,WR,14,206.1,216.18,-10.080000000000002,6,6.359999999999999,-0.7200000000000001,-0.35999999999999943,FALSE,15.441428571428572
2021,00-0035685,David Montgomery,RB,13,194.70000000000002,216.05000000000004,-21.35,7,9.75,-1.6423076923076925,-2.75,FALSE,16.61923076923077
2021,00-0035689,Dawson Knox,TE,17,192.50000000000003,156.79000000000005,35.71,11,7.569999999999999,2.1005882352941176,3.4300000000000006,TRUE,9.222941176470592
2021,00-0035700,Josh Jacobs,RB,16,242.70000000000005,241.92000000000004,0.7800000000000011,9,8.36,0.04875000000000007,0.6400000000000006,FALSE,15.120000000000003
2021,00-0035710,Daniel Jones,QB,11,171.52,193.66000000000003,-22.14,12,16.33,-2.0127272727272727,-4.329999999999998,FALSE,17.60545454545455
2021,00-0035715,Derrick Gore,RB,9,56.4,49.07000000000001,7.33,2,1.8600000000000003,0.8144444444444444,0.13999999999999968,FALSE,5.452222222222223
2021,00-0035719,Deebo Samuel,WR,19,389.26000000000005,293.65999999999997,95.60000000000001,17,7.34,5.031578947368422,9.66,TRUE,15.45578947368421
2021,00-0035806,Jamycal Hasty,RB,11,53.1,60.22,-7.119999999999999,1,2.0000000000000004,-0.6472727272727272,-1.0000000000000004,FALSE,5.474545454545455
2021,00-0035831,James Robinson,RB,14,173.90000000000003,172.89000000000001,1.0100000000000002,8,6.4799999999999995,0.07214285714285716,1.5200000000000005,FALSE,12.349285714285715
2021,00-0035860,Tony Jones,RB,10,22.1,43.24,-21.139999999999997,0,1.29,-2.114,-1.29,FALSE,4.324
2021,00-0035864,Kendall Hinton,WR,10,38.540000000000006,37.769999999999996,0.7699999999999969,1,1.1,0.0769999999999997,-0.10000000000000009,FALSE,3.7769999999999997
2021,00-0036020,Salvon Ahmed,RB,11,38.6,53.89999999999999,-15.3,0,0.6300000000000001,-1.3909090909090909,-0.6300000000000001,FALSE,4.8999999999999995
2021,00-0036040,Juwan Johnson,TE,12,52.900000000000006,43.65999999999999,9.24,4,2.3200000000000003,0.77,1.6799999999999997,FALSE,3.6383333333333323
2021,00-0036182,Nick Westbrook-Ikhine,WR,16,107.6,101.13,6.470000000000001,4,3.2299999999999995,0.40437500000000004,0.7700000000000005,FALSE,6.320625
2021,00-0036187,Reggie Gilliam,RB,8,9.8,15.16,-5.36,0,0.48,-0.67,-0.48,FALSE,1.895
2021,00-0036196,Gabriel Davis,WR,17,190.10000000000002,166.1,24,11,9.42,1.411764705882353,1.58,TRUE,9.770588235294117
2021,00-0036212,Tua Tagovailoa,QB,13,178.92000000000004,198.83,-19.909999999999997,19,20.780000000000005,-1.5315384615384613,-1.7800000000000047,FALSE,15.294615384615385
2021,00-0036219,Marquez Callaway,WR,17,151.8,138.95000000000002,12.849999999999998,6,4.2,0.7558823529411763,1.7999999999999998,FALSE,8.173529411764706
2021,00-0036223,Jonathan Taylor,RB,17,373.09999999999997,313.2,59.90000000000001,20,17.590000000000003,3.5235294117647067,2.4099999999999966,TRUE,18.423529411764704
2021,00-0036232,Harrison Bryant,TE,13,62.30000000000001,56.20000000000001,6.099999999999996,3,2.6100000000000003,0.46923076923076895,0.3899999999999997,FALSE,4.323076923076924
2021,00-0036233,Donovan Peoples-Jones,WR,13,109.69999999999999,103.33000000000001,6.369999999999999,3,2.62,0.48999999999999994,0.3799999999999999,FALSE,7.948461538461539
2021,00-0036247,Freddie Swain,WR,16,86.5,70.74,15.76,4,1.9,0.985,2.1,FALSE,4.42125
2021,00-0036251,Zack Moss,RB,14,105.20000000000002,130.23,-25.029999999999998,5,7.260000000000002,-1.7878571428571426,-2.2600000000000016,FALSE,9.302142857142856
2021,00-0036252,Michael Pittman,WR,17,238.6,221.53,17.069999999999997,6,6.3500000000000005,1.0041176470588233,-0.35000000000000053,FALSE,13.031176470588235
2021,00-0036255,Denzel Mims,WR,10,21.299999999999997,38.83,-17.53,0,1.2000000000000002,-1.7530000000000001,-1.2000000000000002,FALSE,3.883
2021,00-0036259,Jauan Jennings,WR,16,92.5,81.96,10.54,5,2.38,0.65875,2.62,FALSE,5.1225
2021,00-0036261,Brandon Aiyuk,WR,19,192.79999999999998,184.69,8.109999999999994,5,5.23,0.4268421052631576,-0.23000000000000043,FALSE,9.720526315789474
2021,00-0036265,A.J. Dillon,RB,18,194.10000000000002,178.23999999999998,15.86,8,7.700000000000001,0.8811111111111111,0.29999999999999893,FALSE,9.902222222222221
2021,00-0036268,Laviska Shenault,WR,16,126.99999999999999,161.65999999999997,-34.66000000000001,0,3.0499999999999994,-2.1662500000000007,-3.0499999999999994,FALSE,10.103749999999998
2021,00-0036271,Quez Watkins,WR,18,121.5,117.25000000000003,4.249999999999995,1,3.0299999999999994,0.23611111111111083,-2.0299999999999994,FALSE,6.51388888888889
2021,00-0036275,D'Andre Swift,RB,13,208.70000000000002,203.66000000000003,5.040000000000001,7,5.360000000000001,0.3876923076923078,1.6399999999999988,FALSE,15.666153846153849
2021,00-0036290,Cole Kmet,TE,17,121.19999999999999,156.02000000000004,-34.82000000000001,0,4.02,-2.0482352941176476,-4.02,FALSE,9.177647058823531
2021,00-0036309,Darnell Mooney,WR,17,219.7,237.13000000000002,-17.43,5,5.3100000000000005,-1.025294117647059,-0.3100000000000005,FALSE,13.948823529411767
2021,00-0036322,Justin Jefferson,WR,17,330.40000000000003,319.13000000000005,11.270000000000007,10,9.78,0.6629411764705886,0.22000000000000064,FALSE,18.772352941176475
2021,00-0036326,Chase Claypool,WR,16,170.89999999999998,203.57,-32.67,2,6.64,-2.041875,-4.64,FALSE,12.723125
2021,00-0036328,Antonio Gibson,RB,16,229.1,241.65000000000003,-12.549999999999997,10,10.450000000000001,-0.7843749999999998,-0.45000000000000107,FALSE,15.103125000000002
2021,00-0036331,Devin Duvernay,WR,15,77.2,85.35000000000002,-8.150000000000004,2,2.55,-0.5433333333333336,-0.5499999999999998,FALSE,5.690000000000001
2021,00-0036332,Josiah Deguara,TE,13,61.50000000000001,59.53999999999999,1.9599999999999977,2,2.2199999999999998,0.1507692307692306,-0.21999999999999975,FALSE,4.579999999999999
2021,00-0036345,K.J. Osborn,WR,17,158.5,142.79,15.71,7,4.2299999999999995,0.9241176470588236,2.7700000000000005,FALSE,8.399411764705881
2021,00-0036355,Justin Herbert,QB,17,382.76,397.21999999999997,-14.459999999999996,41,45.010000000000005,-0.8505882352941174,-4.010000000000005,FALSE,23.365882352941174
2021,00-0036358,CeeDee Lamb,WR,17,235.29999999999998,241.36999999999998,-6.070000000000006,6,6.83,-0.3570588235294121,-0.8300000000000001,FALSE,14.198235294117646
2021,00-0036360,Clyde Edwards-Helaire,RB,12,128.5,131.79,-3.289999999999999,6,5.01,-0.2741666666666666,0.9900000000000002,FALSE,10.9825
2021,00-0036365,Bryan Edwards,WR,17,116.19999999999999,131.9,-15.7,3,5.03,-0.9235294117647058,-2.0300000000000002,FALSE,7.758823529411765
2021,00-0036370,Joshua Kelley,RB,8,17.000000000000004,31.86,-14.860000000000003,0,1.41,-1.8575000000000004,-1.41,FALSE,3.9825
2021,00-0036383,Eno Benjamin,RB,8,33.4,33.21,0.18999999999999884,1,0.6100000000000001,0.023749999999999855,0.3899999999999999,FALSE,4.15125
2021,00-0036387,Jalen Reagor,WR,18,79.30000000000001,106.27000000000001,-26.97,2,2.6999999999999993,-1.4983333333333333,-0.6999999999999993,FALSE,5.90388888888889
2021,00-0036389,Jalen Hurts,QB,16,330.38,360.32000000000005,-29.94000000000002,27,34.720000000000006,-1.8712500000000012,-7.720000000000006,FALSE,22.520000000000003
2021,00-0036407,Jerry Jeudy,WR,10,85,92.07000000000001,-7.070000000000001,0,1.04,-0.7070000000000001,-1.04,FALSE,9.207
2021,00-0036410,Tee Higgins,WR,18,280,254.79,25.21,8,8.52,1.4005555555555556,-0.5199999999999996,TRUE,14.155
2021,00-0036415,Van Jefferson,WR,21,188.90000000000003,216.8,-27.899999999999995,6,9.08,-1.3285714285714283,-3.08,FALSE,10.323809523809524
2021,00-0036422,Adam Trautman,TE,11,63.3,75.94999999999999,-12.650000000000004,2,2.57,-1.1500000000000004,-0.5699999999999998,FALSE,6.904545454545453
2021,00-0036423,Albert Okwuegbunam,TE,13,76,72.95,3.05,2,2.3800000000000003,0.23461538461538461,-0.38000000000000034,FALSE,5.611538461538462
2021,00-0036425,DeeJay Dallas,RB,11,60.099999999999994,54.690000000000005,5.409999999999998,2,1.27,0.49181818181818165,0.73,FALSE,4.971818181818183
2021,00-0036427,Tyler Johnson,WR,18,81.50000000000001,108.22999999999999,-26.729999999999997,0,2.6499999999999995,-1.4849999999999999,-2.6499999999999995,FALSE,6.012777777777777
2021,00-0036442,Joe Burrow,QB,20,383.54,335.12,48.419999999999995,41,34.209999999999994,2.421,6.790000000000006,TRUE,16.756
2021,00-0036550,Rashod Bateman,WR,12,101.49999999999999,107.19000000000001,-5.689999999999997,1,1.62,-0.4741666666666664,-0.6200000000000001,FALSE,8.932500000000001
2021,00-0036554,Nico Collins,WR,14,83.8,102.86000000000001,-19.060000000000002,1,2.9899999999999998,-1.3614285714285717,-1.9899999999999998,FALSE,7.347142857142858
2021,00-0036555,Chuba Hubbard,RB,16,137.59999999999997,149.8,-12.200000000000003,6,4.42,-0.7625000000000002,1.58,FALSE,9.3625
2021,00-0036556,Brevin Jordan,TE,8,55.8,44.32,11.48,3,1,1.435,2,FALSE,5.54
2021,00-0036567,Elijah Mitchell,RB,14,200.59999999999997,184.79999999999998,15.799999999999997,7,5.06,1.1285714285714283,1.9400000000000004,FALSE,13.2
2021,00-0036613,Jaylen Waddle,WR,16,247.79999999999995,231.21,16.590000000000003,7,5.630000000000001,1.0368750000000002,1.3699999999999992,FALSE,14.450625
2021,00-0036620,D'Wayne Eskridge,WR,8,28.299999999999997,37.69,-9.39,1,1.47,-1.17375,-0.47,FALSE,4.71125
2021,00-0036626,Dyami Brown,WR,9,28.1,47.120000000000005,-19.020000000000003,0,1.54,-2.1133333333333337,-1.54,FALSE,5.235555555555556
2021,00-0036628,John Bates,TE,11,50.89999999999999,40.17,10.73,1,0.77,0.9754545454545455,0.22999999999999998,FALSE,3.651818181818182
2021,00-0036637,Noah Gray,TE,9,20,30.79,-10.79,1,1.8800000000000001,-1.198888888888889,-0.8800000000000001,FALSE,3.421111111111111
2021,00-0036650,Larry Rountree,RB,8,15.6,26.63,-11.030000000000001,1,1.53,-1.3787500000000001,-0.53,FALSE,3.32875
2021,00-0036654,Demetric Felton,RB,11,50.5,35.099999999999994,15.400000000000002,2,0.37000000000000005,1.4000000000000001,1.63,FALSE,3.1909090909090905
2021,00-0036671,Dax Milne,WR,9,15.400000000000002,22.690000000000005,-7.289999999999998,0,0.61,-0.8099999999999998,-0.61,FALSE,2.5211111111111117
2021,00-0036755,Jaret Patterson,RB,14,55.89999999999999,53.37999999999999,2.519999999999998,2,1.32,0.17999999999999985,0.6799999999999999,FALSE,3.812857142857142
2021,00-0036857,Chris Evans,RB,12,52.4,42.519999999999996,9.879999999999999,2,1.59,0.8233333333333333,0.4099999999999999,FALSE,3.543333333333333
2021,00-0036862,Ben Skowronek,WR,9,27.5,47.21,-19.71,0,1.0899999999999999,-2.19,-1.0899999999999999,FALSE,5.245555555555556
2021,00-0036875,Rhamondre Stevenson,RB,13,124.89999999999999,125.02,-0.11999999999999922,5,5.740000000000001,-0.009230769230769171,-0.7400000000000011,FALSE,9.616923076923076
2021,00-0036876,Kylen Granson,TE,10,21.600000000000005,28.14,-6.539999999999999,0,1.11,-0.6539999999999999,-1.11,FALSE,2.814
2021,00-0036887,Luke Farrell,TE,8,12.6,16.29,-3.6900000000000004,0,0.09999999999999999,-0.46125000000000005,-0.09999999999999999,FALSE,2.03625
2021,00-0036893,Najee Harris,RB,18,303.50000000000006,325.32,-21.819999999999997,10,10.329999999999998,-1.212222222222222,-0.3299999999999983,FALSE,18.073333333333334
2021,00-0036894,Pat Freiermuth,TE,17,158.2,144.19,14.009999999999998,7,5.109999999999999,0.8241176470588234,1.8900000000000006,FALSE,8.481764705882354
2021,00-0036898,Davis Mills,QB,13,158.96,150.10000000000002,8.859999999999996,16,11.840000000000002,0.6815384615384612,4.159999999999998,FALSE,11.546153846153848
2021,00-0036900,Ja'Marr Chase,WR,21,375.6000000000001,306.54,69.06000000000002,14,10.81,3.288571428571429,3.1899999999999995,TRUE,14.597142857142858
2021,00-0036906,Khalil Herbert,RB,14,78.9,78.19000000000003,0.7099999999999982,2,2.1199999999999997,0.05071428571428559,-0.11999999999999966,FALSE,5.585000000000002
2021,00-0036912,DeVonta Smith,WR,18,197.59999999999997,211.61999999999998,-14.019999999999996,5,6.879999999999999,-0.7788888888888886,-1.879999999999999,FALSE,11.756666666666666
2021,00-0036913,Kadarius Toney,WR,9,82.36,89.97999999999999,-7.619999999999998,0,1.75,-0.8466666666666665,-1.75,FALSE,9.997777777777777
2021,00-0036919,Kenneth Gainwell,RB,17,139.9,123.16000000000001,16.740000000000006,7,3.4600000000000004,0.9847058823529415,3.5399999999999996,FALSE,7.2447058823529416
2021,00-0036924,Michael Carter,RB,14,152.60000000000002,171.63,-19.02999999999999,4,5.970000000000001,-1.3592857142857135,-1.9700000000000006,FALSE,12.259285714285713
2021,00-0036936,Rondale Moore,WR,15,119.3,125.84,-6.540000000000003,1,2.8199999999999994,-0.43600000000000017,-1.8199999999999994,FALSE,8.389333333333333
2021,00-0036945,Justin Fields,QB,12,134.79999999999998,162.13,-27.33,9,12.82,-2.2775,-3.8200000000000003,FALSE,13.510833333333332
2021,00-0036955,Terrace Marshall,WR,12,32.8,49.379999999999995,-16.579999999999995,0,0.9800000000000002,-1.3816666666666662,-0.9800000000000002,FALSE,4.114999999999999
2021,00-0036963,Amon-Ra St. Brown,WR,16,227.29999999999998,192.24999999999997,35.050000000000004,6,4,2.1906250000000003,2,TRUE,12.015624999999998
2021,00-0036970,Kyle Pitts,TE,17,176.6,190.9,-14.299999999999999,1,4.2299999999999995,-0.8411764705882352,-3.2299999999999995,FALSE,11.229411764705883
2021,00-0036971,Trevor Lawrence,QB,17,209.04000000000002,296.51000000000005,-87.47,14,25.189999999999998,-5.145294117647059,-11.189999999999998,FALSE,17.441764705882356
2021,00-0036972,Mac Jones,QB,18,244.02,272.32000000000005,-28.299999999999997,24,28.069999999999993,-1.572222222222222,-4.069999999999993,FALSE,15.128888888888891
2021,00-0036980,Elijah Moore,WR,11,138.20000000000002,127.33000000000001,10.870000000000001,6,2.88,0.9881818181818183,3.12,FALSE,11.575454545454546
2021,00-0036988,Josh Palmer,WR,15,92.89999999999999,90.02,2.880000000000001,4,3.24,0.19200000000000006,0.7599999999999998,FALSE,6.001333333333333
2021,00-0036997,Javonte Williams,RB,17,204.9,205.51999999999998,-0.6200000000000019,7,7.710000000000001,-0.03647058823529423,-0.7100000000000009,FALSE,12.089411764705881
2021,00-0036999,Anthony Schwartz,WR,12,33.4,48.20000000000001,-14.8,1,1.49,-1.2333333333333334,-0.49,FALSE,4.0166666666666675
2021,00-0037005,Tommy Tremble,TE,14,53.099999999999994,66.17,-13.07,2,2.6100000000000003,-0.9335714285714286,-0.6100000000000003,FALSE,4.726428571428571
2021,00-0037013,Zach Wilson,QB,13,152.98000000000002,185.25,-32.27,13,17.25,-2.4823076923076925,-4.25,FALSE,14.25
2021,NA,NA,NA,377,0,1045.0200000000002,-1045.0200000000002,0,46.70999999999995,-2.771936339522547,-46.70999999999995,FALSE,2.771936339522547
2022,00-0019596,Tom Brady,QB,18,297.14000000000004,352.55000000000007,-55.41000000000001,28,38.31,-3.078333333333334,-10.310000000000002,FALSE,19.586111111111116
2022,00-0023459,Aaron Rodgers,QB,17,243.44,269.22,-25.78000000000001,27,30.689999999999994,-1.5164705882352947,-3.689999999999994,FALSE,15.836470588235295
2022,00-0026143,Matt Ryan,QB,12,161.28,189.14999999999998,-27.870000000000005,15,16.65,-2.3225000000000002,-1.6499999999999986,FALSE,15.762499999999998
2022,00-0026498,Matthew Stafford,QB,9,114.38000000000001,147.16000000000003,-32.78,11,17.95,-3.6422222222222222,-6.949999999999999,FALSE,16.351111111111113
2022,00-0027942,A.J. Green,WR,13,61.6,82.97999999999999,-21.379999999999995,2,2.8999999999999995,-1.6446153846153844,-0.8999999999999995,FALSE,6.383076923076922
2022,00-0027944,Julio Jones,WR,11,90.79999999999998,100.50999999999999,-9.71,3,4.510000000000001,-0.8827272727272728,-1.5100000000000007,FALSE,9.137272727272727
2022,00-0027966,Mark Ingram,RB,10,50.099999999999994,61.30999999999999,-11.210000000000003,1,1.77,-1.1210000000000002,-0.77,FALSE,6.1309999999999985
2022,00-0027973,Andy Dalton,QB,14,176.23999999999998,163.66,12.580000000000004,18,14.96,0.8985714285714288,3.039999999999999,FALSE,11.69
2022,00-0028002,Randall Cobb,WR,13,81.7,84.32,-2.619999999999999,1,2.7399999999999998,-0.20153846153846147,-1.7399999999999998,FALSE,6.4861538461538455
2022,00-0029239,Brandon Bolden,RB,8,25.299999999999997,26.86,-1.560000000000001,1,1.04,-0.19500000000000012,-0.040000000000000036,FALSE,3.3575
2022,00-0029263,Russell Wilson,QB,15,229.76,232.65,-2.889999999999997,19,22.05,-0.19266666666666646,-3.0500000000000007,FALSE,15.51
2022,00-0029293,Marvin Jones,WR,18,131.9,157.10000000000002,-25.200000000000003,4,4.890000000000001,-1.4000000000000001,-0.8900000000000006,FALSE,8.72777777777778
2022,00-0029604,Kirk Cousins,QB,18,322.99999999999994,351.51,-28.50999999999999,34,39.59999999999999,-1.5838888888888885,-5.599999999999987,FALSE,19.528333333333332
2022,00-0029701,Ryan Tannehill,QB,12,163.23999999999998,159.89,3.3500000000000023,15,16.43,0.27916666666666684,-1.4299999999999997,FALSE,13.324166666666665
2022,00-0029892,Kyle Juszczyk,RB,15,56,50.23,5.7700000000000005,2,2.3699999999999997,0.3846666666666667,-0.36999999999999966,FALSE,3.3486666666666665
2022,00-0030035,Adam Thielen,WR,18,187.99999999999997,208.9,-20.9,6,7.080000000000002,-1.161111111111111,-1.0800000000000018,FALSE,11.605555555555556
2022,00-0030061,Zach Ertz,TE,10,115.6,131.97,-16.369999999999997,4,5.279999999999999,-1.6369999999999998,-1.2799999999999994,FALSE,13.197
2022,00-0030068,Marquise Goodwin,WR,12,90.2,72.4,17.799999999999997,4,2.37,1.4833333333333332,1.63,FALSE,6.033333333333334
2022,00-0030279,Keenan Allen,WR,11,176.1,183.60999999999999,-7.5099999999999945,4,6.040000000000001,-0.6827272727272722,-2.040000000000001,FALSE,16.69181818181818
2022,00-0030288,Rex Burkhead,RB,15,71.39999999999999,94.8,-23.400000000000002,1,2.9599999999999995,-1.56,-1.9599999999999995,FALSE,6.319999999999999
2022,00-0030431,Robert Woods,WR,17,117.70000000000002,137.07,-19.369999999999994,2,2.63,-1.139411764705882,-0.6299999999999999,FALSE,8.062941176470588
2022,00-0030506,Travis Kelce,TE,20,393.00000000000006,359.4699999999999,33.53000000000001,16,14.59,1.6765000000000003,1.4100000000000001,TRUE,17.973499999999994
2022,00-0030513,Latavius Murray,RB,13,154.20000000000002,146.09,8.11,6,4.2700000000000005,0.6238461538461538,1.7299999999999995,FALSE,11.237692307692308
2022,00-0030564,DeAndre Hopkins,WR,9,151.7,154.75,-3.049999999999999,3,2.62,-0.3388888888888888,0.3799999999999999,FALSE,17.194444444444443
2022,00-0030565,Geno Smith,QB,18,326.8,314.1,12.700000000000005,33,31.759999999999998,0.7055555555555558,1.240000000000002,FALSE,17.450000000000003
2022,00-0030578,Cordarrelle Patterson,RB,13,148.70000000000002,140.7,7.999999999999997,8,6.0200000000000005,0.6153846153846152,1.9799999999999995,FALSE,10.823076923076922
2022,00-0031236,Brandin Cooks,WR,13,145.60000000000002,147.18999999999997,-1.5899999999999963,3,3.5799999999999996,-0.12230769230769202,-0.5799999999999996,FALSE,11.32230769230769
2022,00-0031260,Logan Thomas,TE,13,77.3,100.06,-22.76,1,3.0199999999999996,-1.7507692307692309,-2.0199999999999996,FALSE,7.696923076923077
2022,00-0031273,Cameron Brate,TE,10,45.199999999999996,72.49,-27.290000000000006,1,2.54,-2.7290000000000005,-1.54,FALSE,7.249
2022,00-0031280,Derek Carr,QB,15,219.08000000000004,246.89999999999998,-27.819999999999993,24,24.839999999999996,-1.8546666666666662,-0.8399999999999963,FALSE,16.459999999999997
2022,00-0031325,Sammy Watkins,WR,10,48.7,53.24,-4.5399999999999965,0,1.81,-0.4539999999999996,-1.81,FALSE,5.324
2022,00-0031345,Jimmy Garoppolo,QB,11,166.78,145.65,21.130000000000003,18,15.37,1.9209090909090911,2.630000000000001,TRUE,13.240909090909092
2022,00-0031376,Jerick McKinnon,RB,20,210.60000000000002,210.09999999999997,0.49999999999999734,10,10.399999999999999,0.024999999999999866,-0.3999999999999986,FALSE,10.504999999999999
2022,00-0031381,Davante Adams,WR,17,335.50000000000006,331.83,3.6700000000000017,14,10.78,0.21588235294117658,3.2200000000000006,FALSE,19.519411764705882
2022,00-0031382,Jarvis Landry,WR,9,60.199999999999996,65.57,-5.370000000000002,1,2.0599999999999996,-0.5966666666666669,-1.0599999999999996,FALSE,7.285555555555555
2022,00-0031408,Mike Evans,WR,16,240.80000000000004,241.38,-0.579999999999993,6,7.06,-0.03624999999999956,-1.0599999999999996,FALSE,15.08625
2022,00-0031428,Allen Robinson,WR,10,84.9,102.5,-17.599999999999994,3,6.2,-1.7599999999999993,-3.2,FALSE,10.25
2022,00-0031544,Amari Cooper,WR,17,246,223.17999999999998,22.82,9,7.85,1.3423529411764705,1.1500000000000004,TRUE,13.128235294117646
2022,00-0031547,DeVante Parker,WR,12,102.9,86.36000000000001,16.54,3,2.9699999999999998,1.3783333333333332,0.03000000000000025,FALSE,7.196666666666668
2022,00-0031549,Nelson Agholor,WR,14,75.2,89.21000000000001,-14.010000000000002,2,1.92,-1.000714285714286,0.08000000000000007,FALSE,6.372142857142857
2022,00-0031585,MyCole Pruitt,TE,10,55,40.28,14.72,4,2.2800000000000002,1.472,1.7199999999999998,FALSE,4.0280000000000005
2022,00-0031588,Stefon Diggs,WR,18,342.5,325.17,17.329999999999995,11,11.639999999999999,0.9627777777777775,-0.6399999999999988,FALSE,18.065
2022,00-0031610,Darren Waller,TE,8,84.8,95.60000000000001,-10.799999999999999,3,5.24,-1.3499999999999999,-2.24,FALSE,11.950000000000001
2022,00-0031687,Raheem Mostert,RB,16,168.29999999999998,163.31,4.99,5,4.87,0.311875,0.1299999999999999,FALSE,10.206875
2022,00-0031690,Eric Tomlinson,TE,8,28.900000000000002,28.16,0.7399999999999993,2,2.0300000000000002,0.09249999999999992,-0.03000000000000025,FALSE,3.52
2022,00-0031763,DeAndre Carter,WR,17,118,126.00000000000001,-7.999999999999999,3,4.529999999999999,-0.4705882352941176,-1.5299999999999994,FALSE,7.411764705882354
2022,00-0031800,Taylor Heinicke,QB,9,125.96000000000001,126.34,-0.37999999999999545,13,13.600000000000001,-0.04222222222222172,-0.6000000000000014,FALSE,14.037777777777778
2022,00-0031868,Damiere Byrd,WR,12,51.800000000000004,38.290000000000006,13.510000000000002,2,0.6800000000000002,1.1258333333333335,1.3199999999999998,FALSE,3.190833333333334
2022,00-0032054,Breshad Perriman,WR,8,23.300000000000004,32.98,-9.68,1,1.07,-1.21,-0.07000000000000006,FALSE,4.1225
2022,00-0032104,Ameer Abdullah,RB,13,54.10000000000001,54.17,-0.06999999999999895,1,1.58,-0.005384615384615304,-0.5800000000000001,FALSE,4.166923076923077
2022,00-0032134,C.J. Uzomah,TE,12,56.199999999999996,42.800000000000004,13.400000000000002,2,0.84,1.116666666666667,1.1600000000000001,FALSE,3.566666666666667
2022,00-0032141,Geoff Swaim,TE,11,23.799999999999997,28.410000000000007,-4.61,1,1.3000000000000003,-0.4190909090909091,-0.30000000000000027,FALSE,2.5827272727272734
2022,00-0032144,Melvin Gordon,RB,10,87.1,104.33000000000001,-17.229999999999997,2,4.13,-1.7229999999999996,-2.13,FALSE,10.433000000000002
2022,00-0032208,Phillip Dorsett,WR,14,51.699999999999996,61.6,-9.899999999999999,1,1,-0.7071428571428571,0,FALSE,4.4
2022,00-0032211,Tyler Lockett,WR,17,249.20000000000002,207.20999999999995,41.99000000000001,9,5.319999999999999,2.4700000000000006,3.6800000000000006,TRUE,12.188823529411762
2022,00-0032268,Marcus Mariota,QB,13,198.56000000000003,206.62,-8.06,19,18.979999999999997,-0.62,0.020000000000003126,FALSE,15.893846153846154
2022,00-0032392,Austin Hooper,TE,17,97.39999999999999,94.05000000000001,3.3500000000000023,2,2.1299999999999994,0.1970588235294119,-0.12999999999999945,FALSE,5.532352941176471
2022,00-0032398,Chris Moore,WR,15,115.09999999999998,117.02,-1.9200000000000053,2,2.83,-0.12800000000000036,-0.8300000000000001,FALSE,7.801333333333333
2022,00-0032464,Kalif Raymond,WR,16,110.2,116.44999999999999,-6.25,0,2.9100000000000006,-0.390625,-2.9100000000000006,FALSE,7.278124999999999
2022,00-0032602,J.D. McKissic,RB,8,55.800000000000004,73.50999999999999,-17.709999999999997,0,1.5500000000000003,-2.2137499999999997,-1.5500000000000003,FALSE,9.188749999999999
2022,00-0032688,Robby Anderson,WR,12,52.2,73.2,-20.999999999999996,1,0.9700000000000002,-1.7499999999999998,0.029999999999999805,FALSE,6.1000000000000005
2022,00-0032764,Derrick Henry,RB,16,302.76000000000005,269.29999999999995,33.459999999999994,14,10.629999999999999,2.0912499999999996,3.370000000000001,TRUE,16.831249999999997
2022,00-0032775,Demarcus Robinson,WR,17,116.70000000000002,128.98000000000002,-12.279999999999998,3,3.9699999999999998,-0.7223529411764704,-0.9699999999999998,FALSE,7.5870588235294125
2022,00-0032897,Derek Watt,RB,10,20.199999999999996,17.729999999999997,2.4699999999999998,2,1.6,0.24699999999999997,0.3999999999999999,FALSE,1.7729999999999997
2022,00-0032918,C.J. Ham,RB,9,31.3,29.029999999999998,2.2699999999999996,2,1.76,0.2522222222222222,0.24,FALSE,3.2255555555555553
2022,00-0032950,Carson Wentz,QB,8,114.8,131.7,-16.9,12,12.639999999999999,-2.1125,-0.6399999999999988,FALSE,16.4625
2022,00-0033009,Tyler Boyd,WR,19,182.02,155.92000000000002,26.099999999999994,5,4.249999999999999,1.3736842105263154,0.7500000000000009,TRUE,8.206315789473685
2022,00-0033040,Tyreek Hill,WR,18,357.59999999999997,337.5899999999999,20.009999999999998,8,8.040000000000001,1.1116666666666666,-0.040000000000000924,TRUE,18.754999999999995
2022,00-0033045,Ezekiel Elliott,RB,17,195.7,219.67999999999998,-23.979999999999997,12,12.110000000000003,-1.4105882352941175,-0.11000000000000298,FALSE,12.92235294117647
2022,00-0033077,Dak Prescott,QB,14,245.64,254.41000000000003,-8.77,30,26.399999999999995,-0.6264285714285714,3.600000000000005,FALSE,18.17214285714286
2022,00-0033090,Hunter Henry,TE,16,103.90000000000002,96.03999999999999,7.860000000000001,2,2.02,0.4912500000000001,-0.020000000000000018,FALSE,6.0024999999999995
2022,00-0033106,Jared Goff,QB,17,289.75999999999993,300.41,-10.649999999999997,29,32.96999999999999,-0.6264705882352939,-3.9699999999999918,FALSE,17.671176470588236
2022,00-0033110,Tyler Higbee,TE,16,152.00000000000003,169.48999999999998,-17.490000000000002,3,4.669999999999999,-1.0931250000000001,-1.669999999999999,FALSE,10.593124999999999
2022,00-0033118,Kenyan Drake,RB,12,104.10000000000001,107.61000000000001,-3.5100000000000047,5,4.29,-0.29250000000000037,0.71,FALSE,8.967500000000001
2022,00-0033119,Jacoby Brissett,QB,14,174.61999999999998,185.76,-11.13999999999999,14,18.900000000000002,-0.795714285714285,-4.900000000000002,FALSE,13.268571428571429
2022,00-0033217,Mo Alie-Cox,TE,14,53.9,44.89,9.009999999999998,3,1.4200000000000002,0.6435714285714285,1.5799999999999998,FALSE,3.2064285714285714
2022,00-0033246,Johnny Mundt,TE,14,41.20000000000001,36.71,4.49,1,0.88,0.32071428571428573,0.12,FALSE,2.6221428571428573
2022,00-0033251,Zach Pascal,WR,15,40.5,35.57,4.93,1,0.41,0.32866666666666666,0.5900000000000001,FALSE,2.3713333333333333
2022,00-0033280,Christian McCaffrey,RB,20,416.26,370.16,46.099999999999994,17,14.300000000000002,2.3049999999999997,2.6999999999999975,TRUE,18.508000000000003
2022,00-0033282,Curtis Samuel,WR,17,176.30000000000004,167.92000000000004,8.38,5,3.9299999999999997,0.49294117647058827,1.0700000000000003,FALSE,9.877647058823532
2022,00-0033288,George Kittle,TE,18,229.3,175.04000000000002,54.260000000000005,11,6.469999999999999,3.014444444444445,4.530000000000001,TRUE,9.724444444444446
2022,00-0033293,Aaron Jones,RB,17,248.60000000000002,237.63,10.970000000000013,7,6.800000000000001,0.6452941176470596,0.1999999999999993,FALSE,13.978235294117647
2022,00-0033307,Kendrick Bourne,WR,16,88.3,80.69999999999999,7.599999999999999,1,1.7000000000000002,0.4749999999999999,-0.7000000000000002,FALSE,5.043749999999999
2022,00-0033308,Matt Breida,RB,19,71.80000000000001,70.44999999999999,1.3500000000000019,2,1.6500000000000004,0.07105263157894746,0.34999999999999964,FALSE,3.7078947368421047
2022,00-0033357,Taysom Hill,TE,16,145.8,110.72,35.08,11,7.27,2.1925,3.7300000000000004,TRUE,6.92
2022,00-0033376,Patrick Ricard,RB,13,19.999999999999996,27.029999999999994,-7.03,0,0.85,-0.5407692307692308,-0.85,FALSE,2.0792307692307688
2022,00-0033455,Anthony Firkser,TE,8,19,20.339999999999996,-1.3399999999999994,0,0.27,-0.16749999999999993,-0.27,FALSE,2.5424999999999995
2022,00-0033466,Isaiah McKenzie,WR,16,122.80000000000001,126.22999999999998,-3.429999999999994,5,4.339999999999999,-0.21437499999999962,0.660000000000001,FALSE,7.8893749999999985
2022,00-0033526,Samaje Perine,RB,19,165.39999999999998,154.35,11.049999999999995,7,4.28,0.5815789473684209,2.7199999999999998,FALSE,8.123684210526315
2022,00-0033536,Mike Williams,WR,13,176.49999999999997,170.4,6.100000000000001,4,5.43,0.46923076923076934,-1.4299999999999997,FALSE,13.107692307692307
2022,00-0033553,James Conner,RB,13,200.2,188.18,12.019999999999994,8,5.279999999999999,0.9246153846153842,2.7200000000000006,FALSE,14.475384615384616
2022,00-0033555,Mack Hollins,WR,17,154.15999999999997,166.25,-12.089999999999996,4,4.729999999999999,-0.7111764705882351,-0.72999999999999865,FALSE,9.779411764705882
2022,00-0033572,Jamal Agnew,WR,16,72.19999999999999,69.25999999999999,2.940000000000002,3,2.4699999999999998,0.18375000000000014,0.5300000000000002,FALSE,4.328749999999999
2022,00-0033576,Eric Saubert,TE,11,35.8,42.61,-6.8100000000000005,1,1.7400000000000002,-0.6190909090909091,-0.7400000000000002,FALSE,3.8736363636363635
2022,00-0033591,Noah Brown,WR,17,122.4,135.85999999999999,-13.459999999999997,3,4.1899999999999995,-0.7917647058823528,-1.1899999999999995,FALSE,7.991764705882352
2022,00-0033662,Cooper Rush,QB,8,56.64000000000001,62.89000000000001,-6.249999999999999,5,5.58,-0.7812499999999999,-0.5800000000000001,FALSE,7.861250000000001
2022,00-0033681,Keelan Cole,WR,9,30.1,37.75,-7.649999999999998,1,1.36,-0.8499999999999998,-0.3600000000000001,FALSE,4.194444444444445
2022,00-0033699,Austin Ekeler,RB,18,389.59999999999997,356.29,33.309999999999995,20,15.049999999999999,1.8505555555555553,4.950000000000001,TRUE,19.79388888888889
2022,00-0033757,Robert Tonyan,TE,17,112.00000000000001,106.91000000000003,5.089999999999997,2,2.2800000000000002,0.2994117647058822,-0.28000000000000025,FALSE,6.288823529411766
2022,00-0033854,Dare Ogunbowale,RB,11,48.699999999999996,61.44,-12.739999999999998,1,1.44,-1.158181818181818,-0.43999999999999995,FALSE,5.585454545454545
2022,00-0033856,Leonard Fournette,RB,17,228.79999999999998,247.34000000000003,-18.540000000000006,6,8.709999999999999,-1.090588235294118,-2.709999999999999,FALSE,14.549411764705884
2022,00-0033857,JuJu Smith-Schuster,WR,19,204.20000000000002,192.02999999999997,12.169999999999996,3,3.89,0.6405263157894735,-0.8900000000000001,FALSE,10.106842105263157
2022,00-0033858,Jonnu Smith,TE,12,52,60.85,-8.850000000000001,0,1.1700000000000002,-0.7375000000000002,-1.1700000000000002,FALSE,5.070833333333334
2022,00-0033871,Corey Davis,WR,13,97.60000000000001,107.22,-9.620000000000005,2,2.5999999999999996,-0.7400000000000003,-0.5999999999999996,FALSE,8.247692307692308
2022,00-0033873,Patrick Mahomes,QB,20,479.2199999999999,470.56000000000006,8.66,52,55.11,0.433,-3.1099999999999994,FALSE,23.528000000000002
2022,00-0033879,O.J. Howard,TE,11,36.5,44.92000000000001,-8.42,2,1.82,-0.7654545454545455,0.17999999999999994,FALSE,4.083636363636365
2022,00-0033881,Evan Engram,TE,19,207.3,189.78,17.520000000000003,5,4.569999999999999,0.9221052631578949,0.4300000000000006,FALSE,9.98842105263158
2022,00-0033885,David Njoku,TE,14,142,133.47,8.53,4,4.33,0.6092857142857142,-0.33000000000000007,FALSE,9.53357142857143
2022,00-0033891,Zay Jones,WR,18,233.9,239.78,-5.880000000000001,6,7.47,-0.3266666666666667,-1.4699999999999998,FALSE,13.321111111111112
2022,00-0033893,Dalvin Cook,RB,18,252.79999999999995,279.52000000000004,-26.72,10,12.85,-1.4844444444444445,-2.8499999999999996,FALSE,15.528888888888892
2022,00-0033895,Gerald Everett,TE,16,162.4,168.4,-6.000000000000005,5,5.62,-0.37500000000000033,-0.6200000000000001,FALSE,10.525
2022,00-0033897,Joe Mixon,RB,17,274.79999999999995,306.76000000000005,-31.959999999999994,10,15.020000000000001,-1.8799999999999997,-5.020000000000001,FALSE,18.044705882352943
2022,00-0033906,Alvin Kamara,RB,15,211.7,231.64,-19.940000000000005,4,5.18,-1.3293333333333337,-1.1799999999999997,FALSE,15.442666666666666
2022,00-0033908,Cooper Kupp,WR,9,201.4,173.02,28.38,7,4.89,3.1533333333333333,2.1100000000000003,TRUE,19.224444444444444
2022,00-0033921,Chris Godwin,WR,16,240.90000000000003,251.90999999999997,-11.009999999999998,3,4.26,-0.6881249999999999,-1.2599999999999998,FALSE,15.744374999999998
2022,00-0033923,Kareem Hunt,RB,17,126.80000000000001,140.11000000000004,-13.310000000000002,4,5.09,-0.7829411764705884,-1.0899999999999999,FALSE,8.241764705882355
2022,00-0033925,D'Onta Foreman,RB,16,131.00000000000003,125.83999999999997,5.160000000000004,5,5.489999999999999,0.32250000000000023,-0.4899999999999993,FALSE,7.864999999999998
2022,00-0033943,Josh Reynolds,WR,12,103.9,119.36,-15.459999999999996,3,5.56,-1.2883333333333329,-2.5599999999999996,FALSE,9.946666666666667
2022,00-0033948,Jamaal Williams,RB,17,225.9,224.10000000000002,1.8000000000000016,17,16.61,0.10588235294117657,0.39000000000000057,FALSE,13.182352941176472
2022,00-0034011,Dan Arnold,TE,10,22.5,20.209999999999997,2.289999999999999,0,0.11999999999999998,0.22899999999999993,-0.11999999999999998,FALSE,2.021
2022,00-0034054,River Cracraft,WR,8,31.200000000000003,28.1,3.1000000000000005,2,1.47,0.38750000000000007,0.53,FALSE,3.5125
2022,00-0034104,Cam Sims,WR,12,16.900000000000002,31.540000000000003,-14.639999999999999,0,1.1400000000000001,-1.22,-1.1400000000000001,FALSE,2.6283333333333334
2022,00-0034115,Jeffery Wilson,RB,17,169.1,175.69,-6.5900000000000025,7,7.239999999999998,-0.38764705882352957,-0.23999999999999844,FALSE,10.33470588235294
2022,00-0034159,Will Dissly,TE,15,86.90000000000002,62.989999999999995,23.910000000000004,3,1.2600000000000002,1.5940000000000003,1.7399999999999998,TRUE,4.199333333333333
2022,00-0034184,Gus Edwards,RB,10,65.5,65.55,-0.049999999999999156,3,3.26,-0.004999999999999916,-0.2599999999999998,FALSE,6.555
2022,00-0034208,Mike Boone,RB,8,28.8,33.86,-5.0600000000000005,0,0.5700000000000001,-0.6325000000000001,-0.5700000000000001,FALSE,4.2325
2022,00-0034253,Dontrell Hilliard,RB,11,77.2,51.46,25.740000000000006,4,1.2100000000000002,2.3400000000000003,2.79,TRUE,4.678181818181819
2022,00-0034270,Tyler Conklin,TE,17,131.50000000000003,130.73000000000002,0.7700000000000005,3,2.4299999999999993,0.04529411764705885,0.5700000000000007,FALSE,7.690000000000001
2022,00-0034272,Marquez Valdes-Scantling,WR,20,153.6,171.75999999999996,-18.160000000000004,4,5.539999999999998,-0.9080000000000001,-1.5399999999999983,FALSE,8.587999999999997
2022,00-0034279,Equanimeous St. Brown,WR,16,63.00000000000001,64.88,-1.8799999999999981,1,1.2200000000000004,-0.11749999999999988,-0.22000000000000042,FALSE,4.055
2022,00-0034286,Richie James,WR,16,157.7,131.65000000000003,26.049999999999997,4,1.95,1.6281249999999998,2.05,TRUE,8.228125000000002
2022,00-0034297,Byron Pringle,WR,8,35.5,27.690000000000005,7.809999999999999,2,1.11,0.9762499999999998,0.8899999999999999,FALSE,3.4612500000000006
2022,00-0034348,Courtland Sutton,WR,15,159.4,183.54999999999998,-24.150000000000002,2,6.290000000000001,-1.61,-4.290000000000001,FALSE,12.236666666666666
2022,00-0034351,Dallas Goedert,TE,15,177.30000000000004,148.78,28.519999999999996,4,3.25,1.901333333333333,0.75,TRUE,9.918666666666667
2022,00-0034364,Jordan Akins,TE,15,116.5,90.59,25.909999999999997,5,2.9099999999999997,1.7273333333333332,2.0900000000000003,TRUE,6.0393333333333334
2022,00-0034365,Ian Thomas,TE,13,40.7,44.3,-3.6,0,0.28,-0.27692307692307694,-0.28,FALSE,3.4076923076923076
2022,00-0034367,Nyheim Hines,RB,17,72.5,79.61,-7.11,2,2.61,-0.4182352941176471,-0.6099999999999999,FALSE,4.682941176470588
2022,00-0034383,Dalton Schultz,TE,17,184.9,192.20000000000002,-7.300000000000008,8,7.0600000000000005,-0.4294117647058828,0.9399999999999995,FALSE,11.305882352941177
2022,00-0034386,Justin Watson,WR,19,64.50000000000001,73.62000000000002,-9.120000000000001,2,2.8899999999999992,-0.48000000000000004,-0.8899999999999992,FALSE,3.874736842105264
2022,00-0034407,Ray-Ray McCloud,WR,14,58.1,44.45,13.649999999999999,2,0.9500000000000002,0.9749999999999999,1.0499999999999998,FALSE,3.1750000000000003
2022,00-0034411,Russell Gage,WR,14,126.59999999999998,135.14,-8.54,5,5.44,-0.61,-0.4400000000000004,FALSE,9.652857142857142
2022,00-0034414,Boston Scott,RB,16,66.19999999999999,63.93,2.2700000000000014,5,4.02,0.14187500000000008,0.9800000000000004,FALSE,3.995625
2022,00-0034418,Cedrick Wilson,WR,10,28.799999999999997,31.090000000000003,-2.2900000000000014,0,0.32000000000000006,-0.22900000000000015,-0.32000000000000006,FALSE,3.1090000000000004
2022,00-0034419,Braxton Berrios,WR,15,57.68,57.44,0.24,3,2.01,0.016,0.9900000000000002,FALSE,3.829333333333333
2022,00-0034440,Justin Jackson,RB,12,51.10000000000001,57.08999999999999,-5.989999999999998,2,1.8900000000000003,-0.49916666666666654,0.10999999999999965,FALSE,4.757499999999999
2022,00-0034487,Trent Sherfield,WR,17,83.7,90.68000000000002,-6.979999999999999,2,2.53,-0.4105882352941176,-0.5299999999999998,FALSE,5.334117647058825
2022,00-0034521,Allen Lazard,WR,15,174.79999999999998,183.75,-8.950000000000001,6,7.379999999999999,-0.5966666666666668,-1.379999999999999,FALSE,12.25
2022,00-0034646,Brandon Powell,WR,16,47.60000000000001,60.99,-13.389999999999999,0,1.8,-0.8368749999999999,-1.8,FALSE,3.811875
2022,00-0034681,Chase Edmonds,RB,13,74.2,76.64000000000001,-2.4399999999999986,3,2.2399999999999998,-0.18769230769230758,0.7600000000000002,FALSE,5.895384615384616
2022,00-0034753,Mark Andrews,TE,16,202.79999999999998,223.69000000000003,-20.889999999999997,5,7.059999999999998,-1.3056249999999998,-2.059999999999998,FALSE,13.980625000000002
2022,00-0034764,Michael Gallup,WR,16,121,150.77,-29.769999999999992,5,5.77,-1.8606249999999995,-0.7699999999999996,FALSE,9.423125
2022,00-0034765,Tre'Quan Smith,WR,9,52.8,46.24999999999999,6.550000000000001,1,1.18,0.7277777777777779,-0.17999999999999994,FALSE,5.138888888888888
2022,00-0034775,Christian Kirk,WR,19,283.09999999999997,280.21,2.890000000000007,10,8.36,0.1521052631578951,1.6400000000000006,FALSE,14.747894736842104
2022,00-0034777,D.J. Chark,WR,11,98.19999999999999,100.03,-1.8300000000000036,3,3.1199999999999997,-0.16636363636363669,-0.11999999999999966,FALSE,9.093636363636364
2022,00-0034791,Nick Chubb,RB,17,281.4,232.15,49.250000000000014,13,7.959999999999999,2.8970588235294126,5.040000000000001,TRUE,13.655882352941177
2022,00-0034796,Lamar Jackson,QB,12,238.07999999999998,256.63,-18.549999999999997,20,26.660000000000004,-1.5458333333333332,-6.660000000000004,FALSE,21.385833333333334
2022,00-0034798,Durham Smythe,TE,13,43,36.190000000000005,6.81,2,1.4,0.5238461538461539,0.6000000000000001,FALSE,2.783846153846154
2022,00-0034827,D.J. Moore,WR,17,199.50000000000003,206.72000000000006,-7.220000000000005,7,5.950000000000001,-0.4247058823529415,1.049999999999999,FALSE,12.160000000000004
2022,00-0034829,Mike Gesicki,TE,18,107.69999999999999,109.02999999999999,-1.3300000000000005,6,4.889999999999999,-0.07388888888888892,1.1100000000000012,FALSE,6.057222222222221
2022,00-0034830,Hayden Hurst,TE,16,136.5,143.29000000000002,-6.790000000000002,3,4.35,-0.4243750000000001,-1.3499999999999996,FALSE,8.955625000000001
2022,00-0034844,Saquon Barkley,RB,18,322.09999999999997,302.27000000000004,19.83000000000001,12,9.250000000000002,1.1016666666666672,2.7499999999999982,FALSE,16.79277777777778
2022,00-0034845,NA,NA,10,24.9,42.74999999999999,-17.849999999999998,0,1.3000000000000003,-1.7849999999999997,-1.3000000000000003,FALSE,4.2749999999999995
2022,00-0034854,KhaDarel Hodge,WR,9,41.199999999999996,34.39,6.810000000000001,1,0.52,0.7566666666666668,0.48,FALSE,3.821111111111111
2022,00-0034855,Baker Mayfield,QB,12,123.58000000000001,138.22000000000003,-14.640000000000004,11,11.08,-1.2200000000000004,-0.08000000000000007,FALSE,11.518333333333336
2022,00-0034857,Josh Allen,QB,18,442.8,455.23,-12.429999999999998,46,48.79999999999999,-0.6905555555555555,-2.79999999999999,FALSE,25.290555555555557
2022,00-0034860,Dante Pettis,WR,14,65.2,62.51000000000001,2.689999999999997,3,1.5999999999999999,0.19214285714285692,1.4000000000000001,FALSE,4.465000000000001
2022,00-0034928,Steven Sims,WR,11,31.4,39.99999999999999,-8.6,0,0.53,-0.7818181818181817,-0.53,FALSE,3.636363636363636
2022,00-0034959,Andrew Beck,TE,8,11.9,19.54,-7.640000000000001,0,0.45000000000000007,-0.9550000000000001,-0.45000000000000007,FALSE,2.4425
2022,00-0034960,Jakobi Meyers,WR,14,184.3,163.17000000000002,21.129999999999992,6,3.7,1.5092857142857137,2.3,TRUE,11.655000000000001
2022,00-0034970,Irv Smith,TE,9,62.49999999999999,66.58,-4.080000000000001,3,2.5300000000000002,-0.4533333333333334,0.46999999999999975,FALSE,7.397777777777778
2022,00-0034972,Alexander Mattison,RB,18,89.6,78.63999999999999,10.960000000000003,6,3.6399999999999992,0.608888888888889,2.3600000000000008,FALSE,4.368888888888888
2022,00-0034975,Justice Hill,RB,14,45,47.11,-2.1099999999999994,0,0.64,-0.15071428571428566,-0.64,FALSE,3.3649999999999998
2022,00-0034981,Foster Moreau,TE,14,87,91.69000000000001,-4.6899999999999995,2,2.0999999999999996,-0.33499999999999996,-0.09999999999999964,FALSE,6.549285714285715
2022,00-0034983,Hunter Renfrow,WR,10,79,79.38,-0.3800000000000008,2,0.9500000000000001,-0.038000000000000075,1.0499999999999998,FALSE,7.938
2022,00-0035125,Alec Ingold,RB,12,38.3,44.02,-5.72,2,1.5100000000000002,-0.4766666666666666,0.48999999999999977,FALSE,3.6683333333333334
2022,00-0035140,Mecole Hardman,WR,9,97.50000000000001,79.03000000000002,18.47,6,3.91,2.052222222222222,2.09,FALSE,8.781111111111112
2022,00-0035208,Olamide Zaccheaus,WR,16,110,100.32999999999998,9.670000000000007,3,1.95,0.6043750000000004,1.05,FALSE,6.270624999999999
2022,00-0035216,Diontae Johnson,WR,17,178.70000000000002,239.44000000000005,-60.739999999999995,0,6.58,-3.572941176470588,-6.58,FALSE,14.084705882352944
2022,00-0035222,Zach Gentry,TE,14,32.2,37.53,-5.329999999999998,0,1.1500000000000001,-0.3807142857142856,-1.1500000000000001,FALSE,2.6807142857142856
2022,00-0035228,Kyler Murray,QB,11,200.52,226.48,-25.959999999999994,17,19.64,-2.3599999999999994,-2.6400000000000006,FALSE,20.58909090909091
2022,00-0035229,T.J. Hockenson,TE,18,239.3,247.94000000000003,-8.640000000000004,6,7.149999999999999,-0.4800000000000002,-1.1499999999999986,FALSE,13.774444444444446
2022,00-0035243,Miles Sanders,RB,20,244.80000000000004,238.85000000000002,5.950000000000003,13,10.629999999999997,0.29750000000000015,2.3700000000000028,FALSE,11.9425
2022,00-0035249,Josh Oliver,TE,13,45.5,50.989999999999995,-5.49,2,2.51,-0.42230769230769233,-0.5099999999999998,FALSE,3.922307692307692
2022,00-0035250,Devin Singletary,RB,18,193.9,218.10000000000002,-24.200000000000006,6,8.82,-1.3444444444444448,-2.8200000000000003,FALSE,12.116666666666667
2022,00-0035261,Tony Pollard,RB,18,266,221.43,44.56999999999999,12,7.1899999999999995,2.476111111111111,4.8100000000000005,TRUE,12.301666666666668
2022,00-0035298,Scott Miller,WR,11,42.300000000000004,70.34,-28.040000000000003,0,1.86,-2.5490909090909093,-1.86,FALSE,6.3945454545454545
2022,00-0035341,Trenton Irwin,WR,11,67.1,51.39999999999999,15.700000000000001,4,2.4699999999999998,1.4272727272727275,1.5300000000000002,FALSE,4.672727272727272
2022,00-0035500,Greg Dortch,WR,11,115.1,104.11,10.99,2,2.2,0.9990909090909091,-0.20000000000000018,FALSE,9.464545454545455
2022,00-0035535,Darius Slayton,WR,15,142.9,141.52999999999997,1.3700000000000028,2,2.5000000000000004,0.09133333333333352,-0.5000000000000004,FALSE,9.43533333333333
2022,00-0035537,Ty Johnson,RB,10,42.800000000000004,46.51,-3.7100000000000004,1,0.31000000000000005,-0.37100000000000005,0.69,FALSE,4.651
2022,00-0035547,Joe Fortson,TE,10,31.800000000000004,32.05,-0.2500000000000011,2,2.41,-0.025000000000000112,-0.41000000000000014,FALSE,3.2049999999999996
2022,00-0035572,Parker Hesse,TE,9,17.900000000000002,15.57,2.33,0,0.30000000000000004,0.2588888888888889,-0.30000000000000004,FALSE,1.73
2022,00-0035594,Travis Homer,RB,8,43.10000000000001,35.11,7.989999999999998,1,0.54,0.9987499999999998,0.45999999999999996,FALSE,4.38875
2022,00-0035639,Parris Campbell,WR,17,149.10000000000002,135.68,13.42,3,2.3200000000000003,0.7894117647058824,0.6799999999999997,FALSE,7.9811764705882355
2022,00-0035640,DK Metcalf,WR,18,262.40000000000003,284.70000000000005,-22.300000000000004,8,11.520000000000001,-1.2388888888888892,-3.5200000000000014,FALSE,15.81666666666667
2022,00-0035644,Noah Fant,TE,18,124.70000000000002,117.73000000000002,6.970000000000001,4,4.24,0.38722222222222225,-0.2400000000000002,FALSE,6.540555555555557
2022,00-0035645,Gunner Olszewski,WR,10,14.200000000000001,14.22,-0.02000000000000013,0,0.27,-0.002000000000000013,-0.27,FALSE,1.4220000000000002
2022,00-0035657,Damien Harris,RB,11,90.9,95.89,-4.99,3,3.6700000000000004,-0.45363636363636367,-0.6700000000000004,FALSE,8.717272727272727
2022,00-0035659,Terry McLaurin,WR,17,229,197.34,31.66,5,4.31,1.8623529411764705,0.6900000000000004,TRUE,11.608235294117648
2022,00-0035662,Marquise Brown,WR,12,156,182.93,-26.929999999999996,3,4.239999999999999,-2.244166666666666,-1.2399999999999993,FALSE,15.244166666666667
2022,00-0035664,NA,NA,10,73.50000000000001,77.37,-3.8699999999999988,3,2.7199999999999998,-0.3869999999999999,0.28000000000000025,FALSE,7.737
2022,00-0035676,A.J. Brown,WR,20,333.2,303.7,29.499999999999996,12,9.670000000000002,1.4749999999999999,2.3299999999999983,TRUE,15.184999999999999
2022,00-0035685,David Montgomery,RB,16,177.7,171.32000000000002,6.380000000000001,6,4.85,0.39875000000000005,1.1500000000000004,FALSE,10.707500000000001
2022,00-0035689,Dawson Knox,TE,17,158.2,141.04000000000002,17.160000000000004,7,5.29,1.0094117647058827,1.71,FALSE,8.296470588235294
2022,00-0035700,Josh Jacobs,RB,17,328.29999999999995,293.23999999999995,35.06,12,9.67,2.0623529411764707,2.33,TRUE,17.24941176470588
2022,00-0035710,Daniel Jones,QB,18,326.64000000000004,302.04,24.6,24,22.56,1.3666666666666667,1.4400000000000013,TRUE,16.78
2022,00-0035719,Deebo Samuel,WR,16,209.90000000000003,233.01,-23.110000000000003,6,6.309999999999999,-1.4443750000000002,-0.3099999999999987,FALSE,14.563125
2022,00-0035771,Mitchell Wilcox,TE,11,40.8,34.39,6.41,1,0.25,0.5827272727272728,0.75,FALSE,3.1263636363636365
2022,00-0035806,Jamycal Hasty,RB,15,75.3,70.67000000000002,4.629999999999999,3,2.0999999999999996,0.3086666666666666,0.9000000000000004,FALSE,4.711333333333334
2022,00-0035831,James Robinson,RB,11,88.60000000000001,87.81,0.7900000000000043,5,3.869999999999999,0.07181818181818221,1.1300000000000008,FALSE,7.982727272727273
2022,00-0035864,Kendall Hinton,WR,11,56.400000000000006,47.989999999999995,8.41,0,0.74,0.7645454545454545,-0.74,FALSE,4.362727272727272
2022,00-0036040,Juwan Johnson,TE,16,134.8,113.95000000000002,20.84999999999999,7,3.5,1.3031249999999994,3.5,TRUE,7.121875000000001
2022,00-0036145,Lawrence Cager,TE,8,34.800000000000004,33.86,0.9400000000000006,1,0.7,0.11750000000000008,0.30000000000000004,FALSE,4.2325
2022,00-0036158,J.K. Dobbins,RB,9,101.7,87.26000000000002,14.44,4,3.9099999999999997,1.6044444444444443,0.0900000000000003,FALSE,9.695555555555558
2022,00-0036165,Isaiah Hodgins,WR,11,126,102.16999999999999,23.83,5,3.2199999999999998,2.166363636363636,1.7800000000000002,TRUE,9.288181818181817
2022,00-0036182,Nick Westbrook-Ikhine,WR,15,82.7,81,1.7000000000000002,3,2.19,0.11333333333333334,0.81,FALSE,5.4
2022,00-0036196,Gabe Davis,WR,17,200.3,213.17000000000004,-12.870000000000003,8,8.530000000000001,-0.7570588235294119,-0.5300000000000011,FALSE,12.539411764705886
2022,00-0036212,Tua Tagovailoa,QB,13,232.92000000000002,202.77,30.15000000000001,25,19.419999999999998,2.31923076923077,5.580000000000002,TRUE,15.59769230769231
2022,00-0036219,Marquez Callaway,WR,10,37.800000000000004,55.16,-17.36,1,2.07,-1.736,-1.0699999999999998,FALSE,5.516
2022,00-0036223,Jonathan Taylor,RB,11,146.4,174.52999999999997,-28.130000000000006,4,6.109999999999999,-2.557272727272728,-2.1099999999999994,FALSE,15.866363636363634
2022,00-0036232,Harrison Bryant,TE,14,61.7,74.2,-12.499999999999998,1,2.4499999999999993,-0.8928571428571427,-1.4499999999999993,FALSE,5.3
2022,00-0036233,Donovan Peoples-Jones,WR,17,161.1,166.43,-5.329999999999999,3,5.540000000000001,-0.31352941176470583,-2.540000000000001,FALSE,9.790000000000001
2022,00-0036244,Colby Parkinson,TE,15,73.60000000000002,71.00999999999999,2.5900000000000034,2,2.4799999999999995,0.17266666666666688,-0.47999999999999954,FALSE,4.733999999999999
2022,00-0036251,Zack Moss,RB,13,64.5,76.07,-11.570000000000004,1,3,-0.8900000000000003,-2,FALSE,5.851538461538461
2022,00-0036252,Michael Pittman,WR,16,216.49999999999997,228.22999999999996,-11.729999999999995,4,4.859999999999999,-0.7331249999999997,-0.8599999999999994,FALSE,14.264374999999998
2022,00-0036255,Denzel Mims,WR,9,29.6,37.45,-7.8500000000000005,0,0.21,-0.8722222222222222,-0.21,FALSE,4.161111111111111
2022,00-0036259,Jauan Jennings,WR,18,93.29999999999997,103.27000000000002,-9.970000000000002,1,2.6599999999999997,-0.553888888888889,-1.6599999999999997,FALSE,5.737222222222224
2022,00-0036261,Brandon Aiyuk,WR,20,244.7,217.7999999999999,26.900000000000016,8,5.169999999999999,1.3450000000000009,2.830000000000001,TRUE,10.889999999999995
2022,00-0036265,A.J. Dillon,RB,17,167.60000000000002,186.59,-18.989999999999995,7,8.069999999999999,-1.1170588235294114,-1.0699999999999985,FALSE,10.975882352941177
2022,00-0036268,Laviska Shenault,WR,13,72.7,49.84000000000001,22.86,2,0.39,1.7584615384615385,1.6099999999999999,TRUE,3.833846153846155
2022,00-0036271,Quez Watkins,WR,18,84.30000000000001,95.44,-11.140000000000002,3,2.57,-0.618888888888889,0.43000000000000016,FALSE,5.302222222222222
2022,00-0036275,D'Andre Swift,RB,14,189.7,182.28000000000003,7.4200000000000035,8,7.21,0.5300000000000002,0.79,FALSE,13.020000000000001
2022,00-0036290,Cole Kmet,TE,17,147.29999999999998,111.06,36.239999999999995,7,2.38,2.1317647058823526,4.62,TRUE,6.5329411764705885
2022,00-0036309,Darnell Mooney,WR,11,101.50000000000001,104.08,-2.580000000000002,2,3.2700000000000005,-0.23454545454545472,-1.2700000000000005,FALSE,9.461818181818181
2022,00-0036322,Justin Jefferson,WR,18,378.28000000000003,355.16999999999996,23.11,9,12.31,1.2838888888888889,-3.3100000000000005,TRUE,19.731666666666666
2022,00-0036326,Chase Claypool,WR,15,105.64,129.25,-23.61,2,3.0899999999999994,-1.574,-1.0899999999999994,FALSE,8.616666666666667
2022,00-0036328,Antonio Gibson,RB,15,165.9,185.09000000000003,-19.189999999999984,5,7.58,-1.2793333333333323,-2.58,FALSE,12.339333333333336
2022,00-0036331,Devin Duvernay,WR,14,110.1,102.27000000000001,7.830000000000004,4,4.5,0.5592857142857145,-0.5,FALSE,7.305000000000001
2022,00-0036332,Josiah Deguara,TE,9,24.4,22.91,1.49,0,0.09,0.16555555555555557,-0.09,FALSE,2.5455555555555556
2022,00-0036345,K.J. Osborn,WR,18,165.6,160.26,5.339999999999994,6,4.590000000000001,0.2966666666666663,1.4099999999999993,FALSE,8.903333333333332
2022,00-0036355,Justin Herbert,QB,18,302.81999999999994,385.81,-82.99000000000002,26,44.33,-4.610555555555557,-18.33,FALSE,21.433888888888887
2022,00-0036358,CeeDee Lamb,WR,19,340.70000000000005,312.07000000000005,28.630000000000006,10,7.369999999999999,1.5068421052631582,2.630000000000001,TRUE,16.424736842105265
2022,00-0036360,Clyde Edwards-Helaire,RB,10,98.30000000000001,94.47000000000001,3.8299999999999943,6,5.26,0.38299999999999945,0.7400000000000002,FALSE,9.447000000000001
2022,00-0036370,Joshua Kelley,RB,13,68.6,87.24999999999999,-18.650000000000002,2,3.18,-1.4346153846153848,-1.1800000000000002,FALSE,6.711538461538461
2022,00-0036383,Eno Benjamin,RB,12,89.6,95.25999999999999,-5.660000000000002,2,2.329999999999999,-0.47166666666666685,-0.3299999999999992,FALSE,7.938333333333333
2022,00-0036387,Jalen Reagor,WR,10,26.900000000000002,29.7,-2.8000000000000007,1,1.1600000000000001,-0.2800000000000001,-0.16000000000000014,FALSE,2.9699999999999998
2022,00-0036389,Jalen Hurts,QB,18,462.05999999999995,448.39000000000004,13.67,43,43.309999999999995,0.7594444444444445,-0.30999999999999517,FALSE,24.910555555555558
2022,00-0036407,Jerry Jeudy,WR,15,204.2,167.44,36.760000000000005,6,5.08,2.450666666666667,0.9199999999999999,TRUE,11.162666666666667
2022,00-0036410,Tee Higgins,WR,17,256.70000000000005,219.02,37.68000000000002,8,5.83,2.2164705882352953,2.17,TRUE,12.883529411764707
2022,00-0036414,Cam Akers,RB,15,141.29999999999998,145.99,-4.690000000000001,7,7.29,-0.31266666666666676,-0.29000000000000004,FALSE,9.732666666666667
2022,00-0036415,Van Jefferson,WR,10,78.89999999999999,78.10000000000001,0.7999999999999994,3,2.17,0.07999999999999993,0.8300000000000001,FALSE,7.8100000000000005
2022,00-0036422,Adam Trautman,TE,12,44.699999999999996,35.589999999999996,9.11,1,0.75,0.7591666666666667,0.25,FALSE,2.965833333333333
2022,00-0036425,DeeJay Dallas,RB,12,47.5,52.63000000000001,-5.130000000000002,0,1.3900000000000001,-0.42750000000000016,-1.3900000000000001,FALSE,4.385833333333334
2022,00-0036442,Joe Burrow,QB,19,412.54,398.19,14.349999999999998,45,43.7,0.7552631578947367,1.2999999999999972,FALSE,20.95736842105263
2022,00-0036493,Deon Jackson,RB,12,84.5,84.09,0.41000000000000014,2,1.7900000000000003,0.03416666666666668,0.20999999999999974,FALSE,7.0075
2022,00-0036534,Shane Zylstra,TE,8,41.00000000000001,31.380000000000003,9.620000000000003,4,2,1.2025000000000003,2,FALSE,3.9225000000000003
2022,00-0036554,Nico Collins,WR,10,97.10000000000001,110.00999999999999,-12.91,2,2.7800000000000002,-1.291,-0.7800000000000002,FALSE,11.001
2022,00-0036555,Chuba Hubbard,RB,12,87.3,76.24000000000001,11.059999999999999,2,1.96,0.9216666666666665,0.040000000000000036,FALSE,6.353333333333334
2022,00-0036556,Brevin Jordan,TE,9,26.799999999999997,44.45,-17.650000000000002,0,0.69,-1.9611111111111112,-0.69,FALSE,4.938888888888889
2022,00-0036569,Gary Brightwell,RB,9,29.999999999999996,31,-1.000000000000003,1,1.1900000000000002,-0.11111111111111145,-0.19000000000000017,FALSE,3.4444444444444446
2022,00-0036572,Shi Smith,WR,15,61.6,65.86,-4.260000000000005,2,1.4300000000000002,-0.28400000000000036,0.5699999999999998,FALSE,4.390666666666666
2022,00-0036590,Quintin Morris,TE,8,24.200000000000003,27.79,-3.589999999999997,1,1.4200000000000002,-0.44874999999999965,-0.42000000000000015,FALSE,3.47375
2022,00-0036613,Jaylen Waddle,WR,18,267.4,220.04999999999998,47.35000000000001,8,4.370000000000001,2.630555555555556,3.629999999999999,TRUE,12.225
2022,00-0036620,D'Wayne Eskridge,WR,8,13.800000000000002,22.91,-9.11,0,0.6100000000000001,-1.13875,-0.6100000000000001,FALSE,2.86375
2022,00-0036628,John Bates,TE,9,30.800000000000004,36.36,-5.559999999999999,1,1.1300000000000001,-0.6177777777777776,-0.13000000000000012,FALSE,4.04
2022,00-0036637,Noah Gray,TE,20,76.70000000000002,70.75999999999999,5.94,2,2.13,0.29700000000000004,-0.1299999999999999,FALSE,3.5379999999999994
2022,00-0036741,Jack Stoll,TE,10,24.8,26.97,-2.1700000000000017,0,0.7000000000000001,-0.21700000000000016,-0.7000000000000001,FALSE,2.697
2022,00-0036754,Brock Wright,TE,13,63.60000000000001,45.33,18.270000000000003,4,1.9600000000000002,1.4053846153846157,2.04,FALSE,3.486923076923077
2022,00-0036829,Caleb Huntley,RB,12,44.900000000000006,49.720000000000006,-4.8199999999999985,1,2.27,-0.40166666666666656,-1.27,FALSE,4.1433333333333335
2022,00-0036849,Tutu Atwell,WR,12,63.199999999999996,69.83999999999999,-6.640000000000002,2,2.24,-0.5533333333333336,-0.2400000000000002,FALSE,5.819999999999999
2022,00-0036862,Ben Skowronek,WR,14,84.3,95.44999999999999,-11.149999999999999,1,1.2700000000000002,-0.7964285714285714,-0.27000000000000024,FALSE,6.817857142857142
2022,00-0036875,Rhamondre Stevenson,RB,17,247.1,261.68,-14.58,6,8.350000000000001,-0.8576470588235294,-2.3500000000000014,FALSE,15.392941176470588
2022,00-0036876,Kylen Granson,TE,13,61.199999999999996,60.709999999999994,0.48999999999999666,0,0.5,0.037692307692307435,-0.5,FALSE,4.67
2022,00-0036893,Najee Harris,RB,17,225.86,237.75,-11.890000000000002,10,9.580000000000002,-0.6994117647058825,0.41999999999999815,FALSE,13.985294117647058
2022,00-0036894,Pat Freiermuth,TE,15,148.2,151.52000000000004,-3.3200000000000043,2,3.44,-0.22133333333333363,-1.44,FALSE,10.101333333333336
2022,00-0036898,Davis Mills,QB,15,185.51999999999998,200.31,-14.790000000000006,19,18.339999999999996,-0.9860000000000004,0.6600000000000037,FALSE,13.354000000000001
2022,00-0036900,Ja'Marr Chase,WR,15,296.69999999999993,290.24,6.460000000000008,11,10.13,0.4306666666666672,0.8699999999999992,FALSE,19.349333333333334
2022,00-0036906,Khalil Herbert,RB,13,117.8,94.18999999999998,23.61,5,3.86,1.816153846153846,1.1400000000000001,TRUE,7.245384615384614
2022,00-0036912,DeVonta Smith,WR,20,299.70000000000005,274.15999999999997,25.54000000000001,8,6.869999999999999,1.2770000000000006,1.1300000000000008,TRUE,13.707999999999998
2022,00-0036913,Kadarius Toney,WR,12,78.7,63.18,15.519999999999998,4,2.63,1.2933333333333332,1.37,FALSE,5.265
2022,00-0036919,Kenneth Gainwell,RB,20,124.5,127.57000000000001,-3.070000000000006,5,6.31,-0.1535000000000003,-1.3099999999999996,FALSE,6.378500000000001
2022,00-0036924,Michael Carter,RB,16,125.99999999999999,139.82,-13.82,3,4.069999999999999,-0.86375,-1.0699999999999994,FALSE,8.73875
2022,00-0036936,Rondale Moore,WR,8,87.9,90.80999999999999,-2.909999999999998,1,1.7000000000000002,-0.36374999999999974,-0.7000000000000002,FALSE,11.351249999999999
2022,00-0036945,Justin Fields,QB,15,299.62,261.09000000000003,38.52999999999999,25,19.639999999999997,2.5686666666666658,5.360000000000003,TRUE,17.406000000000002
2022,00-0036950,Avery Williams,RB,14,36,35.34,0.6599999999999981,1,0.9900000000000001,0.04714285714285701,0.009999999999999898,FALSE,2.5242857142857145
2022,00-0036955,Terrace Marshall,WR,13,82.99999999999999,77.94000000000001,5.059999999999998,1,2.709999999999999,0.38923076923076905,-1.709999999999999,FALSE,5.995384615384617
2022,00-0036963,Amon-Ra St. Brown,WR,16,267.59999999999997,258.82,8.779999999999994,6,6.859999999999999,0.5487499999999996,-0.8599999999999994,FALSE,16.17625
2022,00-0036970,Kyle Pitts,TE,10,75.6,108.55999999999999,-32.959999999999994,2,3.3899999999999997,-3.2959999999999994,-1.3899999999999997,FALSE,10.855999999999998
2022,00-0036971,Trevor Lawrence,QB,19,341.34,350.01000000000005,-8.669999999999993,35,36.63999999999999,-0.45631578947368384,-1.6399999999999935,FALSE,18.421578947368424
2022,00-0036972,Mac Jones,QB,14,172.07999999999998,199.73000000000002,-27.649999999999995,15,17.93,-1.9749999999999996,-2.9299999999999997,FALSE,14.266428571428573
2022,00-0036973,Travis Etienne,RB,19,235,234.57999999999998,0.4200000000000008,6,10.190000000000001,0.02210526315789478,-4.190000000000001,FALSE,12.346315789473683
2022,00-0036980,Elijah Moore,WR,14,88.50000000000001,107.57,-19.069999999999993,1,2.2599999999999993,-1.3621428571428567,-1.2599999999999993,FALSE,7.683571428571428
2022,00-0036988,Josh Palmer,WR,17,174.4,191.38000000000002,-16.979999999999997,3,4.949999999999999,-0.9988235294117646,-1.9499999999999993,FALSE,11.257647058823531
2022,00-0036991,Amari Rodgers,WR,9,43.70000000000001,41.23,2.4700000000000006,1,0.7400000000000001,0.2744444444444445,0.2599999999999999,FALSE,4.5811111111111105
2022,00-0037005,Tommy Tremble,TE,14,54.400000000000006,62.57000000000001,-8.17,3,3.58,-0.5835714285714285,-0.5800000000000001,FALSE,4.469285714285715
2022,00-0037011,Tre' McKitty,TE,9,20.800000000000004,38.18,-17.38,0,1.84,-1.931111111111111,-1.84,FALSE,4.242222222222222
2022,00-0037013,Zach Wilson,QB,9,100.91999999999999,115.72000000000001,-14.800000000000004,8,10.040000000000001,-1.6444444444444448,-2.040000000000001,FALSE,12.857777777777779
2022,00-0037197,Isiah Pacheco,RB,19,159.6,159.85000000000002,-0.25000000000000266,5,6.940000000000001,-0.013157894736842245,-1.9400000000000013,FALSE,8.413157894736843
2022,00-0037228,Jaylen Warren,RB,16,93.3,85.97,7.330000000000004,1,2.18,0.4581250000000002,-1.1800000000000002,FALSE,5.373125
2022,00-0037238,Drake London,WR,17,178.6,203.01000000000002,-24.41,4,6.109999999999999,-1.4358823529411764,-2.1099999999999994,FALSE,11.941764705882354
2022,00-0037239,Chris Olave,WR,15,198.2,194.85,3.3499999999999934,4,3.4699999999999998,0.22333333333333288,0.5300000000000002,FALSE,12.99
2022,00-0037247,George Pickens,WR,17,166.5,142.04,24.46,5,4.09,1.4388235294117648,0.9100000000000001,TRUE,8.355294117647059
2022,00-0037248,James Cook,RB,18,116.89999999999999,110.74000000000004,6.16,4,3.09,0.3422222222222222,0.9100000000000001,FALSE,6.152222222222225
2022,00-0037252,Greg Dulcich,TE,10,86.10000000000001,86.21999999999998,-0.12000000000000055,2,1.4199999999999997,-0.012000000000000056,0.5800000000000003,FALSE,8.621999999999998
2022,00-0037256,Rachaad White,RB,17,151.79999999999998,169.35000000000002,-17.55,3,3.849999999999999,-1.0323529411764707,-0.8499999999999992,FALSE,9.961764705882354
2022,00-0037257,David Bell,WR,14,45.4,50.09,-4.69,0,0.19,-0.335,-0.19,FALSE,3.5778571428571433
2022,00-0037258,Dameon Pierce,RB,13,166.40000000000003,183.02999999999997,-16.630000000000003,5,6.399999999999999,-1.2792307692307694,-1.3999999999999986,FALSE,14.079230769230767
2022,00-0037261,Khalil Shakir,WR,12,48.2,47.99,0.20999999999999996,1,1.2000000000000002,0.017499999999999998,-0.20000000000000018,FALSE,3.999166666666667
2022,00-0037263,Tyler Allgeier,RB,16,159.4,153.86999999999998,5.530000000000001,4,6.4300000000000015,0.34562500000000007,-2.4300000000000015,FALSE,9.616874999999999
2022,00-0037272,Montrell Washington,WR,9,7.200000000000001,19.029999999999998,-11.830000000000002,0,0.9100000000000001,-1.3144444444444447,-0.9100000000000001,FALSE,2.114444444444444
2022,00-0037282,James Mitchell,TE,8,28.3,20.2,8.100000000000001,1,0.68,1.0125000000000002,0.31999999999999995,FALSE,2.525
2022,00-0037299,Keaontay Ingram,RB,10,18.099999999999998,27.06000000000001,-8.960000000000003,1,1.5100000000000002,-0.8960000000000002,-0.5100000000000002,FALSE,2.706000000000001
2022,00-0037304,Connor Heyward,TE,8,35.800000000000004,30.660000000000004,5.139999999999999,1,1.29,0.6424999999999998,-0.29000000000000004,FALSE,3.8325000000000005
2022,00-0037311,Ko Kieft,TE,9,21,20.400000000000002,0.599999999999999,1,0.6900000000000001,0.06666666666666655,0.30999999999999994,FALSE,2.266666666666667
2022,00-0037327,Skylar Thompson,QB,8,30.560000000000002,51.45,-20.89,2,3.02,-2.61125,-1.02,FALSE,6.43125
2022,00-0037331,Zander Horvath,RB,8,18.6,19.63,-1.0300000000000011,2,1.42,-0.12875000000000014,0.5800000000000001,FALSE,2.45375
2022,00-0037429,Raheem Blackshear,RB,10,45.00000000000001,34.57,10.430000000000001,3,1.61,1.0430000000000001,1.39,FALSE,3.457
2022,00-0037525,Jordan Mason,RB,9,33,27.550000000000004,5.449999999999998,1,1.4,0.6055555555555554,-0.3999999999999999,FALSE,3.061111111111112
2022,00-0037545,Rashid Shaheed,WR,11,100.5,56.53999999999999,43.96,3,0.5900000000000001,3.9963636363636366,2.41,TRUE,5.14
2022,00-0037569,Peyton Hendershot,TE,9,39.5,33.04,6.459999999999999,3,1.6400000000000001,0.7177777777777776,1.3599999999999999,FALSE,3.671111111111111
2022,00-0037664,Alec Pierce,WR,16,112.3,125.07,-12.769999999999996,2,2.6,-0.7981249999999998,-0.6000000000000001,FALSE,7.816875
2022,00-0037740,Garrett Wilson,WR,17,216.00000000000003,230.16000000000005,-14.160000000000007,4,6.459999999999999,-0.8329411764705886,-2.459999999999999,FALSE,13.538823529411768
2022,00-0037741,Jahan Dotson,WR,12,130.6,101.35000000000001,29.249999999999996,7,3.5199999999999996,2.4374999999999996,3.4800000000000004,TRUE,8.445833333333335
2022,00-0037742,Treylon Burks,WR,11,88.1,88.32,-0.21999999999999975,1,2.2399999999999998,-0.019999999999999976,-1.2399999999999998,FALSE,8.02909090909091
2022,00-0037744,Trey McBride,TE,9,61.50000000000001,57.99,3.5100000000000016,1,0.6599999999999999,0.3900000000000002,0.3400000000000001,FALSE,6.443333333333333
2022,00-0037745,Velus Jones,WR,9,38,28,10,2,0.7200000000000002,1.1111111111111112,1.2799999999999998,FALSE,3.111111111111111
2022,00-0037746,Brian Robinson,RB,12,112.7,135.13,-22.43,3,5.529999999999999,-1.8691666666666666,-2.5299999999999994,FALSE,11.260833333333332
2022,00-0037755,Jelani Woods,TE,12,74.20000000000002,68.86,5.340000000000002,3,2.2100000000000004,0.4450000000000001,0.7899999999999996,FALSE,5.738333333333333
2022,00-0037809,Chigoziem Okonkwo,TE,15,97.20000000000002,79.91,17.29,3,2.49,1.1526666666666665,0.5099999999999998,FALSE,5.327333333333333
2022,00-0037816,Romeo Doubs,WR,13,101.6,113.86,-12.259999999999998,3,2.3899999999999997,-0.9430769230769229,0.6100000000000003,FALSE,8.758461538461539
2022,00-0037834,Brock Purdy,QB,12,151.42000000000002,130.73000000000002,20.689999999999998,18,14.48,1.7241666666666664,3.5199999999999996,TRUE,10.894166666666669
2022,00-0037838,Isaiah Likely,TE,14,91.3,101.25000000000003,-9.95,3,3.37,-0.7107142857142856,-0.3700000000000001,FALSE,7.232142857142859
2022,00-0037840,Kyren Williams,RB,8,30.5,33.87,-3.37,0,0.32000000000000006,-0.42125,-0.32000000000000006,FALSE,4.23375
2022,00-0038040,Zamir White,RB,11,7,9.169999999999998,-2.17,0,0.26,-0.19727272727272727,-0.26,FALSE,0.8336363636363635
2022,00-0038041,Jake Ferguson,TE,12,52.8,39.260000000000005,13.539999999999997,2,0.9400000000000001,1.1283333333333332,1.06,FALSE,3.271666666666667
2022,00-0038090,Skyy Moore,WR,16,55,70.89000000000001,-15.889999999999999,0,1.06,-0.9931249999999999,-1.06,FALSE,4.430625000000001
2022,00-0038102,Kenny Pickett,QB,13,151.85999999999999,197.55,-45.69,10,20.14,-3.5146153846153845,-10.14,FALSE,15.196153846153846
2022,00-0038104,Tyquan Thornton,WR,12,66.3,85.75,-19.450000000000006,3,3.4699999999999998,-1.6208333333333338,-0.46999999999999975,FALSE,7.145833333333333
2022,00-0038115,Daniel Bellinger,TE,13,86.10000000000001,65.91,20.19000000000001,4,1.6900000000000004,1.5530769230769237,2.3099999999999996,TRUE,5.069999999999999
2022,00-0038124,Christian Watson,WR,14,164.1,136.17,27.930000000000003,9,6.34,1.9950000000000003,2.66,TRUE,9.72642857142857
2022,00-0038129,Cade Otton,TE,15,102.9,120.27999999999999,-17.379999999999995,2,4.569999999999999,-1.1586666666666663,-2.5699999999999994,FALSE,8.018666666666666
2022,00-0038134,Kenneth Walker,RB,16,216.1,201.68,14.420000000000007,10,8.61,0.9012500000000004,1.3900000000000006,FALSE,12.605
2022,NA,NA,NA,414,21.4,1227.99,-1206.5900000000001,2,49.72999999999996,-2.9144685990338166,-47.72999999999996,FALSE,2.966159420289855
2023,00-0026498,Matthew Stafford,QB,16,265.7,296.34,-30.640000000000008,26,34.550000000000004,-1.9150000000000005,-8.550000000000004,FALSE,18.52125
2023,00-0027944,Julio Jones,WR,9,41.599999999999994,35.8,5.799999999999999,3,1.11,0.6444444444444444,1.89,FALSE,3.9777777777777774
2023,00-0028002,Randall Cobb,WR,9,16.9,24.820000000000004,-7.919999999999999,1,0.45999999999999996,-0.8799999999999999,0.54,FALSE,2.757777777777778
2023,00-0028118,Tyrod Taylor,QB,10,87.34,84.29,3.0499999999999963,5,5.63,0.3049999999999996,-0.6299999999999999,FALSE,8.429
2023,00-0029263,Russell Wilson,QB,15,264.90000000000003,257.55,7.350000000000001,29,29.30999999999999,0.4900000000000001,-0.3099999999999916,FALSE,17.17
2023,00-0029604,Kirk Cousins,QB,8,155.74,160.85999999999999,-5.120000000000001,18,19.589999999999996,-0.6400000000000001,-1.5899999999999963,FALSE,20.107499999999998
2023,00-0029701,Ryan Tannehill,QB,9,80.04,95.32,-15.280000000000001,5,8.72,-1.6977777777777778,-3.7200000000000006,FALSE,10.591111111111111
2023,00-0029892,Kyle Juszczyk,RB,12,49.39999999999999,48.09,1.3099999999999978,2,2.4599999999999995,0.10916666666666648,-0.4599999999999995,FALSE,4.0075
2023,00-0030035,Adam Thielen,WR,17,231,207.89,23.109999999999996,4,4.419999999999999,1.359411764705882,-0.41999999999999904,TRUE,12.228823529411764
2023,00-0030068,Marquise Goodwin,WR,11,14,27.41,-13.41,0,1,-1.219090909090909,-1,FALSE,2.4918181818181817
2023,00-0030279,Keenan Allen,WR,13,278.85999999999996,264.39,14.470000000000013,8,7.049999999999999,1.1130769230769242,0.9500000000000011,FALSE,20.337692307692308
2023,00-0030431,Robert Woods,WR,15,92.99999999999997,137.61,-44.61,1,3.4699999999999998,-2.9739999999999998,-2.4699999999999998,FALSE,9.174000000000001
2023,00-0030506,Travis Kelce,TE,19,305.40000000000003,276.72999999999996,28.669999999999998,8,8.33,1.5089473684210526,-0.33000000000000007,TRUE,14.564736842105262
2023,00-0030513,Latavius Murray,RB,17,91.89999999999999,112.17,-20.270000000000007,4,7.529999999999999,-1.192352941176471,-3.5299999999999994,FALSE,6.598235294117647
2023,00-0030564,DeAndre Hopkins,WR,17,223.6,222.82999999999998,0.7699999999999934,7,6.530000000000001,0.04529411764705843,0.46999999999999886,FALSE,13.10764705882353
2023,00-0030565,Geno Smith,QB,15,231.26000000000005,244.21,-12.950000000000008,21,25.959999999999997,-0.8633333333333338,-4.959999999999997,FALSE,16.28066666666667
2023,00-0030578,Cordarrelle Patterson,RB,12,36.900000000000006,54.06999999999999,-17.17,1,2.5200000000000005,-1.4308333333333334,-1.5200000000000005,FALSE,4.5058333333333325
2023,00-0031235,Odell Beckham Jr.,WR,16,114.90000000000002,136.52,-21.620000000000005,3,5.8,-1.3512500000000003,-2.8,FALSE,8.5325
2023,00-0031236,Brandin Cooks,WR,17,184.5,185.98,-1.4800000000000075,8,8.770000000000001,-0.0870588235294122,-0.77000000000000135,FALSE,10.94
2023,00-0031260,Logan Thomas,TE,16,126.8,128.67000000000002,-1.870000000000004,4,3.9699999999999998,-0.11687500000000026,0.03000000000000025,FALSE,8.041875000000001
2023,00-0031280,Derek Carr,QB,17,245.11999999999998,251.14,-6.02,25,27.599999999999998,-0.3541176470588235,-2.599999999999998,FALSE,14.772941176470587
2023,00-0031376,Jerick McKinnon,RB,13,87.85999999999999,69.22999999999999,18.629999999999995,6,2.36,1.4330769230769227,3.64,FALSE,5.325384615384615
2023,00-0031381,Davante Adams,WR,17,263.40000000000003,297.23,-33.83,8,8.63,-1.99,-0.6300000000000008,FALSE,17.484117647058824
2023,00-0031408,Mike Evans,WR,19,319,279.61000000000007,39.39000000000001,14,10.489999999999998,2.0731578947368425,3.5100000000000016,TRUE,14.716315789473688
2023,00-0031428,Allen Robinson,WR,16,65.2,76.72999999999999,-11.529999999999998,0,1.46,-0.7206249999999998,-1.46,FALSE,4.795624999999999
2023,00-0031544,Amari Cooper,WR,16,236.9,216.78,20.120000000000005,5,4.930000000000001,1.2575000000000003,0.0699999999999994,TRUE,13.54875
2023,00-0031547,DeVante Parker,WR,13,72.39999999999999,80.62999999999998,-8.23,0,0.9700000000000001,-0.6330769230769231,-0.9700000000000001,FALSE,6.2023076923076905
2023,00-0031549,Nelson Agholor,WR,18,111.20000000000002,91.33,19.869999999999997,5,2.95,1.1038888888888887,2.05,FALSE,5.073888888888889
2023,00-0031585,MyCole Pruitt,TE,9,25.999999999999996,22.92,3.08,1,1.3800000000000001,0.3422222222222222,-0.3800000000000001,FALSE,2.546666666666667
2023,00-0031588,Stefon Diggs,WR,19,291.8,296.00000000000006,-4.200000000000004,8,6.509999999999999,-0.22105263157894756,1.490000000000001,FALSE,15.578947368421055
2023,00-0031595,Michael Burton,RB,8,6.7,9.53,-2.8299999999999996,0,0.37000000000000005,-0.35374999999999995,-0.37000000000000005,FALSE,1.19125
2023,00-0031610,Darren Waller,TE,12,113.2,111.27,1.9299999999999993,1,1.4300000000000002,0.16083333333333327,-0.43000000000000016,FALSE,9.272499999999999
2023,00-0031687,Raheem Mostert,RB,16,271.70000000000005,223.73,47.97,21,13.93,2.998125,7.07,TRUE,13.983125
2023,00-0031763,DeAndre Carter,WR,8,9.7,13.149999999999999,-3.45,0,0.30000000000000004,-0.43125,-0.30000000000000004,FALSE,1.6437499999999998
2023,00-0032104,Ameer Abdullah,RB,16,41.00000000000001,44.57,-3.5700000000000003,0,0.7900000000000001,-0.22312500000000002,-0.7900000000000001,FALSE,2.785625
2023,00-0032211,Tyler Lockett,WR,17,202.39999999999998,208.97999999999996,-6.5799999999999965,5,6.32,-0.38705882352941157,-1.3200000000000003,FALSE,12.292941176470586
2023,00-0032385,Sterling Shepard,WR,10,22.3,41.699999999999996,-19.400000000000002,1,2.3800000000000003,-1.9400000000000002,-1.3800000000000003,FALSE,4.17
2023,00-0032392,Austin Hooper,TE,16,48.39999999999999,46.57,1.8300000000000005,0,0.65,0.11437500000000003,-0.65,FALSE,2.910625
2023,00-0032398,Chris Moore,WR,15,68.30000000000001,55.36,12.939999999999998,0,0.76,0.8626666666666665,-0.76,FALSE,3.6906666666666665
2023,00-0032464,Kalif Raymond,WR,17,97.4,80.60999999999999,16.790000000000003,1,1.3600000000000003,0.9876470588235295,-0.3600000000000003,FALSE,4.741764705882352
2023,00-0032543,Alex Erickson,WR,8,44.699999999999996,44.05,0.6500000000000021,1,0.67,0.08125000000000027,0.32999999999999996,FALSE,5.50625
2023,00-0032764,Derrick Henry,RB,17,246.66,222.5,24.16000000000001,14,10.33,1.421176470588236,3.67,TRUE,13.088235294117647
2023,00-0032765,Michael Thomas,WR,10,89.80000000000001,108.77,-18.970000000000002,1,3.42,-1.8970000000000002,-2.42,FALSE,10.876999999999999
2023,00-0032775,Demarcus Robinson,WR,9,94.80000000000001,86.82000000000001,7.98,4,3.9299999999999997,0.8866666666666667,0.07000000000000028,FALSE,9.646666666666668
2023,00-0033009,Tyler Boyd,WR,17,144.8,153.80999999999997,-9.010000000000002,2,2.8499999999999996,-0.5300000000000001,-0.8499999999999996,FALSE,9.047647058823529
2023,00-0033040,Tyreek Hill,WR,17,393.6,336.07000000000005,57.53,14,10.829999999999998,3.3841176470588237,3.1700000000000017,TRUE,19.76882352941177
2023,00-0033045,Ezekiel Elliott,RB,17,174.5,186.31,-11.809999999999997,5,3.5500000000000003,-0.694705882352941,1.4499999999999997,FALSE,10.959411764705882
2023,00-0033077,Dak Prescott,QB,18,375.46000000000004,400.37,-24.91000000000001,41,49.78,-1.3838888888888894,-8.780000000000001,FALSE,22.24277777777778
2023,00-0033090,Hunter Henry,TE,13,119.9,102.57000000000001,17.330000000000005,6,2.9599999999999995,1.3330769230769235,3.0400000000000005,FALSE,7.890000000000001
2023,00-0033106,Jared Goff,QB,20,342.87999999999994,356.12,-13.239999999999984,36,38.09000000000001,-0.6619999999999993,-2.0900000000000105,FALSE,17.806
2023,00-0033110,Tyler Higbee,TE,16,108.5,116.77000000000001,-8.27,2,2.1099999999999994,-0.516875,-0.10999999999999943,FALSE,7.298125000000001
2023,00-0033217,Mo Alie-Cox,TE,13,49.099999999999994,42.68,6.420000000000003,3,1.2800000000000002,0.49384615384615405,1.7199999999999998,FALSE,3.2830769230769232
2023,00-0033246,Johnny Mundt,TE,9,40.2,35.01,5.19,1,0.73,0.5766666666666667,0.27,FALSE,3.8899999999999997
2023,00-0033251,Zach Pascal,WR,9,5.9,23.759999999999998,-17.86,0,0.8,-1.9844444444444445,-0.8,FALSE,2.6399999999999997
2023,00-0033280,Christian McCaffrey,RB,19,480.3,406.31999999999994,73.98000000000002,26,19.540000000000003,3.8936842105263167,6.459999999999997,TRUE,21.385263157894734
2023,00-0033282,Curtis Samuel,WR,16,157.20000000000002,153.43999999999997,3.7600000000000016,5,5.559999999999999,0.2350000000000001,-0.5599999999999987,FALSE,9.589999999999998
2023,00-0033288,George Kittle,TE,19,228.4,184.34,44.06000000000001,7,4.57,2.3189473684210533,2.4299999999999997,TRUE,9.702105263157895
2023,00-0033293,Aaron Jones,RB,13,183.6,190.62000000000003,-7.019999999999996,6,8.15,-0.5399999999999997,-2.1500000000000004,FALSE,14.663076923076925
2023,00-0033307,Kendrick Bourne,WR,8,99.99999999999999,90.65000000000002,9.34999999999999,4,2.44,1.1687499999999988,1.56,FALSE,11.331250000000002
2023,00-0033308,Matt Breida,RB,15,46.9,55.81,-8.91,1,0.69,-0.594,0.31000000000000005,FALSE,3.720666666666667
2023,00-0033357,Taysom Hill,QB,16,143.52,158.38000000000002,-14.859999999999996,7,10.86,-0.9287499999999997,-3.8599999999999994,FALSE,9.898750000000001
2023,00-0033439,Pharaoh Brown,TE,9,37.800000000000004,22.080000000000002,15.719999999999997,1,0.06,1.7466666666666664,0.94,FALSE,2.4533333333333336
2023,00-0033466,Isaiah McKenzie,WR,9,20.599999999999994,21.45,-0.8500000000000002,0,0.09,-0.09444444444444447,-0.09,FALSE,2.3833333333333333
2023,00-0033526,Samaje Perine,RB,17,121.3,110.95000000000002,10.350000000000001,1,2.46,0.6088235294117648,-1.46,FALSE,6.526470588235295
2023,00-0033553,James Conner,RB,13,201.5,175.38,26.119999999999997,9,7.02,2.009230769230769,1.9800000000000004,TRUE,13.49076923076923
2023,00-0033555,Mack Hollins,WR,9,43.1,48.37,-5.27,0,0.8900000000000001,-0.5855555555555555,-0.8900000000000001,FALSE,5.374444444444444
2023,00-0033572,Jamal Agnew,WR,8,40.3,39.21999999999999,1.08,1,1.0300000000000002,0.135,-0.03000000000000025,FALSE,4.902499999999999
2023,00-0033589,David Moore,WR,8,37.1,16.520000000000003,20.58,2,0.09,2.5725,1.91,TRUE,2.0650000000000004
2023,00-0033591,Noah Brown,WR,11,101.6,98.38999999999999,3.2100000000000013,2,3.0799999999999996,0.2918181818181819,-1.0799999999999996,FALSE,8.944545454545453
2023,00-0033699,Austin Ekeler,RB,14,184.20000000000002,235.75999999999993,-51.559999999999995,6,10.649999999999999,-3.6828571428571424,-4.649999999999999,FALSE,16.839999999999996
2023,00-0033757,Robert Tonyan,TE,11,22.200000000000003,27.549999999999997,-5.35,0,0.72,-0.48636363636363633,-0.72,FALSE,2.5045454545454544
2023,00-0033857,JuJu Smith-Schuster,WR,11,61,69.92,-8.920000000000003,1,0.9100000000000001,-0.8109090909090912,0.08999999999999986,FALSE,6.356363636363636
2023,00-0033858,Jonnu Smith,TE,15,124.2,121.57000000000001,2.6299999999999963,3,4.27,0.1753333333333331,-1.2699999999999996,FALSE,8.104666666666667
2023,00-0033873,Patrick Mahomes,QB,20,363.97999999999996,377.45,-13.47000000000001,33,38.03999999999999,-0.6735000000000004,-5.039999999999992,FALSE,18.8725
2023,00-0033881,Evan Engram,TE,17,230.3,221.16999999999996,9.130000000000003,4,3.39,0.5370588235294119,0.6099999999999999,FALSE,13.009999999999998
2023,00-0033885,David Njoku,TE,17,217.50000000000003,210.84000000000003,6.659999999999995,6,6.62,0.3917647058823526,-0.6200000000000001,FALSE,12.402352941176472
2023,00-0033891,Zay Jones,WR,9,78.1,106.83,-28.73,2,3.92,-3.192222222222222,-1.92,FALSE,11.87
2023,00-0033893,Dalvin Cook,RB,15,42.49999999999999,63.42000000000001,-20.92,0,0.79,-1.3946666666666667,-0.79,FALSE,4.228000000000001
2023,00-0033895,Gerald Everett,TE,15,111.10000000000001,118.29000000000002,-7.190000000000002,3,4.079999999999999,-0.4793333333333335,-1.0799999999999992,FALSE,7.886000000000001
2023,00-0033897,Joe Mixon,RB,17,267,286.14,-19.139999999999997,12,15.690000000000001,-1.1258823529411763,-3.6900000000000013,FALSE,16.831764705882353
2023,00-0033906,Alvin Kamara,RB,13,233.00000000000003,242.82999999999998,-9.829999999999997,6,8.18,-0.7561538461538458,-2.1799999999999997,FALSE,18.679230769230767
2023,00-0033908,Cooper Kupp,WR,13,172.1,184.62,-12.52,5,7.180000000000001,-0.963076923076923,-2.1800000000000006,FALSE,14.201538461538462
2023,00-0033921,Chris Godwin,WR,19,231.70000000000002,242.53,-10.830000000000002,4,6.540000000000001,-0.5700000000000001,-2.540000000000001,FALSE,12.764736842105263
2023,00-0033923,Kareem Hunt,RB,16,138.99999999999997,137.73000000000002,1.2699999999999942,11,7.369999999999999,0.07937499999999964,3.630000000000001,FALSE,8.608125000000001
2023,00-0033925,D'Onta Foreman,RB,9,91.20000000000002,91.92,-0.7200000000000024,5,4.279999999999999,-0.08000000000000027,0.7200000000000006,FALSE,10.213333333333333
2023,00-0033943,Josh Reynolds,WR,19,155.99999999999997,156.92999999999998,-0.9299999999999926,6,6.8,-0.04894736842105224,-0.7999999999999998,FALSE,8.259473684210525
2023,00-0033948,Jamaal Williams,RB,13,60.8,83.92,-23.12,1,2.35,-1.7784615384615385,-1.35,FALSE,6.455384615384616
2023,00-0033949,Joshua Dobbs,QB,13,210.66000000000003,218.01,-7.34999999999999,19,18.169999999999998,-0.5653846153846146,0.8300000000000018,FALSE,16.77
2023,00-0034115,Jeff Wilson,RB,10,42.900000000000006,51.16,-8.26,0,1.31,-0.826,-1.31,FALSE,5.116
2023,00-0034159,Will Dissly,TE,12,40.2,34.24,5.959999999999999,1,0.47,0.4966666666666666,0.53,FALSE,2.8533333333333335
2023,00-0034184,Gus Edwards,RB,19,196.5,183.50000000000003,12.999999999999996,13,12.209999999999999,0.6842105263157893,0.7900000000000009,FALSE,9.657894736842106
2023,00-0034270,Tyler Conklin,TE,17,123.09999999999998,125.78,-2.6800000000000037,0,2.34,-0.15764705882352964,-2.34,FALSE,7.398823529411764
2023,00-0034272,Marquez Valdes-Scantling,WR,20,83.3,98.13000000000001,-14.829999999999998,2,3.05,-0.7414999999999999,-1.0499999999999998,FALSE,4.9065
2023,00-0034286,Richie James,WR,11,23.000000000000004,26.8,-3.7999999999999994,0,0.15000000000000002,-0.3454545454545454,-0.15000000000000002,FALSE,2.4363636363636365
2023,00-0034297,Byron Pringle,WR,12,30.099999999999998,31.56,-1.4599999999999993,0,0.37,-0.1216666666666666,-0.37,FALSE,2.63
2023,00-0034348,Courtland Sutton,WR,16,190.19999999999996,156.27999999999997,33.919999999999995,10,6.41,2.1199999999999997,3.59,TRUE,9.767499999999998
2023,00-0034351,Dallas Goedert,TE,15,148.39999999999998,145.44000000000003,2.959999999999995,4,2.79,0.197333333333333,1.21,FALSE,9.696000000000002
2023,00-0034364,Jordan Akins,TE,13,28.200000000000003,31.039999999999996,-2.839999999999999,0,0.11,-0.21846153846153837,-0.11,FALSE,2.3876923076923076
2023,00-0034383,Dalton Schultz,TE,17,168.5,167.04,1.4600000000000009,6,4.919999999999999,0.08588235294117652,1.080000000000001,FALSE,9.825882352941177
2023,00-0034386,Justin Watson,WR,19,103.99999999999999,109.94,-5.940000000000001,3,3.6799999999999984,-0.3126315789473685,-0.6799999999999984,FALSE,5.786315789473684
2023,00-0034407,Ray-Ray McCloud,WR,9,33.1,30.59,2.509999999999999,0,0.31,0.27888888888888874,-0.31,FALSE,3.398888888888889
2023,00-0034414,Boston Scott,RB,10,17.8,21.36,-3.56,0,0.5700000000000001,-0.356,-0.5700000000000001,FALSE,2.136
2023,00-0034418,Ced Wilson,WR,12,76.30000000000001,79.26999999999998,-2.9699999999999984,3,2.7499999999999996,-0.24749999999999986,0.25000000000000044,FALSE,6.605833333333332
2023,00-0034419,Braxton Berrios,WR,14,57.9,53.45000000000001,4.450000000000003,1,0.9300000000000002,0.31785714285714306,0.06999999999999984,FALSE,3.8178571428571435
2023,00-0034487,Trent Sherfield,WR,10,27.3,44.010000000000005,-16.71,1,1.3200000000000003,-1.671,-0.3200000000000003,FALSE,4.401000000000001
2023,00-0034521,Allen Lazard,WR,13,60.099999999999994,68.85000000000001,-8.75,1,0.7900000000000001,-0.6730769230769231,0.20999999999999985,FALSE,5.296153846153847
2023,00-0034613,Tanner Hudson,TE,12,80.19999999999999,73.25999999999999,6.940000000000001,1,0.47,0.5783333333333335,0.53,FALSE,6.1049999999999995
2023,00-0034646,Brandon Powell,WR,13,69.10000000000001,73.05,-3.949999999999995,1,1.8900000000000001,-0.30384615384615343,-0.8900000000000001,FALSE,5.619230769230769
2023,00-0034681,Chase Edmonds,RB,15,48.39999999999999,56.76,-8.360000000000003,0,0.53,-0.5573333333333336,-0.53,FALSE,3.784
2023,00-0034753,Mark Andrews,TE,11,138.9,119.88,19.019999999999996,6,4.85,1.7290909090909088,1.1500000000000004,FALSE,10.898181818181818
2023,00-0034764,Michael Gallup,WR,17,104.1,109.51000000000002,-5.410000000000002,2,2.91,-0.31823529411764717,-0.9100000000000001,FALSE,6.441764705882354
2023,00-0034775,Christian Kirk,WR,12,150.26000000000002,139.00000000000003,11.259999999999998,3,2.39,0.9383333333333331,0.6099999999999999,FALSE,11.583333333333336
2023,00-0034777,D.J. Chark,WR,14,115.49999999999997,102.44999999999999,13.05,5,2.7100000000000004,0.9321428571428572,2.2899999999999996,FALSE,7.317857142857142
2023,00-0034796,Lamar Jackson,QB,18,395.88,375.3,20.580000000000005,34,33.07000000000001,1.1433333333333335,0.9299999999999926,TRUE,20.85
2023,00-0034798,Durham Smythe,TE,14,75.80000000000001,79.33,-3.530000000000001,0,1.7300000000000002,-0.2521428571428572,-1.7300000000000002,FALSE,5.666428571428571
2023,00-0034827,D.J. Moore,WR,17,286.5,228.64999999999998,57.85000000000001,9,6.22,3.4029411764705886,2.7800000000000002,TRUE,13.45
2023,00-0034829,Mike Gesicki,TE,15,65.4,71.1,-5.699999999999999,2,2.03,-0.37999999999999995,-0.029999999999999805,FALSE,4.739999999999999
2023,00-0034830,Hayden Hurst,TE,9,42.4,50.14,-7.739999999999998,1,1.15,-0.8599999999999999,-0.1499999999999999,FALSE,5.571111111111112
2023,00-0034837,Calvin Ridley,WR,17,229.90000000000003,254.95999999999998,-25.060000000000002,8,10.93,-1.4741176470588238,-2.9299999999999997,FALSE,14.997647058823528
2023,00-0034838,Royce Freeman,RB,9,46.2,55.36,-9.16,2,3.43,-1.017777777777778,-1.4300000000000002,FALSE,6.151111111111111
2023,00-0034844,Saquon Barkley,RB,14,223.2,223.73000000000002,-0.5299999999999887,10,7.349999999999999,-0.03785714285714205,2.6500000000000012,FALSE,15.980714285714287
2023,00-0034854,KhaDarel Hodge,WR,13,37.199999999999996,35.32000000000001,1.8799999999999997,0,0.44,0.1446153846153846,-0.44,FALSE,2.7169230769230777
2023,00-0034855,Baker Mayfield,QB,19,328.59999999999997,318.12,10.480000000000004,35,33.21,0.5515789473684213,1.7899999999999991,FALSE,16.743157894736843
2023,00-0034857,Josh Allen,QB,19,456.8,424.61999999999995,32.17999999999999,51,43.45,1.6936842105263155,7.549999999999997,TRUE,22.348421052631576
2023,00-0034869,Sam Darnold,QB,10,25.38,31.13,-5.749999999999999,3,4.46,-0.575,-1.46,FALSE,3.113
2023,00-0034959,Andrew Beck,RB,12,32.8,42.62,-9.82,3,4.04,-0.8183333333333334,-1.04,FALSE,3.5516666666666663
2023,00-0034960,Jakobi Meyers,WR,16,218.57999999999998,192.41,26.17000000000001,11,6.62,1.6356250000000006,4.38,TRUE,12.025625
2023,00-0034970,Irv Smith,TE,9,33.5,44.85000000000001,-11.349999999999998,1,1.7300000000000002,-1.2611111111111108,-0.7300000000000002,FALSE,4.983333333333334
2023,00-0034972,Alexander Mattison,RB,16,133.2,183.23,-50.03000000000002,3,8.319999999999999,-3.1268750000000014,-5.3199999999999985,FALSE,11.451875
2023,00-0034975,Justice Hill,RB,18,126.70000000000002,137.44,-10.740000000000004,4,4.8,-0.5966666666666669,-0.7999999999999998,FALSE,7.635555555555555
2023,00-0034981,Foster Moreau,TE,11,46.29999999999998,41.68000000000001,4.620000000000001,1,1.06,0.4200000000000001,-0.06000000000000005,FALSE,3.7890909090909095
2023,00-0034983,Hunter Renfrow,WR,13,48.49999999999999,54.50000000000001,-6.000000000000002,0,0.39,-0.4615384615384617,-0.39,FALSE,4.1923076923076925
2023,00-0035100,Jake Browning,QB,9,144.44000000000003,119.33000000000001,25.11,15,11.4,2.79,3.5999999999999996,TRUE,13.25888888888889
2023,00-0035125,Alec Ingold,RB,10,24.9,26.14,-1.2399999999999998,0,0.33,-0.12399999999999997,-0.33,FALSE,2.614
2023,00-0035140,Mecole Hardman,WR,10,42.4,53.83,-11.43,1,1.9100000000000001,-1.143,-0.9100000000000001,FALSE,5.383
2023,00-0035208,Olamide Zaccheaus,WR,12,39.9,36.029999999999994,3.870000000000001,2,1.5100000000000002,0.32250000000000006,0.48999999999999977,FALSE,3.0024999999999995
2023,00-0035215,Deonte Harty,WR,14,41.699999999999996,44.9,-3.1999999999999975,1,1.4600000000000002,-0.2285714285714284,-0.4600000000000002,FALSE,3.207142857142857
2023,00-0035216,Diontae Johnson,WR,14,166.80000000000004,148.40000000000003,18.4,6,4.72,1.3142857142857143,1.2800000000000002,FALSE,10.600000000000003
2023,00-0035228,Kyler Murray,QB,8,144.36,155.25000000000003,-10.89,13,13.910000000000002,-1.36125,-0.9100000000000019,FALSE,19.406250000000004
2023,00-0035229,T.J. Hockenson,TE,15,219.00000000000003,214.45999999999998,4.540000000000009,5,5.409999999999998,0.30266666666666725,-0.40999999999999837,FALSE,14.297333333333333
2023,00-0035243,Miles Sanders,RB,16,87.60000000000002,125.96000000000001,-38.359999999999985,1,2.94,-2.397499999999999,-1.94,FALSE,7.8725000000000005
2023,00-0035249,Josh Oliver,TE,12,53.3,47.43,5.869999999999999,2,1.5799999999999998,0.4891666666666666,0.42000000000000015,FALSE,3.9525
2023,00-0035250,Devin Singletary,RB,19,195.34,202.44,-7.099999999999994,6,6.5,-0.3736842105263155,-0.5,FALSE,10.654736842105264
2023,00-0035261,Tony Pollard,RB,18,244.1,306.69,-62.589999999999996,7,14.430000000000003,-3.477222222222222,-7.430000000000003,FALSE,17.038333333333334
2023,00-0035289,Gardner Minshew,QB,16,206.19999999999996,221.69,-15.489999999999995,18,20.479999999999997,-0.9681249999999997,-2.479999999999997,FALSE,13.855625
2023,00-0035291,Trayveon Williams,RB,14,14.9,21.64,-6.740000000000001,0,0.4,-0.4814285714285715,-0.4,FALSE,1.5457142857142858
2023,00-0035298,Scott Miller,WR,9,39.099999999999994,28.630000000000003,10.469999999999999,2,1.19,1.163333333333333,0.81,FALSE,3.1811111111111114
2023,00-0035329,Donald Parham,TE,13,79.49999999999999,82.01,-2.509999999999999,4,4.51,-0.19307692307692298,-0.5099999999999998,FALSE,6.308461538461539
2023,00-0035341,Trenton Irwin,WR,10,62.6,56.150000000000006,6.450000000000003,1,1.8100000000000003,0.6450000000000002,-0.8100000000000003,FALSE,5.615
2023,00-0035406,Lil'Jordan Humphrey,WR,11,47.199999999999996,31.569999999999997,15.63,3,1.03,1.420909090909091,1.97,FALSE,2.8699999999999997
2023,00-0035500,Greg Dortch,WR,9,64.5,62.42,2.079999999999998,2,0.9800000000000001,0.23111111111111088,1.02,FALSE,6.935555555555556
2023,00-0035535,Darius Slayton,WR,17,151,115.72999999999999,35.269999999999996,4,1.1800000000000002,2.0747058823529407,2.82,TRUE,6.8076470588235285
2023,00-0035537,Ty Johnson,RB,9,40.2,41.20000000000001,-0.9999999999999993,1,1.39,-0.11111111111111104,-0.3899999999999999,FALSE,4.577777777777779
2023,00-0035628,D'Ernest Johnson,RB,15,34.8,40.79,-5.989999999999999,0,0.9700000000000002,-0.39933333333333326,-0.9700000000000002,FALSE,2.719333333333333
2023,00-0035631,Drew Sample,TE,14,50.3,39.42,10.88,2,0.5,0.7771428571428572,1.5,FALSE,2.815714285714286
2023,00-0035639,Parris Campbell,WR,8,30.400000000000002,38.09,-7.6899999999999995,0,0.51,-0.9612499999999999,-0.51,FALSE,4.76125
2023,00-0035640,DK Metcalf,WR,16,225.39999999999998,221.78000000000003,3.619999999999994,8,9.4,0.22624999999999962,-1.4000000000000004,FALSE,13.861250000000002
2023,00-0035644,Noah Fant,TE,14,73.4,67.88,5.52,0,0.65,0.39428571428571424,-0.65,FALSE,4.848571428571428
2023,00-0035659,Terry McLaurin,WR,17,203.2,207.63999999999996,-4.439999999999996,4,4.7299999999999995,-0.26117647058823507,-0.7299999999999995,FALSE,12.21411764705882
2023,00-0035662,Marquise Brown,WR,13,134.70000000000002,168.39999999999998,-33.699999999999996,4,4.6499999999999995,-2.592307692307692,-0.6499999999999995,FALSE,12.953846153846152
2023,00-0035676,A.J. Brown,WR,17,289.6,275.24000000000007,14.359999999999996,7,7.92,0.844705882352941,-0.9199999999999999,FALSE,16.190588235294122
2023,00-0035685,David Montgomery,RB,17,246,242.87,3.129999999999999,15,15.65,0.18411764705882347,-0.6500000000000004,FALSE,14.286470588235295
2023,00-0035689,Dawson Knox,TE,12,61.89999999999999,77.49999999999999,-15.599999999999998,3,3.8399999999999994,-1.2999999999999998,-0.8399999999999994,FALSE,6.458333333333332
2023,00-0035700,Josh Jacobs,RB,13,181.10000000000002,219.95999999999998,-38.86,6,7.92,-2.9892307692307694,-1.92,FALSE,16.919999999999998
2023,00-0035719,Deebo Samuel,WR,18,272.8,236.64,36.16,12,8.090000000000002,2.0088888888888885,3.9099999999999984,TRUE,13.146666666666667
2023,00-0035771,Mitchell Wilcox,TE,9,14.6,18.41,-3.8099999999999996,0,0.59,-0.4233333333333333,-0.59,FALSE,2.0455555555555556
2023,00-0035973,Patrick Taylor,RB,11,30.6,43.99999999999999,-13.400000000000004,0,1.16,-1.2181818181818185,-1.16,FALSE,3.9999999999999996
2023,00-0036040,Juwan Johnson,TE,13,97.8,101.26,-3.4599999999999973,4,2.9799999999999995,-0.26615384615384596,1.0200000000000005,FALSE,7.78923076923077
2023,00-0036139,Rico Dowdle,RB,17,98,101.66,-3.66,4,4.660000000000001,-0.21529411764705883,-0.660000000000001,FALSE,5.9799999999999995
2023,00-0036165,Isaiah Hodgins,WR,14,60.00000000000001,53.19,6.809999999999997,3,1.5500000000000003,0.4864285714285712,1.4499999999999997,FALSE,3.799285714285714
2023,00-0036182,Nick Westbrook-Ikhine,WR,13,85,75.96000000000001,9.04,3,2.84,0.6953846153846153,0.16000000000000014,FALSE,5.843076923076923
2023,00-0036196,Gabe Davis,WR,16,161.4,156.88,4.520000000000003,7,6.789999999999999,0.2825000000000002,0.21000000000000085,FALSE,9.805
2023,00-0036212,Tua Tagovailoa,QB,18,284.82,298.33,-13.509999999999994,30,30.97,-0.7505555555555552,-0.9699999999999989,FALSE,16.573888888888888
2023,00-0036223,Jonathan Taylor,RB,10,156.39999999999998,150.96,5.4399999999999995,8,7.93,0.5439999999999999,0.07000000000000028,FALSE,15.096
2023,00-0036232,Harrison Bryant,TE,14,48.4,48.550000000000004,-0.14999999999999813,3,2.29,-0.01071428571428558,0.71,FALSE,3.467857142857143
2023,00-0036233,Donovan Peoples-Jones,WR,12,28.5,39.56,-11.059999999999999,0,0.6100000000000001,-0.9216666666666665,-0.6100000000000001,FALSE,3.296666666666667
2023,00-0036244,Colby Parkinson,TE,14,61.7,59.610000000000014,2.0900000000000007,2,2.5599999999999996,0.14928571428571433,-0.5599999999999996,FALSE,4.2578571428571435
2023,00-0036251,Zack Moss,RB,14,169.59999999999997,166.44999999999996,3.1499999999999986,7,6.47,0.2249999999999999,0.5300000000000002,FALSE,11.88928571428571
2023,00-0036252,Michael Pittman,WR,16,252.2,247.94000000000003,4.259999999999995,4,4.540000000000001,0.2662499999999997,-0.5400000000000009,FALSE,15.496250000000002
2023,00-0036259,Jauan Jennings,WR,15,83.34,76.64,6.699999999999999,3,1.59,0.4466666666666666,1.41,FALSE,5.109333333333334
2023,00-0036261,Brandon Aiyuk,WR,19,279.09999999999997,229.85999999999999,49.24,8,6.140000000000001,2.591578947368421,1.8599999999999994,TRUE,12.097894736842104
2023,00-0036264,Jordan Love,QB,19,357.9,321.05,36.84999999999998,41,35.96999999999999,1.9394736842105254,5.030000000000008,TRUE,16.897368421052633
2023,00-0036265,AJ Dillon,RB,15,117.6,148.34,-30.74,2,6.28,-2.0493333333333332,-4.28,FALSE,9.889333333333333
2023,00-0036268,Laviska Shenault,WR,8,21.499999999999996,21.83,-0.32999999999999896,0,0.47000000000000003,-0.04124999999999987,-0.47000000000000003,FALSE,2.72875
2023,00-0036275,D'Andre Swift,RB,17,209.89999999999998,228.51,-18.610000000000007,6,8.17,-1.0947058823529416,-2.17,FALSE,13.441764705882353
2023,00-0036290,Cole Kmet,TE,15,181.1,149.11,31.989999999999995,6,4.680000000000001,2.1326666666666663,1.3199999999999994,TRUE,9.940666666666667
2023,00-0036309,Darnell Mooney,WR,14,78.9,102.7,-23.799999999999997,1,3.29,-1.6999999999999997,-2.29,FALSE,7.335714285714286
2023,00-0036322,Justin Jefferson,WR,10,202.2,183.39,18.810000000000002,5,5.91,1.8810000000000002,-0.9100000000000001,FALSE,18.339
2023,00-0036328,Antonio Gibson,RB,16,127.39999999999999,121.77,5.6299999999999955,3,2.14,0.3518749999999997,0.8599999999999999,FALSE,7.610625
2023,00-0036345,K.J. Osborn,WR,15,120.00000000000001,132.55,-12.549999999999999,3,4.18,-0.8366666666666666,-1.1799999999999997,FALSE,8.836666666666668
2023,00-0036355,Justin Herbert,QB,13,235.59999999999997,272.31,-36.71,23,31.18,-2.823846153846154,-8.18,FALSE,20.946923076923078
2023,00-0036358,CeeDee Lamb,WR,18,423.70000000000005,387.24999999999994,36.45,14,15.36,2.0250000000000004,-1.3599999999999994,TRUE,21.513888888888886
2023,00-0036360,Clyde Edwards-Helaire,RB,19,78.10000000000001,93.39000000000001,-15.290000000000004,2,4.09,-0.8047368421052634,-2.09,FALSE,4.915263157894738
2023,00-0036364,Lynn Bowden,WR,8,22.500000000000004,28.61,-6.1099999999999985,0,0.23,-0.7637499999999998,-0.23,FALSE,3.57625
2023,00-0036370,Joshua Kelley,RB,17,61.699999999999996,79.49999999999997,-17.800000000000004,2,2.729999999999999,-1.047058823529412,-0.7299999999999991,FALSE,4.676470588235293
2023,00-0036387,Jalen Reagor,WR,9,20.5,36.650000000000006,-16.150000000000002,0,0.8500000000000001,-1.7944444444444447,-0.8500000000000001,FALSE,4.072222222222223
2023,00-0036389,Jalen Hurts,QB,18,373.32000000000005,400.31,-26.990000000000002,39,36.83,-1.4994444444444446,2.1700000000000017,FALSE,22.239444444444445
2023,00-0036407,Jerry Jeudy,WR,16,141.79999999999998,144.82,-3.0200000000000014,2,3.8799999999999994,-0.18875000000000008,-1.8799999999999994,FALSE,9.05125
2023,00-0036410,Tee Higgins,WR,12,137.6,131.69,5.910000000000003,5,4.240000000000001,0.4925000000000002,0.7599999999999989,FALSE,10.974166666666667
2023,00-0036415,Van Jefferson,WR,14,41.3,73.34,-32.04,0,1.6300000000000003,-2.2885714285714287,-1.6300000000000003,FALSE,5.238571428571428
2023,00-0036422,Adam Trautman,TE,16,60.39999999999999,66.45,-6.050000000000001,3,3.97,-0.37812500000000004,-0.9700000000000002,FALSE,4.153125
2023,00-0036425,DeeJay Dallas,RB,10,12.2,16.39,-4.1899999999999995,0,0.14,-0.41899999999999993,-0.14,FALSE,1.639
2023,00-0036438,Stephen Sullivan,TE,10,24.5,32.9,-8.4,0,0.32000000000000006,-0.8400000000000001,-0.32000000000000006,FALSE,3.29
2023,00-0036442,Joe Burrow,QB,10,149.16,172.42,-23.259999999999998,15,18.24,-2.3259999999999996,-3.2399999999999984,FALSE,17.241999999999997
2023,00-0036497,Tim Jones,WR,9,19.3,27.369999999999997,-8.069999999999999,0,0.15,-0.8966666666666665,-0.15,FALSE,3.041111111111111
2023,00-0036550,Rashod Bateman,WR,17,84.60000000000002,107.91999999999999,-23.32,1,2.7099999999999995,-1.371764705882353,-1.7099999999999995,FALSE,6.3482352941176465
2023,00-0036554,Nico Collins,WR,17,292.20000000000005,224.51,67.69000000000001,9,6.63,3.9817647058823535,2.37,TRUE,13.206470588235293
2023,00-0036555,Chuba Hubbard,RB,17,182.49999999999997,190.37000000000003,-7.869999999999999,5,5.970000000000001,-0.4629411764705882,-0.9700000000000006,FALSE,11.19823529411765
2023,00-0036556,Brevin Jordan,TE,11,65.5,38.8,26.700000000000003,3,0.8500000000000001,2.4272727272727277,2.15,TRUE,3.527272727272727
2023,00-0036567,Elijah Mitchell,RB,13,54.99999999999999,72.02000000000001,-17.020000000000003,3,4.889999999999999,-1.3092307692307694,-1.8899999999999988,FALSE,5.540000000000001
2023,00-0036613,Jaylen Waddle,WR,15,204.6,197.14,7.460000000000002,4,5,0.49733333333333346,-1,FALSE,13.142666666666665
2023,00-0036626,Dyami Brown,WR,13,34.96,46.45000000000001,-11.490000000000002,1,2.34,-0.883846153846154,-1.3399999999999999,FALSE,3.5730769230769237
2023,00-0036628,John Bates,TE,14,34.1,46.589999999999996,-12.49,0,1.6600000000000001,-0.8921428571428571,-1.6600000000000001,FALSE,3.3278571428571424
2023,00-0036637,Noah Gray,TE,20,84.49999999999999,81.86000000000001,2.64,2,1.55,0.132,0.44999999999999996,FALSE,4.093000000000001
2023,00-0036754,Brock Wright,TE,9,32,25.85,6.1499999999999995,1,0.44,0.6833333333333332,0.56,FALSE,2.8722222222222222
2023,00-0036849,Tutu Atwell,WR,15,123.19999999999999,123.65000000000002,-0.45000000000000284,4,3.25,-0.03000000000000019,0.75,FALSE,8.243333333333334
2023,00-0036862,Ben Skowronek,WR,10,23,27.110000000000003,-4.109999999999999,1,1.1900000000000002,-0.4109999999999999,-0.19000000000000017,FALSE,2.7110000000000003
2023,00-0036875,Rhamondre Stevenson,RB,12,145.70000000000002,153.26999999999998,-7.569999999999997,4,2.9600000000000004,-0.630833333333333,1.0399999999999996,FALSE,12.772499999999999
2023,00-0036876,Kylen Granson,TE,15,73,83.89,-10.89,1,2.1399999999999997,-0.7260000000000001,-1.1399999999999997,FALSE,5.592666666666667
2023,00-0036887,Luke Farrell,TE,9,28.5,26.159999999999997,2.34,0,0.7300000000000001,0.26,-0.7300000000000001,FALSE,2.9066666666666663
2023,00-0036893,Najee Harris,RB,18,202.70000000000002,210.46,-7.7599999999999945,8,7.709999999999999,-0.4311111111111108,0.2900000000000009,FALSE,11.692222222222222
2023,00-0036894,Pat Freiermuth,TE,12,89.39999999999999,83.62,5.779999999999999,2,2.069999999999999,0.48166666666666663,-0.06999999999999895,FALSE,6.968333333333334
2023,00-0036900,Ja'Marr Chase,WR,16,262.71999999999997,243.44,19.28000000000001,7,6.7,1.2050000000000005,0.2999999999999998,FALSE,15.215
2023,00-0036906,Khalil Herbert,RB,12,112.49999999999999,122.58,-10.080000000000005,3,3.59,-0.8400000000000004,-0.5899999999999999,FALSE,10.215
2023,00-0036912,DeVonta Smith,WR,17,250.4,215.53999999999996,34.86,7,5.579999999999999,2.050588235294118,1.4200000000000008,TRUE,12.678823529411762
2023,00-0036913,Kadarius Toney,WR,13,53,74.96000000000002,-21.96,1,2.2800000000000002,-1.6892307692307693,-1.2800000000000002,FALSE,5.7661538461538475
2023,00-0036919,Kenneth Gainwell,RB,17,100.67999999999999,117.84000000000003,-17.16000000000001,2,3.6199999999999997,-1.009411764705883,-1.6199999999999997,FALSE,6.931764705882355
2023,00-0036924,Michael Carter,RB,15,58.800000000000004,61.92,-3.119999999999997,1,1.2000000000000002,-0.2079999999999998,-0.20000000000000018,FALSE,4.128
2023,00-0036936,Rondale Moore,WR,17,105,109.16999999999999,-4.170000000000003,2,1.4700000000000002,-0.24529411764705897,0.5299999999999998,FALSE,6.421764705882352
2023,00-0036945,Justin Fields,QB,13,236.18000000000004,262.51,-26.33,20,24.109999999999996,-2.025384615384615,-4.109999999999996,FALSE,20.193076923076923
2023,00-0036955,Terrace Marshall,WR,8,32.9,46.480000000000004,-13.580000000000002,0,0.42000000000000004,-1.6975000000000002,-0.42000000000000004,FALSE,5.8100000000000005
2023,00-0036963,Amon-Ra St. Brown,WR,19,386.49999999999994,354.21999999999997,32.28,11,9.2,1.6989473684210528,1.8000000000000007,TRUE,18.64315789473684
2023,00-0036970,Kyle Pitts,TE,17,137.29999999999998,149.48,-12.18,3,2.46,-0.7164705882352941,0.54,FALSE,8.792941176470588
2023,00-0036971,Trevor Lawrence,QB,16,272.53999999999996,291.71,-19.169999999999987,25,27.430000000000003,-1.1981249999999992,-2.4300000000000033,FALSE,18.231875
2023,00-0036972,Mac Jones,QB,11,108.27999999999999,136.03,-27.749999999999996,10,11.07,-2.5227272727272725,-1.0700000000000003,FALSE,12.366363636363637
2023,00-0036973,Travis Etienne,RB,17,282.4,266.27000000000004,16.13000000000001,12,8.700000000000001,0.9488235294117653,3.299999999999999,FALSE,15.662941176470591
2023,00-0036980,Elijah Moore,WR,17,135.3,169.82999999999998,-34.52999999999999,2,4.41,-2.0311764705882345,-2.41,FALSE,9.989999999999998
2023,00-0036984,Trey Sermon,RB,8,20.3,26.81,-6.51,0,0.43000000000000005,-0.81375,-0.43000000000000005,FALSE,3.35125
2023,00-0036988,Josh Palmer,WR,10,106.7,106.97000000000001,-0.2700000000000031,2,3.49,-0.027000000000000312,-1.4900000000000002,FALSE,10.697000000000001
2023,00-0036997,Javonte Williams,RB,16,179.2,216.97,-37.769999999999996,5,7.220000000000001,-2.3606249999999998,-2.2200000000000006,FALSE,13.560625
2023,00-0037005,Tommy Tremble,TE,13,60.400000000000006,51.38,9.020000000000001,3,1.8000000000000003,0.693846153846154,1.1999999999999997,FALSE,3.9523076923076923
2023,00-0037013,Zach Wilson,QB,12,127.94,139.79,-11.850000000000003,8,9.59,-0.9875000000000003,-1.5899999999999999,FALSE,11.649166666666666
2023,00-0037077,Sam Howell,QB,17,259.54,284.41,-24.869999999999997,26,28.370000000000008,-1.4629411764705882,-2.370000000000008,FALSE,16.73
2023,00-0037098,Samori Toure,WR,8,17.8,31.1,-13.3,0,1.08,-1.6625,-1.08,FALSE,3.8875
2023,00-0037197,Isiah Pacheco,RB,18,279.2,290.35,-11.149999999999999,12,14.07,-0.6194444444444444,-2.0700000000000003,FALSE,16.130555555555556
2023,00-0037228,Jaylen Warren,RB,18,203.8,196.67999999999998,7.120000000000001,4,4.640000000000001,0.3955555555555556,-0.6400000000000006,FALSE,10.926666666666666
2023,00-0037238,Drake London,WR,16,174.38,177.19000000000003,-2.8099999999999987,2,3.8699999999999997,-0.17562499999999992,-1.8699999999999997,FALSE,11.074375000000002
2023,00-0037239,Chris Olave,WR,16,231.30000000000004,232.82999999999998,-1.5300000000000047,5,5.9,-0.0956250000000003,-0.9000000000000004,FALSE,14.551874999999999
2023,00-0037240,Jameson Williams,WR,15,110.4,98.22999999999999,12.17,5,2.61,0.8113333333333334,2.39,FALSE,6.548666666666666
2023,00-0037247,George Pickens,WR,18,218.3,179.84000000000003,38.46,5,3.3000000000000003,2.1366666666666667,1.6999999999999997,TRUE,9.991111111111113
2023,00-0037248,James Cook,RB,19,257.29999999999995,260.52000000000004,-3.220000000000021,6,8.629999999999999,-0.16947368421052741,-2.629999999999999,FALSE,13.711578947368423
2023,00-0037256,Rachaad White,RB,19,295.5,281.97,13.530000000000001,10,8.759999999999998,0.7121052631578948,1.240000000000002,FALSE,14.840526315789475
2023,00-0037257,David Bell,WR,10,62.1,42.47,19.630000000000003,3,0.6500000000000001,1.9630000000000003,2.3499999999999996,FALSE,4.247
2023,00-0037258,Dameon Pierce,RB,14,76.69999999999999,117.44,-40.739999999999995,2,5.5,-2.9099999999999997,-3.5,FALSE,8.388571428571428
2023,00-0037261,Khalil Shakir,WR,18,142.60000000000002,91.72,50.879999999999995,4,1.87,2.826666666666666,2.13,TRUE,5.095555555555555
2023,00-0037263,Tyler Allgeier,RB,17,137.6,142.92999999999998,-5.329999999999999,5,5.069999999999999,-0.31352941176470583,-0.0699999999999994,FALSE,8.407647058823528
2023,00-0037267,Jerome Ford,RB,18,218.39999999999998,213.01999999999998,5.380000000000006,9,5.01,0.2988888888888892,3.99,FALSE,11.834444444444443
2023,00-0037273,Kyle Philips,WR,8,33.099999999999994,28.700000000000003,4.400000000000001,0,0.38,0.5500000000000002,-0.38,FALSE,3.5875000000000004
2023,00-0037276,Ty Chandler,RB,13,101.00000000000001,94.61999999999999,6.380000000000001,3,2.9,0.49076923076923085,0.10000000000000009,FALSE,7.278461538461538
2023,00-0037292,Andrew Ogletree,TE,10,35.699999999999996,38.05,-2.3499999999999988,2,1.25,-0.23499999999999988,0.75,FALSE,3.8049999999999997
2023,00-0037304,Connor Heyward,TE,12,41.199999999999996,56.620000000000005,-15.42,0,1.7400000000000002,-1.285,-1.7400000000000002,FALSE,4.718333333333334
2023,00-0037382,Brandon Johnson,WR,10,73.4,49.28,24.119999999999997,4,1.8800000000000001,2.412,2.12,TRUE,4.928
2023,00-0037429,Raheem Blackshear,RB,8,17.1,16.700000000000003,0.39999999999999974,0,0.12,0.04999999999999997,-0.12,FALSE,2.0875000000000004
2023,00-0037475,Stone Smartt,TE,12,32.5,35.76,-3.260000000000001,1,1.1500000000000001,-0.2716666666666668,-0.15000000000000013,FALSE,2.98
2023,00-0037487,Deven Thompkins,WR,14,37.3,51.510000000000005,-14.209999999999999,1,1.8300000000000003,-1.015,-0.8300000000000003,FALSE,3.6792857142857147
2023,00-0037525,Jordan Mason,RB,9,44.69999999999999,27.44,17.26,3,0.83,1.917777777777778,2.17,FALSE,3.048888888888889
2023,00-0037545,Rashid Shaheed,WR,15,151.60000000000002,137.21,14.390000000000004,5,4.4,0.9593333333333336,0.5999999999999996,FALSE,9.147333333333334
2023,00-0037557,Ronnie Rivers,RB,8,27.5,28.46,-0.9599999999999999,0,0.38,-0.11999999999999998,-0.38,FALSE,3.5575
2023,00-0037614,John Metchie III,WR,15,40.5,59.830000000000005,-19.33,0,2.1099999999999994,-1.2886666666666666,-2.1099999999999994,FALSE,3.988666666666667
2023,00-0037664,Alec Pierce,WR,17,95.4,112.75999999999999,-17.359999999999992,2,3.3,-1.021176470588235,-1.2999999999999998,FALSE,6.632941176470588
2023,00-0037666,Jalen Tolbert,WR,14,60.8,72.36,-11.559999999999999,2,2.88,-0.8257142857142856,-0.8799999999999999,FALSE,5.168571428571428
2023,00-0037740,Garrett Wilson,WR,17,213.20000000000005,255.47,-42.26999999999999,3,5.13,-2.4864705882352935,-2.13,FALSE,15.02764705882353
2023,00-0037741,Jahan Dotson,WR,17,124.8,134.62000000000003,-9.82,4,4.569999999999999,-0.5776470588235294,-0.5699999999999994,FALSE,7.918823529411767
2023,00-0037742,Treylon Burks,WR,9,39.900000000000006,54.50000000000001,-14.600000000000001,0,1.1300000000000001,-1.6222222222222225,-1.1300000000000001,FALSE,6.055555555555556
2023,00-0037744,Trey McBride,TE,17,181.5,171.98000000000002,9.520000000000001,3,3.7199999999999998,0.56,-0.7199999999999998,FALSE,10.116470588235295
2023,00-0037745,Velus Jones,WR,10,11.100000000000001,16.93,-5.830000000000001,0,0.36000000000000004,-0.5830000000000001,-0.36000000000000004,FALSE,1.693
2023,00-0037746,Brian Robinson,RB,15,198.1,168.07,30.03,9,6.109999999999999,2.0020000000000002,2.8900000000000006,TRUE,11.204666666666666
2023,00-0037801,KaVontae Turpin,WR,12,59.699999999999996,45.91,13.790000000000001,4,2.4999999999999996,1.1491666666666667,1.5000000000000004,FALSE,3.825833333333333
2023,00-0037805,Jeremy Ruckert,TE,10,31.099999999999998,31.43,-0.33000000000000007,0,0.15,-0.03300000000000001,-0.15,FALSE,3.143
2023,00-0037809,Chigoziem Okonkwo,TE,17,113.39999999999999,114.21000000000001,-0.8100000000000049,1,2.53,-0.0476470588235297,-1.5299999999999998,FALSE,6.7182352941176475
2023,00-0037816,Romeo Doubs,WR,19,213.8,197.46,16.340000000000003,9,8.159999999999998,0.8600000000000002,0.8400000000000016,FALSE,10.392631578947368
2023,00-0037834,Brock Purdy,QB,19,347.96000000000004,280.70000000000005,67.25999999999999,36,27.040000000000006,3.5399999999999996,8.959999999999994,TRUE,14.773684210526318
2023,00-0037837,Calvin Austin,WR,15,60.400000000000006,55.63999999999999,4.759999999999998,3,0.97,0.3173333333333332,2.0300000000000002,FALSE,3.709333333333333
2023,00-0037838,Isaiah Likely,TE,15,116.1,79.82,36.28,6,2.7300000000000004,2.4186666666666667,3.2699999999999996,TRUE,5.321333333333333
2023,00-0037840,Kyren Williams,RB,13,262.8,247.41000000000003,15.390000000000011,15,13.8,1.1838461538461547,1.1999999999999993,FALSE,19.031538461538464
2023,00-0038040,Zamir White,RB,13,73.89999999999999,86.97999999999999,-13.079999999999998,1,3.0699999999999994,-1.006153846153846,-2.0699999999999994,FALSE,6.69076923076923
2023,00-0038041,Jake Ferguson,TE,18,214.40000000000003,213.00000000000003,1.3999999999999968,8,9.35,0.0777777777777776,-1.3499999999999996,FALSE,11.833333333333336
2023,00-0038045,Isaiah Spiller,RB,9,19,27.93,-8.93,0,0.63,-0.9922222222222222,-0.63,FALSE,3.1033333333333335
2023,00-0038090,Skyy Moore,WR,13,53.69999999999999,69.17999999999999,-15.480000000000004,1,2.0399999999999996,-1.190769230769231,-1.0399999999999996,FALSE,5.321538461538461
2023,00-0038098,Pierre Strong,RB,13,42.8,47.8,-5.000000000000001,1,1.3800000000000003,-0.3846153846153847,-0.38000000000000034,FALSE,3.6769230769230767
2023,00-0038102,Kenny Pickett,QB,12,109.92,127.47999999999999,-17.559999999999995,7,10.709999999999999,-1.463333333333333,-3.709999999999999,FALSE,10.623333333333333
2023,00-0038104,Tyquan Thornton,WR,9,27.200000000000003,35.79,-8.59,0,0.46,-0.9544444444444444,-0.46,FALSE,3.9766666666666666
2023,00-0038108,Bailey Zappe,QB,10,71.17999999999999,70.27,0.9100000000000001,7,3.58,0.09100000000000001,3.42,FALSE,7.026999999999999
2023,00-0038115,Daniel Bellinger,TE,13,50.49999999999999,39.989999999999995,10.510000000000002,0,0.1,0.8084615384615386,-0.1,FALSE,3.076153846153846
2023,00-0038117,Wan'Dale Robinson,WR,15,133.2,111.21000000000001,21.989999999999995,2,1.11,1.4659999999999997,0.8899999999999999,TRUE,7.414000000000001
2023,00-0038120,Breece Hall,RB,17,290.5,243.11999999999998,47.38,9,4.08,2.787058823529412,4.92,TRUE,14.301176470588233
2023,00-0038122,Desmond Ridder,QB,15,185.14,198.07000000000002,-12.929999999999998,17,17.660000000000004,-0.8619999999999999,-0.6600000000000037,FALSE,13.204666666666668
2023,00-0038124,Christian Watson,WR,11,105.29999999999998,109.69999999999999,-4.399999999999997,5,5.65,-0.3999999999999997,-0.6500000000000004,FALSE,9.9727272727272709
2023,00-0038129,Cade Otton,TE,18,150.60000000000002,141.29,9.310000000000006,5,4.14,0.5172222222222226,0.8600000000000003,FALSE,7.849444444444444
2023,00-0038134,Kenneth Walker,RB,15,199.39999999999998,196.77999999999997,2.6199999999999983,9,9.160000000000002,0.17466666666666655,-0.16000000000000192,FALSE,13.118666666666664
2023,00-0038393,Dontayvion Wicks,WR,17,130.26000000000002,106.58,23.68,5,2.7800000000000007,1.3929411764705881,2.2199999999999993,TRUE,6.2694117647058825
2023,00-0038394,Will Mallory,TE,11,38.699999999999996,38.07000000000001,0.6299999999999994,0,0.09999999999999998,0.057272727272727225,-0.09999999999999998,FALSE,3.4609090909090914
2023,00-0038465,Malik Heath,WR,12,33.5,40.849999999999994,-7.35,1,1.4600000000000002,-0.6124999999999999,-0.4600000000000002,FALSE,3.4041666666666663
2023,00-0038476,Tommy DeVito,QB,9,93.54,83.24,10.300000000000002,9,5.87,1.1444444444444448,3.13,FALSE,9.248888888888889
2023,00-0038496,Xavier Gipson,WR,13,56.699999999999996,56.01,0.6899999999999995,1,1.3199999999999998,0.053076923076923035,-0.31999999999999984,FALSE,4.308461538461538
2023,00-0038542,Bijan Robinson,RB,17,246.3,255.97000000000003,-9.670000000000007,8,7.24,-0.5688235294117652,0.7599999999999998,FALSE,15.057058823529413
2023,00-0038543,Jaxon Smith-Njigba,WR,17,149.79999999999998,146.57999999999998,3.2199999999999998,4,3.0600000000000005,0.18941176470588234,0.9399999999999995,FALSE,8.62235294117647
2023,00-0038544,Quentin Johnston,WR,17,94,116.72999999999999,-22.73,2,3.82,-1.3370588235294119,-1.8199999999999998,FALSE,6.866470588235294
2023,00-0038547,Luke Schoonmaker,TE,12,28.199999999999996,34.68,-6.4799999999999995,2,2.1399999999999997,-0.5399999999999999,-0.13999999999999968,FALSE,2.89
2023,00-0038555,Tank Bigsby,RB,13,24.800000000000004,36.88,-12.08,2,2,-0.9292307692307692,0,FALSE,2.8369230769230773
2023,00-0038558,Darnell Washington,TE,9,13.100000000000001,17.630000000000003,-4.529999999999999,0,0.66,-0.5033333333333333,-0.66,FALSE,1.9588888888888891
2023,00-0038559,Michael Wilson,WR,13,112.5,96.89999999999999,15.600000000000003,3,2.7500000000000004,1.2000000000000002,0.24999999999999956,FALSE,7.453846153846153
2023,00-0038563,Tre Tucker,WR,13,71.80000000000001,68.63999999999999,3.1599999999999966,2,2.09,0.2430769230769228,-0.08999999999999986,FALSE,5.279999999999999
2023,00-0038573,Derius Davis,WR,14,31.7,37.510000000000005,-5.81,0,0.9099999999999999,-0.415,-0.9099999999999999,FALSE,2.6792857142857147
2023,00-0038579,Aidan O'Connell,QB,11,129.62,143.58,-13.960000000000006,13,14.2,-1.2690909090909097,-1.1999999999999993,FALSE,13.052727272727275
2023,00-0038589,Josh Whyle,TE,8,24.400000000000002,29.71,-5.3100000000000005,1,1.51,-0.6637500000000001,-0.51,FALSE,3.71375
2023,00-0038597,Chase Brown,RB,10,53.5,44.16,9.34,1,0.58,0.9339999999999999,0.42000000000000004,FALSE,4.4159999999999995
2023,00-0038611,Chris Rodriguez,RB,8,37.900000000000006,36.3,1.5999999999999979,2,2.13,0.19999999999999973,-0.1299999999999999,FALSE,4.5375
2023,00-0038612,A.T. Perry,WR,8,60.599999999999994,34.8,25.800000000000004,4,1.8900000000000001,3.2250000000000005,2.11,TRUE,4.35
2023,00-0038618,Xavier Hutchinson,WR,13,26.8,44.559999999999995,-17.759999999999998,0,1.36,-1.366153846153846,-1.36,FALSE,3.427692307692307
2023,00-0038619,Andrei Iosivas,WR,9,50.6,44.92,5.6800000000000015,4,2.2600000000000002,0.6311111111111113,1.7399999999999998,FALSE,4.9911111111111115
2023,00-0038621,Demario Douglas,WR,14,107.2,120.91000000000001,-13.709999999999997,0,2.0400000000000005,-0.9792857142857141,-2.0400000000000005,FALSE,8.636428571428572
2023,00-0038647,Ronnie Bell,WR,8,30.799999999999997,25.61,5.189999999999998,3,1.33,0.6487499999999997,1.67,FALSE,3.20125
2023,00-0038705,Emari Demercado,RB,11,73.3,74.38,-1.0799999999999987,2,1.1300000000000001,-0.09818181818181806,0.8699999999999999,FALSE,6.761818181818182
2023,00-0038752,Jake Bobo,WR,14,56.89999999999999,43.099999999999994,13.8,3,1.7100000000000002,0.9857142857142858,1.2899999999999998,FALSE,3.0785714285714283
2023,00-0038794,Jaleel McLaughlin,RB,17,106,94.88,11.119999999999994,3,2.18,0.6541176470588231,0.8199999999999998,FALSE,5.581176470588235
2023,00-0038933,Dalton Kincaid,TE,18,174.7,162.31,12.390000000000004,3,3.5700000000000003,0.6883333333333336,-0.5700000000000003,FALSE,9.017222222222223
2023,00-0038938,Jalin Hyatt,WR,13,60.3,63.45000000000001,-3.1500000000000017,0,1.4200000000000004,-0.24230769230769245,-1.4200000000000004,FALSE,4.880769230769231
2023,00-0038941,Tyler Scott,WR,13,35.9,58.519999999999996,-22.619999999999994,0,1.77,-1.7399999999999995,-1.77,FALSE,4.501538461538461
2023,00-0038976,Marvin Mims,WR,15,68.7,61.74000000000001,6.960000000000001,1,1.8800000000000003,0.4640000000000001,-0.8800000000000003,FALSE,4.1160000000000005
2023,00-0038977,Tank Dell,WR,10,164.99999999999997,143.46999999999997,21.530000000000005,7,3.9,2.1530000000000005,3.1,TRUE,14.346999999999998
2023,00-0038979,Cedric Tillman,WR,11,44.199999999999996,69.54,-25.339999999999996,0,2.42,-2.3036363636363633,-2.42,FALSE,6.321818181818182
2023,00-0038994,Jordan Addison,WR,17,221.29999999999998,202.02000000000007,19.279999999999998,10,8.14,1.1341176470588235,1.8599999999999994,FALSE,11.88352941176471
2023,00-0038996,Tucker Kraft,TE,12,91.89999999999999,80.4,11.500000000000002,3,2.13,0.9583333333333335,0.8700000000000001,FALSE,6.7
2023,00-0038997,Josh Downs,WR,17,157.10000000000002,149.73,7.370000000000005,2,2.719999999999999,0.4335294117647062,-0.7199999999999989,FALSE,8.807647058823528
2023,00-0039021,Roschon Johnson,RB,15,102.1,108.53,-6.429999999999998,2,3.3000000000000003,-0.42866666666666653,-1.3000000000000003,FALSE,7.235333333333333
2023,00-0039032,Tyjae Spears,RB,17,153.79999999999998,151.35,2.450000000000003,3,3.0300000000000007,0.14411764705882368,-0.030000000000000693,FALSE,8.902941176470588
2023,00-0039040,De'Von Achane,RB,12,196.69999999999996,141.15999999999997,55.53999999999999,11,5.4399999999999995,4.628333333333333,5.5600000000000005,TRUE,11.76333333333333
2023,00-0039041,Elijah Higgins,TE,9,36.300000000000004,30.6,5.699999999999999,1,0.45000000000000007,0.6333333333333333,0.5499999999999999,FALSE,3.4000000000000004
2023,00-0039052,Trey Palmer,WR,19,112.40000000000002,121.33000000000001,-8.930000000000003,4,3.25,-0.4700000000000002,0.75,FALSE,6.385789473684211
2023,00-0039062,Jonathan Mingo,WR,15,84.80000000000001,123.45000000000002,-38.64999999999999,0,1.4800000000000002,-2.576666666666666,-1.4800000000000002,FALSE,8.23
2023,00-0039064,Zay Flowers,WR,18,235.39999999999998,208.52,26.879999999999995,7,5.389999999999999,1.4933333333333332,1.6100000000000012,TRUE,11.584444444444445
2023,00-0039065,Sam LaPorta,TE,20,283.90000000000003,272.94,10.959999999999997,11,9.23,0.5479999999999998,1.7699999999999996,FALSE,13.647
2023,00-0039066,Michael Mayer,TE,12,71.4,64.13999999999999,7.260000000000002,2,1.17,0.6050000000000001,0.8300000000000001,FALSE,5.344999999999999
2023,00-0039067,Rashee Rice,WR,20,271.19999999999993,222.11999999999995,49.08,8,6.709999999999999,2.4539999999999997,1.290000000000001,TRUE,11.105999999999998
2023,00-0039075,Puka Nacua,WR,18,331.4,301.21,30.189999999999994,7,7.49,1.677222222222222,-0.4900000000000002,TRUE,16.733888888888888
2023,00-0039139,Jahmyr Gibbs,RB,18,292.90000000000003,285.08,7.81999999999999,14,11.899999999999999,0.43444444444444386,2.1000000000000014,FALSE,15.837777777777777
2023,00-0039144,Luke Musgrave,TE,13,93.8,83.99999999999999,9.8,2,1.4000000000000001,0.7538461538461539,0.5999999999999999,FALSE,6.461538461538461
2023,00-0039146,Jayden Reed,WR,18,225.6,181.69000000000003,43.90999999999999,10,5.89,2.439444444444444,4.11,TRUE,10.093888888888891
2023,00-0039150,Bryce Young,QB,16,168.38000000000002,195.35999999999999,-26.979999999999997,11,14.750000000000002,-1.6862499999999998,-3.7500000000000018,FALSE,12.209999999999999
2023,00-0039152,Will Levis,QB,9,106.02,104.97,1.0500000000000016,9,10.500000000000002,0.11666666666666685,-1.5000000000000018,FALSE,11.663333333333334
2023,00-0039163,C.J. Stroud,QB,17,311.97999999999996,292.27,19.71,29,28.89,1.1594117647058824,0.10999999999999943,FALSE,17.19235294117647
2023,00-0039165,Zach Charbonnet,RB,16,106.09999999999998,123.23,-17.130000000000003,1,4.16,-1.0706250000000002,-3.16,FALSE,7.701875
2023,NA,NA,NA,438,0,1252.2699999999986,-1252.2699999999986,0,46.840000000000046,-2.859063926940636,-46.840000000000046,FALSE,2.859063926940636
2024,00-0023459,Aaron Rodgers,QB,17,260.58,262.42,-1.8400000000000052,28,29.010000000000005,-0.10823529411764736,-1.0100000000000051,FALSE,15.436470588235295
2024,00-0026498,Matthew Stafford,QB,18,256.3,273.40999999999997,-17.10999999999999,24,29.08,-0.9505555555555549,-5.079999999999998,FALSE,15.189444444444442
2024,00-0029263,Russell Wilson,QB,12,196.17999999999998,173.25,22.929999999999993,20,17.82,1.9108333333333327,2.1799999999999997,TRUE,14.4375
2024,00-0029604,Kirk Cousins,QB,14,178.31999999999996,185.35999999999999,-7.0400000000000045,18,16.16,-0.5028571428571432,1.8399999999999999,FALSE,13.239999999999998
2024,00-0029892,Kyle Juszczyk,RB,14,57.59999999999999,56.970000000000006,0.6300000000000021,3,1.4000000000000001,0.04500000000000015,1.5999999999999999,FALSE,4.069285714285715
2024,00-0030035,Adam Thielen,WR,10,139.49999999999997,98.44000000000001,41.06,5,3,4.106,2,TRUE,9.844000000000001
2024,00-0030061,Zach Ertz,TE,20,216.9,216.75,0.1499999999999977,8,8.69,0.007499999999999884,-0.6899999999999995,FALSE,10.8375
2024,00-0030279,Keenan Allen,WR,15,184.4,195.73000000000002,-11.329999999999998,7,6.099999999999999,-0.7553333333333332,0.9000000000000012,FALSE,13.048666666666668
2024,00-0030431,Robert Woods,WR,13,42.50000000000001,58.629999999999995,-16.130000000000003,0,1.5800000000000003,-1.240769230769231,-1.5800000000000003,FALSE,4.51
2024,00-0030506,Travis Kelce,TE,19,231.9,259.19,-27.29,4,6.770000000000001,-1.4363157894736842,-2.7700000000000014,FALSE,13.641578947368421
2024,00-0030564,DeAndre Hopkins,WR,19,161.69999999999996,155.52000000000004,6.1800000000000015,6,6.14,0.3252631578947369,-0.13999999999999968,FALSE,8.185263157894738
2024,00-0030565,Geno Smith,QB,17,264.08000000000004,260.21,3.8699999999999983,23,24.25,0.2276470588235293,-1.25,FALSE,15.306470588235292
2024,00-0030578,Cordarrelle Patterson,RB,13,37.5,39.88,-2.3800000000000012,1,0.93,-0.18307692307692316,0.06999999999999995,FALSE,3.0676923076923077
2024,00-0031235,Odell Beckham Jr.,WR,8,14.5,34.410000000000004,-19.909999999999997,0,1.44,-2.4887499999999996,-1.44,FALSE,4.3012500000000005
2024,00-0031236,Brandin Cooks,WR,10,69.6,101.02000000000001,-31.42,3,4.39,-3.1420000000000003,-1.3899999999999997,FALSE,10.102
2024,00-0031280,Derek Carr,QB,10,150.9,147.89999999999998,3,16,14.850000000000003,0.3,1.1499999999999968,FALSE,14.789999999999997
2024,00-0031381,Davante Adams,WR,14,241.3,241.69999999999996,-0.3999999999999986,8,9.54,-0.02857142857142847,-1.5399999999999991,FALSE,17.264285714285712
2024,00-0031408,Mike Evans,WR,15,262.6,235.28,27.319999999999993,12,9.930000000000001,1.8213333333333328,2.0699999999999985,TRUE,15.685333333333334
2024,00-0031503,Jameis Winston,QB,11,135.14,136.83999999999997,-1.6999999999999993,14,12.92,-0.15454545454545449,1.08,FALSE,12.439999999999998
2024,00-0031544,Amari Cooper,WR,16,138.8,147.64,-8.840000000000003,5,3.41,-0.5525000000000002,1.5899999999999999,FALSE,9.2275
2024,00-0031549,Nelson Agholor,WR,15,52.6,56.11,-3.510000000000001,2,1.5999999999999999,-0.23400000000000007,0.40000000000000013,FALSE,3.740666666666667
2024,00-0031588,Stefon Diggs,WR,8,121.92,112.5,9.42,4,2.6,1.1775,1.4,FALSE,14.0625
2024,00-0031595,Michael Burton,RB,11,29.3,30.37,-1.07,2,2.52,-0.09727272727272727,-0.52,FALSE,2.760909090909091
2024,00-0031687,Raheem Mostert,RB,12,70.9,86.88,-15.979999999999997,2,2.9900000000000007,-1.3316666666666663,-0.9900000000000007,FALSE,7.239999999999999
2024,00-0032104,Ameer Abdullah,RB,13,125.2,115.35,9.85,5,4.25,0.7576923076923077,0.75,FALSE,8.873076923076923
2024,00-0032211,Tyler Lockett,WR,17,121.00000000000001,129.19,-8.189999999999998,2,4.35,-0.4817647058823528,-2.3499999999999996,FALSE,7.5994117647058825
2024,00-0032385,Sterling Shepard,WR,13,80.29999999999998,95.19,-14.889999999999997,1,2.83,-1.1453846153846152,-1.83,FALSE,7.322307692307692
2024,00-0032392,Austin Hooper,TE,17,108.60000000000001,93.23,15.370000000000005,3,2.3100000000000005,0.9041176470588238,0.6899999999999995,FALSE,5.484117647058824
2024,00-0032394,Nick Vannett,TE,12,48.5,35.01,13.49,3,1.67,1.1241666666666668,1.33,FALSE,2.9175
2024,00-0032464,Kalif Raymond,WR,11,57.2,46.809999999999995,10.39,2,0.77,0.9445454545454546,1.23,FALSE,4.255454545454545
2024,00-0032764,Derrick Henry,RB,19,381.4,287.70000000000005,93.69999999999999,21,15.719999999999999,4.93157894736842,5.280000000000001,TRUE,15.142105263157896
2024,00-0032775,Demarcus Robinson,WR,19,137.2,144.48000000000002,-7.279999999999999,7,6.489999999999998,-0.3831578947368421,0.5100000000000016,FALSE,7.60421052631579
2024,00-0033009,Tyler Boyd,WR,15,78.30000000000001,89.22000000000001,-10.92,0,2.2199999999999998,-0.728,-2.2199999999999998,FALSE,5.948000000000001
2024,00-0033040,Tyreek Hill,WR,17,218.20000000000002,226.01999999999998,-7.819999999999998,6,7.45,-0.45999999999999985,-1.4500000000000002,FALSE,13.295294117647058
2024,00-0033045,Ezekiel Elliott,RB,15,57.500000000000014,66.53999999999999,-9.04,3,2.720000000000001,-0.6026666666666666,0.2799999999999989,FALSE,4.435999999999999
2024,00-0033077,Dak Prescott,QB,8,118.52000000000001,126.86,-8.34,12,11.33,-1.0425,0.6699999999999999,FALSE,15.8575
2024,00-0033090,Hunter Henry,TE,16,145.4,150.4,-5.000000000000002,2,4.379999999999999,-0.3125000000000001,-2.379999999999999,FALSE,9.4
2024,00-0033106,Jared Goff,QB,18,332.03999999999996,327.00999999999993,5.029999999999994,39,36.47,0.2794444444444441,2.530000000000001,FALSE,18.167222222222218
2024,00-0033217,Mo Alie-Cox,TE,12,32.7,42.660000000000004,-9.96,1,1.89,-0.8300000000000001,-0.8899999999999999,FALSE,3.555
2024,00-0033246,Johnny Mundt,TE,14,50,53.71999999999999,-3.7199999999999998,2,1.98,-0.2657142857142857,0.020000000000000018,FALSE,3.8371428571428567
2024,00-0033282,Curtis Samuel,WR,17,89.80000000000001,91.32,-1.5199999999999971,3,2.66,-0.08941176470588219,0.33999999999999986,FALSE,5.371764705882352
2024,00-0033288,George Kittle,TE,15,236.59999999999994,177.77,58.83,8,6.910000000000001,3.9219999999999997,1.089999999999999,TRUE,11.851333333333335
2024,00-0033293,Aaron Jones,RB,18,250.60000000000005,286.59000000000003,-35.989999999999995,7,13.420000000000002,-1.9994444444444441,-6.420000000000002,FALSE,15.921666666666669
2024,00-0033307,Kendrick Bourne,WR,12,65.1,57.78,7.319999999999999,1,1.22,0.61,-0.21999999999999997,FALSE,4.815
2024,00-0033357,Taysom Hill,TE,8,102.34,79.85000000000001,22.489999999999995,6,2.79,2.8112499999999994,3.21,TRUE,9.981250000000001
2024,00-0033375,Tim Patrick,WR,16,95.6,100.35000000000001,-4.749999999999998,3,3.7099999999999995,-0.2968749999999999,-0.7099999999999995,FALSE,6.2718750000000005
2024,00-0033439,Pharaoh Brown,TE,8,12.500000000000002,19.859999999999996,-7.359999999999999,0,0.5700000000000001,-0.9199999999999999,-0.5700000000000001,FALSE,2.4824999999999995
2024,00-0033526,Samaje Perine,RB,20,82.4,71.75999999999999,10.64,2,2.19,0.532,-0.18999999999999995,FALSE,3.5879999999999996
2024,00-0033536,Mike Williams,WR,15,61.5,57.919999999999995,3.579999999999999,1,1.4100000000000001,0.2386666666666666,-0.41000000000000014,FALSE,3.861333333333333
2024,00-0033553,James Conner,RB,16,251.8,243.4,8.399999999999988,9,10.719999999999999,0.5249999999999992,-1.7199999999999989,FALSE,15.2125
2024,00-0033555,Mack Hollins,WR,19,120.20000000000002,110.66,9.54,6,4.81,0.5021052631578947,1.1900000000000004,FALSE,5.824210526315789
2024,00-0033576,Eric Saubert,TE,8,25,26.689999999999998,-1.6899999999999995,1,1.17,-0.21124999999999994,-0.16999999999999993,FALSE,3.3362499999999997
2024,00-0033589,David Moore,WR,14,85.10000000000001,100.05000000000003,-14.95,3,3.8800000000000003,-1.0678571428571428,-0.8800000000000003,FALSE,7.146428571428573
2024,00-0033591,Noah Brown,WR,11,86.3,94.27000000000001,-7.970000000000001,1,1.4400000000000002,-0.7245454545454546,-0.44000000000000017,FALSE,8.57
2024,00-0033662,Cooper Rush,QB,12,111.56000000000002,134.9,-23.340000000000003,12,13.819999999999999,-1.9450000000000003,-1.8199999999999985,FALSE,11.241666666666667
2024,00-0033699,Austin Ekeler,RB,15,159.6,155.8,3.79999999999999,4,5.7700000000000005,0.2533333333333327,-1.7700000000000005,FALSE,10.386666666666667
2024,00-0033854,Dare Ogunbowale,RB,17,58.39999999999999,66.83999999999999,-8.440000000000003,1,2.5799999999999987,-0.4964705882352943,-1.5799999999999987,FALSE,3.9317647058823524
2024,00-0033857,JuJu Smith-Schuster,WR,14,64.7,53.23,11.47,2,1.5,0.8192857142857143,0.5,FALSE,3.802142857142857
2024,00-0033858,Jonnu Smith,TE,17,222.29999999999998,186.73999999999998,35.56,8,5.67,2.091764705882353,2.33,TRUE,10.98470588235294
2024,00-0033869,Mitchell Trubisky,QB,9,14.959999999999999,12.36,2.5999999999999996,2,1.57,0.28888888888888886,0.42999999999999994,FALSE,1.3733333333333333
2024,00-0033873,Patrick Mahomes,QB,19,347.38,359.67,-12.289999999999988,35,39.16000000000001,-0.6468421052631573,-4.160000000000011,FALSE,18.93
2024,00-0033881,Evan Engram,TE,9,89.49999999999999,99.52000000000001,-10.020000000000003,1,0.8300000000000001,-1.1133333333333337,0.16999999999999993,FALSE,11.05777777777778
2024,00-0033885,David Njoku,TE,11,148.5,156.82000000000002,-8.319999999999997,5,5.51,-0.756363636363636,-0.5099999999999998,FALSE,14.256363636363638
2024,00-0033895,Gerald Everett,TE,9,11.6,21.6,-10,0,0.76,-1.1111111111111112,-0.76,FALSE,2.4000000000000004
2024,00-0033897,Joe Mixon,RB,16,275.4,277.21999999999997,-1.8200000000000056,14,12.929999999999998,-0.11375000000000035,1.070000000000002,FALSE,17.326249999999998
2024,00-0033906,Alvin Kamara,RB,14,265.3,274.8,-9.500000000000009,8,8.2,-0.6785714285714292,-0.1999999999999993,FALSE,19.62857142857143
2024,00-0033908,Cooper Kupp,WR,14,190,180.69,9.309999999999995,6,4.58,0.6649999999999997,1.42,FALSE,12.906428571428572
2024,00-0033923,Kareem Hunt,RB,16,183.4,212.86,-29.46,9,12.18,-1.84125,-3.1799999999999997,FALSE,13.30375
2024,00-0033925,D'Onta Foreman,RB,10,32.6,59.43000000000001,-26.83,0,3.39,-2.683,-3.39,FALSE,5.9430000000000005
2024,00-0033943,Josh Reynolds,WR,8,38.4,37.449999999999996,0.9500000000000024,1,0.9600000000000001,0.1187500000000003,0.039999999999999925,FALSE,4.6812499999999995
2024,00-0033948,Jamaal Williams,RB,13,37.1,41.79999999999999,-4.699999999999998,1,1.1800000000000002,-0.3615384615384614,-0.18000000000000016,FALSE,3.2153846153846146
2024,00-0033955,Jeremy McNichols,RB,16,70.70000000000002,61.529999999999994,9.170000000000003,5,3.02,0.5731250000000002,1.98,FALSE,3.8456249999999996
2024,00-0034159,Will Dissly,TE,16,113.7,108.33999999999999,5.360000000000001,2,2.1600000000000006,0.3350000000000001,-0.1600000000000006,FALSE,6.771249999999999
2024,00-0034184,Gus Edwards,RB,12,66.3,76.25999999999999,-9.960000000000003,4,4.04,-0.8300000000000002,-0.040000000000000036,FALSE,6.3549999999999995
2024,00-0034270,Tyler Conklin,TE,16,121.9,123.88,-1.980000000000004,4,4.079999999999999,-0.12375000000000025,-0.07999999999999918,FALSE,7.7425
2024,00-0034272,Marquez Valdes-Scantling,WR,13,84.5,83.06,1.4399999999999986,4,2.55,0.11076923076923066,1.4500000000000002,FALSE,6.389230769230769
2024,00-0034348,Courtland Sutton,WR,17,252.79999999999998,250.78000000000003,2.019999999999996,9,8.899999999999999,0.11882352941176447,0.10000000000000142,FALSE,14.751764705882355
2024,00-0034351,Dallas Goedert,TE,14,149.39999999999998,125.17,24.23,3,3.94,1.7307142857142856,-0.94,TRUE,8.940714285714286
2024,00-0034364,Jordan Akins,TE,16,91,83.25,7.749999999999999,2,1.46,0.48437499999999994,0.54,FALSE,5.203125
2024,00-0034383,Dalton Schultz,TE,19,132.8,148.54,-15.739999999999991,2,2.2200000000000006,-0.8284210526315785,-0.22000000000000064,FALSE,7.817894736842105
2024,00-0034386,Justin Watson,WR,16,64.9,58.510000000000005,6.389999999999999,2,1.8699999999999999,0.3993749999999999,0.13000000000000012,FALSE,3.6568750000000003
2024,00-0034407,Ray-Ray McCloud,WR,17,142.49999999999997,147.04999999999998,-4.5500000000000025,1,1.8500000000000005,-0.26764705882352957,-0.8500000000000005,FALSE,8.649999999999999
2024,00-0034418,Cedrick Wilson Jr.,WR,10,51.94,40.6,11.34,2,0.76,1.134,1.24,FALSE,4.0600000000000005
2024,00-0034487,Trent Sherfield,WR,9,25.100000000000005,20.57,4.53,1,0.4000000000000001,0.5033333333333334,0.5999999999999999,FALSE,2.285555555555556
2024,00-0034521,Allen Lazard,WR,12,126,101.49000000000001,24.51,6,3.36,2.0425,2.64,TRUE,8.457500000000001
2024,00-0034613,Tanner Hudson,TE,9,38.5,39.92999999999999,-1.4299999999999982,1,1.33,-0.1588888888888887,-0.33000000000000007,FALSE,4.436666666666666
2024,00-0034753,Mark Andrews,TE,19,203.4,157.68,45.72,11,6.54,2.406315789473684,4.46,TRUE,8.298947368421054
2024,00-0034771,Mason Rudolph,QB,8,96.11999999999999,95.49,0.6299999999999986,10,8.63,0.07874999999999982,1.3699999999999992,FALSE,11.93625
2024,00-0034775,Christian Kirk,WR,8,70.9,80.21,-9.309999999999995,1,2.01,-1.1637499999999994,-1.0099999999999998,FALSE,10.02625
2024,00-0034791,Nick Chubb,RB,8,63.3,79.74,-16.44,4,3.9199999999999995,-2.055,0.08000000000000052,FALSE,9.9675
2024,00-0034796,Lamar Jackson,QB,19,475.54,372.31000000000006,103.22999999999999,49,33.769999999999996,5.4331578947368415,15.230000000000004,TRUE,19.59526315789474
2024,00-0034798,Durham Smythe,TE,13,14.3,28.789999999999996,-14.489999999999998,0,0.9800000000000001,-1.1146153846153846,-0.9800000000000001,FALSE,2.214615384615384
2024,00-0034827,DJ Moore,WR,17,238.1,237.52999999999997,0.5700000000000056,6,5.849999999999999,0.03352941176470621,0.15000000000000124,FALSE,13.972352941176469
2024,00-0034829,Mike Gesicki,TE,16,141.50000000000003,144.13,-2.629999999999996,2,4.15,-0.16437499999999974,-2.1500000000000004,FALSE,9.008125
2024,00-0034837,Calvin Ridley,WR,17,199.20000000000002,199.74,-0.5399999999999974,5,4.65,-0.031764705882352785,0.34999999999999964,FALSE,11.749411764705883
2024,00-0034844,Saquon Barkley,RB,20,455.69999999999993,375.19000000000005,80.51000000000002,20,16.57,4.025500000000001,3.4299999999999997,TRUE,18.759500000000003
2024,00-0034855,Baker Mayfield,QB,18,383.13999999999993,342.21,40.93000000000001,46,36.83,2.273888888888889,9.170000000000002,TRUE,19.011666666666667
2024,00-0034857,Josh Allen,QB,19,442,417.0999999999999,24.9,46,46.480000000000004,1.3105263157894735,-0.480000000000004,TRUE,21.952631578947365
2024,00-0034860,Dante Pettis,WR,8,32,43.989999999999995,-11.990000000000002,1,1.56,-1.4987500000000002,-0.56,FALSE,5.498749999999999
2024,00-0034869,Sam Darnold,QB,18,325.6599999999999,346.75,-21.089999999999996,37,40.16000000000001,-1.1716666666666664,-3.160000000000011,FALSE,19.26388888888889
2024,00-0034960,Jakobi Meyers,WR,15,217.99999999999997,207.94,10.060000000000002,4,4.85,0.6706666666666669,-0.8499999999999996,FALSE,13.862666666666666
2024,00-0034972,Alexander Mattison,RB,14,137.4,159.4,-21.999999999999996,5,6.589999999999999,-1.5714285714285712,-1.589999999999999,FALSE,11.385714285714286
2024,00-0034975,Justice Hill,RB,17,146.79999999999998,123.84999999999998,22.95,5,2.94,1.3499999999999999,2.06,TRUE,7.285294117647058
2024,00-0034981,Foster Moreau,TE,15,103.3,87.88999999999999,15.41,5,4.539999999999998,1.0273333333333334,0.46000000000000174,FALSE,5.859333333333333
2024,00-0035021,Ashton Dulin,WR,9,19.199999999999996,20.48,-1.2799999999999994,1,0.8300000000000001,-0.14222222222222214,0.16999999999999993,FALSE,2.2755555555555556
2024,00-0035125,Alec Ingold,RB,9,26.299999999999997,23.099999999999998,3.1999999999999993,1,0.6100000000000001,0.35555555555555546,0.3899999999999999,FALSE,2.5666666666666664
2024,00-0035208,Olamide Zaccheaus,WR,18,127.89999999999998,123.22,4.68,3,2.83,0.26,0.16999999999999993,FALSE,6.845555555555555
2024,00-0035216,Diontae Johnson,WR,12,91.30000000000001,125.81,-34.510000000000005,3,5.6,-2.875833333333334,-2.5999999999999996,FALSE,10.484166666666667
2024,00-0035228,Kyler Murray,QB,17,299.24,305.54999999999995,-6.309999999999993,26,29.09,-0.3711764705882349,-3.09,FALSE,17.9735294117647
2024,00-0035229,T.J. Hockenson,TE,11,103.9,114.94,-11.040000000000001,1,2.09,-1.0036363636363637,-1.0899999999999999,FALSE,10.44909090909091
2024,00-0035243,Miles Sanders,RB,11,77.3,77.43,-0.13000000000000156,3,2.18,-0.01181818181818196,0.8199999999999998,FALSE,7.03909090909091
2024,00-0035249,Josh Oliver,TE,12,67.3,55.46,11.84,3,2.01,0.9866666666666667,0.9900000000000002,FALSE,4.621666666666667
2024,00-0035250,Devin Singletary,RB,15,96.6,95.68999999999998,0.9100000000000035,4,3,0.060666666666666896,1,FALSE,6.379333333333332
2024,00-0035261,Tony Pollard,RB,16,200.7,214.4,-13.700000000000006,5,4.3,-0.8562500000000004,0.7000000000000002,FALSE,13.4
2024,00-0035289,Gardner Minshew,QB,10,102.32000000000001,115.33999999999999,-13.020000000000003,9,10.59,-1.3020000000000003,-1.5899999999999999,FALSE,11.533999999999999
2024,00-0035406,Lil'Jordan Humphrey,WR,14,64.3,75.79,-11.490000000000002,1,2.4599999999999995,-0.8207142857142858,-1.4599999999999995,FALSE,5.413571428571429
2024,00-0035500,Greg Dortch,WR,17,90.29999999999998,83.67999999999999,6.619999999999996,3,2.2100000000000004,0.3894117647058821,0.7899999999999996,FALSE,4.92235294117647
2024,00-0035535,Darius Slayton,WR,16,110,115.98,-5.98,2,2.6899999999999995,-0.37375,-0.6899999999999995,FALSE,7.24875
2024,00-0035537,Ty Johnson,RB,20,114.5,89.17999999999999,25.320000000000004,5,4.039999999999998,1.2660000000000002,0.9600000000000017,TRUE,4.459
2024,00-0035628,D'Ernest Johnson,RB,12,35.900000000000006,51.49999999999999,-15.600000000000001,0,1.9000000000000001,-1.3,-1.9000000000000001,FALSE,4.291666666666666
2024,00-0035631,Drew Sample,TE,11,36.5,37.09,-0.5899999999999996,1,1.1400000000000001,-0.0536363636363636,-0.14000000000000012,FALSE,3.371818181818182
2024,00-0035640,DK Metcalf,WR,15,191.2,189.43999999999994,1.7599999999999971,5,5.129999999999999,0.11733333333333314,-0.129999999999999,FALSE,12.62933333333333
2024,00-0035644,Noah Fant,TE,14,104,99.48000000000002,4.520000000000004,1,1.9500000000000002,0.3228571428571431,-0.9500000000000002,FALSE,7.105714285714287
2024,00-0035659,Terry McLaurin,WR,20,322.5,269.72,52.77999999999999,16,10.810000000000002,2.6389999999999993,5.189999999999998,TRUE,13.486
2024,00-0035676,A.J. Brown,WR,17,257.2,221.6,35.60000000000001,9,7.659999999999999,2.094117647058824,1.3400000000000007,TRUE,13.035294117647059
2024,00-0035685,David Montgomery,RB,15,225.32000000000002,214.43,10.889999999999995,13,12.879999999999999,0.7259999999999996,0.120000000000001,FALSE,14.295333333333334
2024,00-0035689,Dawson Knox,TE,17,67.60000000000001,73.32000000000001,-5.720000000000001,1,2.4899999999999998,-0.33647058823529413,-1.4899999999999998,FALSE,4.312941176470589
2024,00-0035700,Josh Jacobs,RB,18,314.20000000000005,283.84999999999997,30.350000000000012,17,14.18,1.6861111111111118,2.8200000000000003,TRUE,15.769444444444442
2024,00-0035710,Daniel Jones,QB,10,139.29999999999998,166.96999999999997,-27.669999999999995,10,13.290000000000001,-2.7669999999999995,-3.290000000000001,FALSE,16.696999999999996
2024,00-0035719,Deebo Samuel Sr.,WR,14,155.6,172.17,-16.569999999999993,4,5.03,-1.183571428571428,-1.0300000000000002,FALSE,12.297857142857142
2024,00-0035806,JaMycal Hasty,RB,9,28.799999999999997,26.02,2.7799999999999994,1,0.18000000000000002,0.3088888888888888,0.82,FALSE,2.891111111111111
2024,00-0036040,Juwan Johnson,TE,15,122.8,110.96,11.839999999999998,3,2.08,0.7893333333333332,0.9199999999999999,FALSE,7.397333333333333
2024,00-0036139,Rico Dowdle,RB,16,197.8,204.10000000000002,-6.299999999999997,5,6.0200000000000005,-0.3937499999999998,-1.0200000000000005,FALSE,12.756250000000001
2024,00-0036158,J.K. Dobbins,RB,14,193.4,183.44,9.959999999999994,9,7.0200000000000005,0.711428571428571,1.9799999999999995,FALSE,13.102857142857143
2024,00-0036182,Nick Westbrook-Ikhine,WR,13,135.70000000000002,101.39999999999999,34.30000000000001,9,4.079999999999999,2.6384615384615393,4.920000000000001,TRUE,7.799999999999999
2024,00-0036196,Gabe Davis,WR,9,54.599999999999994,82.62000000000002,-28.020000000000003,2,4.38,-3.1133333333333337,-2.38,FALSE,9.180000000000001
2024,00-0036212,Tua Tagovailoa,QB,11,186.5,183.92,2.580000000000009,19,19.240000000000002,0.23454545454545536,-0.240000000000002,FALSE,16.72
2024,00-0036223,Jonathan Taylor,RB,14,244.7,246.14999999999998,-1.4499999999999957,12,12.219999999999999,-0.10357142857142827,-0.21999999999999886,FALSE,17.582142857142856
2024,00-0036244,Colby Parkinson,TE,17,77.60000000000001,93.33,-15.730000000000004,2,3.4699999999999998,-0.925294117647059,-1.4699999999999998,FALSE,5.49
2024,00-0036251,Zack Moss,RB,8,81.9,96.93,-15.030000000000005,3,4.92,-1.8787500000000006,-1.92,FALSE,12.11625
2024,00-0036252,Michael Pittman,WR,16,165.79999999999998,191.57999999999998,-25.780000000000005,3,3.9299999999999993,-1.6112500000000003,-0.9299999999999993,FALSE,11.973749999999999
2024,00-0036259,Jauan Jennings,WR,15,210.49999999999997,202.35000000000005,8.149999999999997,6,6.500000000000001,0.5433333333333331,-0.5000000000000009,FALSE,13.490000000000004
2024,00-0036264,Jordan Love,QB,16,237.33999999999997,236.91,0.42999999999999616,26,27.43,0.02687499999999976,-1.4299999999999997,FALSE,14.806875
2024,00-0036275,D'Andre Swift,RB,17,214.50000000000003,222.14000000000001,-7.640000000000006,6,6.6,-0.4494117647058827,-0.5999999999999996,FALSE,13.067058823529413
2024,00-0036290,Cole Kmet,TE,15,120.4,92.92999999999999,27.470000000000002,4,1.9900000000000002,1.8313333333333335,2.01,TRUE,6.195333333333333
2024,00-0036309,Darnell Mooney,WR,16,193.19999999999996,182.82999999999998,10.369999999999997,5,3.5,0.6481249999999998,1.5,FALSE,11.426874999999999
2024,00-0036322,Justin Jefferson,WR,18,328.28,310.09,18.190000000000015,10,11.049999999999999,1.0105555555555563,-1.049999999999999,FALSE,17.22722222222222
2024,00-0036328,Antonio Gibson,RB,17,103.29999999999998,105.5,-2.200000000000002,1,2.5000000000000004,-0.12941176470588248,-1.5000000000000004,FALSE,6.205882352941177
2024,00-0036331,Devin Duvernay,WR,10,19.2,28.080000000000002,-8.879999999999999,0,0.8,-0.8879999999999999,-0.8,FALSE,2.8080000000000003
2024,00-0036355,Justin Herbert,QB,18,292.56,276.7,15.859999999999992,26,26.83,0.8811111111111107,-0.8299999999999983,FALSE,15.372222222222222
2024,00-0036358,CeeDee Lamb,WR,15,263.4,261.11,2.2900000000000045,6,6.1899999999999995,0.15266666666666698,-0.1899999999999995,FALSE,17.407333333333334
2024,00-0036389,Jalen Hurts,QB,19,417.56000000000006,394.8499999999999,22.709999999999994,42,41.120000000000005,1.1952631578947366,0.8799999999999955,TRUE,20.781578947368416
2024,00-0036407,Jerry Jeudy,WR,17,240.90000000000003,224.88,16.019999999999996,4,4.699999999999999,0.9423529411764704,-0.6999999999999993,FALSE,13.228235294117647
2024,00-0036410,Tee Higgins,WR,12,222.10000000000005,202.62,19.480000000000004,10,8.969999999999999,1.6233333333333337,1.0300000000000011,FALSE,16.885
2024,00-0036414,Cam Akers,RB,16,97.10000000000002,91.99,5.109999999999999,5,3.34,0.31937499999999996,1.6600000000000001,FALSE,5.749375
2024,00-0036415,Van Jefferson,WR,16,75.3,70.76999999999998,4.5299999999999985,3,2.8699999999999997,0.2831249999999999,0.13000000000000034,FALSE,4.423124999999999
2024,00-0036422,Adam Trautman,TE,14,45,39.68000000000001,5.319999999999999,2,1.22,0.37999999999999995,0.78,FALSE,2.834285714285715
2024,00-0036427,Tyler Johnson,WR,11,61.099999999999994,65.78999999999999,-4.6899999999999995,1,2.16,-0.42636363636363633,-1.1600000000000001,FALSE,5.9809090909090905
2024,00-0036429,Charlie Woerner,TE,8,11.6,17.91,-6.3100000000000005,0,0.04,-0.7887500000000001,-0.04,FALSE,2.23875
2024,00-0036442,Joe Burrow,QB,17,382.82,368.97,13.850000000000005,45,47.88999999999999,0.8147058823529415,-2.8899999999999935,FALSE,21.704117647058826
2024,00-0036527,DJ Turner,WR,10,47.1,45.029999999999994,2.0700000000000003,2,0.7200000000000001,0.20700000000000002,1.2799999999999998,FALSE,4.502999999999999
2024,00-0036550,Rashod Bateman,WR,18,201.59999999999997,151.41000000000003,50.19000000000001,11,5.820000000000001,2.788333333333334,5.179999999999999,TRUE,8.411666666666669
2024,00-0036554,Nico Collins,WR,14,248.9,212.91,35.99,8,7.07,2.5707142857142857,0.9299999999999997,TRUE,15.207857142857142
2024,00-0036555,Chuba Hubbard,RB,15,241.6,244.88,-3.279999999999998,11,12.02,-0.21866666666666654,-1.0199999999999996,FALSE,16.325333333333333
2024,00-0036613,Jaylen Waddle,WR,15,151.89999999999998,142.45,9.449999999999996,2,2.99,0.6299999999999997,-0.9900000000000002,FALSE,9.496666666666666
2024,00-0036626,Dyami Brown,WR,18,108.30000000000001,104.28000000000002,4.019999999999998,2,3.1999999999999997,0.22333333333333322,-1.1999999999999997,FALSE,5.793333333333334
2024,00-0036628,John Bates,TE,13,20.500000000000004,33.99,-13.489999999999998,0,1.3199999999999998,-1.0376923076923075,-1.3199999999999998,FALSE,2.6146153846153846
2024,00-0036630,Tylan Wallace,WR,10,43.10000000000001,23.27,19.83,1,0.09,1.9829999999999999,0.91,FALSE,2.327
2024,00-0036637,Noah Gray,TE,18,118.79999999999998,93.06999999999998,25.730000000000004,5,3.2699999999999996,1.4294444444444447,1.7300000000000004,TRUE,5.170555555555555
2024,00-0036754,Brock Wright,TE,10,35,35.71000000000001,-0.7099999999999991,2,1.98,-0.07099999999999991,0.020000000000000018,FALSE,3.5710000000000006
2024,00-0036849,Tutu Atwell,WR,16,101.7,108.94,-7.24,0,1.4300000000000002,-0.4525,-1.4300000000000002,FALSE,6.80875
2024,00-0036875,Rhamondre Stevenson,RB,15,175.50000000000003,183.45000000000002,-7.950000000000003,8,7.8999999999999995,-0.5300000000000001,0.10000000000000053,FALSE,12.23
2024,00-0036876,Kylen Granson,TE,14,32.2,50.50000000000001,-18.3,0,1.1,-1.3071428571428572,-1.1,FALSE,3.6071428571428577
2024,00-0036887,Luke Farrell,TE,10,18.7,25.160000000000004,-6.459999999999999,0,0.4,-0.6459999999999999,-0.4,FALSE,2.5160000000000005
2024,00-0036893,Najee Harris,RB,18,213.4,223.35000000000002,-9.949999999999992,6,7.36,-0.5527777777777774,-1.3600000000000003,FALSE,12.408333333333335
2024,00-0036894,Pat Freiermuth,TE,18,175,126.07000000000002,48.93,7,2.94,2.7183333333333333,4.0600000000000005,TRUE,7.00388888888889
2024,00-0036900,Ja'Marr Chase,WR,17,403,318.91999999999996,84.08,17,12.640000000000002,4.945882352941176,4.359999999999998,TRUE,18.759999999999998
2024,00-0036906,Khalil Herbert,RB,8,31.499999999999996,45.53000000000001,-14.030000000000003,1,2.5,-1.7537500000000004,-1.5,FALSE,5.691250000000001
2024,00-0036912,DeVonta Smith,WR,17,240.4,184.95999999999998,55.440000000000005,9,5.66,3.261176470588236,3.34,TRUE,10.879999999999999
2024,00-0036919,Kenneth Gainwell,RB,20,72.39999999999999,93.78,-21.380000000000003,1,3.5699999999999994,-1.0690000000000002,-2.5699999999999994,FALSE,4.689
2024,00-0036945,Justin Fields,QB,11,121.30000000000001,113.19000000000001,8.110000000000008,10,9.76,0.7372727272727281,0.2400000000000002,FALSE,10.290000000000001
2024,00-0036963,Amon-Ra St. Brown,WR,18,349.88,294.15,55.72999999999999,15,9.920000000000002,3.0961111111111106,5.079999999999998,TRUE,16.341666666666665
2024,00-0036970,Kyle Pitts,TE,17,131.20000000000002,129.16,2.0400000000000045,4,4.359999999999999,0.12000000000000026,-0.35999999999999943,FALSE,7.597647058823529
2024,00-0036971,Trevor Lawrence,QB,10,148.18,159.57000000000002,-11.389999999999999,14,17.57,-1.1389999999999998,-3.5700000000000003,FALSE,15.957000000000003
2024,00-0036972,Mac Jones,QB,10,98.08,118.20000000000002,-20.12,9,10.23,-2.012,-1.2300000000000004,FALSE,11.820000000000002
2024,00-0036973,Travis Etienne,RB,15,130.2,162.01999999999998,-31.82,2,4.76,-2.1213333333333333,-2.76,FALSE,10.801333333333332
2024,00-0036980,Elijah Moore,WR,17,120.89999999999999,154.58999999999997,-33.69,1,2.64,-1.9817647058823529,-1.6400000000000001,FALSE,9.093529411764704
2024,00-0036984,Trey Sermon,RB,14,53.8,73.83999999999999,-20.04,2,4.33,-1.4314285714285713,-2.33,FALSE,5.274285714285713
2024,00-0036988,Josh Palmer,WR,15,106.49999999999997,118.86,-12.360000000000003,1,3.4299999999999997,-0.8240000000000002,-2.4299999999999997,FALSE,7.924
2024,00-0036997,Javonte Williams,RB,18,164.20000000000007,200.23000000000002,-36.03000000000001,4,6.77,-2.001666666666667,-2.7699999999999996,FALSE,11.12388888888889
2024,00-0037004,Hunter Long,TE,8,15.3,17.93,-2.6300000000000003,0,0.12000000000000001,-0.32875000000000004,-0.12000000000000001,FALSE,2.24125
2024,00-0037005,Tommy Tremble,TE,10,56.4,50.16,6.24,2,1.4500000000000002,0.624,0.5499999999999998,FALSE,5.016
2024,00-0037086,Grant Calcaterra,TE,14,61.199999999999996,48.61,12.59,1,0.76,0.8992857142857142,0.24,FALSE,3.472142857142857
2024,00-0037091,Bo Melton,WR,12,25.100000000000005,40.43,-15.330000000000002,0,1.58,-1.2775,-1.58,FALSE,3.3691666666666666
2024,00-0037120,Tyler Goodson,RB,9,44.4,42.61,1.7899999999999987,2,1.5100000000000002,0.19888888888888875,0.48999999999999977,FALSE,4.734444444444445
2024,00-0037197,Isiah Pacheco,RB,10,65.30000000000001,93.36,-28.060000000000002,1,3.929999999999999,-2.806,-2.929999999999999,FALSE,9.336
2024,00-0037228,Jaylen Warren,RB,16,130.60000000000002,140.18,-9.579999999999998,1,3.309999999999999,-0.5987499999999999,-2.309999999999999,FALSE,8.76125
2024,00-0037231,Kevin Austin Jr.,WR,8,27,34.35,-7.35,0,0.21,-0.91875,-0.21,FALSE,4.29375
2024,00-0037238,Drake London,WR,17,280.79999999999995,286.64,-5.84,9,9.66,-0.34352941176470586,-0.6600000000000001,FALSE,16.861176470588234
2024,00-0037239,Chris Olave,WR,8,76.7,79.36,-2.660000000000003,1,2.36,-0.33250000000000035,-1.3599999999999999,FALSE,9.92
2024,00-0037240,Jameson Williams,WR,16,214.2,198.02,16.180000000000007,8,5.970000000000001,1.0112500000000004,2.0299999999999994,FALSE,12.37625
2024,00-0037247,George Pickens,WR,15,182.10000000000002,181.06999999999996,1.0299999999999976,4,6.4799999999999995,0.0686666666666665,-2.4799999999999995,FALSE,12.071333333333332
2024,00-0037248,James Cook,RB,19,324.29999999999995,258.25,66.05000000000001,21,14.649999999999999,3.4763157894736847,6.350000000000001,TRUE,13.592105263157896
2024,00-0037256,Rachaad White,RB,16,203.10000000000002,182.44000000000003,20.660000000000004,9,7.070000000000001,1.2912500000000002,1.9299999999999988,TRUE,11.402500000000002
2024,00-0037258,Dameon Pierce,RB,11,46,28.790000000000003,17.209999999999994,2,0.54,1.564545454545454,1.46,FALSE,2.6172727272727276
2024,00-0037261,Khalil Shakir,WR,18,217.89999999999998,194.38,23.520000000000003,4,3.54,1.3066666666666669,0.45999999999999996,TRUE,10.79888888888889
2024,00-0037263,Tyler Allgeier,RB,17,106.2,105.59999999999998,0.6000000000000054,3,4.62,0.03529411764705914,-1.62,FALSE,6.211764705882352
2024,00-0037267,Jerome Ford,RB,14,134,115.43,18.57,3,2.4000000000000004,1.3264285714285715,0.5999999999999996,FALSE,8.245000000000001
2024,00-0037276,Ty Chandler,RB,10,28.4,40.84,-12.440000000000001,0,1.18,-1.2440000000000002,-1.18,FALSE,4.0840000000000005
2024,00-0037291,Jalen Nailor,WR,16,111.30000000000001,96.51000000000002,14.79,6,4.46,0.924375,1.54,FALSE,6.031875000000001
2024,00-0037292,Andrew Ogletree,TE,11,25.900000000000002,25.010000000000005,0.8900000000000006,1,0.7600000000000001,0.08090909090909096,0.23999999999999988,FALSE,2.273636363636364
2024,00-0037525,Jordan Mason,RB,12,114.89999999999999,118.38999999999999,-3.490000000000003,3,5.5600000000000005,-0.29083333333333355,-2.5600000000000005,FALSE,9.865833333333333
2024,00-0037539,Lucas Krull,TE,11,35.4,35.480000000000004,-0.08000000000000096,0,0.14,-0.00727272727272736,-0.14,FALSE,3.225454545454546
2024,00-0037614,John Metchie III,WR,12,65.69999999999999,80.23999999999998,-14.54,1,2.21,-1.2116666666666667,-1.21,FALSE,6.686666666666665
2024,00-0037617,Hassan Haskins,RB,12,33.300000000000004,42.16,-8.859999999999998,3,4.2,-0.7383333333333332,-1.2000000000000002,FALSE,3.513333333333333
2024,00-0037654,Tucker Fisk,TE,8,13.400000000000002,16.990000000000002,-3.5900000000000007,0,0.67,-0.4487500000000001,-0.67,FALSE,2.1237500000000002
2024,00-0037664,Alec Pierce,WR,16,161.39999999999998,129.17000000000002,32.23,7,4.4,2.014375,2.5999999999999996,TRUE,8.073125000000001
2024,00-0037666,Jalen Tolbert,WR,17,152,138.65,13.35,7,4.91,0.7852941176470588,2.09,FALSE,8.155882352941177
2024,00-0037740,Garrett Wilson,WR,17,251.9,249.9,1.9999999999999964,7,7.050000000000002,0.1176470588235292,-0.0500000000000016,FALSE,14.700000000000001
2024,00-0037741,Jahan Dotson,WR,16,56.2,60.80999999999999,-4.610000000000001,1,1.47,-0.2881250000000001,-0.47,FALSE,3.8006249999999993
2024,00-0037744,Trey McBride,TE,16,243.79999999999998,267.96000000000004,-24.160000000000004,3,9.19,-1.5100000000000002,-6.1899999999999995,FALSE,16.747500000000002
2024,00-0037746,Brian Robinson,RB,17,190.9,215.25999999999996,-24.359999999999992,10,13.64,-1.4329411764705877,-3.6400000000000006,FALSE,12.662352941176469
2024,00-0037801,KaVontae Turpin,WR,15,92.2,96.24000000000001,-4.039999999999996,2,2.6000000000000005,-0.26933333333333304,-0.6000000000000005,FALSE,6.416
2024,00-0037805,Jeremy Ruckert,TE,13,28.5,42.42999999999999,-13.93,0,0.55,-1.0715384615384616,-0.55,FALSE,3.263846153846153
2024,00-0037809,Chig Okonkwo,TE,16,114,104.96999999999998,9.030000000000001,2,1.7200000000000004,0.5643750000000001,0.2799999999999996,FALSE,6.560624999999999
2024,00-0037816,Romeo Doubs,WR,14,135.4,134.12,1.2799999999999967,4,3.859999999999999,0.09142857142857119,0.140000000000001,FALSE,9.58
2024,00-0037834,Brock Purdy,QB,15,271.97999999999996,282.27,-10.29000000000001,25,29.15,-0.6860000000000006,-4.149999999999999,FALSE,18.817999999999998
2024,00-0037837,Calvin Austin III,WR,18,118.30000000000001,95.28999999999999,23.01,4,2.39,1.2783333333333333,1.6099999999999999,TRUE,5.293888888888889
2024,00-0037838,Isaiah Likely,TE,17,149.30000000000004,123.75999999999998,25.540000000000006,7,5.06,1.502352941176471,1.9400000000000004,TRUE,7.2799999999999985
2024,00-0037840,Kyren Williams,RB,18,299.8,292.8300000000001,6.969999999999995,17,14.400000000000002,0.38722222222222197,2.599999999999998,FALSE,16.268333333333338
2024,00-0038040,Zamir White,RB,8,29.299999999999997,47.199999999999996,-17.9,1,1.82,-2.2375,-0.8200000000000001,FALSE,5.8999999999999995
2024,00-0038041,Jake Ferguson,TE,14,104.39999999999999,132.43,-28.029999999999998,0,1.4600000000000002,-2.002142857142857,-1.4600000000000002,FALSE,9.459285714285715
2024,00-0038098,Pierre Strong,RB,11,35.199999999999996,42.71000000000001,-7.510000000000001,0,0.25,-0.6827272727272727,-0.25,FALSE,3.8827272727272732
2024,00-0038117,Wan'Dale Robinson,WR,17,182.70000000000002,200.18,-17.47999999999999,3,3.5100000000000002,-1.0282352941176465,-0.5100000000000002,FALSE,11.775294117647059
2024,00-0038120,Breece Hall,RB,16,240.9,237.04,3.860000000000004,8,7.1800000000000015,0.24125000000000024,0.8199999999999985,FALSE,14.815
2024,00-0038124,Christian Watson,WR,14,105.3,105.85000000000001,-0.5499999999999994,2,4.43,-0.03928571428571424,-2.4299999999999997,FALSE,7.560714285714286
2024,00-0038129,Cade Otton,TE,15,145.79999999999998,154.31,-8.510000000000002,4,5.300000000000001,-0.5673333333333335,-1.3000000000000007,FALSE,10.287333333333333
2024,00-0038134,Kenneth Walker III,RB,11,181.20000000000002,179.49,1.710000000000008,8,7.409999999999999,0.15545454545454618,0.5900000000000007,FALSE,16.317272727272726
2024,00-0038393,Dontayvion Wicks,WR,18,116.4,147.75000000000003,-31.349999999999994,5,5.03,-1.7416666666666663,-0.03000000000000025,FALSE,8.208333333333336
2024,00-0038396,Eric Gray,RB,10,19.3,32.32000000000001,-13.02,0,2.17,-1.302,-2.17,FALSE,3.2320000000000007
2024,00-0038496,Xavier Gipson,WR,8,16.4,20.34,-3.9400000000000013,1,0.76,-0.49250000000000016,0.24,FALSE,2.5425
2024,00-0038542,Bijan Robinson,RB,17,341.70000000000005,308.74,32.959999999999994,15,12.74,1.9388235294117644,2.26,TRUE,18.161176470588234
2024,00-0038543,Jaxon Smith-Njigba,WR,17,253,226.29,26.709999999999997,6,5.96,1.5711764705882352,0.040000000000000036,TRUE,13.311176470588235
2024,00-0038544,Quentin Johnston,WR,16,174.70000000000002,166.68999999999997,8.010000000000007,8,5.19,0.5006250000000004,2.8099999999999996,FALSE,10.418124999999998
2024,00-0038547,Luke Schoonmaker,TE,10,57.1,56.01,1.0900000000000016,1,0.8500000000000001,0.10900000000000017,0.1499999999999999,FALSE,5.601
2024,00-0038555,Tank Bigsby,RB,15,129.00000000000003,123.51999999999998,5.479999999999995,7,6.609999999999999,0.365333333333333,0.39000000000000057,FALSE,8.234666666666666
2024,00-0038558,Darnell Washington,TE,14,46.9,45.31,1.5899999999999985,1,1.24,0.11357142857142846,-0.24,FALSE,3.2364285714285717
2024,00-0038559,Michael Wilson,WR,16,124.50000000000003,124.36999999999999,0.13000000000000167,4,3.4,0.008125000000000104,0.6000000000000001,FALSE,7.773124999999999
2024,00-0038563,Tre Tucker,WR,17,129.3,132.93999999999997,-3.6399999999999997,4,2.75,-0.21411764705882352,1.25,FALSE,7.8199999999999985
2024,00-0038573,Derius Davis,WR,12,41.199999999999996,35.7,5.499999999999997,2,1.02,0.4583333333333331,0.98,FALSE,2.975
2024,00-0038579,Aidan O'Connell,QB,9,93.48,97.96,-4.48,9,8.76,-0.4977777777777778,0.2400000000000002,FALSE,10.884444444444444
2024,00-0038589,Josh Whyle,TE,14,60.800000000000004,54.77,6.030000000000001,1,1.2200000000000002,0.43071428571428577,-0.2200000000000002,FALSE,3.9121428571428574
2024,00-0038597,Chase Brown,RB,16,255.00000000000003,256.7,-1.7000000000000122,11,12.23,-0.10625000000000076,-1.2300000000000004,FALSE,16.04375
2024,00-0038606,Parker Washington,WR,12,90.99999999999999,87.06,3.9399999999999995,3,2.28,0.3283333333333333,0.7200000000000002,FALSE,7.255
2024,00-0038608,Kayshon Boutte,WR,15,121.9,109.72,12.18,3,2.2500000000000004,0.8119999999999999,0.7499999999999996,FALSE,7.314666666666667
2024,00-0038618,Xavier Hutchinson,WR,16,37.3,52.29,-14.990000000000002,0,1.3800000000000001,-0.9368750000000001,-1.3800000000000001,FALSE,3.268125
2024,00-0038619,Andrei Iosivas,WR,17,119.89999999999999,116.58000000000001,3.3199999999999994,6,5.01,0.19529411764705878,0.9900000000000002,FALSE,6.85764705882353
2024,00-0038621,Demario Douglas,WR,16,147.70000000000002,126.16999999999999,21.529999999999994,3,2.25,1.3456249999999996,0.75,TRUE,7.885624999999999
2024,00-0038640,Jalen Brooks,WR,12,35.7,53.480000000000004,-17.78,1,1.8800000000000001,-1.4816666666666667,-0.8800000000000001,FALSE,4.456666666666667
2024,00-0038685,Chris Brooks,RB,12,45.099999999999994,47.36,-2.2599999999999985,1,1.8,-0.1883333333333332,-0.8,FALSE,3.9466666666666668
2024,00-0038705,Emari Demercado,RB,13,54.7,42.15,12.549999999999999,1,0.45000000000000007,0.9653846153846153,0.5499999999999999,FALSE,3.2423076923076923
2024,00-0038720,Julian Hill,TE,12,22,35.67,-13.669999999999998,0,1.26,-1.1391666666666664,-1.26,FALSE,2.9725
2024,00-0038738,Hunter Luepke,RB,13,26.899999999999995,32.79,-5.89,0,0.8300000000000001,-0.45307692307692304,-0.8300000000000001,FALSE,2.522307692307692
2024,00-0038752,Jake Bobo,WR,11,29.700000000000003,30.519999999999996,-0.8200000000000003,1,0.78,-0.07454545454545457,0.21999999999999997,FALSE,2.774545454545454
2024,00-0038783,Nate Adkins,TE,12,43.5,25.15,18.35,3,0.81,1.5291666666666668,2.19,FALSE,2.095833333333333
2024,00-0038794,Jaleel McLaughlin,RB,17,98.00000000000001,108.58,-10.579999999999995,3,3.62,-0.6223529411764703,-0.6200000000000001,FALSE,6.3870588235294115
2024,00-0038797,Emanuel Wilson,RB,18,99.9,91.67999999999996,8.220000000000002,5,3.8499999999999996,0.4566666666666668,1.1500000000000004,FALSE,5.093333333333331
2024,00-0038824,Ryan Miller,WR,8,36.800000000000004,39.12,-2.320000000000001,2,1.8,-0.29000000000000015,0.19999999999999996,FALSE,4.89
2024,00-0038933,Dalton Kincaid,TE,16,113.9,142.63,-28.730000000000004,2,3.54,-1.7956250000000002,-1.54,FALSE,8.914375
2024,00-0038935,Brenton Strange,TE,14,91.10000000000001,86.23999999999998,4.860000000000001,2,2.2499999999999996,0.34714285714285725,-0.24999999999999956,FALSE,6.159999999999998
2024,00-0038938,Jalin Hyatt,WR,10,14.200000000000001,28.99,-14.79,0,0.32000000000000006,-1.4789999999999999,-0.32000000000000006,FALSE,2.899
2024,00-0038951,Sean Tucker,RB,11,68.70000000000002,48.2,20.5,3,1.8000000000000003,1.8636363636363635,1.1999999999999997,TRUE,4.381818181818182
2024,00-0038976,Marvin Mims Jr.,WR,17,132.60000000000002,99.05999999999999,33.54,6,2.3900000000000006,1.9729411764705882,3.6099999999999994,TRUE,5.827058823529411
2024,00-0038977,Tank Dell,WR,14,140,157.68000000000004,-17.68,3,4.99,-1.262857142857143,-1.9900000000000002,FALSE,11.262857142857145
2024,00-0038979,Cedric Tillman,WR,9,80.4,83.1,-2.699999999999997,3,2.4099999999999997,-0.29999999999999966,0.5900000000000003,FALSE,9.233333333333333
2024,00-0038994,Jordan Addison,WR,16,218.40000000000003,213.81999999999996,4.579999999999993,10,8.450000000000001,0.28624999999999956,1.549999999999999,FALSE,13.363749999999998
2024,00-0038996,Tucker Kraft,TE,18,171.89999999999998,125.54999999999998,46.35,7,3.6399999999999992,2.575,3.3600000000000008,TRUE,6.974999999999999
2024,00-0038997,Josh Downs,WR,14,182.19999999999996,170.31,11.88999999999999,5,3.9699999999999998,0.8492857142857135,1.0300000000000002,FALSE,12.165000000000001
2024,00-0038998,Jake Haener,QB,8,13.24,17.869999999999997,-4.63,1,1.59,-0.57875,-0.5900000000000001,FALSE,2.2337499999999997
2024,00-0039021,Roschon Johnson,RB,12,77.39999999999999,76.02,1.3799999999999994,6,4.72,0.11499999999999995,1.2800000000000002,FALSE,6.335
2024,00-0039032,Tyjae Spears,RB,12,113.59999999999998,98.55,15.050000000000004,5,2.9899999999999998,1.254166666666667,2.0100000000000002,FALSE,8.2125
2024,00-0039040,De'Von Achane,RB,17,299.90000000000003,274.92,24.979999999999997,12,11.88,1.4694117647058822,0.11999999999999922,TRUE,16.171764705882353
2024,00-0039041,Elijah Higgins,TE,14,49.199999999999996,41.77,7.430000000000002,2,1.2500000000000002,0.5307142857142859,0.7499999999999998,FALSE,2.983571428571429
2024,00-0039052,Trey Palmer,WR,10,35.2,38.47,-3.2700000000000005,1,0.8600000000000001,-0.32700000000000007,0.1399999999999999,FALSE,3.847
2024,00-0039062,Jonathan Mingo,WR,14,32.2,66.58000000000001,-34.38,0,0.96,-2.455714285714286,-0.96,FALSE,4.755714285714286
2024,00-0039064,Zay Flowers,WR,17,209.5,209.92,-0.41999999999999904,4,5.07,-0.02470588235294112,-1.0700000000000003,FALSE,12.348235294117647
2024,00-0039065,Sam LaPorta,TE,17,191.70000000000002,177.77,13.930000000000001,8,7.43,0.8194117647058824,0.5700000000000003,FALSE,10.457058823529412
2024,00-0039066,Michael Mayer,TE,11,36.6,48.67,-12.069999999999997,0,0.6100000000000001,-1.097272727272727,-0.6100000000000001,FALSE,4.424545454545455
2024,00-0039075,Puka Nacua,WR,13,232.4,229.96999999999997,2.430000000000007,4,5.219999999999999,0.18692307692307744,-1.2199999999999989,FALSE,17.689999999999998
2024,00-0039139,Jahmyr Gibbs,RB,18,388.3,327.3800000000001,60.919999999999995,21,17.01,3.384444444444444,3.9899999999999984,TRUE,18.187777777777782
2024,00-0039146,Jayden Reed,WR,18,205.59999999999997,146.42999999999998,59.16999999999999,7,3.9,3.2872222222222214,3.1,TRUE,8.134999999999998
2024,00-0039150,Bryce Young,QB,14,197.02000000000004,199.21,-2.189999999999994,21,21.13,-0.156428571428571,-0.129999999999999,FALSE,14.229285714285714
2024,00-0039152,Will Levis,QB,12,126.1,130.55999999999997,-4.459999999999996,13,10.53,-0.37166666666666637,2.4700000000000006,FALSE,10.879999999999997
2024,00-0039163,C.J. Stroud,QB,19,255.85999999999996,302.2599999999999,-46.39999999999999,21,27.220000000000006,-2.4421052631578943,-6.220000000000006,FALSE,15.908421052631573
2024,00-0039164,Anthony Richardson,QB,11,167.36,191.87000000000003,-24.510000000000012,14,16.09,-2.2281818181818194,-2.09,FALSE,17.442727272727275
2024,00-0039165,Zach Charbonnet,RB,17,182.1,167.86,14.240000000000006,9,6.69,0.8376470588235297,2.3099999999999996,FALSE,9.874117647058824
2024,00-0039236,Johnny Wilson,WR,10,14.8,30.029999999999998,-15.23,1,1.46,-1.5230000000000001,-0.45999999999999996,FALSE,3.0029999999999997
2024,00-0039325,Carson Steele,RB,12,23.899999999999995,49.22,-25.32,0,1.8800000000000003,-2.11,-1.8800000000000003,FALSE,4.101666666666667
2024,00-0039337,Malik Nabers,WR,15,273.6,271.2,2.3999999999999986,7,7.69,0.1599999999999999,-0.6900000000000004,FALSE,18.08
2024,00-0039338,Brock Bowers,TE,17,262.7,238.38,24.320000000000007,5,4.77,1.4305882352941182,0.23000000000000043,TRUE,14.02235294117647
2024,00-0039342,Xavier Legette,WR,15,125.1,142.3,-17.2,4,4.44,-1.1466666666666667,-0.4400000000000004,FALSE,9.486666666666668
2024,00-0039355,Luke McCaffrey,WR,13,34.8,42.31,-7.51,0,1.1,-0.5776923076923077,-1.1,FALSE,3.2546153846153847
2024,00-0039356,Ja'Tavion Sanders,TE,15,73.2,70.63000000000001,2.5699999999999985,1,1.9200000000000002,0.17133333333333323,-0.9200000000000002,FALSE,4.708666666666668
2024,00-0039359,Cade Stover,TE,14,41.099999999999994,44.82,-3.7200000000000006,1,0.76,-0.26571428571428574,0.24,FALSE,3.2014285714285715
2024,00-0039361,Bucky Irving,RB,18,260.70000000000005,237.66,23.040000000000013,9,11.25,1.2800000000000007,-2.25,TRUE,13.203333333333333
2024,00-0039363,Isaac Guerendo,RB,13,96.20000000000002,76.26,19.939999999999998,4,2.9999999999999996,1.5338461538461536,1.0000000000000004,FALSE,5.866153846153846
2024,00-0039373,Audric Estimé,RB,13,48.699999999999996,48.98000000000001,-0.27999999999999936,2,1.6400000000000001,-0.02153846153846149,0.3599999999999999,FALSE,3.7676923076923083
2024,00-0039384,Tyrone Tracy Jr.,RB,17,182.30000000000004,180.04999999999998,2.250000000000009,6,4.840000000000001,0.13235294117647112,1.1599999999999993,FALSE,10.591176470588234
2024,00-0039391,Kimani Vidal,RB,9,32.699999999999996,37.35,-4.65,1,0.7600000000000001,-0.5166666666666667,0.23999999999999988,FALSE,4.15
2024,00-0039424,Devaughn Vele,WR,14,106.49999999999999,97.35000000000002,9.15,3,2.6999999999999997,0.6535714285714286,0.30000000000000027,FALSE,6.95357142857143
2024,00-0039491,Jalen Coker,WR,11,92.56,78.30000000000001,14.259999999999998,2,2.5999999999999996,1.2963636363636362,-0.5999999999999996,FALSE,7.118181818181819
2024,00-0039623,Mason Tipton,WR,9,23.9,38.739999999999995,-14.84,0,0.4,-1.6488888888888888,-0.4,FALSE,4.304444444444444
2024,00-0039732,Bo Nix,QB,18,331.18000000000006,312.55000000000007,18.630000000000003,35,30.09,1.0350000000000001,4.91,FALSE,17.363888888888894
2024,00-0039738,Blake Corum,RB,14,33.5,47.300000000000004,-13.800000000000002,0,1.83,-0.9857142857142859,-1.83,FALSE,3.378571428571429
2024,00-0039793,AJ Barner,TE,14,78.5,64.72,13.780000000000005,4,2.06,0.9842857142857147,1.94,FALSE,4.622857142857143
2024,00-0039794,Braelon Allen,RB,17,85.19999999999999,85.92,-0.7200000000000004,3,1.72,-0.042352941176470614,1.28,FALSE,5.054117647058824
2024,00-0039798,Isaiah Davis,RB,9,45.900000000000006,35.81,10.09,2,0.9600000000000002,1.1211111111111112,1.0399999999999998,FALSE,3.978888888888889
2024,00-0039814,Erick All,TE,8,35.8,32.48,3.3200000000000016,0,0.13,0.4150000000000002,-0.13,FALSE,4.06
2024,00-0039847,Theo Johnson,TE,10,68.10000000000001,61.74,6.360000000000002,1,0.7000000000000001,0.6360000000000002,0.29999999999999993,FALSE,6.174
2024,00-0039849,Marvin Harrison Jr.,WR,17,196.50000000000003,217.51,-21.009999999999998,8,8.07,-1.2358823529411764,-0.07000000000000028,FALSE,12.794705882352941
2024,00-0039851,Drake Maye,QB,13,185.1,163.11,21.99,17,13.969999999999999,1.6915384615384614,3.030000000000001,TRUE,12.546923076923077
2024,00-0039855,Jalen McMillan,WR,14,141.49999999999997,119.86000000000001,21.64,8,4.680000000000001,1.5457142857142858,3.3199999999999994,TRUE,8.561428571428573
2024,00-0039868,Troy Franklin,WR,17,80.5,94.19,-13.690000000000003,3,2.6399999999999997,-0.805294117647059,0.3600000000000003,FALSE,5.540588235294117
2024,00-0039874,Jaylen Wright,RB,13,26.700000000000006,44.52,-17.820000000000004,0,0.7700000000000001,-1.370769230769231,-0.7700000000000001,FALSE,3.424615384615385
2024,00-0039875,Ray Davis,RB,19,125.7,101.81999999999998,23.880000000000006,7,4.25,1.2568421052631582,2.75,TRUE,5.358947368421052
2024,00-0039880,Malik Washington,WR,12,56.79999999999999,56.96,-0.16000000000000092,1,0.9600000000000001,-0.01333333333333341,0.039999999999999925,FALSE,4.746666666666667
2024,00-0039890,Adonai Mitchell,WR,17,53.76,100.15000000000002,-46.390000000000015,0,3.8,-2.7288235294117658,-3.8,FALSE,5.891176470588237
2024,00-0039893,Brian Thomas Jr.,WR,17,284,237.49,46.510000000000005,10,7.489999999999998,2.735882352941177,2.5100000000000016,TRUE,13.97
2024,00-0039894,Xavier Worthy,WR,19,253.7,228.64000000000001,25.059999999999995,12,8.6,1.3189473684210524,3.4000000000000004,TRUE,12.033684210526317
2024,00-0039901,Keon Coleman,WR,16,118.7,126.63999999999999,-7.940000000000001,4,6.21,-0.4962500000000001,-2.21,FALSE,7.914999999999999
2024,00-0039907,Ja'Lynn Polk,WR,13,32.699999999999996,53.81999999999999,-21.12,2,2.02,-1.6246153846153848,-0.020000000000000018,FALSE,4.14
2024,00-0039910,Jayden Daniels,QB,20,428.2,450.42999999999995,-22.229999999999997,37,44.39,-1.1115,-7.390000000000001,FALSE,22.521499999999996
2024,00-0039915,Ladd McConkey,WR,17,276.2,220.25,55.95,8,5.319999999999999,3.2911764705882356,2.6800000000000006,TRUE,12.955882352941176
2024,00-0039916,Ricky Pearsall,WR,10,93.5,85.83,7.6700000000000035,3,2.1300000000000003,0.7670000000000003,0.8699999999999997,FALSE,8.583
2024,00-0039918,Caleb Williams,QB,17,260.53999999999996,286.84999999999997,-26.310000000000006,20,25.149999999999995,-1.5476470588235298,-5.149999999999995,FALSE,16.873529411764704
2024,00-0039919,Rome Odunze,WR,17,144.9,180.23000000000002,-35.33,3,7.09,-2.078235294117647,-4.09,FALSE,10.601764705882355
2024,00-0039921,Trey Benson,RB,12,47,43.080000000000005,3.9200000000000004,1,0.9700000000000002,0.3266666666666667,0.029999999999999805,FALSE,3.5900000000000003
2024,NA,NA,NA,419,0,1210.2000000000005,-1210.2000000000005,0,50.83999999999997,-2.8883054892601443,-50.83999999999997,FALSE,2.8883054892601443
2025,00-0023459,Aaron Rodgers,QB,17,232.92,241.98,-9.059999999999995,25,27.240000000000002,-0.5329411764705879,-2.240000000000002,FALSE,14.234117647058824
2025,00-0026158,Joe Flacco,QB,13,151.98,170.58999999999997,-18.61000000000001,16,16.160000000000004,-1.4315384615384623,-0.1600000000000037,FALSE,13.12230769230769
2025,00-0026498,Matthew Stafford,QB,20,415.3200000000001,414.0400000000001,1.2799999999999976,52,53.230000000000004,0.06399999999999988,-1.230000000000004,FALSE,20.702000000000005
2025,00-0029604,Kirk Cousins,QB,10,103.54,114.92999999999998,-11.389999999999995,11,10.61,-1.1389999999999996,0.39000000000000057,FALSE,11.492999999999999
2025,00-0029892,Kyle Juszczyk,RB,17,67.7,61.470000000000006,6.23,2,2.6300000000000003,0.36647058823529416,-0.6300000000000003,FALSE,3.6158823529411768
2025,00-0030035,Adam Thielen,WR,15,44.099999999999994,59.41000000000001,-15.310000000000002,0,0.78,-1.0206666666666668,-0.78,FALSE,3.9606666666666674
2025,00-0030061,Zach Ertz,TE,13,126.4,125.2,1.199999999999994,4,3.25,0.09230769230769184,0.75,FALSE,9.63076923076923
2025,00-0030279,Keenan Allen,WR,18,188.2,212.92999999999998,-24.729999999999997,4,6.539999999999999,-1.3738888888888887,-2.539999999999999,FALSE,11.829444444444443
2025,00-0030506,Travis Kelce,TE,17,193.2,178.39999999999998,14.800000000000004,5,4.129999999999999,0.8705882352941179,0.870000000000001,FALSE,10.494117647058822
2025,00-0030564,DeAndre Hopkins,WR,17,67,67.48,-0.480000000000004,2,2.2799999999999994,-0.028235294117647292,-0.27999999999999936,FALSE,3.9694117647058826
2025,00-0030565,Geno Smith,QB,15,175.89999999999995,195.60000000000002,-19.70000000000001,19,18.869999999999997,-1.313333333333334,0.13000000000000256,FALSE,13.040000000000001
2025,00-0031236,Brandin Cooks,WR,15,64.7,75.97000000000001,-11.27,0,1.48,-0.7513333333333333,-1.48,FALSE,5.0646666666666675
2025,00-0031381,Davante Adams,WR,17,258.4,301.65999999999997,-43.260000000000005,15,17.03,-2.5447058823529414,-2.030000000000001,FALSE,17.74470588235294
2025,00-0031408,Mike Evans,WR,8,84.8,117.55999999999999,-32.75999999999999,3,4.12,-4.094999999999999,-1.12,FALSE,14.694999999999999
2025,00-0031588,Stefon Diggs,WR,21,241.29999999999998,205.79999999999998,35.500000000000014,5,5.170000000000001,1.6904761904761911,-0.17000000000000082,TRUE,9.799999999999999
2025,00-0031610,Darren Waller,TE,8,88.70000000000002,68.18,20.519999999999996,6,3.43,2.5649999999999995,2.57,TRUE,8.5225
2025,00-0031687,Raheem Mostert,RB,12,29.4,28.23,1.1700000000000006,0,0.45000000000000007,0.09750000000000004,-0.45000000000000007,FALSE,2.3525
2025,00-0032104,Ameer Abdullah,RB,12,37.9,35.39,2.509999999999998,1,1.01,0.2091666666666665,-0.010000000000000009,FALSE,2.9491666666666667
2025,00-0032211,Tyler Lockett,WR,17,67.1,78.94999999999999,-11.85,1,1.1300000000000001,-0.6970588235294117,-0.13000000000000012,FALSE,4.644117647058823
2025,00-0032268,Marcus Mariota,QB,10,127.50000000000001,153.43000000000004,-25.929999999999993,11,15.51,-2.592999999999999,-4.51,FALSE,15.343000000000004
2025,00-0032385,Sterling Shepard,WR,13,82,94.35000000000001,-12.349999999999998,1,2.5300000000000002,-0.9499999999999998,-1.5300000000000002,FALSE,7.2576923076923086
2025,00-0032392,Austin Hooper,TE,16,64.69999999999999,64.66999999999999,0.02999999999999936,2,2.57,0.00187499999999996,-0.5699999999999998,FALSE,4.041874999999999
2025,00-0032398,Chris Moore,WR,8,38.599999999999994,42.09,-3.4899999999999984,1,1.4300000000000002,-0.4362499999999998,-0.43000000000000016,FALSE,5.26125
2025,00-0032464,Kalif Raymond,WR,12,60.80000000000001,50.63999999999999,10.160000000000002,1,0.5700000000000001,0.8466666666666668,0.42999999999999994,FALSE,4.22
2025,00-0032764,Derrick Henry,RB,17,279.5,252.92,26.580000000000002,16,15.580000000000002,1.563529411764706,0.41999999999999815,TRUE,14.877647058823529
2025,00-0032775,Demarcus Robinson,WR,16,82.4,82.19,0.21000000000000396,2,2.899999999999999,0.013125000000000248,-0.899999999999999,FALSE,5.136875
2025,00-0033077,Dak Prescott,QB,17,313.78,354.78000000000003,-41,32,43.35,-2.411764705882353,-11.350000000000001,FALSE,20.869411764705884
2025,00-0033090,Hunter Henry,TE,21,205,195.25000000000003,9.75,8,7.749999999999998,0.4642857142857143,0.2500000000000018,FALSE,9.29761904761905
2025,00-0033106,Jared Goff,QB,17,302.62,276.44,26.179999999999993,34,29.659999999999997,1.5399999999999996,4.340000000000003,TRUE,16.261176470588236
2025,00-0033110,Tyler Higbee,TE,12,83.5,69.38000000000001,14.120000000000001,3,2.4799999999999995,1.1766666666666667,0.5200000000000005,FALSE,5.781666666666667
2025,00-0033119,Jacoby Brissett,QB,14,235.44,247.05,-11.609999999999998,24,27.049999999999997,-0.8292857142857141,-3.049999999999997,FALSE,17.646428571428572
2025,00-0033217,Mo Alie-Cox,TE,11,30.7,37.370000000000005,-6.669999999999998,1,1.51,-0.6063636363636362,-0.51,FALSE,3.397272727272728
2025,00-0033246,Johnny Mundt,TE,11,20.1,29.35,-9.25,0,0.29000000000000004,-0.8409090909090909,-0.29000000000000004,FALSE,2.6681818181818184
2025,00-0033280,Christian McCaffrey,RB,19,456.3999999999999,470.86999999999995,-14.469999999999997,19,22.28,-0.7615789473684209,-3.280000000000001,FALSE,24.782631578947367
2025,00-0033288,George Kittle,TE,12,163.1,128.46,34.64,7,4.779999999999999,2.8866666666666667,2.2200000000000006,TRUE,10.705
2025,00-0033293,Aaron Jones,RB,12,118.69999999999999,130.82999999999998,-12.130000000000003,3,3.39,-1.0108333333333335,-0.3900000000000001,FALSE,10.902499999999998
2025,00-0033307,Kendrick Bourne,WR,15,92.10000000000001,90.26999999999998,1.8299999999999992,0,1.1900000000000002,0.12199999999999994,-1.1900000000000002,FALSE,6.017999999999999
2025,00-0033357,Taysom Hill,QB,13,41.78000000000001,69.59,-27.81,2,4.949999999999999,-2.1392307692307693,-2.9499999999999993,FALSE,5.353076923076923
2025,00-0033375,Tim Patrick,WR,14,51.7,52.22000000000001,-0.5199999999999985,3,2.7799999999999994,-0.03714285714285703,0.22000000000000064,FALSE,3.730000000000001
2025,00-0033526,Samaje Perine,RB,14,77.89999999999999,82.41999999999999,-4.519999999999997,3,2.9499999999999997,-0.3228571428571426,0.050000000000000266,FALSE,5.887142857142856
2025,00-0033555,Mack Hollins,WR,16,138.3,134.29000000000002,4.010000000000005,3,3.7500000000000004,0.2506250000000003,-0.7500000000000004,FALSE,8.393125000000001
2025,00-0033854,Dare Ogunbowale,RB,9,24.1,33.28,-9.180000000000001,1,2.09,-1.0200000000000002,-1.0899999999999999,FALSE,3.697777777777778
2025,00-0033857,JuJu Smith-Schuster,WR,16,73.49999999999999,74.23,-0.7300000000000009,1,2.2899999999999996,-0.045625000000000054,-1.2899999999999996,FALSE,4.639375
2025,00-0033858,Jonnu Smith,TE,18,87.10000000000002,101.94000000000001,-14.840000000000003,3,2.7899999999999996,-0.8244444444444446,0.2100000000000004,FALSE,5.663333333333334
2025,00-0033873,Patrick Mahomes,QB,14,285.68,297.94999999999993,-12.270000000000001,27,33.160000000000004,-0.8764285714285716,-6.160000000000004,FALSE,21.28214285714285
2025,00-0033881,Evan Engram,TE,18,108.4,126.58999999999999,-18.19,1,2.2600000000000002,-1.0105555555555557,-1.2600000000000002,FALSE,7.032777777777778
2025,00-0033885,David Njoku,TE,11,86.3,74.22000000000001,12.079999999999998,4,2.09,1.098181818181818,1.9100000000000001,FALSE,6.747272727272729
2025,00-0033906,Alvin Kamara,RB,11,100.7,121.2,-20.500000000000004,1,2.38,-1.863636363636364,-1.38,FALSE,11.018181818181818
2025,00-0033908,Cooper Kupp,WR,19,153,159.64000000000001,-6.639999999999997,3,4.300000000000001,-0.34947368421052616,-1.3000000000000007,FALSE,8.402105263157896
2025,00-0033921,Chris Godwin Jr.,WR,9,83,86.2,-3.1999999999999975,2,2.64,-0.3555555555555553,-0.6400000000000001,FALSE,9.577777777777778
2025,00-0033923,Kareem Hunt,RB,17,145.4,146.67999999999998,-1.2800000000000042,9,8.399999999999999,-0.07529411764705907,0.6000000000000014,FALSE,8.628235294117646
2025,00-0033955,Jeremy McNichols,RB,16,72.70000000000002,71.5,1.1999999999999995,1,1.1500000000000001,0.07499999999999997,-0.15000000000000013,FALSE,4.46875
2025,00-0034159,Will Dissly,TE,8,20.7,23.080000000000002,-2.3800000000000017,0,0.060000000000000005,-0.2975000000000002,-0.060000000000000005,FALSE,2.8850000000000002
2025,00-0034272,Marquez Valdes-Scantling,WR,10,37.6,56.120000000000005,-18.52,1,1.8000000000000003,-1.8519999999999999,-0.8000000000000003,FALSE,5.612
2025,00-0034348,Courtland Sutton,WR,19,239.7,243.20999999999998,-3.5099999999999945,8,8.219999999999999,-0.18473684210526287,-0.21999999999999886,FALSE,12.800526315789472
2025,00-0034351,Dallas Goedert,TE,16,204.50000000000003,167.07,37.42999999999999,13,6.84,2.3393749999999995,6.16,TRUE,10.441875
2025,00-0034383,Dalton Schultz,TE,19,188.6,182.98000000000002,5.620000000000006,3,4.73,0.2957894736842109,-1.7300000000000004,FALSE,9.630526315789474
2025,00-0034521,Allen Lazard,WR,9,23.000000000000004,30.180000000000003,-7.18,1,1.9500000000000004,-0.7977777777777777,-0.9500000000000004,FALSE,3.3533333333333335
2025,00-0034613,Tanner Hudson,TE,10,47.800000000000004,41.410000000000004,6.390000000000001,2,1.6800000000000002,0.639,0.31999999999999984,FALSE,4.141
2025,00-0034753,Mark Andrews,TE,17,131,141.45000000000002,-10.450000000000001,6,7.099999999999999,-0.6147058823529412,-1.0999999999999988,FALSE,8.32058823529412
2025,00-0034775,Christian Kirk,WR,13,96.30000000000001,106.49000000000001,-10.190000000000001,3,3.1099999999999985,-0.783846153846154,-0.10999999999999854,FALSE,8.191538461538462
2025,00-0034791,Nick Chubb,RB,17,94.50000000000001,108.65000000000002,-14.150000000000006,3,3.79,-0.832352941176471,-0.79,FALSE,6.391176470588237
2025,00-0034796,Lamar Jackson,QB,13,220.85999999999999,209.42000000000004,11.440000000000003,23,20.98,0.8800000000000002,2.0199999999999996,FALSE,16.109230769230773
2025,00-0034827,DJ Moore,WR,19,205.57999999999996,198.89000000000001,6.6899999999999915,10,7.98,0.3521052631578943,2.0199999999999996,FALSE,10.467894736842107
2025,00-0034829,Mike Gesicki,TE,12,70.7,79.11,-8.410000000000004,2,3.2699999999999996,-0.7008333333333336,-1.2699999999999996,FALSE,6.5925
2025,00-0034844,Saquon Barkley,RB,17,248.39999999999998,277.94999999999993,-29.549999999999997,9,10.77,-1.7382352941176469,-1.7699999999999996,FALSE,16.349999999999994
2025,00-0034855,Baker Mayfield,QB,17,277.9200000000001,287.77,-9.850000000000003,27,26.34,-0.5794117647058825,0.6600000000000001,FALSE,16.927647058823528
2025,00-0034857,Josh Allen,QB,18,417.1999999999999,375.87999999999994,41.320000000000014,45,37.19,2.2955555555555565,7.810000000000002,TRUE,20.882222222222218
2025,00-0034869,Sam Darnold,QB,20,293.7,294.31,-0.6100000000000065,30,32.19,-0.030500000000000325,-2.1899999999999977,FALSE,14.7155
2025,00-0034960,Jakobi Meyers,WR,17,178,205.76999999999998,-27.77,3,5.94,-1.633529411764706,-2.9400000000000004,FALSE,12.104117647058823
2025,00-0034975,Justice Hill,RB,9,65.2,53.72,11.479999999999999,3,1.02,1.2755555555555553,1.98,FALSE,5.9688888888888885
2025,00-0035125,Alec Ingold,RB,9,14.100000000000001,16.39,-2.290000000000001,0,0.09,-0.25444444444444453,-0.09,FALSE,1.8211111111111111
2025,00-0035208,Olamide Zaccheaus,WR,16,94.5,117.65999999999998,-23.16,3,3.1100000000000003,-1.4475,-0.11000000000000032,FALSE,7.353749999999999
2025,00-0035229,T.J. Hockenson,TE,15,112.80000000000001,108.69999999999999,4.100000000000001,3,3.27,0.27333333333333343,-0.27,FALSE,7.246666666666666
2025,00-0035249,Josh Oliver,TE,12,54.999999999999986,33.89,21.11,4,1.32,1.7591666666666665,2.6799999999999997,TRUE,2.8241666666666667
2025,00-0035250,Devin Singletary,RB,17,108.8,112.50999999999999,-3.7099999999999937,5,6.109999999999999,-0.2182352941176467,-1.1099999999999994,FALSE,6.618235294117646
2025,00-0035261,Tony Pollard,RB,17,185.79999999999995,184.04999999999998,1.7499999999999964,5,4.48,0.10294117647058802,0.5199999999999996,FALSE,10.826470588235294
2025,00-0035359,David Sills,WR,12,49.1,61.62,-12.519999999999998,2,1.68,-1.0433333333333332,0.32000000000000006,FALSE,5.135
2025,00-0035406,Lil'Jordan Humphrey,WR,9,47.39999999999999,55.87,-8.469999999999999,2,2.32,-0.941111111111111,-0.31999999999999984,FALSE,6.207777777777777
2025,00-0035500,Greg Dortch,WR,12,75.10000000000002,58.370000000000005,16.730000000000004,4,1.6199999999999999,1.394166666666667,2.38,FALSE,4.864166666666667
2025,00-0035535,Darius Slayton,WR,14,98.8,109.95,-11.15,1,3.23,-0.7964285714285715,-2.23,FALSE,7.853571428571429
2025,00-0035537,Ty Johnson,RB,17,97.1,95.90999999999998,1.190000000000004,5,5.09,0.07000000000000023,-0.08999999999999986,FALSE,5.641764705882352
2025,00-0035631,Drew Sample,TE,11,31.9,29.19,2.7099999999999995,1,0.4100000000000001,0.2463636363636363,0.5899999999999999,FALSE,2.653636363636364
2025,00-0035640,DK Metcalf,WR,16,193.39999999999998,188.21999999999994,5.179999999999999,7,6.62,0.3237499999999999,0.3799999999999999,FALSE,11.763749999999996
2025,00-0035644,Noah Fant,TE,13,74.8,67.94,6.859999999999998,3,2.1500000000000004,0.5276923076923075,0.8499999999999996,FALSE,5.226153846153846
2025,00-0035659,Terry McLaurin,WR,10,114.2,100.97999999999999,13.220000000000006,3,3.1,1.3220000000000005,-0.10000000000000009,FALSE,10.097999999999999
2025,00-0035662,Marquise Brown,WR,16,137.7,126.69000000000001,11.01,5,4.109999999999999,0.688125,0.8900000000000006,FALSE,7.918125000000001
2025,00-0035676,A.J. Brown,WR,16,223.8,219.29000000000005,4.510000000000005,7,5.5,0.2818750000000003,1.5,FALSE,13.705625000000003
2025,00-0035685,David Montgomery,RB,17,164.92,165.21999999999997,-0.3000000000000014,9,10.18,-0.01764705882352949,-1.1799999999999997,FALSE,9.718823529411763
2025,00-0035689,Dawson Knox,TE,18,115.9,109.92,5.980000000000001,4,4.460000000000001,0.3322222222222223,-0.46000000000000085,FALSE,6.1066666666666665
2025,00-0035700,Josh Jacobs,RB,16,243.9,247.93,-4.029999999999987,14,12.780000000000001,-0.2518749999999992,1.2199999999999989,FALSE,15.495625
2025,00-0035710,Daniel Jones,QB,13,231.86,243.68999999999997,-11.829999999999998,24,25.89,-0.9099999999999999,-1.8900000000000006,FALSE,18.745384615384612
2025,00-0035719,Deebo Samuel Sr.,WR,16,188.20000000000002,180.46,7.739999999999997,6,5.09,0.4837499999999998,0.9100000000000001,FALSE,11.27875
2025,00-0036040,Juwan Johnson,TE,17,179.9,154.25999999999996,25.64,3,2.0700000000000003,1.5082352941176471,0.9299999999999997,TRUE,9.074117647058822
2025,00-0036139,Rico Dowdle,RB,18,218.80000000000004,205.35000000000002,13.450000000000005,7,5.790000000000002,0.7472222222222225,1.2099999999999982,FALSE,11.408333333333335
2025,00-0036158,J.K. Dobbins,RB,10,115.9,108.84,7.060000000000001,4,3.8200000000000003,0.7060000000000002,0.17999999999999972,FALSE,10.884
2025,00-0036182,Nick Westbrook-Ikhine,WR,9,19.9,29.92,-10.020000000000001,0,0.31,-1.1133333333333335,-0.31,FALSE,3.3244444444444445
2025,00-0036212,Tua Tagovailoa,QB,14,162.42000000000002,172.17,-9.749999999999996,20,16.8,-0.6964285714285712,3.1999999999999993,FALSE,12.297857142857142
2025,00-0036223,Jonathan Taylor,RB,17,362.29999999999995,305.8500000000001,56.45,20,15.44,3.320588235294118,4.5600000000000005,TRUE,17.99117647058824
2025,00-0036244,Colby Parkinson,TE,17,158.99999999999997,147.04,11.959999999999999,9,8.08,0.7035294117647058,0.9199999999999999,FALSE,8.649411764705881
2025,00-0036252,Michael Pittman,WR,17,203.29999999999998,196.75,6.549999999999997,7,5.279999999999999,0.3852941176470587,1.7200000000000006,FALSE,11.573529411764707
2025,00-0036259,Jauan Jennings,WR,17,188.26,185.78000000000003,2.4799999999999995,10,7.389999999999999,0.14588235294117644,2.610000000000001,FALSE,10.928235294117648
2025,00-0036264,Jordan Love,QB,16,269.15999999999997,254.84,14.32,27,26.470000000000002,0.895,0.5299999999999976,FALSE,15.9275
2025,00-0036275,D'Andre Swift,RB,18,252.49999999999997,240.57,11.929999999999998,11,9.899999999999997,0.6627777777777777,1.1000000000000032,FALSE,13.365
2025,00-0036290,Cole Kmet,TE,18,90.89999999999999,94.13,-3.230000000000002,3,2.630000000000001,-0.17944444444444457,0.3699999999999992,FALSE,5.229444444444444
2025,00-0036309,Darnell Mooney,WR,15,82.30000000000001,126.06,-43.76,1,3.09,-2.917333333333333,-2.09,FALSE,8.404
2025,00-0036322,Justin Jefferson,WR,17,201.5,249.13999999999996,-47.64,2,8.55,-2.8023529411764705,-6.550000000000001,FALSE,14.655294117647056
2025,00-0036355,Justin Herbert,QB,17,300.94,322.14,-21.200000000000003,28,33.550000000000004,-1.247058823529412,-5.550000000000004,FALSE,18.949411764705882
2025,00-0036358,CeeDee Lamb,WR,13,200.89999999999998,223.32999999999998,-22.429999999999993,3,7.79,-1.7253846153846149,-4.79,FALSE,17.179230769230767
2025,00-0036389,Jalen Hurts,QB,17,315.17999999999995,312.78,2.400000000000013,34,29.430000000000003,0.14117647058823604,4.569999999999997,FALSE,18.398823529411764
2025,00-0036407,Jerry Jeudy,WR,17,120.7,157.62,-36.92,2,2.85,-2.171764705882353,-0.8500000000000001,FALSE,9.271764705882353
2025,00-0036410,Tee Higgins,WR,15,211.6,176.74,34.86000000000001,11,6.38,2.3240000000000003,4.62,TRUE,11.782666666666668
2025,00-0036415,Van Jefferson,WR,14,70,80.77000000000001,-10.770000000000003,1,1.33,-0.7692857142857145,-0.33000000000000007,FALSE,5.769285714285715
2025,00-0036422,Adam Trautman,TE,12,45.5,40.46999999999999,5.030000000000002,1,0.7000000000000001,0.41916666666666685,0.29999999999999993,FALSE,3.372499999999999
2025,00-0036427,Tyler Johnson,WR,9,37.7,27.450000000000003,10.249999999999998,1,0.46,1.1388888888888886,0.54,FALSE,3.0500000000000003
2025,00-0036442,Joe Burrow,QB,8,134.22,140.97,-6.7499999999999964,17,16.619999999999997,-0.8437499999999996,0.38000000000000256,FALSE,17.62125
2025,00-0036550,Rashod Bateman,WR,13,55.400000000000006,69.61999999999999,-14.22,2,2.4099999999999997,-1.093846153846154,-0.4099999999999997,FALSE,5.355384615384614
2025,00-0036554,Nico Collins,WR,16,231.29999999999998,232.07999999999998,-0.7800000000000029,7,7.8500000000000005,-0.04875000000000018,-0.8500000000000005,FALSE,14.504999999999999
2025,00-0036555,Chuba Hubbard,RB,16,145.29999999999998,148.40000000000003,-3.100000000000004,6,4.86,-0.19375000000000026,1.1399999999999997,FALSE,9.275000000000002
2025,00-0036613,Jaylen Waddle,WR,16,194.11999999999995,178.57999999999998,15.539999999999996,6,4.449999999999999,0.9712499999999997,1.5500000000000007,FALSE,11.161249999999999
2025,00-0036626,Dyami Brown,WR,11,49.69999999999999,79.81999999999998,-30.120000000000005,1,3.66,-2.7381818181818187,-2.66,FALSE,7.256363636363634
2025,00-0036628,John Bates,TE,9,27.3,27.9,-0.5999999999999988,1,0.9500000000000001,-0.06666666666666653,0.04999999999999993,FALSE,3.0999999999999996
2025,00-0036637,Noah Gray,TE,13,38.8,59.10000000000001,-20.3,0,0.8800000000000001,-1.5615384615384615,-0.8800000000000001,FALSE,4.546153846153847
2025,00-0036727,Adam Prentice,RB,14,16.000000000000004,23.459999999999997,-7.46,0,1.2300000000000002,-0.5328571428571428,-1.2300000000000002,FALSE,1.6757142857142855
2025,00-0036741,Jack Stoll,TE,8,16.599999999999998,16.060000000000002,0.54,1,0.37000000000000005,0.0675,0.6299999999999999,FALSE,2.0075000000000003
2025,00-0036849,Tutu Atwell,WR,8,31.199999999999996,27.990000000000002,3.2099999999999995,1,0.53,0.40124999999999994,0.47,FALSE,3.4987500000000002
2025,00-0036875,Rhamondre Stevenson,RB,18,229.10000000000002,204.96000000000004,24.14,10,8.950000000000001,1.3411111111111111,1.049999999999999,TRUE,11.386666666666668
2025,00-0036887,Luke Farrell,TE,11,30.6,29.04,1.5599999999999992,2,1.01,0.14181818181818173,0.99,FALSE,2.64
2025,00-0036894,Pat Freiermuth,TE,16,116.4,93.22,23.180000000000007,4,2.65,1.4487500000000004,1.35,TRUE,5.82625
2025,00-0036900,Ja'Marr Chase,WR,16,313.59999999999997,306.5199999999999,7.080000000000009,8,6.8100000000000005,0.44250000000000056,1.1899999999999995,FALSE,19.157499999999995
2025,00-0036912,DeVonta Smith,WR,18,216.79999999999998,208.91,7.889999999999995,4,4.84,0.4383333333333331,-0.8399999999999999,FALSE,11.606111111111112
2025,00-0036919,Kenneth Gainwell,RB,18,229.9,223.78000000000003,6.119999999999999,8,9.3,0.33999999999999997,-1.3000000000000007,FALSE,12.432222222222224
2025,00-0036924,Michael Carter,RB,13,99.00000000000001,119.87999999999998,-20.880000000000003,1,3.0999999999999996,-1.6061538461538463,-2.0999999999999996,FALSE,9.22153846153846
2025,00-0036945,Justin Fields,QB,9,144.22,130.98000000000002,13.240000000000006,11,8.77,1.4711111111111117,2.2300000000000004,FALSE,14.553333333333335
2025,00-0036963,Amon-Ra St. Brown,WR,17,323.99999999999994,327.89000000000004,-3.889999999999999,11,11.5,-0.22882352941176465,-0.5,FALSE,19.28764705882353
2025,00-0036970,Kyle Pitts,TE,17,210.8,190.96999999999997,19.830000000000005,5,3.4500000000000006,1.1664705882352944,1.5499999999999994,FALSE,11.233529411764705
2025,00-0036971,Trevor Lawrence,QB,18,359.56000000000006,385.9100000000001,-26.350000000000005,41,41.879999999999995,-1.4638888888888892,-0.8799999999999955,FALSE,21.439444444444447
2025,00-0036972,Mac Jones,QB,12,134.89999999999998,134.03,0.8700000000000025,13,12.31,0.07250000000000022,0.6899999999999995,FALSE,11.169166666666667
2025,00-0036973,Travis Etienne,RB,18,276.5,255.26999999999998,21.229999999999997,14,10.720000000000002,1.1794444444444443,3.2799999999999976,TRUE,14.181666666666665
2025,00-0036980,Elijah Moore,WR,10,29.999999999999996,36.46,-6.460000000000002,1,0.6300000000000001,-0.6460000000000001,0.3699999999999999,FALSE,3.646
2025,00-0036988,Josh Palmer,WR,12,52.30000000000001,68.15,-15.850000000000001,0,1.79,-1.3208333333333335,-1.79,FALSE,5.679166666666667
2025,00-0036997,Javonte Williams,RB,16,242.80000000000004,262.96,-20.16,13,14.620000000000001,-1.26,-1.620000000000001,FALSE,16.435
2025,00-0037005,Tommy Tremble,TE,16,69.10000000000001,59.29,9.81,2,1.1,0.613125,0.8999999999999999,FALSE,3.705625
2025,00-0037085,Tyler Badie,RB,16,37.50000000000001,53.17,-15.67,0,1.3,-0.979375,-1.3,FALSE,3.323125
2025,00-0037086,Grant Calcaterra,TE,8,22.6,22.7,-0.10000000000000053,1,0.8999999999999999,-0.012500000000000067,0.10000000000000009,FALSE,2.8375
2025,00-0037091,Bo Melton,DB,8,24.200000000000003,23.69,0.5099999999999996,1,0.32,0.06374999999999995,0.6799999999999999,FALSE,2.96125
2025,00-0037112,Jake Tonges,TE,11,104.60000000000002,92.71000000000001,11.890000000000002,5,2.789999999999999,1.080909090909091,2.210000000000001,FALSE,8.42818181818182
2025,00-0037157,Bam Knight,RB,10,92.89999999999999,110.55,-17.649999999999995,5,6.17,-1.7649999999999995,-1.17,FALSE,11.055
2025,00-0037197,Isiah Pacheco,RB,13,87.3,104.65999999999998,-17.36,2,2.82,-1.3353846153846154,-0.8199999999999998,FALSE,8.05076923076923
2025,00-0037228,Jaylen Warren,RB,17,222.79999999999998,215.54000000000002,7.259999999999998,8,9.92,0.42705882352941166,-1.92,FALSE,12.678823529411765
2025,00-0037238,Drake London,WR,12,201.9,201.51,0.38999999999999835,7,6.090000000000001,0.03249999999999986,0.9099999999999993,FALSE,16.7925
2025,00-0037239,Chris Olave,WR,16,267.99999999999994,256.33000000000004,11.669999999999995,9,7.199999999999999,0.7293749999999997,1.8000000000000007,FALSE,16.020625000000003
2025,00-0037240,Jameson Williams,WR,17,219.1,191.21,27.890000000000008,7,4.479999999999999,1.6405882352941181,2.5200000000000014,TRUE,11.24764705882353
2025,00-0037247,George Pickens,WR,17,289.90000000000003,260.84999999999997,29.050000000000004,9,10.290000000000001,1.7088235294117649,-1.290000000000001,TRUE,15.344117647058821
2025,00-0037248,James Cook,RB,19,323.40000000000003,283.26000000000005,40.14000000000001,14,11.690000000000001,2.1126315789473686,2.3099999999999987,TRUE,14.908421052631581
2025,00-0037252,Greg Dulcich,TE,9,62.80000000000001,59.6,3.2,1,1.81,0.35555555555555557,-0.81,FALSE,6.622222222222223
2025,00-0037256,Rachaad White,RB,17,143,154.67,-11.670000000000002,4,6.249999999999999,-0.6864705882352942,-2.249999999999999,FALSE,9.098235294117647
2025,00-0037261,Khalil Shakir,WR,18,197.79999999999998,180.41999999999996,17.38,4,2.7699999999999996,0.9655555555555555,1.2300000000000004,FALSE,10.023333333333332
2025,00-0037263,Tyler Allgeier,RB,17,122.99999999999999,120.9,2.100000000000003,8,6.770000000000001,0.12352941176470607,1.2299999999999986,FALSE,7.111764705882353
2025,00-0037267,Jerome Ford,RB,13,43.60000000000001,60.38,-16.779999999999998,0,1.6900000000000004,-1.2907692307692307,-1.6900000000000004,FALSE,4.644615384615385
2025,00-0037291,Jalen Nailor,WR,17,100.7,101.68000000000002,-0.9800000000000031,4,4.66,-0.05764705882352959,-0.6600000000000001,FALSE,5.981176470588236
2025,00-0037304,Connor Heyward,TE,11,27.4,25.769999999999996,1.6300000000000006,3,2.83,0.14818181818181822,0.16999999999999993,FALSE,2.3427272727272723
2025,00-0037306,John FitzPatrick,TE,10,25.2,27.529999999999994,-2.330000000000001,1,1.32,-0.2330000000000001,-0.32000000000000006,FALSE,2.7529999999999992
2025,00-0037525,Jordan Mason,RB,16,128.90000000000003,118.75,10.150000000000002,6,5.249999999999999,0.6343750000000001,0.7500000000000009,FALSE,7.421875
2025,00-0037545,Rashid Shaheed,WR,21,157.59999999999997,177.92999999999998,-20.33,2,4.09,-0.968095238095238,-2.09,FALSE,8.472857142857142
2025,00-0037563,Malik Davis,RB,9,40.6,42.27000000000001,-1.6699999999999977,2,2.06,-0.1855555555555553,-0.06000000000000005,FALSE,4.696666666666668
2025,00-0037614,John Metchie III,WR,12,71.89999999999999,69.10000000000001,2.800000000000004,2,1.02,0.23333333333333364,0.98,FALSE,5.758333333333334
2025,00-0037664,Alec Pierce,WR,15,183.29999999999998,169.64999999999998,13.65,6,5.57,0.91,0.4299999999999997,FALSE,11.309999999999999
2025,00-0037666,Jalen Tolbert,WR,11,46.300000000000004,63.56,-17.259999999999998,1,2.38,-1.5690909090909089,-1.38,FALSE,5.778181818181818
2025,00-0037741,Jahan Dotson,WR,15,50.199999999999996,63.550000000000004,-13.35,1,1.9000000000000001,-0.89,-0.9000000000000001,FALSE,4.236666666666667
2025,00-0037742,Treylon Burks,WR,8,29.000000000000004,41.05,-12.05,1,2.06,-1.50625,-1.06,FALSE,5.13125
2025,00-0037744,Trey McBride,TE,17,315.9,301.91,13.989999999999997,11,10.87,0.8229411764705881,0.13000000000000078,FALSE,17.759411764705884
2025,00-0037746,Brian Robinson,RB,17,64.20000000000002,73.95000000000002,-9.75,2,2.6599999999999997,-0.5735294117647058,-0.6599999999999997,FALSE,4.350000000000001
2025,00-0037801,KaVontae Turpin,WR,15,84.5,77.46000000000001,7.039999999999998,2,1.9200000000000004,0.4693333333333332,0.07999999999999963,FALSE,5.164000000000001
2025,00-0037805,Jeremy Ruckert,TE,13,45.8,42.2,3.6000000000000005,1,0.9000000000000001,0.27692307692307694,0.09999999999999987,FALSE,3.246153846153846
2025,00-0037809,Chig Okonkwo,TE,17,124.00000000000001,113.43000000000002,10.57,2,1.1300000000000001,0.621764705882353,0.8699999999999999,FALSE,6.672352941176472
2025,00-0037816,Romeo Doubs,WR,17,191.8,189.37,2.4300000000000006,7,8.149999999999999,0.14294117647058827,-1.1499999999999986,FALSE,11.139411764705883
2025,00-0037834,Brock Purdy,QB,11,204.76,214.11999999999995,-9.359999999999989,25,24.509999999999998,-0.8509090909090898,0.490000000000002,FALSE,19.46545454545454
2025,00-0037837,Calvin Austin III,WR,15,89.99999999999999,96.33000000000001,-6.330000000000001,3,2.13,-0.42200000000000004,0.8700000000000001,FALSE,6.422000000000001
2025,00-0037838,Isaiah Likely,TE,11,61.7,61.040000000000006,0.6600000000000001,1,1.91,0.06000000000000001,-0.9099999999999999,FALSE,5.54909090909091
2025,00-0037840,Kyren Williams,RB,20,320.59999999999997,291.78000000000003,28.820000000000004,17,14.3,1.4410000000000003,2.6999999999999993,TRUE,14.589000000000002
2025,00-0038041,Jake Ferguson,TE,17,188.09999999999997,200.91000000000003,-12.810000000000006,8,9.240000000000002,-0.7535294117647062,-1.240000000000002,FALSE,11.818235294117649
2025,00-0038046,Charlie Kolar,TE,11,36.199999999999996,29.419999999999998,6.779999999999999,2,0.8300000000000001,0.6163636363636363,1.17,FALSE,2.6745454545454543
2025,00-0038090,Skyy Moore,WR,10,15.1,16.05,-0.9500000000000001,0,0.13,-0.095,-0.13,FALSE,1.605
2025,00-0038104,Tyquan Thornton,WR,11,80.80000000000001,76.42,4.380000000000001,3,4.12,0.39818181818181825,-1.12,FALSE,6.947272727272727
2025,00-0038115,Daniel Bellinger,TE,12,59.599999999999994,48.989999999999995,10.61,2,1.97,0.8841666666666667,0.030000000000000027,FALSE,4.0825
2025,00-0038117,Wan'Dale Robinson,WR,16,217.9,217.03,0.8699999999999983,4,4.32,0.054374999999999896,-0.3200000000000003,FALSE,13.564375
2025,00-0038120,Breece Hall,RB,16,207.66000000000003,196.31,11.350000000000007,6,4.990000000000001,0.7093750000000004,1.009999999999999,FALSE,12.269375
2025,00-0038124,Christian Watson,WR,11,145,123.17999999999999,21.819999999999993,7,4.92,1.983636363636363,2.08,TRUE,11.198181818181817
2025,00-0038129,Cade Otton,TE,15,122.19999999999999,128.7,-6.500000000000007,1,1.82,-0.4333333333333338,-0.8200000000000001,FALSE,8.58
2025,00-0038134,Kenneth Walker III,RB,20,266.6,253.43999999999997,13.159999999999998,9,9.76,0.6579999999999999,-0.7599999999999998,FALSE,12.671999999999999
2025,00-0038359,Xavier Smith,WR,10,48.300000000000004,43.86,4.4399999999999995,0,0.9500000000000001,0.44399999999999995,-0.9500000000000001,FALSE,4.386
2025,00-0038393,Dontayvion Wicks,WR,13,75.8,82.16,-6.36,2,2.51,-0.48923076923076925,-0.5099999999999998,FALSE,6.319999999999999
2025,00-0038440,Zavier Scott,RB,9,39.20000000000001,41.28,-2.079999999999998,1,1.01,-0.23111111111111088,-0.010000000000000009,FALSE,4.586666666666667
2025,00-0038454,Keaton Mitchell,RB,12,55.400000000000006,53.059999999999995,2.340000000000003,1,1.5400000000000003,0.19500000000000026,-0.5400000000000003,FALSE,4.421666666666666
2025,00-0038542,Bijan Robinson,RB,17,370.8,327.59,43.21,11,9.559999999999999,2.541764705882353,1.4400000000000013,TRUE,19.27
2025,00-0038543,Jaxon Smith-Njigba,WR,20,408.8,343.72999999999996,65.07,12,9.889999999999999,3.2535,2.110000000000001,TRUE,17.1865
2025,00-0038544,Quentin Johnston,WR,14,176.20000000000005,164.39999999999998,11.8,8,5.58,0.8428571428571429,2.42,FALSE,11.742857142857142
2025,00-0038547,Luke Schoonmaker,TE,14,27.199999999999996,36.54,-9.34,0,0.63,-0.6671428571428571,-0.63,FALSE,2.61
2025,00-0038555,Tank Bigsby,RB,12,55.699999999999996,55.99999999999999,-0.2999999999999985,2,3.769999999999999,-0.024999999999999873,-1.7699999999999991,FALSE,4.666666666666666
2025,00-0038558,Darnell Washington,TE,13,73.4,77.36999999999999,-3.9700000000000015,1,2.4399999999999995,-0.3053846153846155,-1.4399999999999995,FALSE,5.951538461538461
2025,00-0038559,Michael Wilson,WR,17,220.6,216.32999999999998,4.270000000000003,7,6.33,0.2511764705882355,0.6699999999999999,FALSE,12.725294117647058
2025,00-0038563,Tre Tucker,WR,17,161.70000000000002,155.14,6.559999999999999,5,3.8099999999999996,0.3858823529411764,1.1900000000000004,FALSE,9.125882352941176
2025,00-0038597,Chase Brown,RB,17,280.3,275.81,4.489999999999998,11,9.229999999999999,0.26411764705882346,1.7700000000000014,FALSE,16.224117647058822
2025,00-0038606,Parker Washington,WR,16,196.6,203.42000000000002,-6.819999999999997,6,6.370000000000001,-0.4262499999999998,-0.370000000000001,FALSE,12.713750000000001
2025,00-0038608,Kayshon Boutte,WR,18,155.89999999999998,122.83,33.06999999999999,7,3.9999999999999996,1.8372222222222219,3.0000000000000004,TRUE,6.823888888888889
2025,00-0038611,Chris Rodriguez Jr.,RB,12,92,93.06,-1.059999999999996,6,7.460000000000001,-0.088333333333333,-1.4600000000000009,FALSE,7.755
2025,00-0038618,Xavier Hutchinson,WR,18,110.50000000000001,125.33000000000001,-14.830000000000004,3,3.1,-0.8238888888888891,-0.10000000000000009,FALSE,6.962777777777778
2025,00-0038619,Andrei Iosivas,WR,15,89.89999999999999,102.94999999999999,-13.050000000000002,2,2.7700000000000005,-0.8700000000000002,-0.7700000000000005,FALSE,6.863333333333332
2025,00-0038621,DeMario Douglas,WR,20,118.19999999999999,105.39999999999999,12.8,4,3.2099999999999986,0.64,0.7900000000000014,FALSE,5.27
2025,00-0038679,Tyrell Shavers,WR,11,47.900000000000006,41.57,6.329999999999999,1,0.62,0.5754545454545453,0.38,FALSE,3.7790909090909093
2025,00-0038685,Chris Brooks,RB,15,36.400000000000006,40.7,-4.300000000000001,0,0.58,-0.28666666666666674,-0.58,FALSE,2.7133333333333334
2025,00-0038705,Emari Demercado,RB,11,58.300000000000004,58.11,0.19000000000000217,1,1.8800000000000001,0.01727272727272747,-0.8800000000000001,FALSE,5.282727272727272
2025,00-0038720,Julian Hill,TE,11,31.000000000000004,31.619999999999997,-0.6200000000000017,0,0.51,-0.05636363636363651,-0.51,FALSE,2.8745454545454545
2025,00-0038738,Hunter Luepke,RB,11,37,35.7,1.2999999999999987,1,1.24,0.11818181818181807,-0.24,FALSE,3.2454545454545456
2025,00-0038794,Jaleel McLaughlin,RB,10,35.8,38.01,-2.209999999999999,1,0.8200000000000001,-0.22099999999999992,0.17999999999999994,FALSE,3.8009999999999997
2025,00-0038797,Emanuel Wilson,RB,17,94.80000000000001,103.39000000000003,-8.590000000000002,3,4.259999999999999,-0.5052941176470589,-1.259999999999999,FALSE,6.081764705882355
2025,00-0038839,Mitchell Tinsley,WR,8,31.600000000000005,44.45,-12.85,2,2.11,-1.60625,-0.10999999999999988,FALSE,5.55625
2025,00-0038840,Brycen Tremayne,WR,9,29.999999999999996,28.740000000000002,1.259999999999999,0,0.53,0.13999999999999987,-0.53,FALSE,3.1933333333333334
2025,00-0038933,Dalton Kincaid,TE,14,158.20000000000002,113.45000000000002,44.75000000000001,7,3.5500000000000003,3.196428571428572,3.4499999999999997,TRUE,8.10357142857143
2025,00-0038935,Brenton Strange,TE,13,120.90000000000002,115.44999999999999,5.450000000000006,3,3.24,0.41923076923076974,-0.2400000000000002,FALSE,8.88076923076923
2025,00-0038951,Sean Tucker,RB,14,91.4,89.44,1.960000000000003,8,6.890000000000001,0.1400000000000002,1.1099999999999994,FALSE,6.388571428571429
2025,00-0038976,Marvin Mims Jr.,WR,17,122.50000000000001,111.8,10.699999999999996,3,2.5099999999999993,0.6294117647058821,0.49000000000000066,FALSE,6.576470588235294
2025,00-0038979,Cedric Tillman,WR,12,60,62.67,-2.670000000000003,2,1.6500000000000001,-0.22250000000000025,0.34999999999999987,FALSE,5.2225
2025,00-0038994,Jordan Addison,WR,14,133.1,142.35,-9.25,4,5.2299999999999995,-0.6607142857142857,-1.2299999999999995,FALSE,10.167857142857143
2025,00-0038996,Tucker Kraft,TE,8,117.19999999999999,71.10999999999999,46.09,6,1.8499999999999999,5.76125,4.15,TRUE,8.888749999999998
2025,00-0038997,Josh Downs,WR,16,135.7,135.59,0.11000000000000476,4,2.729999999999999,0.0068750000000002975,1.270000000000001,FALSE,8.474375
2025,00-0039032,Tyjae Spears,RB,13,111.7,110.8,0.9000000000000006,2,2.55,0.06923076923076928,-0.5499999999999998,FALSE,8.523076923076923
2025,00-0039040,De'Von Achane,RB,16,322.1,266.02000000000004,56.08,12,6.570000000000001,3.505,5.429999999999999,TRUE,16.626250000000002
2025,00-0039041,Elijah Higgins,TE,15,58.099999999999994,57.64,0.4600000000000031,0,1.0400000000000003,0.030666666666666873,-1.0400000000000003,FALSE,3.8426666666666667
2025,00-0039064,Zay Flowers,WR,17,243.3,205.05,38.25,6,4.03,2.25,1.9699999999999998,TRUE,12.061764705882354
2025,00-0039065,Sam LaPorta,TE,9,106.9,80.06,26.839999999999996,3,1.3399999999999999,2.9822222222222217,1.6600000000000001,TRUE,8.895555555555555
2025,00-0039066,Michael Mayer,TE,12,73.8,75.55,-1.7500000000000018,1,1.4000000000000004,-0.14583333333333348,-0.40000000000000036,FALSE,6.295833333333333
2025,00-0039067,Rashee Rice,WR,8,150.10000000000002,144.85999999999996,5.240000000000004,6,6.3,0.6550000000000005,-0.2999999999999998,FALSE,18.107499999999995
2025,00-0039074,Davis Allen,TE,15,62.800000000000004,63.41,-0.6099999999999977,3,2.7799999999999994,-0.04066666666666651,0.22000000000000064,FALSE,4.227333333333333
2025,00-0039075,Puka Nacua,WR,19,452.59999999999997,382.78,69.82,14,10.82,3.6747368421052626,3.1799999999999997,TRUE,20.146315789473682
2025,00-0039139,Jahmyr Gibbs,RB,17,366.6,305.48,61.120000000000005,18,10.680000000000001,3.595294117647059,7.3199999999999985,TRUE,17.96941176470588
2025,00-0039144,Luke Musgrave,TE,14,51.09999999999999,52.650000000000006,-1.5500000000000005,0,0.5900000000000001,-0.11071428571428575,-0.5900000000000001,FALSE,3.760714285714286
2025,00-0039150,Bryce Young,QB,17,242.96,245.25000000000006,-2.289999999999994,27,24.580000000000002,-0.13470588235294081,2.419999999999998,FALSE,14.426470588235297
2025,00-0039163,C.J. Stroud,QB,16,226.12,242.02,-15.900000000000002,22,23.059999999999995,-0.9937500000000001,-1.0599999999999952,FALSE,15.12625
2025,00-0039165,Zach Charbonnet,RB,17,183.4,183.1,0.29999999999999805,12,11.710000000000003,0.017647058823529297,0.28999999999999737,FALSE,10.770588235294117
2025,00-0039338,Brock Bowers,TE,12,176.20000000000005,149.54999999999998,26.650000000000013,7,6.049999999999999,2.2208333333333345,0.9500000000000011,TRUE,12.462499999999999
2025,00-0039342,Xavier Legette,WR,16,91.10000000000001,114.97999999999999,-23.880000000000006,3,4.049999999999999,-1.4925000000000004,-1.049999999999999,FALSE,7.186249999999999
2025,00-0039356,Ja'Tavion Sanders,TE,11,54,56.43000000000001,-2.429999999999997,1,1.72,-0.22090909090909064,-0.72,FALSE,5.130000000000001
2025,00-0039359,Cade Stover,TE,8,25.4,34.69,-9.29,0,0.74,-1.16125,-0.74,FALSE,4.33625
2025,00-0039361,Bucky Irving,RB,10,138.49999999999997,139.14999999999998,-0.649999999999995,4,2.62,-0.0649999999999995,1.38,FALSE,13.914999999999997
2025,00-0039376,Spencer Rattler,QB,9,101.14,121.36000000000001,-20.219999999999995,8,10.840000000000002,-2.246666666666666,-2.8400000000000016,FALSE,13.484444444444446
2025,00-0039379,Jamari Thrash,WR,8,20.700000000000003,19.57,1.1299999999999997,0,0.07,0.14124999999999996,-0.07,FALSE,2.44625
2025,00-0039384,Tyrone Tracy Jr.,RB,15,160.79999999999998,166.56,-5.759999999999995,4,4.09,-0.3839999999999997,-0.08999999999999986,FALSE,11.104000000000001
2025,00-0039391,Kimani Vidal,RB,13,125,147.66000000000003,-22.659999999999993,4,7.229999999999999,-1.7430769230769225,-3.2299999999999986,FALSE,11.35846153846154
2025,00-0039410,Ryan Flournoy,WR,13,114,102.71000000000001,11.289999999999997,4,3.48,0.8684615384615383,0.52,FALSE,7.900769230769232
2025,00-0039424,Devaughn Vele,WR,9,66.3,66.86000000000001,-0.5599999999999996,2,2.1299999999999994,-0.06222222222222218,-0.12999999999999945,FALSE,7.42888888888889
2025,00-0039451,Isaiah Williams,WR,9,48.699999999999996,48.71000000000001,-0.009999999999998455,0,0.28,-0.0011111111111109394,-0.28,FALSE,5.412222222222223
2025,00-0039491,Jalen Coker,WR,12,116.79999999999998,93.03,23.769999999999996,4,2.0700000000000003,1.980833333333333,1.9299999999999997,TRUE,7.7525
2025,00-0039530,Brevyn Spann-Ford,TE,10,24,24.38,-0.37999999999999945,1,0.7100000000000001,-0.037999999999999944,0.2899999999999999,FALSE,2.4379999999999997
2025,00-0039732,Bo Nix,QB,18,330.90000000000003,348.35,-17.45000000000001,33,34.220000000000006,-0.969444444444445,-1.220000000000006,FALSE,19.352777777777778
2025,00-0039738,Blake Corum,RB,20,142.8,142.86000000000004,-0.06000000000000072,6,7.139999999999999,-0.003000000000000036,-1.1399999999999988,FALSE,7.1430000000000025
2025,00-0039739,Roman Wilson,WR,9,38.6,33.620000000000005,4.98,2,0.76,0.5533333333333333,1.24,FALSE,3.735555555555556
2025,00-0039746,Will Shipley,RB,12,21.1,26.84,-5.74,0,0.29000000000000004,-0.47833333333333333,-0.29000000000000004,FALSE,2.236666666666667
2025,00-0039751,Jordan Whittington,WR,14,41.8,45.239999999999995,-3.4399999999999995,0,0.65,-0.2457142857142857,-0.65,FALSE,3.231428571428571
2025,00-0039793,AJ Barner,TE,20,166.20000000000005,139.43000000000004,26.770000000000007,8,5.889999999999999,1.3385000000000002,2.110000000000001,TRUE,6.971500000000002
2025,00-0039796,Rasheen Ali,RB,8,24.2,19.709999999999997,4.489999999999998,1,0.23000000000000004,0.5612499999999998,0.77,FALSE,2.4637499999999997
2025,00-0039798,Isaiah Davis,RB,15,71.2,61.679999999999986,9.52,1,0.8900000000000001,0.6346666666666666,0.10999999999999988,FALSE,4.111999999999999
2025,00-0039847,Theo Johnson,TE,15,127.80000000000003,126.84999999999998,0.9499999999999984,5,4.64,0.06333333333333323,0.3600000000000003,FALSE,8.456666666666665
2025,00-0039849,Marvin Harrison Jr.,WR,12,125.80000000000003,139.17,-13.369999999999992,4,5.390000000000001,-1.114166666666666,-1.3900000000000006,FALSE,11.597499999999998
2025,00-0039851,Drake Maye,QB,21,426.88,397.90000000000003,28.979999999999997,42,41.050000000000004,1.38,0.9499999999999957,TRUE,18.94761904761905
2025,00-0039868,Troy Franklin,WR,17,177.09999999999997,194.17,-17.06999999999999,6,6.7299999999999995,-1.004117647058823,-0.7299999999999995,FALSE,11.421764705882353
2025,00-0039874,Jaylen Wright,RB,9,48.20000000000001,57.650000000000006,-9.450000000000001,2,2.54,-1.05,-0.54,FALSE,6.405555555555556
2025,00-0039875,Ray Davis,RB,14,61,63.00000000000001,-2.0000000000000018,2,2.78,-0.142857142857143,-0.7799999999999998,FALSE,4.500000000000001
2025,00-0039880,Malik Washington,WR,17,110.7,116.91000000000001,-6.209999999999997,4,3.6300000000000003,-0.36529411764705866,0.36999999999999966,FALSE,6.877058823529413
2025,00-0039890,Adonai Mitchell,WR,16,87.89999999999999,116.14000000000001,-28.24,2,2.899999999999999,-1.765,-0.899999999999999,FALSE,7.258750000000001
2025,00-0039893,Brian Thomas Jr.,WR,15,148.89999999999998,176.50999999999996,-27.61,4,5.65,-1.8406666666666667,-1.6500000000000004,FALSE,11.767333333333331
2025,00-0039894,Xavier Worthy,WR,14,109.9,133.07999999999998,-23.18,1,3.32,-1.6557142857142857,-2.32,FALSE,9.505714285714285
2025,00-0039901,Keon Coleman,WR,14,114.99999999999999,121.42999999999999,-6.43,5,4.43,-0.45928571428571424,0.5700000000000003,FALSE,8.673571428571428
2025,00-0039912,Ben Sinnott,TE,8,28.400000000000002,19.93,8.470000000000002,1,0.33999999999999997,1.0587500000000003,0.66,FALSE,2.49125
2025,00-0039915,Ladd McConkey,WR,17,187.1,190.43,-3.330000000000001,6,6.379999999999999,-0.19588235294117654,-0.379999999999999,FALSE,11.201764705882354
2025,00-0039916,Ricky Pearsall,WR,10,88.6,97.83000000000001,-9.230000000000002,0,2.1100000000000003,-0.9230000000000003,-2.1100000000000003,FALSE,9.783000000000001
2025,00-0039917,Michael Penix Jr.,QB,9,124.28,126.72999999999999,-2.4500000000000046,10,10.65,-0.27222222222222275,-0.6500000000000004,FALSE,14.08111111111111
2025,00-0039918,Caleb Williams,QB,19,357.93999999999994,380.44,-22.499999999999986,35,38.11,-1.1842105263157887,-3.1099999999999994,FALSE,20.02315789473684
2025,00-0039919,Rome Odunze,WR,14,156.9,196.13,-39.230000000000004,6,7.279999999999999,-2.8021428571428575,-1.2799999999999994,FALSE,14.009285714285713
2025,00-0039920,Malachi Corley,WR,12,31.6,30.209999999999997,1.3900000000000015,0,0.86,0.11583333333333345,-0.86,FALSE,2.5174999999999996
2025,00-0039923,J.J. McCarthy,QB,10,129.38,152.25999999999996,-22.879999999999995,15,18.06,-2.2879999999999994,-3.0599999999999987,FALSE,15.225999999999996
2025,00-0040009,Savion Williams,WR,11,25.499999999999996,23.080000000000002,2.419999999999999,1,0.5700000000000001,0.21999999999999992,0.42999999999999994,FALSE,2.098181818181818
2025,00-0040078,Brashard Smith,RB,15,63.300000000000004,84.53,-21.229999999999997,1,2.8400000000000003,-1.415333333333333,-1.8400000000000003,FALSE,5.6353333333333335
2025,00-0040122,Ashton Jeanty,RB,17,245.10000000000005,248.95999999999998,-3.859999999999993,10,7.48,-0.22705882352941137,2.5199999999999996,FALSE,14.64470588235294
2025,00-0040124,Tetairoa McMillan,WR,18,226.4,215.71,10.690000000000003,7,6.339999999999999,0.593888888888889,0.660000000000001,FALSE,11.98388888888889
2025,00-0040126,Colston Loveland,TE,18,198.4,197.51999999999998,0.8800000000000008,6,5.890000000000001,0.04888888888888893,0.10999999999999943,FALSE,10.973333333333333
2025,00-0040128,Tyler Warren,TE,17,188.49999999999997,213.52999999999997,-25.029999999999998,5,8.59,-1.4723529411764704,-3.59,FALSE,12.560588235294116
2025,00-0040129,Emeka Egbuka,WR,17,195.7,237.49,-41.79,6,6.91,-2.458235294117647,-0.9100000000000001,FALSE,13.97
2025,00-0040130,Jayden Higgins,WR,19,148.3,140.71,7.590000000000003,6,3.99,0.3994736842105265,2.01,FALSE,7.405789473684211
2025,00-0040131,Kyle Williams,WR,16,52.6,46.62,5.98,3,0.99,0.37375,2.01,FALSE,2.91375
2025,00-0040134,Pat Bryant,WR,14,82.3,89.63,-7.3300000000000045,1,2.1700000000000004,-0.5235714285714289,-1.1700000000000004,FALSE,6.402142857142857
2025,00-0040138,Jaylin Noel,WR,16,68.4,63.970000000000006,4.429999999999998,2,1.8200000000000003,0.27687499999999987,0.17999999999999972,FALSE,3.9981250000000004
2025,00-0040142,Kaleb Johnson,RB,10,8.799999999999999,18.19,-9.390000000000002,0,0.39,-0.9390000000000003,-0.39,FALSE,1.8190000000000002
2025,00-0040162,Dylan Sampson,RB,15,87.60000000000001,89.37,-1.7700000000000007,2,1.5100000000000002,-0.11800000000000005,0.48999999999999977,FALSE,5.958
2025,00-0040164,Jaylin Lane,WR,13,39.199999999999996,55.18,-15.980000000000002,0,1.36,-1.2292307692307693,-1.36,FALSE,4.2446153846153845
2025,00-0040170,Elic Ayomanor,WR,16,116.5,138.81,-22.310000000000002,4,3.3000000000000003,-1.3943750000000001,0.6999999999999997,FALSE,8.675625
2025,00-0040187,Mitchell Evans,TE,14,48.199999999999996,48.49,-0.2899999999999987,2,2.07,-0.020714285714285623,-0.06999999999999984,FALSE,3.4635714285714285
2025,00-0040189,Oronde Gadsden II,TE,16,137.4,126.14999999999996,11.249999999999996,3,4.210000000000001,0.7031249999999998,-1.2100000000000009,FALSE,7.884374999999998
2025,00-0040194,Jackson Hawes,TE,13,52.699999999999996,38.39,14.309999999999999,3,1.75,1.1007692307692307,1.25,FALSE,2.953076923076923
2025,00-0040198,Ollie Gordon II,RB,16,54.1,59.81999999999999,-5.719999999999999,4,3.77,-0.35749999999999993,0.22999999999999998,FALSE,3.7387499999999996
2025,00-0040202,Devin Neal,RB,9,60,55.29,4.7100000000000035,2,1.03,0.5233333333333338,0.97,FALSE,6.1433333333333335
2025,00-0040218,Jimmy Horn Jr.,WR,11,28.7,30.000000000000004,-1.300000000000002,0,0.3,-0.11818181818181837,-0.3,FALSE,2.7272727272727275
2025,00-0040236,Kyle Monangai,RB,19,163.8,179.37999999999997,-15.579999999999997,5,7.709999999999999,-0.8199999999999998,-2.709999999999999,FALSE,9.441052631578946
2025,00-0040237,Tez Johnson,WR,15,92.4,85.3,7.1,5,2.5799999999999996,0.47333333333333333,2.4200000000000004,FALSE,5.6866666666666665
2025,00-0040238,LeQuint Allen Jr.,RB,15,27,30.01,-3.0100000000000007,0,0.6799999999999999,-0.20066666666666672,-0.6799999999999999,FALSE,2.0006666666666666
2025,00-0040242,Jacory Croskey-Merritt,RB,17,140.29999999999998,132.82,7.479999999999999,8,6.749999999999999,0.43999999999999995,1.2500000000000009,FALSE,7.812941176470588
2025,00-0040581,Dont'e Thornton Jr.,WR,11,23.5,51.5,-28.000000000000004,0,1.04,-2.545454545454546,-1.04,FALSE,4.681818181818182
2025,00-0040582,Arian Smith,WR,12,13.5,25.27,-11.770000000000001,0,0.4800000000000001,-0.9808333333333334,-0.4800000000000001,FALSE,2.1058333333333334
2025,00-0040583,Woody Marks,RB,18,165.90000000000003,199.63,-33.72999999999999,6,8.859999999999998,-1.8738888888888883,-2.8599999999999977,FALSE,11.090555555555556
2025,00-0040584,Gunnar Helm,TE,16,91.7,86.49999999999999,5.200000000000006,2,2.3699999999999997,0.3250000000000004,-0.36999999999999966,FALSE,5.406249999999999
2025,00-0040590,Konata Mumpfield,WR,12,30.400000000000002,53.779999999999994,-23.380000000000003,1,2.1100000000000003,-1.9483333333333335,-1.1100000000000003,FALSE,4.4816666666666665
2025,00-0040644,Trevor Etienne,RB,9,14.099999999999998,18.459999999999997,-4.359999999999999,0,0.99,-0.4844444444444444,-0.99,FALSE,2.0511111111111107
2025,00-0040663,Harold Fannin Jr.,TE,16,186.4,158.58,27.82,7,3.38,1.73875,3.62,TRUE,9.91125
2025,00-0040666,Omarion Hampton,RB,10,135.6,134.03000000000003,1.5699999999999905,5,5.4,0.15699999999999906,-0.40000000000000036,FALSE,13.403000000000002
2025,00-0040667,Matthew Golden,WR,15,88.4,86.86000000000001,1.5399999999999991,1,1.6700000000000004,0.10266666666666661,-0.6700000000000004,FALSE,5.7906666666666675
2025,00-0040668,Shedeur Sanders,QB,8,86.06,79.16,6.900000000000004,8,5.73,0.8625000000000005,2.2699999999999996,FALSE,9.895
2025,00-0040669,Isaac TeSlaa,WR,14,75.9,61.440000000000005,14.459999999999999,6,4.6000000000000005,1.0328571428571427,1.3999999999999995,FALSE,4.388571428571429
2025,00-0040676,Cam Ward,QB,17,200.66000000000003,205.05,-4.390000000000002,17,17.700000000000003,-0.2582352941176472,-0.7000000000000028,FALSE,12.061764705882354
2025,00-0040691,Jaxson Dart,QB,14,243.58,219.96999999999997,23.61,24,21.929999999999996,1.6864285714285714,2.070000000000004,TRUE,15.712142857142855
2025,00-0040704,Dillon Gabriel,QB,9,70.08,74.74,-4.659999999999999,7,7.579999999999999,-0.5177777777777777,-0.5799999999999992,FALSE,8.304444444444444
2025,00-0040705,Chimere Dike,WR,17,116.10000000000001,129.57,-13.470000000000002,4,4.459999999999999,-0.7923529411764707,-0.4599999999999991,FALSE,7.621764705882352
2025,00-0040715,Cam Skattebo,RB,8,127.70000000000002,115.19999999999999,12.5,7,5.199999999999999,1.5625,1.8000000000000007,FALSE,14.399999999999999
2025,00-0040719,Bhayshul Tuten,RB,16,93.7,84.35999999999999,9.339999999999998,7,4.829999999999999,0.5837499999999999,2.170000000000001,FALSE,5.272499999999999
2025,00-0040727,Tre Harris,WR,17,73.39999999999999,73.16000000000001,0.24000000000000066,1,1.4400000000000002,0.014117647058823568,-0.44000000000000017,FALSE,4.303529411764707
2025,00-0040729,Jack Bech,WR,12,42.4,40.86,1.5399999999999991,0,0.39,0.12833333333333327,-0.39,FALSE,3.405
2025,00-0040730,RJ Harvey,RB,19,228.1,216,12.100000000000003,12,8.43,0.6368421052631581,3.5700000000000003,FALSE,11.368421052631579
2025,00-0040734,TreVeyon Henderson,RB,21,222.09999999999997,209.00000000000003,13.099999999999996,10,8.29,0.6238095238095236,1.7100000000000009,FALSE,9.952380952380954
2025,00-0040735,Luther Burden III,WR,17,140.10000000000002,124.91,15.189999999999996,2,2.08,0.8935294117647057,-0.08000000000000007,FALSE,7.347647058823529
2025,00-0040736,Mason Taylor,TE,13,88.89999999999998,98.72999999999999,-9.830000000000002,1,1.6900000000000002,-0.7561538461538463,-0.6900000000000002,FALSE,7.594615384615384
2025,00-0040737,Terrance Ferguson,TE,13,55,72.73,-17.729999999999997,3,4.2700000000000005,-1.3638461538461537,-1.2700000000000005,FALSE,5.594615384615385
2025,00-0040739,Elijah Arroyo,TE,13,36.9,50.97,-14.07,1,1.82,-1.0823076923076924,-0.8200000000000001,FALSE,3.920769230769231
2025,00-0040743,Tyler Shough,QB,11,159.95999999999998,149.64,10.320000000000002,13,11.21,0.9381818181818183,1.7899999999999991,FALSE,13.603636363636362
2025,00-0040782,Isaiah Bond,WR,15,52.6,72.86000000000001,-20.259999999999998,0,2.4099999999999997,-1.3506666666666665,-2.4099999999999997,FALSE,4.857333333333334
2025,00-0040784,Quinshon Judkins,RB,14,169.8,180.85,-11.050000000000002,7,6.300000000000001,-0.7892857142857145,0.6999999999999993,FALSE,12.917857142857143
2025,NA,NA,NA,423,0,1274.4199999999996,-1274.4199999999996,0,52.36999999999997,-3.0128132387706845,-52.36999999999997,FALSE,3.0128132387706845
